idx,t,px,py,pz,vx,vy,vz,ax,ay,az,yaw,mode,ledr,ledg,ledb
0,0.0,13.5,-3.0,0.0,-5.831417708741814e-20,-6.50393869586383e-20,0.019030436776039605,6.997701250490177e-19,7.804726435036596e-19,-0.5155652413124753,0,70,255.0,255.0,255.0
1,0.05,13.5,-3.0,0.0003090957239374257,-2.682452146021234e-20,-2.991811800097362e-20,-0.006625999083021784,5.598161000392142e-19,6.243781148029276e-19,-0.5106921930499801,0,70,255.0,255.0,255.0
2,0.1,13.5,-3.0,-0.0006585390347500995,-2.3325670834967233e-21,-2.6015754783455325e-21,-0.03203878252895842,4.198620750294106e-19,4.682835861021957e-19,-0.5058191447874851,0,70,255.0,255.0,255.0
3,0.15000000000000002,13.5,-3.0,-0.0028907216554063375,1.5161686042728722e-20,1.6910240609245973e-20,-0.0572079135617703,2.7990805001960703e-19,3.121890574014637e-19,-0.50094609652499,0,70,255.0,255.0,255.0
4,0.2,13.5,-3.0,-0.006375269517375051,2.5658237918463974e-20,2.8617330261800846e-20,-0.08213339218145743,1.3995402500980352e-19,1.5609452870073186e-19,-0.49607304826249493,0,70,255.0,255.0,255.0
5,0.25,13.5,-3.0,-0.0111,2.915708854370907e-20,3.251969347931915e-20,-0.1068152183880198,0.0,0.0,-0.49119999999999986,0,70,255.0,255.0,255.0
6,0.30000000000000004,13.5,-3.0,-0.017052730482624956,2.5658237918463974e-20,2.8617330261800846e-20,-0.13125339218145746,-1.3995402500980366e-19,-1.5609452870073205e-19,-0.48632695173750495,0,70,255.0,255.0,255.0
7,0.35000000000000003,13.5,-3.0,-0.02422127834459367,1.5161686042728704e-20,1.691024060924595e-20,-0.15544791356177032,-2.799080500196072e-19,-3.1218905740146395e-19,-0.4814539034750101,0,70,255.0,255.0,255.0
8,0.4,13.5,-3.0,-0.032593460965249905,-2.3325670834967353e-21,-2.6015754783455385e-21,-0.17939878252895844,-4.1986207502941065e-19,-4.682835861021959e-19,-0.4765808552125152,0,70,255.0,255.0,255.0
9,0.45,13.5,-3.0,-0.04215709572393743,-2.6824521460212363e-20,-2.991811800097363e-20,-0.20310599908302182,-5.598161000392142e-19,-6.243781148029277e-19,-0.47170780695002035,0,70,255.0,255.0,255.0
10,0.5,13.5,-3.0,-0.0529,-5.831417708741814e-20,-6.50393869586383e-20,-0.22656956322396044,-6.997701250490176e-19,-7.804726435036597e-19,-0.4668347586875261,0,70,255.0,255.0,255.0
11,0.55,13.5,-3.0,-0.06480937379343764,-7.580843021364358e-20,-8.455120304622981e-20,-0.24975243219114862,6.7407548053553255e-34,5.7777898331617076e-34,-0.46048000000000017,0,70,255.0,255.0,255.0
12,0.6000000000000001,13.5,-3.0,-0.07786994758687528,-5.831417708741808e-20,-6.503938695863824e-20,-0.27261756322396047,6.997701250490189e-19,7.804726435036608e-19,-0.4541252413124742,0,70,255.0,255.0,255.0
13,0.65,13.5,-3.0,-0.09206583448359407,-5.831417708741793e-21,-6.503938695863831e-21,-0.29516495632239603,1.3995402500980354e-18,1.5609452870073195e-18,-0.44777048262494834,0,70,255.0,255.0,255.0
14,0.7000000000000001,13.5,-3.0,-0.10738114758687527,8.163984792238554e-20,9.105514174209378e-20,-0.3173946114864553,2.099310375147054e-18,2.34141793051098e-18,-0.4414157239374224,0,70,255.0,255.0,255.0
15,0.75,13.5,-3.0,-0.1238,2.0409961980596348e-19,2.2763785435523407e-19,-0.3393065287161383,2.7990805001960707e-18,3.121890574014639e-18,-0.4350609652498987,0,70,255.0,255.0,255.0
16,0.8,13.5,-3.0,-0.14130657434362454,2.775754829361103e-19,3.0958748192311837e-19,-0.3609048790539482,1.3995402500980092e-19,1.5609452870072983e-19,-0.42887304826249545,0,70,255.0,255.0,255.0
17,0.8500000000000001,13.5,-3.0,-0.15988533130790536,2.180950223069436e-19,2.4324730722530707e-19,-0.3821938335423879,-2.519172450176469e-18,-2.8097015166131794e-18,-0.42268513127509216,0,70,255.0,255.0,255.0
18,0.9,13.5,-3.0,-0.17952080110037383,2.5658237918463842e-20,2.861733026180081e-20,-0.40317339218145737,-5.178298925362733e-18,-5.775497561927083e-18,-0.41649721428768893,0,70,255.0,255.0,255.0
19,0.9500000000000001,13.5,-3.0,-0.20019751392856158,-2.9973487022932983e-19,-3.3430244896740153e-19,-0.4238435549711568,-7.837425400549002e-18,-8.741293607240991e-18,-0.4103092973002857,0,70,255.0,255.0,255.0
20,1.0,13.5,-3.0,-0.2219,-7.580843021364359e-19,-8.45512030462298e-19,-0.444204321911486,-1.0496551875735266e-17,-1.1707089652554895e-17,-0.4041213803128829,0,70,255.0,255.0,255.0
21,1.05,13.5,-3.0,-0.24461232883206424,-1.034493501530798e-18,-1.1537987246462434e-18,-0.4642280515930586,-5.598161000392052e-19,-6.2437811480291625e-19,-0.3968278069500207,0,70,255.0,255.0,255.0
22,1.1,13.5,-3.0,-0.2683167271815035,-8.140659121403567e-19,-9.079498419425897e-19,-0.48388710260648815,9.376919675656855e-18,1.0458333422949063e-17,-0.3895342335871585,0,70,255.0,255.0,255.0
23,1.1500000000000001,13.5,-3.0,-0.2929949611149107,-9.680153396511133e-20,-1.079653823513365e-19,-0.5031814749517745,1.931365545135292e-17,2.1541044960701043e-17,-0.38224066022429626,0,70,255.0,255.0,255.0
24,1.2000000000000002,13.5,-3.0,-0.3186287966988786,1.1172996329949364e-18,1.2461546541275164e-18,-0.5221111686289177,2.925039122704898e-17,3.262375649845302e-17,-0.3749470868614341,0,70,255.0,255.0,255.0
25,1.25,13.5,-3.0,-0.3452,2.82823758873978e-18,3.154410267493958e-18,-0.5406761836379178,3.918712700274499e-17,4.370646803620494e-17,-0.36765351349857145,0,70,255.0,255.0,255.0
26,1.3,13.5,-3.0,-0.37269131032811864,3.860398523187082e-18,4.305607416661856e-18,-0.5589349145738176,2.0993103751470195e-18,2.3414179305109433e-18,-0.3626957239374226,0,70,255.0,255.0,255.0
27,1.35,13.5,-3.0,-0.4010893599660808,3.038168626254482e-18,3.3885520605450523e-18,-0.5769457560316601,-3.498850625245095e-17,-3.9023632175183055e-17,-0.35773793437627377,0,70,255.0,255.0,255.0
28,1.4000000000000001,13.5,-3.0,-0.4303817544399838,3.615478979419836e-19,4.0324419914354555e-19,-0.594708708011445,-7.207632288004893e-17,-8.038868228087705e-17,-0.35278014481512493,0,70,255.0,255.0,255.0
29,1.4500000000000002,13.5,-3.0,-0.4605560992759245,-4.169463661750417e-18,-4.65031616754266e-18,-0.6122237705131727,-1.0916413950764689e-16,-1.2175373238657105e-16,-0.3478223552539761,0,70,255.0,255.0,255.0
30,1.5,13.5,-3.0,-0.4916,-1.0554866052822684e-17,-1.1772129039513535e-17,-0.6294909435368427,-1.4625195613524468e-16,-1.6311878249226492e-16,-0.3428645656928291,0,70,255.0,255.0,255.0
31,1.55,13.5,-3.0,-0.5235000298554613,-1.4407100591217526e-17,-1.606863094200118e-17,-0.6464482901116705,-7.837425400548873e-18,-8.741293607240861e-18,-0.3354292973002872,0,70,255.0,255.0,255.0
32,1.6,13.5,-3.0,-0.5562386329541733,-1.133860859287757e-17,-1.264625840023762e-17,-0.6630338732668715,1.3057710533414693e-16,1.456361952777832e-16,-0.3279940289077453,0,70,255.0,255.0,255.0
33,1.6500000000000001,13.5,-3.0,-0.5897972211251546,-1.34939005780282e-18,-1.505011414222848e-18,-0.6792476930024451,2.689916360688428e-16,3.000136841628072e-16,-0.32055876051520343,0,70,255.0,255.0,255.0
34,1.7000000000000002,13.5,-3.0,-0.6241572061974241,1.556055501400673e-17,1.735511001604313e-17,-0.6950897493183917,4.074061668035385e-16,4.543911730478313e-16,-0.31312349212266155,0,70,255.0,255.0,255.0
35,1.75,13.5,-3.0,-0.6593,3.9391226622550957e-17,4.393410589056018e-17,-0.7105600422147114,5.458206975382337e-16,6.087686619328547e-16,-0.3056882237301224,0,70,255.0,255.0,255.0
36,1.8,13.5,-3.0,-0.6952077702500362,5.3768003841683015e-17,5.996891635134288e-17,-0.7257039249795003,2.925039122704835e-17,3.262375649845247e-17,-0.3000670868614336,0,70,255.0,255.0,255.0
37,1.85,13.5,-3.0,-0.7318657082172261,4.2316265745255796e-17,4.7196481540405436e-17,-0.7405667509008548,-4.87319915084137e-16,-5.435211489359498e-16,-0.2944459499927447,0,70,255.0,255.0,255.0
38,1.9000000000000001,13.5,-3.0,-0.7692597610593979,5.036012333269275e-18,5.616801457747865e-18,-0.7551485199787747,-1.0038902213953224e-15,-1.119666054370352e-15,-0.28882481312405583,0,70,255.0,255.0,255.0
39,1.9500000000000002,13.5,-3.0,-0.8073758759343798,-5.807275639427652e-17,-6.477012389662986e-17,-0.7694492322132603,-1.5204605277065076e-15,-1.6958109598047542e-15,-0.283203676255367,0,70,255.0,255.0,255.0
40,2.0,13.5,-3.0,-0.8462,-1.4701004043738113e-16,-1.639642945227272e-16,-0.7834688876043113,-2.0370308340176904e-15,-2.2719558652391537e-15,-0.27758253938667554,0,70,255.0,255.0,255.0
41,2.0500000000000003,13.5,-3.0,-0.8857176891443937,-2.0066491477551459e-16,-2.2380703446337034e-16,-0.7971840099703277,-1.0916413950763644e-16,-1.217537323865596e-16,-0.2710223552539767,0,70,255.0,255.0,255.0
42,2.1,13.5,-3.0,-0.9259129341769222,-1.5792645438814566e-16,-1.761396677613841e-16,-0.810571123129709,1.818702555002401e-15,2.0284484004660156e-15,-0.264462171121278,0,70,255.0,255.0,255.0
43,2.15,13.5,-3.0,-0.9667693346372538,-1.8794659275275118e-17,-2.0962194416769444e-17,-0.8236302270824554,3.746569249512437e-15,4.17865053331859e-15,-0.25790198698857925,0,70,255.0,255.0,255.0
44,2.2,13.5,-3.0,-1.0082704900650574,2.1673047056309926e-16,2.4172538557047623e-16,-0.836361321828567,5.674435944022492e-15,6.3288526661711845e-15,-0.2513418028558805,0,70,255.0,255.0,255.0
45,2.25,13.5,-3.0,-1.0504,5.486489351269736e-16,6.119230722003487e-16,-0.8487644073680434,7.602302638532529e-15,8.479054799023761e-15,-0.24478161872318438,0,70,255.0,255.0,255.0
46,2.3000000000000003,13.5,-3.0,-1.0931414731723894,7.488916552603755e-16,8.352592215021386e-16,-0.8608400351391897,4.0740616680349927e-16,4.543911730477882e-16,-0.23824349212266607,0,70,255.0,255.0,255.0
47,2.35,13.5,-3.0,-1.136478555075085,5.893895518073268e-16,6.573621895051311e-16,-0.87258875658031,-6.787490304925467e-15,-7.570272452928112e-15,-0.23170536552214782,0,70,255.0,255.0,255.0
48,2.4000000000000004,13.5,-3.0,-1.1803949003915868,7.014262476782494e-17,7.823197620932311e-17,-0.8840105716914045,-1.3982386776654495e-14,-1.5594936078904084e-14,-0.22516723892162954,0,70,255.0,255.0,255.0
49,2.45,13.5,-3.0,-1.2248741638053922,-8.088491258581208e-16,-9.021314183852752e-16,-0.895105480472473,-2.1177283248383463e-14,-2.3619599704879986e-14,-0.2186291123211113,0,70,255.0,255.0,255.0
50,2.5,13.5,-3.0,-1.2699,-2.0475857000705133e-15,-2.2837279942786673e-15,-0.9058734829235154,-2.8372179720112427e-14,-3.164426333085589e-14,-0.21209098572059393,0,70,255.0,255.0,255.0
51,2.5500000000000003,13.5,-3.0,-1.3154564181660497,-2.794901706265987e-15,-3.1172298515451833e-15,-0.9163358494729144,-1.5204605277063618e-15,-1.6958109598045945e-15,-0.20640367625536143,0,70,255.0,255.0,255.0
52,2.6,13.5,-3.0000000000000004,-1.3615288455227372,-2.1996317528411613e-15,-2.4533090902591402e-15,-0.9265138505490517,2.5331258664699464e-14,2.8252641411246434e-14,-0.200716366790129,0,70,255.0,255.0,255.0
53,2.6500000000000004,13.5,-3.0000000000000004,-1.4081030637964005,-2.6177583979602665e-16,-2.9196571042052506e-16,-0.9364074861519273,5.218297785710554e-14,5.820109378229773e-14,-0.1950290573248965,0,70,255.0,255.0,255.0
54,2.7,13.5,-3.0,-1.4551648547133755,3.0186660328693835e-15,3.3668002879706247e-15,-0.9460167562815414,7.903469704951136e-14,8.814954615334876e-14,-0.18934174785966407,0,70,255.0,255.0,255.0
55,2.75,13.5,-3.0,-1.5027,7.64169386515508e-15,8.52298890491432e-15,-0.9553416609378936,1.0588641624191716e-13,1.1809799852439983e-13,-0.18365443839443163,0,70,255.0,255.0,255.0
56,2.8000000000000003,13.5,-2.9999999999999996,-1.5506936541634138,1.0430715169803572e-14,1.1633660184678597e-14,-0.9643445669691515,5.67443594402195e-15,6.328852666170607e-15,-0.17646180285588264,0,70,255.0,255.0,255.0
57,2.85,13.5,-2.999999999999999,-1.5991284628339664,8.209137459557321e-15,9.155874171531432e-15,-0.9729878412234819,-9.453754435387238e-14,-1.0544029319205764e-13,-0.16926916731733374,0,70,255.0,255.0,255.0
58,2.9000000000000004,13.500000000000002,-2.9999999999999987,-1.6479864444228132,9.769607344162822e-16,1.089630865472778e-15,-0.981271483700885,-1.947495246517676e-13,-2.1720943905028684e-13,-0.16207653177878475,0,70,255.0,255.0,255.0
59,2.95,13.5,-2.999999999999999,-1.697249617341106,-1.1265815005619411e-14,-1.2565069733497222e-14,-0.9891954944013603,-2.9496150494966193e-13,-3.289785849085151e-13,-0.15488389624023585,0,70,255.0,255.0,255.0
60,3.0,13.5,-3.0,-1.7469,-2.8519189760549806e-14,-3.180822762537862e-14,-0.9967598733249085,-3.9517348524755616e-13,-4.407477307667432e-13,-0.14769126070168692,0,70,255.0,255.0,255.0
61,3.0500000000000003,13.499999999999998,-3.000000000000002,-1.7969201651802975,-3.8927958972948305e-14,-4.34174108871692e-14,-1.0039978826504785,-2.1177283248381383e-14,-2.3619599704877695e-14,-0.14182911232111528,0,70,255.0,255.0,255.0
62,3.1,13.499999999999996,-3.000000000000004,-1.8472949031413972,-3.0636918085388105e-14,-3.4170187595866576e-14,-1.01094278455702,3.5281891875079016e-13,3.935085313569841e-13,-0.13596696394054372,0,70,255.0,255.0,255.0
63,3.1500000000000004,13.499999999999995,-3.000000000000005,-1.898009558512349,-3.6460670978690976e-15,-4.066557751470574e-15,-1.0175945790445329,7.268151207499649e-13,8.106366624188496e-13,-0.13010481555997208,0,70,255.0,255.0,255.0
64,3.2,13.499999999999998,-3.000000000000004,-1.9490494759222003,4.2044593989608275e-14,4.689347864601827e-14,-1.0239532661130173,1.1008113227491365e-12,1.2277647934807115e-12,-0.12424266717940051,0,70,255.0,255.0,255.0
65,3.25,13.5,-3.0,-2.0004,1.0643506517704414e-13,1.1870992159660014e-13,-1.030018845762473,1.474807524748308e-12,1.6448929245425733e-12,-0.11838051879883338,0,70,255.0,255.0,255.0
66,3.3000000000000003,13.500000000000007,-2.9999999999999925,-2.052046485115398,1.4528112072198965e-13,1.6203598336399823e-13,-1.0357919024289355,7.903469704950391e-14,8.814954615334027e-14,-0.11254174785966096,0,70,255.0,255.0,255.0
67,3.35,13.500000000000012,-2.999999999999985,-2.1039743246004443,1.1433853488199513e-13,1.2752487621193487e-13,-1.041273020548439,-1.316738130649288e-12,-1.4685938322358786e-12,-0.1067029769204886,0,70,255.0,255.0,255.0
68,3.4000000000000004,13.500000000000016,-2.999999999999981,-2.156168921527793,1.3607307657060111e-14,1.5176600140409464e-14,-1.0464622001209842,-2.7125109583480916e-12,-3.025337210625112e-12,-0.10086420598131621,0,70,255.0,255.0,255.0
69,3.45,13.500000000000014,-2.999999999999985,-2.208615678970094,-1.5691256095281364e-13,-1.7500884485057594e-13,-1.0513594411465708,-4.108283786046884e-12,-4.582080589014331e-12,-0.09502543504214385,0,70,255.0,255.0,255.0
70,3.5,13.5,-3.0,-2.2613,-3.9722107094762674e-13,-4.430314587610219e-13,-1.0559647436251989,-5.504056613745674e-12,-6.138823967403551e-12,-0.08918666410297682,0,70,255.0,255.0,255.0
71,3.5500000000000003,13.499999999999975,-3.0000000000000275,-2.3142066943581128,-5.421965239150102e-13,-6.047265225688237e-13,-1.0602425076337791,-2.9496150494963335e-13,-3.289785849084844e-13,-0.08192389624023551,0,70,255.0,255.0,255.0
72,3.6,13.499999999999952,-3.0000000000000555,-2.3673181984568257,-4.267172214425923e-13,-4.759293172518729e-13,-1.0641571332492223,4.914133603846361e-12,5.4808667975865305e-12,-0.07466112837749427,0,70,255.0,255.0,255.0
73,3.6500000000000004,13.499999999999936,-3.0000000000000706,-2.420616355376483,-5.078316353037151e-14,-5.6639842810167485e-14,-1.0677086204715287,1.0123228712642401e-11,1.1290712180081597e-11,-0.06739836051475295,0,70,255.0,255.0,255.0
74,3.7,13.499999999999948,-3.0000000000000564,-2.474083008197426,5.856056498216463e-13,6.531419007562853e-13,-1.0708969693006978,1.5332323821438396e-11,1.7100557562576614e-11,-0.06013559265201171,0,70,255.0,255.0,255.0
75,3.75,13.5,-3.0,-2.5277,1.4824492186134629e-12,1.6534159134474876e-12,-1.0737221797367298,2.0541418930234388e-11,2.2910402945071622e-11,-0.05287282478927402,0,70,255.0,255.0,255.0
76,3.8000000000000003,13.50000000000009,-2.999999999999898,-2.5814499374521525,2.023504974938051e-12,2.2568701069112963e-12,-1.0762300670359468,1.1008113227490287e-12,1.227764793480593e-12,-0.047442667179407365,0,70,255.0,255.0,255.0
77,3.85,13.500000000000187,-2.9999999999997926,-2.6353184815722535,1.5925303508883747e-12,1.7761923927955567e-12,-1.0784664464546705,-1.8339796284736156e-11,-2.045487335811025e-11,-0.04201250956954076,0,70,255.0,255.0,255.0
78,3.9000000000000004,13.500000000000234,-2.9999999999997384,-2.689292056966278,1.8952534646442533e-13,2.1138277110025967e-13,-1.0804313179929008,-3.778040389222152e-11,-4.2137511509701275e-11,-0.0365823519596741,0,70,255.0,255.0,255.0
79,3.95,13.500000000000188,-2.999999999999789,-2.743357088240202,-2.1855100383337715e-12,-2.437558758174565e-12,-1.082124681650638,-5.72210114997067e-11,-6.382014966129212e-11,-0.031152194349807497,0,70,255.0,255.0,255.0
80,4.0,13.5,-3.0,-2.7975,-5.5325758035062246e-12,-6.1706321950289284e-12,-1.0835465374278814,-7.666161910719189e-11,-8.550278781288295e-11,-0.02572203673993556,0,70,255.0,255.0,255.0
81,4.05,13.499999999999657,-3.000000000000382,-2.851706355833278,-7.551823375837193e-12,-8.422753905076359e-12,-1.0846452242224334,-4.1082837860471406e-12,-4.582080589014606e-12,-0.018225435042145247,0,70,255.0,255.0,255.0
82,4.1000000000000005,13.499999999999305,-3.0000000000007754,-2.905958275254162,-5.943404182110876e-12,-6.62884025393032e-12,-1.085369080932096,6.84450515350989e-11,7.633862663485516e-11,-0.010728833344354802,0,70,255.0,255.0,255.0
83,4.15,13.499999999999122,-3.000000000000977,-2.9602370167584064,-7.07318222327333e-13,-7.888912415908748e-13,-1.085718107556869,1.4099838685624365e-10,1.5725933385872352e-10,-0.003232231646564488,0,70,255.0,255.0,255.0
84,4.2,13.499999999999295,-3.0000000000007865,-3.0145238388417672,8.156434503513438e-12,9.097093131941972e-12,-1.0856923040967525,2.135517221773884e-10,2.3818004108259183e-10,0.004264370051225822,0,70,255.0,255.0,255.0
85,4.25,13.5,-3.0,-3.0688,2.0647853995411435e-11,2.3029112866668226e-11,-1.0852916705517464,2.861050574985331e-10,3.191007483064602e-10,0.011760971749019689,0,70,255.0,255.0,255.0
86,4.3,13.500000000001275,-2.9999999999985754,-3.1230478392147347,2.818378852841072e-11,3.143414551339414e-11,-1.084581036074321,1.5332323821439324e-11,1.7100557562577687e-11,0.01666440734798725,0,70,255.0,255.0,255.0
87,4.3500000000000005,13.500000000002592,-2.999999999997108,-3.1772540174111,2.2181086377555134e-11,2.473916862292574e-11,-1.0836252298169475,-2.554404098556593e-10,-2.848996331813102e-10,0.021567842946954893,0,70,255.0,255.0,255.0
88,4.4,13.50000000000327,-2.9999999999963527,-3.231406276000097,2.6397475428448826e-12,2.9441821952632364e-12,-1.0824242517796256,-5.262131435327532e-10,-5.868998239251927e-10,0.02647127854592245,0,70,255.0,255.0,255.0
89,4.45,13.50000000000263,-2.999999999997066,-3.2854923563927296,-3.044022797572e-11,-3.3950813769593326e-11,-1.0809781019623554,-7.96985877209847e-10,-8.889000146690752e-10,0.031374714144890015,0,70,255.0,255.0,255.0
90,4.5,13.5,-3.0,-3.3395,-7.705884017813952e-11,-8.594581927164398e-11,-1.0792867803651365,-1.0677586108869405e-09,-1.1909002054129576e-09,0.0362781497438629,0,70,255.0,255.0,255.0
91,4.55,13.499999999995234,-3.0000000000053166,-3.3934158873077824,-1.0518333073780569e-10,-1.1731382814850021e-10,-1.0772866314802847,-5.722101149971018e-11,-6.382014966129595e-11,0.043727805650200555,0,70,255.0,255.0,255.0
92,4.6000000000000005,13.499999999990324,-3.000000000010792,-3.447222455101441,-8.278094132810967e-11,-9.23278342377726e-11,-1.0749139998001165,9.53316587887538e-10,1.063259906090386e-09,0.051177461556538344,0,70,255.0,255.0,255.0
93,4.65,13.499999999987798,-3.00000000001361,-3.5009010792412067,-9.851671949052272e-12,-1.0987837539462061e-11,-1.072168885324631,1.9638541872747685e-09,2.1903399618420476e-09,0.058627117462875994,0,70,255.0,255.0,255.0
94,4.7,13.49999999999018,-3.0000000000109517,-3.5544331355873147,1.1360447739936649e-10,1.2670616194643133e-10,-1.069051288053829,2.974391786661999e-09,3.317420017593709e-09,0.06607677336921365,0,70,255.0,255.0,255.0
95,4.75,13.5,-3.0,-3.6078,2.875875067171466e-10,3.207541642199077e-10,-1.0655612079877095,3.98492938604923e-09,4.444500073345371e-09,0.07352642927556019,0,70,255.0,255.0,255.0
96,4.800000000000001,13.500000000017788,-2.9999999999801594,-3.660983811554135,3.9254953442281224e-10,4.378211670806069e-10,-1.0617444380045395,2.1355172217733475e-10,2.3818004108253196e-10,0.07914437005123326,0,70,255.0,255.0,255.0
97,4.8500000000000005,13.500000000036113,-2.9999999999597233,-3.7139697621831416,3.0894267893488354e-10,3.445721683281647e-10,-1.057646770982586,-3.5578259416944923e-09,-3.9681399911802325e-09,0.08476231082690623,0,70,255.0,255.0,255.0
98,4.9,13.50000000004554,-2.9999999999492077,-3.766743807035081,3.6766940253364165e-11,4.100716796258514e-11,-1.0532682069218489,-7.329203605566321e-09,-8.174460023442995e-09,0.0903802516025792,0,70,255.0,255.0,255.0
99,4.95,13.500000000036644,-2.999999999959128,-3.8192919012580133,-4.2397768162174614e-10,-4.72873834016132e-10,-1.0486087458223283,-1.1100581269438148e-08,-1.238078005570576e-08,0.09599819237825218,0,70,255.0,255.0,255.0
100,5.0,13.5,-3.0,-3.8716,-1.073291186690447e-09,-1.1970708376079867e-09,-1.0436683876840238,-1.4871958933309979e-08,-1.6587100087968528e-08,0.10161613315392515,0,70,255.0,255.0,255.0
101,5.050000000000001,13.49999999993361,-3.0000000000740465,-3.92365366647568,-1.4650148069534432e-09,-1.633970840173927e-09,-1.0384236165015532,-7.969858772096464e-10,-8.889000146688505e-10,0.10817471414489158,0,70,255.0,255.0,255.0
102,5.1000000000000005,13.499999999865228,-3.000000000150315,-3.9754368961659967,-1.1529897744114243e-09,-1.2859608390748866e-09,-1.0328509162695345,1.3277987178890434e-08,1.4809300058630549e-08,0.11473329513585788,0,70,255.0,255.0,255.0
103,5.15,13.49999999983004,-3.000000000189561,-4.026933292618474,-1.3721608906440436e-10,-1.530408343108777e-10,-1.0269502869879676,2.7352960234990518e-08,3.0507500131929945e-08,0.1212918761268242,0,70,255.0,255.0,255.0
104,5.2,13.499999999863235,-3.000000000152538,-4.078126459380634,1.582306249087617e-09,1.764789174118097e-09,-1.0207217286568522,4.1427933291090595e-08,4.620570020522935e-08,0.1278504571177905,0,70,255.0,255.0,255.0
105,5.25,13.5,-3.0,-4.129,4.005577240044641e-09,4.467529186212039e-09,-1.0141652412761886,5.550290634719067e-08,6.190390027852871e-08,0.1344090381087586,0,70,255.0,255.0,255.0
106,5.300000000000001,13.500000000247772,-2.999999999723655,-4.179537522543148,5.46750969339096e-09,6.0980621936151014e-09,-1.0072810959892395,2.9743917866612426e-09,3.3174200175928585e-09,0.140956773369198,0,70,255.0,255.0,255.0
107,5.3500000000000005,13.500000000502977,-2.999999999439016,-4.229722653152874,4.303016418710813e-09,4.7992711879713795e-09,-1.0000695639392685,-4.955412277386726e-08,-5.526906024334195e-08,0.14750450862963732,0,70,255.0,255.0,255.0
108,5.4,13.500000000634298,-2.99999999929255,-4.279539022491026,5.120974160042519e-10,5.711561692809282e-10,-0.9925306451262759,-1.0208263733439575e-07,-1.1385554050427676e-07,0.1540522438900766,0,70,255.0,255.0,255.0
109,5.45,13.500000000510413,-2.9999999994307225,-4.3289702612194505,-5.905247314728725e-09,-6.586282862456257e-09,-0.9846643395502611,-1.5461115189492427e-07,-1.7244202076521157e-07,0.1605999791505159,0,70,255.0,255.0,255.0
110,5.5,13.5,-3.0,-4.378,-1.4949017773488116e-08,-1.667304590724017e-08,-0.9764706472112243,-2.0713966645545276e-07,-2.3102850102614644e-07,0.16714771441095522,0,70,255.0,255.0,255.0
111,5.550000000000001,13.499999999075307,-3.0000000010313346,-4.4266122433517285,-2.0405023966610395e-08,-2.275827793428648e-08,-0.9679719995414938,-1.110058126943536e-08,-1.238078005570264e-08,0.17279819237826047,0,70,255.0,255.0,255.0
112,5.6000000000000005,13.499999998122863,-3.0000000020936213,-4.4747924912225105,-1.6059075900431832e-08,-1.7911123912810634e-08,-0.9591908279733983,1.8493850391657854e-07,2.062669409147373e-07,0.17844867034556564,0,70,255.0,255.0,255.0
113,5.65,13.499999997632766,-3.0000000026402405,-4.522526617417429,-1.9111735749526125e-09,-2.131583842812829e-09,-0.9501271325069374,3.809775891025925e-07,4.2491466188517715e-07,0.1840991483128708,0,70,255.0,255.0,255.0
114,5.7,13.499999998095113,-3.0000000021245734,-4.569800495741565,2.203868300982728e-08,2.4580342275706944e-08,-0.9407809131421112,5.770166742886063e-07,6.435623828556171e-07,0.18974962628017594,0,70,255.0,255.0,255.0
115,5.75,13.5,-3.0,-4.6166,5.5790493853907824e-08,6.222465444274864e-08,-0.9311521698789198,7.730557594746203e-07,8.622101038260566e-07,0.19540010424747933,0,70,255.0,255.0,255.0
116,5.800000000000001,13.500000003451001,-2.9999999961510064,-4.662910304049941,7.615258617305063e-08,8.49350495435308e-08,-0.9211989058447876,4.142793329108016e-08,4.620570020521767e-08,0.20273045711780366,0,70,255.0,255.0,255.0
117,5.8500000000000005,13.50000000700557,-2.9999999921864986,-4.708713781957088,5.993328718301654e-08,6.684522446327116e-08,-0.9108791241671393,-6.901998928924468e-07,-7.697987034156069e-07,0.21006080998812784,0,70,255.0,255.0,255.0
118,5.9,13.500000008834638,-2.9999999901464878,-4.753992107839264,7.132596883806173e-09,7.955179201970382e-09,-0.9001928248459748,-1.421827719075974e-06,-1.5858031070364314e-06,0.21739116285845206,0,70,255.0,255.0,255.0
119,5.95,13.500000007109138,-2.9999999920709843,-4.798726955814292,-8.224948472458035e-08,-9.17350862403714e-08,-0.8891400078812942,-2.153455545259501e-06,-2.4018075106572556e-06,0.22472151572877624,0,70,255.0,255.0,255.0
120,6.0,13.5,-3.0,-4.8429,-2.0821295764214318e-07,-2.3222557186375437e-07,-0.8777206732730973,-2.8850833714430284e-06,-3.2178119142780802e-06,0.23205186859910398,0,70,255.0,255.0,255.0
121,6.050000000000001,13.499999987120693,-3.0000000143646393,-4.88649374044851,-2.8420532072559213e-07,-3.169819202398368e-07,-0.8659843770793568,-1.546111518948853e-07,-1.7244202076516784e-07,0.23739997915050928,0,70,255.0,255.0,255.0
122,6.1000000000000005,13.499999973854862,-3.0000000291603834,-4.929493980949143,-2.2367407283163425e-07,-2.4946977394027406e-07,-0.8539806753580462,2.5758610676532095e-06,2.8729278727476903e-06,0.2427480897019145,0,70,255.0,255.0,255.0
123,6.15,13.499999967028682,-3.0000000367738084,-4.971887351225521,-2.661921396027216e-08,-2.968913296506876e-08,-0.8417095681091655,5.306333287201304e-06,5.9182977662605485e-06,0.24809620025331972,0,70,255.0,255.0,255.0
124,6.2,13.499999973468334,-3.000000029591489,-5.013660481001266,3.0695925588849425e-07,3.423600026857789e-07,-0.8291710553327144,8.036805506749398e-06,8.963667659773407e-06,0.2534443108047249,0,70,255.0,255.0,255.0
125,6.25,13.5,-3.0,-5.0548,7.770613367146649e-07,8.666776330122688e-07,-0.816365137028693,1.076727772629749e-05,1.2009037553286264e-05,0.2587924213561328,0,70,255.0,255.0,255.0
126,6.300000000000001,13.500000048066221,-2.9999999463904357,-5.095291534156021,1.0606686967293176e-06,1.182992631415816e-06,-0.8032315858377849,5.770166742884603e-07,6.435623828554543e-07,0.26654962628018375,0,70,255.0,255.0,255.0
127,6.3500000000000005,13.500000097574985,-2.9999998911719663,-5.135116694246343,8.347630041435203e-07,9.310338712978248e-07,-0.7897101744006745,-9.61324437772039e-06,-1.0721912787575155e-05,0.2743068312042346,0,70,255.0,255.0,255.0
128,6.4,13.500000123050636,-2.999999862758278,-5.1742560872586525,9.93442589572822e-08,1.1080135265830437e-07,-0.7758009027173616,-1.9803505429729238e-05,-2.2087387958005762e-05,0.2820640361282854,0,70,255.0,255.0,255.0
129,6.45,13.500000099017528,-2.99999988956306,-5.212690320180641,-1.1455875388293969e-06,-1.2777049245027438e-06,-0.7615037707878459,-2.9993766481738087e-05,-3.345286312843637e-05,0.2898212410523362,0,70,255.0,255.0,255.0
130,6.5,13.5,-3.0,-5.2504,-2.9000323892165163e-06,-3.234484960185321e-06,-0.746818778612128,-4.0184027533746936e-05,-4.481833829886698e-05,0.29757844597638883,0,70,255.0,255.0,255.0
131,6.550000000000001,13.499999820614416,-3.0000002000736163,-5.287368122927406,-3.958469466191679e-06,-4.414988605423428e-06,-0.7318892795694988,-2.1534555452589564e-06,-2.401807510656642e-06,0.29960151572877386,0,70,255.0,255.0,255.0
132,6.6000000000000005,13.499999635845196,-3.0000004061517513,-5.32358724206549,-3.1153779437424464e-06,-3.474665711251024e-06,-0.7168586270392504,3.587711644322836e-05,4.0014723277552935e-05,0.30162458548115884,0,70,255.0,255.0,255.0
133,6.65,13.499999540768766,-3.000000512193079,-5.35905229973987,-3.70757821868856e-07,-4.1351627766814976e-07,-0.7017268210213828,7.390768843171566e-05,8.243125406576253e-05,0.3036476552335438,0,70,255.0,255.0,255.0
134,6.7,13.499999630461556,-3.0000004121562704,-5.393758238276168,4.2753908994290915e-06,4.768459695325197e-06,-0.6864938615158962,0.00011193826042020298,0.0001248477848539721,0.30567072498592884,0,70,255.0,255.0,255.0
135,6.75,13.5,-3.0,-5.4277,1.08230682201514e-05,1.2071262207729015e-05,-0.6711597485227903,0.00014996883240869031,0.0001672643156421817,0.30769379473831293,0,70,255.0,255.0,255.0
136,6.800000000000001,13.500000669476108,-2.9999992533150985,-5.460863974134356,1.4773209168037399e-05,1.64769617902779e-05,-0.6552112958842142,8.036805506747379e-06,8.963667659771154e-06,0.33024431080471817,0,70,255.0,255.0,255.0
137,6.8500000000000005,13.500001359044228,-2.9999984842210274,-5.493202337491699,1.1626748770826268e-05,1.2967628973706278e-05,-0.6381353174423183,-0.000133895221395193,-0.00014933698032263657,0.352794826871123,0,70,255.0,255.0,255.0
138,6.9,13.500001713874296,-2.9999980884694075,-5.524658713781866,1.3836870285181452e-06,1.5432637580142921e-06,-0.6199318131971021,-0.0002758272482971334,-0.0003076376283050443,0.37534534293752786,0,70,255.0,255.0,255.0
139,6.95,13.50000137913624,-2.9999984618118587,-5.555176726714688,-1.5955976058886973e-05,-1.779613385679804e-05,-0.6006007831485657,-0.00041775927519907384,-0.000465938276287452,0.3978958590039327,0,70,255.0,255.0,255.0
140,7.0,13.5,-3.0,-5.5847,-4.039224049138909e-05,-4.505056387073074e-05,-0.580142227296709,-0.0005596913021010143,-0.0006242389242698595,0.42044637507033755,0,70,255.0,255.0,255.0
141,7.050000000000001,13.499997501481154,-3.0000035866659904,-5.6131687805351715,-5.5134367205957926e-05,-0.00010949285855579082,-0.5583535368936418,-2.9993766481730593e-05,-0.001953452863132507,0.4511012410523368,0,70,255.0,255.0,255.0
142,7.1000000000000005,13.499994927977893,-3.000012056964138,-5.640509807967713,-4.3391617139562644e-05,-0.00024039585018398129,-0.535032103191475,0.0004997037691375436,-0.0032826668019951305,0.4817561070343355,0,70,255.0,255.0,255.0
143,7.15,13.499993603734055,-3.000028733929291,-5.666646445132668,-5.163990292203727e-06,-0.00043775953875530276,-0.5101779261902084,0.001029401304756818,-0.004611880740857754,0.5124109730163342,0,70,255.0,255.0,255.0
144,7.2,13.499994852993476,-3.000056940596296,-5.691502054865082,5.954851333611879e-05,-0.0007015839242697551,-0.4837910058898418,0.0015590988403760924,-0.005941094679720378,0.5430658389983329,0,70,255.0,255.0,255.0
145,7.25,13.5,-3.0001,-5.715,0.00015074589374540495,-0.0010318690067273384,-0.4558713422903753,0.002088796375995367,-0.007270308618583006,0.5737207049803335,0,70,255.0,255.0,255.0
146,7.300000000000001,13.500010124599275,-3.0001600000209416,-5.7370897037249575,0.00025376425965568375,-0.0013545055275704459,-0.4279825565412185,0.0020319382604157277,-0.005635152215141109,0.5418307249859236,0,70,255.0,255.0,255.0
147,7.3500000000000005,13.500025329044202,-3.000234087922421,-5.757824830637451,0.0003539397197869789,-0.001595384228241454,-0.4016882697917826,0.0019750801448360895,-0.00399999581169924,0.5099407449915141,0,70,255.0,255.0,255.0
148,7.4,13.500045471189491,-3.0003181758134296,-5.777285105687465,0.00045127227413929206,-0.0017545051087403689,-0.37698848204206725,0.0019182220292564508,-0.002364839408257373,0.47805076499710475,0,70,255.0,255.0,255.0
149,7.45,13.500070408889853,-3.0004081758029586,-5.7955502538249855,0.0005457619227126232,-0.0018318681690671903,-0.35388319329207235,0.0018613639136768124,-0.0007296830048155048,0.44616078500269535,0,70,255.0,255.0,255.0
150,7.5,13.5001,-3.0005,-5.8127,0.0006374086655069726,-0.0018274734092219188,-0.33237240354179787,0.0018045057980971713,0.0009054733986263771,0.41427080500828595,0,70,255.0,255.0,255.0
151,7.550000000000001,13.500134000121744,-3.0005900132502443,-5.828806804564999,0.0007200773285793142,-0.001768485031163343,-0.3120202369414918,0.0015022407247964466,0.0014540617237166144,0.3998158590039447,0,70,255.0,255.0,255.0
152,7.6000000000000005,13.500171755845297,-3.000676391346179,-5.843914069482487,0.0007876327379866183,-0.001682067236850257,-0.2923908176414032,0.001199975651495727,0.002002650048806842,0.3853609129996036,0,70,255.0,255.0,255.0
153,7.65,13.50021251150798,-3.0007577628169915,-5.858057932117476,0.0008400748937288865,-0.0015682200262826596,-0.27348414564153156,0.0008977105781950076,0.0025512383738970695,0.37090596699526257,0,70,255.0,255.0,255.0
154,7.7,13.500255511447108,-3.00083275619187,-5.871274529834976,0.0008774037958061186,-0.001426943399460551,-0.25530022094187704,0.0005954455048942881,0.0030998266989872973,0.3564510209909215,0,70,255.0,255.0,255.0
155,7.75,13.5003,-3.0009,-5.8836,0.000899619444218315,-0.001258237356383931,-0.2378390435424395,0.00029318043159355916,0.0036484150240775285,0.3419960749865818,0,70,255.0,255.0,255.0
156,7.800000000000001,13.500345074913753,-3.0009583469780825,-5.8950734780150515,0.0008979264260185203,-0.0010755543477751325,-0.2212804956928162,-0.00036090115958534077,0.0036589053202743032,0.320345838998341,0,70,255.0,255.0,255.0
157,7.8500000000000005,13.50038924757461,-3.0010075466928643,-5.905746091432605,0.0008635293282597813,-0.0008923468243564987,-0.20580445964260521,-0.0010149827507642292,0.0036693956164710775,0.29869560301010056,0,70,255.0,255.0,255.0
158,7.9,13.500430882778588,-3.001047572918605,-5.915671965842636,0.0007964281509420979,-0.0007086147861280262,-0.19141093539180626,-0.0016690643419431175,0.0036798859126678522,0.27704536702186017,0,70,255.0,255.0,255.0
159,7.95,13.50046834532171,-3.0010783994295633,-5.924905226835109,0.0006966228940654701,-0.0005243582330897148,-0.1780999229404193,-0.002323145933122006,0.0036903762088646265,0.25539513103361977,0,70,255.0,255.0,255.0
160,8.0,13.5005,-3.0011,-5.9335,0.000564113557629898,-0.00033957716524156466,-0.16587142228844434,-0.0029772275243008985,0.003700866505061404,0.23374489504538043,0,70,255.0,255.0,255.0
161,8.05,13.500524900223244,-3.0011117988374267,-5.941508883374801,0.0004402169673636655,-0.00012129757773532291,-0.15463378028724253,-0.00197863608634833,0.005030316995188143,0.2157607850026865,0,70,255.0,255.0,255.0
162,8.1,13.500544853856267,-3.001111021882365,-5.948978364787093,0.0003662499489950639,0.00016345453427724546,-0.14429534378817574,-0.0009800446483957974,0.006359767485314834,0.19777667495999324,0,70,255.0,255.0,255.0
163,8.15,13.500562357377675,-3.0010943455085903,-5.955953404511987,0.0003422125025240878,0.0005146791707961607,-0.1348561127912433,1.854678955677102e-05,0.007689217975441573,0.17979256491729928,0,70,255.0,255.0,255.0
164,8.200000000000001,13.50057990726605,-3.0010584460898775,-5.962478962824587,0.000368104627950741,0.0009323763318214137,-0.12631608729644556,0.0010171382275093394,0.009018668465568312,0.16180845487460538,0,70,255.0,255.0,255.0
165,8.25,13.5006,-3.001,-5.9686,0.00044392632527501957,0.0014165460173529863,-0.11867526730378279,0.0020157296654618687,0.010348118955695,0.14382434483191264,0,70,255.0,255.0,255.0
166,8.3,13.50062412419328,-3.0009160576722107,-5.97436218848575,0.0005092057045330712,0.0019447446587198172,-0.11197638315821151,0.0005954455048601587,0.010779826698977929,0.12413102099093495,0,70,255.0,255.0,255.0
167,8.35,13.50064973700032,-3.0008051657776753,-5.979814049419022,0.0005034708757610378,0.0024945286872507747,-0.10626216520468931,-0.0008248386557415011,0.011211534442260841,0.10443769714995796,0,70,255.0,255.0,255.0
168,8.4,13.50067328771072,-3.000666245047033,-5.98500481610942,0.0004267218389589188,0.003065898102945898,-0.10153261344321578,-0.0022451228163432113,0.01164324218554377,0.08474437330898024,0,70,255.0,255.0,255.0
169,8.450000000000001,13.500691225614082,-3.0004982162109277,-5.989983721866545,0.0002789585941267135,0.0036588529058051676,-0.09778772787379116,-0.003665406976944921,0.012074949928826698,0.06505104946800255,0,70,255.0,255.0,255.0
170,8.5,13.5007,-3.0003,-5.9948,6.018114126443056e-05,0.004273393095828562,-0.09502750849641553,-0.005085691137546582,0.012506657672109622,0.04535772562702545,0,70,255.0,255.0,255.0
171,8.55,13.500697003003644,-3.000070370473728,-5.9995023626822,-0.0001730397855013226,0.004918318942853009,-0.09322068707989971,-0.004243145933083413,0.013290376208867851,0.026915131033606834,0,70,255.0,255.0,255.0
172,8.6,13.500683398142453,-2.9998075150069345,-6.0041374375368175,-0.0003641334520439107,0.005602430716715342,-0.09233599539305481,-0.0034006007286202736,0.014074094745626053,0.008472536440188881,0,70,255.0,255.0,255.0
173,8.65,13.500661291779444,-2.999509474303276,-6.008751331050334,-0.0005130998583633472,0.00632572841741561,-0.09237343343588085,-0.002558055524157105,0.014857813282384284,-0.009970058153229731,0,70,255.0,255.0,255.0
174,8.700000000000001,13.50063279027762,-2.999174289066412,-6.013390149709234,-0.0006199390044596249,0.007088212044953791,-0.0933330012083778,-0.0017155103196939358,0.01564153181914251,-0.028412652746648337,0,70,255.0,255.0,255.0
175,8.75,13.5006,-2.9988,-6.0181,-0.0006846508903327417,0.007889881599329854,-0.09521469871054564,-0.000872965115230797,0.016425250355900672,-0.04685524734006585,0,70,255.0,255.0,255.0
176,8.8,13.500564663792149,-2.9983848604328767,-6.022927560785446,-0.0007290465625256676,0.008717979569866783,-0.09805286852218294,-0.0009028617724862094,0.01669866846557595,-0.06667154512542443,0,70,255.0,255.0,255.0
177,8.85,13.500527070429866,-2.997927974194589,-6.027921800433705,-0.0007749370675813623,0.009559748445887443,-0.10188185322308803,-0.0009327584297416208,0.016972086575251216,-0.08648784291078229,0,70,255.0,255.0,255.0
178,8.9,13.500487145171512,-2.9974286577398632,-6.033132259689243,-0.0008223224054998294,0.010415188227391898,-0.10670165281326116,-0.0009626550869970331,0.01724550468492649,-0.10630414069614089,0,70,255.0,255.0,255.0
179,8.950000000000001,13.500444813275434,-2.996886227523425,-6.038608479296519,-0.000871202576281067,0.011284298914380117,-0.11251226729270225,-0.0009925517442524456,0.017518922794601766,-0.12612043848149945,0,70,255.0,255.0,255.0
180,9.0,13.5004,-2.9963,-6.0444,-0.0009215775799250735,0.012167080506852068,-0.11931369666141102,-0.001022448401507857,0.017792340904277004,-0.14593673626685655,0,70,255.0,255.0,255.0
181,9.05,13.500352341827762,-2.995669387794767,-6.0505553941760155,-0.0009907739643873579,0.01305776277767955,-0.12704783883138154,-0.001745406976983482,0.017834949928821793,-0.16342895053195927,0,70,255.0,255.0,255.0
182,9.1,13.500300320138082,-2.994994188214712,-6.057119360728359,-0.0010961182776234198,0.01395057549973424,-0.13565659171460687,-0.002468365552459082,0.01787755895336658,-0.18092116479706138,0,70,255.0,255.0,255.0
183,9.15,13.500242127534522,-2.9942742947372736,-6.0641356301926965,-0.0012376105196332666,0.014845518673016202,-0.14513995531108762,-0.0031913241279347073,0.017920167977911367,-0.1984133790621641,0,70,255.0,255.0,255.0
184,9.200000000000001,13.50017595662064,-2.9935096008398894,-6.071647933104688,-0.001415250690416895,0.015742592297525403,-0.15549792962082354,-0.003914282703410332,0.017962777002456156,-0.21590559332726683,0,70,255.0,255.0,255.0
185,9.25,13.5001,-2.9927,-6.0797,-0.001629038789974297,0.01664179637326181,-0.1667305146438142,-0.004637241278885925,0.01800538602700097,-0.23339780759236883,0,70,255.0,255.0,255.0
186,9.3,13.500013168896803,-2.9918455883880566,-6.088322862510496,-0.0018358575799386847,0.017530969319415512,-0.17807577615228967,-0.003635510319689462,0.01756153181914654,-0.22041265274664368,0,70,255.0,255.0,255.0
187,9.35,13.499917249017804,-2.9909472729465647,-6.097496756652857,-0.001992589821943244,0.01839794955517646,-0.1887717799184785,-0.002633779360493035,0.01711767761129213,-0.20742749790091897,0,70,255.0,255.0,255.0
188,9.4,13.499814744690406,-2.9900061633110457,-6.107189219539972,-0.0020992355159879855,0.01924273708054472,-0.19881852594238147,-0.001632048401296572,0.0166738234034377,-0.1944423430551938,0,70,255.0,255.0,255.0
189,9.450000000000001,13.499708160242005,-2.989023369117017,-6.117367788284724,-0.0021557946620729034,0.02006533189552025,-0.20821601422399816,-0.0006303174421001092,0.016229969195583272,-0.18145718820946866,0,70,255.0,255.0,255.0
190,9.5,13.4996,-2.988,-6.128,-0.002162267260197998,0.020865734000103043,-0.2169642447633283,0.00037141351709631815,0.015786114987728833,-0.1684720333637426,0,70,255.0,255.0,255.0
191,9.55,13.499492582585027,-2.9869370586530075,-6.139059555782004,-0.0021297957158753072,0.021650359944661215,-0.22543305655945986,0.000927448255811299,0.015598922794597661,-0.1702804384815146,0,70,255.0,255.0,255.0
192,9.600000000000001,13.499387483790695,-2.985835119999028,-6.150544812660211,-0.0020695224346168667,0.022425626279562832,-0.23399228861147997,0.0014834829945262798,0.01541173060146649,-0.17208884359928664,0,70,255.0,255.0,255.0
193,9.65,13.499286093703846,-2.984694652018545,-6.162460291647417,-0.0019814474164226805,0.02319153300480786,-0.24264194091938843,0.0020395177332412405,0.015224538408335323,-0.17389724871705858,0,70,255.0,255.0,255.0
194,9.700000000000001,13.499189802411333,-2.9835161226920413,-6.174810513756416,-0.0018655706612927426,0.023948080120396356,-0.25138201348318584,0.0025955524719562216,0.015037346215204151,-0.17570565383483058,0,70,255.0,255.0,255.0
195,9.75,13.4991,-2.9823,-6.1876,-0.0017218921692270604,0.02469526762632827,-0.2602125063028714,0.003151587210671186,0.014850154022072987,-0.1775140589526023,0,70,255.0,255.0,255.0
196,9.8,13.49901730076309,-2.981046976999914,-6.20083251436149,-0.0015969595565467256,0.02541959090194152,-0.26908799760986835,0.0018457172965421385,0.014122777002456583,-0.1775055933272709,0,70,255.0,255.0,255.0
197,9.850000000000001,13.498939215819417,-2.9797586470573223,-6.214508792706299,-0.0015373204395728438,0.026107545326573948,-0.27796306563559875,0.0005398473824130908,0.01339539998284018,-0.17749712770193948,0,70,255.0,255.0,255.0
198,9.9,13.498862480494203,-2.978436828614773,-6.228628813870362,-0.0015429748183054142,0.026759130900225532,-0.2868377103800623,-0.0007660225317159108,0.012668022963223802,-0.17748866207660807,0,70,255.0,255.0,255.0
199,9.950000000000001,13.498783830112657,-2.977083340114816,-6.243192556689618,-0.0016139226927444367,0.027374347622896325,-0.2957119318432595,-0.0020718924458449587,0.011940645943607399,-0.17748019645127666,0,70,255.0,255.0,255.0
200,10.0,13.4987,-2.9757,-6.2582,-0.001750164062889907,0.02795319549458627,-0.3045857300251899,-0.003377762359973953,0.011213268923991132,-0.1774717308259448,0,70,255.0,255.0,255.0
201,10.05,13.49860861436262,-2.974287833347336,-6.273650386772036,-0.0018983660579416492,0.028543276447575438,-0.3134149530010753,-0.002550317442095642,0.012389969195575246,-0.17569718820946434,0,70,255.0,255.0,255.0
202,10.100000000000001,13.498510852931638,-2.9728446917716824,-6.289540016514595,-0.002005195807099475,0.029192192414143815,-0.32215544884613656,-0.001722872524217331,0.01356666946715936,-0.17392264559298387,0,70,255.0,255.0,255.0
203,10.15,13.498408784319341,-2.971367633522361,-6.305864452871135,-0.002070653310363383,0.02989994339429137,-0.33080721756037357,-0.0008954276063390496,0.01474336973874343,-0.17214810297650346,0,70,255.0,255.0,255.0
204,10.200000000000001,13.498304477138031,-2.969853716848694,-6.322619259485118,-0.002094738567733378,0.030666529388018154,-0.3393702591437869,-6.798268846073879e-05,0.015920070010327546,-0.170373560360023,0,70,255.0,255.0,255.0
205,10.25,13.4982,-2.9683,-6.3398,-0.0020774515792094583,0.03149195039532411,-0.3478445735963758,0.0007594622294175429,0.017096770281911478,-0.16859901774354302,0,70,255.0,255.0,255.0
206,10.3,13.498097041786426,-2.966704089610743,-6.357402738550371,-0.002041576211675002,0.03234330330775212,-0.35626019038583484,0.0006755524719606834,0.016957346215208145,-0.16802565383481463,0,70,255.0,255.0,255.0
207,10.350000000000001,13.497995772454034,-2.965065785855947,-6.375425541235328,-0.002009896332013389,0.03318768501684495,-0.36464713897985745,0.0005916427145038237,0.01681792214850481,-0.16745228992608627,0,70,255.0,255.0,255.0
208,10.4,13.497895982228428,-2.9633854372957806,-6.393866974645098,-0.00198241194022462,0.034025095522602584,-0.3730054193784434,0.0005077329570469672,0.016678498081801486,-0.1668789260173579,0,70,255.0,255.0,255.0
209,10.450000000000001,13.497797461335216,-2.961663392490409,-6.412725605369914,-0.0019591230363086927,0.03485553482502509,-0.3813350315815932,0.0004238231995901075,0.016539074015098153,-0.1663055621086295,0,70,255.0,255.0,255.0
210,10.5,13.4977,-2.9599,-6.432,-0.001940029620265609,0.035679002924112406,-0.3896359755893063,0.0003399134421332578,0.01639964994839499,-0.16573219819990026,0,70,255.0,255.0,255.0
211,10.55,13.49760321849167,-2.958095808209694,-6.451689059026488,-0.0019353290953593653,0.03648351032141289,-0.39792828545558606,-0.00015189244588351277,0.01578064594362414,-0.1659601964512861,0,70,255.0,255.0,255.0
212,10.600000000000001,13.497506057252224,-2.9562521648045292,-6.471793018544102,-0.0019552188648539605,0.037257067518474844,-0.40623199523443515,-0.0006436983339002833,0.015161641938853292,-0.16618819470267196,0,70,255.0,255.0,255.0
213,10.65,13.497407286766943,-2.954370617294517,-6.492312448548473,-0.0019996989287493928,0.03799967451529822,-0.41454710492585317,-0.0011355042219170365,0.014542637934082465,-0.1664161929540578,0,70,255.0,255.0,255.0
214,10.700000000000001,13.497305677521108,-2.9524527131896705,-6.51324791903523,-0.002068769287045665,0.03871133131188308,-0.42287361452984085,-0.0016273101099338072,0.013923633929311617,-0.16664419120544363,0,70,255.0,255.0,255.0
215,10.75,13.4972,-2.9505,-6.5346,-0.0021624299397427723,0.03939203790822938,-0.43121152404639757,-0.0021191159979505637,0.0133046299245409,-0.1668721894568308,0,70,255.0,255.0,255.0
216,10.8,13.497089284246893,-2.94851347755048,-6.556368225343685,-0.00226510740690124,0.04007465540660078,-0.43949866779181895,-0.001987982688388068,0.01400007001031489,-0.16461356036001973,0,70,255.0,255.0,255.0
217,10.850000000000001,13.496973598537066,-2.946491954925935,-6.578547984588268,-0.002361228208581582,0.04079204490926089,-0.44767288008239975,-0.0018568493788255727,0.01469551009608888,-0.16235493126320863,0,70,255.0,255.0,255.0
218,10.9,13.496853270703793,-2.9444336935261495,-6.6011336311610105,-0.0024507923447837964,0.041544206416209664,-0.45573416091813973,-0.0017257160692630818,0.015390950181862845,-0.16009630216639764,0,70,255.0,255.0,255.0
219,10.950000000000001,13.496728628580346,-2.942336954750909,-6.6241195184891675,-0.0025337998155078893,0.042331139927447164,-0.4636825102990395,-0.0015945827597005865,0.016086390267636835,-0.15783767306958654,0,70,255.0,255.0,255.0
220,11.0,13.4966,-2.9402,-6.6475,-0.0026102506207538547,0.04315284544297334,-0.4715179282250984,-0.0014634494501380886,0.016781830353410687,-0.1555790439727751,0,70,255.0,255.0,255.0
221,11.05,13.496467644520754,-2.938021481588384,-6.671270839598779,-0.002684241277018296,0.04398586805218586,-0.4793250433771338,-0.0014961768004395162,0.016539074015089656,-0.1567055621086338,0,70,255.0,255.0,255.0
222,11.100000000000001,13.496331548599507,-2.9358016154917297,-6.695433443102827,-0.0027598683007978085,0.04480675284448233,-0.487188484435962,-0.001528904150740944,0.01629631767676863,-0.15783208024449247,0,70,255.0,255.0,255.0
223,11.15,13.496191630417881,-2.9335410086008844,-6.719990626807487,-0.00283713169209239,0.045615499819862716,-0.49510825140158293,-0.0015616315010423705,0.016053561338447608,-0.15895859838035112,0,70,255.0,255.0,255.0
224,11.200000000000001,13.496047808157506,-2.9312402678066922,-6.744945207008099,-0.0029160314509020452,0.04641210897832709,-0.5030843442739971,-0.0015943588513437981,0.015810805000126577,-0.1600851165162098,0,70,255.0,255.0,255.0
225,11.25,13.4959,-2.9289,-6.7703,-0.002996567577226769,0.047196580319875364,-0.5111167630532039,-0.0016270862016452108,0.0155680486618055,-0.16121163465206578,0,70,255.0,255.0,255.0
226,11.3,13.495748137670093,-2.926520596095984,-6.796056416261206,-0.003077927485017098,0.047981872384653616,-0.5191211586996417,-0.001627310109967902,0.01584363392932429,-0.15896419120544425,0,70,255.0,255.0,255.0
227,11.350000000000001,13.49559220706491,-2.924101583107145,-6.822210243000426,-0.0031592985882235615,0.04878094371280782,-0.5270131821737485,-0.0016275340182905934,0.016119219196843077,-0.15671674775882274,0,70,255.0,255.0,255.0
228,11.4,13.49543220762468,-2.921642272070314,-6.848755861609042,-0.0032406808868461565,0.04959379430433792,-0.534792833475524,-0.0016277579266132844,0.016394804464361857,-0.1544693043122013,0,70,255.0,255.0,255.0
229,11.450000000000001,13.495268138789633,-2.9191419740223217,-6.8756876534784395,-0.003322074380884889,0.050420424159244,-0.5424601126049685,-0.0016279818349359757,0.016670389731880647,-0.1522218608655798,0,70,255.0,255.0,255.0
230,11.5,13.4951,-2.9166,-6.903,-0.003403479070339753,0.05126083327752599,-0.5500150195620819,-0.0016282057432586497,0.016945974999399593,-0.1499744174189619,0,70,255.0,255.0,255.0
231,11.55,13.49492780479888,-2.9140161340276793,-6.930688295356399,-0.003484048782913735,0.052086642409201696,-0.5575183218242962,-0.001594582759700584,0.01608639026762828,-0.15015767306960653,0,70,255.0,255.0,255.0
232,11.600000000000001,13.49475162314086,-2.911392052079689,-6.958751984895472,-0.003562937346309814,0.05286947230428884,-0.5650307868690427,-0.001560959776142518,0.015226805535856966,-0.1503409287202512,0,70,255.0,255.0,255.0
233,11.65,13.494571539083404,-2.9087299031178597,-6.987191526756345,-0.0036401447605279866,0.053609322962787385,-0.5725524146963213,-0.0015273367925844534,0.014367220804085683,-0.15052418437089585,0,70,255.0,255.0,255.0
234,11.700000000000001,13.49438763668396,-2.9060318361040207,-7.016007379078147,-0.0037156710255682587,0.054306194384697394,-0.5800832053061322,-0.0014937138090263876,0.01350763607231437,-0.15070744002154052,0,70,255.0,255.0,255.0
235,11.75,13.4942,-2.9033,-7.0452,-0.0037895161414306247,0.05496008657001882,-0.5876231586984753,-0.0014600908254683229,0.012648051340543198,-0.15089069567218516,0,70,255.0,255.0,255.0
236,11.8,13.494008643134386,-2.9005356677932985,-7.0747696023132,-0.0038658773833500763,0.055623557978535694,-0.5951575540031845,-0.0015943588513096913,0.01389080500013103,-0.1504851165161792,0,70,255.0,255.0,255.0
237,11.850000000000001,13.493813300371642,-2.8977366085740965,-7.104715417417689,-0.003948952026561596,0.056349167070031944,-0.6026716703500934,-0.0017286268771510595,0.015133558659718861,-0.15007953736017327,0,70,255.0,255.0,255.0
238,11.9,13.493613636041706,-2.894899715458246,-7.135036431365578,-0.0040387400710651805,0.057136913844507566,-0.6101655077392018,-0.0018628949029924232,0.016376312319306648,-0.14967395820416735,0,70,255.0,255.0,255.0
239,11.950000000000001,13.493409314474514,-2.892021881561597,-7.16573163020898,-0.0041352415168608376,0.05798679830196261,-0.6176390661705101,-0.0019971629288337914,0.017619065978894483,-0.14926837904816137,0,70,255.0,255.0,255.0
240,12.0,13.4932,-2.8891,-7.1968,-0.004238456363948559,0.058898820442397005,-0.6250923456440178,-0.0021314309546751203,0.01886181963848227,-0.14886279989215367,0,70,255.0,255.0,255.0
241,12.05,13.492985622663575,-2.886132394799126,-7.228240495390805,-0.004332441683687984,0.059787125676656304,-0.6325234621629615,-0.001627981834901844,0.016670389731889213,-0.1483818608655895,0,70,255.0,255.0,255.0
242,12.100000000000001,13.492767175372565,-2.883123113623923,-7.2600519454337755,-0.004401254547438745,0.06056585941558595,-0.639930531730577,-0.0011245327151285674,0.01447895982529616,-0.14790092183902528,0,70,255.0,255.0,255.0
243,12.15,13.492545916749766,-2.8800776350491564,-7.2922331477813405,-0.004444894955200842,0.06123502165918592,-0.647313554346864,-0.0006210835953553088,0.012287529918703185,-0.1474199828124611,0,70,255.0,255.0,255.0
244,12.200000000000001,13.492323105417977,-2.8770014376495934,-7.324782900085938,-0.0044633629069742746,0.061794612407456255,-0.654672530011823,-0.00011763447558203223,0.010096100012110129,-0.14693904378589692,0,70,255.0,255.0,255.0
245,12.25,13.4921,-2.8739,-7.3577,-0.004456658402759045,0.06224463166039693,-0.6620074587254537,0.0003858146441912541,0.007904670105516931,-0.1464581047593283,0,70,255.0,255.0,255.0
246,12.3,13.491877666211312,-2.870777153010195,-7.390982816123582,-0.004436355881881741,0.0626839393148423,-0.6692925973449758,0.00042628619090092967,0.00966763607229774,-0.14494744002155197,0,70,255.0,255.0,255.0
247,12.350000000000001,13.491656398138101,-2.86763013693021,-7.424628000847217,-0.004414029783668952,0.06321139526762673,-0.6765022027276092,0.0004667577376106053,0.011430602039078547,-0.1434367752837756,0,70,255.0,255.0,255.0
248,12.4,13.491436296959236,-2.864454544345127,-7.458631777509061,-0.00438968010812068,0.06382699951875015,-0.6836362748733533,0.0005072292843202794,0.013193568005859291,-0.14192611054599932,0,70,255.0,255.0,255.0
249,12.450000000000001,13.491217463853578,-2.8612459678400293,-7.492990369447272,-0.004363306855236924,0.06453075206821265,-0.690694813782209,0.0005477008310299551,0.014956533972640101,-0.14041544580822296,0,70,255.0,255.0,255.0
250,12.5,13.491,-2.858,-7.5277,-0.004334910025017684,0.06532265291601416,-0.6976778194541755,0.00058817237773965,0.01671949993942068,-0.13890478107044224,0,70,255.0,255.0,255.0
251,12.55,13.490783712491178,-2.854713393160092,-7.562757840114872,-0.004322134788794296,0.06613311706397217,-0.7046421484571399,-7.71629288041501e-05,0.01569906597889886,-0.13966837904813156,0,70,255.0,255.0,255.0
252,12.600000000000001,13.490567232075032,-2.8513875386552368,-7.598164851177363,-0.0043426263178981,0.06689255951390406,-0.7116446573589889,-0.0007424982353479502,0.01467863201837704,-0.14043197702582086,0,70,255.0,255.0,255.0
253,12.65,13.490348895413298,-2.8480249875703354,-7.6339229421824175,-0.00439638461232909,0.06760098026580987,-0.718685346159722,-0.0014078335418917266,0.013658198057855257,-0.14119557500351015,0,70,255.0,255.0,255.0
254,12.700000000000001,13.49012703916771,-2.844628290990289,-7.670034022124983,-0.004483409672087272,0.06825837931968959,-0.7257642148593398,-0.0020731688484355265,0.012637764097333437,-0.14195917298119945,0,70,255.0,255.0,255.0
255,12.75,13.4899,-2.8412,-7.7065,-0.004603701497172641,0.0688647566755432,-0.7328812634578418,-0.002738504154979289,0.011617330136811654,-0.14272277095888608,0,70,255.0,255.0,255.0
256,12.8,13.489666683823982,-2.837742074349437,-7.743321823416936,-0.004723104962936563,0.06945559242926658,-0.7399788088264617,-0.002037634475577546,0.012016100012122704,-0.14117904378590945,0,70,255.0,255.0,255.0
257,12.850000000000001,13.489428273561774,-2.834254108448844,-7.780496594443337,-0.004807464944730398,0.07006636667675549,-0.7469991678364329,-0.0013367647961758026,0.012414869887433755,-0.1396353166129328,0,70,255.0,255.0,255.0
258,12.9,13.489186521387573,-2.8307351053735323,-7.818020453761268,-0.0048567814425541445,0.07069707941800994,-0.753942340487755,-0.0006358951167740844,0.012813639762744791,-0.13809158943995622,0,70,255.0,255.0,255.0
259,12.950000000000001,13.488943179475584,-2.8271840681988136,-7.855889542052801,-0.004871054456407805,0.07134773065302996,-0.7608083267804285,6.497456262765907e-05,0.013212409638055842,-0.13654786226697957,0,70,255.0,255.0,255.0
260,13.0,13.4887,-2.8236,-7.8941,-0.00485028398629138,0.07201832038181552,-0.767597126714453,0.0007658442420293912,0.0136111795133671,-0.1350041350940021,0,70,255.0,255.0,255.0
261,13.05,13.488458352212898,-2.8199823094421594,-7.932648466217388,-0.004817445359464895,0.0726845132189654,-0.7743386162370085,0.0005477008310299663,0.013036533972627532,-0.1346554458082167,0,70,255.0,255.0,255.0
262,13.100000000000001,13.488218073677878,-2.8163320275493873,-7.971533571049298,-0.004795513903188382,0.07332197377907829,-0.781062671295275,0.0003295574200305414,0.012461888431887964,-0.1343067565224313,0,70,255.0,255.0,255.0
263,13.15,13.487978619036406,-2.8126505909355353,-8.01075444277251,-0.004784489617461841,0.0739307020621542,-0.7877692918892517,0.00011141400903112427,0.011887242891148415,-0.1339580672366459,0,70,255.0,255.0,255.0
264,13.200000000000001,13.487739442929955,-2.8089394362144553,-8.050310209663817,-0.00478437250228527,0.07451069806819313,-0.7944584780189394,-0.00010672940196830062,0.011312597350408847,-0.1336093779508605,0,70,255.0,255.0,255.0
265,13.25,13.4875,-2.8052,-8.0902,-0.00479516255765867,0.07506196179719508,-0.8011302296843377,-0.000324872812967697,0.010737951809669188,-0.13326068866507335,0,70,255.0,255.0,255.0
266,13.3,13.48725990732442,-2.8014334878819254,-8.130422711713512,-0.004807113599193861,0.07559835469487027,-0.8077707262254955,-0.0001531688484399777,0.010717764097337778,-0.13235917298123673,0,70,255.0,255.0,255.0
267,13.350000000000001,13.487019431726718,-2.7976401813536063,-8.170976321359479,-0.004810479442502668,0.07613373820692888,-0.8143661469824616,1.8535116087741604e-05,0.010697576385006367,-0.1314576572974001,0,70,255.0,255.0,255.0
268,13.4,13.486779002466807,-2.793820130884326,-8.211858575148689,-0.004805260087585088,0.0766681123333709,-0.8209164919552354,0.00019023908061545477,0.010677388672674959,-0.13055614161356352,0,70,255.0,255.0,255.0
269,13.450000000000001,13.486539048804596,-2.7899733869433634,-8.253067219291934,-0.0047914555344411225,0.07720147707419638,-0.8274217611438178,0.0003619430451431741,0.010657200960343548,-0.1296546259297269,0,70,255.0,255.0,255.0
270,13.5,13.4863,-2.7861,-8.2946,-0.004769065783070771,0.07773383242940526,-0.8338819545482082,0.0005336470096709012,0.010637013248012028,-0.12875311024588942,0,70,255.0,255.0,255.0
271,13.55,13.486062018489422,-2.78219973903014,-8.336455086928563,-0.00475410024376416,0.07828206800155686,-0.8403224788610288,6.49745625935383e-05,0.01129240963805179,-0.12886786226692895,0,70,255.0,255.0,255.0
272,13.600000000000001,13.485824199415251,-2.7782712470361854,-8.37863234351279,-0.0047625683268114165,0.07886307339321046,-0.8467687407749014,-0.00040369788448382457,0.011947806028091553,-0.12898261428796848,0,70,255.0,255.0,255.0
273,13.65,13.485585371096368,-2.774312885527161,-8.421132056632734,-0.004794470032212541,0.07947684860436602,-0.8532207402898255,-0.0008723703315611708,0.012603202418131293,-0.12909736630900798,0,70,255.0,255.0,255.0
274,13.700000000000001,13.485344361851658,-2.7703230160120906,-8.463954513168455,-0.0048498053599675345,0.08012339363502358,-0.859678477405802,-0.0013410427786385336,0.013258598808171054,-0.1292121183300475,0,70,255.0,255.0,255.0
275,13.75,13.4851,-2.7663,-8.5071,-0.004928574310076394,0.08080270848518312,-0.8661419521228302,-0.0018097152257158869,0.013913995198210571,-0.1293268703510826,0,70,255.0,255.0,255.0
276,13.8,13.484851218717889,-2.762242755997513,-8.550568140572247,-0.005024485425766682,0.08148137329889872,-0.8725713583303791,-0.002026729401895601,0.013232597350412857,-0.12784937795087215,0,70,255.0,255.0,255.0
277,13.850000000000001,13.484597370612276,-2.75815243050165,-8.59435590458937,-0.0051312472502659575,0.08212596822022442,-0.8789268899179176,-0.0022437435780753153,0.012551199502615143,-0.1263718855506617,0,70,255.0,255.0,255.0
278,13.9,13.484337913147716,-2.7540307270070308,-8.638459598320372,-0.005248859783574213,0.08273649324916023,-0.8852085468854453,-0.002460757754255022,0.011869801654817453,-0.12489439315045131,0,70,255.0,255.0,255.0
279,13.950000000000001,13.484072303788773,-2.749879349008274,-8.682875528034248,-0.005377323025691458,0.08331294838570616,-0.8914163292329627,-0.0026777719304347364,0.011188403807019739,-0.12341690075024087,0,70,255.0,255.0,255.0
280,14.0,13.4838,-2.7457,-8.7276,-0.005516636976617685,0.08385533362986221,-0.8975502369604692,-0.002894786106614443,0.010507005959222382,-0.12193940835002959,0,70,255.0,255.0,255.0
281,14.05,13.483521106639017,-2.741494036979807,-8.772629950782456,-0.005627958053155208,0.08438443880285136,-0.9036480878174636,-0.001558056954886435,0.010657200960343685,-0.12197462592974606,0,70,255.0,255.0,255.0
282,14.100000000000001,13.483238318135646,-2.7372614309572136,-8.81796483812973,-0.005672442672106331,0.0849210537258966,-0.909747699553444,-0.00022132780315842725,0.010807395961464987,-0.12200984350946253,0,70,255.0,255.0,255.0
283,14.15,13.482954976312765,-2.7330018064447166,-8.86360475008578,-0.005650090833471053,0.08546517839899787,-0.9158490721684099,0.0011154013485695337,0.010957590962586285,-0.12204506108917901,0,70,255.0,255.0,255.0
284,14.200000000000001,13.482674422993256,-2.728714787954813,-8.909549774694554,-0.005560902537249376,0.08601681282215522,-0.9219522056623618,0.0024521305002975415,0.011107785963707586,-0.12208027866889548,0,70,255.0,255.0,255.0
285,14.25,13.4824,-2.7244,-8.9558,-0.005404877783441303,0.0865759569953686,-0.9280571000352994,0.0037888596520255155,0.011257980964828773,-0.12211549624861551,0,70,255.0,255.0,255.0
286,14.3,13.482133954726047,-2.7200570960832575,-9.002355256297943,-0.005247682361607702,0.0871408714896935,-0.9341482903997649,0.002498957221318401,0.011338598808166856,-0.12153211832999648,0,70,255.0,255.0,255.0
287,14.350000000000001,13.481874156845146,-2.7156858456694946,-9.049214342891712,-0.00515498206130946,0.0877098168761853,-0.9402103118682992,0.0012090547906112867,0.01141921665150494,-0.12094874041137745,0,70,255.0,255.0,255.0
288,14.4,13.481617381601225,-2.7112860472141027,-9.096375801336508,-0.005126776882546573,0.08828279315484398,-0.9462431644409025,-8.084764009578214e-05,0.011499834494843021,-0.12036536249275843,0,70,255.0,255.0,255.0
289,14.450000000000001,13.4813604042382,-2.7068574991724743,-9.143838173187536,-0.00516306682531904,0.0888598003256696,-0.952246848117575,-0.001370750070802896,0.011580452338181104,-0.11978198457413941,0,70,255.0,255.0,255.0
290,14.5,13.4811,-2.7024,-9.1916,-0.005263851889626858,0.0894408383886621,-0.9582213628983165,-0.002660652501509958,0.011661070181519184,-0.11919860665551774,0,70,255.0,255.0,255.0
291,14.55,13.480833474456796,-2.6979135786871624,-9.239659424025776,-0.005397312500424625,0.09001207523837579,-0.9641427505834617,-0.00267777193040063,0.011188403807028496,-0.1176569007502852,0,70,255.0,255.0,255.0
292,14.600000000000001,13.480560254483766,-2.6933991863648075,-9.288012990303425,-0.005531629082666925,0.09055967876936497,-0.9699870529733452,-0.002694891359291302,0.010715737432537805,-0.11611519484505269,0,70,255.0,255.0,255.0
293,14.65,13.48028029728234,-2.6888580046988717,-9.336656844568187,-0.005666801636353754,0.09108364898162957,-0.9757542700679669,-0.002712010788181973,0.010243071058047134,-0.11457348893982021,0,70,255.0,255.0,255.0
294,14.700000000000001,13.479993560053941,-2.68429121535529,-9.385587132555301,-0.005802830161485121,0.09158398587516967,-0.9814444018673272,-0.002729130217072645,0.009770404683556446,-0.11303178303458769,0,70,255.0,255.0,255.0
295,14.75,13.4797,-2.6797,-9.4348,-0.005939714658061017,0.09206068944998522,-0.9870574483714256,-0.002746249645963296,0.009297738309066217,-0.11149007712935877,0,70,255.0,255.0,255.0
296,14.8,13.479400147446766,-2.6750853891680917,-9.484292647598958,-0.006043067636702438,0.09252282755680426,-0.9926567072663828,-0.0013878694996935102,0.00918778596369507,-0.11248027866892124,0,70,255.0,255.0,255.0
297,14.850000000000001,13.479096825219786,-2.6704478088712738,-9.534066495894589,-0.00607850160803037,0.09297946804635474,-0.9983054762383179,-2.948935342372448e-05,0.009077833618323924,-0.11347048020848371,0,70,255.0,255.0,255.0
298,14.9,13.478793429269418,-2.6657875339904105,-9.584124020390739,-0.006046016572044814,0.09343061091863665,-1.004003755287231,0.001328890792846013,0.008967881272952782,-0.11446068174804616,0,70,255.0,255.0,255.0
299,14.950000000000001,13.478493355546036,-2.6611048394063648,-9.63446769659126,-0.005945612528745766,0.09387625617365002,-1.0097515444131224,0.0026872709391157984,0.008857928927581636,-0.11545088328760864,0,70,255.0,255.0,255.0
300,15.0,13.4782,-2.6564,-9.6851,-0.005777289478133237,0.09431640381139482,-1.0155488436159918,0.00404565108538555,0.008747976582210826,-0.11644108482717108,0,70,255.0,255.0,255.0
301,15.05,13.477915535756134,-2.6516728646404712,-9.736021985578397,-0.005614416952768039,0.09477661453440495,-1.0213104203510242,0.0024692499292222735,0.009660452338194094,-0.11402198457411747,0,70,255.0,255.0,255.0
302,15.100000000000001,13.47763724463709,-2.646921578150096,-9.787229026118228,-0.005530364485211005,0.09528244904521424,-1.0269510420734038,0.0008928487730589974,0.010572928094177363,-0.11160288432106384,0,70,255.0,255.0,255.0
303,15.15,13.477361185639984,-2.642143859339486,-9.83871507386886,-0.005525132075462136,0.09583390734382267,-1.0324707087831306,-0.0006835523831042233,0.011485403850160598,-0.10918378406801031,0,70,255.0,255.0,255.0
304,15.200000000000001,13.477083417761918,-2.6373374270192502,-9.890474081079663,-0.0055987197235214305,0.09643098943023029,-1.0378694204802046,-0.0022599535392675,0.012397879606143867,-0.10676468381495668,0,70,255.0,255.0,255.0
305,15.25,13.4768,-2.6325,-9.9425,-0.005751127429388883,0.09707369530443705,-1.0431471771646261,-0.0038363546954307062,0.013310355362127213,-0.10434558356190671,0,70,255.0,255.0,255.0
306,15.3,13.476508109528694,-2.627630352270024,-9.994788210087464,-0.005915264552202321,0.09769871430557904,-1.0483896113295372,-0.0027291302171067204,0.01169040468355218,-0.10535178303454026,0,70,255.0,255.0,255.0
307,15.350000000000001,13.476209396231846,-2.6227314785283404,-10.047339799632516,-0.006024040451099558,0.09824273577279227,-1.0536823554680803,-0.001621905738782734,0.010070454004977147,-0.10635798250717382,0,70,255.0,255.0,255.0
308,15.4,13.475906628170652,-2.617807428651644,-10.100157284133832,-0.0060774551260805955,0.09870575970607674,-1.0590254095802547,-0.0005146812604587873,0.00845050332640217,-0.10736418197980734,0,70,255.0,255.0,255.0
309,15.450000000000001,13.475602573406302,-2.6128622525166323,-10.153243179090103,-0.006075508577145435,0.0990877861054325,-1.064418773666061,0.000592543217865199,0.006830552647827136,-0.10837038145244089,0,70,255.0,255.0,255.0
310,15.5,13.4753,-2.6079,-10.2066,-0.006018200804294077,0.09938881497085947,-1.0698624477254988,0.0016997676961891528,0.005210601969251938,-0.10937658092507441,0,70,255.0,255.0,255.0
311,15.55,13.475000826129092,-2.6029233262794294,-10.260229174071748,-0.005956524838412194,0.09969252824328,-1.0752911343308165,0.0007672709390861266,0.006937928927569173,-0.10777088328762578,0,70,255.0,255.0,255.0
312,15.600000000000001,13.474703570435528,-2.59792930773654,-10.31412777535172,-0.005941473710385463,0.10008260786361639,-1.0806395360542616,-0.00016522581801689962,0.008665255885886408,-0.10616518565017716,0,70,255.0,255.0,255.0
313,15.65,13.474405901677422,-2.5929136260539356,-10.36829178959581,-0.005973047420213882,0.10055905383186864,-1.085907652895834,-0.0010977225751198924,0.01039258284420358,-0.1045594880127286,0,70,255.0,255.0,255.0
314,15.700000000000001,13.474105488612878,-2.587871962914221,-10.422717202559937,-0.006051245967897454,0.10112186614803675,-1.0910954848555343,-0.0020302193322229187,0.012119909802520815,-0.10295379037527998,0,70,255.0,255.0,255.0
315,15.75,13.4738,-2.5828,-10.4774,-0.006176069353436173,0.10177104481212072,-1.0962030319333618,-0.002962716089325905,0.013847236760837878,-0.10134809273782963,0,70,255.0,255.0,255.0
316,15.8,13.473487785954946,-2.5776947426122576,-10.53233669362554,-0.006306636094150156,0.1024271727212957,-1.1012618513471826,-0.002259953539233339,0.01239787960616079,-0.10100468381500605,0,70,255.0,255.0,255.0
317,15.850000000000001,13.473169922026045,-2.5725584905254992,-10.58752589896062,-0.006402064707359509,0.10301083277273682,-1.1063035003148627,-0.001557190989140773,0.010948522451483703,-0.10066127489218245,0,70,255.0,255.0,255.0
318,15.9,13.472848165119668,-2.5673948671326126,-10.642966757482924,-0.006462355193064234,0.10352202496644407,-1.111327978836401,-0.0008544284390482318,0.009499165296806666,-0.10031786596935888,0,70,255.0,255.0,255.0
319,15.950000000000001,13.472524272142195,-2.5622074958264838,-10.698658410670154,-0.006487507551264332,0.10396074930241749,-1.1163352869117982,-0.00015166588895566564,0.008049808142129581,-0.09997445704653528,0,70,255.0,255.0,255.0
320,16.0,13.4722,-2.557,-10.7546,-0.006477521781959802,0.10432700578065703,-1.1213254245410544,0.0005510966611368753,0.006600450987452766,-0.09963104812371171,0,70,255.0,255.0,255.0
321,16.05,13.471876830051128,-2.551775303271541,-10.810790451426096,-0.006448930784985603,0.10466278087153903,-1.126285460280458,0.0005925432178310755,0.006830552647827196,-0.09877038145242947,0,70,255.0,255.0,255.0
322,16.1,13.4715551414603,-2.546533530161462,-10.867227828805822,-0.006418267460176693,0.10501006104543975,-1.1312024626862975,0.0006339897745252757,0.007060654308201626,-0.09790971478114725,0,70,255.0,255.0,255.0
323,16.150000000000002,13.471235037843908,-2.5412741054156127,-10.9239099804725,-0.006385531807533074,0.10536884630235921,-1.136076431758573,0.000675436331219476,0.007290755968576056,-0.09704904810986502,0,70,255.0,255.0,255.0
324,16.2,13.470916622818343,-2.535996453779843,-10.98083475475945,-0.006350723827054747,0.10573913664229734,-1.1409073674972838,0.0007168828879136732,0.0075208576289504695,-0.09618838143858285,0,70,255.0,255.0,255.0
325,16.25,13.4706,-2.5307,-11.038,-0.006313843518741708,0.10612093206525425,-1.1456952699024308,0.0007583294446078873,0.00775095928932501,-0.09532771476729529,0,70,255.0,255.0,255.0
326,16.3,13.470284893840544,-2.5253840443015787,-11.095403900670085,-0.006297640765931342,0.1065217037925502,-1.1504603075309947,-0.00011021933219327576,0.008279909802512638,-0.09527379037526096,0,70,255.0,255.0,255.0
327,16.35,13.469969512132758,-2.5200473888286505,-11.153045985816108,-0.006324865451961036,0.10694892304550553,-1.155222648939957,-0.0009787681089944388,0.008808860315700266,-0.09521986598322663,0,70,255.0,255.0,255.0
328,16.400000000000002,13.4696516835047,-2.5146887112049336,-11.21092612062709,-0.006395517576830788,0.10740258982412022,-1.1599822941293176,-0.0018473168857956021,0.009337810828887894,-0.0951659415911923,0,70,255.0,255.0,255.0
329,16.45,13.469329236584427,-2.509306689054144,-11.269044170292045,-0.006509597140540589,0.10788270412839429,-1.164739243099076,-0.0027158656625967032,0.009866761342075484,-0.09511201719915796,0,70,255.0,255.0,255.0
330,16.5,13.469,-2.5039,-11.3274,-0.006667104143090455,0.10838926595832776,-1.169493495849233,-0.0035844144393978386,0.010395711855262668,-0.0950580928071183,0,70,255.0,255.0,255.0
331,16.55,13.468662794586693,-2.4984677195221447,-11.385993145893572,-0.00680850615129833,0.10889840395826246,-1.174225309595574,-0.00207166588891707,0.009969808142125018,-0.0942144570465146,0,70,255.0,255.0,255.0
332,16.6,13.46832041000866,-2.493010514523934,-11.444821827929758,-0.006874270731982165,0.10938624677254027,-1.1789149415538844,-0.0005589173384363015,0.00954390442898737,-0.0933708212859109,0,70,255.0,255.0,255.0
333,16.650000000000002,13.467976628137286,-2.487529449764651,-11.50388393701916,-0.006864397885141961,0.1098527944011612,-1.1835623917241649,0.0009538312120444667,0.009118000715849721,-0.0925271855253072,0,70,255.0,255.0,255.0
334,16.7,13.467635230843939,-2.4820255900035795,-11.563177364072374,-0.006778887610777726,0.11029804684412524,-1.188167660106415,0.002466579762525128,0.008692097002712102,-0.09168354976470355,0,70,255.0,255.0,255.0
335,16.75,13.4673,-2.4765,-11.6227,-0.006617739908889447,0.11072200410143242,-1.1927307467006352,0.003979328313005931,0.008266193289574786,-0.0908399140041034,0,70,255.0,255.0,255.0
336,16.8,13.466973527812687,-2.470953877609842,-11.682449915755637,-0.00645233462886742,0.11111668037439577,-1.1972624540867027,0.0026368828878750835,0.007520857628959255,-0.09042838143859555,0,70,255.0,255.0,255.0
337,16.85,13.466653647832592,-2.465388953075611,-11.742425902464868,-0.006354051620101935,0.11147408986432834,-1.2017735848444948,0.0012944374627442364,0.006775521968343724,-0.09001684887308768,0,70,255.0,255.0,255.0
338,16.900000000000002,13.466337003946155,-2.4598070897364592,-11.802626931296283,-0.006322890882592995,0.11179423257123015,-1.2062641389740116,-4.800796238661059e-05,0.0060301863077281935,-0.08960531630757983,0,70,255.0,255.0,255.0
339,16.95,13.46602024003981,-2.454210150931539,-11.863051973418461,-0.006358852416340591,0.11207710849510116,-1.2107341164752525,-0.0013904533875173626,0.005284850647112715,-0.08919378374207199,0,70,255.0,255.0,255.0
340,17.0,13.4657,-2.4486,-11.9237,-0.006461936221344731,0.11232271763594143,-1.2151835173482188,-0.0027328988126481893,0.004539514986496851,-0.08878225117656946,0,70,255.0,255.0,255.0
341,17.05,13.465373494162563,-2.442977570038488,-11.984569591083893,-0.006598155333225855,0.11258687454415574,-1.2195888740576124,-0.002715865662596707,0.0060267613420754915,-0.087432017199173,0,70,255.0,255.0,255.0
342,17.1,13.465040198660969,-2.4373400731736212,-12.045657762210782,-0.006733522787604406,0.11292539377014899,-1.2239267190681362,-0.002698832512545225,0.007514007697654132,-0.08608178322177654,0,70,255.0,255.0,255.0
343,17.150000000000002,13.464700156078093,-2.43168379128951,-12.106961137795727,-0.0068680385844803815,0.11333827531392117,-1.2281970523797903,-0.002681799362493743,0.009001254053232773,-0.08473154924438007,0,70,255.0,255.0,255.0
344,17.2,13.464353408996812,-2.426005006270266,-12.168476342253777,-0.007001702723853775,0.11382551917547223,-1.2323998739925741,-0.0026647662124422615,0.010488500408811309,-0.08338131526698371,0,70,255.0,255.0,255.0
345,17.25,13.464,-2.4203,-12.2302,-0.0071345152057246015,0.11438712535480226,-1.2365351839064884,-0.0026477330623907447,0.011975746764389616,-0.08203108128958725,0,70,255.0,255.0,255.0
346,17.3,13.463640495537064,-2.414566242236205,-12.292129319908803,-0.007235044038221871,0.1149518214489797,-1.2406380496828453,-0.0013734202374999656,0.010612097002707802,-0.08208354976469216,0,70,255.0,255.0,255.0
347,17.35,13.463277557523531,-2.408805954229903,-12.354263848692014,-0.0072718572294746,0.11544833505507306,-1.2447435388829577,-9.910741260918659e-05,0.009248447241025987,-0.08213601823979709,0,70,255.0,255.0,255.0
348,17.400000000000002,13.46291437174147,-2.403022545105499,-12.416603717520829,-0.00724495477948279,0.11587666617308232,-1.2488516515068253,0.0011752054122815925,0.007884797479344171,-0.082188486714902,0,70,255.0,255.0,255.0
349,17.45,13.462554123972938,-2.3972194239873965,-12.479149057566424,-0.0071543366882464475,0.11623681480300747,-1.2529623875544478,0.0024495182371722813,0.0065211477176624535,-0.08224095519000692,0,70,255.0,255.0,255.0
350,17.5,13.4622,-2.3914,-12.5419,-0.007000002955765563,0.11652878094484853,-1.2570757470258258,0.003723831062063053,0.005157497955980528,-0.08229342366510828,0,70,255.0,255.0,255.0
351,17.55,13.461854123689186,-2.3855670610166912,-12.604856329280906,-0.0068456685139012905,0.11678983965992608,-1.2611709272110057,0.0024495466125077636,0.005284850647121255,-0.08151378374209164,0,70,255.0,255.0,255.0
352,17.6,13.4615143712449,-2.3797209099067644,-12.668016443021168,-0.006755048294514783,0.11705726600956066,-1.2652271254000351,0.0011752621629524743,0.005412203338261982,-0.08073414381907502,0,70,255.0,255.0,255.0
353,17.650000000000002,13.461177556956024,-2.3738612282884923,-12.731378392120975,-0.006728142297606042,0.11733105999375229,-1.2692443415929133,-9.902228660281509e-05,0.005539556029402709,-0.07995450389605839,0,70,255.0,255.0,255.0
354,17.7,13.460840495111434,-2.367987697780147,-12.794940227480518,-0.006764950523175059,0.11761122161250091,-1.273222575789641,-0.0013733067361580142,0.005666908720543427,-0.07917486397304183,0,70,255.0,255.0,255.0
355,17.75,13.4605,-2.3621,-12.8587,-0.006865472971221844,0.11789775086580662,-1.2771618279902175,-0.002647591185713262,0.005794261411684154,-0.07839522405002519,0,70,255.0,255.0,255.0
356,17.8,13.460153409706196,-2.3561975136970292,-12.922655762967581,-0.00699828190617488,0.1182088199113188,-1.2810622414731423,-0.0026647662124081196,0.006648500408803061,-0.07762131526696371,0,70,255.0,255.0,255.0
357,17.85,13.459800157496861,-2.350278406143037,-12.986805579223331,-0.00713194959246266,0.11856260090668692,-1.2849239595169142,-0.002681941239102977,0.0075027394059219675,-0.07684740648390223,0,70,255.0,255.0,255.0
358,17.900000000000002,13.459440200434427,-2.344340541740529,-13.05114751399529,-0.007266476030085183,0.118959093851911,-1.2887469821215327,-0.0026991162657978344,0.008356978403040874,-0.07607349770084074,0,70,255.0,255.0,255.0
359,17.95,13.459073495581329,-2.3383817848920154,-13.115679632511496,-0.007401861219042438,0.119398298746991,-1.2925313092869979,-0.0027162912924926907,0.00921121740015972,-0.07529958891777931,0,70,255.0,255.0,255.0
360,18.0,13.4587,-2.3324,-13.1804,-0.007538105159334446,0.11988021559192696,-1.2962769410133106,-0.0027334663191875483,0.010065456397279071,-0.07452568013471961,0,70,255.0,255.0,255.0
361,18.05,13.458320237486033,-2.32639408419519,-13.245307018848775,-0.00764120386138631,0.12034288069480041,-1.3000041068964283,-0.0013904817628869598,0.008441147717658004,-0.07456095518998893,0,70,255.0,255.0,255.0
362,18.1,13.457936998767659,-2.320367065521086,-13.310400440085525,-0.007677153335623143,0.12072433036369278,-1.3037330365323097,-4.749720658637135e-05,0.0068168390380369355,-0.07459623024525826,0,70,255.0,255.0,255.0
363,18.150000000000002,13.457553641306268,-2.3143230047493866,-13.375680351897888,-0.0076459535820449466,0.12102456459860411,-1.3074637299209542,0.0012954873497142173,0.005192530358415867,-0.07463150530052758,0,70,255.0,255.0,255.0
364,18.2,13.457173522563252,-2.308265962651792,-13.441146842473497,-0.007547604600651729,0.12124358339953437,-1.3111961870623623,0.00263847190601471,0.003568221678794915,-0.07466678035579691,0,70,255.0,255.0,255.0
365,18.25,13.4568,-2.3022,-13.5068,-0.007382106391443477,0.12138138676648356,-1.3149304079565336,0.003981456462315298,0.0019439129991735138,-0.0747020554110609,0,70,255.0,255.0,255.0
366,18.3,13.456435240349673,-2.2961277495222094,-13.572639361637325,-0.007220902648288913,0.1215236573094766,-1.3186333309411364,0.0024666932638671194,0.0037469087205477735,-0.07341486397305379,0,70,255.0,255.0,255.0
367,18.35,13.456076647432505,-2.2900461317726175,-13.638662260434584,-0.007135437065056762,0.12175607763853835,-1.3222718943538392,0.0009519300654189404,0.005549904441922033,-0.07212767253504669,0,70,255.0,255.0,255.0
368,18.400000000000002,13.455720434340503,-2.2839506392619215,-13.70486547841318,-0.007125709641747018,0.12207864775366882,-1.3258460981946412,-0.0005628331330292382,0.007352900163296293,-0.07084048109703958,0,70,255.0,255.0,255.0
369,18.45,13.455362814165664,-2.2778367645008166,-13.771245797594514,-0.007191720378359679,0.12249136765486796,-1.329355942463543,-0.00207759633147731,0.009155895884670424,-0.06955328965903257,0,70,255.0,255.0,255.0
370,18.5,13.455,-2.2717,-13.8378,-0.007333469274894751,0.12299423734213584,-1.3328014271605442,-0.003592359529925461,0.010958891606044685,-0.0682660982210237,0,70,255.0,255.0,255.0
371,18.55,13.454629201115274,-2.2655373177159714,-13.904525134601927,-0.007491185545455206,0.12349849006729118,-1.3361985693390148,-0.0027162912924926673,0.009211217400168479,-0.06761958891780039,0,70,255.0,255.0,255.0
372,18.6,13.45425161150232,-2.2593516073884428,-13.971419318176151,-0.0076050984041440214,0.1239153590821527,-1.3395633860523242,-0.001840223055059874,0.007463543194292271,-0.06697307961457709,0,70,255.0,255.0,255.0
373,18.650000000000002,13.453869421331724,-2.2531472382029274,-14.03848093444941,-0.0076752078509611955,0.12424484438672041,-1.3428958773004727,-0.0009641548176270802,0.005715868988416065,-0.06632657031135378,0,70,255.0,255.0,255.0
374,18.7,13.453484820774086,-2.246928579344942,-14.105708367148443,-0.007701513885906731,0.12448694598099432,-1.3461960430834596,-8.80865801943494e-05,0.003968194782539983,-0.06568006100813052,0,70,255.0,255.0,255.0
375,18.75,13.4531,-2.2407,-14.1731,-0.007684016508980628,0.1246416638649744,-1.3494638834012855,0.0007879816572384443,0.002220520576663776,-0.06503355170490366,0,70,255.0,255.0,255.0
376,18.8,13.452716755189225,-2.2344645796139044,-14.240654499954967,-0.007646355169899186,0.12478638242136064,-1.3527163917028027,0.0007184719060191972,0.0035682216787861843,-0.06506678035578091,0,70,255.0,255.0,255.0
377,18.85,13.452335306558217,-2.228220238673612,-14.308371666860824,-0.0076121693183787064,0.12499848603285303,-1.3559705614368638,0.0006489621547999502,0.004915922780908593,-0.06510000900665816,0,70,255.0,255.0,255.0
378,18.900000000000002,13.451955480332595,-2.221963607926367,-14.376251583789198,-0.00758145895441919,0.1252779746994515,-1.3592263926034684,0.0005794524035807032,0.006263623883031002,-0.06513323765753541,0,70,255.0,255.0,255.0
379,18.95,13.451577102737982,-2.2156913181194153,-14.444294333811712,-0.007554224078020638,0.12562484842115612,-1.3624838852026173,0.0005099426523614611,0.007611324985153315,-0.06516646630841265,0,70,255.0,255.0,255.0
380,19.0,13.4512,-2.2094,-14.5125,-0.0075304646891830454,0.12603910719796685,-1.3657430392343097,0.00044043290114221395,0.008959026087275834,-0.06519969495929345,0,70,255.0,255.0,255.0
381,19.05,13.45082377812782,-2.20308756382841,-14.580868065578207,-0.007523393774941535,0.1264439802472654,-1.3689678638497682,-0.00015759633148180346,0.007235895884666352,-0.06379328965904632,0,70,255.0,255.0,255.0
382,19.1,13.450447162264812,-2.196757037917109,-14.64939561438056,-0.007546224322331226,0.1267626967864335,-1.3721223682002146,-0.0007556255641058209,0.00551276568205687,-0.06238688435879918,0,70,255.0,255.0,255.0
383,19.150000000000002,13.450068657337894,-2.190412730091602,-14.718079130393814,-0.007598956331352118,0.1269952568154711,-1.3752065522856483,-0.001353654796729838,0.0037896354794473884,-0.06098047905855204,0,70,255.0,255.0,255.0
384,19.200000000000003,13.449686768273985,-2.184058948177397,-14.78691509760471,-0.007681589802004212,0.12714166033437824,-1.3782204161060698,-0.0019516840293538557,0.0020665052768379065,-0.05957407375830491,0,70,255.0,255.0,255.0
385,19.25,13.4493,-2.1777,-14.8559,-0.0077941247342874975,0.1272019073431549,-1.3811639596614789,-0.0025497132619778443,0.0003433750742272146,-0.05816766845805965,0,70,255.0,255.0,255.0
386,19.3,13.448907332299491,-2.1713387650724547,-14.92503083773221,-0.007908069730341692,0.12726169658957437,-1.3840681528981333,-0.0020080865801898598,0.002048194782552428,-0.05800006100811181,0,70,255.0,255.0,255.0
387,19.35,13.448509644382533,-2.164972409657952,-14.99430667561694,-0.007994933392306487,0.12740672682141013,-1.38696396576229,-0.0014664598984018755,0.0037530144908776417,-0.05783245355816397,0,70,255.0,255.0,255.0
388,19.400000000000002,13.44810829031583,-2.158596671707223,-15.063727094635565,-0.008054715720181882,0.12763699803866216,-1.3898513982539498,-0.0009248332166138912,0.005457834199202855,-0.05766484610821613,0,70,255.0,255.0,255.0
389,19.450000000000003,13.447704624166084,-2.152207289170996,-15.133291675769463,-0.008087416713967876,0.12795251024133045,-1.3927304503731117,-0.00038320653482590674,0.007162653907528069,-0.05749723865826829,0,70,255.0,255.0,255.0
390,19.5,13.4473,-2.1458,-15.203,-0.008093036373664472,0.12835326342941492,-1.3956011221197764,0.00015842014696207385,0.008867473615851607,-0.05732963120831336,0,70,255.0,255.0,255.0
391,19.55,13.446895692674211,-2.139371775881772,-15.272851783492959,-0.008076327303681383,0.12876523339443982,-1.3984715245576942,0.0005099426523614775,0.0076113249851446785,-0.05748646630839467,0,70,255.0,255.0,255.0
392,19.6,13.446492660205054,-2.1329245234510816,-15.342847283151688,-0.008042042108428323,0.1291143959279294,-1.4013497687506158,0.0008614651577608811,0.0063551763544377506,-0.05764330140847598,0,70,255.0,255.0,255.0
393,19.650000000000002,13.446091781398788,-2.126461383079505,-15.412986891063937,-0.007990180787905293,0.1294007510298836,-1.4042358546985418,0.001212987663160285,0.005099027723730823,-0.057800136508557295,0,70,255.0,255.0,255.0
394,19.700000000000003,13.445693935061684,-2.1199854951386183,-15.483270999317462,-0.007920743342112294,0.12962429870030248,-1.4071297824014717,0.0015645101685596884,0.0038428790930238937,-0.05795697160863861,0,70,255.0,255.0,255.0
395,19.75,13.4453,-2.1135,-15.5537,-0.00783372977104933,0.12978503893918597,-1.4100315518594058,0.0019160326739590672,0.002586730462315945,-0.05811380670871458,0,70,255.0,255.0,255.0
396,19.8,13.444909897003665,-2.107006931400457,-15.62427322829596,-0.007786621054934311,0.1299493698326647,-1.4128777488710824,-3.168402935833643e-05,0.003986505276833016,-0.05573407375834801,0,70,255.0,255.0,255.0
397,19.85,13.444519714797254,-2.1005038965377216,-15.694985791776316,-0.007836898173985163,0.13018368946686926,-1.4156049592352407,-0.00197940073267574,0.005386280091350088,-0.053354340807981446,0,70,255.0,255.0,255.0
398,19.900000000000002,13.444124584089012,-2.093987395974758,-15.765831741108695,-0.007984561128201888,0.1304879978417997,-1.4182131829518807,-0.003927117435993143,0.0067860549058671605,-0.05097460785761488,0,70,255.0,255.0,255.0
399,19.950000000000003,13.44371963558718,-2.0874539302745294,-15.836805126960716,-0.008229609917584483,0.13086229495745602,-1.420702420021002,-0.005874834139310547,0.008185829720384232,-0.048594874907248314,0,70,255.0,255.0,255.0
400,20.0,13.4433,-2.0809,-15.9079,-0.008572044542132923,0.1313065808138381,-1.4230726704426053,-0.007822550842627785,0.00958560453489965,-0.04621514195687482,0,70,255.0,255.0,255.0
401,20.05,13.442862319311136,-2.074323698516401,-15.979112103323203,-0.008921188476568934,0.13172528727489918,-1.4254254799579835,-0.00614320653481246,0.0071626539075439685,-0.047897238658251975,0,70,255.0,255.0,255.0
402,20.1,13.442409280605935,-2.0677294903980328,-16.050443949743048,-0.009186365195614178,0.13202284620459248,-1.4278623943084305,-0.004463862226997136,0.004739703280188288,-0.049579335359629134,0,70,255.0,255.0,255.0
403,20.150000000000002,13.441945082245162,-2.0611234330214643,-16.1218997445013,-0.009367574699268653,0.13219925760291804,-1.4303834134939466,-0.0027845179191818116,0.0023167526528326066,-0.05126143206100629,0,70,255.0,255.0,255.0
404,20.200000000000003,13.441473922589596,-2.0545115837632637,-16.1934836928397,-0.009464816987532362,0.13225452146987576,-1.4329885375145313,-0.001105173611366488,-0.00010619797452307393,-0.052943528762383445,0,70,255.0,255.0,255.0
405,20.25,13.441,-2.0479,-16.2652,-0.009478092060405308,0.1321886378054657,-1.4356777663701845,0.0005741706964487586,-0.002529148601879694,-0.054625625463751604,0,70,255.0,255.0,255.0
406,20.3,13.440526425751798,-2.0412926745339393,-16.337051158411235,-0.00947262503878169,0.13212548106774388,-1.438348331296993,-0.0003554898315040626,2.879093006794009e-06,-0.052196971608581645,0,70,255.0,255.0,255.0
407,20.35,13.440051962779016,-2.034685341870146,-16.40903280925149,-0.009513641043555714,0.13218892571476637,-1.4408974635310428,-0.0012851503594568838,0.002534906787893282,-0.04976831775341168,0,70,255.0,255.0,255.0
408,20.400000000000002,13.439574286930336,-2.0280716719393834,-16.481138880886128,-0.00960114007472738,0.1323789717465332,-1.443325163072334,-0.0022148108874097054,0.00506693448277977,-0.04733966389824172,0,70,255.0,255.0,255.0
409,20.450000000000003,13.439091074054435,-2.0214453346724137,-16.55336330168051,-0.00973512213229669,0.13269561916304437,-1.445631429920867,-0.0031444714153625263,0.0075989621776662575,-0.044911010043071756,0,70,255.0,255.0,255.0
410,20.5,13.4386,-2.0148,-16.6257,-0.009915587216263623,0.1331388679642998,-1.4478162640766412,-0.004074131943315254,0.010130989872551677,-0.04248235618790197,0,70,255.0,255.0,255.0
411,20.55,13.438099177681675,-2.0081312033478413,-16.698144063031865,-0.010116311368327675,0.13359678845412318,-1.449949194854022,-0.003954834139246684,0.008185829720383236,-0.042834874907329026,0,70,255.0,255.0,255.0
412,20.6,13.437588468278003,-2.001441942121381,-16.770695213251003,-0.010311070630188296,0.13395745093633815,-1.4520997515673741,-0.0038355363351781128,0.006240669568214796,-0.04318739362675609,0,70,255.0,255.0,255.0
413,20.650000000000002,13.437068170033493,-1.9947370792210004,-16.843354331954203,-0.010499865001845491,0.13422085541094467,-1.4542679342166978,-0.0037162385311095424,0.0042955094160463565,-0.043539912346183145,0,70,255.0,255.0,255.0
414,20.700000000000003,13.436538581192655,-1.98802147754708,-16.91612230043827,-0.010682694483299258,0.13438700187794278,-1.4564537428019926,-0.003596940727040972,0.002350349263877916,-0.0438924310656102,0,70,255.0,255.0,255.0
415,20.75,13.436,-1.9813,-16.989,-0.010859559074549581,0.13445589033733243,-1.4586571773232586,-0.00347764292297241,0.0004051891117085038,-0.04424494978503368,0,70,255.0,255.0,255.0
416,20.8,13.435452863521498,-1.9745761120746963,-17.061987789461302,-0.011022129487907947,0.13451136511576237,-1.4608468892869435,-0.0030251736113620993,0.001813802025488951,-0.043343528762365566,0,70,255.0,255.0,255.0
417,20.85,13.434898164108969,-1.9678476896443287,-17.13508393774451,-0.011162076435685795,0.13463727053988134,-1.4629915301994953,-0.002572704299751789,0.003222414939269398,-0.04244210773969745,0,70,255.0,255.0,255.0
418,20.900000000000002,13.434337032935689,-1.9611112111766131,-17.20828619129707,-0.01127939991788313,0.13483360660968932,-1.4650911000609135,-0.0021202349881414787,0.004631027853049845,-0.04154068671702933,0,70,255.0,255.0,255.0
419,20.950000000000003,13.43377060117494,-1.954363155139265,-17.28159229656642,-0.011374099934499947,0.13510037332518632,-1.467145598871198,-0.001667765676531168,0.006039640766830293,-0.04063926569436122,0,70,255.0,255.0,255.0
420,21.0,13.4332,-1.9476,-17.355,-0.011446176485536246,0.13543757068637233,-1.4691550266303495,-0.0012152963649209036,0.007448253680610639,-0.039737844671689615,0,70,255.0,255.0,255.0
421,21.05,13.432626168232328,-1.9408195483533734,-17.428507179122928,-0.011507170680043442,0.13576575108282904,-1.4711272479982171,-0.0012244714153669346,0.0056789621776576395,-0.03915101004301639,0,70,255.0,255.0,255.0
422,21.1,13.43204927528612,-1.9340248993013027,-17.502112235770966,-0.01156862362707294,0.13600546690413812,-1.4730701276346512,-0.0012336464658129656,0.00390967067470464,-0.03856417541434316,0,70,255.0,255.0,255.0
423,21.150000000000002,13.431469298223746,-1.9272204760725453,-17.575813702857538,-0.011630535326624742,0.1361567181502995,-1.4749836655396515,-0.0012428215162589966,0.002140379171751641,-0.037977340785669944,0,70,255.0,255.0,255.0
424,21.200000000000003,13.43088621410758,-1.9204107018958585,-17.649610113296077,-0.011692905778698841,0.13621950482131326,-1.4768678617132183,-0.0012519965667050275,0.00037108766879864145,-0.03739050615699672,0,70,255.0,255.0,255.0
425,21.25,13.4303,-1.9136,-17.7235,-0.011755734983295239,0.13619382691717935,-1.4787227161553511,-0.0012611716171510162,-0.0013982038341553427,-0.036803671528323534,0,70,255.0,255.0,255.0
426,21.3,13.429710463549185,-1.9067912945118093,-17.79748189404699,-0.011829187791900153,0.1361696305529224,-1.4805481187201999,-0.0016769407270454482,0.0004303492638773759,-0.03621243106562736,0,70,255.0,255.0,255.0
427,21.35,13.429116734746552,-1.8999815131504592,-17.87155431917164,-0.011923429055999786,0.1362368618435671,-1.482343959261914,-0.00209270983693988,0.0022589023619100945,-0.03562119060293119,0,70,255.0,255.0,255.0
428,21.400000000000002,13.428517774169327,-1.8931660845332041,-17.945715797272797,-0.012038458775594143,0.1363955207891134,-1.4841102377804931,-0.002508478946834312,0.004087455459942812,-0.03502995014023502,0,70,255.0,255.0,255.0
429,21.450000000000003,13.427912542394735,-1.8863404372772994,-18.019964850249302,-0.012174276950683221,0.13664560738956139,-1.4858469542759374,-0.002924248056728744,0.005916008557975532,-0.03443870967753885,0,70,255.0,255.0,255.0
430,21.5,13.4273,-1.8795,-18.0943,-0.012330883581267008,0.13698712164491095,-1.487554108748247,-0.0033400171666231326,0.007744561656007676,-0.03384746921484272,0,70,255.0,255.0,255.0
431,21.55,13.426679177570934,-1.8726416735993883,-18.16871964468913,-0.012504078152347461,0.1373317267054819,-1.4892242771209756,-0.0035877656765949595,0.006039640766830232,-0.03295926569430952,0,70,255.0,255.0,255.0
432,21.6,13.426049385727675,-1.8657682480968591,-18.2432216875425,-0.012689660148926508,0.13759108572159398,-1.490850035317678,-0.0038355141865667867,0.004334719877652789,-0.03207106217377633,0,70,255.0,255.0,255.0
433,21.650000000000002,13.425410005098948,-1.858883985794636,-18.317803908051303,-0.012887629571004146,0.1377651986932472,-1.4924313833383533,-0.004083262696538614,0.002629798988475345,-0.031182858653243134,0,70,255.0,255.0,255.0
434,21.700000000000003,13.42476041631348,-1.851993148994942,-18.392464085706735,-0.013097986418580376,0.1378540656204415,-1.4939683211830022,-0.004331011206510441,0.000924878099297902,-0.03029465513270994,0,70,255.0,255.0,255.0
435,21.75,13.4241,-1.8451,-18.4672,-0.013320730691655182,0.13785768650317698,-1.4954608488516246,-0.004578759716482236,-0.0007800427898794204,-0.029406451612178586,0,70,255.0,255.0,255.0
436,21.8,13.423428826167084,-1.8382076110906371,-18.54200992719649,-0.013514499598733049,0.13784746262514994,-1.496938772795856,-0.0031719965666322843,0.0003710876687982698,-0.02971050615708251,0,70,255.0,255.0,255.0
437,21.85,13.422749722342749,-1.8313142944621024,-18.61689413065837,-0.013637930348318415,0.13789479527005682,-1.498431899467333,-0.001765233416782332,0.00152221812747596,-0.030014560701986433,0,70,255.0,255.0,255.0
438,21.900000000000002,13.422066205434875,-1.8244171722882492,-18.69185337052201,-0.013691022940411284,0.13799968443789754,-1.4999402288660548,-0.00035847026693237947,0.0026733485861536502,-0.03031861524689036,0,70,255.0,255.0,255.0
439,21.950000000000003,13.421381792351335,-1.8175133667429304,-18.76688840692377,-0.013673777375011652,0.13816213012867218,-1.501463760992022,0.0010482928829175725,0.0038244790448313404,-0.030622669791794285,0,70,255.0,255.0,255.0
440,22.0,13.4207,-1.8106,-18.842,-0.013586193652119534,0.13838213234238067,-1.5030024958452342,0.0024550560327674525,0.004975609503508505,-0.030926724336698186,0,70,255.0,255.0,255.0
441,22.05,13.42002311776073,-1.8036750820380623,-18.91718784652491,-0.013501923452718789,0.13860642279391777,-1.5044926316955904,0.0009157519432623305,0.00399600855797527,-0.028678709677551917,0,70,255.0,255.0,255.0
442,22.1,13.41934852490132,-1.7967401740547293,-18.99244738982401,-0.0134946184577933,0.13878173319817821,-1.5058703668129896,-0.0006235521462427916,0.0030164076124420346,-0.02643069501840565,0,70,255.0,255.0,255.0
443,22.150000000000002,13.418672373161543,-1.7897977250523653,-19.06777300986066,-0.013564278667343067,0.13890806355516197,-1.5071357011974311,-0.0021628562357479137,0.0020368066669088,-0.024182680359259384,0,70,255.0,255.0,255.0
444,22.200000000000003,13.417990814281177,-1.7828501840333342,-19.143159086598207,-0.013710904081368094,0.1389854138648691,-1.5082886348489153,-0.003702160325253036,0.0010572057213755646,-0.021934665700113116,0,70,255.0,255.0,255.0
445,22.25,13.4173,-1.7759,-19.2186,-0.013934494699868356,0.13901378412729953,-1.5093291677674425,-0.005241464414758035,7.760477584151104e-05,-0.019686651040972336,0,70,255.0,255.0,255.0
446,22.3,13.416597102789991,-1.7689488607571138,-19.294091486703877,-0.014173806590400071,0.13903884619917803,-1.5103387004217836,-0.004331011206510425,0.0009248780992977444,-0.02069465513266701,0,70,255.0,255.0,255.0
447,22.35,13.415883378051966,-1.7619954093189791,-19.369634710045588,-0.014367595820519405,0.13910627193722933,-1.5113986332807092,-0.0034205579982628147,0.0017721514227539777,-0.02170265922436168,0,70,255.0,255.0,255.0
448,22.400000000000002,13.415161101918946,-1.7550375275022876,-19.445232190035362,-0.014515862390226357,0.1392160613414534,-1.5125089663442197,-0.002510104790015205,0.002619424746210211,-0.022710663316056354,0,70,255.0,255.0,255.0
449,22.450000000000003,13.41443255052395,-1.7480730971237306,-19.52088644668342,-0.01461860629952093,0.13936821441185032,-1.513669699612315,-0.0015996515817675951,0.0034666980696664443,-0.023718667407751026,0,70,255.0,255.0,255.0
450,22.5,13.4137,-1.7411,-19.5966,-0.014675827548403119,0.13956273114842002,-1.514880833084995,-0.0006891983735200641,0.0043139713931219514,-0.02472667149945096,0,70,255.0,255.0,255.0
451,22.55,13.412965271079303,-1.7341166749334829,-19.67237420665958,-0.014714850185668071,0.13976619240936897,-1.5160725666172765,-0.0008717071170780242,0.003824479044835398,-0.02294266979181214,0,70,255.0,255.0,255.0
452,22.6,13.412228362890815,-1.7271237886693531,-19.748205769993636,-0.014762998260110924,0.13994517905290357,-1.5171751000641762,-0.0010542158606359844,0.0033349866965488445,-0.02115866808417332,0,70,255.0,255.0,255.0
453,22.650000000000002,13.411488819162672,-1.7201225649384824,-19.82409022999791,-0.014820271771731673,0.14009969107902387,-1.5181884334256939,-0.0012367246041939445,0.002845494348262291,-0.0193746663765345,0,70,255.0,255.0,255.0
454,22.700000000000003,13.41074618362302,-1.713114227471741,-19.90002312666812,-0.014886670720530319,0.1402297284877298,-1.5191125667018297,-0.0014192333477519047,0.0023560019999757376,-0.01759066466889568,0,70,255.0,255.0,255.0
455,22.75,13.41,-1.7061,-19.976,-0.014962195106506858,0.1403352912790214,-1.5199474998925835,-0.0016017420913097685,0.0018665096516885527,-0.015806662961253437,0,70,255.0,255.0,255.0
456,22.8,13.409249812892796,-1.6990812395089552,-20.052017286657808,-0.01504679266692189,0.14040838416334786,-1.5207470331091182,-0.0017821603252914818,0.0010572057213709901,-0.016174665700127384,0,70,255.0,255.0,255.0
457,22.85,13.40849517038478,-1.692059836003607,-20.12807500997986,-0.015140411139036008,0.14044101185115848,-1.521564966462596,-0.001962578559273195,0.00024790179105342786,-0.01654266843900133,0,70,255.0,255.0,255.0
458,22.900000000000002,13.407735621430364,-1.685037812743781,-20.204174089973016,-0.015243050522849213,0.14043317434245323,-1.522401299953018,-0.0021429967932549083,-0.0005614021392641344,-0.016910671177875272,0,70,255.0,255.0,255.0
459,22.950000000000003,13.406970714983967,-1.6780171929893033,-20.280315446644114,-0.015354710818361502,0.14038487163723207,-1.523256033580384,-0.0023234150272366215,-0.001370706069581697,-0.01727867391674922,0,70,255.0,255.0,255.0
460,23.0,13.4062,-1.671,-20.3565,-0.01547539202557287,0.14029610373549506,-1.5241291673446933,-0.0025038332612183217,-0.00218000999990009,-0.017646676655614257,0,70,255.0,255.0,255.0
461,23.05,13.405423477349512,-1.663987167030696,-20.432727846709202,-0.015577979146646668,0.1402322709372392,-1.5249713009462762,-0.0015996515817335586,-0.00037330193033377696,-0.016038667407699925,0,70,255.0,255.0,255.0
462,23.1,13.404642955570068,-1.656975267316218,-20.508995790086924,-0.01563535718374623,0.1402587735424617,-1.5257330340854631,-0.0006954699022487956,0.001433406139232536,-0.01443065815978559,0,70,255.0,255.0,255.0
463,23.150000000000002,13.403860695115869,-1.6499597840863915,-20.585299810110044,-0.01564752613687155,0.14037561155116246,-1.5264143667622547,0.0002087117772359673,0.0032401142087988494,-0.012822648911871258,0,70,255.0,255.0,255.0
464,23.200000000000003,13.403078956441112,-1.6429362005710435,-20.661635886755445,-0.015614486006022629,0.14058278496334156,-1.5270152989766506,0.0011128934567207305,0.005046822278365162,-0.011214639663956924,0,70,255.0,255.0,255.0
465,23.25,13.4023,-1.6359,-20.738,-0.015536236791199483,0.14088029377899897,-1.5275358307286502,0.002017075136205415,0.006853530347931791,-0.009606630416033823,0,70,255.0,255.0,255.0
466,23.3,13.40152507770916,-1.62884849236826,-20.81438892650539,-0.015473290746488256,0.14115853208769663,-1.5280237631057738,0.0005007666522436455,0.004276001999975473,-0.009910664668911554,0,70,255.0,255.0,255.0
467,23.35,13.400751407334948,-1.62178629473152,-20.890802629672457,-0.015486160125975118,0.1413078939789965,-1.5285268971955415,-0.001015541831718124,0.0016984736520191546,-0.010214698921789287,0,70,255.0,255.0,255.0
468,23.400000000000002,13.399975198106159,-1.61471985091065,-20.967241869586825,-0.015574844929660069,0.14132837945289856,-1.5290452329979527,-0.0025318503156798932,-0.0008790546959371636,-0.01051873317466702,0,70,255.0,255.0,255.0
469,23.450000000000003,13.399192659251577,-1.60765560472652,-21.04370740633413,-0.015739345157543112,0.14121998850940282,-1.529578770513008,-0.004048158799641663,-0.0034565830438934818,-0.01082276742754475,0,70,255.0,255.0,255.0
470,23.5,13.3984,-1.6006,-21.1202,-0.01597966080962422,0.14098272114850927,-1.5301275097407074,-0.005564467283603269,-0.006034111391848951,-0.011126801680420684,0,70,255.0,255.0,255.0
471,23.55,13.397594611813854,-1.5935572634962634,-21.196719647269237,-0.01622485786739596,0.1407496007119735,-1.530645646630637,-0.004243415027266198,-0.0032907060695817115,-0.00959867391676459,0,70,255.0,255.0,255.0
472,23.6,13.39677861509014,-1.5865227537577007,-21.273263291223262,-0.016404002312350847,0.14065365054155107,-1.5310873771323839,-0.002922362770929128,-0.0005473007473144722,-0.008070546153108494,0,70,255.0,255.0,255.0
473,23.650000000000002,13.395955312459499,-1.579489612271006,-21.349827111542673,-0.01651709414448888,0.14069487063724204,-1.5314527012459478,-0.0016013105145920572,0.0021961045749527685,-0.0065424183894523995,0,70,255.0,255.0,255.0
474,23.700000000000003,13.395128006552573,-1.5724509805228744,-21.426407287908056,-0.016564133363810053,0.14087326099904637,-1.5317416189713293,-0.0002802582582549862,0.0049395098972200065,-0.005014290625796305,0,70,255.0,255.0,255.0
475,23.75,13.3943,-1.5654,-21.503,-0.01654511997031438,0.14118882162696403,-1.5319541303085278,0.0010407939980820458,0.007682915219486608,-0.003486162862138542,0,70,255.0,255.0,255.0
476,23.8,13.393474075035423,-1.5583320536466863,-21.579602084417672,-0.01649127778394346,0.14150706506441033,-1.5321296503716788,0.001112893456754783,0.005046822278364889,-0.0035346396639006636,0,70,255.0,255.0,255.0
477,23.85,13.392650932304488,-1.5512514902376764,-21.656213005434502,-0.0164338306246389,0.14169350385480053,-1.5323075942749178,0.0011849929154275206,0.0024107293372431695,-0.0035831164656627847,0,70,255.0,255.0,255.0
478,23.900000000000002,13.39183075205584,-1.5441649000053235,-21.7328328842425,-0.016372778492400708,0.14174813799813463,-1.532487962018245,0.001257092374100258,-0.00022536360387854885,-0.0036315932674249062,0,70,255.0,255.0,255.0
479,23.950000000000003,13.39101371453813,-1.5370788731819802,-21.809461842033667,-0.016308121387228876,0.14167096749441266,-1.5326707536016604,0.0013291918327729953,-0.002861456545000269,-0.0036800700691870273,0,70,255.0,255.0,255.0
480,24.0,13.3902,-1.53,-21.8861,-0.01623985930912341,0.1414619923436346,-1.5328559690251637,0.0014012912914457831,-0.005497549486122466,-0.0037285468709455927,0,70,255.0,255.0,255.0
481,24.05,13.389389088044453,-1.5229329219169916,-21.96274721506008,-0.016210030996827676,0.1412381390303842,-1.533027751882628,-0.00020815879961640972,-0.003456583043892951,-0.0031427674276301248,0,70,255.0,255.0,255.0
482,24.1,13.388577655691908,-1.5158744852915929,-22.039402287038726,-0.016260675189085052,0.1411163340392453,-1.5331702457679266,-0.0018176088906786026,-0.0014156166016634358,-0.002556987984314657,0,70,255.0,255.0,255.0
483,24.150000000000002,13.387761679317137,-1.5088195877076984,-22.116063751487335,-0.01639179188589554,0.14109657737021786,-1.5332834506810598,-0.0034270589817407956,0.0006253498405660793,-0.0019712085409991894,0,70,255.0,255.0,255.0
484,24.200000000000003,13.38693713529491,-1.5017631267492024,-22.1927301439573,-0.016603381087259138,0.1411788690233019,-1.5333673666220267,-0.005036509072802988,0.0026663162827955944,-0.0013854290976837214,0,70,255.0,255.0,255.0
485,24.25,13.3861,-1.4947,-22.2694,-0.01689544279317582,0.1413632089984974,-1.5334219935908282,-0.006645959163865123,0.00470728272502452,-0.0007996496543665188,0,70,255.0,255.0,255.0
486,24.3,13.385247972786765,-1.4876266586853468,-22.346071455342017,-0.01716459822873031,0.14155637881405353,-1.533423342097831,-0.0041202582583142995,0.0030195098972198168,0.0007457093742591289,0,70,255.0,255.0,255.0
487,24.35,13.384385644927882,-1.4805457685959509,-22.422741046410593,-0.017307468619007258,0.1416651599882194,-1.5333474226534023,-0.0015945573527634763,0.0013317370694151142,0.0022910684028847766,0,70,255.0,255.0,255.0
488,24.400000000000002,13.383519330675616,-1.4734615491638814,-22.499404909808167,-0.017324053964006658,0.14168955252099505,-1.5331942352575425,0.0009311435527873469,-0.0003560357583895892,0.0038364274315104245,0,70,255.0,255.0,255.0
489,24.450000000000003,13.382655344282236,-1.4663782198212076,-22.57605918213716,-0.01721435426372852,0.14162955641238043,-1.5329637799102511,0.00345684445833817,-0.0020438085861942913,0.005381786460136072,0,70,255.0,255.0,255.0
490,24.5,13.3818,-1.4593,-22.6527,-0.01697836951817286,0.14148517166237562,-1.5326560566115286,0.005982545363888758,-0.0037315814139988746,0.0069271454887633865,0,70,255.0,255.0,255.0
491,24.55,13.38095742080849,-1.4522300433416198,-22.729324563571865,-0.016747576088256423,0.14132034571340063,-1.5323348797260379,0.003249191832768489,-0.002861456545000417,0.00591992993085951,0,70,255.0,255.0,255.0
492,24.6,13.380122964596564,-1.4451672403246023,-22.8059343273189,-0.016653450334896007,0.14119902600787557,-1.5320640636184426,0.0005158383016482197,-0.001991331676001959,0.004912714372955634,0,70,255.0,255.0,255.0
493,24.650000000000002,13.379289797980393,-1.4381094156367746,-22.88253180928001,-0.016695992258091603,0.14112121254580043,-1.5318436082887426,-0.0022175152294720505,-0.0011212068070035014,0.003905498815051757,0,70,255.0,255.0,255.0
494,24.700000000000003,13.378451087576147,-1.4310543939659646,-22.959119527494078,-0.016875201857843213,0.14108690532717522,-1.5316735137369375,-0.004950868760592319,-0.00025108193800504365,0.002898283257147881,0,70,255.0,255.0,255.0
495,24.75,13.3776,-1.424,-23.0357,-0.01719107913415081,0.14109610435199993,-1.5315537799630277,-0.0076842222917123115,0.0006190429309933521,0.001891067699251181,0,70,255.0,255.0,255.0
496,24.8,13.37673194397927,-1.4169443679481728,-23.112274290370525,-0.01750909741826199,0.14113023833234464,-1.5313971389979906,-0.005036509072734642,0.0007463162827955135,0.004374570902236776,0,70,255.0,255.0,255.0
497,24.85,13.375851296685855,-1.4098868701056388,-23.1888376443138,-0.017694730041424283,0.14117073598027946,-1.531116322872804,-0.0023887958537569722,0.0008735896345976749,0.006858074105222371,0,70,255.0,255.0,255.0
498,24.900000000000002,13.37496467740281,-1.4028271882890182,-23.265383853071803,-0.01774797700363769,0.14121759729580444,-1.5307113315874683,0.00025891736522069657,0.0010008629863998363,0.009341577308207966,0,70,255.0,255.0,255.0
499,24.950000000000003,13.374078705413176,-1.3957650043149317,-23.341906707886544,-0.01766883830490221,0.14127082227891946,-1.5301821651419831,0.002906630584198367,0.0011281363382019977,0.011825080511193561,0,70,255.0,255.0,255.0
500,25.0,13.3732,-1.3887,-23.4184,-0.017457313945217868,0.1413304109296246,-1.5295288235363487,0.005554343803175904,0.001255409690003484,0.014308583714191414,0,70,255.0,255.0,255.0
501,25.05,13.372333203274435,-1.381632484865688,-23.494859074946028,-0.01723203423868087,0.1413587009572198,-1.5288445642819908,0.0034568444583038737,-0.0001238085861945599,0.013061786460122331,0,70,255.0,255.0,255.0
502,25.1,13.371475048660011,-1.3745652792528413,-23.57128549542591,-0.017111629499387476,0.14131803007100513,-1.5282226448903364,0.0013593451134318434,-0.0015030268623926037,0.011814989206053249,0,70,255.0,255.0,255.0
503,25.150000000000002,13.370620292408374,-1.3675018312071507,-23.64768237843278,-0.017096099727337687,0.14120839827098053,-1.5276630653613854,-0.000738154231440186,-0.002882245138590648,0.010568191951984164,0,70,255.0,255.0,255.0
504,25.200000000000003,13.369763690771158,-1.3604455887743065,-23.724052840959764,-0.017185444922531493,0.14102980555714606,-1.527165825695138,-0.002835653576312217,-0.004261463414788691,0.009321394697915082,0,70,255.0,255.0,255.0
505,25.25,13.3689,-1.3534,-23.8004,-0.017379665084968892,0.14078225192950167,-1.5267309258915938,-0.004933152921184042,-0.0056406816909868596,0.008074597443847864,0,70,255.0,255.0,255.0
506,25.3,13.368025642923,-1.3463672925890746,-23.876725409845353,-0.017578765627014263,0.14053895783877687,-1.5262646038740677,-0.003030868760630657,-0.004091081938004471,0.010578283257198286,0,70,255.0,255.0,255.0
507,25.35,13.3671437086741,-1.3393448128829946,-23.953024373982565,-0.017682751961031962,0.14037314373570123,-1.5256730975658739,-0.001128584600077272,-0.0025414821850220817,0.013081969070548708,0,70,255.0,255.0,255.0
508,25.400000000000002,13.366258952963697,-1.332328686882377,-24.029290633197096,-0.017691624087021993,0.14028480962027468,-1.5249564069670127,0.0007736995604761135,-0.0009918824320396926,0.015585654883899132,0,70,255.0,255.0,255.0
509,25.450000000000003,13.365376131502197,-1.3253150405878396,-24.105517928274423,-0.01760538200498435,0.14027395549249724,-1.524114532077484,0.002675983721029498,0.0005577173209426961,0.018089340697249552,0,70,255.0,255.0,255.0
510,25.5,13.3645,-1.3183,-24.1817,-0.017424025714919054,0.14034058135236896,-1.5231474728972878,0.004578267881582859,0.002107317073925641,0.0205930265105998,0,70,255.0,255.0,255.0
511,25.55,13.363633825033565,-1.3112807447780124,-24.257832085672558,-0.01723690325327282,0.14042146768767214,-1.5221450202217435,0.00290663058426646,0.0011281363382017544,0.01950508051118119,0,70,255.0,255.0,255.0
512,25.6,13.36277491664359,-1.304258669215179,-24.33391540864384,-0.0171333626564924,0.14045339498618914,-1.5211969648461696,0.0012349932869500616,0.00014895560247786804,0.018417134511762582,0,70,255.0,255.0,255.0
513,25.650000000000002,13.361919095736834,-1.2972362212633397,-24.409952688778844,-0.01711340392457781,0.14043636324791994,-1.5203033067705671,-0.00043664401036633705,-0.0008302251332460184,0.01732918851234397,0,70,255.0,255.0,255.0
514,25.700000000000003,13.361062183220053,-1.2902158488743334,-24.48594664594257,-0.017177027057529038,0.14037037247286455,-1.5194640459949351,-0.002108281307682736,-0.0018094058689699048,0.016241242512925365,0,70,255.0,255.0,255.0
515,25.75,13.3602,-1.2832,-24.5619,-0.017324232055346073,0.14025542266102295,-1.5186791825192743,-0.0037799186049990163,-0.0027885866046937213,0.015153296513515713,0,70,255.0,255.0,255.0
516,25.8,13.359329456942739,-1.2761905282988755,-24.637814247464416,-0.017489621359879706,0.14012717141053588,-1.5178753152389872,-0.00283565357634619,-0.0023414634147891737,0.017001394697969754,0,70,255.0,255.0,255.0
517,25.85,13.358451824751537,-1.269186910256288,-24.713685991442084,-0.0176077974129807,0.14002127631954403,-1.5169790430494774,-0.0018913885476933632,-0.001894340224884626,0.0188494928824238,0,70,255.0,255.0,255.0
518,25.900000000000002,13.357569464088964,-1.2621880280642626,-24.789510611687547,-0.017678760214649043,0.1399377373880474,-1.5159903659507445,-0.0009471235190405365,-0.001447217034980078,0.02069759106687784,0,70,255.0,255.0,255.0
519,25.950000000000003,13.356684735617597,-1.2551927639148246,-24.865283487955335,-0.01770250976488475,0.139876554616046,-1.5149092839427893,-2.858490387710154e-06,-0.0010000938450755305,0.022545689251331887,0,70,255.0,255.0,255.0
520,26.0,13.3558,-1.2482,-24.941,-0.017679046063687823,0.13983772800353986,-1.5137357970256116,0.0009414065382650771,-0.0005529706551710145,0.024393787435785796,0,70,255.0,255.0,255.0
521,26.05,13.354917147195483,-1.2412091420264852,-25.016656524469795,-0.0176366113072062,0.13978984667018404,-1.5125297188222862,0.0007559837209998284,-0.001362282679061056,0.023849340697234205,0,70,255.0,255.0,255.0
522,26.1,13.354036184350264,-1.2342216897596678,-25.092253425587845,-0.017603447691587837,0.13970149973563376,-1.511350862955888,0.0005705609037345797,-0.0021715947029510973,0.023304893958682613,0,70,255.0,255.0,255.0
523,26.150000000000002,13.353156647907308,-1.2272396664796081,-25.167792064470998,-0.017579555216832743,0.13957268719988894,-1.5101992294264177,0.00038513808646933087,-0.0029809067268411382,0.022760447220131017,0,70,255.0,255.0,255.0
524,26.200000000000003,13.352278074309568,-1.2202650954663654,-25.243273802236104,-0.017564933882940902,0.13940340906294962,-1.5090748182338751,0.00019971526920408214,-0.0037902187507311796,0.022216000481579425,0,70,255.0,255.0,255.0
525,26.25,13.3514,-1.2133,-25.3187,-0.017559583689912332,0.1391936653248158,-1.50797762937826,1.4292451938791029e-05,-0.0045995307746222736,0.021671553743026095,0,70,255.0,255.0,255.0
526,26.3,13.350521954275335,-1.2063457035951834,-25.394070854656416,-0.01756393341130519,0.1389854419087261,-1.5068378094718633,-0.00018828130765304052,-0.0037294058689656727,0.023921242512844318,0,70,255.0,255.0,255.0
527,26.35,13.349643437847405,-1.1994007307050392,-25.469381906206543,-0.017578411820677636,0.13882072473791923,-1.5055855051269758,-0.00039085506724487206,-0.002859280963309072,0.026170931282662544,0,70,255.0,255.0,255.0
528,26.400000000000002,13.348763944281801,-1.1924629060173033,-25.54462753042847,-0.017603018918029678,0.1386995138123952,-1.504220716343597,-0.0005934288268367036,-0.001989156057652471,0.028420620052480767,0,70,255.0,255.0,255.0
529,26.450000000000003,13.347882967144134,-1.1855300542197114,-25.619802103100266,-0.017637754703361305,0.138621809132154,-1.5027434431217275,-0.0007960025864285352,-0.0011190311519958702,0.030670308822298993,0,70,255.0,255.0,255.0
530,26.5,13.347,-1.1786,-25.6949,-0.01768261917667253,0.13858761069719558,-1.5011536854613672,-0.0009985763460204355,-0.00024890624633999714,0.032919997592113504,0,70,255.0,255.0,255.0
531,26.55,13.346115035703173,-1.171671243592781,-25.76991685690456,-0.017707655047582736,0.1385563856949103,-1.4995270432902783,-2.8584903877606777e-06,-0.0010000938450712145,0.03214568925144475,0,70,255.0,255.0,255.0
532,26.6,13.345230064260122,-1.1647449874201743,-25.844853349585982,-0.017682905025711307,0.13848760131268845,-1.4979391165362228,0.0009928593652449142,-0.0017512814438024318,0.031371380910776,0,70,255.0,255.0,255.0
533,26.650000000000002,13.344347574965482,-1.1578231094511775,-25.91971141381513,-0.01760836911105824,0.13838125755053007,-1.4963899051992007,0.001988577220877589,-0.002502469042533649,0.030597072570107253,0,70,255.0,255.0,255.0
534,26.700000000000003,13.343470057113894,-1.150907487654787,-25.994492985362854,-0.017484047303623546,0.1382373544084351,-1.494879409279212,0.002984295076510264,-0.0032536566412648665,0.029822764229438505,0,70,255.0,255.0,255.0
535,26.75,13.3426,-1.144,-26.0692,-0.017309939603407223,0.1380558918864036,-1.4934076287762568,0.00398001293214284,-0.004004844239995808,0.02904845588877336,0,70,255.0,255.0,255.0
536,26.8,13.341738702911968,-1.1371021220336925,-26.14383371772537,-0.01715744639837281,0.1378610153116353,-1.4919340173670002,0.0021197152692336643,-0.0037902187507358825,0.029896000481493712,0,70,255.0,255.0,255.0
537,26.85,13.34088270511211,-1.1302137196142619,-26.21839269544954,-0.017097968076483856,0.13767687001133,-1.4904180287281072,0.0002594176063244885,-0.003575593261475956,0.030743545074214066,0,70,255.0,255.0,255.0
538,26.900000000000002,13.340027355856266,-1.1233342561779849,-26.292874814311023,-0.01713150463774036,0.1375034559854877,-1.4888596628595787,-0.0016008800565846873,-0.00336096777221603,0.03159108966693441,0,70,255.0,255.0,255.0
539,26.950000000000003,13.339168004400282,-1.1164631951611383,-26.36727795544834,-0.017258056082142325,0.1373407732341084,-1.4872589197614139,-0.003461177719493863,-0.0031463422829561037,0.03243863425965477,0,70,255.0,255.0,255.0
540,27.0,13.3383,-1.1096,-26.4416,-0.017477622409689732,0.13718882175719213,-1.485615799433613,-0.0053214753824028516,-0.002931716793696415,0.03328617885238394,0,70,255.0,255.0,255.0
541,27.05,13.337420552648952,-1.1027442682724484,-26.51583867219396,-0.01767855935891126,0.1370395530585497,-1.4839208872417462,-0.00271600258645814,-0.003039031152000639,0.03451030882229029,0,70,255.0,255.0,255.0
542,27.1,13.33653431529144,-1.0958961341227766,-26.58999106861587,-0.01774922266833555,0.13688491864199206,-1.482164768551384,-0.00011052979051342886,-0.003146345510304863,0.035734438792196635,0,70,255.0,255.0,255.0
543,27.150000000000002,13.335647801609449,-1.089055865836881,-26.664054128940798,-0.0176896123379626,0.1367249185075192,-1.4803474433625263,0.0024949430054312834,-0.003253659868609087,0.03695856876210298,0,70,255.0,255.0,255.0
544,27.200000000000003,13.334767525284972,-1.0822237317006567,-26.738024792843817,-0.017499728367792417,0.13655955265513117,-1.4784689116751737,0.005100415801375994,-0.0033609742269133107,0.03818269873200933,0,70,255.0,255.0,255.0
545,27.25,13.3339,-1.0754,-26.8119,-0.01717957075782502,0.1363888210848279,-1.4765291734893256,0.007705888597320604,-0.0034682885852179712,0.039406828701915586,0,70,255.0,255.0,255.0
546,27.3,13.333049486492222,-1.0685848048765132,-26.88567719349879,-0.016864316165979356,0.13622077245416583,-1.474558433666039,0.004904295076505704,-0.003253656641264732,0.039422764229552244,0,70,255.0,255.0,255.0
547,27.35,13.332211233722134,-1.0617777438946299,-26.959355830087,-0.01668914125017444,0.13606345542070142,-1.4725868970663702,0.0021027015556908035,-0.003039024697311493,0.0394386997571889,0,70,255.0,255.0,255.0
548,27.400000000000002,13.331378237705938,-1.0549782804744896,-27.032935869925822,-0.016654046010410276,0.13591686998443467,-1.47061456369032,-0.0006988919651240953,-0.002824392753358253,0.039454635284825554,0,70,255.0,255.0,255.0
549,27.450000000000003,13.330543494459826,-1.048185878036233,-27.10641727317643,-0.016759030446686852,0.13578101614536559,-1.4686414335378875,-0.0035004854859389967,-0.002609760809405014,0.03947057081246221,0,70,255.0,255.0,255.0
550,27.5,13.3297,-1.0414,-27.1798,-0.017004094559004153,0.13565589390349417,-1.466667506609074,-0.00630207900675378,-0.002395128865452234,0.039486506340097094,0,70,255.0,255.0,255.0
551,27.55,13.328843101382162,-1.0346205122214975,-27.2530837538109,-0.017248175977160347,0.13551735712478408,-1.4646773780940823,-0.0034611777194937616,-0.003146342282951908,0.04011863425957359,0,70,255.0,255.0,255.0
552,27.6,13.327977549820023,-1.0278488902987026,-27.326267211036146,-0.017350212330953532,0.13534125967519897,-1.4626556431831166,-0.0006202764322337431,-0.0038975557004515817,0.04075076217905009,0,70,255.0,255.0,255.0
553,27.650000000000002,13.327110447566808,-1.021087012265159,-27.399348791355948,-0.01731020362038372,0.1351276015547389,-1.4606023018761771,0.0022206248550262746,-0.004648769117951255,0.04138289009852659,0,70,255.0,255.0,255.0
554,27.700000000000003,13.326248896875725,-1.0143367561544099,-27.4723269144505,-0.017128149845450902,0.13487638276340386,-1.458517354173264,0.005061526142286294,-0.0053999825354509295,0.042015018018003086,0,70,255.0,255.0,255.0
555,27.75,13.3254,-1.0076,-27.5452,-0.01680405100615511,0.1345876033011938,-1.456400800074377,0.00790242742954611,-0.006151195952950772,0.04264714593748131,0,70,255.0,255.0,255.0
556,27.8,13.324568507979135,-1.0008779462374955,-27.617966191257633,-0.016478979925382057,0.13430179904669728,-1.45423605395764,0.005100415801375872,-0.005280974226908862,0.043942698731997985,0,70,255.0,255.0,255.0
557,27.85,13.323749766997773,-0.9941690949105584,-27.690622525768436,-0.016294009426017518,0.1340595058785029,-1.4520065302011773,0.002298404173205635,-0.0044107525008669525,0.04523825152651465,0,70,255.0,255.0,255.0
558,27.900000000000002,13.322936772026843,-0.9874712704648735,-27.763165764650427,-0.01624913950806149,0.1338607237966106,-1.4497122288049886,-0.0005036074549646021,-0.003540530774825042,0.046533804321031325,0,70,255.0,255.0,255.0
559,27.950000000000003,13.322122518037276,-0.9807822973461255,-27.835592669021608,-0.016344370171513977,0.1337054528010204,-1.447353149769074,-0.0033056190831348402,-0.002670309048783132,0.047829357115548,0,70,255.0,255.0,255.0
560,28.0,13.3213,-0.9741,-27.9079,-0.016579701416374958,0.1335936928917323,-1.4449292930934337,-0.006107630711304879,-0.0018000873227410619,0.04912490991006635,0,70,255.0,255.0,255.0
561,28.05,13.320464466701303,-0.9674229028285195,-27.980085081158578,-0.016819904321306055,0.13348344668842851,-1.4424744060753694,-0.0035004854859388163,-0.0026097608094116103,0.049070570812505564,0,70,255.0,255.0,255.0
562,28.1,13.319620182188892,-0.9607523300590624,-28.05214748589012,-0.016929749964968845,0.13333271681079115,-1.440022236012183,-0.0008933402605727538,-0.0034194342960821586,0.04901623171494478,0,70,255.0,255.0,255.0
563,28.150000000000002,13.318773664325828,-0.9540903058753456,-28.124087350042377,-0.016909238347363333,0.1331415032588203,-1.4375727829038747,0.0017138049647933088,-0.0042291077827527074,0.04896189261738399,0,70,255.0,255.0,255.0
564,28.200000000000003,13.317931430975175,-0.9474388544610858,-28.195904809463094,-0.01675836946848951,0.13290980603251587,-1.4351260467504448,0.004320950190159371,-0.005038781269423255,0.048907553519823205,0,70,255.0,255.0,255.0
565,28.25,13.3171,-0.9408,-28.2676,-0.01647714332834741,0.13263762513187796,-1.4326820275518928,0.006928095415525248,-0.005848454756093746,0.0488532144222642,0,70,255.0,255.0,255.0
566,28.3,13.316284025215655,-0.9341752424484259,-28.33917268410807,-0.016177402789402124,0.13235641419958927,-1.4302183217408848,0.005061526142286106,-0.005399982535453278,0.04969501801805444,0,70,255.0,255.0,255.0
567,28.35,13.315480704246665,-0.9275639848531904,-28.410621130671096,-0.015970990714118793,0.13209762687833262,-1.4277125257500873,0.0031949568690469634,-0.0049515103148128105,0.05053682161384467,0,70,255.0,255.0,255.0
568,28.400000000000002,13.31468537066985,-0.9209651060337418,-28.481943235180086,-0.01585790710249742,0.13186126316810798,-1.4251646395795003,0.001328387595807821,-0.0045030380941723435,0.05137862520963491,0,70,255.0,255.0,255.0
569,28.450000000000003,13.313893358062021,-0.9143774848095289,-28.55313689312605,-0.01583815195453801,0.13164732306891538,-1.4225746632291236,-0.0005381816774313215,-0.004054565873531876,0.05222042880542515,0,70,255.0,255.0,255.0
570,28.5,13.3131,-0.9078,-28.6242,-0.015911725270240547,0.1314558065807548,-1.4199425966989578,-0.0024047509506703313,-0.00360609365289144,0.053062232401215326,0,70,255.0,255.0,255.0
571,28.55,13.312301832436077,-0.9012321273777767,-28.69513058240915,-0.01600648452108493,0.13125089651321306,-1.4172763069610408,-0.0013856190831050353,-0.0045903090487784985,0.053589357115467716,0,70,255.0,255.0,255.0
572,28.6,13.31150020082445,-0.8946757305281751,-28.765927191425508,-0.016050287178551052,0.13099677567587698,-1.4145836609874112,-0.00036648721553973924,-0.005574524444665557,0.0541164818297201,0,70,255.0,255.0,255.0
573,28.650000000000002,13.31069765299478,-0.8881332699896853,-28.836588509237295,-0.016043133242638907,0.1306934440687465,-1.4118646587780685,0.0006526446520255572,-0.006558739840552616,0.05464360654397249,0,70,255.0,255.0,255.0
574,28.700000000000003,13.309896736776741,-0.8816072063007969,-28.907113218032723,-0.015985022713348496,0.1303409016918217,-1.4091193003330136,0.0016717765195908528,-0.007542955236439675,0.05517073125822488,0,70,255.0,255.0,255.0
575,28.75,13.3091,-0.8751,-28.9775,-0.015875955590679832,0.12993914854510255,-1.4063475856522463,0.0026909083871559936,-0.008527170632326664,0.05569785597247723,0,70,255.0,255.0,255.0
576,28.8,13.308309445040035,-0.8686130480404674,-29.047747386255335,-0.015748659126248545,0.1295519997475588,-1.403540450414941,0.0024009501900954648,-0.006958781269422976,0.05658755351973676,0,70,255.0,255.0,255.0
577,28.85,13.307524892455545,-0.8621434930341082,-29.117853303626873,-0.015635860571670282,0.12924327041816025,-1.4006888303002725,0.002110991993034936,-0.005390391906519287,0.057477251066996284,0,70,255.0,255.0,255.0
578,28.900000000000002,13.306745617351037,-0.8556874140075152,-29.187815527870743,-0.015537559926945046,0.12901296055690686,-1.3977927253082412,0.0018210337959744072,-0.0038220025436155993,0.058366948614255815,0,70,255.0,255.0,255.0
579,28.950000000000003,13.30597089483102,-0.8492408899872815,-29.257631834743076,-0.015453757192072839,0.1288610701637987,-1.3948521354388468,0.0015310755989138781,-0.0022536131807119105,0.05925664616151534,0,70,255.0,255.0,255.0
580,29.0,13.3052,-0.8428,-29.3273,-0.015384452367053665,0.12878759923883568,-1.3918670606920898,0.0012411174018533977,-0.0006852238178087777,0.060146343708771255,0,70,255.0,255.0,255.0
581,29.05,13.304432387403782,-0.8363620804603535,-29.396818272569515,-0.015318878973942367,0.12871710449655208,-1.388865891379232,0.0013818183225984624,-0.0021345658735344424,0.0599004288055422,0,70,255.0,255.0,255.0
582,29.1,13.303668229353372,-0.829929497335391,-29.466186794067013,-0.015246270534793816,0.12857414265148223,-1.3858770178115356,0.0015225192433435271,-0.0035839079292601076,0.05965451390231315,0,70,255.0,255.0,255.0
583,29.150000000000002,13.30290787760107,-0.8235058739802515,-29.535406179279754,-0.015166627049608012,0.1283587137036261,-1.3829004399890004,0.0016632201640885916,-0.005033249984985772,0.05940859899908409,0,70,255.0,255.0,255.0
584,29.200000000000003,13.302151683899178,-0.8170948337500746,-29.604477042995,-0.015079948518384956,0.12807081765298367,-1.379936157911627,0.0018039210848336566,-0.006482592040711437,0.05916268409585504,0,70,255.0,255.0,255.0
585,29.25,13.3014,-0.8107,-29.6734,-0.014986234941124651,0.12771045449955493,-1.3769841715794153,0.0019446220055787666,-0.007931934096437221,0.058916769192631335,0,70,255.0,255.0,255.0
586,29.3,13.30065300534483,-0.8043242301181177,-29.742174723466622,-0.014895824977993707,0.127323582266233,-1.3739879840681424,0.0016717765196589702,-0.0075429552364394805,0.06093073125828357,0,70,255.0,255.0,255.0
587,29.35,13.29991019013096,-0.7979673176243265,-29.810797120105093,-0.014819057289158753,0.12695615897591098,-1.370891098453587,0.0013989310337391737,-0.00715397637644174,0.0629446933239358,0,70,255.0,255.0,255.0
588,29.400000000000002,13.299170872244677,-0.7916282900714764,-29.879262155010263,-0.014755931874619786,0.12660818462858883,-1.3676935147357487,0.001126085547819377,-0.006764997516443999,0.06495865538958805,0,70,255.0,255.0,255.0
589,29.450000000000003,13.298434369572261,-0.7853061750124175,-29.947564793276953,-0.014706448734376813,0.12627965922426657,-1.364395232914628,0.0008532400618995806,-0.006376018656446258,0.06697261745524029,0,70,255.0,255.0,255.0
590,29.5,13.2977,-0.779,-30.0157,-0.014670607868429828,0.1259705827629442,-1.3609962529902249,0.0005803945759798174,-0.00598703979644899,0.06898657952089593,0,70,255.0,255.0,255.0
591,29.55,13.296967591216891,-0.772708999067175,-30.08366363356401,-0.01461782111405919,0.12566856643851518,-1.3575501723481669,0.0015310755988456766,-0.006093613180711889,0.06885664616142363,0,70,255.0,255.0,255.0
592,29.6,13.29623901012278,-0.7664332321673017,-30.151455125512616,-0.014517500308545258,0.12536122144487302,-1.3541105883740823,0.002481756621711536,-0.006200186564974789,0.06872671280195135,0,70,255.0,255.0,255.0
593,29.650000000000002,13.295516633420224,-0.7601729657338412,-30.21907480067922,-0.014369645451888033,0.1250485477820177,-1.3506775010679717,0.0034324376445773954,-0.006306759949237688,0.06859677944247905,0,70,255.0,255.0,255.0
594,29.700000000000003,13.294802837811776,-0.7539284662002536,-30.286522983897218,-0.014174256544087514,0.12473054544994923,-1.3472509104298345,0.004383118667443254,-0.006413333333500588,0.06846684608300677,0,70,255.0,255.0,255.0
595,29.75,13.2941,-0.7477,-30.3538,-0.01393133358514372,0.12440721444866765,-1.343830816459671,0.005333799690309102,-0.0065199067177634795,0.06833691272353803,0,70,255.0,255.0,255.0
596,29.8,13.293409429787603,-0.7414877736131817,-30.42090594227734,-0.013704890565766112,0.12408215197970583,-1.3404033265391868,0.0037239210847950866,-0.006482592040709356,0.06876268409583447,0,70,255.0,255.0,255.0
597,29.85,13.29272816937792,-0.735291753706465,-30.48783997784444,-0.013558941476664206,0.1237589552445967,-1.3369545480500875,0.002114042479281071,-0.006445277363655232,0.06918845546813089,0,70,255.0,255.0,255.0
598,29.900000000000002,13.292052194074433,-0.7291118469931576,-30.554601042272875,-0.013493486317838003,0.12343762424334029,-1.3334844809923736,0.0005041638737670554,-0.006407962686601108,0.06961422684042733,0,70,255.0,255.0,255.0
599,29.950000000000003,13.29137747918063,-0.7229479601865666,-30.621188071134206,-0.013508525089287501,0.12311815897593659,-1.3299931253660446,-0.0011057147317469597,-0.006370648009546984,0.07003999821272376,0,70,255.0,255.0,255.0
600,30.0,13.2907,-0.7168,-30.6876,-0.013604057791012689,0.12280055944238562,-1.3264804811711015,-0.0027155933372608465,-0.00633333333249253,0.07046576958501483,0,70,255.0,255.0,255.0
601,30.05,13.290017089632693,-0.710667906480098,-30.75383579732663,-0.013698616622894904,0.12248282564266208,-1.3229485214950936,-0.0010667599380276937,-0.006376018656448524,0.07081261745529908,0,70,255.0,255.0,255.0
602,30.1,13.289331512365543,-0.7045517530068368,-30.81989456310962,-0.013710733784815458,0.12216295757674075,-1.3193992194255715,0.000582073461205459,-0.0064187039804045175,0.07115946532558334,0,70,255.0,255.0,255.0
603,30.150000000000002,13.288647390282044,-0.698451646293527,-30.885775430229298,-0.013640409276774356,0.12184095524462162,-1.3158325749625353,0.0022309068604386122,-0.006461389304360511,0.07150631319586759,0,70,255.0,255.0,255.0
604,30.200000000000003,13.287968845465699,-0.6923676930534778,-30.95147753156598,-0.013487643098771596,0.1215168186463047,-1.3122485881059844,0.0038797402596717646,-0.006504074628316505,0.07185316106615185,0,70,255.0,255.0,255.0
605,30.25,13.2873,-0.6863,-31.017,-0.013252435250807193,0.12119054778179,-1.30864725885592,0.0055285736589048146,-0.006546759952272385,0.0722000089364414,0,70,255.0,255.0,255.0
606,30.3,13.286643811681621,-0.6802486004664263,-31.08234126841615,-0.013004642942648489,0.12086654544964567,-1.304986587480434,0.004383118667443201,-0.006413333333500668,0.07422684608299693,0,70,255.0,255.0,255.0
607,30.35,13.285998581159909,-0.6742132342661862,-31.147496969717093,-0.012814123384062865,0.12054921444843994,-1.30122457424762,0.003237663675981587,-0.006279906714728951,0.07625368322955245,0,70,255.0,255.0,255.0
608,30.400000000000002,13.285361444797386,-0.6681935678327332,-31.212462036809956,-0.012680876575050326,0.12023855477817277,-1.2973612191574786,0.002092208684519973,-0.006146480095957235,0.07828052037610797,0,70,255.0,255.0,255.0
609,30.450000000000003,13.284729538956578,-0.66218926759952,-31.277231402601885,-0.012604902515610866,0.11993456643884419,-1.2933965222100092,0.0009467536930583597,-0.0060130534771855185,0.08030735752266349,0,70,255.0,255.0,255.0
610,30.5,13.2841,-0.6562,-31.3418,-0.012586201205744487,0.11963724943045424,-1.2893304834052124,-0.00019870129840311723,-0.0058796268584137,0.08233419466922243,0,70,255.0,255.0,255.0
611,30.55,13.283470863640828,-0.6502256916541966,-31.40616392900878,-0.0125708116064992,0.11933099255875528,-1.2852331285831644,0.0008142852682145991,-0.006370648009544707,0.08155999821269402,0,70,255.0,255.0,255.0
612,30.6,13.282843762994823,-0.6442673099284169,-31.470323958022032,-0.012504772678923026,0.11900018462949977,-1.2811744835839427,0.0018272718348323154,-0.006861669160675712,0.08078580175616563,0,70,255.0,255.0,255.0
613,30.650000000000002,13.282221230528407,-0.6383260823755389,-31.534282022530892,-0.012388084423015965,0.11864482564268769,-1.2771545484075477,0.0028402584014500312,-0.007352690311806719,0.08001160529963723,0,70,255.0,255.0,255.0
614,30.700000000000003,13.281605798707993,-0.6324032365484406,-31.598040058026502,-0.012220746838778019,0.11826491559831907,-1.273173323053979,0.003853244968067748,-0.007843711462937724,0.07923740884310884,0,70,255.0,255.0,255.0
615,30.75,13.281,-0.6265,-31.6616,-0.012002759926209201,0.11786045449639394,-1.2692308075232368,0.0048662315346854335,-0.008334732614068696,0.07846321238658227,0,70,255.0,255.0,255.0
616,30.8,13.280405533755077,-0.6206174329167871,-31.72496301554873,-0.011784110631350271,0.11744148431533422,-1.2652808981869188,0.0038797402596716683,-0.008424074628320467,0.07953316106613607,0,70,255.0,255.0,255.0
617,30.85,13.279820766860803,-0.614755926020145,-31.788127198194793,-0.01161478590024203,0.11701804703356189,-1.2612774914166232,0.002893248984657903,-0.008513416642572238,0.08060310974568988,0,70,255.0,255.0,255.0
618,30.900000000000002,13.279243233088991,-0.6089157026651092,-31.851089873066492,-0.011494785732884476,0.11659014265107698,-1.2572205872123499,0.001906757709644138,-0.008602758656824009,0.08167305842524368,0,70,255.0,255.0,255.0
619,30.950000000000003,13.278670466211453,-0.6030969862067156,-31.913848365292132,-0.011424110129277612,0.11615777116787947,-1.2531101855740985,0.0009202664346303728,-0.008692100671075781,0.08274300710479748,0,70,255.0,255.0,255.0
620,31.0,13.2781,-0.5973,-31.9764,-0.011402759089421437,0.11572093258396943,-1.2489462865018701,-6.622484038334986e-05,-0.008781442685327212,0.08381295578434766,0,70,255.0,255.0,255.0
621,31.05,13.277530201338868,-0.5915245766786548,-32.03874240879631,-0.01138074586810456,0.11530307017990667,-1.2447472786691933,0.0009467536930584418,-0.007933053477182993,0.08414735752272229,0,70,255.0,255.0,255.0
622,31.1,13.276962769561969,-0.5857689859910024,-32.1008744491988,-0.011308083720115592,0.11492762723625112,-1.2405315507495978,0.0019597322265002336,-0.007084664269038775,0.08448175926109693,0,70,255.0,255.0,255.0
623,31.150000000000002,13.276400237115633,-0.5800311069640227,-32.16279528520315,-0.011184772645454533,0.11459460375300279,-1.2362991027430834,0.0029727107599420255,-0.006236275060894555,0.08481616099947155,0,70,255.0,255.0,255.0
624,31.200000000000003,13.2758451364462,-0.5743088186246953,-32.224504080805,-0.011010812644121385,0.11430399973016164,-1.2320499346496505,0.003985689293383817,-0.005387885852750337,0.08515056273784617,0,70,255.0,255.0,255.0
625,31.25,13.2753,-0.5686,-32.286,-0.010786203716116166,0.11405581516772775,-1.227784046469299,0.004998667826825495,-0.004539496644605956,0.08548496447622789,0,70,255.0,255.0,255.0
626,31.3,13.274766460889452,-0.5629034603685936,-32.34728174926605,-0.01056490589624298,0.11379423496503921,-1.223473987136316,0.0038532449681018023,-0.005923711462935775,0.08691740884309633,0,70,255.0,255.0,255.0
627,31.35,13.274242554891325,-0.5572217300158445,-32.40834620500999,-0.01040087921930598,0.11346344402143416,-1.2190923055849892,0.002707822109378109,-0.007307926281265593,0.08834985320996477,0,70,255.0,255.0,255.0
628,31.400000000000002,13.273725418448473,-0.5515582694787987,-32.469189786120914,-0.010294123685305166,0.11306344233691262,-1.2146390018153193,0.0015623992506544155,-0.00869214109959541,0.08978229757683322,0,70,255.0,255.0,255.0
629,31.450000000000003,13.273212188003749,-0.5459165392945017,-32.52980891148789,-0.010244639294240536,0.11259422991147462,-1.210114075827306,0.0004169763919307226,-0.01007635591792523,0.09121474194370166,0,70,255.0,255.0,255.0
630,31.5,13.2727,-0.5403,-32.5902,-0.01025242604611209,0.11205580674512014,-1.2055175276209493,-0.0007284464667929175,-0.011460570736255171,0.09264718631057356,0,70,255.0,255.0,255.0
631,31.55,13.27218715510332,-0.5347111818469704,-32.650360194139495,-0.010247630546916152,0.11150398995993681,-1.200892772785564,0.0009202664346304385,-0.010612100671077616,0.09234300710484183,0,70,255.0,255.0,255.0
632,31.6,13.271676610872728,-0.5291488939456186,-32.71028953076123,-0.010160399402649045,0.11099459667801237,-1.196283226910465,0.0025689793360537945,-0.009763630605900062,0.09203882789911012,0,70,255.0,255.0,255.0
633,31.650000000000002,13.271172489090473,-0.5236110151207813,-32.76998877031322,-0.009990732613310769,0.11052762689934678,-1.1916888899956528,0.00421769223747715,-0.008915160540722509,0.0917346486933784,0,70,255.0,255.0,255.0
634,31.700000000000003,13.270678911538813,-0.518095424197296,-32.82945867324347,-0.009738630178901322,0.1101030806239401,-1.187109762041127,0.005866405138900506,-0.008066690475544954,0.09143046948764669,0,70,255.0,255.0,255.0
635,31.75,13.2702,-0.5126,-32.8887,-0.009404092099420738,0.10972095785179231,-1.1825458430468883,0.007515118040323732,-0.00721822041036746,0.09112629028190788,0,70,255.0,255.0,255.0
636,31.8,13.269738518697269,-0.5071230122435242,-32.94771267417597,-0.009068571916079012,0.10935780519521433,-1.1779469217213931,0.005905689293345139,-0.007307885852751107,0.09283056273789579,0,70,255.0,255.0,255.0
637,31.85,13.26929180161777,-0.5016642942016802,-33.0064932719451,-0.008813523170086216,0.1089901692665172,-1.1732627867730985,0.004296260546366547,-0.007397551295134755,0.09453483519388368,0,70,255.0,255.0,255.0
638,31.900000000000002,13.268855825189638,-0.4962240700380743,-33.065037532626235,-0.008638945861442352,0.10861805006570086,-1.1684934382020047,0.002686831799387954,-0.007487216737518402,0.09623910764987159,0,70,255.0,255.0,255.0
639,31.950000000000003,13.268426565841002,-0.4908025639163121,-33.12334119553825,-0.008544839990147417,0.10824144759276534,-1.1636388760081113,0.0010774030524093618,-0.00757688217990205,0.09794338010585948,0,70,255.0,255.0,255.0
640,32.0,13.268,-0.4854,-33.1814,-0.00853120555620141,0.10786036184771067,-1.1586991001914189,-0.0005320256945690743,-0.007666547622285913,0.09964765256184727,0,70,255.0,255.0,255.0
641,32.050000000000004,13.267573170107607,-0.4800167691789317,-33.23921070915663,-0.008534081788767365,0.10746478925920536,-1.153735540328787,0.0004169763919308682,-0.008156355917925582,0.09889474194341362,0,70,255.0,255.0,255.0
642,32.1,13.267147382656196,-0.47465392924765903,-33.296774181458396,-0.008489507917008329,0.1070447262559181,-1.1488096259970773,0.0013659784784306758,-0.00864616421356518,0.09814183132498007,0,70,255.0,255.0,255.0
643,32.15,13.266725010150978,-0.4693127047269202,-33.35409229918185,-0.008397483940924306,0.10660017283784888,-1.1439213571962896,0.0023149805649304834,-0.009135972509204778,0.09738892070654652,0,70,255.0,255.0,255.0
644,32.2,13.266308425097176,-0.4639943201374537,-33.411166944603536,-0.00825800986051527,0.1061311290049976,-1.1390707339264226,0.003263982651430426,-0.009625780804844447,0.09663601008811287,0,70,255.0,255.0,255.0
645,32.25,13.2659,-0.4587,-33.468,-0.008071085675781265,0.10563759475736441,-1.134257756187478,0.004212984737930234,-0.010115589100484379,0.09588309946968998,0,70,255.0,255.0,255.0
646,32.300000000000004,13.2655016008723,-0.45343071104074656,-33.52459248919753,-0.007867100928860369,0.10513503776796368,-1.1294309169635395,0.0039464051389048425,-0.00998669047554267,0.09719046948783945,0,70,255.0,255.0,255.0
647,32.35,13.265113067757449,-0.44818638880768275,-33.58094200222135,-0.007676445161890773,0.10463892570981013,-1.124538709238694,0.0036798255398794895,-0.00985779185060098,0.09849783950598873,0,70,255.0,255.0,255.0
648,32.4,13.264733734206445,-0.44296671105424534,-33.63704527064638,-0.007499118374872443,0.10414925858290365,-1.119581133012941,0.0034132459408541364,-0.009728893225659289,0.09980520952413802,0,70,255.0,255.0,255.0
649,32.45,13.264362933770297,-0.43777135553387136,-33.69289902604763,-0.007335120567805357,0.1036660363872442,-1.11455818828628,0.0031466663418287452,-0.00959999460071758,0.10111257954228749,0,70,255.0,255.0,255.0
650,32.5,13.264,-0.4326,-33.7485,-0.007184451740689562,0.10318925912283188,-1.109469875058712,0.0028800867428033713,-0.009471095975776112,0.10241994956044209,0,70,255.0,255.0,255.0
651,32.550000000000004,13.26364442640319,-0.4274523866580794,-33.80384493405327,-0.007037514495808488,0.10271505966893983,-1.1043167918170491,0.0029974030524391156,-0.009496882179904078,0.10370338010604964,0,70,255.0,255.0,255.0
652,32.6,13.26329634631401,-0.42232851552160927,-33.85893060965625,-0.006884711435445647,0.10223957090484145,-1.099099537048107,0.0031147193620748434,-0.00952266838403204,0.10498681065165702,0,70,255.0,255.0,255.0
653,32.65,13.262956053023235,-0.4172284510560993,-33.913753818232614,-0.006726042559601021,0.10176279283053669,-1.093818110751884,0.003232035671710571,-0.009548454588160005,0.10627024119726439,0,70,255.0,255.0,255.0
654,32.7,13.262623839821641,-0.41215225772705893,-33.96831135120599,-0.0065615078682745845,0.10128472544602543,-1.08847251292838,0.0033493519813463154,-0.00957424079228797,0.10755367174287195,0,70,255.0,255.0,255.0
655,32.75,13.2623,-0.4071,-34.0226,-0.006391107361466385,0.10080536875130787,-1.0830627435775968,0.00346666829098205,-0.009600026996415711,0.10883710228848287,0,70,255.0,255.0,255.0
656,32.800000000000004,13.261984693514941,-0.4020717423269332,-34.07661737458944,-0.00622284108790606,0.10032472355627635,-1.0776379157681888,0.0032639826514303575,-0.009625780804843422,0.10815601008781778,0,70,255.0,255.0,255.0
657,32.85,13.26167754698651,-0.39706754910587927,-34.130364359153646,-0.006064709096323343,0.09984279067082352,-1.072247142568815,0.003061297011878694,-0.00965153461327113,0.10747491788715278,0,70,255.0,255.0,255.0
658,32.9,13.261378053700609,-0.39208748472135846,-34.18384265642315,-0.0059167113867182085,0.09935957009494929,-1.066890423979474,0.0028586113723270304,-0.009677288421698836,0.10679382568648778,0,70,255.0,255.0,255.0
659,32.95,13.261085706943138,-0.38713161355789116,-34.23705396912844,-0.005778847959090637,0.09887506182865362,-1.0615677600001658,0.0026559257327753378,-0.009703042230126548,0.10611273348582269,0,70,255.0,255.0,255.0
660,33.0,13.2608,-0.3822,-34.29,-0.00565111881344067,0.09838926587193662,-1.0562791506308917,0.002453240093223681,-0.009728796038554255,0.1054316412851648,0,70,255.0,255.0,255.0
661,33.050000000000004,13.260520799537048,-0.37729264403418517,-34.342681567589,-0.005511121152565199,0.09790604610595478,-1.0509715451102035,0.0031466663417947065,-0.009599994600717709,0.10687257954234765,0,70,255.0,255.0,255.0
662,33.1,13.260249465739951,-0.37240928805487283,-34.39509595372914,-0.0053364521792612,0.09742926641186485,-1.045591892676657,0.003840092590365634,-0.009471193162881184,0.10831351779953029,0,70,255.0,255.0,255.0
663,33.15,13.259987732174327,-0.3675496100584677,-34.44723955607478,-0.005127111893528657,0.09695892678966671,-1.040140193330251,0.004533518838936561,-0.009342391725044655,0.10975445605671293,0,70,255.0,255.0,255.0
664,33.2,13.259737332405804,-0.36271328804137454,-34.49910877228029,-0.004883100295367532,0.09649502723936036,-1.0346164470709853,0.0052269450875075864,-0.00921359028720811,0.11119539431389577,0,70,255.0,255.0,255.0
665,33.25,13.2595,-0.3579,-34.5507,-0.004604417384777896,0.0960375677609459,-1.0290206538988615,0.005920371336078527,-0.009084788849372027,0.11263633257108019,0,70,255.0,255.0,255.0
666,33.300000000000004,13.259276908336865,-0.3531096815363236,-34.60200995505458,-0.0043246743018415116,0.09557109201990432,-1.023371903791011,0.005269351981375896,-0.009574240792289166,0.11331367174292849,0,70,255.0,255.0,255.0
667,33.35,13.259066990053686,-0.3483432986746285,-34.65303662592979,-0.004077482186640294,0.09508014368171697,-1.0176892867245686,0.0046183326266733575,-0.010063692735206234,0.1139910109147767,0,70,255.0,255.0,255.0
668,33.4,13.258868617602074,-0.3436020750447715,-34.70377831927772,-0.0038628410391742017,0.09456472274638375,-1.0119728026995338,0.003967313271970818,-0.010553144678123303,0.1146683500866249,0,70,255.0,255.0,255.0
669,33.45,13.25868016343364,-0.3388872342766091,-34.754233341750435,-0.0036807508594432115,0.09402482921390462,-1.0062224517159057,0.0033162939172681877,-0.01104259662104044,0.11534568925847322,0,70,255.0,255.0,255.0
670,33.5,13.2585,-0.3342,-34.8044,-0.003531211647447374,0.09346046308427972,-1.0004382337736861,0.0026652745625656594,-0.011532048563957176,0.11602302843032675,0,70,255.0,255.0,255.0
671,33.550000000000004,13.258326767115484,-0.32954142982051815,-34.85427701219271,-0.0033981816400638376,0.09288158581442761,-0.9946448397257807,0.0026559257327753508,-0.01162304223012512,0.11571273348587209,0,70,255.0,255.0,255.0
672,33.6,13.258160174045301,-0.3249119172466122,-34.903864742551704,-0.003265619074169835,0.09229815886126719,-0.9888669604250987,0.0026465769029850434,-0.011714035896293053,0.11540243854141749,0,70,255.0,255.0,255.0
673,33.65,13.258000197417376,-0.32031168976244706,-34.95316396681434,-0.0031335239497653484,0.09171018222479838,-0.9831045958716396,0.0026372280731947356,-0.011805029562460986,0.11509214359696288,0,70,255.0,255.0,255.0
674,33.7,13.257846813859635,-0.31574097485218744,-35.002175460717986,-0.0030018962668503578,0.09111765590502106,-0.9773577460654024,0.002627879243404427,-0.011896023228628932,0.11478184865250823,0,70,255.0,255.0,255.0
675,33.75,13.2577,-0.3112,-35.0509,-0.002870736025424902,0.09052057990193546,-0.9716264110063887,0.0026185304136141334,-0.011987016894797087,0.11447155370805273,0,70,255.0,255.0,255.0
676,33.800000000000004,13.257560023201194,-0.30668859918160146,-35.09933719617461,-0.0027225991378975866,0.08994256472238525,-0.9658407373058415,0.0033069450874779827,-0.011133590287209233,0.11695539431381302,0,70,255.0,255.0,255.0
677,33.85,13.257428313765105,-0.3022050323389217,-35.14748200386341,-0.0025400415166771037,0.08940722087321452,-0.9599308715750072,0.003995359761341735,-0.0102801636796215,0.11943923491957296,0,70,255.0,255.0,255.0
678,33.9,13.25730659272842,-0.2977471659054409,-35.195328213464926,-0.0023230631617634358,0.08891454835442315,-0.9538968138138849,0.004683774435205486,-0.009426737072033765,0.1219230755253329,0,70,255.0,255.0,255.0
679,33.95,13.257196581127824,-0.29331286631463954,-35.242869615377636,-0.0020716640731565437,0.08846454716601113,-0.9477385640224738,0.005372189109069336,-0.008573310464445911,0.12440691613109318,0,70,255.0,255.0,255.0
680,34.0,13.2571,-0.2889,-35.2901,-0.001785844250856499,0.08805721730797855,-0.9414561222007755,0.006060603782933096,-0.0077198838568581785,0.12689075673685668,0,70,255.0,255.0,255.0
681,34.050000000000004,13.257017940079741,-0.2845073734530735,-35.33701500310891,-0.0015034218083507028,0.08763615529603105,-0.9351602110508904,0.005236293917297788,-0.009122596621040499,0.12494568925852365,0,70,255.0,255.0,255.0
682,34.1,13.256948970894276,-0.28013755339770025,-35.38361764199466,-0.001262214859126707,0.0871449576458745,-0.9289615532749229,0.004411984051662595,-0.010525309385222621,0.12300062178019087,0,70,255.0,255.0,255.0
683,34.15,13.25689103166894,-0.27579404661579004,-35.42991277932595,-0.0010622234031844684,0.08658362435750885,-0.922860148872872,0.003587674186027404,-0.011928022149404742,0.12105555430185812,0,70,255.0,255.0,255.0
684,34.2,13.25684206162907,-0.2714803598892527,-35.47590527777151,-0.0009034474405239673,0.085952155430934,-0.916855997844737,0.0027633643203920947,-0.013330734913587064,0.11911048682352507,0,70,255.0,255.0,255.0
685,34.25,13.2568,-0.2672,-35.5216,-0.0007858869711452489,0.08525055086615013,-0.9109491001905193,0.0019390544547569074,-0.014733447677768963,0.11716541934519231,0,70,255.0,255.0,255.0
686,34.300000000000004,13.25676341647984,-0.2629555070061022,-35.56699959138981,-0.0006717136286912042,0.08453681409349015,-0.905006418490575,0.0026278792434044915,-0.013816023228628104,0.12054184865256172,0,70,255.0,255.0,255.0
687,34.35,13.256733402657789,-0.2587455540702766,-35.612097828157964,-0.0005230990468048009,0.0838689485432873,-0.898894915325263,0.003316704032051977,-0.012898598779487376,0.12391827795993066,0,70,255.0,255.0,255.0
688,34.4,13.256711680595817,-0.25456784763139967,-35.65688626923124,-0.0003400432254860254,0.08324695421554147,-0.8926145906945826,0.004005528820699463,-0.011981174330346648,0.12729470726729958,0,70,255.0,255.0,255.0
689,34.45,13.256699972355898,-0.25042009412834804,-35.701356473536336,-0.00012254616473484405,0.08267083111025261,-0.8861654445985329,0.004694353609347047,-0.01106374988120579,0.130671136574669,0,70,255.0,255.0,255.0
690,34.5,13.2567,-0.2463,-35.7455,0.00012939213544868117,0.08214057922742088,-0.8795474770371156,0.005383178397994534,-0.01014632543206484,0.13404756588203615,0,70,255.0,255.0,255.0
691,34.550000000000004,13.2567131940009,-0.2422057985225155,-35.7893106313319,0.0003982763231244473,0.08162458833000805,-0.8728941149867906,0.0053721891090351935,-0.010493310464446267,0.13208691613093926,0,70,255.0,255.0,255.0
692,34.6,13.256739818474571,-0.2381378303211927,-35.83279104537347,0.0006666110463522083,0.08109124818097624,-0.8663387854240214,0.005361199820075854,-0.010840295496827645,0.13012626637984268,0,70,255.0,255.0,255.0
693,34.65,13.256779845947795,-0.23409696285861198,-35.87594614374909,0.0009343963051320022,0.08054055878032536,-0.8598814883488071,0.0053502105311165156,-0.011187280529209021,0.12816561662874607,0,70,255.0,255.0,255.0
694,34.7,13.256833248947345,-0.23008406359735376,-35.91878082808314,0.0012016320994638675,0.07997252012805532,-0.8535222237611467,0.005339221242157174,-0.011534265561590448,0.1262049668776492,0,70,255.0,255.0,255.0
695,34.75,13.2569,-0.2261,-35.9613,0.0014683184293477274,0.07938713222416631,-0.847260991661042,0.005328231953197841,-0.011881250593971493,0.1242443171265526,0,70,255.0,255.0,255.0
696,34.800000000000004,13.25697980751656,-0.22214529890383364,-36.0035066832826,0.0017186083361882378,0.0788048325864773,-0.8409851215622866,0.004683364320421722,-0.011410734913587043,0.12679048682364427,0,70,255.0,255.0,255.0
697,34.85,13.257071323443924,-0.21821912464495183,-36.04539639034815,0.001936654861389911,0.07824605873280759,-0.8345819429786774,0.004038496687645695,-0.010940219233202661,0.12933665652073562,0,70,255.0,255.0,255.0
698,34.9,13.257172935613006,-0.214320300934153,-36.08696275577239,0.0021224580049527845,0.07771081066315709,-0.8280514559102137,0.003393629054869668,-0.01046970355281828,0.13188282621782693,0,70,255.0,255.0,255.0
699,34.95,13.257283031854726,-0.2104476514822357,-36.12819941413109,0.002276017766876878,0.07719908837752575,-0.8213936603568944,0.002748761422093549,-0.00999918787243383,0.13442899591491864,0,70,255.0,255.0,255.0
700,35.0,13.2574,-0.2066,-36.1691,0.0023973341471621476,0.0767108918759137,-0.8146085563187215,0.002103893789317513,-0.00952867219204978,0.1369751656120144,0,70,255.0,255.0,255.0
701,35.050000000000004,13.257522775932854,-0.2027770058621479,-36.20965943553769,0.002519290332128884,0.07619608132408227,-0.8077733987640525,0.0027743536093515373,-0.011063749881205618,0.13643113657472408,0,70,255.0,255.0,255.0
702,35.1,13.257652487749729,-0.19898167109899928,-36.24987779323394,0.002674769508097301,0.07560451688779313,-0.8009654426612489,0.0034448134293854657,-0.012598827570361237,0.13588710753743383,0,70,255.0,255.0,255.0
703,35.15,13.257790811600179,-0.19521783340477664,-36.28975643316134,0.002863771675067411,0.07493619856704622,-0.79418468801031,0.004115273249419394,-0.014133905259516855,0.1353430785001436,0,70,255.0,255.0,255.0
704,35.2,13.257939423633754,-0.1914893304737022,-36.3292967153925,0.0030862968330392505,0.07419112636184143,-0.7874311348112343,0.004785733069453418,-0.015668982948672694,0.13479904946285326,0,70,255.0,255.0,255.0
705,35.25,13.2581,-0.1878,-36.3685,0.0033423449820127547,0.07336930027217893,-0.7807047830640244,0.00545619288948733,-0.017204060637828866,0.1342550204255648,0,70,255.0,255.0,255.0
706,35.300000000000004,13.258273888752026,-0.18415227764757292,-36.407366774566654,0.0036122303353030376,0.07255484211719337,-0.7739532833814458,0.0053392212421230585,-0.015374265561590272,0.13580496687755866,0,70,255.0,255.0,255.0
707,35.35,13.258461125557158,-0.18054299095905035,-36.4458940367161,0.0038762671062250688,0.07183187371601986,-0.7671242863762683,0.005222249594758804,-0.013544470485351937,0.13735491332955233,0,70,255.0,255.0,255.0
708,35.4,13.258661417986275,-0.17696756544674117,-36.484077911582226,0.004134455294778888,0.07120039506865827,-0.7602177920484913,0.005105277947394549,-0.011714675409113603,0.13890485978154596,0,70,255.0,255.0,255.0
709,35.45,13.258874473610263,-0.17342142662295423,-36.52191452429891,0.00438679490096453,0.0706604061751085,-0.7532338003981135,0.004988306300030278,-0.009884880332875007,0.14045480623353984,0,70,255.0,255.0,255.0
710,35.5,13.2591,-0.1699,-36.5594,0.004633285924781924,0.07021190703537074,-0.7461723114251371,0.004871334652666023,-0.008055085256636674,0.14200475268553525,0,70,255.0,255.0,255.0
711,35.550000000000004,13.259337669059043,-0.16640028354755854,-36.59653106619572,0.004871788326651675,0.06976055020714392,-0.7390694677101289,0.004668761422123199,-0.009999187872434511,0.14210899591476683,0,70,255.0,255.0,255.0
712,35.6,13.259587010021638,-0.16292556506479866,-36.63330685990165,0.005100162066994251,0.06921198824812728,-0.7319614118336601,0.004466188191580403,-0.011943290488232072,0.1422132391439984,0,70,255.0,255.0,255.0
713,35.65,13.259847516454718,-0.15948070480825935,-36.66972712050973,0.00531840714580969,0.06856622115832078,-0.7248481437957299,0.004263614961037607,-0.013887393104029633,0.14231748237322997,0,70,255.0,255.0,255.0
714,35.7,13.260118681925196,-0.15607056303447966,-36.705791587411866,0.005526523563098017,0.06782324893772429,-0.7177296635963369,0.004061041730494782,-0.01583149571982747,0.14242172560246155,0,70,255.0,255.0,255.0
715,35.75,13.2604,-0.1527,-36.7415,0.005724511318859176,0.06698307158633804,-0.7106059712354835,0.003858468499952035,-0.01777559833562492,0.14252596883169488,0,70,255.0,255.0,255.0
716,35.800000000000004,13.260691435011807,-0.1493721881621911,-36.77685216065048,0.005940616358094332,0.06614695705423054,-0.7034808457781163,0.004785733069453466,-0.015668982948672205,0.14247904946297288,0,70,255.0,255.0,255.0
717,35.85,13.260994834356286,-0.1460835487817544,-36.81184812367729,0.006203084625804523,0.06541617329147077,-0.6963580662891861,0.005712997638954764,-0.013562367561719786,0.1424321300942509,0,70,255.0,255.0,255.0
718,35.9,13.261312516194861,-0.14282881532022199,-36.84648800637887,0.0065119161219897755,0.06479072029805864,-0.689237632768692,0.006640262208456063,-0.011455752174767369,0.14238521072552893,0,70,255.0,255.0,255.0
719,35.95,13.26164679868896,-0.13960272123912598,-36.880771926053626,0.006867110846650145,0.06427059807399405,-0.6821195452166329,0.007567526777957493,-0.009349136787814651,0.14233829135680692,0,70,255.0,255.0,255.0
720,36.0,13.262,-0.1364,-36.9147,0.00726866879978553,0.06385580661927716,-0.675003803633011,0.008494791347458772,-0.007242521400862234,0.14229137198808672,0,70,255.0,255.0,255.0
721,36.050000000000004,13.262373390893739,-0.1332173638036753,-36.948271491202405,0.007653746240971821,0.06342762157593368,-0.6678391491774631,0.006908306299991547,-0.009884880332875693,0.1442948062338049,0,70,255.0,255.0,255.0
722,36.1,13.262764052553225,-0.1300594398081832,-36.98148224538921,0.007959499429784706,0.0628673185859896,-0.6605743230096304,0.005321821252524546,-0.012527239264888777,0.14629824047952275,0,70,255.0,255.0,255.0
723,36.15,13.263168018765843,-0.12693283391085333,-37.01432725397482,0.008185928366224244,0.062174897649444866,-0.6532093251295118,0.003735336205057547,-0.015169598196901859,0.1483016747252406,0,70,255.0,255.0,255.0
724,36.2,13.263581323318975,-0.12384415200901532,-37.046801508373626,0.008333033050290454,0.06135035876629937,-0.6457441555371061,0.0021488511575903212,-0.01781195712891532,0.15030510897095878,0,70,255.0,255.0,255.0
725,36.25,13.264,-0.1208,-37.0789,0.00840081348198329,0.06039370193655333,-0.6381788142324157,0.0005623661101232524,-0.02045431606092829,0.15230854321667753,0,70,255.0,255.0,255.0
726,36.300000000000004,13.264421401413244,-0.11780475662310612,-37.11061867453994,0.008468398677999714,0.05943855664203436,-0.6305705575119422,0.0021410417305335176,-0.01775149571982703,0.15202172560223576,0,70,255.0,255.0,255.0
727,36.35,13.264848155430816,-0.11485389198551223,-37.14195729476587,0.008614917655036632,0.058618552364570586,-0.622976641672192,0.003719717350943558,-0.015048675378726152,0.15173490798779402,0,70,255.0,255.0,255.0
728,36.4,13.265284208741765,-0.11194064903636514,-37.172916577721836,0.00884037041309405,0.057933689104161835,-0.6153970667131636,0.005298392971353599,-0.012345855037625274,0.15144809037335225,0,70,255.0,255.0,255.0
729,36.45,13.265733508035144,-0.10905827072481171,-37.203497240451874,0.009144756952172012,0.05738396686080806,-0.6078318326348565,0.006877068591763864,-0.009643034696524012,0.15116127275891048,0,70,255.0,255.0,255.0
730,36.5,13.2662,-0.1062,-37.2337,0.009528077272270433,0.0569693856345094,-0.6002809394372726,0.008455744212173863,-0.0069402143554233575,0.1508744551444714,0,70,255.0,255.0,255.0
731,36.550000000000004,13.26668660345328,-0.10336120970389873,-37.26352501063784,0.0099286590470246,0.056562151855928416,-0.5927106207747421,0.007567526777991473,-0.009349136787814488,0.15193829135671857,0,70,255.0,255.0,255.0
732,36.6,13.267192125723508,-0.10054579224976741,-37.292970175547296,0.010284829950069596,0.05603447195572795,-0.5850871103016004,0.006679309343809208,-0.011758059220205275,0.15300212756896558,0,70,255.0,255.0,255.0
733,36.65,13.267714346267093,-0.09775976994368657,-37.322032835137826,0.010596589981405485,0.05538634593390796,-0.5774104080178465,0.005791091909626945,-0.014166981652596066,0.15406596378121262,0,70,255.0,255.0,255.0
734,36.7,13.268251044540452,-0.09500916509173686,-37.35071032981891,0.010863939141032295,0.05461777379046831,-0.5696805139234791,0.004902874475444554,-0.016575904084987193,0.1551297999934598,0,70,255.0,255.0,255.0
735,36.75,13.2688,-0.0923,-37.379,0.01108687742894995,0.053728755525409226,-0.5618974280185003,0.004014657041262248,-0.018984826517378373,0.15619363620571036,0,70,255.0,255.0,255.0
736,36.800000000000004,13.269359384773631,-0.0896368045612975,-37.40689968290868,0.011288965133919466,0.05280883593425179,-0.5540909593890815,0.004068851157517693,-0.017811957128915635,0.15606510897101414,0,70,255.0,255.0,255.0
737,36.85,13.269928941675158,-0.08701813901541768,-37.434409203044936,0.011493762544701724,0.05194755981251763,-0.5462909171213987,0.0041230452737731306,-0.016639087740453064,0.15593658173631794,0,70,255.0,255.0,255.0
738,36.9,13.270508806189865,-0.08444107118888898,-37.46152888172684,0.011701269661296757,0.051144927160206584,-0.5384973012154506,0.004177239390028569,-0.015466218351990491,0.15580805450162175,0,70,255.0,255.0,255.0
739,36.95,13.27109911380305,-0.08190266890823991,-37.48825904027251,0.01191148648370459,0.050400937977318566,-0.5307101116712363,0.004231433506284014,-0.014293348963527751,0.15567952726692552,0,70,255.0,255.0,255.0
740,37.0,13.2717,-0.0794,-37.5146,0.012124413011925163,0.04971559226385378,-0.5229293484887579,0.004285627622539423,-0.013120479575065291,0.155551000032232,0,70,255.0,255.0,255.0
741,37.050000000000004,13.272311857452193,-0.07693077205090987,-37.54055145772743,0.012355480417283727,0.04905050440706398,-0.5151175416689773,0.004957068591802384,-0.013483034696524362,0.1569212727589668,0,70,255.0,255.0,255.0
742,37.1,13.272936107575868,-0.0744952516885614,-37.566110612272965,0.012620119871105402,0.048367288794201324,-0.507237221212861,0.00562850956106525,-0.013845589817983383,0.15829154548570146,0,70,255.0,255.0,255.0
743,37.15,13.273574428973447,-0.0720943453007579,-37.59127403795477,0.012918331373390221,0.04766594542526573,-0.4992883871204081,0.006299950530328117,-0.014208144939442403,0.15966181821243608,0,70,255.0,255.0,255.0
744,37.2,13.27422850024735,-0.06972895927530265,-37.61603830909106,0.01325011492413823,0.04694647430025707,-0.4912710393916172,0.006971391499591078,-0.014570700060901474,0.16103209093917092,0,70,255.0,255.0,255.0
745,37.25,13.2749,-0.0674,-37.6404,0.013615470523349334,0.046208875419175566,-0.48318517802649075,0.0076428324688538885,-0.014933255182360439,0.16240236366590555,0,70,255.0,255.0,255.0
746,37.300000000000004,13.27558998541759,-0.06510810723506173,-37.664356086181606,0.013977113196956712,0.04546914643749182,-0.4750548739350064,0.0068228744754400186,-0.014655904084986892,0.16280979999344275,0,70,255.0,255.0,255.0
747,37.35,13.27629702802137,-0.06285285423033628,-37.687905147863226,0.014297757970893351,0.044743285010676856,-0.4669041980271463,0.006002916482026265,-0.014378552987613383,0.1632172363209799,0,70,255.0,255.0,255.0
748,37.4,13.27701907791635,-0.06063354760807983,-37.71104616645404,0.014577404845159304,0.04403129113873056,-0.4587331503029093,0.005182958488612511,-0.014101201890239876,0.16362467264851704,0,70,255.0,255.0,255.0
749,37.45,13.277754085207556,-0.05844949399054868,-37.733778123363244,0.014816053819754604,0.04333316482165285,-0.4505417307622943,0.004363000495198641,-0.013823850792866327,0.16403210897605425,0,70,255.0,255.0,255.0
750,37.5,13.2785,-0.0563,-37.7561,0.01501370489467918,0.04264890605944391,-0.44232993940530363,0.003543042501784832,-0.01354649969549282,0.16443954530359317,0,70,255.0,255.0,255.0
751,37.550000000000004,13.279255400877446,-0.054184799008842,-37.778010597546164,0.015208066794880919,0.04195290984296833,-0.4340869625910388,0.0042314335062840465,-0.014293348963527939,0.16527952726697268,0,70,255.0,255.0,255.0
752,37.6,13.280021380338658,-0.052105331390093136,-37.79950799627414,0.015436848245307586,0.0412195711630911,-0.42580198667860614,0.004919824510783164,-0.01504019823156295,0.16611950923035207,0,70,255.0,255.0,255.0
753,37.65,13.280799659361147,-0.05006346426692316,-37.82059009622904,0.01570004924595921,0.04044889001981212,-0.41747501166800455,0.00560821551528228,-0.015787047499597962,0.1669594911937315,0,70,255.0,255.0,255.0
754,37.7,13.281591958922423,-0.0480610647625019,-37.841254797455974,0.01599766979683583,0.039640866413131276,-0.40910603755923275,0.006296606519781495,-0.01653389676763308,0.167799473157111,0,70,255.0,255.0,255.0
755,37.75,13.2824,-0.0461,-37.8615,0.016329709897937358,0.0387955003430488,-0.40069506435229324,0.006984997524280417,-0.01728074603566815,0.16863945512048906,0,70,255.0,255.0,255.0
756,37.800000000000004,13.283225211072626,-0.04418149672956916,-37.88132392363379,0.016678619623534174,0.03795121419063449,-0.39226127570080144,0.006971391499590966,-0.01649070006090144,0.16871209093915232,0,70,255.0,255.0,255.0
757,37.85,13.284067850624002,-0.04230422020929085,-37.90072606704023,0.017026849047896465,0.03714643033695863,-0.3838238552583778,0.006957785474901518,-0.015700654086134847,0.16878472675781558,0,70,255.0,255.0,255.0
758,37.9,13.284927884639062,-0.04046619532422788,-37.91970624862978,0.017374398171024284,0.036381148782021096,-0.37538280302502086,0.006944179450212068,-0.01491060811136825,0.16885736257647882,0,70,255.0,255.0,255.0
759,37.95,13.28580527910275,-0.03866544695944306,-37.93826428681289,0.01772126699291768,0.03565536952582179,-0.36693811900072965,0.006930573425522618,-0.014120562136601544,0.16892999839514208,0,70,255.0,255.0,255.0
760,38.0,13.2867,-0.0369,-37.9564,0.018067455513576556,0.034969092568360914,-0.35848980318550644,0.006916967400833002,-0.01333051616183506,0.16900263421380712,0,70,255.0,255.0,255.0
761,38.050000000000004,13.287611754832053,-0.035168414072880363,-37.97411290791869,0.01839745471097641,0.034290233394493316,-0.35001993460576114,0.006283000495160003,-0.013823850792866419,0.16979210897597435,0,70,255.0,255.0,255.0
762,38.1,13.288539217165344,-0.033471387772743146,-37.991401335564944,0.01869575556309257,0.03358670748907426,-0.34151059228790875,0.005649033589487094,-0.014317185423897708,0.17058158373814145,0,70,255.0,255.0,255.0
763,38.15,13.289480802082606,-0.03181015443616565,-38.00826330925185,0.01896235806992509,0.03285851485210363,-0.332961776231948,0.005015066683814186,-0.014810520054928996,0.17137105850030857,0,70,255.0,255.0,255.0
764,38.2,13.29043492466658,-0.03018594739972526,-38.024696855292504,0.01919726223147399,0.03210565548358133,-0.32437348643787767,0.004381099778141187,-0.015303854685960355,0.17216053326247577,0,70,255.0,255.0,255.0
765,38.25,13.2914,-0.0286,-38.0407,0.019400468047739212,0.03132812938350757,-0.3157457229057002,0.0037471328724682507,-0.01579718931699181,0.1729500080246429,0,70,255.0,255.0,255.0
766,38.300000000000004,13.292374969599162,-0.0270536469789085,-38.05627084469145,0.01960356153254729,0.030519852231391878,-0.3070829858761509,0.0043766065198541405,-0.016533896767633102,0.17355947315730105,0,70,255.0,255.0,255.0
767,38.35,13.293360880714628,-0.025548628699736297,-38.07140779070001,0.019838128699724625,0.029674739706744238,-0.2983897755899698,0.005006080167239942,-0.017270604218274286,0.17416893828995914,0,70,255.0,255.0,255.0
768,38.400000000000006,13.294359307030508,-0.024086786931109574,-38.08610931436284,0.020104169549271293,0.028792791809564417,-0.2896660920471547,0.005635553814625832,-0.018007311668915577,0.1747784034226173,0,70,255.0,255.0,255.0
769,38.45,13.295371822230926,-0.022669963441655342,-38.10037389201711,0.020401684081187216,0.027874008539852665,-0.28091193524770786,0.006265027462011632,-0.01874401911955676,0.17538786855527538,0,70,255.0,255.0,255.0
770,38.5,13.2964,-0.0213,-38.1142,0.020730672295472426,0.02691838989760885,-0.27212730519162814,0.006894501109397516,-0.019480726570198004,0.17599733368793347,0,70,255.0,255.0,255.0
771,38.550000000000004,13.297445966771292,-0.01997779801148486,-38.12758531331551,0.0211242991588445,0.02598235767993878,-0.26326412188955617,0.008850573425484159,-0.01796056213660157,0.178529998394916,0,70,255.0,255.0,255.0
772,38.6,13.298514059976148,-0.018700497428311414,-38.14052430163503,0.02161572963802084,0.025122333683948655,-0.2542743053521363,0.010806645741570526,-0.01644039770300535,0.1810626631018982,0,70,255.0,255.0,255.0
773,38.650000000000006,13.299609169795357,-0.0174642978393953,-38.1530106332968,0.022204963733001584,0.024338317909638234,-0.24515785557936604,0.01276271805765717,-0.014920233269408917,0.18359532780888072,0,70,255.0,255.0,255.0
774,38.7,13.300736186409711,-0.01626539883365289,-38.16503797663904,0.022892001443786565,0.023630310357007734,-0.235914772571248,0.014718790373743535,-0.013400068835812698,0.1861279925158629,0,70,255.0,255.0,255.0
775,38.75,13.3019,-0.0151,-38.1766,0.02367684277037585,0.022998311026057042,-0.22654505632778085,0.01667486268982976,-0.011879904402216507,0.18866065722284442,0,70,255.0,255.0,255.0
776,38.800000000000004,13.303099563315667,-0.013965560975151383,-38.187694302046516,0.024203241832075142,0.022366717048852562,-0.21728452656564592,0.004381099778140092,-0.013383854685960518,0.18176053326252084,0,70,255.0,255.0,255.0
777,38.85,13.304310079380782,-0.012864581587017827,-38.19833420275987,0.02411495274818995,0.02165992555746098,-0.20836900300152844,-0.007912663133547833,-0.014887804969704314,0.17486040930219826,0,70,255.0,255.0,255.0
778,38.900000000000006,13.305500813788061,-0.01180082171130838,-38.20853695244997,0.02341197551872026,0.020877936551882102,-0.1997984856354259,-0.0202064260452375,-0.016391755253448326,0.16796028534187468,0,70,255.0,255.0,255.0
779,38.95,13.306641032130226,-0.010778041223732701,-38.21831980142671,0.022094310143666262,0.020020750032116136,-0.1915729744673407,-0.03250018895692543,-0.017895705537192122,0.1610601613815521,0,70,255.0,255.0,255.0
780,39.0,13.3077,-0.0098,-38.2277,0.0201619566230279,0.019088365998162986,-0.1836924694972716,-0.04479395186861354,-0.01939965582093614,0.1541600374212304,0,70,255.0,255.0,255.0
781,39.050000000000004,13.30867257996604,-0.008869558087909036,-38.236681478498454,0.01915073351286298,0.018134774124650584,-0.175357771847855,0.0043450274620202775,-0.018744019119556737,0.17922786855540546,0,70,255.0,255.0,255.0
782,39.1,13.309656022500729,-0.007985976223617092,-38.2452148873255,0.020596459369229585,0.01721396408620728,-0.16576968264173098,0.053484006792647115,-0.018088382418177427,0.20429569968957692,0,70,255.0,255.0,255.0
783,39.150000000000006,13.310773175052402,-0.007147615315370473,-38.253237556903336,0.024499134192128118,0.01632593588283282,-0.15492820187889683,0.10262298612328094,-0.017432745716798023,0.22936353082375197,0,70,255.0,255.0,255.0
784,39.2,13.312146885069383,-0.006352836271415966,-38.26068681765412,0.030858757981557475,0.01547068951452745,-0.14283332955935563,0.15176196545390777,-0.016777109015418713,0.25443136195792343,0,70,255.0,255.0,255.0
785,39.25,13.3139,-0.0056,-38.2675,0.039675330737518034,0.014648224981291043,-0.12948506568310594,0.2009009447845344,-0.016121472314039362,0.2794991930920947,0,70,255.0,255.0,255.0
786,39.300000000000004,13.316196516820186,-0.00488820667321201,-38.273598983959694,0.053417824116475755,0.013814186452544666,-0.1139563860429095,0.34879879037372763,-0.017240068835812847,0.3416479925157096,0,70,255.0,255.0,255.0
787,39.35,13.319365030616305,-0.004219513518513652,-38.278843847938106,0.07455520977489025,0.01292421809770974,-0.09532026643153493,0.49669663596289987,-0.018358665357586176,0.4037967919393156,0,70,255.0,255.0,255.0
788,39.400000000000006,13.323775286002332,-0.0035967170272091687,-38.28307921993666,0.10308748771276749,0.011978319916786016,-0.07357670684897692,0.6445944815520931,-0.01947726187935966,0.4659455913629305,0,70,255.0,255.0,255.0
789,39.45,13.329797027592239,-0.0030226136906031714,-38.28614972795682,0.13901465793009943,0.010976491909773756,-0.048725707295241664,0.7924923271412654,-0.02059585840113299,0.5280943907865365,0,70,255.0,255.0,255.0
790,39.5,13.3378,-0.0025,-38.2879,0.18233672042688953,0.009918734076672832,-0.02076726777032627,0.9403901727304369,-0.02171445492290633,0.5902431902101426,0,70,255.0,255.0,255.0
791,39.550000000000004,13.348076552753222,-0.0020304152192425723,-38.28820818566277,0.22840997002123212,0.008880480065170287,0.008287316019471897,0.9025398110431094,-0.019815705537191957,0.5719401613816851,0,70,255.0,255.0,255.0
792,39.6,13.360609455034048,-0.0016103697023281901,-38.28708652092208,0.272590701531202,0.007937163522953594,0.03642674836784318,0.8646894493557873,-0.017916956151477856,0.5536371325532301,0,70,255.0,255.0,255.0
793,39.650000000000006,13.37530408093827,-0.0012351165757924464,-38.28458076335001,0.31487891495681186,0.007088784450022489,0.06365102927479557,0.8268390876684598,-0.01601820676576348,0.5353341037247726,0,70,255.0,255.0,255.0
794,39.7,13.392065804561659,-0.0008999089661711635,-38.28073667051863,0.35527461029804946,0.0063353428463772095,0.08996015874032134,0.7889887259811377,-0.01411945738004938,0.5170310748963177,0,70,255.0,255.0,255.0
795,39.75,13.4108,-0.0006,-38.2756,0.3937777875549211,0.0056768387120176315,0.11535413676442441,0.7511383642938148,-0.012220707994335285,0.4987280460678627,0,70,255.0,255.0,255.0
796,39.800000000000004,13.43143007216693,-0.0003317324498174674,-38.269209073389234,0.431470295798617,0.005047893286773726,0.14027912196506886,0.756561965453894,-0.012937109015418806,0.49827136195783106,0,70,255.0,255.0,255.0
797,39.85,13.453951549247495,-9.580767217351852e-05,-38.26157246837358,0.4694339841003115,0.004383127810475737,0.1651812729602082,0.7619855666139724,-0.013653510036502225,0.4978146778477995,0,70,255.0,255.0,255.0
798,39.900000000000006,13.478377990244597,0.0001059833303792048,-38.2526913266633,0.5076688524600154,0.0036825422831234787,0.19006058974984952,0.7674091677740515,-0.014369911057585746,0.4973579937377678,0,70,255.0,255.0,255.0
799,39.95,13.504722954161132,0.0002718495552879368,-38.24256678996869,0.5461749008777177,0.0029461367047171477,0.21491707233398571,0.77283276893413,-0.015086312078669166,0.4969013096277362,0,70,255.0,255.0,255.0
800,40.0,13.533,0.0004,-38.2312,0.584952129353424,0.0021739110752566483,0.23975072071262032,0.7782563700942076,-0.015802713099752584,0.4964446255177042,0,70,255.0,255.0,255.0
801,40.050000000000004,13.563219158579061,0.0004893450185125725,-38.21859392078027,0.6237888467843141,0.0014079467877344469,0.2644521961202288,0.7752123271412624,-0.014835858401132862,0.49161439078654934,0,70,255.0,255.0,255.0
802,40.1,13.59537634797597,0.0005416003910223017,-38.204758805583594,0.6624733620675513,0.000690325235143334,0.288912159791276,0.7721682841883177,-0.013869003702513278,0.48678415605539516,0,70,255.0,255.0,255.0
803,40.150000000000006,13.629463958083356,0.0005591832542757516,-38.189706729996765,0.7010056752031468,2.1046417483106287e-05,0.31313061172576895,0.7691242412353725,-0.012902149003893556,0.4819539213242403,0,70,255.0,255.0,255.0
804,40.2,13.665474378793824,0.0005445107450194666,-38.17344976960662,0.7393857861910897,-0.0005998896652460468,0.33710755192370073,0.7660801982824278,-0.011935294305273972,0.4771236865930861,0,70,255.0,255.0,255.0
805,40.25,13.7034,0.0005,-38.156,0.7776136950313854,-0.0011724830130442235,0.3608429803850748,0.7630361553294822,-0.010968439606654393,0.4722934518619315,0,70,255.0,255.0,255.0
806,40.300000000000004,13.743233293516841,0.00042795237576721563,-38.13736884348965,0.8156943170641541,-0.0017036804377118643,0.3843760935540341,0.7601887259811375,-0.010279457380049426,0.46903107489636225,0,70,255.0,255.0,255.0
807,40.35,13.784967058848627,0.0003302061080843189,-38.11756510929206,0.8536325676295002,-0.0022004287510491854,0.40774608787471167,0.7573412966327931,-0.009590475153444558,0.4657686979307935,0,70,255.0,255.0,255.0
808,40.400000000000006,13.828594177422,0.00020848365251779466,-38.09659695334965,0.8914284467274346,-0.002662727953056329,0.4309529633471141,0.7544938672844484,-0.008901492926839592,0.4625063209652243,0,70,255.0,255.0,255.0
809,40.45,13.87410753066358,6.450746463418952e-05,-38.07447253160483,0.9290819543579462,-0.003090578043733162,0.4539967199712348,0.7516464379361042,-0.008212510700234724,0.4592439439996555,0,70,255.0,255.0,255.0
810,40.5,13.9215,-0.0001,-38.0512,0.9665930905210407,-0.0034839790230797546,0.476877357747077,0.7487990085877545,-0.007523528473629863,0.45598156703408543,0,70,255.0,255.0,255.0
811,40.550000000000004,13.9707644673536,-0.00028355452158147456,-38.026787505261105,1.0039618849590908,-0.0038572250368872603,0.4995954296636219,0.7459527689341215,-0.00740631207866911,0.45274130962763387,0,70,255.0,255.0,255.0
812,40.6,14.021893816629532,-0.00048562482335959495,-38.00124315724814,1.041188367414454,-0.004224610230946677,0.5221514887098411,0.743106529280489,-0.007289095683708374,0.4495010522211828,0,70,255.0,255.0,255.0
813,40.650000000000006,14.07488093222867,-0.0007059178643470169,-37.97457505660462,1.0782725378871407,-0.004586134605258108,0.5445455348857409,0.7402602896268562,-0.007171879288747622,0.4462607948147313,0,70,255.0,255.0,255.0
814,40.7,14.12971869855187,-0.0009441406035562758,-37.946791303974074,1.1152143963771406,-0.00494179815982145,0.5667775681913149,0.7374140499732237,-0.007054662893786886,0.4430205374082802,0,70,255.0,255.0,255.0
815,40.75,14.1864,-0.0012,-37.9179,1.152013942884459,-0.005291600894636756,0.5888475886265663,0.7345678103195876,-0.006937446498826168,0.4397802800018322,0,70,255.0,255.0,255.0
816,40.800000000000004,14.244918437068778,-0.0014729342894414144,-37.88790993546592,1.1887141430995118,-0.005619419414739287,0.6107141877914469,0.7334401982824015,-0.006175294305273979,0.43488368659332216,0,70,255.0,255.0,255.0
817,40.85,14.305270474633256,-0.0017613068146459744,-37.856832661715366,1.2253579627127,-0.005909130325164168,0.6323359572858991,0.7323125862452154,-0.005413142111721899,0.4299870931848128,0,70,255.0,255.0,255.0
818,40.900000000000006,14.367453293663354,-0.002063212195129881,-37.824680420231836,1.2619454017240344,-0.00616073362591148,0.6537128971099289,0.7311849742080293,-0.00465098991816971,0.42509049977630275,0,70,255.0,255.0,255.0
819,40.95,14.431464075128961,-0.0023767450504091694,-37.79146545249888,1.2984764601335042,-0.006374229316981151,0.67484500726353,0.7300573621708434,-0.0038888377246176302,0.4201939063677934,0,70,255.0,255.0,255.0
820,41.0,14.4973,-0.0027,-37.7572,1.3349511379411148,-0.0065496173983732205,0.6957322877467059,0.7289297501336591,-0.003126685531065515,0.4152973129592832,0,70,255.0,255.0,255.0
821,41.050000000000004,14.564956984371312,-0.0030311083206530087,-37.7218951528752,1.3712935426428627,-0.006689097304155738,0.716443819170677,0.7247664379361307,-0.002452510700234693,0.41316394399948775,0,70,255.0,255.0,255.0
822,41.1,14.634425884837457,-0.003368347918056557,-37.68555739589039,1.407427781734729,-0.006794868468396698,0.7370486821466553,0.7206031257386029,-0.0017783358694039662,0.41103057503969265,0,70,255.0,255.0,255.0
823,41.150000000000006,14.705696293117956,-0.003710033355133663,-37.648192062468,1.4433538552167238,-0.006866930891096132,0.7575468766746468,0.7164398135410744,-0.0011041610385731436,0.4088972060798972,0,70,255.0,255.0,255.0
824,41.2,14.778757800932299,-0.004054479194807154,-37.6098044860304,1.4790717630888373,-0.006905284572254019,0.7779384027546457,0.7122765013435467,-0.0004299862077424173,0.4067638371201021,0,70,255.0,255.0,255.0
825,41.25,14.8536,-0.0044,-37.5704,1.5145815053510747,-0.00690992951187037,0.7982232603866548,0.7081131891460171,0.0002441886230883025,0.4046304681603079,0,70,255.0,255.0,255.0
826,41.300000000000004,14.930214425446005,-0.004745032427946719,-37.529985453033284,1.5499996863290595,-0.006888191368637833,0.8183105355258687,0.7086140499732534,0.0006253371062131286,0.39886053740817917,0,70,255.0,255.0,255.0
827,41.35,15.008600386016932,-0.005088501513127857,-37.488573754723035,1.5854429103484011,-0.006847395801249059,0.8381093141274734,0.7091149108004896,0.0010064855893379004,0.3930906066560512,0,70,255.0,255.0,255.0
828,41.400000000000006,15.088759133864869,-0.005429454384335697,-37.44617932989616,1.6209111774091096,-0.006787542809704038,0.8576195961914743,0.7096157716277258,0.0013876340724627266,0.38732067590392244,0,70,255.0,255.0,255.0
829,41.45,15.170691921141866,-0.005766938170362333,-37.40281660337952,1.6564044875111745,-0.006708632394002787,0.8768413817178662,0.710116632454962,0.0017687825555874983,0.38155074515179455,0,70,255.0,255.0,255.0
830,41.5,15.2544,-0.0061,-37.3585,1.6919228406546014,-0.0066106645541452996,0.8957746707066516,0.7106174932821894,0.0021499310387122494,0.3757808143996595,0,70,255.0,255.0,255.0
831,41.550000000000004,15.339880513844712,-0.00642796196756029,-37.31324143499168,1.7272197120409285,-0.006510137221292927,0.9145700387258437,0.701257362170773,0.0018711622753823166,0.376033906367962,0,70,255.0,255.0,255.0
832,41.6,15.427114171094837,-0.006751246029432078,-37.267042785217434,1.7620485768716798,-0.006423548326607064,0.9333780613434484,0.6918972310593579,0.0015923935120524234,0.3762869983362645,0,70,255.0,255.0,255.0
833,41.650000000000006,15.516077571422624,-0.0070705491075237804,-37.21990341794736,1.7964094351468651,-0.0063508978700876845,0.9521987385594708,0.6825370999479414,0.0013136247487224905,0.37654009030456703,0,70,255.0,255.0,255.0
834,41.7,15.606747314500266,-0.007386568123743631,-37.17182270045152,1.830302286866475,-0.00629218585173481,0.9710320703739056,0.6731769688365263,0.0010348559853925973,0.3767931822728695,0,70,255.0,255.0,255.0
835,41.75,15.6991,-0.0077,-37.1228,1.863727132030514,-0.00624741227154843,0.9898780567867554,0.663816837725097,0.0007560872220627457,0.3770462742411729,0,70,255.0,255.0,255.0
836,41.800000000000004,15.793105119175197,-0.008011919701812288,-37.072831206999986,1.8962574655072337,-0.006239259746190424,1.0089453095707852,0.6373965013435792,-0.00042998620774251767,0.38564383711995076,0,70,255.0,255.0,255.0
837,41.85,15.88870372960374,-0.008324914369143888,-37.02189830440719,1.927466782164873,-0.006290410892322675,1.028442440498751,0.6109761649620651,-0.0016160596375476128,0.3942413999987274,0,70,255.0,255.0,255.0
838,41.900000000000006,15.985829780444703,-0.008641949185569403,-36.969979798314384,1.9573550820034409,-0.006400865709945196,1.0483694495706586,0.5845558285805472,-0.002802133067352876,0.4028389628775053,0,70,255.0,255.0,255.0
839,41.95,16.0844172208571,-0.008965989334663254,-36.91705419481438,1.9859223650229287,-0.006570624199057957,1.068726336786502,0.5581354921990331,-0.003988206497157971,0.411436525756282,0,70,255.0,255.0,255.0
840,42.0,16.1844,-0.0093,-36.8631,2.013168631223341,-0.00679968635966097,1.0895131021462845,0.531715155817519,-0.005174279926963066,0.4200340886350631,0,70,255.0,255.0,255.0
841,42.050000000000004,16.285720609454547,-0.00964595922519072,-36.80810253700834,2.039606425930156,-0.007028823793945379,1.1103207229909593,0.52579663245498,-0.003991217444412491,0.41227074515185724,0,70,255.0,255.0,255.0
842,42.1,16.388355710490217,-0.010001896493992421,-36.752074397153805,2.0657482944688397,-0.007198808104102234,1.1307401766614709,0.5198781090924418,-0.002808154961862086,0.4045074016686525,0,70,255.0,255.0,255.0
843,42.150000000000006,16.492290506798632,-0.010364854150198829,-36.69503498879509,2.0915942368394007,-0.007309639290131583,1.150771463157825,0.5139595857299029,-0.0016250924793115118,0.39674405818544667,0,70,255.0,255.0,255.0
844,42.2,16.597510202071355,-0.010731874537603462,-36.637003720290934,2.1171442530418307,-0.0073613173520333955,1.1704145824800163,0.5080410623673647,-0.000442029996761106,0.38898071470224194,0,70,255.0,255.0,255.0
845,42.25,16.704,-0.0111,-36.578,2.1423983430761346,-0.007353842289807692,1.1896695346280473,0.5021225390048301,0.0007410324857893072,0.381217371219039,0,70,255.0,255.0,255.0
846,42.300000000000004,16.81174284300667,-0.011467443397425012,-36.51804104496664,2.167220830772169,-0.007357445078028146,1.2086677984653516,0.4907769688364671,-0.0008851440146074737,0.378713182273068,0,70,255.0,255.0,255.0
847,42.35,16.92071262843541,-0.011837099654886489,-36.457135306977584,2.1914760399597824,-0.0074423566912684294,1.2275408528553546,0.4794313986681058,-0.0025113205150040234,0.3762089933270974,0,70,255.0,255.0,255.0
848,42.400000000000006,17.030880992360842,-0.01221303421363553,-36.395289046505226,2.2151639706389803,-0.007608577129528564,1.2462886977980616,0.46808582849974284,-0.004137497015400804,0.3737048043811264,0,70,255.0,255.0,255.0
849,42.45,17.142219570857506,-0.012599312514923019,-36.332508524021904,2.2382846228097573,-0.007856106392808504,1.2649113332934678,0.45674025833138154,-0.005763673515797354,0.3712006154351558,0,70,255.0,255.0,255.0
850,42.5,17.2547,-0.013,-36.2688,2.260837996472116,-0.008184944481108267,1.2834087593415753,0.445394688163006,-0.007389850016193911,0.3686964264891781,0,70,255.0,255.0,255.0
851,42.550000000000004,17.368294418518833,-0.013417867185109426,-36.20417088312511,2.28285425098117,-0.008517395893942088,1.3017120831477076,0.435255492199075,-0.0059082064971577655,0.36343652575605095,0,70,255.0,255.0,255.0
852,42.6,17.48297697576815,-0.013850504886461688,-36.13863317493584,2.304363545692024,-0.008775765130824063,1.3197524119171808,0.4251162962351455,-0.00442656297812183,0.3581766250229246,0,70,255.0,255.0,255.0
853,42.650000000000006,17.59872232375807,-0.014294208995259317,-36.072200025184,2.325365880604685,-0.008960052191754265,1.3375297456500006,0.41497710027121454,-0.002944919459085686,0.3529167242897974,0,70,255.0,255.0,255.0
854,42.7,17.715505114498654,-0.014745275402704597,-36.00488458362145,2.345861255719146,-0.009070257076732646,1.3550440843461613,0.40483790430728506,-0.0014632759400497507,0.347656823556671,0,70,255.0,255.0,255.0
855,42.75,17.8333,-0.0152,-35.9367,2.3658496710354115,-0.009106379785759233,1.3722954280056656,0.39469870834334486,1.8367578986183686e-05,0.34239692282354106,0,70,255.0,255.0,255.0
856,42.800000000000004,17.95208188291805,-0.015655487862137496,-35.8676586225329,2.3853461653031793,-0.009116971346203612,1.3893318689438112,0.3851610623673095,-0.0004420299967612788,0.33906071470222376,0,70,255.0,255.0,255.0
857,42.85,18.071826668492008,-0.01611208079926683,-35.79776959327905,2.404365777272143,-0.009150582785435358,1.4062014994758887,0.37562341639127556,-0.0009024275725086759,0.33572450658090697,0,70,255.0,255.0,255.0
858,42.900000000000006,18.192510512606958,-0.016570929805327504,-35.727041252758745,2.4229085069423077,-0.009207214103454485,1.4229043196019022,0.3660857704152402,-0.0013628251482561383,0.3323882984595897,0,70,255.0,255.0,255.0
859,42.95,18.314109571147927,-0.017033185874258748,-35.65548194149229,2.440974354313668,-0.00928686530026097,1.4394403293218478,0.3565481244392062,-0.0018232227240035355,0.32905209033827293,0,70,255.0,255.0,255.0
860,43.0,18.4366,-0.0175,-35.5831,2.458563319386226,-0.009389536375854827,1.4558095286357275,0.34701047846317223,-0.0022836202997509047,0.3257158822169579,0,70,255.0,255.0,255.0
861,43.050000000000004,18.559957249809013,-0.017972181366340823,-35.50990422674327,2.4756330878060915,-0.009494718721243536,1.4719844410770346,0.3357802583313867,-0.00192367351579715,0.3212806154352716,0,70,255.0,255.0,255.0
862,43.1,18.684153950263834,-0.018449171916471076,-35.43590525194795,2.4921413452193653,-0.009581903727434546,1.487937590179255,0.32455003819960276,-0.0015637267318434464,0.3168453486535859,0,70,255.0,255.0,255.0
863,43.150000000000006,18.809162025814178,-0.018930071783431,-35.36111416378099,2.508088091626052,-0.009651091394427882,1.5036689759423936,0.3133198180678173,-0.0012037799478896917,0.31241008187189956,0,70,255.0,255.0,255.0
864,43.2,18.934953400909666,-0.019413981100260578,-35.285542050409354,2.5234733270261476,-0.00970228172222352,1.5191785983664456,0.30208959793603335,-0.000843833163935988,0.30797481509021385,0,70,255.0,255.0,255.0
865,43.25,19.0615,-0.0199,-35.2092,2.538297051419654,-0.009735474710821474,1.5344664574514133,0.2908593778042423,-0.0004838863799822152,0.3035395483085246,0,70,255.0,255.0,255.0
866,43.300000000000004,19.18877471784596,-0.020387786672499453,-35.13209887049402,2.5526174834724453,-0.00978415376882228,1.5495463667480456,0.2819579043073616,-0.0014632759400498715,0.2996568235567114,0,70,255.0,255.0,255.0
867,43.35,19.316754330452667,-0.020879231534848965,-35.054248598929156,2.5664928418503905,-0.009881802304826456,1.5644321398070848,0.2730564308104822,-0.0024426655001173886,0.29577409880489886,0,70,255.0,255.0,255.0
868,43.400000000000006,19.445416584136417,-0.021376783060948836,-34.975658892117266,2.579923126553494,-0.01002842031883403,1.5791237766285358,0.2641549573136015,-0.003422055060185045,0.2918913740530857,0,70,255.0,255.0,255.0
869,43.45,19.574739225213442,-0.021882889724699102,-34.89633945687026,2.592908337581751,-0.010224007810844957,1.5936212772123939,0.2552534838167221,-0.004401444620252562,0.2880086493012731,0,70,255.0,255.0,255.0
870,43.5,19.7047,-0.0224,-34.8163,2.605448474935165,-0.01046856478085926,1.6079246415586612,0.24635201031986043,-0.005380834180320079,0.2841259245494552,0,70,255.0,255.0,255.0
871,43.550000000000004,19.83527587880722,-0.02292947194366161,-34.73555069128063,2.6174969783041413,-0.010696666203467368,1.6220060919308517,0.23558812443915308,-0.0037432227240034605,0.2791320903381155,0,70,255.0,255.0,255.0
872,43.6,19.966440727925516,-0.02346830194413315,-34.65410355233542,2.629007287379081,-0.010842887053259623,1.635837850592473,0.22482423855844727,-0.0021056112676870746,0.2741382561267765,0,70,255.0,255.0,255.0
873,43.650000000000006,20.09816763764023,-0.02401239597277399,-34.57197106774989,2.639979402159986,-0.010907227330236068,1.6494199175435298,0.21406035267773993,-0.00046799981137045626,0.2691444219154368,0,70,255.0,255.0,255.0
874,43.7,20.230429698236616,-0.024557660000943178,-34.48916572210957,2.650413322646855,-0.01088968703439668,1.6627522927840173,0.20329646679703411,0.00116961164494593,0.2641505877040978,0,70,255.0,255.0,255.0
875,43.75,20.3632,-0.0251,-34.4057,2.660309048839689,-0.010790266165741481,1.675834976313938,0.19253258091632475,0.002807223101262399,0.25915675349276235,0,70,255.0,255.0,255.0
876,43.800000000000004,20.49645216692523,-0.025636725552854376,-34.32158556438343,2.669698603310999,-0.010693181417308312,1.688717265528515,0.18304959793602782,0.0010761668360639682,0.25613481509026753,0,70,255.0,255.0,255.0
877,43.85,20.630161957845285,-0.026170760688618514,-34.236830791729155,2.6786140086332924,-0.010682649482135072,1.7014484578229652,0.17356661495573222,-0.0006548894291342165,0.2531128766877731,0,70,255.0,255.0,255.0
878,43.900000000000006,20.76430566530275,-0.026706433047955565,-34.15144323688314,2.6870552648065718,-0.010758670360221748,1.7140285531972923,0.1640836319754353,-0.0023859456943326474,0.25009093828527823,0,70,255.0,255.0,255.0
879,43.95,20.898859581840128,-0.02724807027152837,-34.065430454691416,2.6950223718308357,-0.010921244051568326,1.7264575516514933,0.1546006489951397,-0.004117001959530832,0.24706899988278383,0,70,255.0,255.0,255.0
880,44.0,21.0338,-0.0278,-33.9788,2.7025153297060847,-0.011170370556174807,1.7387354531855697,0.14511766601484055,-0.005848058224728947,0.24404706148029476,0,70,255.0,255.0,255.0
881,44.050000000000004,21.16910265349192,-0.028365225844921165,-33.891559851185605,2.709500608451875,-0.011426608127299363,1.750836845955111,0.1342934838167414,-0.0044014446202524475,0.2400086493013138,0,70,255.0,255.0,255.0
882,44.1,21.304741040693358,-0.028941455301392888,-33.803719680747975,2.715944678087759,-0.011610515018200068,1.7627363181157014,0.12346930161864376,-0.0029548310157761527,0.2359702371223334,0,70,255.0,255.0,255.0
883,44.150000000000006,21.44068810114887,-0.029525071835404128,-33.71528958471752,2.7218475386137393,-0.011722091228876972,1.7744338696673445,0.11264511942054459,-0.0015082174112996524,0.23193182494335243,0,70,255.0,255.0,255.0
884,44.2,21.576916774402903,-0.030112458912943535,-33.62627965912471,2.727209190029814,-0.011761336759330046,1.785929500610037,0.10182093722244698,-6.160380682335848e-05,0.22789341276437203,0,70,255.0,255.0,255.0
885,44.25,21.7134,-0.0307,-33.5367,2.732029632335984,-0.01172825160955931,1.7972232109437805,0.09099675502434579,0.0013850097976529224,0.2238550005853881,0,70,255.0,255.0,255.0
886,44.300000000000004,21.850110819107165,-0.03128477106746125,-33.44656143087411,2.736314962881519,-0.011664386073494334,1.8082713506510177,0.08041646679704523,0.001169611644945907,0.21807058770406748,0,70,255.0,255.0,255.0
887,44.35,21.987022679381298,-0.03186661810581005,-33.35587768527896,2.7400712790156887,-0.011611290445064716,1.8190302697141876,0.06983617856974617,0.0009542134922389222,0.2122861748227477,0,70,255.0,255.0,255.0
888,44.400000000000006,22.12410913010188,-0.03244607961042832,-33.26466322424676,2.7432985807384935,-0.011568964724270442,1.8294999681332929,0.0592558903424456,0.0007388153395319069,0.20650176194142708,0,70,255.0,255.0,255.0
889,44.45,22.261343720548297,-0.03302369407669769,-33.1729325088097,2.745996868049933,-0.011537408911111524,1.8396804459083307,0.04867560211514654,0.000523417186824922,0.20071734906010727,0,70,255.0,255.0,255.0
890,44.5,22.3987,-0.0336,-33.0807,2.7481661409500084,-0.011516623005587952,1.8495717030393024,0.038095313887851034,0.0003080190341179373,0.19493293617878393,0,70,255.0,255.0,255.0
891,44.550000000000004,22.536152470079504,-0.03417568988523415,-32.98797842531793,2.749863540022082,-0.01151584757872327,1.8592777514408456,0.02980064899508577,-0.000277001959530701,0.19330899988291164,0,70,255.0,255.0,255.0
892,44.6,22.67367944178147,-0.03475207227536705,-32.89477357813616,2.7511462058495173,-0.011544323201541019,1.868902603027594,0.02150598410232168,-0.0008620229531792561,0.1916850635870396,0,70,255.0,255.0,255.0
893,44.650000000000006,22.81126017844371,-0.035330609722882975,-32.80108951829541,2.752014138432314,-0.011602049874041202,1.8784462577995498,0.013211319209556417,-0.0014470439468278944,0.19006112729116734,0,70,255.0,255.0,255.0
894,44.7,22.94887394340396,-0.03591276478026589,-32.70693030563645,2.7524673377704727,-0.011689027596223804,1.887908715756711,0.004916654316792328,-0.0020320649404764494,0.18843719099529527,0,70,255.0,255.0,255.0
895,44.75,23.0865,-0.0365,-32.6123,2.752505803863994,-0.011805256368088836,1.8972899768990783,-0.00337801057597531,-0.002617085934124977,0.18681325469942323,0,70,255.0,255.0,255.0
896,44.800000000000004,23.224116100574907,-0.037093269391602436,-32.51720486785413,2.752038877030156,-0.01192022361161256,1.9064576435856682,-0.015299062777556877,-0.0019816038068235773,0.17989341276414178,0,70,255.0,255.0,255.0
897,44.85,23.36169395349285,-0.037691492792721853,-32.421660002176374,2.750975897586238,-0.0120034167487712,1.9152793181754928,-0.02722011497913675,-0.0013461216795222677,0.1729735708288613,0,70,255.0,255.0,255.0
898,44.900000000000006,23.499203756123368,-0.03829308149804016,-32.32568270257153,2.7493168655322417,-0.012054835779564782,1.9237550006685546,-0.03914116718071832,-0.0007106395522208679,0.16605372889357986,0,70,255.0,255.0,255.0
899,44.95,23.63661570583591,-0.03889644680223892,-32.229290268644455,2.747061780868166,-0.012074480703993293,1.931884691064851,-0.05106221938229819,-7.515742491955848e-05,0.15913388695829941,0,70,255.0,255.0,255.0
900,45.0,23.7739,-0.0395,-32.1325,2.7442106435940117,-0.012062351522056739,1.9396683893643836,-0.06298327158387451,0.0005603247023818064,0.1522140450230154,0,70,255.0,255.0,255.0
901,45.050000000000004,23.91102792762094,-0.040102432548356395,-32.03532690326548,2.740828951857294,-0.012035257974826566,1.9472436742164634,-0.07228439788483677,0.0005234171868250144,0.15079734906015277,0,70,255.0,255.0,255.0
902,45.1,24.04797514424715,-0.040703556553745635,-31.937776813158322,2.736982203805528,-0.012010009803374237,1.9547481242703992,-0.08158552418579772,0.00048650967126822773,0.14938065309729037,0,70,255.0,255.0,255.0
903,45.150000000000006,24.184718397062912,-0.0413034642849568,-31.839853271418406,2.732670399438714,-0.011986607007699743,1.9621817395261927,-0.09088665048675998,0.0004496021557114357,0.14796395713442775,0,70,255.0,255.0,255.0
904,45.2,24.32123443325244,-0.041902248010778596,-31.741559819785664,2.727893538756852,-0.011965049587803091,1.9695445199838422,-0.10018777678772092,0.000412694640154649,0.14654726117156536,0,70,255.0,255.0,255.0
905,45.25,24.4575,-0.0425,-31.6429,2.722651621759942,-0.01194533754368428,1.9768364656433481,-0.10948890308867476,0.00037578712459786223,0.1451305652087047,0,70,255.0,255.0,255.0
906,45.300000000000004,24.5934913889414,-0.0430970004149723,-31.5438795190839,2.716917315540645,-0.01193874448908124,1.9839276595484516,-0.11988334568318723,-0.00011206494047626966,0.13851719099541362,0,70,255.0,255.0,255.0
907,45.35,24.729183069518573,-0.043694280992295706,-31.44451274519033,2.7106632871916236,-0.011956544037731904,1.9906881847428897,-0.13027778827769823,-0.0005999170055503322,0.13190381678212348,0,70,255.0,255.0,255.0
908,45.400000000000006,24.864549055625073,-0.044293061362133075,-31.344816211754786,2.7038895367128752,-0.011998736189636277,1.9971180412266643,-0.1406722308722107,-0.001087769070624464,0.12529044256883243,0,70,255.0,255.0,255.0
909,45.45,24.99956336115437,-0.04489456115464691,-31.24480645221284,2.696596064104402,-0.01206532094479435,2.003217228999773,-0.1510666734667217,-0.0015756211356985266,0.11867706835554229,0,70,255.0,255.0,255.0
910,45.5,25.1342,-0.0455,-31.1445,2.6887828693662033,-0.012156298303206121,2.008985748062218,-0.16146111606124336,-0.0020634732007725615,0.11206369414225392,0,70,255.0,255.0,255.0
911,45.550000000000004,25.268434516613524,-0.04611036579175472,-31.04391662039886,2.6805417859801137,-0.012257764068848433,2.0142296875897303,-0.16818221938230224,-0.0019951574249196104,0.097693886958235,0,70,255.0,255.0,255.0
912,45.6,25.40224857767858,-0.046725719477071645,-30.943089006080346,2.6719646474279726,-0.012355814045698086,2.018755136758042,-0.17490332270336018,-0.0019268416490666692,0.0833240797742181,0,70,255.0,255.0,255.0
913,45.650000000000006,25.535625380436894,-0.047345890266511335,-30.842053081562376,2.6630514537097776,-0.012450448233755103,2.0225620955671526,-0.18162442602441906,-0.0018585258732137183,0.06895427259019918,0,70,255.0,255.0,255.0
914,45.7,25.66854812213013,-0.04797070737063396,-30.740844771362948,2.6538022048255305,-0.01254166663301946,2.0256505640170617,-0.18834552934547696,-0.001790210097360777,0.054584465406182295,0,70,255.0,255.0,255.0
915,45.75,25.801,-0.0486,-30.6395,2.6442169007752305,-0.012629469243491169,2.0280205421077704,-0.19506663266655266,-0.0017218943215077664,0.04021465822217962,0,70,255.0,255.0,255.0
916,45.800000000000004,25.932965744604555,-0.049233536418009136,-30.5380515993206,2.6343875405388735,-0.012710199235525008,2.0298575900926155,-0.1981077767876971,-0.001507305359845505,0.033267261171629176,0,70,255.0,255.0,255.0
917,45.85,26.06443621976712,-0.04987084109941779,-30.43652003048828,2.6244061230964606,-0.012780199779475723,2.031347268224933,-0.20114892090884107,-0.001292716398183274,0.02631986412107972,0,70,255.0,255.0,255.0
918,45.900000000000006,26.195403822627437,-0.050511377571822,-30.334922661995645,2.6142726484479892,-0.012839470875343336,2.032489576504724,-0.2041900650299855,-0.0010781274365210124,0.019372467070529274,0,70,255.0,255.0,255.0
919,45.95,26.325860950325154,-0.05115460936281743,-30.233276862335348,2.6039871165934616,-0.012888012523127828,2.0332845149319865,-0.20723120915112947,-0.0008635384748587816,0.012425070019979816,0,70,255.0,255.0,255.0
920,46.0,26.4558,-0.0518,-30.1316,2.5935495275328773,-0.012925824722829207,2.033732083506722,-0.21027235327227345,-0.0006489495131964534,0.005477672969433911,0,70,255.0,255.0,255.0
921,46.050000000000004,26.58521290496832,-0.05244748853620906,-30.0299105823187,2.5829320518644017,-0.012981438989051587,2.033763952039845,-0.21442667346671307,-0.0015756211356985502,-0.004202931644514622,0,70,255.0,255.0,255.0
922,46.1,26.71408974325295,-0.05309891612525726,-29.928231671966522,2.5721068601862056,-0.013083386836399057,2.0333117903422706,-0.2185809936611521,-0.002502292758200515,-0.013883536258461778,0,70,255.0,255.0,255.0
923,46.150000000000006,26.842420129053448,-0.05375659944620106,-29.826587470454978,2.5610739524982864,-0.013231668264871647,2.032375598413999,-0.22273531385559173,-0.003428964380702612,-0.02356414087241031,0,70,255.0,255.0,255.0
924,46.2,26.970193676569288,-0.05442285517809653,-29.725002179295632,2.5498333288006463,-0.013426283274469318,2.03095537625503,-0.22688963405003074,-0.004355636003204577,-0.03324474548635747,0,70,255.0,255.0,255.0
925,46.25,27.0974,-0.0551,-29.6235,2.5383849890932844,-0.013667231865192081,2.0290511238653632,-0.23104395424446977,-0.005282307625706514,-0.04292535010031173,0,70,255.0,255.0,255.0
926,46.300000000000004,27.224028235522248,-0.055789309437154995,-29.522104471404557,2.526700252003532,-0.013892044808268772,2.0267026017480094,-0.23634552934557906,-0.0037102100973604077,-0.051015534593842185,0,70,255.0,255.0,255.0
927,46.35,27.350065607221104,-0.056487894399553276,-29.42083648164561,2.514750436158726,-0.014038252874928138,2.023949570405979,-0.24164710444668758,-0.0021381125690145245,-0.059105719087371486,0,70,255.0,255.0,255.0
928,46.400000000000006,27.475498861158872,-0.057191824643374196,-29.319716256184368,2.502535541558863,-0.014105856065170218,2.020792029839272,-0.24694867954779684,-0.0005660150406684179,-0.06719590358090194,0,70,255.0,255.0,255.0
929,46.45,27.600314743397746,-0.057897169924796696,-29.21876402048209,2.4900555682039465,-0.014094854378994992,2.017229980047889,-0.2522502546489054,0.0010060824876774654,-0.07528608807443124,0,70,255.0,255.0,255.0
930,46.5,27.7245,-0.0586,-29.118,2.4773105160939735,-0.014005247816402477,2.013263421031829,-0.25755182975001034,0.0025781800160233764,-0.08337627256796054,0,70,255.0,255.0,255.0
931,46.550000000000004,27.84804215294277,-0.059297673715171355,-29.01744513206303,2.4643469401214455,-0.013914381777873358,2.0088496409681307,-0.26099120915106894,0.001056461525141051,-0.09317492997997417,0,70,255.0,255.0,255.0
932,46.6,27.970931827862646,-0.05999270627652976,-28.917123201451023,2.451211395178866,-0.01389960166388836,2.0039459280338314,-0.2644305885521271,-0.00046525696574105813,-0.10297358739198642,0,70,255.0,255.0,255.0
933,46.650000000000006,28.093160426311158,-0.060688901980302606,-28.817058704807486,2.437903881266232,-0.013960907474447476,1.9985522822289314,-0.2678699679531857,-0.0019869754566233834,-0.11277224480400005,0,70,255.0,255.0,255.0
934,46.7,28.214719349839775,-0.06139006512271692,-28.717276138775972,2.4244243983835476,-0.01409829920955069,1.9926687035534316,-0.27130934735424383,-0.0035086939475054927,-0.1225709022160123,0,70,255.0,255.0,255.0
935,46.75,28.3356,-0.0621,-28.6178,2.41077294653081,-0.014311776869198007,1.9862951920073308,-0.2747487267552984,-0.005030412438387588,-0.13236955962802988,0,70,255.0,255.0,255.0
936,46.800000000000004,28.455793552706734,-0.06282159570215995,-28.518654200343267,2.3969359875106764,-0.014546428080237829,1.9794668343794684,-0.2787296340499797,-0.0043556360032044475,-0.14076474548645201,0,70,255.0,255.0,255.0
937,46.85,28.575290281328325,-0.06355408049432781,-28.419860312550266,2.3828999831258115,-0.014747340469518463,1.9722187174586856,-0.2827105413446604,-0.0036808595680214024,-0.14915993134487296,0,70,255.0,255.0,255.0
938,46.900000000000006,28.694080233596573,-0.06429576743541583,-28.32143932458561,2.36866493337621,-0.014914514037039969,1.9645508412449806,-0.28669144863934165,-0.0030060831328382618,-0.15755511720329513,0,70,255.0,255.0,255.0
939,46.95,28.812153457243202,-0.06504496958433585,-28.223412224413977,2.354230838261877,-0.015047948782802299,1.9564632057383557,-0.2906723559340224,-0.002331306697655217,-0.16595030306171607,0,70,255.0,255.0,255.0
940,47.0,28.9295,-0.0658,-28.1258,2.3395976977828092,-0.015147644706805477,1.9479558109388102,-0.29465326322871377,-0.0016565302624721168,-0.17434548892013169,0,70,255.0,255.0,255.0
941,47.050000000000004,29.046109236230357,-0.06655914347618919,-28.02862366656385,2.3247251098358652,-0.015211905901175346,1.9390270215139482,-0.30025025464900185,-0.0009139175123224518,-0.1828060880743152,0,70,255.0,255.0,255.0
942,47.1,29.161967846824073,-0.06732057174615909,-27.9319043483479,2.3095726723179086,-0.015239036458037728,1.9296752021313786,-0.30584724606928915,-0.00017130476217289245,-0.19126668722849755,0,70,255.0,255.0,255.0
943,47.150000000000006,29.277061839302633,-0.06808242827803454,-27.835663196850007,2.2941403852289355,-0.01522903637739263,1.9199003527910983,-0.3114442374895773,0.0005713079879767725,-0.19972728638268106,0,70,255.0,255.0,255.0
944,47.2,29.391377221187454,-0.0688428565399399,-27.739921363568083,2.2784282485689507,-0.015181905659240057,1.90970247349311,-0.3170412289098646,0.0013139207381263319,-0.20818788553686338,0,70,255.0,255.0,255.0
945,47.25,29.5049,-0.0696,-27.6447,2.262436262337951,-0.015097644303580005,1.899081564237413,-0.322638220330159,0.0020565334882758635,-0.21664848469104925,0,70,255.0,255.0,255.0
946,47.300000000000004,29.6176175023719,-0.07035303039308362,-27.55002073340129,2.2462435731458408,-0.015037948315060754,1.8880090795647362,-0.3250693473541839,0.0003313060524939987,-0.22625090221598126,0,70,255.0,255.0,255.0
947,47.35,29.7295223313754,-0.07110523252103591,-27.455907094058126,2.2299293276025325,-0.015064513698330593,1.8764564740158145,-0.32750047437820845,-0.001393921383287621,-0.2358533197409119,0,70,255.0,255.0,255.0
948,47.400000000000006,29.840608409192967,-0.07186091945244653,-27.362383088014308,2.21349352570802,-0.01517734045338953,1.8644237475906449,-0.3299316014022334,-0.0031191488190694854,-0.24545573726584388,0,70,255.0,255.0,255.0
949,47.45,29.95086965800702,-0.0726244042559047,-27.269472721313665,2.1969361674623085,-0.015376428580237533,1.85191090028923,-0.3323627284262579,-0.0048443762548511056,-0.25505815479077454,0,70,255.0,255.0,255.0
950,47.5,30.0603,-0.0734,-27.1772,2.1802572528653954,-0.015661778078874613,1.8389179321115687,-0.33479385545028606,-0.00656960369063278,-0.2646605723157087,0,70,255.0,255.0,255.0
951,47.550000000000004,30.1688919542821,-0.07419033495147669,-27.085588599830952,2.1633725975807856,-0.01593230083858182,1.8254646602271298,-0.340592355934047,-0.004251306697654575,-0.2734703030618043,0,70,255.0,255.0,255.0
952,47.6,30.276632427674343,-0.07499129816969739,-26.994660875419573,2.14619801727199,-0.016086908748640095,1.811570901805388,-0.34639085641780715,-0.0019330097046766975,-0.2822800338078987,0,70,255.0,255.0,255.0
953,47.650000000000006,30.383506923925562,-0.0757970939121799,-26.9044388510927,2.1287335119390045,-0.016125601809049477,1.7972366568463394,-0.35218935690156805,0.0003852872883015083,-0.29108976455399427,0,70,255.0,255.0,255.0
954,47.7,30.489500946784514,-0.07660192643644155,-26.814944551177224,2.1109790815818332,-0.016048380019809957,1.7824619253499883,-0.3579878573853282,0.0027035842812793854,-0.29989949530008864,0,70,255.0,255.0,255.0
955,47.75,30.5946,-0.0774,-26.7262,2.0929347262004736,-0.015855243380921556,1.7672467073163323,-0.3637863578690883,0.005021881274257345,-0.30870922604617945,0,70,255.0,255.0,255.0
956,47.800000000000004,30.698790680499766,-0.07818722980101003,-26.638227267274853,2.0746660365309975,-0.015648848330611947,1.7515882795267546,-0.36696122890988675,0.003233920738126242,-0.3176278855368807,0,70,255.0,255.0,255.0
957,47.85,30.802063957927235,-0.07896637480017465,-26.551048604263563,2.0562386033094846,-0.015531851307108916,1.7354839187626439,-0.37013609995068475,0.0014459602019953935,-0.32654654502758074,0,70,255.0,255.0,255.0
958,47.900000000000006,30.904411895104847,-0.0797419048988344,-26.46468630761483,2.0376524265359284,-0.015504252310412421,1.718933625023996,-0.37331097099148314,-0.000342000334135709,-0.33546520451828205,0,70,255.0,255.0,255.0
959,47.95,31.005826554854966,-0.08051828999832937,-26.3791626739774,2.0189075062103354,-0.015566051340522474,1.701937398310815,-0.37648584203228114,-0.002129960870266558,-0.344383864008982,0,70,255.0,255.0,255.0
960,48.0,31.1063,-0.0813,-26.2945,2.000003842332703,-0.01571724839743906,1.6844952386230996,-0.3796607130730756,-0.003917921406397323,-0.35330252349968205,0,70,255.0,255.0,255.0
961,48.050000000000004,31.205826923718902,-0.08209034584448353,-26.210721531069584,1.981099256295219,-0.015888305838970294,1.666550221665836,-0.3765227284262271,-0.0029243762548514223,-0.36449815479079484,0,70,255.0,255.0,255.0
962,48.1,31.30441254061673,-0.08288800262960408,-26.127854307526157,1.96235156949008,-0.016009686022924213,1.6480454231440196,-0.373384743779379,-0.0019308311033056631,-0.37569378608190607,0,70,255.0,255.0,255.0
963,48.150000000000006,31.40206469565512,-0.08369048649248302,-26.04592631844792,1.9437607819172804,-0.016081388949300855,1.628980843057645,-0.3702467591325306,-0.0009372859517597625,-0.38688941737301885,0,70,255.0,255.0,255.0
964,48.2,31.498791233795668,-0.08449531357024126,-25.96496555291313,1.9253268935768262,-0.0161034146181002,1.6093564814067174,-0.3671087744856825,5.625919978599712e-05,-0.3980850486641301,0,70,255.0,255.0,255.0
965,48.25,31.5946,-0.0853,-25.885,1.9070499044687144,-0.016075763029322253,1.5891723381912342,-0.36397078983883446,0.0010498043513317845,-0.4092806799552413,0,70,255.0,255.0,255.0
966,48.300000000000004,31.689499224624665,-0.08610258682105622,-25.806054608446768,1.888952938288109,-0.01602992831350697,1.5686108338098523,-0.35990785738532377,0.0007835842812794364,-0.41317949529995945,0,70,255.0,255.0,255.0
967,48.35,31.78349867960586,-0.08690321468140909,-25.728142165631805,1.8710591187301815,-0.015997404601194306,1.5478543886612377,-0.35584492493181363,0.0005173642112271262,-0.4170783106446771,0,70,255.0,255.0,255.0
968,48.400000000000006,31.876608522274733,-0.08770254913123404,-25.65127241859343,1.853368445794927,-0.01597819189238426,1.526903002745384,-0.3517819924783029,0.00025114414117477805,-0.42097712598939524,0,70,255.0,255.0,255.0
969,48.45,31.9688389099624,-0.08850125572070593,-25.575455114370047,1.8358809194823507,-0.015972290187076826,1.5057566760622976,-0.34771906002479275,-1.507592887753221e-05,-0.4248759413341129,0,70,255.0,255.0,255.0
970,48.5,32.0602,-0.0893,-25.5007,1.8185965397924495,-0.01597969948527201,1.4844154086119754,-0.34365612757128794,-0.00028129599892984247,-0.42877475667883225,0,70,255.0,255.0,255.0
971,48.550000000000004,32.15070177778248,-0.09009930687129206,-25.427017635143294,1.8015049905523584,-0.015991980907001907,1.4628304430947767,-0.340005842032295,-0.00020996087026608438,-0.43462386400904635,0,70,255.0,255.0,255.0
972,48.6,32.24035354095985,-0.09089913864475967,-25.354421829946627,1.7845959555892195,-0.01600069557229862,1.4409530222110702,-0.33635555649330257,-0.0001386257416023364,-0.4404729713392596,0,70,255.0,255.0,255.0
973,48.650000000000006,32.32916441524602,-0.0916993169825814,-25.282927207178293,1.7678694349030277,-0.01600584348116214,1.41878314596085,-0.3327052709543096,-6.72906129385783e-05,-0.4463220786694737,0,70,255.0,255.0,255.0
974,48.7,32.41714352635478,-0.09249966354693535,-25.21254838960665,1.751325428493788,-0.016007424633592476,1.3963208143441224,-0.32905498541531714,4.044515725169686e-06,-0.452171185999687,0,70,255.0,255.0,255.0
975,48.75,32.5043,-0.0933,-25.1433,1.7349639363614981,-0.01600543902958963,1.3735660273608838,-0.32540469987633003,7.53796443889454e-05,-0.4580202933299038,0,70,255.0,255.0,255.0
976,48.800000000000004,32.590643264245486,-0.09410018569377597,-25.075196450980005,1.7188030995024453,-0.016002148058485263,1.3505313938110297,-0.32102877448572364,5.625919978572817e-05,-0.4633650486641835,0,70,255.0,255.0,255.0
977,48.85,32.67618395655474,-0.09490023073955237,-25.00825131458167,1.7028610589129252,-0.015999813109611054,1.3272295224944648,-0.31665284909511787,3.713875518251365e-05,-0.4687098039984624,0,70,255.0,255.0,255.0
978,48.900000000000006,32.76093301674127,-0.09570018293844093,-24.94247795269333,1.6871378145929332,-0.015998434182967012,1.3036604134111827,-0.31227692370451143,1.8018310579296414e-05,-0.4740545593327421,0,70,255.0,255.0,255.0
979,48.95,32.84490138461853,-0.09650009009155294,-24.877889727203332,1.6716333665424736,-0.015998011278553124,1.27982406656119,-0.30790099831390566,-1.1021340239180934e-06,-0.479399314667021,0,70,255.0,255.0,255.0
980,49.0,32.9281,-0.0973,-24.8145,1.6563477147615444,-0.015998544396369403,1.2557204819444832,-0.30352507292330344,-2.0222578627077104e-05,-0.48474407000130526,0,70,255.0,255.0,255.0
981,49.050000000000004,33.01053956523564,-0.09809995035360443,-24.75232216093666,1.6412666114378431,-0.015999426859057024,1.2313479816610977,-0.29971906002470344,-1.5075928877766436e-05,-0.4901559413340292,0,70,255.0,255.0,255.0
982,49.1,33.092229832821204,-0.09889993839703094,-24.691369711726665,1.6263758087590736,-0.01600005198925718,1.2067048878110795,-0.295913047126104,-9.929279128456501e-06,-0.4955678126667523,0,70,255.0,255.0,255.0
983,49.150000000000006,33.17318031778896,-0.09969995126365537,-24.631656182048324,1.611675306725232,-0.01600041978696987,1.1817912003944218,-0.292107034227504,-4.782629379145835e-06,-0.5009796839994762,0,70,255.0,255.0,255.0
984,49.2,33.253400535171146,-0.10049997608685315,-24.573195101579998,1.597165105336323,-0.016000530252195094,1.1566069194111315,-0.2883010213289045,3.64020370164101e-07,-0.5063915553321994,0,70,255.0,255.0,255.0
985,49.25,33.3329,-0.1013,-24.516,1.5828452045923433,-0.016000383384932853,1.1311520448612047,-0.2844950084303086,5.510670119418526e-06,-0.5118034266649261,0,70,255.0,255.0,255.0
986,49.300000000000004,33.41168807481201,-0.10210001289180673,-24.460084505273322,1.5687064547462002,-0.016000144505286733,1.105420679544584,-0.2810549854153625,4.044515725393091e-06,-0.5174511859998097,0,70,255.0,255.0,255.0
987,49.35,33.48977351216046,-0.10290001567232403,-24.405462638511654,1.5547397060508068,-0.015999978933360314,1.079406926261223,-0.27761496240041683,2.578361331367865e-06,-0.5230989453346924,0,70,255.0,255.0,255.0
988,49.400000000000006,33.567164912102946,-0.10370001200693811,-24.35214851911331,1.5409449585061583,-0.015999886669153595,1.053110785011114,-0.2741749393854707,1.1122069373424302e-06,-0.5287467046695759,0,70,255.0,255.0,255.0
989,49.45,33.64387087469694,-0.10450000556103474,-24.300156266476648,1.5273222121122594,-0.01599986771266658,1.0265322557942649,-0.27073491637052505,-3.539474566827961e-07,-0.5343944640044587,0,70,255.0,255.0,255.0
990,49.5,33.7199,-0.1053,-24.2495,1.5138714668691073,-0.015999922063899264,0.999671338610671,-0.26729489335557943,-1.8201018505970001e-06,-0.5400422233393432,0,70,255.0,255.0,255.0
991,49.550000000000004,33.795260935516374,-0.10609999807916909,-24.200193417970024,1.5005955695773683,-0.01599999511979612,0.9725533001605117,-0.26374099831394104,-1.1021340235727815e-06,-0.5446793146669393,0,70,255.0,255.0,255.0
992,49.6,33.869962518536944,-0.10689999891367312,-24.15224853422672,1.487497367037713,-0.01600003227730162,0.9452034071439763,-0.26018710327230316,-3.84166196548665e-07,-0.5493164059945348,0,70,255.0,255.0,255.0
993,49.650000000000006,33.944013633799344,-0.10770000070859274,-24.1056769414984,1.4745768592501376,-0.016000033536415773,0.9176216595610573,-0.2566332082306647,3.338016304755538e-07,-0.553953497322131,0,70,255.0,255.0,255.0
994,49.7,34.01742316604116,-0.1085000016690082,-24.060490232513384,1.461834046214646,-0.015999998897138573,0.8898080574117625,-0.2530793131890268,1.0517694574996701e-06,-0.5585905886497264,0,70,255.0,255.0,255.0
995,49.75,34.0902,-0.1093,-24.0167,1.4492689279312363,-0.015999928359470023,0.861762600696088,-0.24952541814738893,1.7697372846348092e-06,-0.5632276799773228,0,70,255.0,255.0,255.0
996,49.800000000000004,34.16235378312256,-0.11009999479151733,-23.974318622846564,1.4369272669443272,-0.01599987501552866,0.8334381198133495,-0.24414102132894042,3.6402036989723565e-07,-0.5697515553321221,0,70,255.0,255.0,255.0
997,49.85,34.23389721369178,-0.11089998867298365,-23.933361624581458,1.424854825798342,-0.015999891957433034,0.804787445162875,-0.23875662451049265,-1.0416965448401384e-06,-0.5762754306869204,0,70,255.0,255.0,255.0
998,49.900000000000006,34.304843752699746,-0.11169998515869142,-23.89384531489307,1.4130516044932773,-0.015999979185183144,0.7758105767446566,-0.23337222769204413,-2.4474134595777115e-06,-0.5827993060417198,0,70,255.0,255.0,255.0
999,49.95,34.375206861138466,-0.11249998776293275,-23.855786003469785,1.401517603029137,-0.01600013669877899,0.7465075145587023,-0.22798783087359636,-3.853130374315086e-06,-0.5893231813965182,0,70,255.0,255.0,255.0
1000,50.0,34.445,-0.1133,-23.8192,1.3902528214059189,-0.016000364498220572,0.7168782586050082,-0.22260343405515393,-5.258847288913682e-06,-0.5958470567513157,0,70,255.0,255.0,255.0
1001,50.050000000000004,34.51423513199344,-0.11410002275476196,-23.784103290643706,1.3791673626452765,-0.016000504818089217,0.6869422205861083,-0.2208149163705061,-3.5394745688768576e-07,-0.6015944640045768,0,70,255.0,255.0,255.0
1002,50.1,34.58291822669593,-0.11490004639439241,-23.75051056744743,1.368171329768868,-0.016000399892966262,0.6567188122045498,-0.21902639868585852,4.550952375137612e-06,-0.6073418712578371,0,70,255.0,255.0,255.0
1003,50.150000000000006,34.65105375540173,-0.11570005865664205,-23.718436198929297,1.3572647227766903,-0.0160000497228517,0.6262080334603237,-0.2172378810012107,9.455852207163609e-06,-0.6130892785110983,0,70,255.0,255.0,255.0
1004,50.2,34.71864618940501,-0.11650004727926108,-23.687894553607443,1.3464475416687465,-0.015999454307745548,0.595409884353439,-0.21544936331656314,1.4360752039188906e-05,-0.6188366857643587,0,70,255.0,255.0,255.0
1005,50.25,34.7857,-0.1173,-23.6589,1.3357197864450352,-0.015998613647647788,0.5643243648838915,-0.21366084563191556,1.926565187107543e-05,-0.6245840930176145,0,70,255.0,255.0,255.0
1006,50.300000000000004,34.85222088890373,-0.11809991418943529,-23.63146581457859,1.3251552824745134,-0.015998105712114567,0.5330169978422042,-0.20891931318892384,1.0517694577423247e-06,-0.6277105886497687,0,70,255.0,255.0,255.0
1007,50.35,34.91821947952448,-0.11889982574944682,-23.605600905628805,1.3148278551261425,-0.015998508470702014,0.5015533060189137,-0.2041777807459328,-1.716211295558819e-05,-0.6308370842819225,0,70,255.0,255.0,255.0
1008,50.400000000000006,34.983707625693384,-0.11969978021474086,-23.581313089389724,1.3047375043999199,-0.015999821923410127,0.469933289414011,-0.19943624830294107,-3.537599536892129e-05,-0.6339635799140767,0,70,255.0,255.0,255.0
1009,50.45,35.048697181241515,-0.1204998231200232,-23.55861018210043,1.294884230295848,-0.016002046070238904,0.4381569480275052,-0.19469471585995005,-5.358987778225181e-05,-0.6370900755462305,0,70,255.0,255.0,255.0
1010,50.5,35.1132,-0.1213,-23.5375,1.2852680328139259,-0.01600518091118835,0.40622428185939163,-0.189953183416959,-7.180376019558232e-05,-0.6402165711783825,0,70,255.0,255.0,255.0
1011,50.550000000000004,35.17722931239165,-0.1221003204874973,-23.517993451041928,1.275971507456662,-0.01600707233345259,0.37394978804501994,-0.18190783087357015,-3.8531303739428345e-06,-0.6507631813963748,0,70,255.0,255.0,255.0
1012,50.6,35.240803855206124,-0.12290065060782043,-23.500113810037345,1.2670772497265685,-0.016005566224225744,0.3411479637197533,-0.17386247833018242,6.409749944768698e-05,-0.6613097916143656,0,70,255.0,255.0,255.0
1013,50.650000000000006,35.30394374182477,-0.12370082048439505,-23.4838874435118,1.2585852596236435,-0.01600066258350782,0.3078188088835824,-0.16581712578679358,0.00013204812926932648,-0.671856401832358,0,70,255.0,255.0,255.0
1014,50.7,35.36666908562894,-0.12450066024064638,-23.469340717990836,1.2504955371478887,-0.015992361411298815,0.2739623235365166,-0.15777177324340588,0.00019999875909095628,-0.6824030120503487,0,70,255.0,255.0,255.0
1015,50.75,35.429,-0.1253,-23.4565,1.2428080822993037,-0.015980662707598722,0.23957850767855138,-0.14972642070001463,0.0002679493889126694,-0.6929496222683396,0,70,255.0,255.0,255.0
1016,50.800000000000004,35.490961061529674,-0.1260988038605759,-23.445389181253695,1.2357906876988838,-0.015973604954074936,0.20481584997772878,-0.1309693633167571,1.4360752038845034e-05,-0.6975566857644462,0,70,255.0,255.0,255.0
1017,50.85,35.552594699651046,-0.12689757181927158,-23.436022254221808,1.2297111459676278,-0.015979226632394837,0.1698228391021058,-0.11221230593350225,-0.00023922788483494322,-0.702163749260552,0,70,255.0,255.0,255.0
1018,50.900000000000006,35.61394780700759,-0.12769693784767944,-23.42841073656307,1.2245694571055337,-0.015997527742558432,0.13459947505167252,-0.09345524855024472,-0.0004928165217087676,-0.7067708127566587,0,70,255.0,255.0,255.0
1019,50.95,35.67506727624276,-0.1284975359173915,-23.42256614593622,1.2203656211126028,-0.01602850828456571,0.09914575782643897,-0.07469819116698986,-0.0007464051585825558,-0.7113778762527645,0,70,255.0,255.0,255.0
1020,51.0,35.736,-0.1293,-23.4185,1.2170996379888348,-0.01607216825841668,0.06346168742640011,-0.05594113378374388,-0.0009999937954562887,-0.715984939748871,0,70,255.0,255.0,255.0
1021,51.050000000000004,35.79678484148968,-0.13010446407019952,-23.416217823943285,1.2142897417477443,-0.01609850785024765,0.027906812044020197,-0.05645471585986646,-5.358987778243099e-05,-0.7062100755462043,0,70,255.0,255.0,255.0
1022,51.1,35.85742854618971,-0.1309090621150934,-23.41570117307543,1.211454166402848,-0.016077527246194934,-0.0071593201282213826,-0.056968297935988954,0.0008928140398912923,-0.6964352113435389,0,70,255.0,255.0,255.0
1023,51.150000000000006,35.91792983014491,-0.13171142812488765,-23.416925610235936,1.2085929119541454,-0.016009226446258514,-0.04173670909033461,-0.05748188001211153,0.0018392179575651502,-0.6866603471408722,0,70,255.0,255.0,255.0
1024,51.2,35.97828740940007,-0.13250919608978787,-23.419866698264293,1.2057059784016368,-0.01589360545043842,-0.07582535484230964,-0.057995462088234036,0.0027856218752388734,-0.6768854829382068,0,70,255.0,255.0,255.0
1025,51.25,36.0385,-0.1333,-23.4245,1.202793365745322,-0.015730664258734643,-0.10942525738415144,-0.058509044164358315,0.0037320257929125966,-0.6671106187355414,0,70,255.0,255.0,255.0
1026,51.300000000000004,36.098568372511615,-0.13408253985862642,-23.43080352297317,1.1999783453101318,-0.01558436364493453,-0.14268309815380092,-0.054091773243234775,0.0021199987590914417,-0.6632030120503243,0,70,255.0,255.0,255.0
1027,51.35,36.15850151559011,-0.13485977972035498,-23.438765053476473,1.1973841884209986,-0.015518664382825485,-0.17574555858918484,-0.04967450232211187,0.0005079717252705158,-0.6592954053651076,0,70,255.0,255.0,255.0
1028,51.400000000000006,36.21831047241282,-0.1356357496527705,-23.448374822493186,1.1950108950779206,-0.015533566472407489,-0.2086126386903126,-0.04525723140098833,-0.0011040553085506387,-0.6553877986798904,0,70,255.0,255.0,255.0
1029,51.45,36.27800628615701,-0.13641447972345727,-23.4596230610066,1.1928584652808996,-0.01562906991368054,-0.24128433845717484,-0.04083996047986542,-0.002716082342371565,-0.6514801919946737,0,70,255.0,255.0,255.0
1030,51.5,36.3376,-0.1372,-23.4725,1.1909268990299344,-0.01580517470664463,-0.27376065788977627,-0.036422689558742505,-0.004328109376192435,-0.6475725853094549,0,70,255.0,255.0,255.0
1031,51.550000000000004,36.39710166846388,-0.13799497649529519,-23.486994484164022,1.1891568770117869,-0.01598003757001402,-0.3059584194288369,-0.03437819116715719,-0.0026664051585826767,-0.6403378762528604,0,70,255.0,255.0,255.0
1032,51.6,36.45651739144984,-0.13879661900348675,-23.50308981301867,1.1874890799132185,-0.01607181522250291,-0.33779444551506327,-0.03233369277557217,-0.0010047009409731547,-0.6331031671962669,0,70,255.0,255.0,255.0
1033,51.650000000000006,36.51585228020387,-0.13960077326403086,-23.520767899791313,1.1859235077342294,-0.01608050766411133,-0.3692687361484644,-0.03028919438398686,0.0006570032766366031,-0.6258684581396723,0,70,255.0,255.0,255.0
1034,51.7,36.57511144597193,-0.14040328501638322,-23.540010657709303,1.18446016047482,-0.016006114894839264,-0.40038129132903144,-0.02824469599240184,0.0023187074942461255,-0.6186337490830788,0,70,255.0,255.0,255.0
1035,51.75,36.6343,-0.1412,-23.5608,1.1830990381349897,-0.01584863691468673,-0.4311321110567688,-0.026200197600815045,0.0039804117118557025,-0.6113990400264817,0,70,255.0,255.0,255.0
1036,51.800000000000004,36.69342335363289,-0.14198795416019316,-23.58311854037076,1.1818581466427613,-0.015679486075009366,-0.46156322413088585,-0.02343546208831645,0.0027856218752381956,-0.6058454829380986,0,70,255.0,255.0,255.0
1037,51.85,36.75248811861054,-0.14276894426569814,-23.60695169444885,1.180755491926158,-0.015570074727162896,-0.49171665935057957,-0.02067072657581824,0.001590832038620859,-0.6002919258497162,0,70,255.0,255.0,255.0
1038,51.900000000000006,36.811501206771766,-0.14354595729110664,-23.632285578341573,1.1797910739851796,-0.015520402871147287,-0.5215924167158583,-0.017905991063319644,0.0003960422020033525,-0.5947383687613332,0,70,255.0,255.0,255.0
1039,51.95,36.87046952995532,-0.14432198021101006,-23.659106308156197,1.178964892819826,-0.015530470506962551,-0.5511904962267138,-0.01514125555082144,-0.0007987476346139845,-0.5891848116729509,0,70,255.0,255.0,255.0
1040,52.0,36.9294,-0.1451,-23.6874,1.1782769484300974,-0.01560027763460868,-0.58051089788315,-0.012376520038319683,-0.0019935374712313214,-0.5836312545845663,0,70,255.0,255.0,255.0
1041,52.050000000000004,36.98830011700461,-0.14588200686393252,-23.71715215435298,1.1777625364171427,-0.015670018129948733,-0.6095166840476344,-0.008199960479872103,-0.0007960823423705055,-0.5766001919947107,0,70,255.0,255.0,255.0
1042,52.1,37.04717973410801,-0.14666600393372084,-23.74834580918594,1.1774569523821101,-0.01567988586884574,-0.638170917082622,-0.004023400921425117,0.00040137278649014004,-0.5695691294048562,0,70,255.0,255.0,255.0
1043,52.150000000000006,37.10604929270912,-0.14744899757154306,-23.780963386842416,1.1773601963250002,-0.01562988085129971,-0.6664735969881208,0.00015315863702246302,0.0015988279153509562,-0.5625380668150005,0,70,255.0,255.0,255.0
1044,52.2,37.16491923420682,-0.14822799413957682,-23.814987309665927,1.1774722682458125,-0.015520003077310652,-0.6944247237641229,0.004329718195469449,0.0027962830442116015,-0.555507004225146,0,70,255.0,255.0,255.0
1045,52.25,37.2238,-0.149,-23.8504,1.177793168144547,-0.015350252546878563,-0.7220242974106321,0.008506277753919989,0.003993738173072289,-0.5484759416352905,0,70,255.0,255.0,255.0
1046,52.300000000000004,37.28270097834869,-0.14976321838407713,-23.88718484221735,1.1782597076885897,-0.015192441405195595,-0.7493300396785929,0.010155304007784024,0.002318707494245918,-0.5437537490830479,0,70,255.0,255.0,255.0
1047,52.35,37.3416273449574,-0.1505206399994186,-23.9253290688074,1.1788086985453254,-0.015118381797453957,-0.7763996723189377,0.011804330261647823,0.0006436768154197852,-0.5390315565308059,0,70,255.0,255.0,255.0
1048,52.400000000000006,37.400583222391774,-0.1512764524227216,-23.964820874288783,1.1794401407147546,-0.015128073723653627,-0.8032331953316743,0.013453356515511859,-0.0010313538634065854,-0.5343093639785634,0,70,255.0,255.0,255.0
1049,52.45,37.45957273321743,-0.152034843230683,-24.00564845318011,1.1801540341968766,-0.015221517183794605,-0.8298306087167948,0.01510238276937566,-0.002706384542232719,-0.5295871714263215,0,70,255.0,255.0,255.0
1050,52.5,37.5186,-0.1528,-24.0478,1.1809503789916922,-0.015398712177876885,-0.8561919124743035,0.01675140902324479,-0.004381415221058921,-0.5248649788740822,0,70,255.0,255.0,255.0
1051,52.550000000000004,37.577670369600625,-0.15357471959975919,-24.091262876777645,1.1819026328285025,-0.015576216249268741,-0.8822671572379822,0.02133874444916376,-0.002718747634614657,-0.5181448116729793,0,70,255.0,255.0,255.0
1052,52.6,37.63679408606238,-0.15435623606860485,-24.136021115584462,1.1830842534366086,-0.01567058694133837,-0.9080063936416022,0.025926079875082084,-0.0010560800481706294,-0.5114246444718773,0,70,255.0,255.0,255.0
1053,52.650000000000006,37.69598261772381,-0.15514039273757102,-24.18205791600247,1.1844952408160108,-0.01568182425408579,-0.9334096216851707,0.030513415301001056,0.0006065875382736344,-0.5047044772707744,0,70,255.0,255.0,255.0
1054,52.7,37.7552474329235,-0.15592303293769144,-24.22935647761365,1.1861355949667085,-0.015609928187511014,-0.9584768413686804,0.03510075072691938,0.002269255124717662,-0.4979843100696724,0,70,255.0,255.0,255.0
1055,52.75,37.8146,-0.1567,-24.2779,1.1880053158887027,-0.01545489874161404,-0.9832080526921352,0.03968808615284658,0.0039319227111616895,-0.49126414286857134,0,70,255.0,255.0,255.0
1056,52.800000000000004,37.87405034324881,-0.1574683032168864,-24.327671650672094,1.1900177609974105,-0.015286693597729682,-1.007601331369481,0.04080971819545534,0.0027962830442120087,-0.4844670042251733,0,70,255.0,255.0,255.0
1057,52.85,37.93360271079311,-0.1582296157261621,-24.378654468854748,1.1920862877082483,-0.015175270437192825,-1.0316547531146534,0.04193135023806394,0.0016606433772624893,-0.4776698655817762,0,70,255.0,255.0,255.0
1058,52.900000000000006,37.99325990671301,-0.1589867766269948,-24.43083146170136,1.1942108960212168,-0.01512062926000344,-1.0553683179276592,0.04305298228067271,0.0005250037103128086,-0.47087272693837817,0,70,255.0,255.0,255.0
1059,52.95,38.053024735088606,-0.1597426250185516,-24.484185636365307,1.1963915859363157,-0.015122770066161537,-1.0787420258084917,0.04417461432328131,-0.0006106359566367108,-0.46407558829498113,0,70,255.0,255.0,255.0
1060,53.0,38.1129,-0.1605,-24.5387,1.198628357453545,-0.015181692855667105,-1.1017758767571546,0.04529624636588814,-0.0017462756235861882,-0.45727844965158404,0,70,255.0,255.0,255.0
1061,53.050000000000004,38.172889857404144,-0.1612608675326957,-24.594358520533994,1.201002323181925,-0.01524500935981257,-1.1245275172841034,0.049662382769295035,-0.0007863845422322477,-0.45278717142629715,0,70,255.0,255.0,255.0
1062,53.1,38.2330038707652,-0.16202370102674682,-24.65114900899656,1.2035945957304746,-0.015260331309890338,-1.147054593899785,0.05402851917270132,0.00017350653912155635,-0.4482958932010109,0,70,255.0,255.0,255.0
1063,53.150000000000006,38.293252955424194,-0.16278610075445027,-24.709060237192123,1.206405175099195,-0.015227658705900407,-1.1693571066042054,0.05839465557610822,0.001133397620475497,-0.443804614975724,0,70,255.0,255.0,255.0
1064,53.2,38.35364802672212,-0.16354566698810244,-24.76808097692512,1.2094340612880854,-0.015146991547842794,-1.191435055397358,0.06276079197951451,0.002093288701829301,-0.4393133367504377,0,70,255.0,255.0,255.0
1065,53.25,38.4142,-0.1643,-24.8282,1.2126812542971463,-0.01501832983571749,-1.2132884402792465,0.067126928382919,0.0030531797831830493,-0.4348220585251479,0,70,255.0,255.0,255.0
1066,53.300000000000004,38.47491902713465,-0.16504742665233132,-24.889404667191933,1.2161009462748906,-0.014885268963019978,-1.2348325994941196,0.06966075072684198,0.0022692551247169373,-0.42694431006970074,0,70,255.0,255.0,255.0
1067,53.35,38.53581220614611,-0.1657891801668507,-24.95167669515903,1.2196473293698304,-0.014791404323245787,-1.2559828712862173,0.0721945730707646,0.0014853304662509363,-0.4190665616142547,0,70,255.0,255.0,255.0
1068,53.400000000000006,38.59688587159025,-0.16652722035520462,-25.014996389530175,1.2233204035819674,-0.014736735916394888,-1.2767392556555455,0.07472839541468759,0.0007014058077848243,-0.41118881315880756,0,70,255.0,255.0,255.0
1069,53.45,38.658146358022925,-0.167263507029039,-25.07934405593421,1.2271201689112996,-0.014721263742467298,-1.2971017526020987,0.07726221775861021,-8.251885068117672e-05,-0.4033110647033616,0,70,255.0,255.0,255.0
1070,53.5,38.7196,-0.168,-25.1447,1.2310466253578278,-0.014744987801463006,-1.3170703621258797,0.07979604010252928,-0.0008664435091471773,-0.3954333162479102,0,70,255.0,255.0,255.0
1071,53.550000000000004,38.78125323405728,-0.16873822585797943,-25.211046010698293,1.235105891718478,-0.01478191478810759,-1.3367340847394527,0.08257461432346412,-0.0006106359566360551,-0.391115588294944,0,70,255.0,255.0,255.0
1072,53.6,38.843112904650376,-0.16947797830585037,-25.27836981036732,1.2393040867901743,-0.014806051397126615,-1.3561819209553747,0.08535318854439858,-0.00035482840412496934,-0.3867978603419785,0,70,255.0,255.0,255.0
1073,53.650000000000006,38.905185958214815,-0.17021861782473172,-25.34666060468721,1.243641210572918,-0.014817397628520086,-1.375413870773651,0.08813176276533344,-9.902085161384727e-05,-0.3824801323890123,0,70,255.0,255.0,255.0
1074,53.7,38.96747934118618,-0.17095950489574196,-25.41590759933806,1.2481172630667077,-0.014815953482288001,-1.3944299341942765,0.0909103369862679,0.0001567867008972386,-0.37816240443604676,0,70,255.0,255.0,255.0
1075,53.75,39.03,-0.1717,-25.4861,1.2527322442715445,-0.014801718958430363,-1.4132301112172534,0.09368891120720413,0.0004125942534082411,-0.37384467648307584,0,70,255.0,255.0,255.0
1076,53.800000000000004,39.09275523663625,-0.1724396699157513,-25.557225690014917,1.2575074868512108,-0.014787071884549434,-1.4317350615480917,0.09732079197943473,0.00017328870182884885,-0.36635333675040127,0,70,255.0,255.0,255.0
1077,53.85,39.15575377525243,-0.17317890660974797,-25.6292672633717,1.2624643234694881,-0.014784390088247475,-1.449865444892294,0.10095267275166481,-6.601684975050939e-05,-0.3588619970177278,0,70,255.0,255.0,255.0
1078,53.900000000000006,39.21900469555051,-0.17391830834586908,-25.702205991721037,1.2676027541263775,-0.014793673569524487,-1.4676212612498651,0.10458455352389541,-0.0003053224013299016,-0.3513706572850533,0,70,255.0,255.0,255.0
1079,53.95,39.282517077232384,-0.17465847338799337,-25.77602314671358,1.2729227788218778,-0.014814922328380466,-1.4850025106208,0.10821643429612549,-0.0005446279529092599,-0.34387931755237977,0,70,255.0,255.0,255.0
1080,54.0,39.3463,-0.1754,-25.8507,1.2784243975559895,-0.014848136364815412,-1.502009193005101,0.11184831506835202,-0.000783933504488632,-0.33638797781970453,0,70,255.0,255.0,255.0
1081,54.050000000000004,39.41036181939776,-0.1761430944790157,-25.92621842924207,1.2840641608766636,-0.01486979767369467,-1.5186776690681798,0.11374221775859022,-8.251885068158568e-05,-0.3303510647033955,0,70,255.0,255.0,255.0
1082,54.1,39.47470799433991,-0.17688639525515798,-26.00256273614589,1.2897986193318487,-0.014856388249883576,-1.535044299475441,0.11563612044882815,0.0006188958031253611,-0.32431415158708726,0,70,255.0,255.0,255.0
1083,54.150000000000006,39.53934325958319,-0.17762814879179256,-26.079717828428688,1.2956277729215464,-0.014807908093382127,-1.551109084226889,0.11753002313906635,0.0013203104569324072,-0.3182772384707782,0,70,255.0,255.0,255.0
1084,54.2,39.604272349884305,-0.17836660155228473,-26.15766861380765,1.3015516216457554,-0.014724357204190337,-1.5668720233225195,0.11942392582930428,0.002021725110739354,-0.31224032535447005,0,70,255.0,255.0,255.0
1085,54.25,39.6695,-0.1791,-26.2364,1.3075701655044762,-0.014605735582308202,-1.5823331167623342,0.12131782851953865,0.0027231397645463423,-0.3062034122381654,0,70,255.0,255.0,255.0
1086,54.300000000000004,39.73503188577274,-0.17982715216818632,-26.31589739301684,1.3137398696421234,-0.014485737420672083,-1.597522262179192,0.12547033698632504,0.002076786700898001,-0.3013624044360877,0,70,255.0,255.0,255.0
1087,54.35,39.80087744738793,-0.18054911236962026,-26.396148192044752,1.3201171992031089,-0.014398056912218394,-1.6124693572059436,0.12962284545311084,0.0014304336372497517,-0.2965213966340107,0,70,255.0,255.0,255.0
1088,54.400000000000006,39.867047066116776,-0.18126749648696122,-26.477140294564265,1.3267021541874346,-0.01434269405694711,-1.6271744018425933,0.13377535391989723,0.0007840805736014104,-0.29168038883193304,0,70,255.0,255.0,255.0
1089,54.45,39.9335511232304,-0.18198392040286807,-26.558861598055845,1.3334947345950987,-0.014319648854858247,-1.6416373960891373,0.137927862386683,0.0001377275099531611,-0.28683938102985607,0,70,255.0,255.0,255.0
1090,54.5,40.0004,-0.1827,-26.6413,1.3404949404261022,-0.014328921305951797,-1.6558583399455773,0.14208037085346525,-0.0005086255536951023,-0.28199837322777555,0,70,255.0,255.0,255.0
1091,54.550000000000004,40.067603437511316,-0.18341709684823942,-26.724442398690623,1.347664360554842,-0.014355252643616907,-1.6697772822150811,0.14469643429610657,-0.0005446279529092687,-0.2747593175523321,0,70,255.0,255.0,255.0
1092,54.6,40.13516861610836,-0.18413555526636105,-26.808271695675113,1.3549645838557132,-0.014383384101242725,-1.6833342717008108,0.14731249773874752,-0.0005806303521234301,-0.26752026187688976,0,70,255.0,255.0,255.0
1093,54.650000000000006,40.20310207594975,-0.1848554652603631,-26.89276979331431,1.3623956103287171,-0.014413315678829251,-1.6965293084027706,0.14992856118138884,-0.0006166327513375965,-0.26028120620144635,0,70,255.0,255.0,255.0
1094,54.7,40.27141035719409,-0.18557691683624336,-26.977918593969,1.369957439973852,-0.014445047376376485,-1.709362392320956,0.15254462462402976,-0.0006526351505517578,-0.253042150526004,0,70,255.0,255.0,255.0
1095,54.75,40.3401,-0.1863,-27.0637,1.3776500727911192,-0.014478579193884426,-1.7218335234553692,0.1551606880666636,-0.0006886375497659053,-0.2458030948505492,0,70,255.0,255.0,255.0
1096,54.800000000000004,40.409177564182045,-0.18702446043885626,-27.150097012220716,1.3854746881385203,-0.01449325200486011,-1.7340086089604947,0.15782392582934776,0.0001017251107385688,-0.24120032535442912,0,70,255.0,255.0,255.0
1097,54.85,40.478649688178656,-0.1877486665649356,-27.237097025254805,1.3934324653740542,-0.014468406682810575,-1.7459535559908124,0.16048716359203155,0.0008920877712429306,-0.23659755585830972,0,70,255.0,255.0,255.0
1098,54.900000000000006,40.548523030084255,-0.18847064247158693,-27.324688532178556,1.4015234044977234,-0.01440404322773581,-1.7576683645463258,0.1631504013547157,0.0016824504317474046,-0.23199478636218968,0,70,255.0,255.0,255.0
1099,54.95,40.61880424799323,-0.1891884122521588,-27.412860026068195,1.4097475055095259,-0.014300161639635838,-1.7691530346270319,0.1658136391173995,0.0024728130922517665,-0.22739201686607027,0,70,255.0,255.0,255.0
1100,55.0,40.6895,-0.1899,-27.5016,1.4181047684094623,-0.014156761918510646,-1.780407566232932,0.1684768768800744,0.0032631757527561978,-0.2227892473699491,0,70,255.0,255.0,255.0
1101,55.050000000000004,40.76061670576055,-0.19060426139633582,-27.59089355242656,1.4265808868911283,-0.014023739336942882,-1.791228281942929,0.17056786238653618,0.002057727509953952,-0.2100393810298971,0,70,255.0,255.0,255.0
1102,55.1,40.83215983117704,-0.19130337847389667,-27.680712203305678,1.4351615546481162,-0.01395098916751524,-1.801411504335922,0.17265884789299768,0.0008522792671518775,-0.19728951468984696,0,70,255.0,255.0,255.0
1103,55.150000000000006,40.904134603713274,-0.19200036485328972,-27.771024077971536,1.4438467716804284,-0.013938511410227701,-1.810957233411914,0.17474983339945946,-0.00035316897565036785,-0.18453964834979497,0,70,255.0,255.0,255.0
1104,55.2,40.976546250833,-0.19269823415512177,-27.861797301758255,1.4526365379880624,-0.013986306065080268,-1.819865469170902,0.17684081890592096,-0.0015586172184524428,-0.17178978200974482,0,70,255.0,255.0,255.0
1105,55.25,41.0494,-0.1934,-27.953,1.4615308535710192,-0.014094373132072936,-1.8281362116128874,0.1789318044123771,-0.0027640654612544613,-0.15903991566969822,0,70,255.0,255.0,255.0
1106,55.300000000000004,41.122694812775826,-0.1941072939758008,-28.044595178073095,1.470153764296931,-0.014179790647368094,-1.8354622632677804,0.16598462462406327,-0.0006526351505515703,-0.1340021505260026,0,70,255.0,255.0,255.0
1107,55.35,41.1964045871132,-0.1948162195394779,-28.136525361522494,1.4781293160334257,-0.01415963664712811,-1.8415364266654881,0.1530374448357513,0.0014587951601510206,-0.10896438538231051,0,70,255.0,255.0,255.0
1108,55.400000000000006,41.27049695506268,-0.1955214981152547,-28.228727955935362,1.4854575087805062,-0.014033911131352975,-1.8463587018060115,0.14009026504743746,0.003570225470853912,-0.0839266202386149,0,70,255.0,255.0,255.0
1109,55.45,41.344939548674766,-0.1962178511273543,-28.32114036689881,1.49213834253817,-0.013802614100042729,-1.84992908868935,0.1271430852591255,0.0056816557815565025,-0.05888885509492282,0,70,255.0,255.0,255.0
1110,55.5,41.4197,-0.1969,-28.4137,1.4981718173064178,-0.013465745553197357,-1.8522475873155038,0.11419590547081171,0.007793086092259149,-0.033851089951228985,0,70,255.0,255.0,255.0
1111,55.550000000000004,41.494748843136186,-0.19756416270046123,-28.506352935281104,1.5037320559211267,-0.013113098073584581,-1.8538346649859376,0.10821363911752988,0.006312813092250687,-0.029632016866119666,0,70,255.0,255.0,255.0
1112,55.6,41.57006822037015,-0.1982125433681918,-28.599079950604356,1.508993181218171,-0.01283446424397227,-1.8552107890021157,0.1022313727642489,0.004832540092242434,-0.025412943781010944,0,70,255.0,255.0,255.0
1113,55.650000000000006,41.645643176036046,-0.19884884268569183,-28.691870498287077,1.513955193197552,-0.012629844064360341,-1.8563759593640388,0.09624910641096707,0.003352267092233972,-0.021193870695901625,0,70,255.0,255.0,255.0
1114,55.7,41.721458754467946,-0.19947676133546122,-28.784714030646526,1.5186180918592678,-0.012499237534748856,-1.857330176071706,0.09026684005768609,0.0018719940922257193,-0.016974797610792906,0,70,255.0,255.0,255.0
1115,55.75,41.7975,-0.2001,-28.8776,1.52298187720332,-0.012442644655137778,-1.858073439125118,0.08428457370441222,0.00039172109221750906,-0.012755724525673529,0,70,255.0,255.0,255.0
1116,55.800000000000004,41.873751414679475,-0.20072165522235447,-28.97051708080254,1.5270140120185776,-0.012423817058293627,-1.858559076788501,0.07700081890588004,0.0003613827815484973,-0.006669782009649886,0,70,255.0,255.0,255.0
1117,55.85,41.95019533140619,-0.20134240698775493,-29.063450836060092,1.530681959093908,-0.012406506376982927,-1.8587404173260829,0.0697170641073489,0.00033104447087948987,-0.0005838394936271071,0,70,255.0,255.0,255.0
1118,55.900000000000006,42.02681354079319,-0.2019623311419783,-29.15638605091639,1.5339857184293124,-0.012390712611205676,-1.8586174607378638,0.062433309308816715,0.0003007061602104781,0.005502103022396534,0,70,255.0,255.0,255.0
1119,55.95,42.10358783345346,-0.20258150353080107,-29.249307510515116,1.5369252900247898,-0.01237643576096188,-1.8581902070238434,0.05514955451028557,0.0002703678495414707,0.011588045538419314,0,70,255.0,255.0,255.0
1120,56.0,42.1805,-0.2032,-29.3422,1.539500673880341,-0.01236367582625153,-1.8574586561840216,0.04786579971175975,0.00024002953887253264,0.017673988054454526,0,70,255.0,255.0,255.0
1121,56.050000000000004,42.25753269814598,-0.20381721641012124,-29.435047541508784,1.5417638960046114,-0.0123116336932408,-1.8563770278600331,0.042663085259047676,0.0018416557815564428,0.025591144905085593,0,70,255.0,255.0,255.0
1122,56.1,42.33467205400509,-0.20442982868078852,-29.527831105155297,1.5437669824062459,-0.012179510248095894,-1.8548995416935132,0.03746037080633634,0.0034432820242401253,0.033508301755715536,0,70,255.0,255.0,255.0
1123,56.150000000000006,42.41190506079122,-0.2050338327463953,-29.62053089804743,1.5455099330852449,-0.011967305490816774,-1.8530261976844615,0.032257656353624264,0.005044908266924036,0.041425458606346596,0,70,255.0,255.0,255.0
1124,56.2,42.48921871171824,-0.20562522454133464,-29.713127127293035,1.5469927480416084,-0.011675019421403495,-1.8507569958328782,0.027054941900912927,0.006646534509607718,0.04934261545697654,0,70,255.0,255.0,255.0
1125,56.25,42.5666,-0.2062,-29.8056,1.548215427275336,-0.011302652039856038,-1.848091936138764,0.021852227448189154,0.008248160752291456,0.05725977230761714,0,70,255.0,255.0,255.0
1126,56.300000000000004,42.64403459273667,-0.20675587913716084,-29.89793035316236,1.5490984039629803,-0.010953648168743094,-1.845068811771346,0.01346684005758973,0.005711994092225198,0.06366520238909372,0,70,255.0,255.0,255.0
1127,56.35,42.72150285257347,-0.20729747828909104,-29.990101543318733,1.549562111281095,-0.010731452630633492,-1.8417254158998546,0.0050814526669915,0.0031758274321593005,0.07007063247056938,0,70,255.0,255.0,255.0
1128,56.400000000000006,42.79898381604196,-0.20783113787244092,-30.082097556893945,1.5496065492296796,-0.010636065425527174,-1.838061748524289,-0.003303934723607925,0.0006396607720930425,0.07647606255204595,0,70,255.0,255.0,255.0
1129,56.45,42.876456519673624,-0.20836319830386052,-30.173902380312764,1.5492317178087343,-0.01066748655342417,-1.8340778096446497,-0.011689322114206153,-0.0018965058879728547,0.08288149263352161,0,70,255.0,255.0,255.0
1130,56.5,42.9539,-0.2089,-30.2655,1.548437617018259,-0.010825716014324449,-1.829773599260937,-0.020074709504800836,-0.004432672548038738,0.08928692271500616,0,70,255.0,255.0,255.0
1131,56.550000000000004,43.031294530907374,-0.20944566704123566,-30.356874245841816,1.5472984881434009,-0.010977773631786881,-1.8251397250545989,-0.02549044548951944,-0.0016496321504580564,0.0960680455385019,0,70,255.0,255.0,255.0
1132,56.6,43.108625335701014,-0.2099954581628474,-30.448008321569773,1.5458885724693072,-0.010990679229370276,-1.8201667947070865,-0.03090618147423727,0.0011334082471222296,0.10284916836199669,0,70,255.0,255.0,255.0
1133,56.650000000000006,43.185878875040984,-0.2105424157638414,-30.538885274376845,1.5442078699959771,-0.010864432807074637,-1.814854808218399,-0.03632191745895587,0.00391644864470291,0.10963029118549243,0,70,255.0,255.0,255.0
1134,56.7,43.2630416095873,-0.21107958224322357,-30.629488151455934,1.5422563807234113,-0.0105990343649,-1.8092037655885373,-0.0417376534436737,0.006699489042283197,0.11641141400898722,0,70,255.0,255.0,255.0
1135,56.75,43.3401,-0.2116,-30.7198,1.5400341046516102,-0.010194483902846356,-1.803213666817501,-0.04715338942839331,0.009482529439863482,0.12319253683248554,0,70,255.0,255.0,255.0
1136,56.800000000000004,43.41703928363386,-0.2120990526978968,-30.809803863470414,1.5374676434634225,-0.009791257304109536,-1.7968842880102633,-0.055505058099108245,0.006646534509607937,0.12998261545699727,0,70,255.0,255.0,255.0
1137,56.85,43.49383980462245,-0.2125814890595195,-30.899482770402177,1.5344835988416994,-0.009529830451885532,-1.790215405271801,-0.06385672676982199,0.003810539579352795,0.13677269408150805,0,70,255.0,255.0,255.0
1138,56.900000000000006,43.57048068379414,-0.21305439907219392,-30.988819745598747,1.5310819707864403,-0.00941020334617427,-1.7832070186021123,-0.07220839544053692,0.0009745446490972507,0.14356277270601978,0,70,255.0,255.0,255.0
1139,56.95,43.6469410419772,-0.2135248727232455,-31.077797813863533,1.5272627592976455,-0.009432375986975786,-1.775859128001199,-0.08056006411125066,-0.0018614502811578927,0.15035285133053056,0,70,255.0,255.0,255.0
1140,57.0,43.7232,-0.214,-31.1664,1.5230259643753152,-0.00959634837429005,-1.76817173346906,-0.08891173278196618,-0.004697445211413062,0.15714292995504842,0,70,255.0,255.0,255.0
1141,57.050000000000004,43.79923793455724,-0.2144845221671774,-31.254609500276565,1.5184469380029102,-0.009761197151774715,-1.7601551229043464,-0.09424932211421623,-0.0018965058879730017,0.16352149263347704,0,70,255.0,255.0,255.0
1142,57.1,43.87504024580919,-0.21497378559907462,-31.342410196821536,1.5136010321638935,-0.009785998963087373,-1.7518195842057123,-0.09958691144646552,0.0009044334354666606,0.16990005531190475,0,70,255.0,255.0,255.0
1143,57.150000000000006,43.950593589782514,-0.21546078794738324,-31.42978614322824,1.5084882468582637,-0.009670753808228029,-1.7431651173731555,-0.10492450077871557,0.0037053727589067206,0.17627861799033334,0,70,255.0,255.0,255.0
1144,57.2,44.0258846225039,-0.21593852686379456,-31.516721393089956,1.5031085820860217,-0.009415461687196714,-1.7341917224066785,-0.11026209011096486,0.006506312082346383,0.18265718066876105,0,70,255.0,255.0,255.0
1145,57.25,44.1009,-0.2164,-31.6032,1.497462037847168,-0.009020122599993427,-1.7248993993062804,-0.11559967944321947,0.00930725140578599,0.1890357433471852,0,70,255.0,255.0,255.0
1146,57.300000000000004,44.17562577813723,-0.21684045863339396,-31.689205335423363,1.491512604524993,-0.008619954088791673,-1.715247220372375,-0.12237765344376136,0.006699489042282799,0.19705141400900278,0,70,255.0,255.0,255.0
1147,57.35,44.25004561214083,-0.2172641685441821,-31.77471804231169,1.4852242725027915,-0.00835017369576512,-1.70519425790538,-0.1291556274443023,0.004091726678779979,0.20506708467081922,0,70,255.0,255.0,255.0
1148,57.400000000000006,44.32414255707584,-0.2176776491382734,-31.85971808148835,1.4785970417805623,-0.008210781420913688,-1.6947405119052927,-0.1359336014448442,0.0014839643152767864,0.21308275533263682,0,70,255.0,255.0,255.0
1149,57.45,44.397899668007234,-0.2180874198215764,-31.94418541377667,1.4716309123583071,-0.008201777264237419,-1.683885982372116,-0.14271157544538515,-0.001123798048226033,0.22109842599445326,0,70,255.0,255.0,255.0
1150,57.5,44.4713,-0.2185,-32.0281,1.4643258842360247,-0.008323161225736285,-1.6726306693058486,-0.14948954944593318,-0.0037315604117288542,0.22911409665627325,0,70,255.0,255.0,255.0
1151,57.550000000000004,44.544326152893895,-0.2189200432992471,-32.11144275803003,1.456654643897092,-0.008462986493058445,-1.6610319956061756,-0.15736006411134826,-0.0018614502811570386,0.23483285133061158,0,70,255.0,255.0,255.0
1152,57.6,44.61695890562749,-0.21934474022419706,-32.194198433931724,1.4485898778248896,-0.008509306253852005,-1.6491473841727873,-0.16523057877676223,8.659849414511221e-06,0.2405516060049491,0,70,255.0,255.0,255.0
1153,57.650000000000006,44.68917858191416,-0.2197694154995235,-32.27635273081842,1.4401315860194155,-0.008462120508116979,-1.6369768350056801,-0.17310109344217733,0.001878769979986327,0.24627036067928743,0,70,255.0,255.0,255.0
1154,57.7,44.76096550546721,-0.22018939384989997,-32.3578913518034,1.4312797684806717,-0.008321429255853384,-1.624520348104858,-0.1809716081075913,0.0037488801105578767,0.25198911535362495,0,70,255.0,255.0,255.0
1155,57.75,44.8323,-0.2206,-32.4388,1.4220344252086572,-0.008087232497061211,-1.6117779234703193,-0.18884212277300705,0.00561899024112944,0.2577078700279607,0,70,255.0,255.0,255.0
1156,57.800000000000004,44.903163210287246,-0.22099776816961783,-32.51906363245656,1.4124448198865653,-0.007832099938974322,-1.5987047972029016,-0.19474209011063104,0.004586312082345257,0.2652171806687036,0,70,255.0,255.0,255.0
1157,57.85,44.973539565349206,-0.22138407055902976,-32.59866422196142,1.4025602161975939,-0.007628601288826671,-1.5852562054034487,-0.20064205744825417,0.003553633923561221,0.2727264913094454,0,70,255.0,255.0,255.0
1158,57.900000000000006,45.04341431526756,-0.2217614888636328,-32.67758299523803,1.3923806141417396,-0.007476736546618202,-1.5714321480719566,-0.20654202478587816,0.0025209557647770378,0.2802358019501882,0,70,255.0,255.0,255.0
1159,57.95,45.112772710123934,-0.2221326047788239,-32.75580117900975,1.3819060137190058,-0.007376505712348957,-1.5572326252084294,-0.2124419921235013,0.001488277605993002,0.28774511259093005,0,70,255.0,255.0,255.0
1160,58.0,45.1816,-0.2225,-32.8333,1.371136414929391,-0.007327908786018911,-1.5426576368128655,-0.21834195946112622,0.0004555994472089653,0.2952544232316665,0,70,255.0,255.0,255.0
1161,58.050000000000004,45.24988100595716,-0.22286568402228174,-32.910061112143794,1.3600460765567233,-0.007296613751044322,-1.5277328155822125,-0.22527157544553825,0.0007962019517744625,0.30173842599440254,0,70,255.0,255.0,255.0
1162,58.1,45.31759883297568,-0.22322937753968397,-32.98606787822259,1.3486092573848367,-0.0072482885908414655,-1.5124837942134248,-0.2322011914299493,0.0011368044563399111,0.3082224287571377,0,70,255.0,255.0,255.0
1163,58.150000000000006,45.38473615701566,-0.22359022904594542,-33.061304088229505,1.3368259574137282,-0.007182933305410327,-1.4969105727064982,-0.23913080741436132,0.0014774069609054085,0.3147064315198737,0,70,255.0,255.0,255.0
1164,58.2,45.451275654037076,-0.22394738703480455,-33.1357535321576,1.3246961766434004,-0.007100547894750926,-1.481013151061437,-0.24606042339877238,0.0018180094654708572,0.3211904342826088,0,70,255.0,255.0,255.0
1165,58.25,45.5172,-0.2243,-33.2094,1.3122199150738525,-0.007001132358863252,-1.4647915292782394,-0.25299003938318876,0.0021586119700363338,0.32767443704533505,0,70,255.0,255.0,255.0
1166,58.300000000000004,45.582491965884174,-0.22464749574125542,-33.28222711896832,1.2994028738865777,-0.006901445056848385,-1.4482359404682603,-0.25969160810775366,0.0018288801105579785,0.3345491153537707,0,70,255.0,255.0,255.0
1167,58.35,45.647134702748055,-0.2249904192822344,-33.354217865148236,1.2862507542630768,-0.006818244347807449,-1.431336617742862,-0.26639317683231756,0.0014991482510796701,0.3414237936622053,0,70,255.0,255.0,255.0
1168,58.400000000000006,45.711111456669876,-0.22532959495258575,-33.425355051844015,1.2727635562033457,-0.006751530231740419,-1.414093561102039,-0.27309474555688246,0.0011694163916013147,0.3482984719706409,0,70,255.0,255.0,255.0
1169,58.45,45.774405473727796,-0.22566584708195803,-33.49562149235985,1.2589412797073882,-0.006701302708647314,-1.3965067705457974,-0.27979631428144636,0.0008396845321230063,0.35517315027907553,0,70,255.0,255.0,255.0
1170,58.5,45.837,-0.226,-33.565,1.2447839247752024,-0.006667561778528123,-1.378576246074134,-0.28649788300600854,0.000509952672644684,0.36204782858751194,0,70,255.0,255.0,255.0
1171,58.550000000000004,45.89887833050621,-0.22633233301269676,-33.63347361198297,1.2302944278969647,-0.006617606021562173,-1.360315422544676,-0.2930819921234468,0.0014882776059931325,0.3683851125907426,0,70,255.0,255.0,255.0
1172,58.6,45.9600239560321,-0.22666094533137846,-33.70102626118446,1.2154757255628574,-0.006518734017928815,-1.3417377348150592,-0.29966610124088416,0.002466602539341442,0.3747223965939723,0,70,255.0,255.0,255.0
1173,58.650000000000006,46.020420416304894,-0.22698339114371183,-33.76764210439448,1.2003278177728758,-0.006370945767628019,-1.3228431828852782,-0.30625021035832245,0.0034449274726898907,0.3810596805972029,0,70,255.0,255.0,255.0
1174,58.7,46.08005125105179,-0.22729722463736346,-33.833305298403,1.1848507045270247,-0.0061742412706598275,-1.3036317667553383,-0.3128343194757598,0.0044232524060382,0.3873969646004326,0,70,255.0,255.0,255.0
1175,58.75,46.1389,-0.2276,-33.898,1.1690443858253017,-0.005928620527024224,-1.2841034864252374,-0.3194184285932007,0.005401577339386496,0.3937342486036677,0,70,255.0,255.0,255.0
1176,58.800000000000004,46.19694991209103,-0.2278903722079578,-33.961709633099815,1.152891414525502,-0.005700130856902779,-1.2642143693530765,-0.32670042339872396,0.003738009465470493,0.4018304342826923,0,70,255.0,255.0,255.0
1177,58.85,46.25418307312355,-0.22817139939225187,-34.024414690113915,1.1363743434854288,-0.005554819580477157,-1.2439204429969675,-0.3339824182042462,0.0020744415915547264,0.4099266199617157,0,70,255.0,255.0,255.0
1178,58.900000000000006,46.31058127811057,-0.22844724047256712,-34.08609493057811,1.1194931727050772,-0.005492686697747315,-1.2232217073569045,-0.3412644130097694,0.0004108737176387236,0.4180228056407403,0,70,255.0,255.0,255.0
1179,58.95,46.36612632206505,-0.2287220543685882,-34.14673011402821,1.1022479021844513,-0.005513732208713273,-1.2021181624328932,-0.3485464078152916,-0.001252694156277043,0.4261189913197638,0,70,255.0,255.0,255.0
1180,59.0,46.4208,-0.229,-34.2063,1.0846385319235499,-0.005617956113375014,-1.1806098082249306,-0.35582840262081383,-0.00291626203019283,0.4342151769987943,0,70,255.0,255.0,255.0
1181,59.050000000000004,46.47458442112971,-0.22928377815547224,-34.2647854556178,1.066683914000995,-0.005717870550826758,-1.1587631000429799,-0.362356314281322,-0.0010803154678766138,0.43965315027915297,0,70,255.0,255.0,255.0
1182,59.1,46.527462951473716,-0.2295702570996141,-34.322171778359895,1.0484029004954172,-0.005725987660162689,-1.1366444931970148,-0.36888422594182924,0.0007556310944393414,0.4450911235595109,0,70,255.0,255.0,255.0
1183,59.150000000000006,46.579419271252874,-0.2298548469660199,-34.3784453732931,1.0297954914068115,-0.00564230744138281,-1.114253987687028,-0.37541213760233744,0.002591577656755558,0.4505290968398696,0,70,255.0,255.0,255.0
1184,59.2,46.63043706068802,-0.2301329578882838,-34.4335926454842,1.010861686735183,-0.0054668298944871435,-1.0915915835130272,-0.38194004926284464,0.004427524219071513,0.4559670701202275,0,70,255.0,255.0,255.0
1185,59.25,46.6805,-0.2304,-34.4876,0.9916014864805291,-0.005199555019475685,-1.0686572806750079,-0.38846796092335545,0.006263470781387462,0.46140504340059074,0,70,255.0,255.0,255.0
1186,59.300000000000004,46.72959160339015,-0.23065291517015346,-34.540452544429,0.9720049294705458,-0.004932386939790026,-1.0453732304749834,-0.39539431947591147,0.004423252406037988,0.4699569646003095,0,70,255.0,255.0,255.0
1187,59.35,46.7776947209816,-0.2308947722092918,-34.592130196446504,0.9520620545329375,-0.004757229778871866,-1.0216615842149763,-0.40232067802846655,0.002583034030688775,0.47850888580002704,0,70,255.0,255.0,255.0
1188,59.400000000000006,46.82479203687799,-0.23113017166335345,-34.64261157624951,0.9317728616676985,-0.004674083536721157,-0.9975223418949799,-0.4092470365810226,0.000742815655339301,0.48706080699974585,0,70,255.0,255.0,255.0
1189,59.45,46.87086623518291,-0.2313637140782767,-34.691875304035,0.9111373508748347,-0.004682948213337922,-0.9729555035150012,-0.41617339513357765,-0.0010974027200099119,0.4956127281994634,0,70,255.0,255.0,255.0
1190,59.5,46.9159,-0.2316,-34.7399,0.8901555221543432,-0.004783823808722142,-0.9479610690750363,-0.42309975368613717,-0.002937621095359104,0.5041646493991871,0,70,255.0,255.0,255.0
1191,59.550000000000004,46.95987716530973,-0.23184216116391404,-34.78666676666621,0.8688963681168052,-0.004888581690013062,-0.9226879780570582,-0.42726640781531433,-0.0012526941562773445,0.5067589913198521,0,70,255.0,255.0,255.0
1192,59.6,47.002786164599904,-0.23208745406321876,-34.8321666358541,0.8474288813728111,-0.00490909322434989,-0.8972851699430503,-0.4314330619444909,0.0004322327828041755,0.5093533332405168,0,70,255.0,255.0,255.0
1193,59.650000000000006,47.04461658123524,-0.23233166638056646,-34.876393121708915,0.8257530619223553,-0.004845358411732632,-0.8717526447330057,-0.43559971607366804,0.002117159721885935,0.5119476751611818,0,70,255.0,255.0,255.0
1194,59.7,47.08535799858037,-0.23257058579860942,-34.919339738375804,0.8038689097654439,-0.004697377252161306,-0.8460904024269316,-0.43976637020284465,0.003802086660967455,0.5145420170818464,0,70,255.0,255.0,255.0
1195,59.75,47.125,-0.2328,-34.961,0.7817764249020734,-0.004465149745635908,-0.820298443024824,-0.4439330243320194,0.005487013600048989,0.5171363590025129,0,70,255.0,255.0,255.0
1196,59.800000000000004,47.16352613537097,-0.23301684017419047,-35.001360388906186,0.7591135980622011,-0.004217286300157865,-0.7939548572967544,-0.46258004926279417,0.004427524219071846,0.53660707012018,0,70,255.0,255.0,255.0
1197,59.85,47.20089582061878,-0.2332226115378333,-35.04037926013708,0.7355184199757935,-0.004022397323728709,-0.7666377360128054,-0.4812270741935663,0.003368034838094854,0.5560777812378443,0,70,255.0,255.0,255.0
1198,59.900000000000006,47.237062438181106,-0.23341996281438085,-35.07800793691488,0.7109908906428437,-0.003880482816348383,-0.738347079172969,-0.49987409912434105,0.0023085454571177113,0.5755484923555115,0,70,255.0,255.0,255.0
1199,59.95,47.27197937049562,-0.2336115427272856,-35.114197742461776,0.6855310100633588,-0.0037915427780169275,-0.7090828867772536,-0.5185211240551132,0.0012490560761407197,0.5950192034731758,0,70,255.0,255.0,255.0
1200,60.0,47.3056,-0.2338,-35.1489,0.6591387782373354,-0.0037555772087343176,-0.678845158825655,-0.5371681489858835,0.00018956669516374813,0.6144899145908376,0,70,255.0,255.0,255.0
1201,60.050000000000004,47.33787429320641,-0.2339872781393241,-35.18206927770904,0.6316092396343465,-0.0037302731093554575,-0.6478285927558955,-0.564013395133577,0.0008225972799905818,0.6261727281994346,0,70,255.0,255.0,255.0
1202,60.1,47.368738552924974,-0.2341724997854482,-35.21367312359758,0.602737438723977,-0.0036733174807352625,-0.6162278860057107,-0.5908586412812666,0.0014556278648173257,0.63785554180803,0,70,255.0,255.0,255.0
1203,60.150000000000006,47.39812566604035,-0.23435408236191027,-35.24368233063161,0.5725233755062188,-0.0035847103228737183,-0.5840430385750915,-0.6177038874289601,0.0020886584496441593,0.649538355416627,0,70,255.0,255.0,255.0
1204,60.2,47.42596851943715,-0.23453044329224823,-35.27206769177709,0.5409670499810804,-0.003464451635770848,-0.5512740504640472,-0.6445491335766497,0.0027216890344709034,0.6612211690252223,0,70,255.0,255.0,255.0
1205,60.25,47.4522,-0.2347,-35.2988,0.5080684621485574,-0.0033125414194266436,-0.5179209216725731,-0.6713943797243402,0.0033547196192976574,0.6729039826338177,0,70,255.0,255.0,255.0
1206,60.300000000000004,47.4767734918034,-0.23486124726851318,-35.323864900257654,0.4750574434003753,-0.0031336212624200155,-0.4848747716796763,-0.6490463702028317,0.003802086660966872,0.6489420170819415,0,70,255.0,255.0,255.0
1207,60.35,47.4997243676813,-0.23501298932037396,-35.347307445472595,0.4431638251282731,-0.002932332753329954,-0.4530267199643778,-0.6266983606813263,0.0042494537026360225,0.6249800515300689,0,70,255.0,255.0,255.0
1208,60.400000000000006,47.5211084976575,-0.23515410773797815,-35.36918754055872,0.41238760733224195,-0.0027086758921564037,-0.4223767665266687,-0.6043503511598178,0.004696820744305237,0.6010180859781927,0,70,255.0,255.0,255.0
1209,60.45,47.5409817517558,-0.23528348410372155,-35.38956509042988,0.3827287900122903,-0.0024626506788994274,-0.39292491136655755,-0.5820023416383124,0.005144187785974388,0.5770561204263199,0,70,255.0,255.0,255.0
1210,60.5,47.5594,-0.2354,-35.4085,0.354187373168414,-0.002194257113558994,-0.36467115448404,-0.559654332116807,0.005591554827643546,0.5530941548744459,0,70,255.0,255.0,255.0
1211,60.550000000000004,47.576413339579965,-0.23550293278662318,-35.42604872126036,0.3264169867641139,-0.0019272418409643744,-0.33740832052534736,-0.5511611240551026,0.005089056076140327,0.5374192034731694,0,70,255.0,255.0,255.0
1212,60.6,47.592048776349785,-0.23559314293305603,-35.442253894512035,0.29907126076290286,-0.0016853515059449505,-0.3109292341367222,-0.5426679159933995,0.00458655732463718,0.5217442520718951,0,70,255.0,255.0,255.0
1213,60.650000000000006,47.606327543329634,-0.23567188668617728,-35.45715470713353,0.27215019516477323,-0.0014685861085006536,-0.2852338953181572,-0.534174707931695,0.00408405857313396,0.5060693006706185,0,70,255.0,255.0,255.0
1214,60.7,47.619270873539655,-0.23574042029286565,-35.47079034650335,0.24565378996973256,-0.0012769456486315452,-0.26032230406965956,-0.5256814998699918,0.0035815598216308126,0.4903943492693442,0,70,255.0,255.0,255.0
1215,60.75,47.6309,-0.2358,-35.4832,0.21958204517777702,-0.0011104301263375929,-0.2361944603912256,-0.5171882918082882,0.003079061070127667,0.4747193978680704,0,70,255.0,255.0,255.0
1216,60.800000000000004,47.64123794987672,-0.23585182158499407,-35.494424214700906,0.19404260954315178,-0.0009654113737225913,-0.21293194621889472,-0.5043891335766334,0.0027216890344719047,0.45578116902508564,0,70,255.0,255.0,255.0
1217,60.85,47.65031492691951,-0.235896838947402,-35.50450897647925,0.1691431318201129,-0.0008382612228903959,-0.19061634348871626,-0.49158997534498045,0.002364316998816194,0.43684294018210357,0,70,255.0,255.0,255.0
1218,60.900000000000006,47.65816292902392,-0.23593594551731284,-35.51350163090715,0.14488361200865316,-0.000728979673840971,-0.16924765220068386,-0.47879081711332566,0.0020069449631604317,0.41790471133911883,0,70,255.0,255.0,255.0
1219,60.95,47.66481395408556,-0.23597003472481579,-35.5214495235567,0.12126405010877954,-0.0006375667265743473,-0.14882587235480363,-0.46599165888167265,0.001649572927504721,0.39896648249613675,0,70,255.0,255.0,255.0
1220,61.0,47.6703,-0.236,-35.5284,0.09828444612048853,-0.0005640223810905082,-0.12935100395107246,-0.4531925006500197,0.0012922008918490142,0.3800282536531552,0,70,255.0,255.0,255.0
1221,61.050000000000004,47.67465246091313,-0.23602658087340048,-35.534399219936,0.07590857506327867,-0.0004991126641449342,-0.11075189459908354,-0.4418423416382984,0.0013041877859737245,0.36393612042633844,0,70,255.0,255.0,255.0
1222,61.1,47.67790031597217,-0.23604990127733602,-35.53948859957092,0.054100211956657984,-0.00043360360249313396,-0.09295739190843799,-0.4304921826265787,0.0013161746800984331,0.34784398719952403,0,70,255.0,255.0,255.0
1223,61.150000000000006,47.68007194057464,-0.23606993124457137,-35.54370836923786,0.03285935680062028,-0.0003674951961350889,-0.07596749587913075,-0.4191420236148574,0.0013281615742231434,0.3317518539727073,0,70,255.0,255.0,255.0
1224,61.2,47.68119571011807,-0.23608664080787112,-35.547098759269865,0.012186009595171573,-0.0003007874450708178,-0.05978220651116667,-0.4077918646031377,0.001340148468347852,0.3156597207458929,0,70,255.0,255.0,255.0
1225,61.25,47.6813,-0.2361,-35.5497,-0.007919829659691185,-0.00023348034930031135,-0.044401523804543264,-0.39644170559141806,0.001352135362472561,0.2995675875190783,0,70,255.0,255.0,255.0
1226,61.300000000000004,47.680413806470746,-0.23610985492140393,-35.5515533055551,-0.02742090979622953,-0.00015813796969772726,-0.02988447538482782,-0.3836014998700493,0.0016615598216305452,0.28111434926949,0,70,255.0,255.0,255.0
1227,61.35,47.678568609191814,-0.23611555594325384,-35.552703825237025,-0.04627997964669676,-6.732436713725667e-05,-0.01629008887759373,-0.37076129414868236,0.0019709842807884856,0.2626611110199043,0,70,255.0,255.0,255.0
1228,61.400000000000006,47.67579650867751,-0.2361163295044017,-35.5531976921414,-0.0644970392110982,3.896045838112629e-05,-0.003618364282837144,-0.3579210884273136,0.00228040873994647,0.24420787277031603,0,70,255.0,255.0,255.0
1229,61.45,47.67212960544214,-0.23611140204369974,-35.55308103936385,-0.08207208848942871,0.00016071650685739136,0.008130698399438351,-0.3450808827059467,0.00258983319910441,0.22575463452073036,0,70,255.0,255.0,255.0
1230,61.5,47.6676,-0.2361,-35.5524,-0.09900512748169092,0.0002979437782915526,0.018957099169234614,-0.33224067698458015,0.002899257658262349,0.20730139627114488,0,70,255.0,255.0,255.0
1231,61.550000000000004,47.66223871320389,-0.23608199944098374,-35.551200357843605,-0.11536093587834849,0.0004116645429357636,0.028881796138417754,-0.3219916588816672,0.001649572927505702,0.1896864824961469,0,70,255.0,255.0,255.0
1232,61.6,47.65607244726059,-0.23605987494964872,-35.54952649948097,-0.13120429336985817,0.000462901071042134,0.037925747418849694,-0.3117426407787557,0.00039988819674923294,0.1720715687211514,0,70,255.0,255.0,255.0
1233,61.650000000000006,47.64912682471533,-0.23603675073782185,-35.547422462196536,-0.14653519995622444,0.0004516533626106785,0.046088953010533014,-0.3014936226758427,-0.0008497965340074137,0.1544566549461534,0,70,255.0,255.0,255.0
1234,61.7,47.641427468113385,-0.23601575101732997,-35.54493228327473,-0.16135365563744294,0.00037792141764140033,0.05337141291346538,-0.29124460457293116,-0.002099481264763883,0.13684174117115794,0,70,255.0,255.0,255.0
1235,61.75,47.633,-0.236,-35.5421,-0.17565966041351588,0.0002417052361343021,0.05977312712764803,-0.28099558647001865,-0.003349165995520353,0.11922682739616236,0,70,255.0,255.0,255.0
1236,61.800000000000004,47.62387214071368,-0.23599174731466105,-35.53896926307048,-0.1893273466903474,9.547979795496283e-05,0.06531729083119694,-0.26571186460319496,-0.0024998515316527192,0.10253972074577501,0,70,255.0,255.0,255.0
1237,61.85,47.614080001765856,-0.23598974425815128,-35.535582176839085,-0.20223084687383586,-8.279917030979371e-06,0.0700270992022258,-0.2504281427363734,-0.0016505370677852055,0.08585261409539002,0,70,255.0,255.0,255.0
1238,61.900000000000006,47.60366179246119,-0.23599186754431092,-35.53198045907246,-0.214370160963985,-6.957390882355398e-05,0.07390255224073594,-0.23514442086954976,-0.0008012226039175716,0.06916550744500267,0,70,255.0,255.0,255.0
1239,61.95,47.59265572210435,-0.2359959938869804,-35.52820582753722,-0.2257452889607913,-8.840217742274366e-05,0.07694364994672628,-0.21986069900272825,4.809185994994209e-05,0.052478400794617686,0,70,255.0,255.0,255.0
1240,62.0,47.5811,-0.236,-35.5243,-0.23635623086425656,-6.476472282856007e-05,0.07915039232019741,-0.20457697713590628,0.0008974063238174558,0.03579129414423243,0,70,255.0,255.0,255.0
1241,62.050000000000004,47.569029523941374,-0.23600221130037197,-35.520295389874484,-0.24640167736030383,-2.5583734755519054e-05,0.08108104053681878,-0.1972408827059505,0.0006698331991040513,0.04143463452061579,0,70,255.0,255.0,255.0
1242,62.1,47.556465945675995,-0.23600274801774612,-35.51618719316267,-0.2560803191348519,2.2185970818476192e-06,0.083293855772259,-0.18990478827599577,0.0004422600743906791,0.047077974896998345,0,70,255.0,255.0,255.0
1243,62.150000000000006,47.54342760543992,-0.23600217908493434,-35.51196130151361,-0.2653921561879036,1.8642272683547876e-05,0.08578883802651872,-0.18256869384604,0.0002146869496772746,0.05272131527338171,0,70,255.0,255.0,255.0
1244,62.2,47.529932843469226,-0.23600107343474838,-35.50760360657637,-0.27433718851945627,2.368729204957699e-05,0.08856598729959722,-0.17523259941608524,-1.2886175036097634e-05,0.05836465564976426,0,70,255.0,255.0,255.0
1245,62.25,47.516,-0.236,-35.5031,-0.2829154161295111,1.7353655179938167e-05,0.0916253035914948,-0.1678965049861283,-0.00024045929974946987,0.06400799602614626,0,70,255.0,255.0,255.0
1246,62.300000000000004,47.501644963520796,-0.2359994074838511,-35.49843957743159,-0.2912739438684836,6.855141067113377e-06,0.09477454702143376,-0.16644460457274401,-0.00017948126476348595,0.061961741171401366,0,70,255.0,255.0,255.0
1247,62.35,47.48687381553016,-0.2359992636708641,-35.49362425051024,-0.2995598765867858,-5.944712964111168e-07,0.09782147770863504,-0.16499270415935993,-0.0001185032297775107,0.05991548631665676,0,70,255.0,255.0,255.0
1248,62.400000000000006,47.471690185779124,-0.23599941611595157,-35.4886591348731,-0.30777321428441984,-4.995181910637428e-06,0.1007660956530995,-0.16354080374597563,-5.7525194791526797e-05,0.05786923146191186,0,70,255.0,255.0,255.0
1249,62.45,47.45609770401873,-0.23599971237402603,-35.483549346157304,-0.3159139569613835,-6.3469907755643065e-06,0.10360840085482632,-0.16208890333259154,3.4528401944484727e-06,0.05582297660716726,0,70,255.0,255.0,255.0
1250,62.5,47.4401,-0.236,-35.4783,-0.323982104617678,-4.649897891192601e-06,0.10634839331381592,-0.16063700291920702,6.443087518042371e-05,0.05377672175242265,0,70,255.0,255.0,255.0
1251,62.550000000000004,47.42370102197543,-0.23600015876422356,-35.47291590039918,-0.3319585471657307,-1.836829512934454e-06,0.10900477137749218,-0.15842069900287248,4.809185994989258e-05,0.0524784007946185,0,70,255.0,255.0,255.0
1252,62.6,47.406905992203356,-0.23600019729879732,-35.46740060479638,-0.33982417451796554,1.5928810379684057e-07,0.11159623339327784,-0.15620439508653824,3.175284471936376e-05,0.051180079836814524,0,70,255.0,255.0,255.0
1253,62.650000000000006,47.38972045144356,-0.2360001564512592,-35.461757358993985,-0.3475789866743847,1.3384549590018514e-06,0.11412277936117368,-0.15398809117020368,1.5413829488832625e-05,0.04988175887901037,0,70,255.0,255.0,255.0
1254,62.7,47.37214994045585,-0.2360000770691474,-35.455989408794395,-0.35522298363498606,1.7006710526802404e-06,0.11658440928117897,-0.15177178725386944,-9.25185741696189e-07,0.0485834379212064,0,70,255.0,255.0,255.0
1255,62.75,47.3542,-0.236,-35.4501,-0.3627561653997708,1.2459363848322379e-06,0.11898112315329404,-0.14955548333753343,-1.7264200972225003e-05,0.047285116963401874,0,70,255.0,255.0,255.0
1256,62.800000000000004,47.335876548577474,-0.2359999574592545,-35.444092020971674,-0.3701558674686118,4.921769846244392e-07,0.12133436746861723,-0.14643259941608253,-1.2886175036084371e-05,0.04684465564951746,0,70,255.0,255.0,255.0
1257,62.85,47.31718701565641,-0.2359999471339466,-35.437966930304235,-0.37739942534137927,-4.268111877624851e-08,0.12366558871824586,-0.14330971549463206,-8.508149099944362e-06,0.04640419433563311,0,70,255.0,255.0,255.0
1258,62.900000000000006,47.29813920844661,-0.23599995807901142,-35.43172582915094,-0.3844868390180752,-3.5863792536997793e-07,0.12597478690218059,-0.14018683157318118,-4.13012316380373e-06,0.04596373302174869,0,70,255.0,255.0,255.0
1259,62.95,47.27874093415786,-0.23599997934938413,-35.42536981866511,-0.3914181084986976,-4.5569343515665826e-07,0.12826196202042078,-0.13706394765173072,2.479027723362798e-07,0.04552327170786434,0,70,255.0,255.0,255.0
1260,63.0,47.259,-0.236,-35.4189,-0.3981932337832475,-3.338476481363506e-07,0.13052711407296677,-0.1339410637302776,4.625928708476295e-06,0.045082810393979544,0,70,255.0,255.0,255.0
1261,63.050000000000004,47.238923183714675,-0.23600001139875837,-35.4123176157141,-0.40487398295981974,-1.3187842556330348e-07,0.1327617587479997,-0.13328890333258933,3.4528401944449004e-06,0.04430297660733051,0,70,255.0,255.0,255.0
1262,63.1,47.218513145171016,-0.23600001416541633,-35.40562447398669,-0.4115221241165066,1.1436371308152684e-08,0.13495741173369988,-0.13263674293490116,2.279751680413673e-06,0.04352314282068159,0,70,255.0,255.0,255.0
1263,63.150000000000006,47.19777151477002,-0.236000011232695,-35.39882252440222,-0.41813765725331004,9.609674247805863e-08,0.13711407303006792,-0.1319845825372129,1.1066631663822786e-06,0.04274330903403256,0,70,255.0,255.0,255.0
1264,63.2,47.17669992291268,-0.23600000553331582,-35.39191371654517,-0.42472058237022814,1.2210268794639036e-07,0.1392317426371032,-0.13133242213952473,-6.642534764894884e-08,0.04196347524738364,0,70,255.0,255.0,255.0
1265,63.25,47.1553,-0.236,-35.3849,-0.4312708994672617,8.945420771316425e-08,0.14131042055480603,-0.13068026174183434,-1.2395138616801765e-06,0.0411836414607345,0,70,255.0,255.0,255.0
1266,63.300000000000004,47.13357471656382,-0.2359999969457119,-35.377783116171905,-0.4377082006921546,3.5336717628774414e-08,0.14336259753935518,-0.12681178725385842,-9.251857416952323e-07,0.040903437921224195,0,70,255.0,255.0,255.0
1267,63.35,47.11153240365952,-0.23599999620438813,-35.370563973749015,-0.44395207819264776,-3.0643664563625165e-09,0.1454007643469285,-0.12294331276588302,-6.108576217103325e-07,0.040623234381713925,0,70,255.0,255.0,255.0
1268,63.400000000000006,47.0891827324733,-0.23599999699020843,-35.363243273240165,-0.45000253196874307,-2.5749044542257485e-08,0.1474249209775266,-0.11907483827790709,-2.9652950172538823e-07,0.04034303084220362,0,70,255.0,255.0,255.0
1269,63.45,47.06653537419139,-0.23599999851735248,-35.355821715154214,-0.45585956202043865,-3.2717316628903986e-08,0.14943506743114893,-0.1152063637899317,1.779861825951155e-08,0.04006282730269335,0,70,255.0,255.0,255.0
1270,63.5,47.0436,-0.236,-35.3483,-0.4615231683477356,-2.396918271630643e-08,0.15143120370779573,-0.11133788930195765,3.32126738244411e-07,0.0397826237631822,0,70,255.0,255.0,255.0
1271,63.550000000000004,47.02038515003,-0.236000000818394,-35.34067951959826,-0.46706121427157643,-9.468444951794216e-09,0.15337185109457246,-0.11018394765165666,2.479027723360281e-07,0.03784327170788161,0,70,255.0,255.0,255.0
1272,63.6,46.99689484019088,-0.23600000101703114,-35.33296443101726,-0.4725415631129014,8.210945172973275e-10,0.15521553087858395,-0.10903000600135583,1.6367880642765715e-07,0.035903919652581294,0,70,255.0,255.0,255.0
1273,63.650000000000006,46.97313195533676,-0.2360000008064712,-35.32515958263712,-0.47796421487171215,6.899435690971128e-09,0.15696224305983067,-0.10787606435105483,7.945484051927426e-08,0.033964567597280705,0,70,255.0,255.0,255.0
1274,63.7,46.94909938032175,-0.2360000003972742,-35.317269822837986,-0.4833291695480071,8.766578569225463e-09,0.15861198763831208,-0.10672212270075401,-4.769125389096719e-09,0.03202521554198039,0,70,255.0,255.0,255.0
1275,63.75,46.9248,-0.236,-35.3093,-0.488636427141787,6.422523152061486e-09,0.1601647646140285,-0.10556818105045362,-8.899309129746767e-08,0.030085863486680076,0,70,255.0,255.0,255.0
1276,63.800000000000004,46.90023748331614,-0.23599999978071198,-35.30125400543504,-0.49383894222153685,2.5370621784024563e-09,0.16167799808237748,-0.1025324221395219,-6.642534764888029e-08,0.030443475247274095,0,70,255.0,255.0,255.0
1277,63.85,46.875418635576935,-0.2359999997274873,-35.29313190218196,-0.49888966935573936,-2.2001161282679657e-10,0.16320911213875597,-0.09949666322859062,-4.385760400029609e-08,0.030801087007868065,0,70,255.0,255.0,255.0
1278,63.900000000000006,46.850351046179654,-0.2359999997839067,-35.284932796211365,-0.5037886085443961,-1.8486982216270551e-09,0.16475810678316435,-0.09646090431765889,-2.128986035170871e-08,0.031158698768462084,0,70,255.0,255.0,255.0
1279,63.95,46.82504230452159,-0.23599999989355067,-35.27665579349385,-0.5085357597875054,-2.3489976479978574e-09,0.1663249820156022,-0.0934251454067276,1.2778832968754848e-09,0.031516310529056055,0,70,255.0,255.0,255.0
1280,64.0,46.7995,-0.236,-35.2683,-0.5131311230850681,-1.720909891939514e-09,0.1679097378360698,-0.09038938649579364,2.384562694545966e-08,0.0318739222896498,0,70,255.0,255.0,255.0
1281,64.05,46.77373131670542,-0.23600000005875804,-35.259865258661584,-0.5175990168422125,-6.79803761815735e-10,0.16946815657588055,-0.08832636378999487,1.7798618259493874e-08,0.03046282730278346,0,70,255.0,255.0,255.0
1282,64.10000000000001,46.747741817501364,-0.23600000007301952,-35.25135436025491,-0.5219637594640684,5.895193400993886e-11,0.17095602056634837,-0.08626334108419549,1.175160957352637e-08,0.029051732315916717,0,70,255.0,255.0,255.0
1283,64.15,46.7215366599446,-0.23600000005790203,-35.24277083251743,-0.5262253509506329,4.95357195537088e-10,0.17237332980747247,-0.08420031837839671,5.704600887560584e-09,0.027640637329050373,0,70,255.0,255.0,255.0
1284,64.2,46.69512100159189,-0.236000000028523,-35.23411820318665,-0.5303837913019076,6.294120227659651e-10,0.17372008429925326,-0.08213729567259792,-3.424077984052007e-10,0.02622954234218403,0,70,255.0,255.0,255.0
1285,64.25,46.6685,-0.236,-35.2254,-0.5344390805178922,4.6111641569657067e-10,0.1749962840416907,-0.08007427296679914,-6.389416484370981e-09,0.02481844735531702,0,70,255.0,255.0,255.0
1286,64.3,46.641678849862174,-0.23599999998425583,-35.216619359918646,-0.5383889904095842,1.8215286886001137e-10,0.17622537561412352,-0.07792212270089051,-4.769125389092024e-09,0.02434521554199834,0,70,255.0,255.0,255.0
1287,64.35000000000001,46.61466289441759,-0.23599999998043447,-35.20777785679843,-0.5422312927879819,-1.5796123212649373e-11,0.17743080559589075,-0.07576997243498126,-3.1488342938126054e-09,0.023871983728679522,0,70,255.0,255.0,255.0
1288,64.4,46.58745751404194,-0.2359999999844852,-35.19887667371889,-0.545965987653083,-1.3273056052129897e-10,0.17861257398699168,-0.07361782216907262,-1.5285431985336478e-09,0.023398751915360838,0,70,255.0,255.0,255.0
1289,64.45,46.56006808911084,-0.23599999999235727,-35.189916993759574,-0.5495930750048887,-1.6865044306600546e-10,0.1797706807874267,-0.07146567190316398,9.174789674530978e-11,0.022925520102042157,0,70,255.0,255.0,255.0
1290,64.5,46.5325,-0.236,-35.1809,-0.553112554843399,-1.2355577084676867e-10,0.18090512599719577,-0.06931352163725357,1.7120389920242663e-09,0.022452288288723476,0,70,255.0,255.0,255.0
1291,64.55,46.50475888384588,-0.23600000000421864,-35.17182690166385,-0.556509021519493,-4.8807713624310744e-11,0.18201434096763905,-0.06654514540651542,1.277883296874221e-09,0.021916310529010406,0,70,255.0,255.0,255.0
1292,64.60000000000001,46.47685140482824,-0.23600000000524254,-35.16269901255137,-0.5597670693840512,4.232558840658142e-12,0.18309675705009698,-0.06377676917577647,8.43727601724052e-10,0.02138033276929718,0,70,255.0,255.0,255.0
1293,64.65,46.448784483887664,-0.2360000000041572,-35.15351767260697,-0.5628866984370713,3.5565046548107835e-11,0.18415237424456898,-0.06100839294503832,4.095719065740066e-10,0.02084435500958411,0,70,255.0,255.0,255.0
1294,64.7,46.42056504196472,-0.23600000000204785,-35.144284221775045,-0.5658679086785546,4.518974949805644e-11,0.18518119255105528,-0.058240016714300166,-2.458378857603883e-11,0.020308377249871036,0,70,255.0,255.0,255.0
1295,64.75,46.3922,-0.236,-35.135,-0.5687107001085009,3.310666769050405e-11,0.18618321196955595,-0.05547164048355935,-4.587394837260846e-10,0.01977239949015841,0,70,255.0,255.0,255.0
1296,64.8,46.36369601475431,-0.23599999999886961,-35.12566663342597,-0.571430923512408,1.3077985637231576e-11,0.1871412605153649,-0.05333729567273332,-3.424077984048599e-10,0.018549542342201856,0,70,255.0,255.0,255.0
1297,64.85000000000001,46.335058686269434,-0.23599999999859525,-35.11628689299608,-0.5740444296757746,-1.1341121499832019e-12,0.18803816620377625,-0.05120295086190668,-2.2607611308360214e-10,0.017326685194244955,0,70,255.0,255.0,255.0
1298,64.9,46.30629335040741,-0.23599999999888607,-35.10686383585321,-0.5765512185985991,-9.529625671132213e-12,0.18887392903478958,-0.049068606051080654,-1.0974442776237745e-10,0.016103828046288397,0,70,255.0,255.0,255.0
1299,64.95,46.27740534303025,-0.23599999999945126,-35.09740051914023,-0.5789512902808824,-1.2108554926220314e-11,0.18964854900840503,-0.04693426124025463,6.587257558847293e-12,0.014880970898331843,0,70,255.0,255.0,255.0
1300,65.0,46.2484,-0.236,-35.0879,-0.5812446447226245,-8.870899915247527e-12,0.19036202612462266,-0.044799916429431264,1.2291894288007193e-10,0.013658113750374401,0,70,255.0,255.0,255.0
1301,65.05,46.21928265713689,-0.23600000000030286,-35.07836496463227,-0.5834312844309392,-3.5042289246155667e-12,0.1910366169709285,-0.04266567190316349,9.174789674521867e-11,0.013325520101859497,0,70,255.0,255.0,255.0
1302,65.10000000000001,46.19005865009401,-0.2360000000003764,-35.06879661546428,-0.5855112119129412,3.038897592746799e-13,0.19169457813480872,-0.040531427376895114,6.057685061035656e-11,0.0129929264533445,0,70,255.0,255.0,255.0
1303,65.15,46.160733314482684,-0.23600000000029844,-35.05919578398016,-0.5874844271686291,2.5534561364210492e-12,0.19233590961626304,-0.03839718285062734,2.94058044755033e-11,0.012660332804829595,0,70,255.0,255.0,255.0
1304,65.2,46.131311985914245,-0.23600000000014704,-35.04956330166403,-0.5893509301980038,3.2444702068248414e-12,0.1929606114152916,-0.036262938324359575,-1.765241659349954e-12,0.012327739156314691,0,70,255.0,255.0,255.0
1305,65.25,46.1018,-0.236,-35.0399,-0.5911107210010649,2.376931970486062e-12,0.1935686835318944,-0.034128693798090026,-3.293628779420322e-11,0.011995145507799121,0,70,255.0,255.0,255.0
1306,65.3,46.07220295669815,-0.23599999999991883,-35.03020710804497,-0.5927479387638692,9.389300612306917e-13,0.1941362716008418,-0.03136001671408744,-2.458378857601486e-11,0.010708377250098372,0,70,255.0,255.0,255.0
1307,65.35000000000001,46.042527513354514,-0.23599999999989912,-35.0204874451468,-0.5942467226724739,-8.144688711551484e-14,0.1946395212569043,-0.02859133963008406,-1.6231289357824122e-11,0.00942160899239726,0,70,255.0,255.0,255.0
1308,65.4,46.0127805916618,-0.23599999999992002,-35.01074422822616,-0.595607072726878,-6.841988745519775e-13,0.19507843250008164,-0.025822662546081475,-7.878790139635757e-12,0.008134840734696511,0,70,255.0,255.0,255.0
1309,65.45,45.98296911331273,-0.23599999999996057,-35.00098067420368,-0.5968289889270819,-8.693259010790453e-13,0.19545300533037394,-0.02305398546207888,4.737090785526073e-13,0.006848072476995763,0,70,255.0,255.0,255.0
1310,65.5,45.9531,-0.236,-34.9912,-0.5979124712730856,-6.368279666967208e-13,0.19576323974778115,-0.020285308378077183,8.826208296740962e-12,0.005561304219294794,0,70,255.0,255.0,255.0
1311,65.55,45.92317991607051,-0.23600000000002175,-34.98140500318789,-0.5988729605135472,-2.5149132030719934e-13,0.19603429662572064,-0.018134261240393044,6.587257558840772e-12,0.005280970898285913,0,70,255.0,255.0,255.0
1312,65.60000000000001,45.89321449648792,-0.236000000000027,-34.97159680394852,-0.5997258973971249,2.189778918738072e-14,0.1962913368376098,-0.0159832141027083,4.348306820939945e-12,0.005000637577276952,0,70,255.0,255.0,255.0
1313,65.65,45.863209118870074,-0.23600000000002144,-34.96177610311522,-0.6004712819238183,1.8333936178686403e-13,0.19653436038344838,-0.013832166965024161,2.109356083039755e-12,0.0047203042562680726,0,70,255.0,255.0,255.0
1314,65.7,45.83316916083483,-0.23600000000001053,-34.951943601521286,-0.6011091140936273,2.3283339749134424e-13,0.19676336726323657,-0.011681119827340025,-1.2959465486043645e-13,0.004439970935259192,0,70,255.0,255.0,255.0
1315,65.75,45.8031,-0.236,-34.9421,-0.6016393939065523,1.7037989630082134e-13,0.1969783574769743,-0.009530072689658553,-2.3685453927606237e-12,0.004159637614249423,0,70,255.0,255.0,255.0
1316,65.8,45.7730069790198,-0.2359999999999942,-34.9322464792035,-0.6020642191819027,6.703521999810596e-14,0.19715054189623724,-0.007462938324358365,-1.7652416593482262e-12,0.002727739156268242,0,70,255.0,255.0,255.0
1317,65.85000000000001,45.742895300693775,-0.2359999999999928,-34.9223861390591,-0.6023856877389882,-6.1442696340077566e-15,0.19725113139260111,-0.0053958039590575905,-1.161937925935657e-12,0.0012958406982866546,0,70,255.0,255.0,255.0
1318,65.9,45.71277013285786,-0.23599999999999427,-34.91252255931295,-0.6026037995778085,-4.9158572595478224e-14,0.19728012596606592,-0.003328669593757403,-5.586341925232593e-13,-0.00013605775969452623,0,70,255.0,255.0,255.0
1319,65.95,45.68263664334797,-0.23599999999999718,-34.9026593197112,-0.6027185546983639,-6.200768888633046e-14,0.19723752561663166,-0.001261535228457216,4.466954088913849e-14,-0.001567956217675707,0,70,255.0,255.0,255.0
1320,66.0,45.6525,-0.236,-34.8928,-0.6027299531006542,-4.4691618506564685e-14,0.19712333034429833,0.0008055991368447479,6.479732743015356e-13,-0.002999854675657554,0,70,255.0,255.0,255.0
1321,66.05,45.62236576785031,-0.23600000000000151,-34.88294747999815,-0.6026141627587867,-1.6649559685224522e-14,0.19697953578933405,0.003826014537859563,4.737090785521346e-13,-0.002751927522913769,0,70,255.0,255.0,255.0
1322,66.10000000000001,45.592241100736956,-0.2360000000000018,-34.8731018398151,-0.6023473516468681,2.6792893486503453e-15,0.19684813759200692,0.006846429938875236,2.9944488280268407e-13,-0.002504000370169914,0,70,255.0,255.0,255.0
1323,66.15,45.56213354969845,-0.23600000000000138,-34.863262459632985,-0.6019295197648992,1.3294928595048915e-14,0.19672913575231704,0.009866845339890051,1.2518068705328306e-13,-0.0022560732174261296,0,70,255.0,255.0,255.0
1324,66.2,45.532050665773305,-0.2360000000000006,-34.85342871963392,-0.6013606671128793,1.5197358053977937e-14,0.19662253027026433,0.012887260740904865,-4.9083508696118e-14,-0.002008146064682345,0,70,255.0,255.0,255.0
1325,66.25,45.502,-0.236,-34.8436,-0.6006407936908087,8.38657772543741e-15,0.19652832114584878,0.01590767614191968,-2.2334770444551891e-13,-0.0017602189119387823,0,70,255.0,255.0,255.0
1326,66.3,45.47198834957898,-0.23599999999999982,-34.83377640080391,-0.5998151297829443,-4.369812572078718e-16,0.19640331494642885,0.01711888017265892,-1.2959465486031246e-13,-0.0032400290648594114,0,70,255.0,255.0,255.0
1327,66.35000000000001,45.4420194963584,-0.23599999999999996,-34.823960901680486,-0.5989289056735426,-4.572887760593607e-15,0.1962043182393628,0.018330084203398506,-3.5841605275079366e-14,-0.00471983921778046,0,70,255.0,255.0,255.0
1328,66.4,45.41209646834832,-0.2360000000000002,-34.8141572021551,-0.5979821213626043,-4.021141784717449e-15,0.19593133102465077,0.019541288234137748,5.791144431012707e-14,-0.006199649370701089,0,70,255.0,255.0,255.0
1329,66.45,45.38222229355883,-0.2360000000000003,-34.804369001753145,-0.596974776850129,1.2182566704187716e-15,0.1955843533022927,0.02075249226487699,1.5166449389533352e-13,-0.0076794595236217185,0,70,255.0,255.0,255.0
1330,66.5,45.3524,-0.236,-34.7946,-0.5959068721361168,1.1145307604815042e-14,0.19516338507228867,0.02196369629561712,2.4541754348053993e-13,-0.009159269676541681,0,70,255.0,255.0,255.0
1331,66.55,45.32263363383377,-0.2359999999999992,-34.78485331678621,-0.5947173181094361,1.839748471405601e-14,0.1947032044249371,0.025618464771617836,4.466954088911519e-14,-0.00924795621752152,0,70,255.0,255.0,255.0
1332,66.60000000000001,45.29293131382945,-0.23599999999999832,-34.775129753462956,-0.5933450256589548,1.561226169372409e-14,0.19423858945053643,0.02927323324761959,-1.560784617023666e-13,-0.009336642758501382,0,70,255.0,255.0,255.0
1333,66.65,45.26330217690826,-0.23599999999999782,-34.765429531746605,-0.5917899947846739,2.7896385438208687e-15,0.1937695401490869,0.03292800172362031,-3.568264642937913e-13,-0.00942532929948122,0,70,255.0,255.0,255.0
1334,66.7,45.233755359991385,-0.2359999999999982,-34.7557528733535,-0.5900522254865929,-2.0070384735653023e-14,0.19329605652058837,0.03658277019962103,-5.575744668852161e-13,-0.009514015840461059,0,70,255.0,255.0,255.0
1335,66.75,45.2043,-0.236,-34.7461,-0.5881317177647118,-5.296780814469758e-14,0.19281813856504085,0.04023753867562263,-7.58322469476641e-13,-0.009602702381440453,0,70,255.0,255.0,255.0
1336,66.8,45.17494431508598,-0.23600000000000326,-34.73647193205125,-0.5860835977793022,-7.315295759901616e-14,0.19228786735388326,0.04168726074076892,-4.9083508696148396e-14,-0.011608146064864686,0,70,255.0,255.0,255.0
1337,66.85000000000001,45.14569284832379,-0.23600000000000673,-34.726872884467674,-0.5839629916906346,-5.787615901430276e-14,0.19165732395855425,0.04313698280591563,6.601554520845457e-13,-0.013613589748289488,0,70,255.0,255.0,255.0
1338,66.9,45.11654922401863,-0.23600000000000848,-34.71730787085847,-0.5817698994987103,-7.137412390566013e-15,0.1909265083790542,0.04458670487106192,1.3693944128650385e-12,-0.01561903343171372,0,70,255.0,255.0,255.0
1339,66.95,45.08751706647564,-0.23600000000000684,-34.70778190483284,-0.5795043212035287,7.906328227219331e-14,0.19009542061538295,0.04603642693620821,2.078633373645531e-12,-0.017624477115137954,0,70,255.0,255.0,255.0
1340,67.0,45.0586,-0.236,-34.6983,-0.5771662568050898,2.0072592497397528e-13,0.18916406066754052,0.04748614900135184,2.787872334426024e-12,-0.019629920798562628,0,70,255.0,255.0,255.0
1341,67.05,45.02980190582236,-0.23599999999998755,-34.68886615500876,-0.5747402907734308,2.7421434568200864e-13,0.18819332615948664,0.04955249226501343,1.5166449389547812e-13,-0.019199459523594677,0,70,255.0,255.0,255.0
1342,67.10000000000001,45.00112769287537,-0.23599999999997479,-34.67948030866632,-0.572211007578588,2.1589237436348695e-13,0.1872441147151809,0.051618835528675605,-2.4845433466358166e-12,-0.018768998248626604,0,70,255.0,255.0,255.0
1343,67.15,44.97258252701721,-0.23599999999996818,-34.67014138481951,-0.5695784072205629,2.5760011018443278e-14,0.1863164263346238,0.053685178792337196,-5.120751187166363e-12,-0.018338536973658656,0,70,255.0,255.0,255.0
1344,67.2,44.944171574106036,-0.2359999999999744,-34.660848307315135,-0.5668424896993547,-2.961827443531203e-13,0.18541026101781513,0.05575152205599879,-7.756959027696908e-12,-0.017908075698690705,0,70,255.0,255.0,255.0
1345,67.25,44.9159,-0.236,-34.6516,-0.5640032550149634,-7.499358917512036e-13,0.18452561876475485,0.05781786531965949,-1.0393166868227455e-11,-0.01747761442372231,0,70,255.0,255.0,255.0
1346,67.3,44.8877736616246,-0.23600000000004637,-34.64239624791372,-0.5610192391269813,-1.0237044251290185e-12,0.18361082800815598,0.061542770199632245,-5.575744668857643e-13,-0.019114015840233506,0,70,255.0,255.0,255.0
1347,67.35000000000001,44.8598011801747,-0.23600000000009416,-34.63324028086703,-0.5578489779949996,-8.056933384396449e-13,0.18261421718073131,0.06526767507960606,9.278017934458721e-12,-0.02075041725674517,0,70,255.0,255.0,255.0
1348,67.4,44.8319918679125,-0.23600000000011875,-34.62413618986349,-0.5544924716190202,-9.59026316832069e-14,0.18153578628248132,0.06899257995957882,1.9113610335800408e-11,-0.022386818673256367,0,70,255.0,255.0,255.0
1349,67.45,44.8043550371002,-0.23600000000009555,-34.61508806590663,-0.5509497199990421,1.1056676951402876e-12,0.1803755353134058,0.07271748483955157,2.89492027371421e-11,-0.024023220089767566,0,70,255.0,255.0,255.0
1350,67.5,44.7769,-0.236,-34.6061,-0.5472207231350655,2.7990176420308388e-12,0.17913346427350468,0.07644238971952522,3.878479513848378e-11,-0.025659621506278985,0,70,255.0,255.0,255.0
1351,67.55,44.74963464767923,-0.23599999999982685,-34.59717525333638,-0.5433907527186743,3.820603354834064e-12,0.17785936180796294,0.07675642693613599,2.0786333736475705e-12,-0.02530447711539303,0,70,255.0,255.0,255.0
1352,67.60000000000001,44.72256118642581,-0.2359999999996485,-34.58831376786554,-0.5395450804414512,3.006880979395092e-12,0.17660301656196517,0.07707046415274683,-3.462752839119907e-11,-0.024949332724506973,0,70,255.0,255.0,255.0
1353,67.65,44.695680401332766,-0.23599999999955676,-34.57951465572652,-0.5356837063033989,3.578505157143839e-13,0.17536442853551204,0.07738450136935761,-7.133369015603526e-11,-0.02459418833362102,0,70,255.0,255.0,255.0
1354,67.7,44.66899307749315,-0.23599999999964333,-34.570777029058334,-0.5318066303045159,-4.126488036208033e-12,0.17414359772860322,0.07769853858596837,-1.0803985192087148e-10,-0.024239043942735062,0,70,255.0,255.0,255.0
1355,67.75,44.6425,-0.236,-34.5621,-0.5279138524448024,-1.0446134676372151e-11,0.1729405241412387,0.07801257580258003,-1.4474601368570774e-10,-0.023883899551848886,0,70,255.0,255.0,255.0
1356,67.8,44.61620374765845,-0.23600000000064617,-34.55348353874077,-0.5238977499983364,-1.4258708994207243e-11,0.17170372475997572,0.08263152205607094,-7.756959027704544e-12,-0.025588075698672556,0,70,255.0,255.0,255.0
1357,67.85000000000001,44.59011407412204,-0.2360000000013117,-34.544931047670794,-0.5196507002391946,-1.1221830579140728e-11,0.17038171657137122,0.08725046830956316,1.2923209563033758e-10,-0.027292251845496707,0,70,255.0,255.0,255.0
1358,67.9,44.56424252675641,-0.23600000000165416,-34.53644678723042,-0.5151727031673793,-1.3354994311743291e-12,0.16897449957542585,0.09186941456305409,2.6622115028834073e-10,-0.028996427992320377,0,70,255.0,255.0,255.0
1359,67.95,44.53860065292718,-0.23600000000133106,-34.52803501786004,-0.5104637587828896,1.5400284449691837e-11,0.16748207377213933,0.096488360816545,4.0321020494634393e-10,-0.030700604139144046,0,70,255.0,255.0,255.0
1360,68.0,44.5132,-0.236,-34.5197,-0.5055238670857255,3.898552106345777e-11,0.16590443916151162,0.10110730707003324,5.401992596043472e-10,-0.032404780285967716,0,70,255.0,255.0,255.0
1361,68.05,44.48805036168695,-0.2359999999975885,-34.51144579170054,-0.5004582472879862,5.321423262199491e-11,0.1642537391521206,0.10151748483955154,2.8949202737170675e-11,-0.03362322008967708,0,70,255.0,255.0,255.0
1362,68.10000000000001,44.463154517086004,-0.2359999999951046,-34.503275641451296,-0.4953721186017695,4.1880441337167824e-11,0.1625421171525436,0.10192766260906996,-4.82300854130151e-10,-0.0348416598933868,0,70,255.0,255.0,255.0
1363,68.15,44.43851349164158,-0.23599999999382648,-34.49519259535178,-0.4902654810270783,4.984147208982944e-12,0.16076957316278165,0.10233784037858827,-9.935509109973274e-10,-0.036060099697096164,0,70,255.0,255.0,255.0
1364,68.2,44.414128310798105,-0.23599999999503224,-34.48719969950152,-0.4851383345639112,-5.747464976255927e-11,0.15893610718283419,0.10274801814810657,-1.504800967864504e-09,-0.037278539500805535,0,70,255.0,255.0,255.0
1365,68.25,44.39,-0.236,-34.4793,-0.4799906792122683,-1.4549594957745892e-10,0.1570417192127013,0.10315819591762443,-2.0160510247316806e-09,-0.038496979304515344,0,70,255.0,255.0,255.0
1366,68.3,44.366130805593734,-0.23600000000899984,-34.4714956944571,-0.4747492608496787,-1.9859822149377238e-10,0.15513731863151922,0.10649853858597078,-1.08039851920978e-10,-0.037679043942771974,0,70,255.0,255.0,255.0
1367,68.35000000000001,44.34252785753392,-0.2360000000182698,-34.46378558652405,-0.4693408253536703,-1.562999347695305e-10,0.15327381481842378,0.10983888125431805,1.7999713208902672e-09,-0.036861108581028375,0,70,255.0,255.0,255.0
1368,68.4,44.31919950667725,-0.23600000002303984,-34.456167631362455,-0.463765372724246,-1.8601089404757433e-11,0.15145120777341606,0.1131792239226644,3.7079824937009694e-09,-0.036043173219285005,0,70,255.0,255.0,255.0
1369,68.45,44.29615410388038,-0.2360000000185399,-34.4486397841339,-0.45802290296140447,2.1449831460054536e-10,0.1496694974964955,0.11651956659101073,5.6159936665116724e-09,-0.035225237857541634,0,70,255.0,255.0,255.0
1370,68.5,44.2734,-0.236,-34.4412,-0.4521134160651456,5.429982772463779e-10,0.14792868398766207,0.11985990925935974,7.524004839322373e-09,-0.034407302495798486,0,70,255.0,255.0,255.0
1371,68.55,44.250944815938134,-0.23599999996641205,-34.43384743047109,-0.4460807093132515,7.411786533530944e-10,0.14615698632179067,0.12144836081641781,4.032102049467398e-10,-0.03646060413906206,0,70,255.0,255.0,255.0
1372,68.60000000000001,44.2287932527783,-0.23599999993181614,-34.42658601245253,-0.43996857998350275,5.833192977409539e-10,0.14428262357375551,0.12303681237347633,-6.717584429430918e-09,-0.038513905782326226,0,70,255.0,255.0,255.0
1373,68.65,44.20694928164941,-0.23599999991401416,-34.41942087919841,-0.43377702807590285,6.942021041004631e-11,0.14230559574355775,0.1246252639305344,-1.3838379063806551e-08,-0.0405672074255898,0,70,255.0,255.0,255.0
1374,68.7,44.185416873680346,-0.23599999993080809,-34.412357163962874,-0.4275060535904501,-8.005186086396227e-10,0.14022590283119676,0.12621371548759247,-2.0959173698182185e-08,-0.04262050906885338,0,70,255.0,255.0,255.0
1375,68.75,44.1642,-0.236,-34.4054,-0.4211556565271443,-2.0264971594080523e-09,0.13804354483667267,0.12780216704465142,-2.8079968332557818e-08,-0.04467381071211629,0,70,255.0,255.0,255.0
1376,68.8,44.143303530653746,-0.23600000012535183,-34.398553783658556,-0.4146719018973257,-2.766116391918605e-09,0.1358027360813468,0.1315480181481068,-1.5048009678659873e-09,-0.044958539500923975,0,70,255.0,255.0,255.0
1377,68.85000000000001,44.12273593135286,-0.23600000025446563,-34.39181996366585,-0.4080008547123325,-2.176977256194286e-09,0.1335476908865799,0.13529386925156325,2.50703663968334e-08,-0.045243268289731735,0,70,255.0,255.0,255.0
1378,68.9,44.1025065667251,-0.23600000032090357,-34.38519925184388,-0.40114251497216835,-2.5907975223542895e-10,0.13127840925237322,0.13903972035501863,5.1645533761525234e-08,-0.04552799707853942,0,70,255.0,255.0,255.0
1379,68.95,44.082624801398225,-0.23600000025822768,-34.37869236001461,-0.39409688267683135,2.9875761199579447e-09,0.1289948911787262,0.14278557145847404,7.822070112621706e-08,-0.045812725867347096,0,70,255.0,255.0,255.0
1380,69.0,44.0631,-0.236,-34.3723,-0.3868639578263217,7.562990360385832e-09,0.1266971366656388,0.14653142256192941,1.0479586849090884e-07,-0.04609745465615411,0,70,255.0,255.0,255.0
1381,69.05,44.0439402614469,-0.2359999995321806,-34.36602303489471,-0.379519683097497,1.0323286914321325e-08,0.12437606935279721,0.14723956659107623,5.6159936665171665e-09,-0.04674523785751502,0,70,255.0,255.0,255.0
1382,69.10000000000001,44.025148621810274,-0.2359999990503212,-34.35986293288405,-0.37214000116721285,8.124589727036186e-09,0.1220226128798869,0.14794771062022324,-9.35638811579027e-08,-0.047393021058876106,0,70,255.0,255.0,255.0
1383,69.15,44.0067268514502,-0.2359999988023715,-34.35382131342606,-0.3647249120354734,9.66898798531664e-10,0.11963676724690922,0.14865585464937003,-1.927437559822944e-07,-0.04804080426023701,0,70,255.0,255.0,255.0
1384,69.2,43.988676720726744,-0.23599999903628122,-34.347899795978705,-0.35727441570227664,-1.1149785871192158e-08,0.11721853245386347,0.14936399867851685,-2.9192363080668604e-07,-0.04868858746159791,0,70,255.0,255.0,255.0
1385,69.25,43.971,-0.236,-34.3421,-0.3497885121676226,-2.822546428213527e-08,0.11476790850074971,0.15007214270766367,-3.911035056310776e-07,-0.04933637066295893,0,70,255.0,255.0,255.0
1386,69.3,43.95369942355866,-0.23600000174592578,-34.336423676762635,-0.34220936571273974,-3.85270312653667e-08,0.11227698650745842,0.15309371548766634,-2.095917369820276e-08,-0.05030050906869873,0,70,255.0,255.0,255.0
1387,69.35000000000001,43.93678158140604,-0.2360000035442495,-34.330873104797924,-0.33447914061885464,-3.032138165195047e-08,0.1097378575938794,0.15611528826766985,3.4918515823477723e-07,-0.051264647474438804,0,70,255.0,255.0,255.0
1388,69.4,43.92025402747409,-0.23600000446961034,-34.32545069445191,-0.3265978368859715,-3.6085154418912424e-09,0.1071505217600141,0.15913686104767252,7.193294901676521e-07,-0.0522287858801786,0,70,255.0,255.0,255.0
1389,69.45,43.90412431569476,-0.23600000359664744,-34.32015885607059,-0.31856545451408824,4.161156736481065e-08,0.10451497900586182,0.16215843382767517,1.0894738221005267e-06,-0.05319292428591841,0,70,255.0,255.0,255.0
1390,69.5,43.8884,-0.236,-34.315,-0.3103819935032049,1.0533886676815525e-07,0.10183122933142257,0.16518000660767784,1.4596181540334014e-06,-0.054157062691658875,0,70,255.0,255.0,255.0
1391,69.55,43.873088444318455,-0.23599999348411624,-34.30997665805478,-0.30205885405155136,1.4378483814714543e-07,0.09909198461744302,0.1677455714584837,7.822070112629385e-08,-0.055412725867529114,0,70,255.0,255.0,255.0
1392,69.60000000000001,43.85819625256555,-0.23599998677268072,-34.30509184792424,-0.29360743635735503,1.1316093688076566e-07,0.09628995674466917,0.17031113630929032,-1.3031767517812063e-06,-0.056668389043399714,0,70,255.0,255.0,255.0
1393,69.65,43.843729838653424,-0.2359999833191871,-34.30034870876629,-0.2850277404206209,1.3467162969033276e-08,0.09342514571310259,0.17287670116009618,-2.6845742046883143e-06,-0.05792405221926996,0,70,255.0,255.0,255.0
1394,69.7,43.8296956164942,-0.23599998657712895,-34.295750379738905,-0.2763197662413464,-1.5529648358805053e-07,0.0904975515227425,0.17544226601090204,-4.0659716575954215e-06,-0.059179715395140206,0,70,255.0,255.0,255.0
1395,69.75,43.8161,-0.236,-34.2913,-0.2674835138195317,-3.931300027904857e-07,0.08750717417358891,0.17800783086170657,-5.447369110502527e-06,-0.060435378571010556,0,70,255.0,255.0,255.0
1396,69.8,43.80294919916752,-0.23600002431760925,-34.28700009101824,-0.25853121808102847,-5.366123213232151e-07,0.08449107502277454,0.18008399867844485,-2.919236308069726e-07,-0.060208587461571,0,70,255.0,255.0,255.0
1397,69.85000000000001,43.79024860833174,-0.23600004936502755,-34.28285070350513,-0.24947511395168567,-4.223223658711122e-07,0.0814863154274313,0.18216016649518368,4.8635218488900476e-06,-0.05998179635213137,0,70,255.0,255.0,255.0
1398,69.9,43.778003417912196,-0.23600006225364126,-34.2788512704829,-0.24031520143150856,-5.026013643424202e-08,0.0784928953875609,0.18423633431192196,1.0018967328585603e-05,-0.05975500524269181,0,70,255.0,255.0,255.0
1399,69.95,43.76621881832844,-0.23600005009483663,-34.275001224973785,-0.2310514805204945,5.795743669873911e-07,0.07551081490316246,0.1863125021286602,1.5174412808281155e-05,-0.05952821413325225,0,70,255.0,255.0,255.0
1400,70.0,43.7549,-0.236,-34.2713,-0.22168395121864357,1.4671811443937874e-06,0.07254007397423601,0.18838866994540004,2.032985828797671e-05,-0.059301423023812916,0,70,255.0,255.0,255.0
1401,70.05,43.74405235901145,-0.23599990924544678,-34.26774777787226,-0.2122002736243172,2.002664447145715e-06,0.06953571529149334,0.19095843382767672,1.0894738221015995e-06,-0.0608729242859007,0,70,255.0,255.0,255.0
1402,70.10000000000001,43.733682114107474,-0.23599981576720902,-34.264347738055235,-0.20258810783587425,1.5761285266036829e-06,0.06645278154564539,0.1935281977099541,-1.815091064377898e-05,-0.06244442554798892,0,70,255.0,255.0,255.0
1403,70.15,43.723795689697766,-0.23599976766624783,-34.26110380930207,-0.19284745385332017,1.8757338276793523e-07,0.06329127273669394,0.19609796159223078,-3.7391295109654095e-05,-0.0640159268100767,0,70,255.0,255.0,255.0
1404,70.2,43.71439951019204,-0.23599981304352444,-34.258019920365946,-0.18297831167665227,-2.163000984361514e-06,0.06005118886463809,0.19866772547450742,-5.6631679575529205e-05,-0.06558742807216449,0,70,255.0,255.0,255.0
1405,70.25,43.7055,-0.236,-34.2551,-0.17298068130587058,-5.475594574784664e-06,0.056732529929477866,0.20123748935678387,-7.587206404140431e-05,-0.06715892933425244,0,70,255.0,255.0,255.0
1406,70.3,43.69710296478668,-0.2360003387006036,-34.25234719749272,-0.1628916874216806,-7.4740454672596425e-06,0.05338206381124028,0.2023222660108381,-4.065971657599414e-06,-0.0668597153952587,0,70,255.0,255.0,255.0
1407,70.35000000000001,43.68921173523838,-0.2360006875661364,-34.24976154427392,-0.152748454704785,-5.882191740543619e-06,0.05004655838995143,0.20340704266489268,6.774012072622589e-05,-0.0665605014562649,0,70,255.0,255.0,255.0
1408,70.4,43.68182902329674,-0.23600086708136736,-34.24734229230877,-0.14255098315518963,-7.000333946374989e-07,0.046726013665613214,0.20449181931894692,0.00013954621311003078,-0.06626128751727116,0,70,255.0,255.0,255.0
1409,70.45,43.67495754090341,-0.23600069773106555,-34.245088693562415,-0.1322992727728915,8.072429570458669e-06,0.04342042963822469,0.20557659597300118,0.00021135230549383565,-0.06596207357827744,0,70,255.0,255.0,255.0
1410,70.5,43.6686,-0.236,-34.243,-0.12199332355789066,2.0435197154744868e-05,0.04012980630778585,0.20666137262705542,0.0002831583978776405,-0.06566285963928381,0,70,255.0,255.0,255.0
1411,70.55,43.66276138184184,-0.23599873595213866,-34.24107703215687,-0.11149697668899652,2.7893517421892857e-05,0.03676002946347832,0.2131925021287343,1.5174412808296024e-05,-0.06912821413302515,0,70,255.0,255.0,255.0
1412,70.60000000000001,43.657455744939014,-0.23599743396824535,-34.23932688484906,-0.10067407334501532,2.1952638435570787e-05,0.033216984894482694,0.21972363163041506,-0.00025280957226112466,-0.0725935686267675,0,70,255.0,255.0,255.0
1413,70.65,43.65269941711526,-0.23599676400828268,-34.237758221462826,-0.08952461352595323,2.6125601957820434e-06,0.029500672600800998,0.22625476113209397,-0.0005207935573304691,-0.07605892312050884,0,70,255.0,255.0,255.0
1414,70.7,43.64850872619434,-0.23599739603221334,-34.236379705384394,-0.07804859723180722,-3.0126717297473157e-05,0.025611092582432243,0.23278589063377286,-0.0007887775423998135,-0.0795242776142502,0,70,255.0,255.0,255.0
1415,70.75,43.6449,-0.236,-34.2352,-0.06624602446257727,-7.62651940441948e-05,0.021548244839376427,0.23931702013545197,-0.001056761527469158,-0.08298963210799165,0,70,255.0,255.0,255.0
1416,70.8,43.641881907845935,-0.2360047174908416,-34.23422387387982,-0.054576405822328915,-0.00010410002422031177,0.01754581833487,0.22746772547450891,-5.6631679575584954e-05,-0.07710742807227434,0,70,255.0,255.0,255.0
1417,70.85000000000001,43.63943248500555,-0.2360095765608821,-34.233440516329814,-0.043499251915124604,-8.192836200173956e-05,0.013837502032148417,0.2156184308135625,0.0009434981683182722,-0.07122522403655537,0,70,255.0,255.0,255.0
1418,70.9,43.63752210824221,-0.23601207688550185,-34.232835221839906,-0.03301456274097066,-9.750207388490732e-06,0.010423295931213777,0.20376913615261943,0.0019436280162118454,-0.06534302000083808,0,70,255.0,255.0,255.0
1419,70.95,43.636121154319234,-0.23600971814008107,-34.2323932849,-0.02312233829986382,0.00011243443961943392,0.007303200032064981,0.19191984149167637,0.0029437578641054187,-0.059460815965120775,0,70,255.0,255.0,255.0
1420,71.0,43.6352,-0.236,-34.2321,-0.013822578591804111,0.00028462557902203436,0.004477214334702036,0.18007054683073337,0.003943887711998991,-0.05357861192940347,0,70,255.0,255.0,255.0
1421,71.05,43.634714986774426,-0.23598239408449495,-34.23193787232387,-0.005957400021712109,0.00038850657945935436,0.0021126971970103804,0.13453659597296463,0.00021135230549404384,-0.04100207357826814,0,70,255.0,255.0,255.0
1422,71.10000000000001,43.63456631503878,-0.23596425978822613,-34.23187824983168,-0.0003689189945071487,0.00030576080957138755,0.00037700697687505203,0.08900264511518292,-0.003521183101011964,-0.02842553522712923,0,70,255.0,255.0,255.0
1423,71.15,43.634640149915924,-0.23595492844970986,-34.23188969117756,0.0029428644898075902,3.638826935818088e-05,-0.0007298563257029634,0.043468694257414175,-0.0072537185075169115,-0.0158489968759939,0,70,255.0,255.0,255.0
1424,71.2,43.63482265652871,-0.2359637314074624,-34.23194075501562,0.003977950431234018,-0.0004196110411802624,-0.0012078927107242489,-0.002065256600354559,-0.01098625391402186,-0.003272458524858572,0,70,255.0,255.0,255.0
1425,71.25,43.635,-0.236,-34.232,0.0027363388297721443,-0.0010622371220439426,-0.0010571021781888026,-0.047599207458123335,-0.014718789320526808,0.009304079826276766,0,70,255.0,255.0,255.0
1426,71.3,43.63508374505637,-0.2360657061711786,-34.23204143682473,0.0007420059091652615,-0.0014499262936171055,-0.0006046071228864845,-0.03217410936615651,-0.0007887775424005889,0.008795722385816988,0,70,255.0,255.0,255.0
1427,71.35000000000001,43.635087054839325,-0.23613338428621325,-34.23206088434349,-0.0004810721068435617,-0.0011411148762838104,-0.00017752993960703595,-0.01674901127418529,0.013141234235729589,0.008287364945357065,0,70,255.0,255.0,255.0
1428,71.4,43.6350484920941,-0.2361682093156586,-34.232059613449884,-0.0009328952182536296,-0.00013580287004423194,0.00022412937164930003,-0.0013239131822184586,0.027071246013855806,0.007779007504897288,0,70,255.0,255.0,255.0
1429,71.45,43.63500661956591,-0.23613535623006923,-34.232038895037526,-0.0006134634250653994,0.001566009725101617,0.0006003708108826486,0.01410118490974837,0.04100125779198203,0.007270650064437511,0,70,255.0,255.0,255.0
1430,71.5,43.635,-0.236,-34.232,0.0004772232727211277,0.003964322909153736,0.0009511943780930095,0.029526283001715198,0.05493126957010823,0.006762292623977733,0,70,255.0,255.0,255.0
1431,71.55,43.63505243300009,-0.23575478123079052,-34.23194758037722,0.0014533763850545969,0.005411198595009067,0.0010737312945610742,0.009519841491625804,0.002943757864108318,-0.001860815965254863,0,70,255.0,255.0,255.0
1432,71.60000000000001,43.635128665603915,-0.2355022030669207,-34.23189981279437,0.0014292074218835047,0.004258698695563856,0.0007651127815673848,-0.010486600018469273,-0.04904375384190636,-0.010483924554489907,0,70,255.0,255.0,255.0
1433,71.65,43.635178681707686,-0.23537223428765575,-34.231878255022885,0.00040471638320786416,0.0005068232108187513,2.5338839112116346e-05,-0.030493041528558668,-0.10103126554790627,-0.019107033143722505,0,70,255.0,255.0,255.0
1434,71.7,43.63515246520764,-0.2354948436722605,-34.23190446483429,-0.0016200967309721887,-0.0058444278592262,-0.0011455905328047575,-0.05049948303864807,-0.15301877725390617,-0.0277301417329551,0,70,255.0,255.0,255.0
1435,71.75,43.635,-0.236,-34.232,-0.004645231920656655,-0.014795054514571,-0.0027476753341832355,-0.0705059245487375,-0.20500628895990614,-0.036353250322187725,0,70,255.0,255.0,255.0
1436,71.8,43.63465692294326,-0.23701836890565922,-34.23219864166636,-0.009531511449383199,-0.026386868086418474,-0.005514318055356767,-0.12494525660033537,-0.25866625391401904,-0.07431245852475979,0,70,255.0,255.0,255.0
1437,71.85000000000001,43.63400148274501,-0.23868340344610403,-34.23258306447904,-0.01713975758069203,-0.04066167990597587,-0.010178921186660387,-0.17938458865194873,-0.3123262188681472,-0.11227166672734265,0,70,255.0,255.0,255.0
1438,71.9,43.63289758107514,-0.24112925353371872,-34.23324816645853,-0.027469970314578828,-0.057619489973235086,-0.01674148472809145,-0.2338239207035466,-0.3659861838222601,-0.15023087492991472,0,70,255.0,255.0,255.0
1439,71.95,43.63120911960352,-0.24449006908088897,-34.23428884562535,-0.040522149651045364,-0.0772602982881998,-0.025202008679651007,-0.28826325275514453,-0.419646148776373,-0.18819008313248678,0,70,255.0,255.0,255.0
1440,72.0,43.6288,-0.2489,-34.2358,-0.05629629559009164,-0.09958410485087,-0.035560493041339056,-0.3427025848067424,-0.4733061137304858,-0.226149291335059,0,70,255.0,255.0,255.0
1441,72.05,43.625560675226865,-0.2544141431465719,-34.23786105295732,-0.07319933058751407,-0.11984772624933164,-0.046888459073107354,-0.33341881509019344,-0.3372387422080253,-0.22696934993569867,0,70,255.0,255.0,255.0
1442,72.10000000000001,43.62148780341601,-0.26077138314866566,-34.240489529289476,-0.08963817709911369,-0.1333079790716735,-0.05825742803491087,-0.32413504537364185,-0.20117137068552615,-0.22778940853633858,0,70,255.0,255.0,255.0
1443,72.15,43.61660459399172,-0.26763155157747154,-34.24368747914297,-0.10561283512488116,-0.1399648633178879,-0.06966739992674315,-0.31485127565709287,-0.06510399916306564,-0.22860946713697824,0,70,255.0,255.0,255.0
1444,72.2,43.61093425637828,-0.27465448000418496,-34.24745695266432,-0.12112330466482119,-0.13981837898797966,-0.08111837474860739,-0.30556750594054394,0.07096337235939487,-0.22942952573761793,0,70,255.0,255.0,255.0
1445,72.25,43.6045,-0.2815,-34.2518,-0.1361695857189338,-0.13286852608194882,-0.09261035250050363,-0.2962837362239952,0.2070307438818546,-0.23024958433825715,0,70,255.0,255.0,255.0
1446,72.3,43.59731877614927,-0.28784825850805135,-34.25672194650436,-0.15112716620050312,-0.12033422691625092,-0.10433984565228117,-0.3020194830388108,0.2943412227460902,-0.23893014173287097,0,70,255.0,255.0,255.0
1447,72.35000000000001,43.58938250359093,-0.29346066395923903,-34.26224121836306,-0.16637153402281754,-0.10343440380733605,-0.1165033666737929,-0.30775522985362813,0.38165170161035067,-0.24761069912748723,0,70,255.0,255.0,255.0
1448,72.4,43.58067684295798,-0.2981189401563992,-34.268379516969574,-0.18190268918586847,-0.08216905675521383,-0.12910091556503187,-0.3134909766684438,0.46896218047458627,-0.25629125652210105,0,70,255.0,255.0,255.0
1449,72.45,43.571187454883336,-0.301604810902373,-34.275158543717396,-0.19772063168966014,-0.05653818575988009,-0.14213249232600156,-0.3192267234832595,0.5562726593388219,-0.26497181391671487,0,70,255.0,255.0,255.0
1450,72.5,43.5609,-0.3037,-34.2826,-0.21382536153419257,-0.026541790821334822,-0.15559809695670185,-0.3249624702980749,0.6435831382030572,-0.27365237131132814,0,70,255.0,255.0,255.0
1451,72.55,43.54980182017606,-0.3041800228212211,-34.29072556102523,-0.23011600461051981,0.008192633914330257,-0.16949615831779258,-0.3266632527550518,0.745793851223625,-0.2822700831323331,0,70,255.0,255.0,255.0
1452,72.60000000000001,43.53788698222023,-0.3027955610143826,-34.299556797258305,-0.24649168680970057,0.04803759430103548,-0.18382510526993767,-0.3283640352120292,0.8480045642442218,-0.2908877949533405,0,70,255.0,255.0,255.0
1453,72.65,43.52515123417638,-0.29929108779693386,-34.30911525297874,-0.26295240813172555,0.0929930903387582,-0.198584937813129,-0.33006481766900614,0.9502152772647894,-0.2995055067743454,0,70,255.0,255.0,255.0
1454,72.7,43.51159032408834,-0.2934110763863235,-34.31942247246613,-0.27949816857659926,0.14305912202750903,-0.21377565594737052,-0.3317656001259831,1.0524259902853572,-0.30812321859535036,0,70,255.0,255.0,255.0
1455,72.75,43.4972,-0.2849,-34.3305,-0.296128968144322,0.19823568936728794,-0.22939725967266225,-0.33346638258296046,1.1546367033059257,-0.31674093041635465,0,70,255.0,255.0,255.0
1456,72.8,43.48197554314649,-0.273506050207065,-34.342368609394704,-0.31287281535740685,0.2582996912589172,-0.24540352107651367,-0.33628750594047274,1.2479233723593828,-0.3235095257377391,0,70,255.0,255.0,255.0
1457,72.85000000000001,43.465910367528124,-0.25899229198322726,-34.355045992603756,-0.3297577187383722,0.3230280266032382,-0.261748212246439,-0.3391086292979858,1.3412100414128665,-0.33027812105912546,0,70,255.0,255.0,255.0
1458,72.9,43.448997420336525,-0.24112550865586146,-34.36854907111545,-0.3467836782872083,0.39242069540021396,-0.2784313331824289,-0.3419297526554981,1.4344967104663235,-0.3370467163805099,0,70,255.0,255.0,255.0
1459,72.95,43.43122964876328,-0.21967248355233024,-34.3828947664181,-0.36395069400392005,0.46647769764986236,-0.2954528838844881,-0.34475087601301035,1.5277833795197806,-0.34381531170189433,0,70,255.0,255.0,255.0
1460,73.0,43.4126,-0.1944,-34.3981,-0.38125876588850743,0.5451990333521833,-0.3128128643526164,-0.34757199937052397,1.6210700485732374,-0.3505839070232786,0,70,255.0,255.0,255.0
1461,73.05,43.393100007237976,-0.16506697635052373,-34.414181601395946,-0.3987927339598524,0.6290566010499797,-0.33050575737611665,-0.35378672348331464,1.7332326593388085,-0.35713181391677196,0,70,255.0,255.0,255.0
1462,73.10000000000001,43.37271554766725,-0.13140087105269077,-34.43115603232669,-0.41663743823684196,0.7185222992860806,-0.34852604574429674,-0.360001447596107,1.8453952701044116,-0.3636797208102672,0,70,255.0,255.0,255.0
1463,73.15,43.35143108447753,-0.0931212775796062,-34.44903966255946,-0.4347928787194661,0.813596128060435,-0.3668737294571464,-0.3662161717088977,1.9575578808699827,-0.3702276277037606,0,70,255.0,255.0,255.0
1464,73.2,43.32923108085855,-0.04994778940434723,-34.467848861861484,-0.4532590554077297,0.9142780873730677,-0.3855488085146707,-0.3724308958216883,2.069720491635554,-0.376775534597254,0,70,255.0,255.0,255.0
1465,73.25,43.3061,-0.0016,-34.4876,-0.4720359683016328,1.0205681772239785,-0.40455128291686965,-0.3786456199344763,2.1818831024011196,-0.38332344149074826,0,70,255.0,255.0,255.0
1466,73.3,43.282046027901586,0.05215955560914888,-34.5083025850215,-0.48970024880314356,1.129889904541134,-0.42346944941902065,-0.3279256001259939,2.19098599028535,-0.3734032185953347,0,70,255.0,255.0,255.0
1467,73.35000000000001,43.257172241802856,0.11139657619402812,-34.52993867808949,-0.5048285283142343,1.2396667762525322,-0.44189160477640615,-0.27720558031749715,2.200088878169583,-0.3634829956999184,0,70,255.0,255.0,255.0
1468,73.4,43.23160544175334,0.17613381897431465,-34.55248347864673,-0.5174208068348963,1.3498987923581112,-0.45981774898901573,-0.22648556050901478,2.2091917660538134,-0.3535627728045048,0,70,255.0,255.0,255.0
1469,73.45,43.20547242780253,0.24639404116973507,-34.57591218613598,-0.5274770843651344,1.4605859528579013,-0.47724788205685464,-0.17576554070053238,2.2182946539380435,-0.3436425499090913,0,70,255.0,255.0,255.0
1470,73.5,43.1789,0.3222,-34.6002,-0.5349973609049485,1.5717282577519027,-0.49418200397992285,-0.125045520892046,2.2273975418222722,-0.33372232701367555,0,70,255.0,255.0,255.0
1471,73.55,43.15201748115567,0.4035591539139088,-34.62532805851805,-0.5398302708275773,1.6824077807854478,-0.5109764449478097,-0.06827087601311209,2.1997833795197774,-0.3380553117018379,0,70,255.0,255.0,255.0
1472,73.60000000000001,43.1249642851213,0.4904177662766419,-34.65130125531536,-0.5418244485062595,1.791706595703899,-0.5279875351501095,-0.011496231134162024,2.172169217217275,-0.3423882963900015,0,70,255.0,255.0,255.0
1473,73.65,43.0978823485091,0.5827068016823936,-34.67813042285364,-0.5409798939409943,1.899624702507194,-0.5452152745868127,0.0452784137447719,2.1445550549147803,-0.34672128107816386,0,70,255.0,255.0,255.0
1474,73.7,43.070913607931274,0.6803572247254318,-34.70582639359461,-0.5372966071317825,2.0061621011953648,-0.5626596632579239,0.10205305862370581,2.116940892612286,-0.35105426576632626,0,70,255.0,255.0,255.0
1475,73.75,43.0442,0.7833,-34.7344,-0.5307745880786242,2.1113187917684106,-0.5803207011634435,0.15882770350264064,2.089326730309782,-0.3553872504544895,0,70,255.0,255.0,255.0
1476,73.8,43.01788324747572,0.8914710287351871,-34.7638603809063,-0.5214266678865943,2.2153909723170377,-0.5980967707897356,0.21508910417857674,2.0735604916355417,-0.35565553459723526,0,70,255.0,255.0,255.0
1477,73.85000000000001,42.99210421771189,1.0048259586994954,-34.79420990064909,-0.5092656776607639,2.3186748409319824,-0.61588625462317,0.27135050485452883,2.0577942529612963,-0.355923818739981,0,70,255.0,255.0,255.0
1478,73.9,42.96700356421021,1.1233253742961749,-34.82544922993874,-0.49429161740113997,2.421170397613185,-0.6336891526637367,0.32761190553046493,2.0420280142870557,-0.3561921028827268,0,70,255.0,255.0,255.0
1479,73.95,42.942721940472346,1.2469298599285716,-34.85757903948558,-0.4765044871077193,2.5228776423606765,-0.6515054649114407,0.38387330620640103,2.0262617756128147,-0.3564603870254725,0,70,255.0,255.0,255.0
1480,74.0,42.9194,1.3756,-34.8906,-0.455904286780502,2.6237965751744547,-0.669335191366282,0.4401347068823389,2.010495536938567,-0.3567286711682147,0,70,255.0,255.0,255.0
1481,74.05,42.89717832894142,1.5092935311453046,-34.92451361785675,-0.4324950576259633,2.7237563299463647,-0.687228471893216,0.496234459299262,1.9878946539380455,-0.3590025499091896,0,70,255.0,255.0,255.0
1482,74.10000000000001,42.87619724403108,1.647956798925494,-34.95932474208828,-0.40628084085057076,2.8225860405682757,-0.705235446357204,0.5523342117162011,1.9652937709375178,-0.3612764286501651,0,70,255.0,255.0,255.0
1483,74.15,42.85659699465004,1.791533301132988,-34.99503905739142,-0.37726163645433924,2.9202857070401333,-0.7233561147582356,0.6084339641331242,1.9426928879369962,-0.36355030739114,0,70,255.0,255.0,255.0
1484,74.2,42.838517830179335,1.9399665355603235,-35.03166224846305,-0.34543744443726176,3.016855329361965,-0.741590477096316,0.6645337165500473,1.920092004936475,-0.3658241861321149,0,70,255.0,255.0,255.0
1485,74.25,42.8221,2.0932,-35.0692,-0.31080826479933826,3.11229490753377,-0.7599385333714449,0.7206334689669718,1.8974911219359534,-0.3680980648730854,0,70,255.0,255.0,255.0
1486,74.3,42.8074842367586,2.2511796466835476,-35.1076571476667,-0.2733451016095755,3.20675170789747,-0.7783493416374264,0.7778930586236257,1.8807808926122875,-0.36833426576621786,0,70,255.0,255.0,255.0
1487,74.35000000000001,42.79481320616375,2.4138612455986728,-35.147035130997835,-0.23301895893696825,3.3003729967950144,-0.7967719599480698,0.8351526482802959,1.8640706632886173,-0.3685704666593504,0,70,255.0,255.0,255.0
1488,74.4,42.78423005718961,2.581203021171973,-35.18733454049559,-0.18982983678153956,3.3931587742263485,-0.8152063883033646,0.8924122379369499,1.8473604339649514,-0.3688066675524828,0,70,255.0,255.0,255.0
1489,74.45,42.77587793881032,2.753163197830185,-35.22855596666224,-0.14377773514327832,3.485109040191499,-0.8336526267033161,0.9496718275936038,1.8306502046412856,-0.3690428684456153,0,70,255.0,255.0,255.0
1490,74.5,42.7699,2.9297,-35.2707,-0.0948626540221846,3.576223794690466,-0.852110675147924,1.0069314172502573,1.813939975317588,-0.3692790693387513,0,70,255.0,255.0,255.0
1491,74.55,42.76643672402418,3.1107686821204497,-35.313768191476434,-0.04324453593576786,3.6663248384637206,-0.8706381615570277,1.0577933062065301,1.7901017756127997,-0.37182038702543746,0,70,255.0,255.0,255.0
1492,74.60000000000001,42.765617931313884,3.2963126186799836,-35.35776593392045,0.010916676598478139,3.755233972251761,-0.8892927138504709,1.1086551951628172,1.7662635759080048,-0.3743617047121243,0,70,255.0,255.0,255.0
1493,74.65,42.7675707765915,3.4862722141792357,-35.402699580626226,0.0676209835805226,3.8429511960545364,-0.9080743320282433,1.15951708411909,1.7424253762032167,-0.37690302239881046,0,70,255.0,255.0,255.0
1494,74.7,42.7724224145794,3.680587873118995,-35.44857548488801,0.12686838501038056,3.9294765098720728,-0.9269830160903499,1.2103789730753627,1.7185871764984286,-0.3794443400854966,0,70,255.0,255.0,255.0
1495,74.75,42.7803,3.8792,-35.4954,0.188658880888052,4.01480991370437,-0.9460187660367909,1.2612408620316349,1.6947489767936688,-0.3819856577721854,0,70,255.0,255.0,255.0
1496,74.8,42.79134006714465,4.082056024834592,-35.54317888642753,0.2535552453525904,4.099372938247619,-0.9651460121344013,1.3346137165500478,1.6877720049364986,-0.3831041861322766,0,70,255.0,255.0,255.0
1497,74.85000000000001,42.805716668580686,4.2891314796815845,-35.59191553332042,0.3221202525430692,4.183587114198034,-0.9843291846500218,1.4079865710684816,1.6807950330793264,-0.38422271449236817,0,70,255.0,255.0,255.0
1498,74.9,42.823613236444395,4.500408922111216,-35.641612736999505,0.39435390245944946,4.267452441555566,-1.0035682835836415,1.4813594255868945,1.673818061222156,-0.38534124285245935,0,70,255.0,255.0,255.0
1499,74.95,42.84521320287207,4.715870909693901,-35.69227329378573,0.47025619510175026,4.3509689203202395,-1.0228633089352654,1.5547322801053074,1.6668410893649859,-0.3864597712125506,0,70,255.0,255.0,255.0
1500,75.0,42.8707,4.9355,-35.7439,0.5498271304699713,4.434136550492055,-1.0422142607048943,1.628105134623718,1.6598641175078015,-0.38757829957263645,0,70,255.0,255.0,255.0
1501,75.05,42.900260607397186,5.159259218541115,-35.7964946628134,0.6332795545253994,4.515783408545777,-1.0615617899053502,1.7099918275935966,1.6060102046412499,-0.38632286844564206,0,70,255.0,255.0,255.0
1502,75.10000000000001,42.934096194363356,5.387033462593895,-35.85005513279793,0.7208263132293468,4.594737570956193,-1.0808465475494617,1.7918785205634984,1.5521562917746827,-0.3850674373186473,0,70,255.0,255.0,255.0
1503,75.15,42.97241147763093,5.618688097376049,-35.90457827137575,0.8124674065817634,4.670999037723259,-1.1000685336372182,1.8737652135333769,1.4983023789081311,-0.3838120061916529,0,70,255.0,255.0,255.0
1504,75.2,43.01541117393233,5.854088488105472,-35.96006093996905,0.9082028345826738,4.744567808846997,-1.1192277481686248,1.9556519065032554,1.4444484660415793,-0.3825565750646585,0,70,255.0,255.0,255.0
1505,75.25,43.0633,6.0931,-36.0165,1.0080325972320778,4.815443884327409,-1.1383241911436819,2.0375385994731356,1.3905945531749992,-0.3813011439376712,0,70,255.0,255.0,255.0
1506,75.3,43.11625750326661,6.335571101000876,-36.07389046231883,1.1104465365457827,4.8826134275692405,-1.157246828244257,2.0590189730752915,1.296187176498442,-0.3756043400853748,0,70,255.0,255.0,255.0
1507,75.35000000000001,43.17436255396592,6.58128266994307,-36.132219935487896,1.2139344945396249,4.945062601977263,-1.1758846251522226,2.080499346677454,1.2017797998218578,-0.36990753623307676,0,70,255.0,255.0,255.0
1508,75.4,43.23766885303191,6.829998688384747,-36.19147417749752,1.3184964712135456,5.002791407551439,-1.194237581867568,2.1019797202796098,1.1073724231453006,-0.3642107323807804,0,70,255.0,255.0,255.0
1509,75.45,43.30623010139861,7.0814831378842875,-36.2516389463381,1.4241324665675739,5.055799844291786,-1.2123056983902984,2.123460093881766,1.0129650464687434,-0.35851392852848396,0,70,255.0,255.0,255.0
1510,75.5,43.3801,7.3355,-36.3127,1.53084248060171,5.104087912198307,-1.2300889747204145,2.1449404674839148,0.918557669792186,-0.3528171246761893,0,70,255.0,255.0,255.0
1511,75.55,43.45933897953636,7.591817977455297,-36.37464348791126,1.6390302992914367,5.147938881177234,-1.2476108971176307,2.1825722801054024,0.8354810893650015,-0.3480597712124999,0,70,255.0,255.0,255.0
1512,75.60000000000001,43.544034389773,7.850224657634079,-36.43745712525055,1.7490997086122695,5.187636021134813,-1.2648949518416672,2.2202040927269007,0.7524045089377935,-0.3433024177488092,0,70,255.0,255.0,255.0
1513,75.65,43.63428031024145,8.110512349085132,-36.50112901863421,1.8610507085641452,5.223179332071021,-1.2819411388925146,2.2578359053483883,0.6693279285106092,-0.3385450642851198,0,70,255.0,255.0,255.0
1514,75.7,43.73017082047327,8.37247336035746,-36.56564727467858,1.9748832991470955,5.254568813985871,-1.2987494582701775,2.295467717969876,0.5862513480834248,-0.3337877108214305,0,70,255.0,255.0,255.0
1515,75.75,43.8318,8.6359,-36.631,2.0905974803611196,5.281804466879359,-1.3153199099746555,2.3330995305913618,0.5031747676562048,-0.32903035735773223,0,70,255.0,255.0,255.0
1516,75.8,43.93925937858792,8.90058338917785,-36.69717558603614,2.208040266288476,5.304815047721802,-1.3316695832852177,2.364611906503185,0.4172484660415555,-0.3249565750647931,0,70,255.0,255.0,255.0
1517,75.85000000000001,44.052630286942126,9.16630989952088,-36.76416356350995,2.327058671011459,5.323529313483517,-1.3478155674811376,2.396124282415017,0.3313221644268817,-0.3208827927718527,0,70,255.0,255.0,255.0
1518,75.9,44.17199150600235,9.432864715274901,-36.831953747965684,2.447652694529998,5.3379472641644945,-1.3637578625624058,2.4276366583268407,0.2453958628122324,-0.3168090104789136,0,70,255.0,255.0,255.0
1519,75.95,44.29742181670838,9.700033020685954,-36.900535954947614,2.569822336844129,5.34806889976474,-1.3794964685290272,2.459149034238664,0.15946956119758304,-0.3127352281859744,0,70,255.0,255.0,255.0
1520,76.0,44.429,9.9676,-36.9699,2.6935675979538503,5.353894220284251,-1.3950313853810015,2.4906614101504765,0.07354325958291241,-0.3086614458930317,0,70,255.0,255.0,255.0
1521,76.05,44.56680670611193,10.235350065833211,-37.04003496794418,2.8190006355546458,5.355376927935543,-1.4103187697415367,2.526660093881637,-0.014234953531202854,-0.30283392852841184,0,70,255.0,255.0,255.0
1522,76.10000000000001,44.7109300624586,10.50306454428267,-37.1109270207097,2.946233607342036,5.352470724931129,-1.4253147782338451,2.5626587776128074,-0.10201316664534307,-0.2970064111637904,0,70,255.0,255.0,255.0
1523,76.15,44.86146006574927,10.770523989815441,-37.1825615895031,3.075266513315948,5.345175611271009,-1.4400194108579183,2.5986574613439677,-0.18979137975945837,-0.29117889379917056,0,70,255.0,255.0,255.0
1524,76.2,45.018486712693296,11.037508956898813,-37.25492410553101,3.206099353476418,5.333491586955184,-1.4544326676137604,2.634656145075128,-0.27756959287357363,-0.2853513764345508,0,70,255.0,255.0,255.0
1525,76.25,45.1821,11.3038,-37.328,3.3387321278234454,5.317418651983655,-1.4685545485013718,2.670654828806292,-0.3653478059876818,-0.27952385906993094,0,70,255.0,255.0,255.0
1526,76.3,45.35238739696432,11.569181147489214,-37.401775742187134,3.473013191492844,5.297165240536048,-1.4824473377486516,2.700587717969955,-0.44478865191663436,-0.2761877108212884,0,70,255.0,255.0,255.0
1527,76.35000000000001,45.52942626322361,11.833450323348709,-37.47624195365133,3.6087908996204643,5.272939786791986,-1.496173319583503,2.7305206071336268,-0.5242294978456095,-0.272851562572645,0,70,255.0,255.0,255.0
1528,76.4,45.71329143100069,12.096408925463516,-37.55139029402196,3.74606525220623,5.244742290751483,-1.5097324940059185,2.7604534962972895,-0.603670343774562,-0.26951541432400244,0,70,255.0,255.0,255.0
1529,76.45,45.904057732518524,12.357858351718887,-37.62721242292839,3.8848362492501773,5.212572752414533,-1.5231248610159016,2.7903863854609527,-0.6831111897035145,-0.26617926607535997,0,70,255.0,255.0,255.0
1530,76.5,46.1018,12.6176,-37.7037,4.025103890752309,5.176431171781137,-1.5363504206134528,2.820319274624609,-0.76255203563246,-0.2628431178267139,0,70,255.0,255.0,255.0
1531,76.55,46.30659970603072,12.875423744209847,-37.780843663307266,4.167266598473885,5.135626109920267,-1.5493478792637743,2.866189034238792,-0.8696504388024106,-0.2570552281861701,0,70,255.0,255.0,255.0
1532,76.60000000000001,46.518564884647105,13.131073362322763,-37.85862996468502,4.311722794176213,5.089466127900887,-1.562055943432072,2.9120587938529887,-0.9767488419723915,-0.25126733854562466,0,70,255.0,255.0,255.0
1533,76.65,46.73781021024806,13.384281108330672,-37.937044434409124,4.4584724778592095,5.037951225723021,-1.574474613118339,2.957928553467172,-1.0838472451423422,-0.2454794489050809,0,70,255.0,255.0,255.0
1534,76.7,46.96445035723267,13.634779236225725,-38.01607260275547,4.607515649522914,4.981081403386659,-1.5866038883225786,3.0037983130813557,-1.1909456483122929,-0.2396915592645371,0,70,255.0,255.0,255.0
1535,76.75,47.1986,13.8823,-38.0957,4.758852309167328,4.918856660891799,-1.598443769044791,3.049668072695532,-1.2980440514822433,-0.23390366962398446,0,70,255.0,255.0,255.0
1536,76.80000000000001,47.44032977891278,14.12656867567138,-38.175910404583796,4.909840414611627,4.850858319782888,-1.609889145196257,2.9898561450750285,-1.4218895928735844,-0.2239113764345538,0,70,255.0,255.0,255.0
1537,76.85000000000001,47.689534198188184,14.367282627360506,-38.25668058760865,5.057837923674858,4.77666770160443,-1.6208349066882486,2.930044217454542,-1.5457351342648904,-0.21391908324512598,0,70,255.0,255.0,255.0
1538,76.9,47.94606372800722,14.60413224121397,-38.337985568341615,5.202844836357064,4.696284806356408,-1.6312810535207685,2.870232289834056,-1.6695806756561962,-0.2039267900556982,0,70,255.0,255.0,255.0
1539,76.95,48.209768838550836,14.836807903378295,-38.41980036604972,5.344861152658247,4.60970963403882,-1.6412275856938172,2.8104203622135695,-1.7934262170475022,-0.19393449686627037,0,70,255.0,255.0,255.0
1540,77.0,48.4805,15.065,-38.5021,5.483886872578406,4.5169421846516675,-1.6506745032073944,2.75060843459309,-1.9172717584388224,-0.183942203676839,0,70,255.0,255.0,255.0
1541,77.05000000000001,48.75809557831842,15.288428753104892,-38.584859518357646,5.6191957430797865,4.419772610948086,-1.6596235399511998,2.6617463854608867,-1.969511189703558,-0.17401926607529875,0,70,255.0,255.0,255.0
1542,77.10000000000001,49.042345522600414,15.50693372823546,-38.66805408488047,5.750061511124518,4.319991065681296,-1.668076429814926,2.572884336328709,-2.0217506209682785,-0.16409632847376132,0,70,255.0,255.0,255.0
1543,77.15,49.33302767772322,15.720384326813608,-38.75165889222446,5.876484176712642,4.21759754885127,-1.676033172798575,2.484022287196531,-2.073990052232999,-0.15417339087222387,0,70,255.0,255.0,255.0
1544,77.2,49.62991988856403,15.928649950261175,-38.83564913304564,5.998463739844158,4.112592060458008,-1.6834937689021474,2.395160238064353,-2.12622948349772,-0.14425045327068645,0,70,255.0,255.0,255.0
1545,77.25,49.9328,16.1316,-38.92,6.116000200519063,4.004974600501509,-1.690458218125643,2.3062981889321534,-2.1784689147624476,-0.13432751566915613,0,70,255.0,255.0,255.0
1546,77.30000000000001,50.24144870781392,16.329097111909352,-39.00468672198572,6.229264613069428,3.8943392364246168,-1.6969286949989866,2.2242783130813732,-2.246945648312224,-0.12449155926452977,0,70,255.0,255.0,255.0
1547,77.35000000000001,50.55565811141045,16.52097685969787,-39.08968467286957,6.338428031827221,3.7802800356702684,-1.702907374052097,2.142258437230616,-2.3154223818619815,-0.11465560285990622,0,70,255.0,255.0,255.0
1548,77.4,50.87522316110006,16.70706805153173,-39.17496926276058,6.4434904567924765,3.6627969982384316,-1.7083942552849765,2.0602385613798595,-2.383899115411739,-0.10481964645528266,0,70,255.0,255.0,255.0
1549,77.45,51.19993880719312,16.887199495577068,-39.26051590176773,6.544451887965195,3.541890124129108,-1.7133893386976247,1.9782186855291026,-2.4523758489614957,-0.09498369005065913,0,70,255.0,255.0,255.0
1550,77.5,51.5296,17.0612,-39.3463,6.641312325345375,3.4175594133422966,-1.7178926242900419,1.8961988096783244,-2.5208525825112567,-0.08514773364603911,0,70,255.0,255.0,255.0
1551,77.55000000000001,51.86400079042634,17.228899599257954,-39.43229679369959,6.734017804642689,3.2898784433532984,-1.7218936800528506,1.8120203622134319,-2.5863862170475116,-0.07489449686627177,0,70,255.0,255.0,255.0
1552,77.60000000000001,52.202931631758105,17.39013323297325,-39.51848082364131,6.822514361566735,3.158920791637524,-1.7253820739766699,1.7278419147485633,-2.651919851583748,-0.06464126008650734,0,70,255.0,255.0,255.0
1553,77.65,52.54618207787675,17.544737067059575,-39.604826456733264,6.906801996117536,3.0246864581949384,-1.728357806061501,1.643663467283695,-2.717453486119984,-0.054388023306742896,0,70,255.0,255.0,255.0
1554,77.7,52.8935416826636,17.692547267430612,-39.69130805988347,6.986880708295095,2.887175443025541,-1.7308208763073438,1.5594850198188264,-2.7829871206562204,-0.044134786526978456,0,70,255.0,255.0,255.0
1555,77.75,53.2448,17.8334,-39.7779,7.06275049809941,2.7463877461293325,-1.7327712847141987,1.475306572353972,-2.848520755192464,-0.03388154974722646,0,70,255.0,255.0,255.0
1556,77.80000000000001,53.599746530481205,17.967131691059045,-39.86457650321605,7.134408168359886,2.6023389901620435,-1.7342005847896456,1.391000238064425,-2.913429483497782,-0.023290453270631496,0,70,255.0,255.0,255.0
1557,77.85000000000001,53.95817056155747,18.093579808409306,-39.95131123256525,7.2018505219058655,2.4550447977795304,-1.7351003300412622,1.3066939037749021,-2.9783382118030817,-0.012699356794039544,0,70,255.0,255.0,255.0
1558,77.9,54.31986132739318,18.212582080230064,-40.03807771030643,7.265077558737369,2.3045051689817524,-1.7354705204690493,1.2223875694853792,-3.0432469401083817,-0.0021082603174475897,0,70,255.0,255.0,255.0
1559,77.95,54.68460806215259,18.32397623470055,-40.124849458698414,7.324089278854396,2.1507201037687094,-1.735311156073007,1.1380812351958562,-3.1081556684136817,0.008482836159144358,0,70,255.0,255.0,255.0
1560,78.0,55.0522,18.4276,-40.2116,7.378885682256949,1.9936896021404023,-1.734622236853135,1.0537749009063546,-3.1730643967189707,0.019073932635725654,0,70,255.0,255.0,255.0
1561,78.05000000000001,55.42242828764932,18.523290436506045,-40.29830359343633,7.429581521917848,1.833373595998352,-1.7334479807885086,0.9740586855291671,-3.2395758489615782,0.0278963099493256,0,70,255.0,255.0,255.0
1562,78.10000000000001,55.79509172201236,18.610881933389653,-40.384937446097766,7.476291550809875,1.6697320172442178,-1.7318326058582023,0.8943424701520022,-3.3060873012041667,0.03671868726292304,0,70,255.0,255.0,255.0
1563,78.15,56.16999101255079,18.690208212020256,-40.47147950204105,7.519015768933044,1.5027648658779542,-1.7297761120622164,0.8146262547748373,-3.372598753446755,0.045541064576520476,0,70,255.0,255.0,255.0
1564,78.2,56.546926868726146,18.76110299376724,-40.55790770532289,7.557754176287354,1.3324721418995613,-1.7272784994005506,0.7349100393976724,-3.439110205689344,0.054363441890117915,0,70,255.0,255.0,255.0
1565,78.25,56.9257,18.8234,-40.6442,7.592506772872806,1.1588538453090391,-1.724339767873205,0.6551938240205004,-3.505621657931938,0.06318581920372068,0,70,255.0,255.0,255.0
1566,78.30000000000001,57.306105118922,18.876933762916913,-40.730333123038726,7.622913743968793,0.9819586258442962,-1.7208874920562893,0.5610850198186838,-3.5701871206561764,0.0749052134728819,0,70,255.0,255.0,255.0
1567,78.35000000000001,57.68791295039345,18.921542058032166,-40.816278983043745,7.648615274854681,0.8018351332433921,-1.7168492465259164,0.4669762156168939,-3.634752583380396,0.0866246077420398,0,70,255.0,255.0,255.0
1568,78.4,58.07088822240392,18.957063471688976,-40.90200828152942,7.669611365530479,0.6184833675062771,-1.7122250312820857,0.372867411415104,-3.6993180461046165,0.09834400201119768,0,70,255.0,255.0,255.0
1569,78.45,58.45479566294294,18.983336590230522,-40.98749172001006,7.685902015996189,0.4319033286329514,-1.7070148463247972,0.27875860721331414,-3.7638835088288367,0.11006339628035558,0,70,255.0,255.0,255.0
1570,78.5,58.8394,19.0002,-41.0727,7.697487226251809,0.24209501662341484,-1.7012186916540508,0.18464980301152423,-3.8284489715530556,0.12178279054952057,0,70,255.0,255.0,255.0
1571,78.55000000000001,59.22445123666318,19.007546511826373,-41.15760631440886,7.703483502206997,0.052311900624206265,-1.6949860509863295,0.05520123519591391,-3.7628756684135616,0.12752283615927443,0,70,255.0,255.0,255.0
1572,78.60000000000001,59.60964047641425,19.005485834481707,-41.242193821727305,7.7030073497714024,-0.13419255021797433,-1.6884664080381222,-0.0742473326196596,-3.697302365274086,0.13326288176902662,0,70,255.0,255.0,255.0
1573,78.65,59.99464409783376,18.994181901223858,-41.32644817184133,7.696058768945031,-0.31741833590318136,-1.6816597628094276,-0.2036959004352331,-3.631729062134611,0.13900292737877884,0,70,255.0,255.0,255.0
1574,78.7,60.379138479502195,18.973798645310676,-41.41035501463689,7.68263775972788,-0.49736545643141483,-1.6745661153002451,-0.33314446825080657,-3.566155758995136,0.14474297298853106,0,70,255.0,255.0,255.0
1575,78.75,60.7628,18.9445,-41.4939,7.662744322119953,-0.6740339118026747,-1.6671854655105751,-0.46259303606637303,-3.5005824558556613,0.1504830185982886,0,70,255.0,255.0,255.0
1576,78.80000000000001,61.14532193442578,18.906444189777606,-41.577067219325926,7.637392247203229,-0.847766228341342,-1.6594243039983676,-0.5514899606023551,-3.448710205689446,0.15996344188994238,0,70,255.0,255.0,255.0
1577,78.85000000000001,61.52646514394994,18.859766604041003,-41.65983453004711,7.607595326059714,-1.0189049323716495,-1.6511891213215797,-0.6403868851383119,-3.396837955523246,0.16944386518159346,0,70,255.0,255.0,255.0
1578,78.9,61.90600738626126,18.804596923415584,-41.74217823110533,7.573353558689401,-1.1874500238936472,-1.6424799174802092,-0.7292838096742686,-3.3449657053570454,0.17892428847324454,0,70,255.0,255.0,255.0
1579,78.95,62.28372641904839,18.741064828526778,-41.82407462144237,7.534666945092291,-1.3534015029073347,-1.6332966924742562,-0.8181807342102254,-3.2930934551908453,0.18840471176489562,0,70,255.0,255.0,255.0
1580,79.0,62.6594,18.6693,-41.9055,7.4915354852683835,-1.516759369412713,-1.6236394463037207,-0.9070776587461822,-3.2412212050246456,0.19788513505655025,0,70,255.0,255.0,255.0
1581,79.05000000000001,63.032801025634214,18.589433529063147,-41.98643120828755,7.443667508980051,-1.6774389872590858,-1.613540733020291,-1.007641392786708,-3.1859635088288023,0.2060633962805455,0,70,255.0,255.0,255.0
1582,79.10000000000001,63.40368294778637,18.50160214935424,-42.06684725808436,7.390771345989705,-1.8353557202956212,-1.6030331066756645,-1.1082051268272055,-3.1307058126329745,0.21424165750453844,0,70,255.0,255.0,255.0
1583,79.15,63.77179435712144,18.405944005113756,-42.146727703737405,7.332846996297336,-1.9905095685223655,-1.5921165672698383,-1.2087688608677027,-3.0754481164371468,0.22241991872853134,0,70,255.0,255.0,255.0
1584,79.2,64.13688384430436,18.30259724058218,-42.22605209959365,7.269894459902942,-2.1429005319393184,-1.5807911148028126,-1.3093325949082,-3.020190420241319,0.23059817995252427,0,70,255.0,255.0,255.0
1585,79.25,64.4987,18.1917,-42.3048,7.201913736806523,-2.29252861054648,-1.569056749274587,-1.4098963289486761,-2.9649327240454824,0.23877644117652608,0,70,255.0,255.0,255.0
1586,79.30000000000001,64.85699396303785,18.0733896939697,-42.382951147524025,7.129057716876522,-2.4394378226225277,-1.556924763920455,-1.5043444682506633,-2.911435758995082,0.24650297298864138,0,70,255.0,255.0,255.0
1587,79.35000000000001,65.21152706490497,17.947800798541937,-42.46048603761555,7.051479289981445,-2.5836721864460137,-1.5444064519757208,-1.5987926075526238,-2.857938793944697,0.25422950480075446,0,70,255.0,255.0,255.0
1588,79.4,65.5620631852532,17.81506705612932,-42.53738535394507,6.969178456121269,-2.725231702016981,-1.5315018134403813,-1.693240746854584,-2.8044418288943116,0.26195603661286754,0,70,255.0,255.0,255.0
1589,79.45,65.9083662037343,17.675322209144465,-42.61362978018307,6.882155215295996,-2.864116369335429,-1.5182108483144356,-1.7876888861565443,-2.7509448638439267,0.2696825684249807,0,70,255.0,255.0,255.0
1590,79.5,66.2502,17.5287,-42.6892,6.790409567505625,-3.0003261884013575,-1.5045335565978846,-1.8821370254585048,-2.6974478987935306,0.27740910023709375,0,70,255.0,255.0,255.0
1591,79.55000000000001,66.5873231222149,17.375334095057905,-42.764076201616476,6.693621623513875,-3.133865722250999,-1.4904402112978357,-1.989380734210657,-2.6441334551909166,0.2863247117647368,0,70,255.0,255.0,255.0
1592,79.60000000000001,66.91947279259416,17.215357856477876,-42.83823659145352,6.591471494084544,-3.2647395339204723,-1.4759010854214085,-2.096624442962779,-2.5908190115883176,0.2952403232923772,0,70,255.0,255.0,255.0
1593,79.65,67.24638090186602,17.04890457036888,-42.911658880482335,6.4839591792176074,-3.392947623409816,-1.4609161789685996,-2.203868151714901,-2.537504567985718,0.3041559348200177,0,70,255.0,255.0,255.0
1594,79.7,67.56777934075859,16.876107522839916,-42.9843207796741,6.371084678913066,-3.51848999071903,-1.4454854919394085,-2.311111860467023,-2.4841901243831193,0.31307154634765816,0,70,255.0,255.0,255.0
1595,79.75,67.8834,16.6971,-43.0562,6.252847993170918,-3.641366635848114,-1.4296090243338355,-2.4183555692191945,-2.4308756807805274,0.32198715787529864,0,70,255.0,255.0,255.0
1596,79.80000000000001,68.19301114810305,16.51203472579847,-43.12727684601016,6.131431789067713,-3.760411288373685,-1.4134423908881366,-2.438292594907898,-2.330910420241235,0.3246781799525144,0,70,255.0,255.0,255.0
1597,79.85000000000001,68.49652656471875,16.32114217554638,-43.19754199657042,6.009018733680108,-3.874457677872259,-1.3971412063385815,-2.4582296205965966,-2.230945159701971,0.3273692020297294,0,70,255.0,255.0,255.0
1598,79.9,68.79389640728294,16.124672262395045,-43.26698872412561,5.885608827008068,-3.983505804343869,-1.3807054706851656,-2.478166646285295,-2.130979899162707,0.33006022410694447,0,70,255.0,255.0,255.0
1599,79.95,69.08507083323146,15.9228748994958,-43.33561030112054,5.761202069051593,-4.087555667788518,-1.3641351839278888,-2.498103671973993,-2.031014638623443,0.33275124618415947,0,70,255.0,255.0,255.0
1600,80.0,69.37,15.716,-43.4034,5.635798459810681,-4.186607268206202,-1.3474303460667516,-2.5180406976627268,-1.931049378084147,0.3354422682613798,0,70,255.0,255.0,255.0
1601,80.05000000000001,69.6486426853733,15.50429500174797,-43.47035161434295,5.509915220215173,-4.280809124254423,-1.330622225149591,-2.5172888861564755,-1.8370248638438709,0.33688256842489533,0,70,255.0,255.0,255.0
1602,80.10000000000001,69.92099214853116,15.287997441336387,-43.53646102226483,5.384069571195012,-4.370309754590606,-1.3137420892242593,-2.5165370746502247,-1.7430003496036217,0.3383228685884105,0,70,255.0,255.0,255.0
1603,80.15,70.18705026900238,15.067342380050798,-43.601724623015244,5.258261512750165,-4.455109159214776,-1.2967899382907517,-2.515785263143974,-1.6489758353633726,0.33976316875192564,0,70,255.0,255.0,255.0
1604,80.2,70.44681892631573,14.842564879176804,-43.66613881584377,5.132491044880629,-4.535207338126934,-1.2797657723490685,-2.5150334516377226,-1.5549513211231232,0.34120346891544073,0,70,255.0,255.0,255.0
1605,80.25,70.7003,14.6139,-43.7297,5.006758167586406,-4.610604291327078,-1.2626695913992096,-2.5142816401315073,-1.4609268068828385,0.342643769078963,0,70,255.0,255.0,255.0
1606,80.30000000000001,70.94749411040408,14.381582867209362,-43.7924038966181,4.880987330071407,-4.681296214608744,-1.2454607085135367,-2.516551860467316,-1.3667501243831124,0.3457115463477887,0,70,255.0,255.0,255.0
1607,80.35000000000001,71.18839684115692,14.145848859107836,-43.85424351437031,4.755102981539652,-4.747279303765403,-1.2280984367644279,-2.5188220808031234,-1.2725734418834131,0.3487793236166135,0,70,255.0,255.0,255.0
1608,80.4,71.42300251670773,13.9069334174016,-43.915211183813476,4.629105121991108,-4.808553558797077,-1.2105827761518775,-2.5210923011389315,-1.178396759383714,0.35184710088543836,0,70,255.0,255.0,255.0
1609,80.45,71.65130546150571,13.665071983796906,-43.97529923550443,4.502993751425774,-4.865118979703768,-1.192913726675886,-2.523362521474739,-1.0842200768840147,0.3549148781542632,0,70,255.0,255.0,255.0
1610,80.5,71.8733,13.4205,-44.0345,4.376768869843649,-4.916975566485473,-1.175091288336453,-2.525632741810547,-0.9900433943843154,0.3579826554231005,0,70,255.0,255.0,255.0
1611,80.55000000000001,72.08898007301073,13.173454329414257,-44.09280639918474,4.250407459499015,-4.964038017310677,-1.1571509407962655,-2.5288236719736594,-0.8924546386234459,0.35963124618423703,0,70,255.0,255.0,255.0
1612,80.60000000000001,72.29833808684148,12.924177522232025,-44.150213720254,4.123886502646261,-5.0062210303478265,-1.1391281637180264,-2.532014602136771,-0.7948658828626041,0.3612798369453731,0,70,255.0,255.0,255.0
1613,80.65,72.50136606416686,12.672913550342637,-44.20671784173091,3.9972059992853524,-5.043524605596933,-1.1210229571017303,-2.5352055322998828,-0.6972771271017624,0.3629284277065091,0,70,255.0,255.0,255.0
1614,80.7,72.69805602766151,12.419906385635494,-44.262314642138534,3.870365949416288,-5.075948743057999,-1.1028353209473774,-2.538396462462994,-0.5996883713409206,0.3645770184676452,0,70,255.0,255.0,255.0
1615,80.75,72.8884,12.1654,-44.317,3.7433663530390664,-5.103493442731023,-1.0845652552549678,-2.5415873926261128,-0.5020996155801001,0.3662256092287848,0,70,255.0,255.0,255.0
1616,80.80000000000001,73.07239039755329,11.90963581513327,-44.370769706643024,3.616230831932431,-5.126311716148608,-1.0662075283013597,-2.5438334516381507,-0.41063132112310025,0.36808346891538024,0,70,255.0,255.0,255.0
1617,80.85000000000001,73.25002121147743,11.652845051963808,-44.42361920461374,3.48898300787523,-5.144556574843338,-1.0477569083634266,-2.546079510650188,-0.3191630266661264,0.36994132860197515,0,70,255.0,255.0,255.0
1618,80.9,73.42128682662496,11.395256381227682,-44.475543849262955,3.3616228808674267,-5.158228018815219,-1.029213395441164,-2.5483255696622256,-0.22769473220915254,0.37179918828857006,0,70,255.0,255.0,255.0
1619,80.95,73.58618162784832,11.137098473661032,-44.52653899594144,3.2341504509090213,-5.167326048064251,-1.010576989534572,-2.5505716286742626,-0.13622643775217874,0.37365704797516497,0,70,255.0,255.0,255.0
1620,81.0,73.7447,10.8786,-44.5766,3.1065657180000144,-5.171850662590435,-0.9918476906436497,-2.5528176876863036,-0.04475814329516936,0.3755149076617599,0,70,255.0,255.0,255.0
1621,81.05000000000001,73.89683753677635,10.619994410052307,-44.62572197424325,2.9789412127709625,-5.171515118094914,-0.9730109459982461,-2.5521625214746013,0.0581799231160495,0.37795487815421525,0,70,255.0,255.0,255.0
1622,81.10000000000001,74.04259466724896,10.361534269912475,-44.67389906129108,2.8513494658525325,-5.166032670278831,-0.9540522028282251,-2.5515073552628995,0.1611179895272391,0.3803948486466699,0,70,255.0,255.0,255.0
1623,81.15,74.18197302933342,10.103476924746461,-44.72112516121732,2.7237904772446875,-5.15540331914219,-0.9349714611335812,-2.5508521890511977,0.2640560559384287,0.38283481913912454,0,70,255.0,255.0,255.0
1624,81.2,74.31497426094526,9.846079719720294,-44.76739417409569,2.596264246947427,-5.13962706468499,-0.9157687209143147,-2.550197022839496,0.3669941223496183,0.3852747896315792,0,70,255.0,255.0,255.0
1625,81.25,74.4416,9.5896,-44.8127,2.468770774960752,-5.118703906907229,-0.8964439821704254,-2.549541856627801,0.4699321887608008,0.38771476012404005,0,70,255.0,255.0,255.0
1626,81.30000000000001,74.56188425534151,9.334273744657159,-44.857039196384065,2.3432523169834623,-5.093915811471728,-0.8771566877056299,-2.4711964624626646,0.5215916286590033,0.3837770184676028,0,70,255.0,255.0,255.0
1627,81.35000000000001,74.67599051952682,9.080251468386033,-44.90041895022195,2.2216511287144636,-5.066544744041325,-0.8580662803236618,-2.39285106829755,0.5732510685571912,0.3798392768111667,0,70,255.0,255.0,255.0
1628,81.4,74.78411465604141,8.8276623197863,-44.94284910586781,2.1039672101537206,-5.036590704616013,-0.8391727600245155,-2.3145056741324357,0.6249105084553792,0.37590153515473057,0,70,255.0,255.0,255.0
1629,81.45,74.88645252837067,8.57663544745771,-44.98433950767578,1.9902005613012332,-5.00405369319579,-0.8204761268081909,-2.2361602799673213,0.6765699483535671,0.37196379349829445,0,70,255.0,255.0,255.0
1630,81.5,74.9832,8.3273,-45.0249,1.8803511821570011,-4.96893370978066,-0.8019763806746882,-2.157814885802207,0.7282293882517692,0.3680260518418592,0,70,255.0,255.0,255.0
1631,81.55000000000001,75.07454304185775,8.079779411318725,-45.06453964022055,1.7738255192950616,-4.931573636018159,-0.7836263031792546,-2.103211628674408,0.7661735622478958,0.3659770479753184,0,70,255.0,255.0,255.0
1632,81.60000000000001,75.1606280546438,7.834174256543137,-45.10326433782115,1.6700300192895416,-4.892316353555864,-0.7653786758771532,-2.048608371546625,0.8041177362440117,0.3639280441087781,0,70,255.0,255.0,255.0
1633,81.65,75.24159154650097,7.590579396108161,-45.141079215311485,1.5689646821404108,-4.851161862393763,-0.747233498768379,-1.9940051144188418,0.8420619102401276,0.3618790402422378,0,70,255.0,255.0,255.0
1634,81.7,75.31757002557208,7.3490896904487855,-45.177989395201216,1.4706295078476688,-4.8081101625318565,-0.7291907718529316,-1.9394018572910587,0.8800060842362435,0.35983003637569755,0,70,255.0,255.0,255.0
1635,81.75,75.3887,7.1098,-45.214,1.375024496411316,-4.763161253970143,-0.7112504951308112,-1.8847986001632773,0.9179502582323806,0.35778103250915905,0,70,255.0,255.0,255.0
1636,81.80000000000001,75.4551203772276,6.872806210067612,-45.249116642733775,1.282293605836221,-4.716253644455581,-0.6934420995772902,-1.8244370228396776,0.9583541223496446,0.35455478963151704,0,70,255.0,255.0,255.0
1637,81.85000000000001,75.51697966189806,6.638208305441165,-45.28334689849346,1.1925807941273319,-4.66732584173517,-0.6757950161676564,-1.7640754455160952,0.9987579864668971,0.3513285467538759,0,70,255.0,255.0,255.0
1638,81.9,75.57442875795475,6.406107295780885,-45.316698832886274,1.1058860612846217,-4.6163778458088975,-0.6583092449019047,-1.7037138681925128,1.0391618505841496,0.3481023038762348,0,70,255.0,255.0,255.0
1639,81.95,75.62761856934097,6.176604190747066,-45.349180511519386,1.0222094073080903,-4.563409656676762,-0.6409847857800349,-1.6433522908689302,1.0795657147014022,0.34487606099859375,0,70,255.0,255.0,255.0
1640,82.0,75.6767,5.9498,-45.3808,0.9415508321977379,-4.5084212743387635,-0.6238216388020471,-1.5829907135453478,1.1199695788186688,0.3416498181209535,0,70,255.0,255.0,255.0
1641,82.05000000000001,75.72182344923196,5.725795748410507,-45.41156498884438,0.8638800573599084,-4.451411786159445,-0.6067972985115653,-1.5238402799671302,1.1604099483535442,0.3393237934981649,0,70,255.0,255.0,255.0
1642,82.10000000000001,75.76313729776396,5.504692521691963,-45.441481668205014,0.7891668042010112,-4.3923802795034,-0.5898892594522277,-1.4646898463889295,1.2008503178884082,0.33699776887537686,0,70,255.0,255.0,255.0
1643,82.15,75.80078942168004,5.286591420768138,-45.47055585314346,0.7174110727210238,-4.331326754370611,-0.5730975216240295,-1.4055394128107288,1.241290687423272,0.3346717442525889,0,70,255.0,255.0,255.0
1644,82.2,75.83492769706406,5.071593546562871,-45.498793358721265,0.6486128629199462,-4.26825121076108,-0.5564220850269708,-1.346388979232528,1.2817310569581362,0.33234571962980086,0,70,255.0,255.0,255.0
1645,82.25,75.8657,4.8598,-45.5262,0.5827721747977785,-4.203153648674805,-0.5398629496610513,-1.2872385456543292,1.3221714264929858,0.3300196950070129,0,70,255.0,255.0,255.0
1646,82.30000000000001,75.89325462584465,4.651311596290055,-45.552781801888734,0.5199141647241275,-4.136051210906558,-0.5234327063764762,-1.2270818572911397,1.3619260842362655,0.3271900363758418,0,70,255.0,255.0,255.0
1647,82.35000000000001,75.91774154704606,4.4462280077907606,-45.57854562868652,0.46006398906865326,-4.066961040251167,-0.5071439460234642,-1.1669251689279674,1.4016807419795339,0.3243603777446716,0,70,255.0,255.0,255.0
1648,82.4,75.93931115532516,4.244648621146414,-45.60349855453993,0.4032216478313374,-3.9958831367086134,-0.49099666860201086,-1.1067684805647948,1.4414353997228022,0.32153071911350134,0,70,255.0,255.0,255.0
1649,82.45,75.95811384240281,4.046672823001375,-45.62764765359557,0.34938714101218005,-3.9228175002788954,-0.474990874112116,-1.0466117922016225,1.4811900574660706,0.31870106048233104,0,70,255.0,255.0,255.0
1650,82.5,75.9743,3.8524,-45.651,0.2985604686111811,-3.8477641309620148,-0.45912656255377954,-0.9864551038384515,1.5209447152093496,0.31587140185116125,0,70,255.0,255.0,255.0
1651,82.55000000000001,75.98801804738949,3.6619306664289892,-45.673563003600734,0.2506232837434836,-3.770655370214228,-0.4434238759825319,-0.9310322908690123,1.5634057147014222,0.31223606099860174,0,70,255.0,255.0,255.0
1652,82.60000000000001,75.99940851405184,3.4753698471447874,-45.69534541704897,0.20545723952427114,-3.69142355949186,-0.4279029564539166,-0.8756094778995888,1.6058667141934828,0.3086007201460433,0,70,255.0,255.0,255.0
1653,82.65,76.0086099570194,3.292823694646068,-45.71635632869684,0.16306233595352967,-3.6100686987948887,-0.4125638039679293,-0.8201866649301653,1.6483277136855432,0.30496537929348483,0,70,255.0,255.0,255.0
1654,82.7,76.01576093332466,3.114398361431562,-45.736604826896475,0.12343857303125927,-3.5265907881233147,-0.3974064185245699,-0.7647638519607418,1.6907887131776038,0.3013300384409263,0,70,255.0,255.0,255.0
1655,82.75,76.021,2.9402,-45.7561,0.08658595075745983,-3.440989827477138,-0.3824308001238384,-0.7093410389913191,1.7332497126696786,0.29769469758836964,0,70,255.0,255.0,255.0
1656,82.80000000000001,76.02447398459738,2.770329737993729,-45.77484858370836,0.05300070030186088,-3.3535673082364226,-0.3674957896933805,-0.6340689792323333,1.763651056958141,0.29970571962980996,0,70,255.0,255.0,255.0
1657,82.85000000000001,76.02636279674664,2.6048686036299014,-45.79284790311765,0.02317905283422001,-3.264624721781309,-0.35246022816085487,-0.5587969194733691,1.7940524012465946,0.3017167416712497,0,70,255.0,255.0,255.0
1658,82.9,76.02685461659726,2.4438926002691903,-45.810092930672745,-0.002878991645472853,-3.1741620681117735,-0.33732411552625724,-0.48352485971440473,1.824453745535048,0.30372776371268945,0,70,255.0,255.0,255.0
1659,82.95,76.02613762429857,2.287477731272316,-45.82657863881857,-0.02517343313721772,-3.082179347227815,-0.32208745178958764,-0.40825279995544045,1.8548550898235017,0.30573878575412916,0,70,255.0,255.0,255.0
1660,83.0,76.0244,2.1357,-45.8423,-0.043704271641014585,-2.988676559129434,-0.30675023695084613,-0.3329807401964762,1.8852564341119589,0.3077498077955685,0,70,255.0,255.0,255.0
1661,83.05000000000001,76.02182281422103,1.988612781595866,-45.85725066156585,-0.05889808495097091,-2.8950113968399624,-0.2912329652438964,-0.2747717922016387,1.8613500574660622,0.31294106048227777,0,70,255.0,255.0,255.0
1662,83.10000000000001,76.01855869896156,1.8461789383354394,-45.87141897048049,-0.07118145086118163,-2.8025415533828117,-0.2754561309026157,-0.21656284420681773,1.8374436808201724,0.3181323131689856,0,70,255.0,255.0,255.0
1663,83.15,76.01475317659158,1.7083387042770626,-45.884791948612204,-0.08055436937165146,-2.7112670287579554,-0.2594197339269997,-0.15835389621199678,1.8135373041742826,0.32332356585569344,0,70,255.0,255.0,255.0
1664,83.2,76.01055176948105,1.5750323134791209,-45.89735661782928,-0.08701684048238038,-2.6211878229653935,-0.24312377431704826,-0.10014494821717579,1.7896309275283926,0.3285148185424013,0,70,255.0,255.0,255.0
1665,83.25,76.0061,1.4462,-45.9091,-0.09056886419336846,-2.5323039360051265,-0.22656825207276138,-0.04193600022235433,1.7657245508824957,0.3337060712291109,0,70,255.0,255.0,255.0
1666,83.30000000000001,76.00151955851851,1.3218007356226085,-45.920017570028264,-0.09264036049794595,-2.4434911044036034,-0.2102603493310061,-0.04092385196072662,1.7867887131776106,0.3186100384409523,0,70,255.0,255.0,255.0
1667,83.35000000000001,75.99683680740709,1.2018684430281967,-45.93013861496043,-0.09466124938944148,-2.3536250646873507,-0.19470724822866323,-0.0399117036990992,1.8078528754727194,0.30351400565279796,0,70,255.0,255.0,255.0
1668,83.4,75.99205427703644,1.0864557826224661,-45.93950087487846,-0.09663153086785566,-2.262705816856342,-0.179908948765728,-0.03889955543747178,1.8289170377678285,0.28841797286464366,0,70,255.0,255.0,255.0
1669,83.45,75.98717449777719,0.9756154148111547,-45.94814208986433,-0.09855120493318843,-2.170733360910578,-0.16586545094220048,-0.037887407175844365,1.8499812000629374,0.27332194007648936,0,70,255.0,255.0,255.0
1670,83.5,75.9822,0.8694,-45.9561,-0.10042027158543985,-2.0777076968500583,-0.15257675475808063,-0.03687525891421617,1.8710453623580712,0.2582259072883357,0,70,255.0,255.0,255.0
1671,83.55000000000001,75.977138951705,0.7678586759135326,-45.9634102583211,-0.10190047305718877,-1.9838401855454975,-0.13991763743201624,-0.02233279995572684,1.8836550898235125,0.24813878575412407,0,70,255.0,255.0,255.0
1672,83.60000000000001,75.97202207141008,0.6710264895516531,-45.97010016967781,-0.10265355158101294,-1.8893421878676913,-0.12776287618266596,-0.007790340997241636,1.8962648172889502,0.23805166421991528,0,70,255.0,255.0,255.0
1673,83.65,75.96688571526269,0.5789349652329955,-45.97619495187398,-0.10267950715691289,-1.794213703816613,-0.1161124710100261,0.006752117961243566,1.9088745447543878,0.22796454268570648,0,70,255.0,255.0,255.0
1674,83.7,75.96176623941021,0.49161562727622327,-45.98171982271343,-0.10197833978488861,-1.6984547333922633,-0.10496642191409661,0.02129457691972876,1.9214842722198255,0.2178774211514977,0,70,255.0,255.0,255.0
1675,83.75,75.9567,0.4091,-45.9867,-0.10055004946494014,-1.6020652765946413,-0.09432472889487756,0.03583703587821385,1.934093999685274,0.20779029961728934,0,70,255.0,255.0,255.0
1676,83.80000000000001,75.95172143466155,0.33141576072312534,-45.99116139668733,-0.09850974727340861,-1.5052761534142776,-0.08422910094088384,0.04577505178302887,1.9374709275283877,0.19603481854236704,0,70,255.0,255.0,255.0
1677,83.85000000000001,75.94685730695258,0.25857519876509394,-45.99513270632831,-0.09597254428663701,-1.4083181838417862,-0.07472124704063902,0.05571306768784107,1.9408478553715005,0.18427933746744807,0,70,255.0,255.0,255.0
1678,83.9,75.9421324619128,0.1905867564454907,-45.99864331762563,-0.09293844050462481,-1.3111913678771387,-0.0658011671941401,0.06565108359265326,1.9442247832146133,0.1725238563925291,0,70,255.0,255.0,255.0
1679,83.95,75.93757174458203,0.12745887608392348,-46.001722619281956,-0.08940743592737205,-1.2138957055203359,-0.057468861401387086,0.07558909949746545,1.9476017110577262,0.16076837531761012,0,70,255.0,255.0,255.0
1680,84.0,75.9332,0.0692,-46.0044,-0.08537953055487871,-1.116431196771377,-0.04972432966237999,0.08552711540227742,1.9509786389008532,0.14901289424269132,0,70,255.0,255.0,255.0
1681,84.05000000000001,75.92904490964877,0.01583668119386319,-46.00670415492955,-0.08068453784920954,-1.017711200797259,-0.04252595880440127,0.10227259282444695,1.9978212000629612,0.1389219400763921,0,70,255.0,255.0,255.0
1682,84.10000000000001,75.92514550077959,-0.03253208461210092,-46.00866100500892,-0.07515227127243339,-0.9166490767650645,-0.03583213565473945,0.11901807024661172,2.0446637612250558,0.12883098591009573,0,70,255.0,255.0,255.0
1683,84.15,75.92154363708605,-0.07578919101500299,-46.01029577762349,-0.06878273082454904,-0.8132448246747651,-0.029642860213392425,0.1357635476687765,2.09150632238715,0.11874003174379938,0,70,255.0,255.0,255.0
1684,84.2,75.91828118226167,-0.11381753161193774,-46.01163370015872,-0.061575916505556494,-0.7074984445263613,-0.02395813248036019,0.15250902509094127,2.138348883549245,0.10864907757750303,0,70,255.0,255.0,255.0
1685,84.25,75.9154,-0.1465,-46.0127,-0.05353182831545577,-0.5994099363198527,-0.01877795245564274,0.16925450251310642,2.1851914447113394,0.09855812341120684,0,70,255.0,255.0,255.0
1686,84.30000000000001,75.91293412674337,-0.17378728549864716,-46.01352118359446,-0.04512010132964151,-0.49304704339655003,-0.014179063841571532,0.16721457691938746,2.069324272219802,0.0853974211515996,0,70,255.0,255.0,255.0
1687,84.35000000000001,75.91088628992905,-0.19590126031673696,-46.01412887363604,-0.03681037062351557,-0.3924775090978532,-0.010238210340481864,0.16517465132566905,1.953457099728298,0.0722367188919961,0,70,255.0,255.0,255.0
1688,84.4,75.90925138974303,-0.21313159238550652,-46.01455597188039,-0.028602636197075544,-0.2977013334237313,-0.006955391952372334,0.16313472573195067,1.837589927236794,0.05907601663239259,0,70,255.0,255.0,255.0
1689,84.45,75.90802432637133,-0.2257679496361846,-46.01483538008317,-0.020496898050321427,-0.20871851637418426,-0.00433060867724294,0.16109480013823227,1.7217227547452898,0.04591531437278909,0,70,255.0,255.0,255.0
1690,84.5,75.9072,-0.2341,-46.015,-0.01249315618325323,-0.12552905794921213,-0.0023638605150936853,0.15905487454451395,1.6058555822537839,0.0327546121131856,0,70,255.0,255.0,255.0
1691,84.55000000000001,75.90675778337774,-0.238534739199309,-46.015080710692615,-0.00552305683220668,-0.05517262561641049,-0.000933785829320669,0.11974909949728468,1.2084017110576417,0.024448375317722044,0,70,255.0,255.0,255.0
1692,84.60000000000001,75.90661493950424,-0.2399484741209725,-46.01510030044693,-0.0005182462335231843,-0.004688886843432008,8.097701667884568e-05,0.08044332445006659,0.8109478398616125,0.01614213852226085,0,70,255.0,255.0,255.0
1693,84.65,75.90667320394186,-0.23933483944298217,-46.015079534854934,0.002521275612799521,0.025922158369746137,0.0006804280229053242,0.0411375494028485,0.4134939686655832,0.007835901726799651,0,70,255.0,255.0,255.0
1694,84.7,75.906834312253,-0.23768746984332806,-46.01503917950863,0.003595508706761435,0.036660510023123954,0.0008645671893587658,0.0018317743556304222,0.016040097469553816,-0.000470335068661544,0,70,255.0,255.0,255.0
1695,84.75,75.907,-0.236,-46.015,0.002704453048362548,0.027526168116701444,0.0006333945160391707,-0.037474000691587704,-0.38141377372647534,-0.008776571864122751,0,70,255.0,255.0,255.0
1696,84.80000000000001,75.90709233974563,-0.23506015770412467,-46.0149783736351,0.0010683286583531544,0.010873545862267395,0.0002502071588700995,-0.02797097490877315,-0.2846911164507351,-0.006550922422636614,0,70,255.0,255.0,255.0
1697,84.85000000000001,75.90711475205399,-0.2348320431993765,-46.014973124576244,-9.264444251514076e-05,-0.0009429435283758621,-2.1697726224578187e-05,-0.018467949125961298,-0.1879684591750223,-0.00432527298115111,0,70,255.0,255.0,255.0
1698,84.9,75.90709099448952,-0.23507384984256582,-46.01497868869985,-0.0007784662542428705,-0.007923300055233767,-0.00018232013924498677,-0.008964923343149443,-0.09124580189930953,-0.002099623539665605,0,70,255.0,255.0,255.0
1699,84.95,75.9070448246167,-0.2355437709905034,-46.014989501882305,-0.0009891367768300337,-0.010067523718306298,-0.00023166008019112692,0.0005381024396624093,0.005476855376403245,0.0001260259018199001,0,70,255.0,255.0,255.0
1700,85.0,75.907,-0.236,-46.015,-0.0007246560102766327,-0.00737561451759347,-0.0001697175490629976,0.010041128222474258,0.10219951265211605,0.002351675343305404,0,70,255.0,255.0,255.0
1701,85.05000000000001,75.90697525763973,-0.2362518299841924,-46.015005794767006,-0.0002862578012567526,-0.0029135578326573244,-6.704280615972877e-05,0.0074948001383169606,0.07628275474528919,0.0017553143728244146,0,70,255.0,255.0,255.0
1702,85.10000000000001,75.90696925227981,-0.23631295308152148,-46.01500720124809,2.4824003555163384e-05,0.00025266095693646804,5.813888219467296e-06,0.004948472054160387,0.050365996838469686,0.0011589534023435943,0,70,255.0,255.0,255.0
1703,85.15,75.9069756181,-0.2362481611867544,-46.01500571034567,0.00020858940415925805,0.002123041851189356,4.885253407462407e-05,0.002402143970003813,0.024449238931650186,0.000562592431862774,0,70,255.0,255.0,255.0
1704,85.2,75.90698798928014,-0.23612224619465824,-46.01500281296216,0.00026503840055553123,0.0026975848501013464,6.207313140574146e-05,-0.0001441841141527605,-0.0014675189751693074,-3.3768538618046424e-05,0,70,255.0,255.0,255.0
1705,85.25,75.907,-0.236,-46.015,0.00019417099274398312,0.001976289953672435,4.5475680212819645e-05,-0.0026905121983093324,-0.0273842768819888,-0.0006301295090988663,0,70,255.0,255.0,255.0
1706,85.30000000000001,75.90700662969545,-0.2359325223591057,-46.01499844729686,7.670254667385568e-05,0.0007806854683619021,1.796406576881562e-05,-0.002008225644494697,-0.02043990253042163,-0.00047033506866104446,0,70,255.0,255.0,255.0
1707,85.35000000000001,75.9070082388268,-0.23591614447453746,-46.01499807043139,-6.651571705513376e-06,-6.770029937000098e-05,-1.5578266532910758e-06,-0.001325939090680255,-0.013495528178856431,-0.0003105406282232681,0,70,255.0,255.0,255.0
1708,85.4,75.9070065331104,-0.23593350541041638,-46.014998469917494,-5.5891362394162284e-05,-0.0005688673495236642,-1.308999705350942e-05,-0.0006436525368658133,-0.006551153827291233,-0.0001507461877854917,0,70,255.0,255.0,255.0
1709,85.45,75.90700321826267,-0.23596724423086352,-46.01499924626906,-7.101682539209102e-05,-0.0007228156820990876,-1.663244543183939e-05,3.863401694862876e-05,0.0003932205242739642,9.048252652284617e-06,0,70,255.0,255.0,255.0
1710,85.5,75.907,-0.236,-46.015,-5.2027960699299655e-05,-0.0005295452970962699,-1.2185171788281011e-05,0.0007209205707630702,0.007337594875839163,0.000168842693090061,0,70,255.0,255.0,255.0
1711,85.55000000000001,75.90699822357846,-0.23601808057938478,-46.01500041604555,-2.0552385438670126e-05,-0.00020918404079028452,-4.813456915533722e-06,0.0005381024396618248,0.005476855376397338,0.00012602590181976352,0,70,255.0,255.0,255.0
1712,85.60000000000001,75.90699779241301,-0.23602246902032856,-46.01500051702635,1.782283266890007e-06,1.8140240543536952e-05,4.1741839369702567e-07,0.0003552843085606314,0.003616115876956041,8.32091105494782e-05,0,70,255.0,255.0,255.0
1713,85.65,75.90699824945834,-0.23601781717157996,-46.015000409984374,1.4976045417390999e-05,0.00015242754690529894,3.507454139413626e-06,0.000172466177459438,0.0017553763775147446,4.039231927919289e-05,0,70,255.0,255.0,255.0
1714,85.7,75.9069991376691,-0.23600877688188757,-46.0150002019616,1.9028901012832806e-05,0.00019367787829500157,4.45665032161608e-06,-1.0351953641755322e-05,-0.000105363121926552,-2.4244719910924257e-06,0,70,255.0,255.0,255.0
1715,85.75,75.907,-0.236,-46.015,1.3940850053215533e-05,0.00014189123471264442,3.2650069403043964e-06,-0.0001931700847429487,-0.001966102621367847,-4.5241263261377754e-05,0,70,255.0,255.0,255.0
1716,85.80000000000001,75.90700047599073,-0.23599515532335516,-46.014999888520926,5.506995080824825e-06,5.605069479923577e-05,1.2897618933192637e-06,-0.0001441841141526029,-0.0014675189751677184,-3.37685386180096e-05,0,70,255.0,255.0,255.0
1717,85.85000000000001,75.90700059152115,-0.23599397944414824,-46.0149998614632,-4.775613620466822e-07,-4.860662804147014e-06,-1.1184692149701393e-07,-9.5198143562271e-05,-0.0009689353289677317,-2.22958139746447e-05,0,70,255.0,255.0,255.0
1718,85.9,75.90700046905623,-0.23599522590326372,-46.01499989014502,-4.012819275401731e-06,-4.084283809753191e-05,-9.398195041450801e-07,-4.621217297193911e-05,-0.00047035168276774505,-1.0823089331279808e-05,0,70,255.0,255.0,255.0
1719,85.95,75.90700023106085,-0.23599764824158614,-46.014999945884554,-5.098778659240331e-06,-5.189583108091889e-05,-1.194155854624933e-06,2.773797618392797e-06,2.8231963432241627e-05,6.49635312085092e-07,0,70,255.0,255.0,255.0
1720,86.0,75.907,-0.236,-46.015,-3.735439513562476e-06,-3.801964175430796e-05,-8.748559729365738e-07,5.1759768208724644e-05,0.0005268156096322281,1.2122359955449989e-05,0,70,255.0,255.0,255.0
1721,86.05000000000001,75.90699987245867,-0.23600129812719456,-46.015000029870734,-1.4755948846291773e-06,-1.5018738406658553e-05,-3.455906577433324e-07,3.8634016948586756e-05,0.0003932205242735391,9.048252652274851e-06,0,70,255.0,255.0,255.0
1722,86.10000000000001,75.90699984150237,-0.23600161320307847,-46.01500003712082,1.2796218129671565e-07,1.302410673051196e-06,2.996929229103207e-08,2.55082656884526e-05,0.0002596254389148881,5.974145349100588e-06,0,70,255.0,255.0,255.0
1723,86.15,75.90699987431675,-0.23600127921536507,-46.015000029435555,1.0752316842159371e-06,1.094380548482878e-05,2.5182387716669224e-07,1.2382514428318443e-05,0.00012603035355623703,2.9000380459263246e-06,0,70,255.0,255.0,255.0
1724,86.2,75.90699993808742,-0.23600063015176778,-46.01500001450019,1.3662136241284898e-06,1.3905446028674176e-05,3.19973096883648e-07,-7.432368318157175e-07,-7.564731802413966e-06,-1.7406925724794044e-07,0,70,255.0,255.0,255.0
1725,86.25,75.907,-0.236,-46.015,1.0009080010343713e-06,1.0187332304587412e-05,2.3441695144189906e-07,-1.3868988091949868e-05,-0.00014115981716106513,-3.2481765604222046e-06,0,70,255.0,255.0,255.0
1726,86.30000000000001,75.9070000341746,-0.23599965216786656,-46.014999991996156,3.953844576918836e-07,4.0242588273984456e-06,9.260073765406645e-08,-1.035195364174413e-05,-0.0001053631219264375,-2.42447199108981e-06,0,70,255.0,255.0,255.0
1727,86.35000000000001,75.9070000424693,-0.2359995677435379,-46.01499999005351,-3.428736314017992e-08,-3.489798880577442e-07,-8.030247667114317e-09,-6.834919191539392e-06,-6.956642669182004e-05,-1.6007674217576497e-06,0,70,255.0,255.0,255.0
1728,86.4,75.90700003367672,-0.23599965723527597,-46.01499999211276,-2.8810746146201677e-07,-2.9323838417831635e-06,-6.747600452168945e-08,-3.317884741334654e-06,-3.376973145720258e-05,-7.770628524254893e-07,0,70,255.0,255.0,255.0
1729,86.45,75.90700001658942,-0.2359998311513427,-46.01499999611468,-3.6607583727362647e-07,-3.7259530337778115e-06,-8.57365329096588e-08,1.9914970887008477e-07,2.0269637774148874e-06,4.6641716906671085e-08,0,70,255.0,255.0,255.0
1730,86.5,75.907,-0.236,-46.015,-2.6819249057500906e-07,-2.7296874640416848e-06,-6.281183283102256e-08,3.7161841590748234e-06,3.782365901203233e-05,8.703462862388316e-07,0,70,255.0,255.0,255.0
1731,86.55000000000001,75.90699999084295,-0.23600009320133924,-46.015000002144625,-1.0594294613835762e-07,-1.0782969029352301e-06,-2.4812292872933363e-08,2.7737976183897585e-06,2.823196343221084e-05,6.496353120843908e-07,0,70,255.0,255.0,255.0
1732,86.60000000000001,75.90699998862037,-0.23600011582276995,-46.015000002665154,9.187271264003816e-09,9.350887917977613e-08,2.1516983774251838e-09,1.8314110777049612e-06,1.8640267852392075e-05,4.289243379300127e-07,0,70,255.0,255.0,255.0
1733,86.65,75.90699999097635,-0.236000091843531,-46.01500000211338,7.719816163212812e-08,7.857298823038715e-07,1.8080140920065463e-08,8.890245370201639e-07,9.048572272573312e-06,2.082133637756346e-07,0,70,255.0,255.0,255.0
1734,86.7,75.90699999555487,-0.23600004524286133,-46.01500000104107,9.808972496601514e-08,9.983661064370564e-07,2.297303475498746e-08,-5.336200366463299e-08,-5.431233072454548e-07,-1.2497610378743475e-08,0,70,255.0,255.0,255.0
1735,86.75,75.907,-0.236,-46.015,7.186196126566516e-08,7.314175515793287e-07,1.6830379882191175e-08,-9.957485443494299e-07,-1.0134818887064218e-05,-2.332085845331217e-07,0,70,255.0,255.0,255.0
1736,86.80000000000001,75.90700000245363,-0.23599997502677642,-46.01499999942535,2.838732686154685e-08,2.889287843424756e-07,6.648433837666995e-09,-7.432368318149073e-07,-7.564731802405881e-06,-1.7406925724775288e-07,0,70,255.0,255.0,255.0
1737,86.85000000000001,75.90700000304916,-0.23599996896538233,-46.01499999928587,-2.4617219158354975e-09,-2.5055628661360265e-08,-5.765458425864376e-10,-4.907251192804566e-07,-4.994644717748274e-06,-1.1492992996240086e-07,0,70,255.0,255.0,255.0
1738,86.9,75.90700000241786,-0.23599997539060005,-46.01499999943372,-2.0685185066496023e-08,-2.105356874323234e-07,-4.844559158572436e-09,-2.3821340674600588e-07,-2.4245576330906677e-06,-5.579060267704885e-08,0,70,255.0,255.0,255.0
1739,86.95,75.90700000119107,-0.23599998787721183,-46.01499999972105,-2.6283062590434743e-08,-2.6751139197041315e-07,-6.155606110291001e-09,1.4298305788444851e-08,1.4552945156694025e-07,3.3487246083031602e-09,0,70,255.0,255.0,255.0
1740,87.0,75.907,-0.236,-46.015,-1.92553544876516e-08,-1.9598274227563016e-07,-4.509686697742138e-09,2.668100183228957e-07,2.715616536224547e-06,6.248805189365515e-08,0,70,255.0,255.0,255.0
1741,87.05000000000001,75.90699999934255,-0.23600000669155508,-46.015000000153975,-7.606361307829795e-09,-7.741823443467236e-08,-1.7814424777346216e-09,1.9914970886987058e-07,2.0269637774126868e-06,4.664171690662071e-08,0,70,255.0,255.0,255.0
1742,87.10000000000001,75.90699999918296,-0.23600000831570073,-46.01500000019135,6.596163993381156e-10,6.71363546566559e-09,1.5448499292055613e-10,1.314893994168647e-07,1.3383110186010227e-06,3.0795381919590787e-08,0,70,255.0,255.0,255.0
1743,87.15,75.90699999935214,-0.23600000659406883,-46.01500000015173,5.542578633855927e-09,5.641286742542231e-08,1.2980957142242815e-09,6.382908996385882e-08,6.496582597893587e-07,1.494904693256086e-08,0,70,255.0,255.0,255.0
1744,87.2,75.90699999968085,-0.2360000032482913,-46.01500000007474,7.042525395723635e-09,7.167946144459777e-08,1.6493896861765577e-09,-3.831219489147051e-09,-3.899449902230579e-08,-8.972880544690597e-10,0,70,255.0,255.0,255.0
1745,87.25,75.907,-0.236,-46.015,5.159456684941241e-09,5.2513417523191955e-08,1.2083669087773825e-09,-7.149152894215294e-08,-7.2764725783397e-07,-1.6743623041498986e-08,0,70,255.0,255.0,255.0
1746,87.30000000000001,75.90700000017617,-0.2359999982070032,-46.01499999995875,2.038118369772332e-09,2.0744153396213795e-08,4.7733607327149e-10,-5.3362003664575005e-08,-5.431233072448675e-07,-1.2497610378730065e-08,0,70,255.0,255.0,255.0
1747,87.35000000000001,75.90700000021891,-0.23599999777181468,-46.01499999994873,-1.7674368151697253e-10,-1.7989132013020424e-09,-4.139412909579087e-11,-3.523247838700222e-08,-3.585993566558173e-07,-8.251597715962352e-09,0,70,255.0,255.0,255.0
1748,87.4,75.9070000001736,-0.23599999823312456,-46.01499999995934,-1.4851294689276895e-09,-1.5115782269365892e-08,-3.4782369832469817e-10,-1.7102953109429436e-08,-1.7407540606676715e-07,-4.0055850531946366e-09,0,70,255.0,255.0,255.0
1749,87.45,75.90700000008552,-0.23599999912962297,-46.01499999997997,-1.8870389924598176e-09,-1.920645380797775e-08,-4.4195263441523166e-10,1.0265721681433415e-09,1.0448544522283007e-08,2.404276095730785e-10,0,70,255.0,255.0,255.0
1750,87.5,75.907,-0.236,-46.015,-1.3824722521133627e-09,-1.4070927817137653e-08,-3.2378093736739176e-10,1.9156097445716113e-08,1.9497249511133322e-07,4.486440272340792e-09,0,70,255.0,255.0,255.0
1751,87.55000000000001,75.9069999999528,-0.23600000048043202,-46.01500000001106,-5.461121712595328e-10,-5.558379150182817e-09,-1.2790181535133898e-10,1.429830578842948e-08,1.4552945156678278e-07,3.348724608299539e-09,0,70,255.0,255.0,255.0
1752,87.60000000000001,75.90699999994135,-0.23600000059704043,-46.01500000001374,4.7358326729776226e-11,4.820173395425688e-10,1.109152346260681e-11,9.440514131144229e-09,9.608640802224641e-08,2.2110089442586087e-09,0,70,255.0,255.0,255.0
1753,87.65,75.90699999995348,-0.23600000047343284,-46.01500000001089,3.979392418548364e-10,4.050261652041275e-09,9.319907907450932e-11,4.582722473858978e-09,4.664336447771004e-08,1.0732932802176786e-09,0,70,255.0,255.0,255.0
1754,87.7,75.90699999997707,-0.2360000002332168,-46.01500000000537,5.056305741156482e-10,5.146353787313308e-09,1.1842085148436858e-10,-2.7506918342627477e-10,-2.7996790668263456e-09,-6.442238382325187e-11,0,70,255.0,255.0,255.0
1755,87.75,75.907,-0.236,-46.015,3.704323235122111e-10,3.770293745358654e-09,8.675684069218455e-11,-5.132860840711527e-09,-5.2242722611362756e-08,-1.2021380478641816e-09,0,70,255.0,255.0,255.0
1756,87.80000000000001,75.90700000001264,-0.23599999987126863,-46.01499999999704,1.4633031526579878e-10,1.4893632045174758e-09,3.427118813386584e-11,-3.831219489142928e-09,-3.8994499022263634e-08,-8.972880544680892e-10,0,70,255.0,255.0,255.0
1757,87.85000000000001,75.90700000001571,-0.23599999984002346,-46.01499999999632,-1.2689625402132892e-11,-1.2915615686823015e-10,-2.9719647546363624e-12,-2.5295781375746993e-09,-2.574627543316827e-08,-5.924380610720835e-10,0,70,255.0,255.0,255.0
1758,87.9,75.90700000001246,-0.23599999987314405,-46.01499999999708,-1.0662749849165678e-10,-1.0852643387992058e-09,-2.4972617973339133e-11,-1.2279367860064706e-09,-1.2498051844072915e-08,-2.8758806767607776e-10,0,70,255.0,255.0,255.0
1759,87.95,75.90700000000614,-0.23599999993750972,-46.014999999998565,-1.3548330400277284e-10,-1.3789613412754502e-09,-3.1730771522242485e-11,7.370456556175845e-11,7.501717450224484e-10,1.7261925719927954e-11,0,70,255.0,255.0,255.0
1760,88.0,75.907,-0.236,-46.015,-9.925704193548133e-11,-1.010247164296964e-09,-2.3246425401346413e-11,1.3753459171299869e-09,1.3998395334117798e-08,3.2211191911593377e-10,0,70,255.0,255.0,255.0
1761,88.05000000000001,75.90699999999661,-0.23600000003449345,-46.015000000000796,-3.9209089803662366e-11,-3.990736678870867e-10,-9.182937184124427e-12,1.0265721681422258e-09,1.0448544522271739e-08,2.4042760957281774e-10,0,70,255.0,255.0,255.0
1762,88.10000000000001,75.90699999999579,-0.23600000004286556,-46.01500000000098,3.400174878754955e-12,3.460728793034936e-11,7.963355559385745e-13,6.777984191545639e-10,6.89869371042669e-09,1.5874330002972492e-10,0,70,255.0,255.0,255.0
1763,88.15,75.90699999999666,-0.23600000003399096,-46.01500000000078,2.857075211179017e-11,2.907957031555429e-10,6.691392818847163e-12,3.29024670166902e-10,3.3488428985816403e-09,7.70589904866321e-11,0,70,255.0,255.0,255.0
1764,88.2,75.90699999999836,-0.2360000000167442,-46.015000000000384,3.630264189544329e-11,3.694915777884941e-10,8.502234604601335e-12,-1.9749078820759837e-11,-2.0100791326340981e-10,-4.6253190564607186e-12,0,70,255.0,255.0,255.0
1765,88.25,75.907,-0.236,-46.015,2.6595844229714304e-11,2.706949118292033e-10,6.228860913201108e-12,-3.685228278084218e-10,-3.750858725108461e-09,-8.630962859955354e-11,0,70,255.0,255.0,255.0
1766,88.30000000000001,75.90700000000092,-0.2359999999907575,-46.01499999999979,1.0506043948850696e-11,1.0693146703087095e-10,2.4605606026318687e-12,-2.7506918342597616e-10,-2.7996790668233437e-09,-6.442238382318174e-11,0,70,255.0,255.0,255.0
1767,88.35000000000001,75.90700000000112,-0.2359999999885142,-46.01499999999974,-9.110741128869808e-13,-9.272994853168476e-12,-2.1337746911792775e-13,-1.8161553904355704e-10,-1.8484994085384972e-09,-4.253513904681619e-11,0,70,255.0,255.0,255.0
1768,88.4,75.90700000000089,-0.23599999999089213,-46.014999999999795,-7.655509955503973e-12,-7.791847382296826e-11,-1.7929533020495078e-12,-8.816189466113791e-11,-8.973197502536507e-10,-2.0647894270450618e-11,0,70,255.0,255.0,255.0
1769,88.45,75.90700000000042,-0.2359999999955134,-46.0149999999999,-9.727263579000268e-12,-9.900496987852851e-11,-2.2781668961628715e-12,5.2917497212811605e-12,5.385990803119586e-11,1.2393505059149459e-12,0,70,255.0,255.0,255.0
1770,88.5,75.907,-0.236,-46.015,-7.126334983375883e-12,-7.253248301984899e-11,-1.6690182514580226e-12,9.874539410370031e-11,1.0050395663160424e-09,2.312659528228051e-11,0,70,255.0,255.0,255.0
1771,88.55000000000001,75.90699999999975,-0.2360000000024765,-46.01500000000006,-2.815085991740428e-12,-2.86522002363971e-11,-6.593052264030458e-13,7.370456556167866e-11,7.50171745021634e-10,1.7261925719909378e-11,0,70,255.0,255.0,255.0
1772,88.60000000000001,75.9069999999997,-0.2360000000030776,-46.01500000000007,2.441215727929675e-13,2.4846914823244376e-12,5.717432053314575e-14,4.8663737019664134e-11,4.953039237272982e-10,1.1397256157539916e-11,0,70,255.0,255.0,255.0
1773,88.65,75.90699999999975,-0.23600000000244042,-46.01500000000005,2.051287710225709e-12,2.0878192136329892e-11,4.804203893508812e-13,2.3622908477649606e-11,2.404361024329623e-10,5.532586595170454e-12,0,70,255.0,255.0,255.0
1774,88.7,75.90699999999988,-0.2360000000012022,-46.01500000000003,2.6064124205577935e-12,2.6528301725619292e-11,6.104329800501597e-13,-1.4179200643649345e-12,-1.4431718861373615e-11,-3.3208296719900993e-13,0,70,255.0,255.0,255.0
1775,88.75,75.907,-0.236,-46.015,1.9094957037892258e-12,1.943502025019266e-11,4.472120926309816e-13,-2.6458748606379443e-11,-2.6929954015570947e-10,-6.196752529568474e-12,0,70,255.0,255.0,255.0
1776,88.80000000000001,75.90700000000007,-0.2359999999993364,-46.014999999999986,7.543000181110136e-13,7.677333914717424e-12,1.7666030298031468e-13,-1.9749078820738537e-11,-2.0100791326319304e-10,-4.625319056455743e-12,0,70,255.0,255.0,255.0
1777,88.85000000000001,75.90700000000008,-0.23599999999917534,-46.01499999999998,-6.54121782848916e-14,-6.657710761293254e-13,-1.5319813014654518e-14,-1.3039409035099538e-11,-1.32716286370696e-10,-3.05388558334346e-12,0,70,255.0,255.0,255.0
1778,88.9,75.90700000000005,-0.2359999999993461,-46.01499999999999,-5.496408853988657e-13,-5.59429472235142e-12,-1.2872825535401396e-13,-6.329739249460538e-12,-6.442465947819898e-11,-1.4824521102311769e-12,0,70,255.0,255.0,255.0
1779,88.95,75.90700000000004,-0.23599999999967788,-46.014999999999986,-6.983861032309097e-13,-7.108237023948858e-12,-1.635650240377637e-13,3.799305361784613e-13,3.866967414298033e-12,8.898136288110678e-14,0,70,255.0,255.0,255.0
1780,89.0,75.907,-0.236,-46.015,-5.116478317810214e-13,-5.207597980921639e-12,-1.1983011906590395e-13,7.089600321817466e-12,7.215859430679505e-11,1.6604148359933892e-12,0,70,255.0,255.0,255.0
1781,89.05000000000001,75.90699999999998,-0.2360000000001778,-46.01500000000001,-2.0211408070362736e-13,-2.0571354224726034e-12,-4.733598551821277e-14,5.29174972127548e-12,5.3859908031137735e-11,1.2393505059135989e-12,0,70,255.0,255.0,255.0
1782,89.10000000000001,75.90699999999997,-0.23600000000022095,-46.01500000000001,1.7527140346597297e-14,1.7839282219285356e-13,4.104931525472478e-15,3.4938991207340056e-12,3.5561221755485617e-11,8.182861758339282e-13,0,70,255.0,255.0,255.0
1783,89.15,75.907,-0.2360000000001752,-46.01500000000001,1.4727583136975325e-13,1.498986753075756e-12,3.4492632065175403e-14,1.696048520192531e-12,1.72625354798335e-11,3.9722184575425746e-13,0,70,255.0,255.0,255.0
1784,89.2,75.907,-0.2360000000000863,-46.015,1.8713199236584065e-13,1.904646370176103e-12,4.3827116100895956e-14,-1.0180208034894386e-13,-1.0361507958186196e-12,-2.3842484325413337e-14,0,70,255.0,255.0,255.0
1785,89.25,75.907,-0.236,-46.015,1.3709562333485957e-13,1.3953716734938983e-12,3.2108383632634244e-14,-1.899652680890417e-12,-1.9334837071470738e-11,-4.4490681440508374e-13,0,70,255.0,255.0,255.0
1786,89.30000000000001,75.907,-0.23599999999995233,-46.015,5.41563047034957e-14,5.512077751729906e-13,1.2683639092536428e-14,-1.4179200643633834e-12,-1.4431718861357892e-11,-3.3208296719865223e-13,0,70,255.0,255.0,255.0
1787,89.35000000000001,75.907,-0.23599999999994078,-46.015,-4.6963831014977055e-15,-4.78002126420839e-14,-1.0999130872354113e-15,-9.361874478364865e-13,-9.52860065124644e-12,-2.192591199922528e-13,0,70,255.0,255.0,255.0
1788,89.4,75.90699999999998,-0.23599999999995305,-46.015,-3.9462440080147604e-14,-4.0165228995159927e-13,-9.242272906687607e-15,-4.5445483130958943e-13,-4.625482441134988e-12,-1.0643527278585338e-13,0,70,255.0,255.0,255.0
1789,89.45,75.907,-0.23599999999997684,-46.015,-5.0141866232454066e-14,-5.103484567555558e-13,-1.1743440365820135e-14,2.7277785217307248e-14,2.776357689764619e-13,6.388574420546068e-15,0,70,255.0,255.0,255.0
1790,89.5,75.907,-0.236,-46.015,-3.6734661558417e-14,-3.738887130539543e-13,-8.603415464633024e-15,5.090104017442044e-13,5.1807539790879185e-12,1.1921242162694557e-13,0,70,255.0,255.0,255.0
1791,89.55000000000001,75.907,-0.23600000000001278,-46.015,-1.4511138110355484e-14,-1.4769567821935867e-13,-3.3985708519329547e-15,3.79930536178054e-13,3.86696741429385e-12,8.898136288100987e-14,0,70,255.0,255.0,255.0
1792,89.60000000000001,75.907,-0.23600000000001586,-46.015,1.2583920593934716e-15,1.2808028375482316e-14,2.9472082346914997e-16,2.5085067061194026e-13,2.553180849500154e-12,5.875030413508275e-14,0,70,255.0,255.0,255.0
1793,89.65,75.907,-0.2360000000000126,-46.015,1.0573928950837108e-14,1.076224067306422e-13,2.4764595615749853e-15,1.2177080504582653e-13,1.2393942847064585e-12,2.851924538915564e-14,0,70,255.0,255.0,255.0
1794,89.7,75.907,-0.23600000000000618,-46.015,1.3435472563975428e-14,1.367474568461209e-13,3.1466453623845538e-15,-7.309060520287153e-15,-7.439228008723766e-14,-1.7118133567714652e-15,0,70,255.0,255.0,255.0
1795,89.75,75.907,-0.236,-46.015,9.843022898808445e-15,1.001831787219188e-13,2.3052782258978513e-15,-1.3638892608640096e-13,-1.388178844880933e-12,-3.194287210269858e-14,0,70,255.0,255.0,255.0
1796,89.80000000000001,75.907,-0.2359999999999966,-46.015,3.8882477379262405e-15,3.957493770444411e-14,9.106443151953878e-16,-1.0180208034883306e-13,-1.0361507958175034e-12,-2.3842484325387273e-14,0,70,255.0,255.0,255.0
1797,89.85000000000001,75.907,-0.23599999999999574,-46.015,-3.371851360762204e-16,-3.43190085984537e-15,-7.897020664119478e-17,-6.721523461127499e-14,-6.841227467541739e-13,-1.5742096548078275e-14,0,70,255.0,255.0,255.0
1798,89.9,75.907,-0.23599999999999663,-46.015,-2.833275723200875e-15,-2.8837336970969376e-14,-6.635653396123505e-16,-3.2628388873716914e-14,-3.320946976908443e-13,-7.641708770769275e-15,0,70,255.0,255.0,255.0
1799,89.95,75.907,-0.23599999999999832,-46.015,-3.6000240234477234e-15,-3.6641370628927903e-14,-8.431410837180785e-16,1.9584568638411614e-15,1.9933351372485105e-14,4.586790065397231e-16,0,70,255.0,255.0,255.0
1800,90.0,75.907,-0.236,-46.015,-2.6374300368167707e-15,-2.684400183372098e-14,-6.176974389583804e-16,3.654530260139921e-14,3.719614004358148e-13,8.559066783848721e-15,0,70,255.0,255.0,255.0
1801,90.05000000000001,75.907,-0.23600000000000088,-46.015,-1.0418528413494756e-15,-1.0604072598417789e-14,-2.4400640884859687e-16,2.727778521727808e-14,2.776357689761652e-13,6.3885744205392215e-15,0,70,255.0,255.0,255.0
1802,90.10000000000001,75.907,-0.23600000000000113,-46.015,9.034848491140111e-17,9.195750638992432e-16,2.1160003095627092e-17,1.8010267833159578e-14,1.8331013751654236e-13,4.218082057230339e-15,0,70,255.0,255.0,255.0
1803,90.15,75.907,-0.23600000000000088,-46.015,7.591739419663795e-16,7.726941153235405e-15,1.77801796874413e-16,8.742750449041077e-15,8.898450605691953e-14,2.047589693921456e-15,0,70,255.0,255.0,255.0
1804,90.2,75.907,-0.23600000000000043,-46.015,9.64623529815459e-16,9.818025669590682e-15,2.2591897248776104e-16,-5.2476693507742335e-16,-5.341125402703267e-15,-1.2290266938742584e-16,0,70,255.0,255.0,255.0
1805,90.25,75.907,-0.236,-46.015,7.066972484586399e-16,7.192828612965113e-15,1.6551152993567076e-16,-9.792284319195926e-15,-9.966675686232602e-14,-2.2933950326963114e-15,0,70,255.0,255.0,255.0
1806,90.30000000000001,75.907,-0.23599999999999974,-46.015,2.7916362747166256e-16,2.841352689227043e-15,6.538132019899991e-17,-7.309060520279277e-15,-7.439228008715721e-14,-1.7118133567696117e-15,0,70,255.0,255.0,255.0
1807,90.35000000000001,75.907,-0.23599999999999968,-46.015,-2.4208803569385436e-17,-2.4639939575160057e-16,-5.6698057413132875e-18,-4.825836721363334e-15,-4.911780331199558e-14,-1.1302316808430777e-15,0,70,255.0,255.0,255.0
1808,90.4,75.907,-0.23599999999999974,-46.015,-2.0342004466464345e-16,-2.0704276419722355e-15,-4.764184788530142e-17,-2.342612922447391e-15,-2.3843326536833954e-14,-5.486500049165432e-16,0,70,255.0,255.0,255.0
1809,90.45,75.907,-0.23599999999999988,-46.015,-2.584700958141112e-16,-2.6307320494348613e-15,-6.053480623296449e-17,1.4061087646855093e-16,1.4311502383276728e-15,3.2931671009990864e-17,0,70,255.0,255.0,255.0
1810,90.5,75.907,-0.236,-46.015,-1.8935895701778903e-16,-1.9273126181394744e-15,-4.434868078430257e-17,2.6238346753844946e-15,2.6705627013489312e-14,6.145133469365249e-16,0,70,255.0,255.0,255.0
1811,90.55000000000001,75.907,-0.23600000000000004,-46.015,-7.480166853717476e-17,-7.613381584903849e-16,-1.7518871947402676e-17,1.958456863839034e-15,1.9933351372463664e-14,4.5867900653922685e-16,0,70,255.0,255.0,255.0
1812,90.60000000000001,75.907,-0.23600000000000007,-46.015,6.486729366140518e-18,6.602251910715813e-17,1.519219869626246e-18,1.2930790522937626e-15,1.3161075731439939e-14,3.028446661419731e-16,0,70,255.0,255.0,255.0
1813,90.65,75.907,-0.23600000000000004,-46.015,5.450623669219414e-17,5.547694146535341e-16,1.2765594666792919e-17,6.27701240748491e-16,6.388800090416214e-15,1.4701032574471934e-16,0,70,255.0,255.0,255.0
1814,90.7,75.907,-0.23600000000000004,-46.015,6.925685344098606e-17,7.049025281487431e-16,1.6220252444097334e-17,-3.767657079678036e-17,-3.8347555060750936e-16,-8.824014652534362e-18,0,70,255.0,255.0,255.0
1815,90.75,75.907,-0.236,-46.015,5.0738579612516247e-17,5.1642185959278495e-16,1.1883193201539523e-17,-7.030543823420524e-16,-7.155751191631236e-15,-1.646583550497882e-16,0,70,255.0,255.0,255.0
1816,90.80000000000001,75.907,-0.23599999999999996,-46.015,2.00430466770365e-17,2.039999447344968e-16,4.6941675906107966e-18,-5.247669350768584e-16,-5.341125402697449e-15,-1.229026693872955e-16,0,70,255.0,255.0,255.0
1817,90.85000000000001,75.907,-0.23599999999999996,-46.015,-1.7381138951766045e-18,-1.769068067703129e-17,-4.070737371916661e-19,-3.4647948781171514e-16,-3.5264996137641785e-15,-8.114698372481468e-17,0,70,255.0,255.0,255.0
1818,90.9,75.907,-0.23599999999999996,-46.015,-1.4604902104133048e-17,-1.4865001664190103e-16,-3.4205307818702098e-18,-1.6819204054657185e-16,-1.711873824830907e-15,-3.939129806233385e-17,0,70,255.0,255.0,255.0
1819,90.95,75.907,-0.23599999999999996,-46.015,-1.855731794983281e-17,-1.8887806316011218e-16,-4.346203543424827e-18,1.0095406718571392e-17,1.0275196410236305e-16,2.3643876001469784e-18,0,70,255.0,255.0,255.0
1820,91.0,75.907,-0.236,-46.015,-1.3595361432275956e-17,-1.3837482023166534e-16,-3.1840920218555227e-18,1.883828539837147e-16,1.9173777530356334e-15,4.412007326262782e-17,0,70,255.0,255.0,255.0
1821,91.05000000000001,75.907,-0.236,-46.015,-5.370518170971227e-18,-5.466162044760206e-17,-1.2577984150405119e-18,1.4061087646839961e-16,1.4311502383261365e-15,3.2931671009955094e-17,0,70,255.0,255.0,255.0
1822,91.10000000000001,75.907,-0.236,-46.015,4.6572621456588235e-19,4.740203600967422e-18,1.0907507914042626e-19,9.283889895309808e-17,9.449227236167776e-16,2.1743268757285543e-17,0,70,255.0,255.0,255.0
1823,91.15,75.907,-0.236,-46.015,3.91337172433805e-18,3.9830651914070325e-17,9.165284606879188e-19,4.5066921437796545e-17,4.586952089074188e-16,1.0554866504615999e-17,0,70,255.0,255.0,255.0
1824,91.2,75.907,-0.236,-46.015,4.9724183583452834e-18,5.0609724491706644e-17,1.1645617296019657e-18,-2.705056077504964e-18,-2.7532305801940076e-17,-6.335357480535516e-19,0,70,255.0,255.0,255.0
1825,91.25,75.907,-0.236,-46.015,3.642866116587574e-18,3.7077421333876504e-17,8.53174885882568e-19,-5.047703359280646e-17,-5.137598205112985e-16,-1.1821938000723093e-17,0,70,255.0,255.0,255.0
1826,91.30000000000001,75.907,-0.236,-46.015,1.4390260068484107e-18,1.4646537055911517e-17,3.370260695512513e-19,-3.767657079674003e-17,-3.8347555060709703e-16,-8.824014652524882e-18,0,70,255.0,255.0,255.0
1827,91.35000000000001,75.907,-0.236,-46.015,-1.2479096308693149e-19,-1.2701337268383204e-18,-2.922657937003803e-20,-2.4876108000677233e-17,-2.5319128070293255e-16,-5.826091304327523e-18,0,70,255.0,255.0,255.0
1828,91.4,75.907,-0.236,-46.015,-1.0485847932191715e-18,-1.0672591014380299e-17,-2.45583060881468e-19,-1.2075645204614438e-17,-1.2290701079876802e-16,-2.828167956130165e-18,0,70,255.0,255.0,255.0
1829,91.45,75.907,-0.236,-46.015,-1.3323554835483067e-18,-1.3560834806714425e-17,-3.120433749830383e-19,7.248175914483531e-19,7.377259105396465e-18,1.6975539206719411e-19,0,70,255.0,255.0,255.0
1830,91.5,75.907,-0.236,-46.015,-9.761030340743403e-19,-9.93486510384069e-18,-2.286075216747494e-19,1.352528038751114e-17,1.37661529009561e-16,3.1676787402645544e-18,0,70,255.0,255.0,255.0
1831,91.55000000000001,75.907,-0.236,-46.015,-3.8558585642241476e-19,-3.924527776044003e-18,-9.030586316449318e-20,1.009540671856051e-17,1.0275196410225177e-16,2.364387600144436e-18,0,70,255.0,255.0,255.0
1832,91.60000000000001,75.907,-0.236,-46.015,3.343763778184553e-20,3.4033130638585946e-19,7.831238339725784e-21,6.665533049610854e-18,6.784239919495247e-17,1.5610964600245463e-18,0,70,255.0,255.0,255.0
1833,91.65,75.907,-0.236,-46.015,2.809674485386326e-19,2.859712143450857e-18,6.580378283795259e-20,3.2356593806611987e-18,3.293283428765316e-17,7.578053199046565e-19,0,70,255.0,255.0,255.0
1834,91.7,75.907,-0.236,-46.015,3.5700357584794695e-19,3.633614735150988e-18,8.36117703301871e-20,-1.9421428828845765e-19,-1.9767306196461308e-18,-4.548582021523372e-20,0,70,255.0,255.0,255.0
1835,91.75,75.907,-0.236,-46.015,2.6154601970978813e-19,2.662039081486255e-18,6.125520081642948e-20,-3.6240879572381125e-18,-3.688629552694545e-17,-8.4877696033512355e-19,0,70,255.0,255.0,255.0
1836,91.80000000000001,75.907,-0.236,-46.015,1.0331741884124887e-19,1.0515740482645009e-18,2.419738310672142e-20,-2.7050560775020193e-18,-2.7532305801910078e-17,-6.33535748052862e-19,0,70,255.0,255.0,255.0
1837,91.85000000000001,75.907,-0.236,-46.015,-8.959588040449952e-21,-9.119149870512031e-20,-2.098373988865175e-21,-1.7860241977661873e-18,-1.8178316076877367e-17,-4.1829453577066164e-19,0,70,255.0,255.0,255.0
1838,91.9,75.907,-0.236,-46.015,-7.528500093535978e-20,-7.662575594231323e-19,-1.7632070470342373e-20,-8.669923180303557e-19,-8.824326351844653e-18,-2.0305332348846125e-19,0,70,255.0,255.0,255.0
1839,91.95,75.907,-0.236,-46.015,-9.565881984348058e-20,-9.736241338895356e-19,-2.2403706337710132e-20,5.20395617054767e-20,5.296633731880577e-19,1.2187888793739031e-20,0,70,255.0,255.0,255.0
1840,92.0,75.907,-0.236,-46.015,-7.008104476481223e-20,-7.132912221043296e-19,-1.6413281590968525e-20,9.710714414413095e-19,9.883653098220764e-18,2.2742910107593936e-19,0,70,255.0,255.0,255.0
1841,92.05000000000001,75.907,-0.236,-46.015,-2.7683818942580693e-20,-2.8176841701399943e-19,-6.483669262392494e-21,7.248175914475666e-19,7.377259105388518e-18,1.6975539206701154e-19,0,70,255.0,255.0,255.0
1842,92.10000000000001,75.907,-0.236,-46.015,2.4007143799541065e-21,2.4434688434620585e-20,5.622576157348974e-22,4.785637414538937e-19,4.870865112556984e-18,1.1208168305810013e-19,0,70,255.0,255.0,255.0
1843,92.15,75.907,-0.236,-46.015,2.0172555202805954e-20,2.053180942416712e-19,4.724499043416883e-21,2.3230989146022075e-19,2.364471119725449e-18,5.440797404918869e-20,0,70,255.0,255.0,255.0
1844,92.2,75.907,-0.236,-46.015,2.5631703525974857e-20,2.6088180040715234e-19,6.0030550206534605e-21,-1.3943958533452054e-20,-1.419228731060846e-19,-3.265734959722741e-21,0,70,255.0,255.0,255.0
1845,92.25,75.907,-0.236,-46.015,1.8778159349460795e-20,1.911258069310637e-19,4.397925547444628e-21,-2.6019780852712505e-19,-2.6483168659376176e-18,-6.093944396863411e-20,0,70,255.0,255.0,255.0
1846,92.30000000000001,75.907,-0.236,-46.015,7.417856929073914e-21,7.549961979149697e-20,1.737293942848562e-21,-1.9421428828824683e-19,-1.976730619644e-18,-4.5485820215184344e-20,0,70,255.0,255.0,255.0
1847,92.35000000000001,75.907,-0.236,-46.015,-6.432694793664804e-22,-6.547255033362715e-21,-1.5065647407441365e-22,-1.2823076804938736e-19,-1.3051443733505735e-18,-3.0032196461738966e-20,0,70,255.0,255.0,255.0
1848,92.4,75.907,-0.236,-46.015,-5.405219875864093e-21,-5.501481754355296e-20,-1.2659257033251642e-21,-6.224724781052791e-20,-6.335581270571467e-19,-1.457857270829359e-20,0,70,255.0,255.0,255.0
1849,92.45,75.907,-0.236,-46.015,-6.867994260418918e-21,-6.990306773907377e-20,-1.6085137449036905e-21,3.73627242833156e-21,3.8028119236279905e-20,8.750510451517887e-22,0,70,255.0,255.0,255.0
1850,92.5,75.907,-0.236,-46.015,-5.0315926330309565e-21,-5.1212005619925184e-20,-1.1784205988099916e-21,6.971979266719105e-20,7.096143655297063e-19,1.6328674798597166e-20,0,70,255.0,255.0,255.0
1851,92.55000000000001,75.907,-0.236,-46.015,-1.987608773714963e-21,-2.023006215198842e-20,-4.6550650900175325e-22,5.2039561705420995e-20,5.296633731874825e-19,1.2187888793725883e-20,0,70,255.0,255.0,255.0
1852,92.60000000000001,75.907,-0.236,-46.015,1.7236353751183756e-22,1.7543316988301358e-21,4.03682805627597e-23,3.4359330743655955e-20,3.497123808453098e-19,8.047102788855779e-21,0,70,255.0,255.0,255.0
1853,92.65,75.907,-0.236,-46.015,1.4483243006504368e-21,1.474117593254058e-20,3.392037698837791e-22,1.667909978189092e-20,1.6976138850313707e-19,3.906316783985674e-21,0,70,255.0,255.0,255.0
1854,92.7,75.907,-0.236,-46.015,1.840273515700835e-21,1.873047054914287e-20,4.309999589613049e-22,-1.0011311798741135e-21,-1.0189603839035607e-20,-2.3446922088442877e-22,0,70,255.0,255.0,255.0
1855,92.75,75.907,-0.236,-46.015,1.3482111826630311e-21,1.372221554863707e-20,3.1575684779533726e-22,-1.8681362141639154e-20,-1.9014059618120835e-19,-4.3752552257545356e-21,0,70,255.0,255.0,255.0
1856,92.80000000000001,75.907,-0.236,-46.015,5.3257816578593855e-22,5.4206288164567166e-21,1.247320931584509e-22,-1.3943958533437134e-20,-1.4192287310593032e-19,-3.265734959719181e-21,0,70,255.0,255.0,255.0
1857,92.85000000000001,75.907,-0.236,-46.015,-4.6184670680868536e-23,-4.70071761957856e-22,-1.0816648176624482e-23,-9.20655492523646e-21,-9.370515003066598e-20,-2.1562146936841413e-21,0,70,255.0,255.0,255.0
1858,92.9,75.907,-0.236,-46.015,-3.880773267376551e-22,-3.949886186609348e-21,-9.0889376209951e-23,-4.469151317035787e-21,-4.548742695540164e-20,-1.046694427649102e-21,0,70,255.0,255.0,255.0
1859,92.95,75.907,-0.236,-46.015,-4.9309980238442175e-22,-5.0188144574977605e-21,-1.1548609094152863e-22,2.6825229116488516e-22,2.73029611986269e-21,6.28258383859377e-23,0,70,255.0,255.0,255.0
1860,93.0,75.907,-0.236,-46.015,-3.6125209762116806e-22,-3.676856574623099e-21,-8.460679237135754e-23,5.00565589936556e-21,5.0948019195126996e-20,1.1723461044209772e-21,0,70,255.0,255.0,255.0
1861,93.05000000000001,75.907,-0.236,-46.015,-1.4270388942879083e-22,-1.4524531138384499e-21,-3.342186363205049e-23,3.7362724283275425e-21,3.802811923623874e-20,8.750510451508395e-22,0,70,255.0,255.0,255.0
1862,93.10000000000001,75.907,-0.236,-46.015,1.2375145211636047e-23,1.2595534900128187e-22,2.8983121437381003e-24,2.4668889572898848e-21,2.5108219277354146e-20,5.777559858807862e-22,0,70,255.0,255.0,255.0
1863,93.15,75.907,-0.236,-46.015,1.0398500630018363e-22,1.058368813896821e-21,2.4353734956024858e-23,1.1975054862522279e-21,1.2188319318469559e-20,2.80460926610733e-22,0,70,255.0,255.0,255.0
1864,93.2,75.907,-0.236,-46.015,1.3212569383685204e-22,1.3447872808481679e-21,3.0944404804809766e-23,-7.18779847854294e-23,-7.315806404150333e-22,-1.6834132659320136e-23,0,70,255.0,255.0,255.0
1865,93.25,75.907,-0.236,-46.015,9.679720782164109e-23,9.852107498553233e-22,2.2670321690092926e-23,-1.3412614558230873e-21,-1.3651480599299614e-20,-3.1412919192937355e-22,0,70,255.0,255.0,255.0
1866,93.30000000000001,75.907,-0.236,-46.015,3.8237391929224716e-23,3.8918363889708215e-22,8.955361369751034e-24,-1.0011311798730347e-21,-1.0189603839024611e-20,-2.3446922088417736e-22,0,70,255.0,255.0,255.0
1867,93.35000000000001,75.907,-0.236,-46.015,-3.3159101656757635e-24,-3.3749634047273716e-23,-7.766003983279399e-25,-6.61000903923079e-22,-6.727727078750589e-21,-1.5480924983900383e-22,0,70,255.0,255.0,255.0
1868,93.4,75.907,-0.236,-46.015,-2.786269846307942e-23,-2.8358906897793863e-22,-6.525563614148467e-24,-3.2087062797312326e-22,-3.2658503184765697e-21,-7.51492787938303e-23,0,70,255.0,255.0,255.0
1869,93.45,75.907,-0.236,-46.015,-3.540297296298623e-23,-3.603346658949119e-22,-8.291528277710543e-24,1.9259647976832633e-23,1.9602644179745231e-22,4.510692251343268e-24,0,70,255.0,255.0,255.0
1870,93.5,75.907,-0.236,-46.015,-2.593673366539628e-23,-2.6398642479819474e-22,-6.0744943890141635e-24,3.593899239267881e-22,3.657903202071471e-21,8.417066329651677e-23,0,70,255.0,255.0,255.0
1871,93.55000000000001,75.907,-0.236,-46.015,-1.0245678288108092e-23,-1.0428144174987882e-22,-2.399581846953663e-24,2.6825229116459665e-22,2.7302961198597124e-21,6.282583838586985e-23,0,70,255.0,255.0,255.0
1872,93.60000000000001,75.907,-0.236,-46.015,8.884954510669688e-25,9.043187187812962e-24,2.0808944957365987e-25,1.7711465840243112e-22,1.8026890376482172e-21,4.148101347522898e-23,0,70,255.0,255.0,255.0
1873,93.65,75.907,-0.236,-46.015,7.465787552134012e-24,7.598746201493267e-23,1.748519500568999e-24,8.59770256402656e-23,8.75081955436722e-22,2.013618856458812e-23,0,70,255.0,255.0,255.0
1874,93.7,75.907,-0.236,-46.015,9.486198015093028e-24,9.65513827314801e-23,2.2217083060323566e-24,-5.160607121899953e-24,-5.2525126774772897e-23,-1.2086363460527493e-24,0,70,255.0,255.0,255.0
1875,93.75,75.907,-0.236,-46.015,6.949726839944046e-24,7.073494933745558e-23,1.6276558659637313e-24,-9.629823988406549e-23,-9.801322089862685e-22,-2.2553461256693607e-23,0,70,255.0,255.0,255.0
1876,93.80000000000001,75.907,-0.236,-46.015,2.745321223207651e-24,2.7942128102433194e-23,6.42966018063616e-25,-7.187798478535207e-23,-7.315806404142377e-22,-1.683413265930205e-23,0,70,255.0,255.0,255.0
1877,93.85000000000001,75.907,-0.236,-46.015,-2.3807163859212123e-25,-2.423114703977962e-24,-5.575739996669879e-26,-4.745772968664558e-23,-4.830290718422775e-22,-1.111480406191212e-23,0,70,255.0,255.0,255.0
1878,93.9,75.907,-0.236,-46.015,-2.000451745456638e-24,-2.0360779081791806e-23,-4.685143881275331e-25,-2.30374745879391e-23,-2.3447750327031736e-22,-5.395475464522191e-24,0,70,255.0,255.0,255.0
1879,93.95,75.907,-0.236,-46.015,-2.5418190973858987e-24,-2.5870865031008352e-23,-5.953049464188868e-25,1.3827805107673791e-24,1.4074065301642848e-23,3.2385313286773783e-25,0,70,255.0,255.0,255.0
1880,94.0,75.907,-0.236,-46.015,-1.8621736943799054e-24,-1.8953372551627598e-23,-4.361290748407615e-25,2.580303560947388e-23,2.62625633873603e-22,6.0431817302576664e-24,0,70,255.0,255.0,255.0
1881,94.05000000000001,75.907,-0.236,-46.015,-7.356066047225119e-25,-7.487070659853952e-24,-1.7228222530080054e-25,1.9259647976811612e-23,1.9602644179723851e-22,4.510692251338373e-24,0,70,255.0,255.0,255.0
1882,94.10000000000001,75.907,-0.236,-46.015,6.37911033015131e-26,6.492716280988721e-25,1.4940150293136036e-26,1.2716260344151202e-23,1.29427249720893e-22,2.978202772419516e-24,0,70,255.0,255.0,255.0
1883,94.15,75.907,-0.236,-46.015,5.360194296925361e-25,5.455654312234611e-24,1.2553805194113406e-25,6.172872711490792e-24,6.282805764454743e-23,1.4457132935006586e-24,0,70,255.0,255.0,255.0
1884,94.2,75.907,-0.236,-46.015,6.810783744505566e-25,6.932077392553258e-24,1.5951147964319366e-25,-3.705149211696164e-25,-3.771134431798118e-24,-8.677618541819905e-26,0,70,255.0,255.0,255.0
1885,94.25,75.907,-0.236,-46.015,4.98967937575576e-25,5.0785408690548216e-24,1.168604333993147e-25,-6.913902553830028e-24,-7.037032650814362e-23,-1.6192656643370563e-24,0,70,255.0,255.0,255.0
1886,94.30000000000001,75.907,-0.236,-46.015,1.9710519568239724e-25,2.006154536982619e-24,4.616288313958623e-26,-5.160607121894377e-24,-5.252512677471653e-23,-1.2086363460514397e-24,0,70,255.0,255.0,255.0
1887,94.35000000000001,75.907,-0.236,-46.015,-1.7092774613930677e-26,-1.7397180841753322e-25,-4.00320120584539e-27,-3.4073116899592245e-24,-3.467992704129452e-23,-7.980070277659397e-25,0,70,255.0,255.0,255.0
1888,94.4,75.907,-0.236,-46.015,-1.436259733135058e-25,-1.461838167146636e-24,-3.3637819637003184e-26,-1.6540162580240716e-24,-1.683472730787251e-23,-3.873777094804399e-25,0,70,255.0,255.0,255.0
1889,94.45,75.907,-0.236,-46.015,-1.8249440041632847e-25,-1.857444539204689e-24,-4.274097215388717e-26,9.927917391108063e-26,1.0104724255494952e-24,2.3251608805060035e-26,0,70,255.0,255.0,255.0
1890,94.5,75.907,-0.236,-46.015,-1.3369805592239844e-25,-1.3607909245916917e-24,-3.131265875649737e-26,1.852574605846233e-24,1.885567215897151e-23,4.338809270905596e-25,0,70,255.0,255.0,255.0
1891,94.55000000000001,75.907,-0.236,-46.015,-5.281417800707676e-26,-5.375474880765257e-25,-1.2369307257544418e-26,1.3827805107658987e-24,1.4074065301627637e-23,3.238531328673862e-25,0,70,255.0,255.0,255.0
1892,94.60000000000001,75.907,-0.236,-46.015,4.5799951542099095e-27,4.661560557125985e-26,1.0726545302455764e-27,9.129864156856982e-25,9.292458444285122e-24,2.138253386442441e-25,0,70,255.0,255.0,255.0
1893,94.65,75.907,-0.236,-46.015,3.84844635614879e-26,3.9169835635193345e-25,9.013226606878777e-27,4.431923206054976e-25,4.510851586942608e-24,1.0379754442110197e-25,0,70,255.0,255.0,255.0
1894,94.7,75.907,-0.236,-46.015,4.8899227214757115e-26,4.977007642654956e-25,1.145240897235518e-26,-2.6601774474702805e-26,-2.7075527039990388e-25,-6.2302498020401704e-27,0,70,255.0,255.0,255.0
1895,94.75,75.907,-0.236,-46.015,3.5824286114017745e-26,3.646228293119446e-25,8.390201626674793e-27,-4.9639586955490365e-25,-5.05236212774242e-24,-1.1625804402518226e-25,0,70,255.0,255.0,255.0
1896,94.80000000000001,75.907,-0.236,-46.015,1.4151516345909775e-26,1.4403541532348368e-25,3.314345890591452e-27,-3.7051492116921802e-25,-3.7711344317940105e-24,-8.677618541810521e-26,0,70,255.0,255.0,255.0
1897,94.85000000000001,75.907,-0.236,-46.015,-1.227206002909004e-27,-1.2490613867506776e-26,-2.8741691513688627e-28,-2.4463397278356816e-25,-2.4899067358459654e-24,-5.729432681103654e-26,0,70,255.0,255.0,255.0
1898,94.9,75.907,-0.236,-46.015,-1.0311880932445651e-26,-1.0495525826109866e-25,-2.415086790511875e-27,-1.187530243979183e-25,-1.2086790398979203e-24,-2.7812468203967853e-26,0,70,255.0,255.0,255.0
1899,94.95,75.907,-0.236,-46.015,-1.310250844270016e-26,-1.33358517857292e-25,-3.0686637355335157e-27,7.127923987731602e-27,7.254865605012545e-26,1.669390403100807e-27,0,70,255.0,255.0,255.0
1900,95.0,75.907,-0.236,-46.015,-9.599088533672536e-27,-9.770039265608664e-26,-2.248147750201803e-27,1.3300887237338132e-25,1.3537763519981701e-24,3.11512490101695e-26,0,70,255.0,255.0,255.0
1901,95.05000000000001,75.907,-0.236,-46.015,-3.791887376562356e-27,-3.85941732174088e-26,-8.880763048213897e-28,9.927917391097303e-26,1.0104724255484058e-24,2.325160880503466e-26,0,70,255.0,255.0,255.0
1902,95.10000000000001,75.907,-0.236,-46.015,3.288288574260927e-28,3.346849898767445e-27,7.701313030197356e-29,6.554947544857433e-26,6.671684990987392e-25,1.5351968599902065e-26,0,70,255.0,255.0,255.0
1903,95.15,75.907,-0.236,-46.015,2.763060168294703e-27,2.812267669246132e-26,6.47120555168729e-28,3.181977698617563e-26,3.238645726490725e-25,7.452328394769468e-27,0,70,255.0,255.0,255.0
1904,95.2,75.907,-0.236,-46.015,3.510806556043476e-27,3.573330716367285e-26,8.222459697788774e-28,-1.9099214762230734e-27,-1.9439353800594243e-26,-4.473118103631266e-28,0,70,255.0,255.0,255.0
1905,95.25,75.907,-0.236,-46.015,2.5720680206724056e-27,2.6178741312402006e-26,6.023893741324184e-28,-3.563961993862179e-26,-3.62743280250261e-25,-8.346952015495727e-27,0,70,255.0,255.0,255.0
1906,95.30000000000001,75.907,-0.236,-46.015,1.016033160339652e-27,1.0341277546151552e-26,2.3795932869410686e-28,-2.660177447467421e-26,-2.7075527039961313e-25,-6.230249802033418e-27,0,70,255.0,255.0,255.0
1907,95.35000000000001,75.907,-0.236,-46.015,-8.810942679537067e-29,-8.967857275629216e-28,-2.0635606071006653e-29,-1.7563929010729192e-26,-1.7876726054899138e-25,-4.11354758857171e-27,0,70,255.0,255.0,255.0
1908,95.4,75.907,-0.236,-46.015,-7.403597407331674e-28,-7.535448508746566e-27,-1.7339543016304088e-28,-8.52608354678418e-27,-8.677925069836963e-26,-1.996845375110003e-27,0,70,255.0,255.0,255.0
1909,95.45,75.907,-0.236,-46.015,-9.407177814737397e-28,-9.574710797399386e-27,-2.203201435819955e-28,5.117619171608355e-28,5.2087591522521225e-27,1.1985683835170364e-28,0,70,255.0,255.0,255.0
1910,95.5,75.907,-0.236,-46.015,-6.891835490170873e-28,-7.014572593521387e-27,-1.6140974632787095e-28,9.549607381105848e-27,9.719676900287386e-26,2.236559051813412e-27,0,70,255.0,255.0,255.0
1911,95.55000000000001,75.907,-0.236,-46.015,-2.7224526479625115e-28,-2.770936967197411e-27,-6.376100995503805e-29,7.127923987723807e-27,7.25486560500466e-26,1.6693904030990162e-27,0,70,255.0,255.0,255.0
1912,95.60000000000001,75.907,-0.236,-46.015,2.360884975538868e-29,2.4029301148424193e-28,5.529293982052968e-30,4.706240594342455e-27,4.790054309722634e-26,1.102221754384782e-27,0,70,255.0,255.0,255.0
1913,95.65,75.907,-0.236,-46.015,1.9837879463796767e-28,2.019117342524951e-27,4.646116548343389e-29,2.2845572009611035e-27,2.3252430144406084e-26,5.350531056705475e-28,0,70,255.0,255.0,255.0
1914,95.7,75.907,-0.236,-46.015,2.5206456985148576e-28,2.5655360259247162e-27,5.903460454910467e-29,-1.3712619242024836e-28,-1.3956828084141662e-27,-3.211554304368689e-29,0,70,255.0,255.0,255.0
1915,95.75,75.907,-0.236,-46.015,1.8466617539594362e-28,1.8795490616835415e-27,4.3249611179065396e-29,-2.558809585801601e-27,-2.604379576123443e-26,-5.992841917579213e-28,0,70,255.0,255.0,255.0
1916,95.80000000000001,75.907,-0.236,-46.015,7.294789884535263e-29,7.424703226380904e-28,1.708471112604522e-29,-1.909921476221022e-27,-1.9439353800573268e-26,-4.473118103626479e-28,0,70,255.0,255.0,255.0
1917,95.85000000000001,75.907,-0.236,-46.015,-6.325972226184116e-30,-6.4386318374045e-29,-1.4815698572053596e-30,-1.261033366640628e-27,-1.2834911839913984e-26,-2.9533942896741755e-28,0,70,255.0,255.0,255.0
1918,95.9,75.907,-0.236,-46.015,-5.3155437818703e-29,-5.410208613532349e-28,-1.2449231770694858e-29,-6.1214525706023385e-28,-6.230469879254704e-27,-1.4336704757218733e-28,0,70,255.0,255.0,255.0
1919,95.95,75.907,-0.236,-46.015,-6.754049793220396e-29,-6.874333062994793e-28,-1.5818274614423266e-29,3.674285252016014e-29,3.739720814045824e-28,8.60533382304294e-30,0,70,255.0,255.0,255.0
1920,96.0,75.907,-0.236,-46.015,-4.948115256668715e-29,-5.036236532127794e-28,-1.1588698388390628e-29,6.856309621005543e-28,6.978414042063863e-27,1.6057771521827307e-28,0,70,255.0,255.0,255.0
1921,96.05000000000001,75.907,-0.236,-46.015,-1.954633058515947e-29,-1.9894432335495144e-28,-4.577834549142833e-30,5.117619171602805e-28,5.208759152246485e-27,1.19856838351575e-28,0,70,255.0,255.0,255.0
1922,96.10000000000001,75.907,-0.236,-46.015,1.695039149347738e-30,1.72522620119386e-29,3.969854467684704e-31,3.3789287222005604e-28,3.439104262429609e-27,7.913596148488848e-29,0,70,255.0,255.0,255.0
1923,96.15,75.907,-0.236,-46.015,1.424295663684421e-29,1.449661028879899e-28,3.3357615993455634e-30,1.6402382727983165e-28,1.6694493726127334e-27,3.841508461820196e-29,0,70,255.0,255.0,255.0
1924,96.2,75.907,-0.236,-46.015,1.8097421877329964e-29,1.8419719927320245e-28,4.238493908588448e-30,-9.845217660392817e-30,-1.0020551720414184e-28,-2.305792248484552e-30,0,70,255.0,255.0,255.0
1925,96.25,75.907,-0.236,-46.015,1.3258434870805e-29,1.3494555116757602e-28,3.1051823744971222e-30,-1.8371426260061726e-28,-1.869860407021018e-27,-4.3026669115171066e-29,0,70,255.0,255.0,255.0
1926,96.30000000000001,75.907,-0.236,-46.015,5.2374234952852354e-30,5.330697078171541e-29,1.2266270705261153e-30,-1.371261924201003e-28,-1.3956828084126642e-27,-3.211554304365213e-29,0,70,255.0,255.0,255.0
1927,96.35000000000001,75.907,-0.236,-46.015,-4.541843712068627e-31,-4.622729673709027e-30,-1.0637192986851923e-31,-9.053812223959659e-29,-9.215052098044452e-28,-2.1204416972136293e-29,0,70,255.0,255.0,255.0
1928,96.4,75.907,-0.236,-46.015,-3.81638872867391e-30,-3.8843550198723867e-29,-8.93814626687393e-31,-4.395005205909288e-29,-4.4732761119622625e-28,-1.0293290900620458e-29,0,70,255.0,255.0,255.0
1929,96.45,75.907,-0.236,-46.015,-4.849189577115899e-30,-4.9355490793329154e-29,-1.135701019930506e-30,2.638018121410837e-30,2.6849987411992885e-29,6.178351708953747e-31,0,70,255.0,255.0,255.0
1930,96.5,75.907,-0.236,-46.015,-3.55258691653284e-30,-3.615855145752479e-29,-8.32031109597861e-31,4.922608830191453e-29,5.010275860202116e-28,1.1528961242411203e-29,0,70,255.0,255.0,255.0
1931,96.55000000000001,75.907,-0.236,-46.015,-1.4033633959814725e-30,-1.4283559771910155e-29,-3.2867373296162775e-31,3.6742852520120604e-29,3.7397208140417473e-28,8.605333823033549e-30,0,70,255.0,255.0,255.0
1932,96.60000000000001,75.907,-0.236,-46.015,1.2169833547971126e-31,1.2386566828976803e-30,2.850227270560891e-32,2.425961673833023e-29,2.46916576788174e-28,5.6817064036567265e-30,0,70,255.0,255.0,255.0
1933,96.65,75.907,-0.236,-46.015,1.0225982778514121e-30,1.0408097906905838e-29,2.394969074040126e-31,1.1776380956539854e-29,1.1986107217217325e-28,2.7580789842799037e-30,0,70,255.0,255.0,255.0
1934,96.7,75.907,-0.236,-46.015,1.2993364311336295e-30,1.322476390011433e-29,3.0431017113358343e-31,-7.068548252505206e-31,-7.194432443827453e-30,-1.65548435096919e-31,0,70,255.0,255.0,255.0
1935,96.75,75.907,-0.236,-46.015,9.519127953263634e-31,9.68865466252313e-30,2.2294206389432164e-31,-1.3190090607040907e-29,-1.342499370598282e-28,-3.0891758544737403e-30,0,70,255.0,255.0,255.0
1936,96.80000000000001,75.907,-0.236,-46.015,3.760300886406561e-31,3.827268305925229e-30,8.806786132039591e-32,-9.845217660382147e-30,-1.0020551720403456e-28,-2.3057922484820618e-30,0,70,255.0,255.0,255.0
1937,96.85000000000001,75.907,-0.236,-46.015,-3.260897071198272e-32,-3.3189705788166445e-31,-7.63716095391533e-33,-6.500344713724337e-30,-6.616109734825059e-29,-1.5224086424906062e-30,0,70,255.0,255.0,255.0
1938,96.9,75.907,-0.236,-46.015,-2.740043827317405e-31,-2.788841428899454e-30,-6.417300292865603e-32,-3.155471767066528e-30,-3.211667749246662e-29,-7.390250364991503e-31,0,70,255.0,255.0,255.0
1939,96.95,75.907,-0.236,-46.015,-3.4815614741861725e-31,-3.543564807128142e-30,-8.153966460382614e-32,1.8940117959128174e-31,1.927742363317329e-30,4.4358569492305495e-32,0,70,255.0,255.0,255.0
1940,97.0,75.907,-0.236,-46.015,-2.5506426477261347e-31,-2.5960671925677342e-30,-5.973714597942573e-32,3.53427412624909e-30,3.59721622191013e-29,8.277421754837614e-31,0,70,255.0,255.0,255.0
1941,97.05000000000001,75.907,-0.236,-46.015,-1.0075695858115171e-31,-1.0255134517907552e-30,-2.359771231995597e-32,2.638018121407977e-30,2.684998741196357e-29,6.1783517089470035e-31,0,70,255.0,255.0,255.0
1942,97.10000000000001,75.907,-0.236,-46.015,8.737547368219467e-33,8.893154862898152e-32,2.0463711100525533e-33,1.741762116567119e-30,1.7727812604828438e-29,4.07928166305699e-31,0,70,255.0,255.0,255.0
1943,97.15,75.907,-0.236,-46.015,7.341925307555031e-32,7.4726780869198765e-31,1.7195104310611605e-32,8.455061117262606e-31,8.6056377976933e-30,1.980211617166976e-31,0,70,255.0,255.0,255.0
1944,97.2,75.907,-0.236,-46.015,9.328815854084067e-32,9.49495328398262e-31,2.184848728172119e-32,-5.074989311459795e-32,-5.165370094418353e-31,-1.1885842872303851e-32,0,70,255.0,255.0,255.0
1945,97.25,75.907,-0.236,-46.015,6.834426376409073e-32,6.956141077478062e-31,1.600652002338129e-32,-9.470058979554562e-31,-9.638711816576973e-30,-2.217928474613053e-31,0,70,255.0,255.0,255.0
1946,97.30000000000001,75.907,-0.236,-46.015,2.699774568395084e-32,2.7478550123779357e-31,6.322987959427968e-33,-7.068548252497634e-31,-7.194432443819703e-30,-1.655484350967395e-31,0,70,255.0,255.0,255.0
1947,97.35000000000001,75.907,-0.236,-46.015,-2.3412187608950478e-33,-2.3829136634260247e-32,-5.483234862948745e-34,-4.667037525441387e-31,-4.750153071063128e-30,-1.0930402273218974e-31,0,70,255.0,255.0,255.0
1948,97.4,75.907,-0.236,-46.015,-1.9672629570460375e-32,-2.002298058684921e-31,-4.607414313790386e-33,-2.2655267983851416e-31,-2.3058736983065527e-30,-5.305961036763995e-32,0,70,255.0,255.0,255.0
1949,97.45,75.907,-0.236,-46.015,-2.499648674474516e-32,-2.544165064649023e-31,-5.8542845230585644e-33,1.35983928671104e-32,1.3840567445002332e-31,3.1848019969098206e-33,0,70,255.0,255.0,255.0
1950,97.5,75.907,-0.236,-46.015,-1.831279028374942e-32,-1.863892384234908e-31,-4.288934114099418e-33,2.5374946557273496e-31,2.5826850472065962e-30,5.942921436145959e-32,0,70,255.0,255.0,255.0
1951,97.55000000000001,75.907,-0.236,-46.015,-7.234024154651612e-33,-7.362855316041912e-32,-1.6942395177558978e-33,1.8940117959107658e-31,1.9277423633152452e-30,4.435856949225761e-32,0,70,255.0,255.0,255.0
1952,97.60000000000001,75.907,-0.236,-46.015,6.273276753607669e-34,6.384997908059486e-33,1.4692283512693582e-34,1.2505289360943646e-31,1.2727996794240806e-30,2.9287924623059917e-32,0,70,255.0,255.0,255.0
1953,97.65,75.907,-0.236,-46.015,5.271265206291323e-33,5.365141478198168e-32,1.2345529445499272e-33,6.070460762779636e-32,6.1785699553291605e-31,1.4217279753862223e-32,0,70,255.0,255.0,255.0
1954,97.7,75.907,-0.236,-46.015,6.697788438140049e-33,6.817069746134758e-32,1.5686508105130756e-33,-3.643678353843738e-33,-3.7085688358248886e-32,-8.533651153354644e-34,0,70,255.0,255.0,255.0
1955,97.75,75.907,-0.236,-46.015,4.90689737090697e-33,4.994284594615707e-32,1.1492164330163863e-33,-6.799196433548386e-32,-6.920283722494132e-31,-1.5924009984533163e-32,0,70,255.0,255.0,255.0
1956,97.80000000000001,75.907,-0.236,-46.015,1.938350934655621e-33,1.9728711403882887e-32,4.539701115956241e-34,-5.074989311454308e-32,-5.165370094412793e-31,-1.1885842872291001e-32,0,70,255.0,255.0,255.0
1957,97.85000000000001,75.907,-0.236,-46.015,-1.6809194054801554e-34,-1.710854997977758e-33,-3.936785421287271e-35,-3.35078218936072e-32,-3.4104564663319523e-31,-7.847675760049988e-33,0,70,255.0,255.0,255.0
1958,97.9,75.907,-0.236,-46.015,-1.412431254704909e-33,-1.4375853259434698e-32,-3.3079746440933025e-34,-1.6265750672671324e-32,-1.6555428382511115e-31,-3.8095086478089743e-33,0,70,255.0,255.0,255.0
1959,97.95,75.907,-0.236,-46.015,-1.794667007815054e-33,-1.8266283380487934e-32,-4.203187189937484e-34,9.763205482645523e-34,9.937078982972842e-33,2.2865846443203967e-34,0,70,255.0,255.0,255.0
1960,98.0,75.907,-0.236,-46.015,-1.3147991998784577e-33,-1.3382145361137479e-32,-3.0793161796612742e-34,1.821839176920043e-32,1.8542844179105688e-31,4.2668255766730516e-33,0,70,255.0,255.0,255.0
1961,98.05000000000001,75.907,-0.236,-46.015,-5.193795839708732e-34,-5.286292455112416e-33,-1.216409286265991e-34,1.3598392867095719e-32,1.3840567444987195e-31,3.1848019969063864e-33,0,70,255.0,255.0,255.0
1962,98.10000000000001,75.907,-0.236,-46.015,4.5040086831295475e-35,4.584220838515659e-34,1.0548581724553758e-35,8.978393964992318e-33,9.138290710870041e-32,2.102778417140028e-33,0,70,255.0,255.0,255.0
1963,98.15,75.907,-0.236,-46.015,3.784598125283075e-34,3.851998255757104e-33,8.863691308739172e-35,4.35839506288892e-33,4.4360139767528865e-32,1.0207548373736705e-33,0,70,255.0,255.0,255.0
1964,98.2,75.907,-0.236,-46.015,4.808795931201626e-34,4.894436060604197e-33,1.1262406546191496e-34,-2.6160383921447946e-34,-2.6626275736427005e-33,-6.126874239268744e-35,0,70,255.0,255.0,255.0
1965,98.25,75.907,-0.236,-46.015,3.522994286068616e-34,3.585735498392847e-33,8.25100388481234e-35,-4.881602741317875e-33,-4.968539491481429e-32,-1.143292322159045e-33,0,70,255.0,255.0,255.0
1966,98.30000000000001,75.907,-0.236,-46.015,1.3916740122787116e-34,1.4164584165667835e-33,3.259360291077231e-35,-3.643678353839804e-33,-3.708568835820852e-32,-8.533651153345444e-34,0,70,255.0,255.0,255.0
1967,98.35000000000001,75.907,-0.236,-46.015,-1.2068406777167472e-35,-1.2283333742850015e-34,-2.826472685342427e-36,-2.4057539663620852e-33,-2.448598180160633e-32,-5.63437908510126e-34,0,70,255.0,255.0,255.0
1968,98.4,75.907,-0.236,-46.015,-1.0140799540832368e-34,-1.0321397635937098e-33,-2.375018794023709e-35,-1.1678295788843662e-33,-1.1886275245004144e-32,-2.7351070168570773e-34,0,70,255.0,255.0,255.0
1969,98.45,75.907,-0.236,-46.015,-1.288513646655975e-34,-1.311460861928847e-33,-3.0177542853911635e-35,7.009480859335255e-35,7.134313115980475e-34,1.6416505138710618e-35,0,70,255.0,255.0,255.0
1970,98.5,75.907,-0.236,-46.015,-9.439851454898882e-35,-9.607966324339087e-34,-2.2108537426366148e-35,1.3080191960710716e-33,1.331313786820024e-32,3.063437119631287e-34,0,70,255.0,255.0,255.0
1971,98.55000000000001,75.907,-0.236,-46.015,-3.729002094061155e-35,-3.795412111547183e-34,-8.733483016490105e-36,9.763205482634996e-34,9.937078982962091e-33,2.286584644317913e-34,0,70,255.0,255.0,255.0
1972,98.60000000000001,75.907,-0.236,-46.015,3.2335402773741874e-36,3.2911265862433056e-35,7.573090168160352e-37,6.4462190045602185e-34,6.561020097724901e-33,1.50973216900476e-34,0,70,255.0,255.0,255.0
1973,98.65,75.907,-0.236,-46.015,2.7172169104986966e-35,2.7656079861773453e-34,6.363838673556634e-36,3.129232526485441e-34,3.184961212487713e-33,7.328796936916067e-35,0,70,255.0,255.0,255.0
1974,98.7,75.907,-0.236,-46.015,3.4525865542226795e-35,3.51407387111186e-34,8.086105953731682e-36,-1.8775395158933658e-35,-1.9109767274947583e-34,-4.397278162154645e-36,0,70,255.0,255.0,255.0
1975,98.75,75.907,-0.236,-46.015,2.5294629589093685e-35,2.5745103134278765e-34,5.924110857341205e-36,-3.5047404296641146e-34,-3.567156557986666e-33,-8.208252569346989e-35,0,70,255.0,255.0,255.0
1976,98.80000000000001,75.907,-0.236,-46.015,9.992682534575068e-36,1.0170642805208956e-34,2.3403291551881176e-36,-2.6160383921419405e-34,-2.662627573639841e-33,-6.126874239262101e-35,0,70,255.0,255.0,255.0
1977,98.85000000000001,75.907,-0.236,-46.015,-8.657543323292139e-37,-8.811726021232021e-36,-2.027633819217138e-37,-1.7273363546200192e-34,-1.7580985892932736e-33,-4.045495909177804e-35,0,70,255.0,255.0,255.0
1978,98.9,75.907,-0.236,-46.015,-7.280681011624137e-36,-7.41034308772278e-35,-1.7051667539894564e-36,-8.386343170980979e-35,-8.535696049467061e-34,-1.9641175790935074e-35,0,70,255.0,255.0,255.0
1979,98.95,75.907,-0.236,-46.015,-9.252097503309713e-36,-9.416868651589782e-35,-2.1668809610151117e-36,5.00677204238238e-36,5.095937939986132e-35,1.1726075099078876e-36,0,70,255.0,255.0,255.0
1980,99.0,75.907,-0.236,-46.015,-6.780003807385937e-36,-6.900749293724205e-35,-1.5879060029986734e-36,9.387697579457451e-35,9.554883637464284e-34,2.1986390810750863e-35,0,70,255.0,255.0,255.0
1981,99.05000000000001,75.907,-0.236,-46.015,-2.6807091976887195e-36,-2.7284501053639896e-35,-6.2783360426236575e-37,7.009480859327689e-35,7.1343131159727825e-34,1.641650513869271e-35,0,70,255.0,255.0,255.0
1982,99.10000000000001,75.907,-0.236,-46.015,2.2947705194268717e-37,2.3356382224952912e-36,5.374451087081692e-38,4.6312641391986036e-35,4.7137425944819674e-34,1.0846619466636141e-35,0,70,255.0,255.0,255.0
1983,99.15,75.907,-0.236,-46.015,1.9505549415096188e-36,1.9852924891177087e-35,4.568283424011868e-37,2.253047419069518e-35,2.2931720729911532e-34,5.276733794579571e-36,0,70,255.0,255.0,255.0
1984,99.2,75.907,-0.236,-46.015,2.4825244710120766e-36,2.526735895240552e-35,5.8141789032874385e-37,-1.2516930105956806e-36,-1.2739844849966185e-35,-2.9315187747699594e-37,0,70,255.0,255.0,255.0
1985,99.25,75.907,-0.236,-46.015,1.8253856404500597e-36,1.857894040618055e-35,4.27513154653489e-37,-2.503386021188653e-35,-2.547968969990475e-34,-5.863037549533564e-36,0,70,255.0,255.0,255.0
1986,99.30000000000001,75.907,-0.236,-46.015,7.3015425617981055e-37,7.431576162470049e-36,1.7100526186134564e-37,-1.8775395158913474e-35,-1.9109767274927116e-34,-4.3972781621498395e-36,0,70,255.0,255.0,255.0
1987,99.35000000000001,75.907,-0.236,-46.015,-5.215387544153672e-38,-5.308268687490993e-37,-1.2214661561553254e-38,-1.2516930105942196e-35,-1.273984484995129e-34,-2.9315187747665316e-36,0,70,255.0,255.0,255.0
1988,99.4,75.907,-0.236,-46.015,-5.215387544143382e-37,-5.308268687480513e-36,-1.221466156152909e-37,-6.258465052970919e-36,-6.369922424975463e-35,-1.4657593873832237e-36,0,70,255.0,255.0,255.0
1989,99.45,75.907,-0.236,-46.015,-6.780003807385933e-37,-6.900749293724196e-36,-1.5879060029986724e-37,3.581504711523542e-49,3.634960005725386e-48,8.352389719038111e-50,0,70,255.0,255.0,255.0
1990,99.5,75.907,-0.236,-46.015,-5.215387544143028e-37,-5.308268687480157e-36,-1.2214661561528257e-37,6.258465052971634e-36,6.369922424976188e-35,1.4657593873833908e-36,0,70,255.0,255.0,255.0
1991,99.55000000000001,75.907,-0.236,-46.015,-2.3990782703052232e-37,-2.4418035962402934e-36,-5.618744318301666e-38,5.0067720423770226e-36,5.09593793998066e-35,1.172607509906646e-36,0,70,255.0,255.0,255.0
1992,99.60000000000001,75.907,-0.236,-46.015,-2.0861550176540035e-38,-2.123307474988808e-37,-4.8858646246038095e-39,3.7550790317827666e-36,3.821953454985495e-35,8.794556324299845e-37,0,70,255.0,255.0,255.0
1993,99.65,75.907,-0.236,-46.015,1.3560007614773303e-37,1.3801498587449844e-36,3.175812005997678e-38,2.5033860211885113e-36,2.5479689699903295e-35,5.86303754953323e-37,0,70,255.0,255.0,255.0
1994,99.7,75.907,-0.236,-46.015,2.294770519422968e-37,2.335638222491302e-36,5.374451087072515e-38,1.251693010594256e-36,1.2739844849951645e-35,2.931518774766615e-37,0,70,255.0,255.0,255.0
1995,99.75,75.907,-0.236,-46.015,2.6076937720715135e-37,2.654134343740078e-36,6.107330780764129e-38,0.0,-5.345529420184391e-51,-1.6704779438076223e-52,0,70,255.0,255.0,255.0
1996,99.80000000000001,75.907,-0.236,-46.015,2.2947705194227895e-37,2.3356382224911237e-36,5.374451087072099e-38,-1.2516930105946111e-36,-1.2739844849955274e-35,-2.931518774767449e-37,0,70,255.0,255.0,255.0
1997,99.85000000000001,75.907,-0.236,-46.015,1.3560007614769734e-37,1.380149858744623e-36,3.1758120059968455e-38,-2.5033860211888665e-36,-2.547968969990692e-35,-5.863037549534063e-37,0,70,255.0,255.0,255.0
1998,99.9,75.907,-0.236,-46.015,-2.086155017659349e-38,-2.1233074749942356e-37,-4.885864624616307e-39,-3.755079031783122e-36,-3.821953454985857e-35,-8.794556324300677e-37,0,70,255.0,255.0,255.0
1999,99.95,75.907,-0.236,-46.015,-2.3990782703059353e-37,-2.4418035962410167e-36,-5.618744318303332e-38,-5.0067720423773774e-36,-5.095937939981021e-35,-1.1726075099067292e-36,0,70,255.0,255.0,255.0
