idx,t,px,py,pz,vx,vy,vz,ax,ay,az,yaw,mode,ledr,ledg,ledb
0,0.0,4.5,-3.0,0.0,-1.9588449409199512e-19,2.694014491255803e-19,0.019030436778708193,2.3506139291039416e-18,-3.2328173895069633e-18,-0.5155652413444983,0,70,255.0,255.0,255.0
1,0.05,4.5,-3.0,0.00030909572403349495,-9.010686728231773e-20,1.2392466659776693e-19,-0.006625999081794231,1.8804911432831534e-18,-2.5862539116055706e-18,-0.5106921930755987,0,70,255.0,255.0,255.0
2,0.1,4.5,-3.0,-0.000658539034622007,-7.835379763679779e-21,1.0776057965023204e-20,-0.03203878252885167,1.4103683574623649e-18,-1.939690433704178e-18,-0.505819144806699,0,70,255.0,255.0,255.0
3,0.15000000000000002,4.5,-3.0,-0.002890721655294257,5.0929968463918754e-20,-7.004437677265088e-20,-0.05720791356246414,9.402455716415765e-19,-1.2931269558027851e-18,-0.5009460965377992,0,70,255.0,255.0,255.0
4,0.2,4.5,-3.0,-0.006375269517311004,8.618917740047788e-20,-1.1853663761525532e-19,-0.08213339218263159,4.701227858207882e-19,-6.465634779013924e-19,-0.49607304826889953,0,70,255.0,255.0,255.0
5,0.25,4.5,-3.0,-0.0111,9.794224704599756e-20,-1.3470072456279015e-19,-0.1068152183893541,0.0,0.0,-0.4912000000000001,0,70,255.0,255.0,255.0
6,0.30000000000000004,4.5,-3.0,-0.017052730482689002,8.618917740047783e-20,-1.185366376152553e-19,-0.13125339218263163,-4.701227858207887e-19,6.465634779013932e-19,-0.48632695173110047,0,70,255.0,255.0,255.0
7,0.35000000000000003,4.5,-3.0,-0.02422127834470575,5.0929968463918694e-20,-7.004437677265083e-20,-0.15544791356246415,-9.40245571641577e-19,1.2931269558027857e-18,-0.48145390346220085,0,70,255.0,255.0,255.0
8,0.4,4.5,-3.0,-0.032593460965378,-7.835379763679839e-21,1.077605796502324e-20,-0.1793987825288517,-1.410368357462365e-18,1.9396904337041782e-18,-0.4765808551933012,0,70,255.0,255.0,255.0
9,0.45,4.5,-3.0,-0.042157095724033505,-9.01068672823178e-20,1.2392466659776698e-19,-0.20310599908179428,-1.8804911432831534e-18,2.586253911605571e-18,-0.47170780692440156,0,70,255.0,255.0,255.0
10,0.5,4.5,-3.0,-0.0529,-1.9588449409199512e-19,2.694014491255803e-19,-0.22656956322129185,-2.350613929103942e-18,3.2328173895069637e-18,-0.4668347586555024,0,70,255.0,255.0,255.0
11,0.55,4.5,-3.0,-0.06480937379327753,-2.546498423195937e-19,3.502218838632544e-19,-0.24975243218767942,1.925929944387236e-33,-2.6963019221421302e-33,-0.4604799999999999,0,70,255.0,255.0,255.0
12,0.6000000000000001,4.5,-3.0,-0.07786994758655505,-1.9588449409199497e-19,2.6940144912557996e-19,-0.2726175632212919,2.350613929103946e-18,-3.232817389506969e-18,-0.45412524134449744,0,70,255.0,255.0,255.0
13,0.65,4.5,-3.0,-0.09206583448319379,-1.958844940919941e-20,2.6940144912558015e-20,-0.2951649563221292,4.701227858207883e-18,-6.46563477901393e-18,-0.44777048268899494,0,70,255.0,255.0,255.0
14,0.7000000000000001,4.5,-3.0,-0.10738114758655504,2.7423829172879367e-19,-3.7716202877581317e-19,-0.3173946114901913,7.051841787311827e-18,-9.698452168520896e-18,-0.44141572403349244,0,70,255.0,255.0,255.0
15,0.75,4.5,-3.0,-0.1238,6.855957293219829e-19,-9.429050719395311e-19,-0.33930652872547834,9.402455716415766e-18,-1.2931269558027855e-17,-0.4350609653779922,0,70,255.0,255.0,255.0
16,0.8,4.5,-3.0,-0.14130657434420096,9.32410191877897e-19,-1.2823508978377623e-18,-0.3609048790666507,4.701227858207805e-19,-6.465634779013831e-19,-0.4288730482689007,0,70,255.0,255.0,255.0
17,0.8500000000000001,4.5,-3.0,-0.1598853313090742,7.32608007904061e-19,-1.0075614197296693e-18,-0.3821938335523684,-8.462210144774205e-18,1.1638142602225089e-17,-0.4226851311598092,0,70,255.0,255.0,255.0
18,0.9,4.5,-3.0,-0.1795208011018469,8.618917740047706e-20,-1.1853663761525542e-19,-0.4031733921826316,-1.739454307536917e-17,2.3922848682351536e-17,-0.4164972140507177,0,70,255.0,255.0,255.0
19,0.9500000000000001,4.5,-3.0,-0.2001975139297464,-1.0068462996328572e-18,1.3847234485054852e-18,-0.42384355495744025,-2.632687600596416e-17,3.620755476247801e-17,-0.4103092969416262,0,70,255.0,255.0,255.0
20,1.0,4.5,-3.0,-0.2219,-2.5464984231959367e-18,3.502218838632544e-18,-0.44420432187679426,-3.525920893655913e-17,4.8492260842604476e-17,-0.40412137983253693,0,70,255.0,255.0,255.0
21,1.05,4.5,-3.0,-0.24461232882991865,-3.474990925191995e-18,4.779181707487796e-18,-0.4642280515457178,-1.880491143283128e-18,2.5862539116055386e-18,-0.3968278069244027,0,70,255.0,255.0,255.0
22,1.1,4.5,-3.0,-0.26831672717714833,-2.7345475375242496e-18,3.760844229793097e-18,-0.48388710256923456,3.1498226649992876e-17,-4.33197530193934e-17,-0.38953423401626847,0,70,255.0,255.0,255.0
23,1.1500000000000001,4.5,-3.0,-0.29299496110941875,-3.2516826019270315e-19,4.472064055484506e-19,-0.5031814749473447,6.487694444326887e-17,-8.922575995039233e-17,-0.38224066110813426,0,70,255.0,255.0,255.0
24,1.2000000000000002,4.5,-3.0,-0.3186287966944594,3.753146906802644e-18,-5.1617317652461456e-18,-0.522111168680048,9.825566223654489e-17,-1.3513176688139127e-16,-0.37494708820000006,0,70,255.0,255.0,255.0
25,1.25,4.5,-3.0,-0.3452,9.500397963461764e-18,-1.3065970282590647e-17,-0.5406761837673446,1.3163438002982075e-16,-1.8103777381239e-16,-0.36765351529187207,0,70,255.0,255.0,255.0
26,1.3,4.5,-3.0,-0.37269131033612446,1.2967553508890078e-17,-1.783437593211342e-17,-0.5589349147504787,7.05184178731175e-18,-9.698452168520744e-18,-0.3626957240334942,0,70,255.0,255.0,255.0
27,1.35,4.5,-3.0,-0.40108935998233264,1.0205582142192938e-17,-1.403581549944272e-17,-0.5769457561706941,-1.1753069645519725e-16,1.6164086947534852e-16,-0.35773793277511634,0,70,255.0,255.0,255.0
28,1.4000000000000001,4.5,-3.0,-0.43038175446047855,1.2144838633703429e-18,-1.670288984578546e-18,-0.5947087080279905,-2.421132346977063e-16,3.329801911192178e-16,-0.3527801415167385,0,70,255.0,255.0,255.0
29,1.4500000000000002,4.5,-3.0,-0.46055609929241637,-1.400574132757771e-17,1.9262203612479094e-17,-0.612223770322368,-3.6669577294021524e-16,5.043195127630871e-16,-0.3478223502583606,0,70,255.0,255.0,255.0
30,1.5,4.5,-3.0,-0.4916,-3.545509343065112e-17,4.8761662291730046e-17,-0.6294909430538266,-4.912783111827238e-16,6.756588344069555e-16,-0.34286455899998725,0,70,255.0,255.0,255.0
31,1.55,4.5,-3.0,-0.5235000298255836,-4.839522311036832e-17,6.655832202096589e-17,-0.6464482894523669,-2.6326876005963755e-17,3.620755476247743e-17,-0.3354292969416276,0,70,255.0,255.0,255.0
32,1.6,4.5,-3.0,-0.5562386328935214,-3.8087781031247495e-17,5.2382417767977796e-17,-0.6630338727479894,4.3862455917079634e-16,-6.032437248820006e-16,-0.327994034883268,0,70,255.0,255.0,255.0
33,1.6500000000000001,4.5,-3.0,-0.5897972210486674,-4.532767193288653e-18,6.233949532765755e-18,-0.6792476929406938,9.035759943475563e-16,-1.2426950045264787e-15,-0.32055877282490836,0,70,255.0,255.0,255.0
34,1.7000000000000002,4.5,-3.0,-0.6241572061358757,5.22698184035082e-17,-7.188708268467017e-17,-0.6950897500304802,1.3685274295243165e-15,-1.8821462841709568e-15,-0.3131235107665487,0,70,255.0,255.0,255.0
35,1.75,4.5,-3.0,-0.6593,1.3231997575914272e-16,-1.8198067888432953e-16,-0.7105600440173487,1.8334788647010747e-15,-2.5215975638154317e-15,-0.3056882487081918,0,70,255.0,255.0,255.0
36,1.8,4.5,-3.0,-0.6952077703615409,1.8061333893258322e-16,-2.4839891215175006e-16,-0.7257039274400535,9.825566223654347e-17,-1.3513176688138866e-16,-0.30006708820000194,0,70,255.0,255.0,255.0
37,1.85,4.5,-3.0,-0.731865708443582,1.421455419827971e-16,-1.9549385557246841e-16,-0.740566752837349,-1.6369675402279878e-15,2.2513340300526544e-15,-0.29444592769181205,0,70,255.0,255.0,255.0
38,1.9000000000000001,4.5,-3.0,-0.7692597613448523,1.69165849097843e-17,-2.326550914648445e-17,-0.7551485202092348,-3.3721907426925195e-15,4.637799826986697e-15,-0.28882476718362216,0,70,255.0,255.0,255.0
39,1.9500000000000002,4.5,-3.0,-0.8073758761640819,-1.9507353228645504e-16,2.682861271262017e-16,-0.7694492295557112,-5.10741394515705e-15,7.0242656239207405e-15,-0.2832036066754323,0,70,255.0,255.0,255.0
40,2.0,4.5,-3.0,-0.8462,-4.938248096059197e-16,6.79161053245588e-16,-0.7834688808767781,-6.842637147621574e-15,9.410731420854774e-15,-0.2775824461672469,0,70,255.0,255.0,255.0
41,2.0500000000000003,4.5,-3.0,-0.8857176887282528,-6.740581326199646e-16,9.270373265860347e-16,-0.7971840007874185,-3.6669577294018103e-16,5.043195127630401e-16,-0.27102235025836463,0,70,255.0,255.0,255.0
42,2.1,4.5,-3.0,-0.9259129333321511,-5.304943868999409e-16,7.295930045218962e-16,-0.8105711159026147,6.109245601741155e-15,-8.402092395328615e-15,-0.2644622543494824,0,70,255.0,255.0,255.0
43,2.15,4.5,-3.0,-0.9667693335719233,-6.313357244585126e-17,8.682808705317639e-17,-0.8236302262223666,1.2585186976422492e-14,-1.7308504303420266e-14,-0.2579021584406002,0,70,255.0,255.0,255.0
44,2.2,4.5,-3.0000000000000004,-1.0082704892077972,7.280243107423122e-16,-1.0012574258201362e-15,-0.8363613317466747,1.9061128351103885e-14,-2.6214916211512003e-14,-0.2513420625317179,0,70,255.0,255.0,255.0
45,2.25,4.5,-3.0,-1.0504,1.8429792626645362e-15,-2.5346635340980226e-15,-0.8487644324755385,2.5537069725785223e-14,-3.512132811960365e-14,-0.24478196662283924,0,70,255.0,255.0,255.0
46,2.3000000000000003,4.5,-3.0,-1.0931414747254489,2.5156191915472755e-15,-3.459750394192388e-15,-0.8608400694102732,1.3685274295241905e-15,-1.882146284170776e-15,-0.23824351076655162,0,70,255.0,255.0,255.0
47,2.35,4.5,-3.0000000000000004,-1.1364785582278139,1.979832005616966e-15,-2.7228781625151155e-15,-0.8725887835521936,-2.2800014866736628e-14,3.135703555126181e-14,-0.23170505491026405,0,70,255.0,255.0,255.0
48,2.4000000000000004,4.5,-3.0000000000000004,-1.1803949043674546,2.3561770487359933e-16,-3.2404683906618983e-16,-0.8840105749012998,-4.696855716299767e-14,6.459621738669468e-14,-0.22516659905397646,0,70,255.0,255.0,255.0
49,2.45,4.5,-3.0000000000000004,-1.2248741670047305,-2.7170237106827933e-15,3.7367435761543435e-15,-0.8951054434575914,-7.113709945925847e-14,9.783539922212727e-14,-0.2186281431976889,0,70,255.0,255.0,255.0
50,2.5,4.5,-3.0,-1.2699,-6.878092241052225e-15,9.459493083146502e-15,-0.9058733892210686,-9.530564175551932e-14,1.3107458105755988e-13,-0.21208968734140576,0,70,255.0,255.0,255.0
51,2.5500000000000003,4.5,-2.9999999999999996,-1.315456412369953,-9.388418633569137e-15,1.291196425018352e-14,-0.9163357215714897,-5.107413945156574e-15,7.024265623920074e-15,-0.2064036066754308,0,70,255.0,255.0,255.0
52,2.6,4.499999999999998,-2.999999999999999,-1.361528833756594,-7.388833635567925e-15,1.0161919645538567e-14,-0.9265137498886117,8.509081386520539e-14,-1.1702604980971862e-13,-0.20071752600945592,0,70,255.0,255.0,255.0
53,2.6500000000000004,4.499999999999999,-2.9999999999999987,-1.4081030489582593,-8.79337247048549e-16,1.2093592692115924e-15,-0.9364074741724353,1.7528904167556813e-13,-2.410763652433584e-13,-0.195031445343481,0,70,255.0,255.0,255.0
54,2.7,4.499999999999999,-2.9999999999999987,-1.4551648427732826,1.0140070531988863e-14,-1.394571687879724e-14,-0.9460168944229598,2.654872694859301e-13,-3.651266806769971e-13,-0.1893453646775061,0,70,255.0,255.0,255.0
55,2.75,4.5,-3.0,-1.5027,2.5669389701544364e-14,-3.530330879848799e-14,-0.9553420106401856,3.556854972962921e-13,-4.89176996110636e-13,-0.18365928401152853,0,70,255.0,255.0,255.0
56,2.8000000000000003,4.500000000000002,-3.000000000000002,-1.5506936757947407,3.503805534272928e-14,-4.81881066065417e-14,-0.964345044303767,1.9061128351102143e-14,-2.6214916211509583e-14,-0.17646206253171975,0,70,255.0,255.0,255.0
57,2.85,4.5000000000000036,-3.000000000000005,-1.59912850674581,2.757550253665473e-14,-3.792480041963916e-14,-0.9729882168933577,-3.175632405940849e-13,4.3674716368761256e-13,-0.16926484105191103,0,70,255.0,255.0,255.0
58,2.9000000000000004,4.500000000000004,-3.0000000000000053,-1.64798649979951,3.281731283320603e-15,-4.513390237780189e-15,-0.981271528408958,-6.541876095392748e-13,8.99709243586739e-13,-0.16206761957210225,0,70,255.0,255.0,255.0
59,2.95,4.5000000000000036,-3.0000000000000044,-1.6972496619021396,-3.784325841727267e-14,5.2046123939034614e-14,-0.9891949788505678,-9.908119784844618e-13,1.362671323485861e-12,-0.15487039809229353,0,70,255.0,255.0,255.0
60,3.0,4.5,-3.0,-1.7469,-9.579946656512524e-14,1.3175374211080546e-13,-0.9967585682181872,-1.3274363474296487e-12,1.8256334033849835e-12,-0.14767317661248391,0,70,255.0,255.0,255.0
61,3.0500000000000003,4.499999999999995,-2.999999999999992,-1.7969200844510858,-1.3076380273734793e-13,1.7984046217598328e-13,-1.0039961012134417,-7.113709945925166e-14,9.78353992221179e-14,-0.1418281431976961,0,70,255.0,255.0,255.0
62,3.1,4.4999999999999885,-2.999999999999983,-1.847294739260165,-1.0291317651105098e-13,1.4153728203301805e-13,-1.0109413825379567,1.1851621485111345e-12,-1.6299626049407324e-12,-0.1359831097829083,0,70,255.0,255.0,255.0
63,3.1500000000000004,4.499999999999985,-2.999999999999979,-1.8980093518437025,-1.2247587886233816e-14,1.6844201681909114e-14,-1.0175944121917326,2.441461396481531e-12,-3.3577606091035976e-12,-0.1301380763681205,0,70,255.0,255.0,255.0
64,3.2,4.499999999999988,-2.9999999999999836,-1.9490493096181594,1.4123296313710183e-13,-1.9423877887734136e-13,-1.0239551901747688,3.697760644451918e-12,-5.085558613266448e-12,-0.12429304295333272,0,70,255.0,255.0,255.0
65,3.25,4.5,-3.0,-2.0004,3.575284765589566e-13,-4.917116596447339e-13,-1.030023716487066,4.954059892422303e-12,-6.8133566174292965e-12,-0.11844800953854673,0,70,255.0,255.0,255.0
66,3.3000000000000003,4.500000000000022,-3.00000000000003,-2.052046786400918,4.880171556066625e-13,-6.711737420973913e-13,-1.0357985508424672,2.6548726948590454e-13,-3.6512668067696213e-13,-0.11254536467749997,0,70,255.0,255.0,255.0
67,3.35,4.500000000000044,-3.000000000000062,-2.103974936213529,3.8407720350754924e-13,-5.28224327712433e-13,-1.0412782529548161,-4.423085353450452e-12,6.083103256075314e-12,-0.10664271981645326,0,70,255.0,255.0,255.0
68,3.4000000000000004,4.500000000000057,-3.000000000000078,-2.1561696928256824,4.570862026161484e-14,-6.286341648985615e-14,-1.0464628228241126,-9.111657976386852e-12,1.2531333192827651e-11,-0.10074007495540652,0,70,255.0,255.0,255.0
69,3.45,4.500000000000046,-3.0000000000000626,-2.2086162996252234,-5.270885941311345e-13,7.249089915703302e-13,-1.0513522604503567,-1.3800230599323209e-11,1.8979563129579926e-11,-0.09483743009435981,0,70,255.0,255.0,255.0
70,3.5,4.5,-3.0,-2.2613,-1.3343144396707012e-12,1.83509289646813e-12,-1.0559465658335485,-1.8488803222259566e-11,2.542779306633221e-11,-0.08893478523331311,0,70,255.0,255.0,255.0
71,3.5500000000000003,4.499999999999917,-2.9999999999998863,-2.3142055699452437,-1.8213048196893024e-12,2.504854506213582e-12,-1.0602176954166886,-9.908119784843649e-13,1.3626713234857318e-12,-0.08191039809229178,0,70,255.0,255.0,255.0
72,3.6,4.499999999999833,-2.99999999999977,-2.367315915885718,-1.4333956375191456e-12,1.9713600288167145e-12,-1.0641376056427776,1.650717926529068e-11,-2.2702450419360533e-11,-0.07488601095127051,0,70,255.0,255.0,255.0
73,3.6500000000000004,4.4999999999997895,-2.9999999999997096,-2.4206134768535708,-1.7058689316022508e-13,2.3460946427751666e-13,-1.0677062965118158,3.4005170509065875e-11,-4.6767572162207014e-11,-0.06786162381024918,0,70,255.0,255.0,255.0
74,3.7,4.49999999999983,-2.9999999999997664,-2.474080691880949,1.9671214133874374e-12,-2.7053971874039798e-12,-1.0709237680238026,5.150316175284093e-11,-7.083269390505328e-11,-0.06083723666922791,0,70,255.0,255.0,255.0
75,3.75,4.5,-3.0,-2.5277,4.979729282123848e-12,-6.848659926227786e-12,-1.0737900201787385,6.900115299661593e-11,-9.489781564789952e-11,-0.05381284952820664,0,70,255.0,255.0,255.0
76,3.8000000000000003,4.500000000000307,-3.0000000000004237,-2.581454133818108,6.797202123150544e-12,-9.348244282756937e-12,-1.076322667490777,3.6977606444515525e-12,-5.085558613265955e-12,-0.047493042953338685,0,70,255.0,255.0,255.0
77,3.85,4.500000000000625,-3.0000000000008598,-2.6353270002435982,5.349505346569032e-12,-7.357215787554421e-12,-1.0785393244740724,-6.160563170771226e-11,8.472669842136681e-11,-0.04117323637847078,0,70,255.0,255.0,255.0
78,3.9000000000000004,4.500000000000789,-3.0000000000010845,-2.689302799760036,6.366389523792855e-13,-8.755744406202087e-13,-1.080439991128624,-1.2690902405987664e-10,1.745389554560004e-10,-0.034853429803602815,0,70,255.0,255.0,255.0
79,3.95,4.500000000000634,-3.0000000000008726,-2.7433657328509824,-7.341397059418612e-12,1.0096679758045595e-11,-1.0820246674544325,-1.9221241641204045e-10,2.643512124906331e-10,-0.028533623228734917,0,70,255.0,255.0,255.0
80,4.0,4.5,-3.0,-2.7975,-1.858460268882469e-11,2.5559546808443013e-11,-1.083293353451498,-2.5751580876420427e-10,3.5416346952526584e-10,-0.02221381665386879,0,70,255.0,255.0,255.0
81,4.05,4.499999999998851,-2.9999999999984186,-2.8516898947823255,-2.5367503672912874e-11,3.4888122624814155e-11,-1.0842516346202038,-1.3800230599324081e-11,1.8979563129581056e-11,-0.016117430094363904,0,70,255.0,255.0,255.0
82,4.1000000000000005,4.499999999997667,-2.9999999999967906,-2.905920083139888,-1.9964625748756888e-11,2.7457503121400834e-11,-1.0849050964609344,2.2991534756556045e-10,-3.162043432661096e-10,-0.010021043534858911,0,70,255.0,255.0,255.0
83,4.15,4.499999999997057,-2.9999999999959526,-2.9601753241062863,-2.3759689163569265e-12,3.2676882982033173e-12,-1.0852537389736896,4.736309257304406e-10,-6.513882496617944e-10,-0.003924656975354025,0,70,255.0,255.0,255.0
84,4.2,4.499999999997631,-2.999999999996743,-3.0144403767151235,2.7398466824287002e-11,-3.7681321844778375e-11,-1.0852975621584697,7.173465038953208e-10,-9.865721560574793e-10,0.0021717295841508603,0,70,255.0,255.0,255.0
85,4.25,4.5,-3.0,-3.0687,6.93586814731749e-11,-9.538952730754426e-11,-1.0850365660152745,9.61062082060201e-10,-1.3217560624531642e-09,0.008268116143659299,0,70,255.0,255.0,255.0
86,4.3,4.500000000004291,-3.0000000000059,-3.1229390870525893,9.467281256850093e-11,-1.302042462164997e-10,-1.0844787940284133,5.1503161752843997e-11,-7.083269390505747e-11,0.01404276333078689,0,70,255.0,255.0,255.0
87,4.3500000000000005,4.500000000008709,-3.0000000000119784,-3.177143067196853,7.450899764845853e-11,-1.0247279669804895e-10,-1.083632289682196,-8.580557585545291e-10,1.1800906746430712e-09,0.019817410517914587,0,70,255.0,255.0,255.0
88,4.4,4.500000000010983,-3.0000000000151057,-3.23129750381482,8.867236713048401e-12,-1.2195178752192983e-11,-1.082497052976622,-1.767614678861886e-09,2.431014043191178e-09,0.02559205770504218,0,70,255.0,255.0,255.0
89,4.45,4.500000000008837,-3.0000000000121556,-3.2853879602885256,-1.0225247023772946e-10,1.4062860762106797e-10,-1.0810730839116915,-2.677173599169243e-09,3.681937411739284e-09,0.03136670489216977,0,70,255.0,255.0,255.0
90,4.5,4.5,-3.0,-3.3394,-2.5885012320387494e-10,3.5599856242173405e-10,-1.079360382487405,-3.5867325194765995e-09,4.9328607802873915e-09,0.03714135207930447,0,70,255.0,255.0,255.0
91,4.55,4.499999999983988,-2.999999999977979,-3.3933185570073157,-3.533237466010909e-10,4.859288622411846e-10,-1.0773211892661405,-1.9221241641205253e-10,2.6435121249064996e-10,0.04442637677126588,0,70,255.0,255.0,255.0
92,4.6000000000000005,4.499999999967496,-2.9999999999552975,-3.4471260480727044,-2.7807136484507727e-10,3.8243368367079517e-10,-1.0749177448102785,3.202307686652555e-09,-4.404158355306174e-09,0.051711401463227426,0,70,255.0,255.0,255.0
93,4.65,4.49999999995901,-2.999999999943626,-3.500804260634434,-3.3092977935836723e-11,4.551302671056909e-11,-1.072150049119818,6.596827789717102e-09,-9.072667923102914e-09,0.05899642615518884,0,70,255.0,255.0,255.0
94,4.7,4.499999999967016,-2.999999999954637,-3.554334982130776,3.8161141412663054e-10,-5.248331086394934e-10,-1.0690181021947596,9.991347892781648e-09,-1.3741177490899657e-08,0.06628145084715026,0,70,255.0,255.0,255.0
95,4.75,4.5,-3.0,-3.6077,9.660418113423248e-10,-1.328604722379392e-09,-1.0655219040351027,1.33858679958462e-08,-1.84096870586964e-08,0.07356647553911344,0,70,255.0,255.0,255.0
96,4.800000000000001,4.500000000059756,-3.000000000082183,-3.660881884918146,1.3186221738358632e-09,-1.8135112027482396e-09,-1.0617084489070214,7.173465038951426e-10,-9.865721560572345e-10,0.07897172958413358,0,70,255.0,255.0,255.0
97,4.8500000000000005,4.500000000121306,-3.000000000166832,-3.713866340512332,1.0377764617318505e-09,-1.4272619379851316e-09,-1.0576247310766893,-1.1951174988055689e-08,1.6436542746581626e-08,0.0843769836291536,0,70,255.0,255.0,255.0
98,4.9,4.500000000152976,-3.00000000021039,-3.7666398536474444,1.2350467503029847e-10,-1.6985692809008323e-10,-1.0532707505441061,-2.4619696480006524e-08,3.385965764922048e-08,0.08978223767417365,0,70,255.0,255.0,255.0
99,4.95,4.500000000123098,-3.0000000001692984,-3.819188911188371,-1.4241931862687923e-09,1.9587038269369053e-09,-1.0486465073092721,-3.728821797195735e-08,5.128277255185933e-08,0.09518749171919369,0,70,255.0,255.0,255.0
100,5.0,4.5,-3.0,-3.8715,-3.6053171221654245e-09,4.958420327095833e-09,-1.043752001372187,-4.995673946390819e-08,6.87058874544982e-08,0.1005927457642084,0,70,255.0,255.0,255.0
101,5.050000000000001,4.499999999776988,-2.9999999996932902,-3.9235587033201016,-4.921164948742362e-09,6.768115948751772e-09,-1.038533015105777,-2.677173599168565e-09,3.6819374117383507e-09,0.1081667048921884,0,70,255.0,255.0,255.0
102,5.1000000000000005,4.499999999547283,-2.999999999377375,-3.9753469898779716,-3.873034482082325e-09,5.3266140682697295e-09,-1.032935330882968,4.460239226557021e-08,-6.134201263102034e-08,0.11574066402016826,0,70,255.0,255.0,255.0
103,5.15,4.499999999429084,-2.999999999214815,-4.026845924775792,-4.6092572218535735e-10,6.339146856497583e-10,-1.0269589487037603,9.1881958130309e-08,-1.2636596267377903e-07,0.12331462314814813,0,70,255.0,255.0,255.0
104,5.2,4.499999999540591,-2.9999999993681703,-4.0780365731157415,5.3151613309485425e-09,-7.309982199108129e-09,-1.0206038685681533,1.3916152399504778e-07,-1.9138991271653772e-07,0.13088858227612798,0,70,255.0,255.0,255.0
105,5.25,4.5,-3.0,-4.1289,1.3455226677319373e-08,-1.8505076586003942e-08,-1.0138700904761473,1.8644108985978656e-07,-2.564138627592963e-07,0.13846254140410963,0,70,255.0,255.0,255.0
106,5.300000000000001,4.5000000008322925,-3.0000000011446573,-4.179418501801452,1.8366037621133584e-08,-2.525895259225885e-08,-1.0068314906698657,9.991347892779147e-09,-1.3741177490896142e-08,0.14308145084715285,0,70,255.0,255.0,255.0
107,5.3500000000000005,4.500000001689562,-3.000000002323668,-4.229579299975785,1.4454361466597447e-08,-1.9879194335093782e-08,-0.9995619453914321,-1.6645839407422515e-07,2.2893150777749968e-07,0.14770036029019598,0,70,255.0,255.0,255.0
108,5.4,4.500000002130688,-3.0000000029303497,-4.279370847249392,1.720198213711126e-09,-2.365801814508962e-09,-0.9920614546408462,-3.429081360412294e-07,4.7160419304589556e-07,0.15231926973323912,0,70,255.0,255.0,255.0
109,5.45,4.5000000017145405,-3.0000000023580213,-4.328781596348666,-1.9836452137525366e-08,2.7281224969495604e-08,-0.9843300184181081,-5.193578780082337e-07,7.142768783142914e-07,0.15693817917628225,0,70,255.0,255.0,255.0
110,5.5,4.5,-3.0,-4.3778,-5.021558958711206e-08,6.906188601691993e-08,-0.9763676367232178,-6.958076199752379e-07,9.56949563582687e-07,0.16155708861932805,0,70,255.0,255.0,255.0
111,5.550000000000001,4.499999996893845,-2.99999999572808,-4.426412889474095,-6.854298553579198e-08,9.426769442028362e-08,-0.968077022214755,-3.728821797194794e-08,5.128277255184632e-08,0.17006749171917826,0,70,255.0,255.0,255.0
112,5.6000000000000005,4.499999993694467,-2.999999991327953,-4.474600610218893,-5.3944411384307456e-08,7.419016327210539e-08,-0.9593608875512999,6.212311840313304e-07,-8.543840184789784e-07,0.17857789481902833,0,70,255.0,255.0,255.0
113,5.65,4.499999992048169,-2.9999999890637863,-4.522341886226641,-6.419867132659171e-09,8.829292572386094e-09,-0.9502192327328522,1.2797505860346088e-06,-1.760050809509803e-06,0.1870882979188784,0,70,255.0,255.0,255.0
114,5.7,4.4999999936012465,-2.999999991199746,-4.569615441489595,7.403064721915297e-08,-1.0181491767887428e-07,-0.9406520577594122,1.9382699880378866e-06,-2.6657176005406277e-06,0.19559870101872845,0,70,255.0,255.0,255.0
115,5.75,4.5,-3.0,-4.6164,1.8740713167112888e-07,-2.5774246748167575e-07,-0.9306593626309796,2.596789390041165e-06,-3.5713843915714517e-06,0.2041091041185794,0,70,255.0,255.0,255.0
116,5.800000000000001,4.5000000115923315,-3.0000000159430225,-4.662676340302169,2.5580590452203427e-07,-3.5181182508887554e-07,-0.920364420471112,1.391615239950123e-07,-1.9138991271648888e-07,0.2076885822761217,0,70,255.0,255.0,255.0
117,5.8500000000000005,4.500000023532567,-3.000000032364521,-4.7084334591486465,2.0132328407063234e-07,-2.768814587533278e-07,-0.9098905044033673,-2.3184663420510964e-06,3.1886045661384138e-06,0.2112680604336639,0,70,255.0,255.0,255.0
118,5.9,4.500000029676636,-3.0000000408145064,-4.7536624078440415,2.3959270316925487e-08,-3.295136847503537e-08,-0.8992376144277455,-4.7760942080972056e-06,6.568599044993317e-06,0.21484753859120612,0,70,255.0,255.0,255.0
119,5.95,4.500000023880471,-3.000000032842995,-4.798354237692956,-2.7628613673908644e-07,3.799784457460014e-07,-0.8884057505442469,-7.2337220741433156e-06,9.948593523848218e-06,0.21842701674874831,0,70,255.0,255.0,255.0
120,6.0,4.5,-3.0,-4.8425,-6.994129370974034e-07,9.61907983909783e-07,-0.8773949127528708,-9.691349940189421e-06,1.3328588002703118e-05,0.22200649490629232,0,70,255.0,255.0,255.0
121,6.050000000000001,4.499999956736829,-2.9999999404998285,-4.886088149317232,-9.54680632552345e-07,1.3129796059352188e-06,-0.8660492959008059,-5.193578780081014e-07,7.142768783141097e-07,0.23181817917629757,0,70,255.0,255.0,255.0
122,6.1000000000000005,4.499999912175263,-2.999999879213965,-4.929096753186522,-7.51348724898222e-07,1.0333356717412055e-06,-0.854213094835241,8.652634184173056e-06,-1.1900034246074675e-05,0.24162986344630266,0,70,255.0,255.0,255.0
123,6.15,4.4999998892452835,-2.9999998476781875,-4.971501282397198,-8.94172141350428e-08,1.2297618132775582e-07,-0.8418863095561758,1.782462624635421e-05,-2.451434537046346e-05,0.2514415477163077,0,70,255.0,255.0,255.0
124,6.2,4.499999910876869,-2.999999877428273,-5.013277207738582,1.0311138997371926e-06,-1.4180988653051314e-06,-0.8290689400636102,2.699661830853537e-05,-3.712865649485224e-05,0.26125323198631284,0,70,255.0,255.0,255.0
125,6.25,4.5,-3.0,-5.0544,2.6102446167184848e-06,-3.589889468157456e-06,-0.8157609863575447,3.616861037071653e-05,-4.974296761924104e-05,0.27106491625631524,0,70,255.0,255.0,255.0
126,6.300000000000001,4.500000161460353,-3.0000002220576625,-5.094849462428907,3.5629166256873463e-06,-4.900106598651999e-06,-0.8022223959256681,1.9382699880374004e-06,-2.66571760053996e-06,0.27047870101874044,0,70,255.0,255.0,255.0
127,6.3500000000000005,4.5000003277663785,-3.0000004507796185,-5.134622728105266,2.804071615522257e-06,-3.8564612282114955e-06,-0.7887131162556704,-3.229207039464112e-05,4.441153241816028e-05,0.2698924857811656,0,70,255.0,255.0,255.0
128,6.4,4.50000041334223,-3.000000568472743,-5.17372126256717,3.337095862232454e-07,-4.5895335683598675e-07,-0.7752331473475516,-6.652241077731964e-05,9.148878243686052e-05,0.2693062705435908,0,70,255.0,255.0,255.0
129,6.45,4.5000003326120535,-3.000000457443912,-5.212146531352718,-3.848169462209684e-06,5.292417015474523e-06,-0.7617824892013115,-0.00010075275115999815,0.00013856603245556077,0.268720055306016,0,70,255.0,255.0,255.0
130,6.5,4.5,-3.0,-5.2499,-9.741565529776536e-06,1.339764988872004e-05,-0.7483611418169502,-0.00013498309154267668,0.00018564328247426098,0.2681338400684403,0,70,255.0,255.0,255.0
131,6.550000000000001,4.499999397421763,-2.999999171269523,-5.286971600967146,-1.3296985870197039e-05,1.8287446788672777e-05,-0.7342771203965205,-7.23372207414149e-06,9.948593523845679e-06,0.2952270167487417,0,70,255.0,255.0,255.0
132,6.6000000000000005,4.499998776759221,-2.999998317667562,-5.323305134392419,-1.0464937737190802e-05,1.439250924110477e-05,-0.7188384401420759,0.00012051564739439143,-0.00016574609542656648,0.3223201934290425,0,70,255.0,255.0,255.0
133,6.65,4.499998457385797,-2.9999978784308396,-5.35883286733412,-1.2454211307579405e-06,1.712837246016189e-06,-0.7020451010536164,0.00024826501686292437,-0.00034144078437697866,0.34941337010934337,0,70,255.0,255.0,255.0
134,6.7,4.499998758674916,-2.9999982927960778,-5.393487066850547,1.4361563949101543e-05,-1.9751569196592977e-05,-0.6838971031311417,0.00037601438633145726,-0.0005171354733273909,0.37650654678964424,0,70,255.0,255.0,255.0
135,6.75,4.5,-3.0,-5.4272,3.635601750238766e-05,-5.000071008672271e-05,-0.664394446374652,0.0005037637557999903,-0.0006928301622778034,0.4035997234699513,0,70,255.0,255.0,255.0
136,6.800000000000001,4.500002248852596,-3.0000038928642465,-5.459900933702513,4.9625026855100805e-05,-0.00011624968055614179,-0.6433571224882452,2.699661830852856e-05,-0.001957128656498922,0.4378932319863114,0,70,255.0,255.0,255.0
137,6.8500000000000005,4.500004565196738,-3.000012678550134,-5.491507134325061,3.905567933324095e-05,-0.0002457135757366148,-0.6206051231760206,-0.0004497705191829247,-0.0032214271507200183,0.47218674050267084,0,70,255.0,255.0,255.0
138,6.9,4.5000057571145815,-3.0000295178038985,-5.521932868096352,4.647974936808515e-06,-0.00043839239562814246,-0.5961384484379781,-0.0009265376566743779,-0.004485725644941114,0.5064802490190303,0,70,255.0,255.0,255.0
139,6.95,4.500004632688284,-3.000057571371775,-5.5510924012450955,-5.359808633419652e-05,-0.0006942861402307247,-0.5699570982741178,-0.0014033047941658312,-0.005750024139162211,0.5407737575353898,0,70,255.0,255.0,255.0
140,7.0,4.5,-3.0001,-5.5789,-0.0001356825044797741,-0.0010133948095443616,-0.5420610726844393,-0.0018800719316572848,-0.007014322633383304,0.5750672660517546,0,70,255.0,255.0,255.0
141,7.050000000000001,4.499990807167853,-3.0001588572734916,-5.605295864222802,-0.00023320312155009575,-0.0013292887245674367,-0.5140063896504946,-0.0020207527511555256,-0.00562143396753952,0.5471200553060143,0,70,255.0,255.0,255.0
142,7.1000000000000005,4.499976562453829,-3.000231768131902,-5.630323928307337,-0.00033775777959532764,-0.0015755382062983179,-0.4873490671538375,-0.002161433570653764,-0.0042285453016957615,0.5191728445602743,0,70,255.0,255.0,255.0
143,7.15,4.499956914155877,-3.000315250353567,-5.654054060280473,-0.00044934647861547136,-0.001752143254737011,-0.4620891051944674,-0.0023021143901520024,-0.0028356566358520028,0.49122563381453455,0,70,255.0,255.0,255.0
144,7.2,4.499931510571951,-3.000405821716821,-5.676556128169073,-0.000567969218610527,-0.0018591038698835172,-0.4382265037723842,-0.002442795209650241,-0.0014427679700082432,0.4632784230687947,0,70,255.0,255.0,255.0
145,7.25,4.4999,-3.0005,-5.6979,-0.0006936259995804946,-0.001896420051737835,-0.4157612628875881,-0.00258347602914848,-4.9879304164472324e-05,0.4353312123230575,0,70,255.0,255.0,255.0
146,7.300000000000001,4.499862522475991,-3.000595078041788,-5.718150009406282,-0.0007968125406512357,-0.0019105954211749185,-0.39436131890977016,-0.001543985613681107,-0.0005171354733188673,0.4206665467896464,0,70,255.0,255.0,255.0
147,7.3500000000000005,4.4998211849879475,-3.0006914489222583,-5.737348352445588,-0.000848024560948607,-0.0019481335990697217,-0.3736946082086232,-0.0005044951982137525,-0.0009843916424732541,0.4060018812562355,0,70,255.0,255.0,255.0
148,7.4,4.499778586261909,-3.000790280781836,-5.755531690781755,-0.0008472620604726107,-0.002009034585422244,-0.3537611307841467,0.0005349952172536022,-0.0014516478116276407,0.3913372157228246,0,70,255.0,255.0,255.0
149,7.45,4.499737325023914,-3.0008927417609415,-5.7727366860786145,-0.0007945250392232469,-0.002093298380232485,-0.33456088663634087,0.0015744856327209568,-0.0019189039807820272,0.37667255018941376,0,70,255.0,255.0,255.0
150,7.5,4.4997,-3.001,-5.789,-0.0006898134972005155,-0.002200924983500446,-0.3160938757652055,0.0026139760481883123,-0.0023861601499364053,0.362007884656006,0,70,255.0,255.0,255.0
151,7.550000000000001,4.499668702928182,-3.0011120305593577,-5.804360098152074,-0.0005635467158497491,-0.002260329590728247,-0.29846833471042067,0.0024366952058422716,9.975860824406723e-06,0.34301375753537594,0,70,255.0,255.0,255.0
152,7.6000000000000005,4.49964349759438,-3.0012240361790634,-5.81886266191031,-0.0004461439766162869,-0.0021999273974180073,-0.2817925000116677,0.002259414363496234,0.0024061118715851754,0.32401963041474624,0,70,255.0,255.0,255.0
153,7.65,4.499623940796485,-3.0013300265190908,-5.832555176592507,-0.00033760527950012654,-0.00201971840356973,-0.2660663716689462,0.0020821335211501967,0.004802247882345945,0.3050255032941166,0,70,255.0,255.0,255.0
154,7.7,4.499609589332395,-3.0014240112394117,-5.845485127516471,-0.00023793062450126794,-0.0017197026091834147,-0.25128994968225615,0.001904852678804159,0.0071983838931067145,0.2860313761734869,0,70,255.0,255.0,255.0
155,7.75,4.4996,-3.0015,-5.8577,-0.00014712001161971137,-0.0012998800142590612,-0.23746323405159758,0.0017275718364581204,0.00959451990386749,0.2670372490528572,0,70,255.0,255.0,255.0
156,7.800000000000001,4.499594665811278,-3.0015535997207805,-5.869245597985424,-6.900059594931078e-05,-0.000856086215912494,-0.2244853422485557,0.0013972047903578581,0.008157232029994944,0.25207842306880973,0,70,255.0,255.0,255.0
157,7.8500000000000005,4.499592824634534,-3.001586806361486,-5.880160999913175,-7.3995325839245206e-06,-0.00048415681125956107,-0.21225539174471647,0.0010668377442576015,0.0067199441561224225,0.23711959708476257,0,70,255.0,255.0,255.0
158,7.9,4.499593650552148,-3.0016032131418013,-5.890483602848216,3.7683178476448964e-05,-0.00018409180030025396,-0.20077338254007954,0.000736470698157345,0.005282656282249902,0.2221607711007154,0,70,255.0,255.0,255.0
159,7.95,4.49959631764651,-3.0016064132814106,-5.900250803855504,6.624753723180973e-05,4.4108816965427225e-05,-0.190039314634645,0.00040610365205708833,0.0038453684083773814,0.20720194511666823,0,70,255.0,255.0,255.0
160,8.0,4.4996,-3.0016,-5.9095,7.829354368215768e-05,0.0002004450405374828,-0.1800531880284128,7.573660595683231e-05,0.0024080805345048613,0.19224311913262015,0,70,255.0,255.0,255.0
161,8.05,4.499604633826703,-3.0015863705575194,-5.918270309906232,0.00011954909964867713,0.00035667445438064717,-0.17091829629536104,0.0015744856327039227,0.0038410960192216247,0.17315255018944561,0,70,255.0,255.0,255.0
162,8.1,4.499613203867487,-3.001563138374991,-5.9266077384369895,0.00023574210695254675,0.0005845546424596414,-0.16273793300946826,0.0030732346594509598,0.005274111503938337,0.15406198124627174,0,70,255.0,255.0,255.0
163,8.15,4.499629456994921,-3.001526720913703,-5.9345600120146305,0.0004268725655937747,0.0008840856047744815,-0.15551209817073394,0.00457198368619805,0.0067071269886550995,0.13497141230309723,0,70,255.0,255.0,255.0
164,8.200000000000001,4.4996571400815695,-3.0014735356349433,-5.942174857061516,0.0006929404755723583,0.0012552673413251609,-0.14924079177915833,0.00607073271294514,0.008140142473371862,0.11588084335992267,0,70,255.0,255.0,255.0
165,8.25,4.4997,-3.0014,-5.9495,0.001033945836888284,0.0016980998521116625,-0.14392401383474168,0.007569481739692182,0.009573157958088578,0.09679027441674881,0,70,255.0,255.0,255.0
166,8.3,4.499760398881911,-3.0013025180491404,-5.956581962389651,0.0013668041973508994,0.0022133883983913288,-0.13948947256998653,0.005744852678812237,0.01103838389309778,0.0805913761734541,0,70,255.0,255.0,255.0
167,8.35,4.499835159895517,-3.0011774401385485,-5.963462446338868,0.001608431104769509,0.0028019382414214344,-0.13586487621739626,0.0039202236179323585,0.01250360982810693,0.06439247793015997,0,70,255.0,255.0,255.0
168,8.4,4.49991972146817,-3.0010211032033856,-5.97018194909326,0.0017588265591441307,0.00346374938120202,-0.1330502247769706,0.002095594557052414,0.013968835763116133,0.04819357968686526,0,70,255.0,255.0,255.0
169,8.450000000000001,4.500009522027215,-3.0008298441788153,-5.976780967898434,0.0018179905604747532,0.004198821817733067,-0.1310455182487097,0.00027096549617247005,0.015434061698125336,0.03199468144357055,0,70,255.0,255.0,255.0
170,8.5,4.5001,-3.0006,-5.9833,0.0017859231087613806,0.005007155551014546,-0.12985075663261356,-0.001553663564707413,0.016899287633134502,0.015795783200276636,0,70,255.0,255.0,255.0
171,8.55,4.500188170645656,-3.0003291572459183,-5.989780240535165,0.001757234110945549,0.005813771952052536,-0.12950781342469053,0.0004061036520741682,0.015365368408384627,-0.0020780548833559606,0,70,255.0,255.0,255.0
172,8.6,4.500277356550441,-3.000019901070815,-5.996265676207539,0.0018265334739687937,0.006543692391853005,-0.1300585621209491,0.00236587086885568,0.013831449183634808,-0.01995189296698792,0,70,255.0,255.0,255.0
173,8.65,4.5003724571324,-2.9996760662727535,-6.00280099161233,0.0019938211978311198,0.007196916870416009,-0.13150300272138937,0.004325638085637262,0.012297529958884935,-0.03782573105062052,0,70,255.0,255.0,255.0
174,8.700000000000001,4.500478371809573,-2.9993014876497943,-6.0094308713447475,0.002259097282532526,0.007773445387741517,-0.13384113522601124,0.0062854053024188426,0.01076361073413506,-0.05569956913425311,0,70,255.0,255.0,255.0
175,8.75,4.5006,-2.9989,-6.0162,0.0026223617280729983,0.008273277943829514,-0.13707295963481458,0.008245172519200327,0.009229691509385213,-0.07357340721788486,0,70,255.0,255.0,255.0
176,8.8,4.500741318535467,-2.9984736529671867,-6.023152275469689,0.0030282593588761013,0.008803523793398438,-0.1411512737312628,0.00799073271292357,0.011980142473371435,-0.08955915664004183,0,70,255.0,255.0,255.0
177,8.85,4.500902613902716,-2.99801735557819,-6.0303284488309785,0.0034214349993653527,0.009471292191166648,-0.1460288752988187,0.00773629290664682,0.01473059343735756,-0.10554490606219821,0,70,255.0,255.0,255.0
178,8.9,4.501083250002232,-2.9975242317056,-6.037768484457423,0.0038018886495407803,0.010276583137134193,-0.15170576433748262,0.007481853100370062,0.017481044401343786,-0.12153065548435518,0,70,255.0,255.0,255.0
179,8.950000000000001,4.5012825907344975,-2.996987405222007,-6.045512346722578,0.00416962030940237,0.011219396631301053,-0.1581819408472544,0.007227413294093304,0.020231495365330008,-0.13751640490651212,0,70,255.0,255.0,255.0
180,9.0,4.5015,-2.9964,-6.0536,0.004524629978950108,0.012299732673667182,-0.16545740482813376,0.0069729734878165375,0.022981946329316105,-0.1535021543286681,0,70,255.0,255.0,255.0
181,9.05,4.501734555212477,-2.9957570308853345,-6.062072257586079,0.004849728453549504,0.01340413287435311,-0.17358309165026095,0.0060309654961590705,0.021194061698120385,-0.1715253185564154,0,70,255.0,255.0,255.0
182,9.1,4.501984187838696,-2.995061076616424,-6.07097332846855,0.005127726528566015,0.014419138843479217,-0.1826099366837752,0.0050889575045016365,0.019406177066924726,-0.18954848278416203,0,70,255.0,255.0,255.0
183,9.15,4.502246542858675,-2.994316606904846,-6.08034827055798,0.005358624203999663,0.015344750581045572,-0.19253793992867715,0.00414694951284417,0.017618292435729002,-0.20757164701190933,0,70,255.0,255.0,255.0
184,9.200000000000001,4.5025192652524355,-2.9935280914621787,-6.090242141764941,0.005542421479850438,0.01618096808705214,-0.20336710138496644,0.003204941521186703,0.01583040780453328,-0.22559481123965663,0,70,255.0,255.0,255.0
185,9.25,4.5028,-2.9927,-6.1007,0.005679118356118334,0.016927791361498898,-0.21509742105264268,0.0022629335295292555,0.014042523173337651,-0.2436179754674037,0,70,255.0,255.0,255.0
186,9.3,4.503087660614623,-2.991835823491475,-6.1117578941859945,0.005844826826918002,0.01764394470918593,-0.22718835966768502,0.004365405302457399,0.01460361073414321,-0.2400195691342836,0,70,255.0,255.0,255.0
187,9.35,4.503386234742502,-2.990935137956114,-6.123415837294824,0.0061156588863640685,0.018388152434913214,-0.23909937796607095,0.006467877075385467,0.015164698294948748,-0.2364211628011636,0,70,255.0,255.0,255.0
188,9.4,4.503700978563069,-2.989996540675016,-6.135664833310657,0.006491614534456551,0.019160414538680802,-0.2508304759478013,0.00857034884831361,0.015725785855754307,-0.23282275646804346,0,70,255.0,255.0,255.0
189,9.450000000000001,4.504037148255758,-2.9890186289292786,-6.148495886217661,0.006972693771195441,0.019960731020488665,-0.26238165361287563,0.010672820621241754,0.016286873416559867,-0.22922435013492334,0,70,255.0,255.0,255.0
190,9.5,4.5044,-2.988,-6.1619,0.007558896596580719,0.020789101880336777,-0.27375291096129356,0.01277529239416985,0.016847960977365267,-0.22562594380180334,0,70,255.0,255.0,255.0
191,9.55,4.50479320232903,-2.9869396751487667,-6.175868965669944,0.008154964238786656,0.021620088288904177,-0.2849914696790017,0.011067413294067288,0.01639149536533031,-0.2239164049065148,0,70,255.0,255.0,255.0
192,9.600000000000001,4.505214073191295,-2.9858383715591192,-6.190397722352155,0.008665637925987464,0.02242825141686983,-0.29614455145194535,0.009359534193964725,0.015935029753295353,-0.22220686601122622,0,70,255.0,255.0,255.0
193,9.65,4.505658342889045,-2.98469723039509,-6.205481996199393,0.009090917658183126,0.02321359126423371,-0.3072121562801242,0.007651655093862223,0.015478564141260412,-0.22049732711593772,0,70,255.0,255.0,255.0
194,9.700000000000001,4.506121741724531,-2.9835173928207066,-6.221117513364422,0.009430803435373681,0.023976107830995866,-0.31819428416353907,0.00594377599375966,0.015022098529225454,-0.21878778822064918,0,70,255.0,255.0,255.0
195,9.75,4.5066,-2.9823,-6.2373,0.009685295257559096,0.02471580111715625,-0.32909093510218906,0.004235896893657165,0.014565632917190513,-0.21707824932536068,0,70,255.0,255.0,255.0
196,9.8,4.507089930069255,-2.9810462759134593,-6.2540262431342315,0.009919316217930085,0.025427702135199255,-0.3399657616163138,0.0051249415211822484,0.013910407804529297,-0.21791481123962317,0,70,255.0,255.0,255.0
197,9.850000000000001,4.507592672492316,-2.9797577758074074,-6.27129727329656,0.010197789409677327,0.0261068418976092,-0.3508824162261517,0.006013986148707332,0.013255182691868081,-0.21875137315388565,0,70,255.0,255.0,255.0
198,9.9,4.508110449880746,-2.9784361377446253,-6.289115181891774,0.010520714832800813,0.02675322040438606,-0.3618408989317023,0.006903030776232383,0.01259995757920689,-0.21958793506814808,0,70,255.0,255.0,255.0
199,9.950000000000001,4.508645484846118,-2.977082999787896,-6.30748206032466,0.010888092487300565,0.027366837655529882,-0.3728412097329664,0.007792075403757467,0.011944732466545673,-0.22042449698241057,0,70,255.0,255.0,255.0
200,10.0,4.5092,-2.9757,-6.3264,0.011299922373176556,0.02794769365104062,-0.3838833486299433,0.008681120031282519,0.011289507353884454,-0.2212610588966739,0,70,255.0,255.0,255.0
201,10.05,4.509775877393943,-2.9742880211973963,-6.345870061793135,0.011735770889490207,0.02854110317030153,-0.39490548385573393,0.008752820621263247,0.012446873416551702,-0.21962435013494613,0,70,255.0,255.0,255.0
202,10.100000000000001,4.510373636839441,-2.9728449252112505,-6.365889184461604,0.012175204435302893,0.029192380992695808,-0.40584578364343815,0.008824521211243976,0.013604239479218948,-0.21798764137321833,0,70,255.0,255.0,255.0
203,10.15,4.510993457587965,-2.9713678186264074,-6.3864532762335084,0.0126182230106146,0.02990152711822342,-0.4167042479930557,0.008896221801224702,0.014761605541886155,-0.2163509326114906,0,70,255.0,255.0,255.0
204,10.200000000000001,4.511635518890993,-2.9698538080277093,-6.407558245336943,0.01306482661542536,0.03066854154688442,-0.4274808769045872,0.00896792239120543,0.015918971604553404,-0.2147142238497628,0,70,255.0,255.0,255.0
205,10.25,4.5123,-2.9683,-6.4292,0.013515015249735142,0.03149342427867875,-0.4381756703780319,0.009039622981186143,0.017076337667220498,-0.21307751508803507,0,70,255.0,255.0,255.0
206,10.3,4.512986560354969,-2.9667040392969564,-6.451375109693234,0.013937600224108683,0.032343885183590014,-0.4488283029607495,0.007863775993755198,0.016942098529229475,-0.21302778822066246,0,70,255.0,255.0,255.0
207,10.350000000000001,4.5136927801499205,-2.9650657233475894,-6.474082788857019,0.014301392849110672,0.03318763413160172,-0.45947844920009845,0.006687929006324252,0.016807859391238453,-0.21297806135328984,0,70,255.0,255.0,255.0
208,10.4,4.51441571976739,-2.9633853877497445,-6.497322913174187,0.014606393124741107,0.03402467112271385,-0.4701261090960784,0.005512082018893349,0.016673620253247434,-0.21292833448591725,0,70,255.0,255.0,255.0
209,10.450000000000001,4.515152439589905,-2.9616633681012665,-6.521095358327572,0.014852601051000003,0.03485499615692646,-0.4807712826486901,0.004336235031462405,0.01653938111525641,-0.21287860761854463,0,70,255.0,255.0,255.0
210,10.5,4.5159,-2.9599,-6.5454,0.01504001662788735,0.03567860923423949,-0.4914139698579328,0.003160388044031459,0.016405141977265503,-0.21282888075117112,0,70,255.0,255.0,255.0
211,10.55,4.516656281186183,-2.958095821614779,-6.570235899433932,0.015217828214081871,0.03648335609533519,-0.5020053043012721,0.003952075403749334,0.015784732466562347,-0.2108244969823988,0,70,255.0,255.0,255.0
212,10.600000000000001,4.517422442560875,-2.9562521813983924,-6.595598860110321,0.015435224168262289,0.037257082480895744,-0.512496419556173,0.004743762763467208,0.015164322955859193,-0.20882011321362648,0,70,255.0,255.0,255.0
213,10.65,4.518200463342475,-2.9543706303746156,-6.621483871069742,0.01569220449042859,0.03799978839092111,-0.5228873156226347,0.005535450123185054,0.01454391344515606,-0.2068157294448542,0,70,255.0,255.0,255.0
214,10.700000000000001,4.518992322749384,-2.9524527195672254,-6.647885921352777,0.015988769180580793,0.03871147382541135,-0.5331779925006583,0.006327137482902928,0.013923503934452906,-0.2048113456760819,0,70,255.0,255.0,255.0
215,10.75,4.5198,-2.9505,-6.6748,0.016324918238718875,0.0393921387843664,-0.5433684501902428,0.007118824842620691,0.013303094423749773,-0.2028069619073074,0,70,255.0,255.0,255.0
216,10.8,4.520625114900301,-2.9485134742439265,-6.70222209257104,0.01667908691956422,0.040074690435073675,-0.5535184798341696,0.0070479223911928445,0.013998971604540743,-0.20319422384975513,0,70,255.0,255.0,255.0
217,10.850000000000001,4.521467849606581,-2.946491951058842,-6.730152170701703,0.01702971047783817,0.0407920359448205,-0.5636878725752186,0.006977019939764998,0.014694848785331713,-0.2035814857922029,0,70,255.0,255.0,255.0
218,10.9,4.522328026862708,-2.944433690751794,-6.758591202546847,0.017376788913540716,0.04154417531360684,-0.5738766284133897,0.006906117488337154,0.015390725966122659,-0.20396874773465062,0,70,255.0,255.0,255.0
219,10.950000000000001,4.523205469412558,-2.9423369536298303,-6.787540156261328,0.017720322226671883,0.04233110854143276,-0.5840847473486837,0.006835215036909308,0.01608660314691363,-0.20435600967709835,0,70,255.0,255.0,255.0
220,11.0,4.5241,-2.9402,-6.817,0.018060310417231645,0.04315283562829819,-0.5943122293810995,0.006764312585481519,0.016782480327704574,-0.20474327161954609,0,70,255.0,255.0,255.0
221,11.05,4.525011259212612,-2.9380214814095136,-6.846970930281913,0.01838582410765599,0.04398588216437202,-0.6045127763620517,0.006256235031492084,0.016539381115247928,-0.20327860761853295,0,70,255.0,255.0,255.0
222,11.100000000000001,4.525938159012804,-2.9358016143662398,-6.877450057082872,0.01868593392038086,0.04480677373982301,-0.6146400901429531,0.005748157477502649,0.016296281902791282,-0.20181394361751984,0,70,255.0,255.0,255.0
223,11.15,4.52687942920669,-2.9335410066182086,-6.908433718742874,0.018960639855406254,0.04561551035465114,-0.6246941707238035,0.005240079923513232,0.016053182690334643,-0.20034927961650675,0,70,255.0,255.0,255.0
224,11.200000000000001,4.527833799600383,-2.9312402659134515,-6.939918253601918,0.019209941912732183,0.046412092008856466,-0.6346750181046037,0.004732002369523797,0.015810083477877997,-0.19888461561549364,0,70,255.0,255.0,255.0
225,11.25,4.5288,-2.9289,-6.9719,0.019433840092358635,0.04719651870243894,-0.6445826322853528,0.004223924815534297,0.015566984265421191,-0.19741995161447878,0,70,255.0,255.0,255.0
226,11.3,4.529777048249248,-2.9265206001180175,-7.004375786301312,0.019649616649819252,0.04798178090743612,-0.6544464147176174,0.0044071374828902245,0.015843503934465403,-0.19713134567609794,0,70,255.0,255.0,255.0
227,11.350000000000001,4.530765114342206,-2.9241015914761985,-7.037344400966814,0.019874553840647666,0.048780869095885505,-0.6642957668529629,0.004590350150246152,0.01612002360350961,-0.19684273973771713,0,70,255.0,255.0,255.0
228,11.4,4.5317646563105365,-2.9216422827753714,-7.0708051224816595,0.020108651664843862,0.049593783267787066,-0.674130688691389,0.004773562817602074,0.016396543272553812,-0.1965541337993363,0,70,255.0,255.0,255.0
229,11.450000000000001,4.532776132185912,-2.9191419827163627,-7.104757229331003,0.02035191012240787,0.05042052342314088,-0.6839511802328965,0.004956775484958002,0.01667306294159802,-0.19626552786095547,0,70,255.0,255.0,255.0
230,11.5,4.5338,-2.9166,-7.1392,0.02060432921333966,0.05126108956194687,-0.6937572414774845,0.00513998815231384,0.016949582610642222,-0.19597692192257465,0,70,255.0,255.0,255.0
231,11.55,4.534836547790393,-2.9140161181184157,-7.174132324512842,0.020855709293069926,0.05208699420588556,-0.7035255647674766,0.00491521503689675,0.016086603146905108,-0.19475600967710402,0,70,255.0,255.0,255.0
232,11.600000000000001,4.5358853836183775,-2.9113920197289644,-7.209551539049878,0.02109585071702934,0.052869749876637395,-0.7132328424451951,0.004690441921479659,0.015223623683167995,-0.19353509743163336,0,70,255.0,255.0,255.0
233,11.65,4.5369459455511665,-2.908729862280305,-7.24545459133049,0.021324753485217895,0.053609356574202356,-0.7228790745106399,0.004465668806062577,0.014360644219430911,-0.19231418518616275,0,70,255.0,255.0,255.0
234,11.700000000000001,4.53801767165597,-2.906031803221097,-7.28183842907407,0.0215424175976356,0.05430581429858049,-0.7324642609638113,0.004240895690645486,0.013497664755693799,-0.19109327294069212,0,70,255.0,255.0,255.0
235,11.75,4.5391,-2.9033,-7.3187,0.02174884305428244,0.05495912304977174,-0.7419884018047092,0.004016122575228348,0.012634685291956771,-0.1898723606952224,0,70,255.0,255.0,255.0
236,11.8,4.540192760589182,-2.9005357274083194,-7.356036515647321,0.021967546177901247,0.05562224226901773,-0.7514673262124772,0.004732002369523796,0.01389008347788245,-0.1892846156154981,0,70,255.0,255.0,255.0
237,11.850000000000001,4.541297351184286,-2.8977367296079435,-7.393846242833682,0.022222043291234825,0.05634813139756001,-0.7609168633662592,0.005447882163819244,0.015145481663808127,-0.18869687053577378,0,70,255.0,255.0,255.0
238,11.9,4.5424155614848,-2.8948998681034084,-7.432127712196381,0.02251233439428317,0.057136790435398536,-0.7703370132660546,0.006163761958114666,0.01640087984973376,-0.1881091254560495,0,70,255.0,255.0,255.0
239,11.950000000000001,4.543549181190209,-2.892022004399249,-7.470879454372721,0.02283841948704629,0.05798821938253338,-0.7797277759118642,0.006879641752410114,0.017656278035659438,-0.18752138037632518,0,70,255.0,255.0,255.0
240,12.0,4.5447,-2.8891,-7.5101,0.023200298569524175,0.05890241823896448,-0.7890891513036872,0.00759552154670548,0.018911676221585016,-0.18693363529660356,0,70,255.0,255.0,255.0
241,12.05,4.545869209852883,-2.886132172248308,-7.549788012897875,0.02356210599531608,0.05979203671804428,-0.7984291303826256,0.0068767754849705055,0.016673062941606445,-0.18666552786092705,0,70,255.0,255.0,255.0
242,12.100000000000001,4.547055611644479,-2.8831226618392622,-7.589942689615401,0.023887976118021233,0.06056972453312514,-0.8077557040897801,0.00615802942323553,0.014434449661627873,-0.18639742042525054,0,70,255.0,255.0,255.0
243,12.15,4.548257408509635,-2.880077065306062,-7.630563359883989,0.024177908937639634,0.06123548168420706,-0.8170688724251505,0.005439283361500581,0.012195836381649379,-0.18612931298957403,0,70,255.0,255.0,255.0
244,12.200000000000001,4.549472803583193,-2.8770009791819082,-7.671649353435052,0.02443190445417129,0.06178930817129008,-0.8263686353887375,0.004720537299765605,0.009957223101670805,-0.1858612055538975,0,70,255.0,255.0,255.0
245,12.25,4.5507,-2.8739,-7.7132,0.024649962667616192,0.06223120399437414,-0.8356549929805404,0.0040017912380306,0.007718609821692035,-0.1855930981182201,0,70,255.0,255.0,255.0
246,12.3,4.551937599999284,-2.8707779835984484,-7.755213832761184,0.024856029840833523,0.06266561085880838,-0.8448801522570137,0.004240895690662514,0.009657664755677203,-0.18341327294070947,0,70,255.0,255.0,255.0
247,12.350000000000001,4.553185802237794,-2.8676318230350075,-7.797686198704722,0.02507405223668245,0.06319697046994188,-0.8539963202746116,0.004480000143294428,0.01159671968966237,-0.18123344776319883,0,70,255.0,255.0,255.0
248,12.4,4.554445204476663,-2.864456670672342,-7.840611648267664,0.025304029855162963,0.0638252828277746,-0.8630034970333336,0.004719104595926334,0.013535774623647471,-0.17905362258568827,0,70,255.0,255.0,255.0
249,12.450000000000001,4.555716404477021,-2.8612476788731183,-7.8839847318870735,0.02554596269627508,0.06455054793230662,-0.8719016825331803,0.0049582090485582484,0.015474829557632637,-0.17687379740817763,0,70,255.0,255.0,255.0
250,12.5,4.557,-2.858,-7.9278,0.025799850760018787,0.06537276578353786,-0.8806908767741513,0.005197313501190098,0.017413884491617515,-0.17469397223066885,0,70,255.0,255.0,255.0
251,12.55,4.558296390149983,-2.8547102933578987,-7.972053456057392,0.026053774641358055,0.0662015198467199,-0.8894582605893261,0.00495964175238043,0.01573627803566384,-0.17600138037632043,0,70,255.0,255.0,255.0
252,12.600000000000001,4.559605179404346,-2.851381246020708,-8.01674691556572,0.026295814935256834,0.06694639358710426,-0.8982910148117836,0.004721970003570762,0.014058671579710165,-0.17730878852197204,0,70,255.0,255.0,255.0
253,12.65,4.560925773583718,-2.8480170520045682,-8.061883647045356,0.026525971641715128,0.06760738700469092,-0.9071891394415232,0.004484298254761102,0.01238106512375655,-0.1786161966676236,0,70,255.0,255.0,255.0
254,12.700000000000001,4.562257578508726,-2.844621905325619,-8.107466919016664,0.026744244760732946,0.0681845000994799,-0.9161526344785458,0.004246626505951434,0.010703458667802876,-0.17992360481327518,0,70,255.0,255.0,255.0
255,12.75,4.5636,-2.8412,-8.1535,0.026950634292310267,0.06867773287147122,-0.9251814999228508,0.004008954757141858,0.009025852211849372,-0.18123101295892585,0,70,255.0,255.0,255.0
256,12.8,4.564952839400789,-2.837754442969958,-8.199984343009257,0.027168871593732956,0.06915230975430944,-0.9341668053856715,0.004720537299765669,0.00995722310167927,-0.17818120555389724,0,70,255.0,255.0,255.0
257,12.850000000000001,4.566317480144826,-2.8342839928821606,-8.246914139032398,0.027422688022286843,0.06967345518163917,-0.9429996204782408,0.00543211984238948,0.01088859399150917,-0.17513139814886863,0,70,255.0,255.0,255.0
258,12.9,4.56769570118847,-2.8307863213093856,-8.294281763550908,0.0277120835779719,0.07024116915346036,-0.9516799452005583,0.006143702385013266,0.011819964881339035,-0.17208159074384016,0,70,255.0,255.0,255.0
259,12.950000000000001,4.569089281488075,-2.8272590998244067,-8.342079592046282,0.02803705826078817,0.07085545166977307,-0.9602077795526247,0.006855284927637077,0.012751335771168935,-0.16903178333881155,0,70,255.0,255.0,255.0
260,13.0,4.5705,-2.8237,-8.3903,0.02839761207073561,0.07151630273057723,-0.9685831235344395,0.00756686747026078,0.013682706660998467,-0.16598197593378394,0,70,255.0,255.0,255.0
261,13.05,4.571929052246866,-2.8201071347622713,-8.438937171905588,0.028758738983706403,0.07219724113604291,-0.9769145178679897,0.006878209048570723,0.013554829557628366,-0.16727379740821782,0,70,255.0,255.0,255.0
262,13.100000000000001,4.573375300016352,-2.8164803824506484,-8.487992528304696,0.029085432975592695,0.07287178568634008,-0.9853105032752616,0.006189550626880666,0.013426952454258264,-0.16856561888265173,0,70,255.0,255.0,255.0
263,13.15,4.574837021662407,-2.81282006275789,-8.537469298751008,0.029377694046394467,0.07353993638146873,-0.9937710797562548,0.005500892205190634,0.013299075350888166,-0.16985744035708558,0,70,255.0,255.0,255.0
264,13.200000000000001,4.576312495538974,-2.8091264953767547,-8.587370712798217,0.029635522196111753,0.07420169322142889,-1.00229624731097,0.004812233783500576,0.013171198247518065,-0.17114926183151946,0,70,255.0,255.0,255.0
265,13.25,4.5778,-2.8054,-8.6377,0.029858917424744526,0.07485705620622052,-1.0108860059394067,0.004123575361810655,0.013043321144147413,-0.1724410833059533,0,70,255.0,255.0,255.0
266,13.3,4.5792981516117495,-2.801641017980957,-8.6884589693684,0.030068172471438587,0.07549872570151916,-1.0194551231423858,0.004246626505951519,0.012623458667798454,-0.17032360481321224,0,70,255.0,255.0,255.0
267,13.350000000000001,4.580806919789764,-2.797850477315245,-8.73964374774883,0.030283580075339683,0.07611940207300039,-1.0279183664207283,0.004369677650092383,0.012203596191449494,-0.16820612632047116,0,70,255.0,255.0,255.0
268,13.4,4.5823266121619035,-2.7940294276590545,-8.791249041445061,0.03050514023644782,0.07671908532066413,-1.036275735774433,0.004492728794233242,0.01178373371510055,-0.16608864782773017,0,70,255.0,255.0,255.0
269,13.450000000000001,4.583857536356028,-2.7901789186685755,-8.843269556760863,0.030732852954763006,0.07729777544451043,-1.0445272312035012,0.004615779938374106,0.01136387123875159,-0.1639711693349891,0,70,255.0,255.0,255.0
270,13.5,4.5854,-2.7863,-8.8957,0.030966718230285233,0.07785547244453926,-1.0526728527079316,0.004738831082514994,0.010944008762402535,-0.16185369084224632,0,70,255.0,255.0,255.0
271,13.55,4.586954341306136,-2.7823935933138997,-8.948535750620824,0.03120857113053915,0.07839985605787866,-1.0607529895624588,0.004935284927641495,0.01083133577117332,-0.16135178333883074,0,70,255.0,255.0,255.0
272,13.600000000000001,4.588521020824592,-2.7784601082883715,-9.001774880699996,0.03146024672304939,0.07893860602165662,-1.0688080310418149,0.0051317387727679966,0.010718662779944108,-0.16084987583541518,0,70,255.0,255.0,255.0
273,13.65,4.590100529689979,-2.774499826605893,-9.055416135468752,0.031721745007815945,0.07947172233587306,-1.0768379771460002,0.005328192617894491,0.010605989788714897,-0.16034796833199963,0,70,255.0,255.0,255.0
274,13.700000000000001,4.591693359036911,-2.770513029948944,-9.109458260158341,0.03199306598483884,0.0799992050005281,-1.0848428278750148,0.0055246464630209925,0.010493316797485682,-0.15984606082858405,0,70,255.0,255.0,255.0
275,13.75,4.5933,-2.7665,-9.1639,0.03227420965411804,0.08052105401562164,-1.0928225832288587,0.0057211003081475975,0.010380643806256029,-0.15934415332517737,0,70,255.0,255.0,255.0
276,13.8,4.5949204831637065,-2.762460608763444,-9.21874042814831,0.03253754300640883,0.0810618500669661,-1.1007969186077768,0.004812233783483609,0.011251198247522111,-0.15962926183154913,0,70,255.0,255.0,255.0
277,13.850000000000001,4.59655299691187,-2.7583930895312694,-9.273979929451201,0.03275543303246641,0.08164617384037387,-1.108785509412014,0.00390336725881962,0.012121752688788193,-0.15991437033792089,0,70,255.0,255.0,255.0
278,13.9,4.598195269078182,-2.754295265917372,-9.329619216679934,0.032927879732290784,0.08227402533584491,-1.1167883556415692,0.002994500734155663,0.012992307130054243,-0.16019947884429264,0,70,255.0,255.0,255.0
279,13.950000000000001,4.599845027496329,-2.75016496153565,-9.38565900260578,0.03305488310588197,0.08294540455337929,-1.124805457296443,0.0020856342094916743,0.013862861571320325,-0.1604845873506644,0,70,255.0,255.0,255.0
280,14.0,4.6015,-2.746,-9.4421,0.033136443153239964,0.08366031149297692,-1.1328368143766354,0.001176767684827773,0.014733416012586042,-0.1607696958570326,0,70,255.0,255.0,255.0
281,14.05,4.603158926039039,-2.7417991716323247,-9.498941736785936,0.03323325684382012,0.08436074367426026,-1.1408113360064356,0.0026957799383785946,0.013283871238747014,-0.15821116933496346,0,70,255.0,255.0,255.0
282,14.100000000000001,4.604824591527927,-2.737565133586552,-9.55617900149521,0.03340602114707783,0.08498869861685165,-1.148657931310132,0.004214792191929416,0.011834326464907988,-0.1556526428128943,0,70,255.0,255.0,255.0
283,14.15,4.606500793997292,-2.7333015097246176,-9.613805397811515,0.033654736063013065,0.08554417632075105,-1.1563766002877247,0.0057338044454801835,0.010384781691069014,-0.15309411629082523,0,70,255.0,255.0,255.0
284,14.200000000000001,4.608191330977772,-2.7290119239084554,-9.67181452941855,0.033979401591625845,0.08602717678595855,-1.1639673429392146,0.007252816699031005,0.008935236917229986,-0.15053558976875608,0,70,255.0,255.0,255.0
285,14.25,4.6099,-2.7247,-9.7302,0.034380017732916164,0.08643770001247406,-1.1714301592646004,0.008771828952581495,0.0074856921433907875,-0.14797706324668347,0,70,255.0,255.0,255.0
286,14.3,4.6116294126801325,-2.7203683047072578,-9.78895662470795,0.034785429618306545,0.08683917523599587,-1.1788377373664822,0.007444646463033436,0.00857331679748145,-0.1483260608285807,0,70,255.0,255.0,255.0
287,14.350000000000001,4.613377436976423,-2.716015176122522,-9.848084064567969,0.03512448237921952,0.08729503169222222,-1.1862627653474587,0.0061174639734853774,0.009660941451572112,-0.14867505841047796,0,70,255.0,255.0,255.0
288,14.4,4.615140754932646,-2.711637895184157,-9.90758319207401,0.03539717601565508,0.08780526938115307,-1.19370524320753,0.004790281483937366,0.010748566105662735,-0.14902405599237517,0,70,255.0,255.0,255.0
289,14.450000000000001,4.61691604859258,-2.707233742830528,-9.967454879720039,0.03560351052761325,0.0883698883027885,-1.2011651709466962,0.0034630989943893074,0.011836190759753396,-0.1493730535742724,0,70,255.0,255.0,255.0
290,14.5,4.6187,-2.7028,-10.0277,0.035743485915094006,0.0889888884571284,-1.208642548564957,0.00213591650484124,0.012923815413843576,-0.1497220511561661,0,70,255.0,255.0,255.0
291,14.55,4.620489823240429,-2.698334809538644,-10.088318964382275,0.035849024682952334,0.0896105553817574,-1.2161097145276285,0.002085634209491815,0.011942861571315907,-0.1489645873506891,0,70,255.0,255.0,255.0
292,14.600000000000001,4.622284860566382,-2.6938397619233596,-10.149310340232928,0.035952049336043186,0.09018317461426001,-1.2235390073000263,0.00203535191414239,0.01096190772878824,-0.1482071235452121,0,70,255.0,255.0,255.0
293,14.65,4.624084986272121,-2.6893173095387533,-10.210672233892438,0.03605255987436657,0.09070674615463623,-1.2309304268821497,0.001985069618792967,0.009980953886260606,-0.14744965973973514,0,70,255.0,255.0,255.0
294,14.700000000000001,4.625890074651905,-2.684769904769431,-10.272402751701302,0.036150556297922486,0.09118127000288606,-1.2382839732739996,0.001934787323443542,0.009000000043732938,-0.14669219593425814,0,70,255.0,255.0,255.0
295,14.75,4.6277,-2.6802,-10.3345,0.03624603860671093,0.0916067461590095,-1.2455996464755754,0.0018845050280943965,0.00801904620120475,-0.14593473212878116,0,70,255.0,255.0,255.0
296,14.8,4.62951529435815,-2.6756092571381664,-10.396961917762958,0.03637847164988887,0.09203060323697058,-1.2528674045230135,0.003412816699022902,0.0089352369172384,-0.14477558976873472,0,70,255.0,255.0,255.0
297,14.850000000000001,4.631339120758048,-2.6709961761840395,-10.459785774500336,0.036587320276613225,0.09250026985073335,-1.2600772054524492,0.0049411283699514075,0.00985142763327205,-0.14361644740868829,0,70,255.0,255.0,255.0
298,14.9,4.633175299978871,-2.66635846666083,-10.522968672356235,0.036872584486884005,0.09301574600029779,-1.2672290492638822,0.006469440040879859,0.010767618349305669,-0.1424573050486419,0,70,255.0,255.0,255.0
299,14.950000000000001,4.635027652799796,-2.6616938380917468,-10.586507713474758,0.037234264280701215,0.09357703168566392,-1.2743229359573132,0.007997751711808365,0.01168380906533932,-0.14129816268859546,0,70,255.0,255.0,255.0
300,15.0,4.6369,-2.657,-10.6504,0.037672359658064834,0.09418412690683171,-1.2813588655327415,0.009526063382736816,0.012599999781372495,-0.1401390203285473,0,70,255.0,255.0,255.0
301,15.05,4.63879459932697,-2.6522753619086905,-10.7146429645659,0.038093088717492764,0.09479503167035987,-1.2883566673803117,0.007303098994380243,0.011836190759753118,-0.13977305357425962,0,70,255.0,255.0,255.0
302,15.100000000000001,4.640707456401426,-2.647521133340482,-10.779235361765735,0.03840266955750287,0.09536774598280703,-1.2953361708901676,0.0050801346060236705,0.01107238173813374,-0.13940708681997194,0,70,255.0,255.0,255.0
303,15.15,4.642633013812397,-2.642739223817928,-10.844176276682623,0.03860110217809514,0.09590226984417323,-1.3022973760623089,0.0028571702176671777,0.010308572716514391,-0.13904112006568425,0,70,255.0,255.0,255.0
304,15.200000000000001,4.644565714148911,-2.637931542863582,-10.909464794399671,0.03868838657926958,0.09639860325445848,-1.309240282896736,0.0006342058293106051,0.009544763694895014,-0.13867515331139657,0,70,255.0,255.0,255.0
305,15.25,4.6465,-2.6331,-10.9751,0.03866452276102619,0.09685674621366273,-1.3161648913934485,-0.0015887585590461661,0.008780954673275665,-0.13830918655710178,0,70,255.0,255.0,255.0
306,15.3,4.64843190833397,-2.628246095227071,-11.041080623973444,0.03862517348013667,0.09730127008158795,-1.3230499259557338,1.4787323465160302e-05,0.009000000043732762,-0.13709219593431213,0,70,255.0,255.0,255.0
307,15.350000000000001,4.650363853636248,-2.6233696904540325,-11.107403978436722,0.03866600149337271,0.09775674621803603,-1.32987411098688,0.0016183332059764867,0.009219045414189858,-0.13587520531152247,0,70,255.0,255.0,255.0
308,15.4,4.652299844771543,-2.618470238067459,-11.174067020913277,0.03878700680073431,0.09822317462300693,-1.3366374464868862,0.0032218790884877557,0.009438090784646948,-0.13465821468873285,0,70,255.0,255.0,255.0
309,15.450000000000001,4.654243890604557,-2.6135471904539234,-11.241066708926557,0.038988189402221485,0.09870055529650071,-1.3433399324557531,0.004825424970999082,0.009657136155104044,-0.1334412240659432,0,70,255.0,255.0,255.0
310,15.5,4.6562,-2.6086,-11.3084,0.03926954929783422,0.09918888823851733,-1.3499815688934804,0.006428970853510074,0.009876181525561134,-0.1322242334431465,0,70,255.0,255.0,255.0
311,15.55,4.658171367337149,-2.6036282571830256,-11.37606413954033,0.039582217361966876,0.09967988800328996,-1.3565796287967729,0.00607775171179566,0.009763809065343597,-0.13169816268854645,0,70,255.0,255.0,255.0
312,15.600000000000001,4.660157929053578,-2.598632104843388,-11.444057524487386,0.0398773244690138,0.10016526914505171,-1.3631513851623351,0.0057265325700812456,0.00965143660512606,-0.1311720919339464,0,70,255.0,255.0,255.0
313,15.65,4.6621588071014335,-2.593611823912237,-11.512378839664269,0.04015487061897499,0.10064503166380255,-1.3696968379901675,0.005375313428366843,0.009539064144908526,-0.1306460211793464,0,70,255.0,255.0,255.0
314,15.700000000000001,4.6641731234328585,-2.5885676953207244,-11.581026769894105,0.04041485581185048,0.10111917555954256,-1.3762159872802697,0.005024094286652429,0.009426691684690989,-0.13011995042474636,0,70,255.0,255.0,255.0
315,15.75,4.6662,-2.5835,-11.65,0.04065728004764023,0.10158770083227167,-1.3827088330326422,0.004672875144937971,0.009314319224473122,-0.12959387967015168,0,70,255.0,255.0,255.0
316,15.8,4.668238622317432,-2.5784088760408266,-11.71929721786524,0.04088595707199622,0.10205917790525566,-1.3891755588571808,0.004474205829301622,0.009544763694886308,-0.12907515331138447,0,70,255.0,255.0,255.0
317,15.850000000000001,4.670288430149436,-2.5732938901724154,-11.788917123613754,0.0411047006305704,0.10254217720176032,-1.395616348363781,0.004275536513665273,0.009775208165299493,-0.12855642695261726,0,70,255.0,255.0,255.0
318,15.9,4.672348926822726,-2.5681544662835916,-11.858858420429652,0.04131351072336274,0.10303669872178561,-1.4020312015524423,0.0040768671980289314,0.010005652635712672,-0.12803770059385008,0,70,255.0,255.0,255.0
319,15.950000000000001,4.67441961566401,-2.5629900282631786,-11.929119811497031,0.041512387350373284,0.10354274246533157,-1.408420118423166,0.0038781978823925825,0.010236097106125858,-0.12751897423508288,0,70,255.0,255.0,255.0
320,16.0,4.6765,-2.5578,-11.9997,0.04170133051160201,0.10406030843239818,-1.4147830989759507,0.003679528566756407,0.01046654157653848,-0.12700024787631214,0,70,255.0,255.0,255.0
321,16.05,4.678589343393123,-2.5525842386536683,-12.070597388998724,0.04186595435004644,0.10456340037568924,-1.4211021357745073,0.0029054249710205315,0.00965713615510394,-0.12576122406595577,0,70,255.0,255.0,255.0
322,16.1,4.680685950348676,-2.5473443344669486,-12.14180918105761,0.04199187300870407,0.10502602204790858,-1.4273592213825466,0.002131321375284656,0.008847730733669401,-0.12452220025559942,0,70,255.0,255.0,255.0
323,16.150000000000002,4.682787885607665,-2.5420823109533948,-12.213332278617138,0.042079086487574906,0.1054481734490562,-1.4335543558000676,0.001357217779548781,0.00803832531223486,-0.12328317644524306,0,70,255.0,255.0,255.0
324,16.2,4.684893213911103,-2.536800191626561,-12.285163584117774,0.042127594786658944,0.10582985457913205,-1.4396875390270705,0.0005831141838129605,0.007228919890800378,-0.12204415263488679,0,70,255.0,255.0,255.0
325,16.25,4.687,-2.5315,-12.3573,0.0421373979059562,0.10617106543813622,-1.4457587710635558,-0.000190989411923026,0.006419514469365839,-0.120805128824518,0,70,255.0,255.0,255.0
326,16.3,4.6891072041100745,-2.5261829693444997,-12.429738826139877,0.04216222552782423,0.10651922059198754,-1.4517918980447873,0.0011840942866442191,0.007506691684686999,-0.12051995042473464,0,70,255.0,255.0,255.0
327,16.35,4.691217368455866,-2.5208471719597885,-12.502478952155814,0.04225580733462062,0.10692173460660492,-1.4578107661060293,0.002559177985211464,0.00859386890000816,-0.1202347720249513,0,70,255.0,255.0,255.0
328,16.400000000000002,4.693333930746618,-2.5154898899028266,-12.575519665101815,0.04241814332634538,0.10737860748198837,-1.4638153752472824,0.003934261683778709,0.00968104611532932,-0.11994959362516794,0,70,255.0,255.0,255.0
329,16.45,4.695460328691581,-2.510108405230577,-12.648860252031874,0.04264923350299848,0.10788983921813783,-1.469805725468546,0.005309345382345856,0.010768223330650402,-0.11966441522538461,0,70,255.0,255.0,255.0
330,16.5,4.6976,-2.5047,-12.7225,0.04294907786457995,0.1084554298150534,-1.4757818167698207,0.006684429080913046,0.011855400545971007,-0.1193792368256048,0,70,255.0,255.0,255.0
331,16.55,4.69975544016658,-2.4992630839683314,-12.796437706441777,0.04326114353866206,0.10900771725635604,-1.4817142720463385,0.005798197882371179,0.010236097106133778,-0.11791897423510773,0,70,255.0,255.0,255.0
332,16.6,4.701925375827868,-2.493800577693898,-12.870670210319144,0.04352889765281708,0.1094790395256668,-1.4875737141933316,0.004911966683829313,0.00861679366629655,-0.11645871164461066,0,70,255.0,255.0,255.0
333,16.650000000000002,4.704107591405863,-2.4883165294352976,-12.945193860975621,0.043752340207045,0.1098693966229857,-1.4933601432107997,0.004025735485287447,0.006997490226459322,-0.11499844905411359,0,70,255.0,255.0,255.0
334,16.7,4.706299871322574,-2.4828149874511323,-13.020005007754728,0.043931471201345815,0.11017878854831271,-1.4990735590987427,0.0031395042867456437,0.005378186786622208,-0.11353818646361662,0,70,255.0,255.0,255.0
335,16.75,4.7085,-2.4773,-13.0951,0.04406629063571956,0.1104072153016479,-1.5047139618571614,0.002253273088203722,0.0037588833467847582,-0.11207792387311777,0,70,255.0,255.0,255.0
336,16.8,4.710706235223602,-2.471774294782174,-13.170475948093019,0.04418520031752029,0.11063391038258764,-1.5103270137698612,0.0025031141838254426,0.005308919890804886,-0.11244415263486651,0,70,255.0,255.0,255.0
337,16.85,4.7129187282326646,-2.466235317264621,-13.246133006567625,0.04431660205410211,0.11093810729072841,-1.5159583771206482,0.002752955279447163,0.006858956434825014,-0.11281038139661527,0,70,255.0,255.0,255.0
338,16.900000000000002,4.7151381036299265,-2.460679192355981,-13.32207209099572,0.04446049584546501,0.11131980602607015,-1.5216080519095228,0.003002796375068883,0.008408992978845141,-0.11317661015836401,0,70,255.0,255.0,255.0
339,16.95,4.717364986018124,-2.4551020449648946,-13.398294116949208,0.044616881691608996,0.1117790065886129,-1.5272760381364845,0.0032526374706905855,0.009959029522865159,-0.11354283892011274,0,70,255.0,255.0,255.0
340,17.0,4.7196,-2.4495,-13.4748,0.04478575959253406,0.11231570897835667,-1.5329623358015336,0.0035024785663120284,0.011509066066884732,-0.1139090676818526,0,70,255.0,255.0,255.0
341,17.05,4.721843618939007,-2.443870136902972,-13.551589701186158,0.044958055191251046,0.11287264121329484,-1.5386096728742142,0.00338934538236728,0.01076822333064148,-0.11198441522536766,0,70,255.0,255.0,255.0
342,17.1,4.724095711241472,-2.438213353247617,-13.628659363410376,0.04512469413077079,0.11339253131142084,-1.5441607773240706,0.003276212198422531,0.01002738059439823,-0.11005976276888271,0,70,255.0,255.0,255.0
343,17.150000000000002,4.726355994074432,-2.432531501140777,-13.70600417504152,0.0452856764110933,0.11387537927273468,-1.5496156491511026,0.0031630790144777828,0.009286537858154977,-0.10813511031239775,0,70,255.0,255.0,255.0
344,17.2,4.728624184604928,-2.4268264326892908,-13.783619324448436,0.04544100203221856,0.11432118509723632,-1.5549742883553102,0.003049945830533042,0.008545695121911778,-0.10621045785591295,0,70,255.0,255.0,255.0
345,17.25,4.7309,-2.4211,-13.8615,0.0455906709941466,0.11472994878492584,-1.5602366949366935,0.0029368126465881828,0.007804852385667749,-0.10428580539942978,0,70,255.0,255.0,255.0
346,17.3,4.733183289020366,-2.4153539576059377,-13.93964204716236,0.04574257891747952,0.11510752476423318,-1.5654422947332705,0.0031395042867286035,0.007298186786625875,-0.10393818646364288,0,70,255.0,255.0,255.0
347,17.35,4.735474426801448,-2.4095896697449093,-14.018043939790884,0.04590462142281946,0.11545976746358845,-1.5706305135830578,0.003342195926869024,0.006791521187584,-0.10359056752785598,0,70,255.0,255.0,255.0
348,17.400000000000002,4.737773920072348,-2.403808403080911,-14.096704808838222,0.046076798510166425,0.1157866768829916,-1.5758013514860563,0.0035448875670094446,0.006284855588542127,-0.10324294859206908,0,70,255.0,255.0,255.0
349,17.45,4.740082275562164,-2.3980114242779424,-14.175623785257038,0.0462591101795204,0.11608825302244265,-1.5809548084422644,0.0037475792071498507,0.0057781899895002885,-0.10289532965628219,0,70,255.0,255.0,255.0
350,17.5,4.7424,-2.3922,-14.2548,0.046451556430881405,0.1163644958819416,-1.5860908844516843,0.00395027084729016,0.005271524390458082,-0.10254771072050417,0,70,255.0,255.0,255.0
351,17.55,4.744727224979529,-2.386374832673276,-14.334232510164403,0.04663162913883092,0.11664925972977469,-1.5912051481927003,0.003252637470690413,0.00611902952286555,-0.1020228389201371,0,70,255.0,255.0,255.0
352,17.6,4.747062581552736,-2.380534367772745,-14.413920077426106,0.04677682017795045,0.11697639883422817,-1.5962931683436983,0.002555004094090665,0.006966534655273017,-0.10149796711977002,0,70,255.0,255.0,255.0
353,17.650000000000002,4.749404325636178,-2.374676486535576,-14.493861389605607,0.046887129548239995,0.117345913195302,-1.6013549449046776,0.0018573707174909175,0.007814039787680485,-0.10097309531940295,0,70,255.0,255.0,255.0
354,17.7,4.7517507131464125,-2.3687990701989383,-14.574055134523402,0.04696255724969954,0.1177578028129962,-1.6063904778756384,0.001159737340891219,0.008661544920087893,-0.10044822351903591,0,70,255.0,255.0,255.0
355,17.75,4.7541,-2.3629,-14.6545,0.047003103282329116,0.11821206768731077,-1.6113997672565812,0.000462103964291416,0.009509050052494805,-0.09992335171866706,0,70,255.0,255.0,255.0
356,17.8,4.756451011061516,-2.356977911700956,-14.735194312180036,0.047042904527199836,0.11866343631667071,-1.6163611124959443,0.0011299458305374472,0.008545695121902893,-0.09853045785585868,0,70,255.0,255.0,255.0
357,17.85,4.758804846987609,-2.351034459164108,-14.816134950504713,0.047116097865382865,0.11906663719950107,-1.6212528130421673,0.0017977876967834785,0.007582340191310983,-0.09713756399305029,0,70,255.0,255.0,255.0
358,17.900000000000002,4.761163177382943,-2.3450720507767815,-14.89731843273937,0.04722268329687819,0.11942167033580182,-1.6260748688952495,0.0024656295630295097,0.006618985260719071,-0.0957446701302419,0,70,255.0,255.0,255.0
359,17.95,4.763527671852185,-2.3390930949263034,-14.978741276649346,0.047362660821685804,0.11972853572557296,-1.6308272800551913,0.0031334714292754933,0.0056556303301272285,-0.09435177626743363,0,70,255.0,255.0,255.0
360,18.0,4.7659,-2.3331,-15.0604,0.047536030439805727,0.11998723336881453,-1.6355100465219925,0.003801313295521247,0.004692275399534873,-0.09295888240462702,0,70,255.0,255.0,255.0
361,18.05,4.768281530774407,-2.3270943205228973,-15.142291841115462,0.04772475275237208,0.1202489950035404,-1.640166401823516,0.003747579207132689,0.005778189989500031,-0.09329532965631132,0,70,255.0,255.0,255.0
362,18.1,4.770672430496831,-2.3210741955708207,-15.224416920555065,0.047910788360519,0.12056505236776453,-1.6448395794876238,0.0036938451187441307,0.006864104579465189,-0.09363177690799561,0,70,255.0,255.0,255.0
363,18.150000000000002,4.773072564832052,-2.315036910357296,-15.306776079436935,0.0480941372642465,0.12093540546148694,-1.6495295795143157,0.003640111030355573,0.007950019169430347,-0.09396822415967991,0,70,255.0,255.0,255.0
364,18.2,4.775481799444848,-2.308979750095847,-15.389370158879201,0.04827479946355455,0.12136005428470756,-1.6542364019035916,0.0035863769419670183,0.009035933759395428,-0.09430467141136417,0,70,255.0,255.0,255.0
365,18.25,4.7779,-2.3029,-15.4722,0.04845277495844319,0.12183899883742648,-1.658960046655452,0.0035326428535784604,0.010121848349360696,-0.09464111866304492,0,70,255.0,255.0,255.0
366,18.3,4.780326865840859,-2.296796006207454,-15.555265523358127,0.048618084463305254,0.12230858366916292,-1.6636452802100035,0.0030797373409038476,0.008661544920096189,-0.09276822351901826,0,70,255.0,255.0,255.0
367,18.35,4.782761431025071,-2.290670358552608,-15.638562967275051,0.048760748692533586,0.1227051533294361,-1.668236869007354,0.0026268318282292352,0.0072012414908316814,-0.09089532837499158,0,70,255.0,255.0,255.0
368,18.400000000000002,4.785202563288852,-2.284526707794035,-15.722087649512911,0.04888076764612818,0.12302870781824608,-1.6727348130475028,0.0021739263155546224,0.005740938061567173,-0.08902243323096491,0,70,255.0,255.0,255.0
369,18.45,4.787649130368423,-2.278368704690308,-15.805834887833843,0.048978141324089036,0.12327924713559282,-1.6771391123304502,0.001721020802880042,0.004280634632302769,-0.08714953808693837,0,70,255.0,255.0,255.0
370,18.5,4.7901,-2.2722,-15.8898,0.04905286972641617,0.12345677128147635,-1.6814497668561963,0.0012681152902052628,0.00282033120303804,-0.08527664294290638,0,70,255.0,255.0,255.0
371,18.55,4.792554205862158,-2.266023254647286,-15.973978865452041,0.04911490939440329,0.12362067031980559,-1.6857004773364546,0.001213471429279799,0.0037356303301314137,-0.08475177626742116,0,70,255.0,255.0,255.0
372,18.6,4.79501144540289,-2.2598371702187467,-16.05836961034475,0.04917421686934415,0.1238303343144895,-1.6899249444829387,0.0011588275683543355,0.004650929457224787,-0.08422690959193593,0,70,255.0,255.0,255.0
373,18.650000000000002,4.797471582012541,-2.253639458466565,-16.142970922511438,0.04923079215123873,0.12408576326552807,-1.6941231682956484,0.0011041837074288717,0.005566228584318161,-0.08370204291645071,0,70,255.0,255.0,255.0
374,18.7,4.799934479081462,-2.2474278311429217,-16.227781489785414,0.049284635240087034,0.1243869571729213,-1.6982951487745834,0.001049539846503412,0.0064815277114114705,-0.08317717624096553,0,70,255.0,255.0,255.0
375,18.75,4.8024,-2.2412,-16.3128,0.049335746135889064,0.12473391603666921,-1.7024408859197444,0.0009948959855777817,0.0073968268385044,-0.08265230956546787,0,70,255.0,255.0,255.0
376,18.8,4.804868310710508,-2.2349541752034017,-16.398025414833715,0.0494022779590778,0.12509673505161661,-1.7065768104441668,0.001666376941971502,0.0071159337593913645,-0.08278467141142087,0,70,255.0,255.0,255.0
377,18.85,4.807340787363371,-2.228690560572404,-16.48345779134596,0.04950238383008622,0.12544550941260835,-1.7107193530608866,0.002337857898365222,0.006835040680278329,-0.08291703325737387,0,70,255.0,255.0,255.0
378,18.900000000000002,4.80981910866098,-2.2224098583397063,-16.56909746044134,0.04963606374891433,0.12578023911964445,-1.7148685137699042,0.0030093388547589427,0.0065541476011652935,-0.08304939510332687,0,70,255.0,255.0,255.0
379,18.95,4.812304953305727,-2.216112770738006,-16.65494475302448,0.0498033177155621,0.12610092417272487,-1.7190242925712191,0.0036808198111526152,0.006273254522052278,-0.08318175694927987,0,70,255.0,255.0,255.0
380,19.0,4.8148,-2.2098,-16.741,0.05000414573002958,0.12640756457184965,-1.723186689464832,0.004352300767546002,0.005992361442938687,-0.08331411879522932,0,70,255.0,255.0,255.0
381,19.05,4.817305351295809,-2.203472044539108,-16.827262675213106,0.050203978769290114,0.12671238947373056,-1.7273042808868848,0.003641020802875351,0.006200634632298122,-0.0813895380868814,0,70,255.0,255.0,255.0
382,19.1,4.819819805143625,-2.1971285874916355,-16.913728824271434,0.05036824781031712,0.12702762803507947,-1.7313256432735202,0.0029297408382046993,0.006408907821657556,-0.07946495737853349,0,70,255.0,255.0,255.0
383,19.150000000000002,4.822341583343537,-2.1907691081746092,-17.000393635723206,0.05049695285311059,0.12735328025589635,-1.7352507766247383,0.002218460873534048,0.00661718101101699,-0.07754037667018557,0,70,255.0,255.0,255.0
384,19.200000000000003,4.824868907695633,-2.1843930859050547,-17.087252298116653,0.05059009389767053,0.12768934613618116,-1.7390796809405389,0.0015071809088633963,0.0068254542003764246,-0.07561579596183765,0,70,255.0,255.0,255.0
385,19.25,4.8274,-2.178,-17.1743,0.05064767094399692,0.128035825675934,-1.7428123562209217,0.000795900944192407,0.0070337273897365105,-0.07369121525347744,0,70,255.0,255.0,255.0
386,19.3,4.829933484106256,-2.1715896466401654,-17.26153268431386,0.05069380696376389,0.12837370705346268,-1.746494066008284,0.0010495398464862062,0.006481527711411542,-0.07357717624101276,0,70,255.0,255.0,255.0
387,19.35,4.832469592062129,-2.165163089461052,-17.348949311568315,0.050752624928645546,0.12868397844707516,-1.750170073845023,0.0013031787487800056,0.005929328033086574,-0.0734631372285481,0,70,255.0,255.0,255.0
388,19.400000000000002,4.835008957964872,-2.1587217089618567,-17.436549596665852,0.05082412483864189,0.12896663985677137,-1.753840379731139,0.001556817651073805,0.005377128354761606,-0.07334909821608342,0,70,255.0,255.0,255.0
389,19.450000000000003,4.837552215911744,-2.1522668856417737,-17.524333254508925,0.050908306693752924,0.12922169128255134,-1.7575049836666314,0.0018104565533676041,0.004824928676436637,-0.07323505920361874,0,70,255.0,255.0,255.0
390,19.5,4.8401,-2.1458,-17.6123,0.05100517049397865,0.12944913272441505,-1.7611638856515004,0.002064095455661441,0.004272728998111486,-0.07312102019114519,0,70,255.0,255.0,255.0
391,19.55,4.8426527122791665,-2.1393221689002297,-17.700448987531466,0.051100793375649545,0.129664782312419,-1.76478345508001,0.0017608198111740815,0.00435325452204758,-0.07166175694923707,0,70,255.0,255.0,255.0
392,19.6,4.84520982660786,-2.1328334546641545,-17.788777129455305,0.05118125247509606,0.1298844581766198,-1.7683300613464243,0.001457544166686722,0.004433780045983673,-0.07020249370732894,0,70,255.0,255.0,255.0
393,19.650000000000002,4.847770584796972,-2.126333655977964,-17.87728077761341,0.051246547792318214,0.13010816031701739,-1.771803704450743,0.0011542685221993625,0.0045143055699197665,-0.06874323046542082,0,70,255.0,255.0,255.0
394,19.700000000000003,4.850334228657389,-2.119822571527849,-17.965956283847678,0.051296679327316,0.1303358887336118,-1.7752043843929664,0.000850992877712003,0.00459483109385586,-0.0672839672235127,0,70,255.0,255.0,255.0
395,19.75,4.8529,-2.1133,-18.0548,0.05133164708008941,0.13056764342640298,-1.778532101173094,0.0005477172332244984,0.004675356617791948,-0.06582470398159224,0,70,255.0,255.0,255.0
396,19.8,4.855467666777078,-2.106765677758915,-18.14380896556029,0.051383019533641605,0.13080716369685752,-1.7818281136716785,0.0015071809088632174,0.004905454200389862,-0.06601579596178375,0,70,255.0,255.0,255.0
397,19.85,4.858039101506427,-2.100219091882329,-18.23298297061049,0.051482365170975736,0.13105818884644196,-1.7851336807692724,0.0024666445845019365,0.005135551782987775,-0.06620688794197527,0,70,255.0,255.0,255.0
398,19.900000000000002,4.8606167028472385,-2.093659667126285,-18.322322492880538,0.0516296839920918,0.1313207188751563,-1.7884488024658758,0.0034261082601406553,0.005365649365585689,-0.0663979799221668,0,70,255.0,255.0,255.0
399,19.950000000000003,4.863202869458699,-2.0870868282468273,-18.411828010100397,0.0518249759969898,0.13159475378300056,-1.7917734787614892,0.0043855719357793746,0.0055957469481836015,-0.06658907190235831,0,70,255.0,255.0,255.0
400,20.0,4.8658,-2.0805,-18.5015,0.05206824118566973,0.13188029356997466,-1.7951077096561114,0.00534503561141797,0.005825844530781943,-0.06678016388254804,0,70,255.0,255.0,255.0
401,20.05,4.868409420612523,-2.0738991200641106,-18.591338350227378,0.05229512848978884,0.13214656290015492,-1.7984160902332678,0.003730456553346072,0.00482492867642835,-0.06555505920370307,0,70,255.0,255.0,255.0
402,20.1,4.871028167366431,-2.0672861778065292,-18.681340588102763,0.052441286841004346,0.1323627864376175,-1.8016632155764818,0.002115877495274175,0.0038240128220747563,-0.0643299545248581,0,70,255.0,255.0,255.0
403,20.150000000000002,4.873652203814076,-2.0606636755168934,-18.771503650864464,0.052506716239316256,0.1325289641823624,-1.8048490856857535,0.0005012984372022777,0.0028230969677211634,-0.06310484984601311,0,70,255.0,255.0,255.0
404,20.200000000000003,4.876277493507813,-2.0540341154848383,-18.861824475750772,0.052491416684724575,0.1326450961343896,-1.8079737005610834,-0.00111328062086962,0.0018221811133675696,-0.06187974516716814,0,70,255.0,255.0,255.0
405,20.25,4.8789,-2.0474,-18.9523,0.0523953881772293,0.13271118229369913,-1.8110370602024706,-0.0027278596789417353,0.0008212652590138259,-0.06065464048832858,0,70,255.0,255.0,255.0
406,20.3,4.881517050772827,-2.040762641984643,-19.04292723353021,0.05230046650719909,0.1327985847025208,-1.8140435253952654,-0.0010690071222666507,0.0026748310938517856,-0.05960396722345783,0,70,255.0,255.0,255.0
407,20.35,4.884131429027851,-2.0341185968915525,-19.133703476978475,0.052288487465002635,0.1329786654030843,-1.8169974569248164,0.000589845434408434,0.004528396928689745,-0.05855329395858708,0,70,255.0,255.0,255.0
408,20.400000000000002,4.886747281896459,-2.027463230806139,-19.224626103661638,0.05235945105063993,0.13325142439538973,-1.8198988547911241,0.002248697991083519,0.006381962763527706,-0.057502620693716325,0,70,255.0,255.0,255.0
409,20.450000000000003,4.889368756510045,-2.020791909813817,-19.315692486896538,0.05251335726411099,0.1336168616794371,-1.822747718994188,0.003907550547758603,0.008235528598365665,-0.056451947428845566,0,70,255.0,255.0,255.0
410,20.5,4.892,-2.0141,-19.4069,0.052750206105415774,0.1340749772552263,-1.8255440495340087,0.005566403104433293,0.010089094433203494,-0.05540127416396956,0,70,255.0,255.0,255.0
411,20.55,4.894643976296165,-2.007384711997316,-19.498246315651798,0.05299900548142109,0.1345150982897613,-1.8283058081856658,0.0043855719357793034,0.007515746948196352,-0.05506907190231089,0,70,255.0,255.0,255.0
412,20.6,4.897298916522169,-2.000650634627261,-19.58973030398335,0.05318876329899371,0.13482655195004592,-1.83105095672424,0.0032047407671253136,0.004942399463189211,-0.05473686964065222,0,70,255.0,255.0,255.0
413,20.650000000000002,4.899961868600091,-1.9939042012585486,-19.681351134489006,0.05331947955813363,0.13500933823608022,-1.833779495149731,0.0020239095984713237,0.0023690519781820697,-0.05440466737899355,0,70,255.0,255.0,255.0
414,20.700000000000003,4.902629880452009,-1.9871518452598904,-19.77310797666311,0.05339115425884085,0.13506345714786416,-1.8364914234621394,0.0008430784298173342,-0.00020429550682507167,-0.05407246511733488,0,70,255.0,255.0,255.0
415,20.75,4.9053,-1.9804,-19.865,0.053403787401115364,0.13498890868539776,-1.8391867416614645,-0.00033775273883701606,-0.002777642991831808,-0.053740262855676235,0,70,255.0,255.0,255.0
416,20.8,4.907970244042516,-1.9736529100260927,-19.957025903862608,0.053415511567122154,0.13491702213843582,-1.841837241862038,0.0008067193791087054,-9.781888664517997e-05,-0.05227974516726304,0,70,255.0,255.0,255.0
417,20.85,4.910642504883477,-1.9669060645994019,-20.049182507088133,0.053484459339026236,0.13497912679673324,-1.8444147161781907,0.0019511914970544268,0.002582005218541448,-0.05081922747884984,0,70,255.0,255.0,255.0
418,20.900000000000002,4.913319643703184,-1.960152764159665,-20.141466158382354,0.053610630716827604,0.13517522266028997,-1.846919164609923,0.0030956636150001483,0.0052618293237280764,-0.04935870979043664,0,70,255.0,255.0,255.0
419,20.950000000000003,4.916004521681925,-1.9533863091466184,-20.233873206451054,0.05379402570052625,0.13550530972910607,-1.8493505871572347,0.00424013573294587,0.007941653428914704,-0.047898192102023444,0,70,255.0,255.0,255.0
420,21.0,4.9187,-1.9466,-20.3264,0.05403464429012217,0.13596938800318142,-1.8517089838201253,0.005384607850891454,0.010621477534100254,-0.0464376744136068,0,70,255.0,255.0,255.0
421,21.05,4.921407847533777,-1.939789247898313,-20.41904366889778,0.05426694825008842,0.13644081315649315,-1.8540412243661872,0.003907550547758444,0.00823552859836939,-0.04685194742886552,0,70,255.0,255.0,255.0
422,21.1,4.924125463943923,-1.9329579069751306,-20.51180446766413,0.05442539934489802,0.13679294086301838,-1.8563941785630118,0.0024304932446254338,0.005849579662638525,-0.04726622044412424,0,70,255.0,255.0,255.0
423,21.150000000000002,4.926849156587181,-1.9261119421027908,-20.604683431981595,0.05450999757455097,0.13702577112275702,-1.8587678464105994,0.0009534359414924238,0.0034636307269076613,-0.04768049345938296,0,70,255.0,255.0,255.0
424,21.200000000000003,4.929575232820293,-1.9192573181536343,-20.697681597532707,0.05452074293904727,0.13713930393570914,-1.8611622279089504,-0.0005236213616405866,0.0010776817911767964,-0.048094766474641684,0,70,255.0,255.0,255.0
425,21.25,4.9323,-1.9124,-20.7908,0.05445763543838692,0.1371335393018747,-1.8635773230580637,-0.0020006786647736585,-0.0013082671445545646,-0.048509039489889716,0,70,255.0,255.0,255.0
426,21.3,4.935020765822378,-1.9055444983806546,-20.884038620546278,0.054380695432513546,0.1370957252355903,-1.8659498606732414,-0.0010769215701613246,-0.0002042955068203799,-0.04639246511721279,0,70,255.0,255.0,255.0
427,21.35,4.93773883934083,-1.8986895075000763,-20.977393222255348,0.054349943281370786,0.13711310975119265,-1.868216569569785,-0.00015316447554899072,0.0008996761309138048,-0.04427589074453587,0,70,255.0,255.0,255.0
428,21.400000000000002,4.940456529948094,-1.8918322674291703,-21.070858513691284,0.05436537898495865,0.13718569284868168,-1.870377449747695,0.0007705926190633432,0.0020036477686479898,-0.04215931637185894,0,70,255.0,255.0,255.0
429,21.450000000000003,4.943176147036905,-1.884970018238843,-21.164429203418145,0.05442700254327713,0.13731347452805745,-1.872432501206971,0.001694349713675677,0.0031076194063821743,-0.04004274199918202,0,70,255.0,255.0,255.0
430,21.5,4.9459,-1.8781,-21.2581,0.05453481395632621,0.1374964547893199,-1.874381723947613,0.0026181068082878345,0.004211591044115837,-0.03792616762649814,0,70,255.0,255.0,255.0
431,21.55,4.948629889176711,-1.8712199585790685,-21.351866648917113,0.05465827001985716,0.13770428590114567,-1.8762873329408285,0.0023201357329502084,0.004101653428914574,-0.03829819210211199,0,70,255.0,255.0,255.0
432,21.6,4.951365578692757,-1.8643296630245647,-21.44572904331448,0.05476682752962123,0.13790662013221136,-1.8782115431578243,0.0020221646576125824,0.003991715813713312,-0.03867021657772583,0,70,255.0,255.0,255.0
433,21.650000000000002,4.954106323620445,-1.8574293881805266,-21.539688113253295,0.05486048648561842,0.138103457482517,-1.880154354598601,0.001724193582274956,0.003881778198512049,-0.039042241053339685,0,70,255.0,255.0,255.0
434,21.700000000000003,4.956851379032089,-1.8505194088909922,-21.63374478879474,0.05493924688784873,0.1382947979520626,-1.8821157672631583,0.00142622250693733,0.0037718405833107862,-0.03941426552895353,0,70,255.0,255.0,255.0
435,21.75,4.9596,-1.8436,-21.7279,0.05500310873631215,0.13848064154084805,-1.8840957811514962,0.001128251431599947,0.0036619029681084214,-0.03978629000456735,0,70,255.0,255.0,255.0
436,21.8,4.962351677470774,-1.836671667303071,-21.822153983785284,0.0550662244880606,0.13864713115983004,-1.8860528075634753,0.001396378638338051,0.0029976817911718263,-0.03849476647459296,0,70,255.0,255.0,255.0
437,21.85,4.965106845888146,-1.8297358404016641,-21.916504204486742,0.05514274660014596,0.13878040971996522,-1.8879452577989557,0.001664505845076155,0.002333460614235231,-0.037203242944618575,0,70,255.0,255.0,255.0
438,21.900000000000002,4.967866175570128,-1.8227941798487217,-22.01094743329557,0.05523267507256822,0.13888047722125357,-1.8897731318579372,0.001932633051814259,0.001669239437298636,-0.03591171941464418,0,70,255.0,255.0,255.0
439,21.950000000000003,4.970630336834741,-1.815848346197186,-22.105480441402932,0.05533600990532739,0.13894733366369508,-1.89153642974042,0.002200760258552363,0.0010050182603620404,-0.034620195884669795,0,70,255.0,255.0,255.0
440,22.0,4.9734,-1.8089,-22.2001,0.05545275109842345,0.13898097904728976,-1.8932351514464043,0.002468887465290115,0.0003407970834239382,-0.03332867235469372,0,70,255.0,255.0,255.0
441,22.05,4.976175400940189,-1.8019501722086466,-22.294803015941785,0.05555683202789802,0.13901918945953481,-1.89487743680525,0.0016943497136924447,0.0011876194063776277,-0.0323627419991272,0,70,255.0,255.0,255.0
442,22.1,4.978955037754663,-1.7949973753687771,-22.389586938738564,0.055622186069792696,0.13909974098792754,-1.8964714256463169,0.0009198119620947745,0.0020344417293313172,-0.03139681164356067,0,70,255.0,255.0,255.0
443,22.150000000000002,4.981736974099042,-1.7880394924245844,-22.484449353564454,0.055648813224107495,0.13922263363246792,-1.898017117969606,0.00014527421049710405,0.0028812640522850068,-0.030430881287994142,0,70,255.0,255.0,255.0
444,22.200000000000003,4.9845192736289485,-1.781074406320261,-22.579387845593565,0.05563671349084241,0.13938786739315603,-1.8995145137751166,-0.000629263541100566,0.0037280863752386967,-0.029464950932427614,0,70,255.0,255.0,255.0
445,22.25,4.9873,-1.7741,-22.6744,0.05558588686999744,0.13959544226999177,-1.9009636130628487,-0.0014038012926981813,0.004574908698191216,-0.028499020576850498,0,70,255.0,255.0,255.0
446,22.3,4.990077918768468,-1.767114843862342,-22.769483552447593,0.05553844740035311,0.1398041110020294,-1.9023734452154977,-0.0004937774930750631,0.0037718405833144673,-0.027894265529112863,0,70,255.0,255.0,255.0
447,22.35,4.992854603093202,-1.760120258123226,-22.86463684055901,0.055536509120689935,0.13997262632832322,-1.90375303961576,0.00041624630654805506,0.002968772468437719,-0.027289510481375227,0,70,255.0,255.0,255.0
448,22.400000000000002,4.995632328033702,-1.7531182504529386,-22.959858352446634,0.05558007203100791,0.14010098824887318,-1.9051023962636353,0.0013262701061711735,0.00216570435356097,-0.026684755433637592,0,70,255.0,255.0,255.0
449,22.450000000000003,4.998413368649469,-1.7461108285217672,-23.055146576222835,0.055669136131307057,0.1401891967636793,-1.9064215151591237,0.0022362939057942914,0.0013626362386842217,-0.026080000385899957,0,70,255.0,255.0,255.0
450,22.5,5.0012,-1.7391,-23.1505,0.05580370142158734,0.1402372518727416,-1.907710396302225,0.0031463177054173452,0.0005595681238066419,-0.02547524533816059,0,70,255.0,255.0,255.0
451,22.55,5.003993723985941,-1.7320872523419846,-23.24591717426785,0.05593737837068658,0.14027636653234593,-1.908972782332793,0.002200760258552201,0.0010050182603654598,-0.025020195884558654,0,70,255.0,255.0,255.0
452,22.6,5.00679294987253,-1.7250719921383182,-23.3413968990254,0.05602377744744256,0.14033775369877816,-1.9102124158906808,0.001255202811687057,0.0014504683969242776,-0.024565146430956718,0,70,255.0,255.0,255.0
453,22.650000000000002,5.009595313766147,-1.7180531057636594,-23.436938036649043,0.056062898651855285,0.14042141337203834,-1.9114292969758888,0.000309645364821913,0.0018959185334830953,-0.02411009697735478,0,70,255.0,255.0,255.0
454,22.700000000000003,5.012398451773176,-1.711029479592667,-23.53253944951512,0.05605474198392475,0.14052734555212645,-1.9126234255884165,-0.0006359120820432313,0.0023413686700419134,-0.023655047523752845,0,70,255.0,255.0,255.0
455,22.75,5.0152,-1.704,-23.6282,0.05599930744365097,0.14065555023904255,-1.9137948017282642,-0.001581469528908308,0.0027868188066013655,-0.023199998070152716,0,70,255.0,255.0,255.0
456,22.8,5.0179983852877665,-1.6969641467697192,-23.72391815048103,0.05594403911690117,0.14077042286858846,-1.9149194254533275,-0.0006292635410834555,0.0018080863752343163,-0.021784950932373072,0,70,255.0,255.0,255.0
457,22.85,5.020795197416681,-1.6899237733235004,-23.819690763339388,0.055936381089542624,0.14083635887656598,-1.9159732968215015,0.000322942446741397,0.000829353943867267,-0.020369903794593427,0,70,255.0,255.0,255.0
458,22.900000000000002,5.023592816901711,-1.682881326492422,-23.91551430095723,0.055976333361575314,0.14085335826297518,-1.9169564158327868,0.0012751484345662496,-0.00014937848749978222,-0.018954856656813783,0,70,255.0,255.0,255.0
459,22.950000000000003,5.026393624257828,-1.675839253107562,-24.011385225716722,0.05606389593299925,0.14082142102781603,-1.917868782487183,0.002227354422391102,-0.0011281109188668315,-0.017539809519034142,0,70,255.0,255.0,255.0
460,23.0,5.0292,-1.6688,-24.1073,0.056199068803814416,0.1407405471710885,-1.9187103967846901,0.003179560410215887,-0.0021068433502342554,-0.016124762381254598,0,70,255.0,255.0,255.0
461,23.05,5.032013534862994,-1.661764960579138,-24.20325582380805,0.056334465161714246,0.14067394199329974,-1.9195255158538713,0.0022362939057771736,-0.0005573637613161654,-0.01648000038598845,0,70,255.0,255.0,255.0
462,23.1,5.034832660460752,-1.6547313145676792,-24.29925284761706,0.056422698194392135,0.14068481079495687,-1.9203583968232891,0.00129302740133846,0.0009921158276019245,-0.016835238390722304,0,70,255.0,255.0,255.0
463,23.150000000000002,5.037655018627013,-1.6476951882666513,-24.395291959522048,0.05646376790184809,0.14077315357605993,-1.9212090396929435,0.0003497608968997465,0.0025415954165200145,-0.01719047639545616,0,70,255.0,255.0,255.0
464,23.200000000000003,5.040478251195516,-1.640652707977082,-24.491374047618027,0.05645767428408211,0.14093897033660888,-1.9220774444628346,-0.0005935056075389669,0.004091075005438104,-0.017545714400190014,0,70,255.0,255.0,255.0
465,23.25,5.0433,-1.6336,-24.5875,0.0564044173410942,0.14118226107660375,-1.9229636111329627,-0.0015367721119779465,0.005640554594356306,-0.01790095240492562,0,70,255.0,255.0,255.0
466,23.3,5.046118675260262,-1.6265344109137285,-24.68366975428679,0.056350100236243664,0.14142980915821374,-1.92381051113118,-0.0006359120820432978,0.004261368670042101,-0.015975047523772164,0,70,255.0,255.0,255.0
467,23.35,5.048935760740316,-1.6194581684057818,-24.779879446192385,0.05634082613288986,0.14160839794360797,-1.92456111588534,0.0002649479478913509,0.0028821827457278957,-0.014049142642618707,0,70,255.0,255.0,255.0
468,23.400000000000002,5.0517535085902425,-1.612374720440971,-24.87612426095459,0.0563765950310328,0.14171802743278653,-1.9252154253954419,0.0011658079778259995,0.00150299682141369,-0.01212323776146525,0,70,255.0,255.0,255.0
469,23.450000000000003,5.0545741709601115,-1.6052875149841068,-24.972399383811197,0.05645740693067247,0.14175869762574933,-1.9257734396614863,0.0020666680077606483,0.00012381089709948521,-0.010197332880311796,0,70,255.0,255.0,255.0
470,23.5,5.0574,-1.5982,-25.0687,0.056583261831808854,0.1417304085224965,-1.9262351586834734,0.0029675280376948443,-0.0012553750272144004,-0.008271427999149594,0,70,255.0,255.0,255.0
471,23.55,5.060232564095964,-1.5911149957659472,-25.165021959044804,0.056713133893311,0.14167082137384446,-1.9266404396214267,0.002227354422390982,-0.0011281109188670405,-0.007939809518983404,0,70,255.0,255.0,255.0
472,23.6,5.063070696577986,-1.584032811809192,-25.261363767613414,0.056805997274047955,0.1416175974306098,-1.9270291396353716,0.0014871808070871196,-0.0010008468105196808,-0.007608191038817215,0,70,255.0,255.0,255.0
473,23.650000000000002,5.065912547012023,-1.5769531299694626,-25.357724596659615,0.05686185197401972,0.14157073669279246,-1.9274012587253084,0.0007470071917832573,-0.000873582702172321,-0.007276572558651026,0,70,255.0,255.0,255.0
474,23.700000000000003,5.068756264964041,-1.5698756320864888,-25.45410361713721,0.05688069799322628,0.14153023916039256,-1.927756796891237,6.833576479394962e-06,-0.0007463185938249611,-0.006944954078484836,0,70,255.0,255.0,255.0
475,23.75,5.0716,-1.5628,-25.5505,0.05686253533166766,0.14149610483341,-1.928095754133157,-0.0007333400388243039,-0.0006190544854776103,-0.006613335598315118,0,70,255.0,255.0,255.0
476,23.8,5.074442268355881,-1.5557256060224816,-25.64691280953399,0.056829364190508574,0.141486905346409,-1.9284117303831185,-0.0005935056075389224,0.00025107500543862917,-0.0060257144001507525,0,70,255.0,255.0,255.0
477,23.85,5.0772830529477435,-1.5486505843574498,-25.74334068335398,0.05680318477091376,0.14152121233395387,-1.928698325573172,-0.00045367117625354106,0.0011212044963548687,-0.005438093201986388,0,70,255.0,255.0,255.0
478,23.900000000000002,5.080122703361665,-1.541572759681177,-25.83978215240698,0.05678399707288322,0.1415990257960445,-1.9289555397033171,-0.00031383674496815965,0.0019913339872711083,-0.004850472003822023,0,70,255.0,255.0,255.0
479,23.950000000000003,5.082961569183725,-1.534489956669936,-25.936235747639987,0.05677180109641695,0.14172034573268097,-1.9291833727735543,-0.00017400231368277824,0.0028614634781873476,-0.004262850805657659,0,70,255.0,255.0,255.0
480,24.0,5.0858,-1.5274,-26.0327,0.056766596841514944,0.14188517214386323,-1.9293818247838828,-3.416788239740676e-05,0.0037315929691030814,-0.003675229607491559,0,70,255.0,255.0,255.0
481,24.05,5.08863836248051,-1.5203017801441254,-26.129173202819235,0.05676940934464913,0.14202955724051827,-1.92953663884608,0.00014666800776486335,0.0020438108970993723,-0.0025173328803965783,0,70,255.0,255.0,255.0
482,24.1,5.091477091631041,-1.5131984507610081,-26.22565269897067,0.05678126364229143,0.14208955323357317,-1.9296335580719224,0.00032750389792713346,0.0003560288250956632,-0.001359436153301597,0,70,255.0,255.0,255.0
483,24.150000000000002,5.094316639541314,-1.5060942313058279,-26.32213559371249,0.056802159734441846,0.14206516012302783,-1.92967258246141,0.0005083397880894035,-0.0013317532469080458,-0.00020153942620661572,0,70,255.0,255.0,255.0
484,24.200000000000003,5.0971574583010595,-1.498993341233765,-26.41861899230288,0.05683209762110037,0.14195637790888235,-1.9296537120145432,0.0006891756782516737,-0.003019535318911755,0.0009563573008883651,0,70,255.0,255.0,255.0
485,24.25,5.1,-1.4919,-26.5151,0.056871077302267,0.14176320659113667,-1.9295769467313213,0.0008700115684139864,-0.0047073173909164545,0.0021142540279797117,0,70,255.0,255.0,255.0
486,24.3,5.102844281722077,-1.4848168734010163,-26.611575979189077,0.05689299843088977,0.14157886569151823,-1.9294577142325828,6.833576496577615e-06,-0.0026663185938206866,0.002655045921560636,0,70,255.0,255.0,255.0
487,24.35,5.105688580528095,-1.477740412598517,-26.708045320763354,0.056871760659916656,0.1414965747317546,-1.929311442139165,-0.0008563444154208312,-0.0006253197967249187,0.00319583781514156,0,70,255.0,255.0,255.0
488,24.400000000000002,5.108530738473075,-1.4706655150955097,-26.804506672743084,0.05680736398934768,0.14151633371184574,-1.9291381304510686,-0.0017195224073382398,0.0014156790003708487,0.003736629708722484,0,70,255.0,255.0,255.0
489,24.450000000000003,5.111368597612038,-1.4635870783950014,-26.90095868314855,0.05669980841918283,0.1416381426317917,-1.9289377791682931,-0.0025827003992556488,0.003456677797466617,0.0042774216023034085,0,70,255.0,255.0,255.0
490,24.5,5.1142,-1.4565,-26.9974,0.05654909394942212,0.14186200149159237,-1.9287103882908383,-0.003445878391173385,0.0054976765945615735,0.004818213495880741,0,70,255.0,255.0,255.0
491,24.55,5.117023710631181,-1.449401126251809,-27.09382928042447,0.0564105969318004,0.1420709799934109,-1.9284565042235815,-0.0020940023136954786,0.0028614634781786454,0.005337149194389219,0,70,255.0,255.0,255.0
492,24.6,5.119842186256578,-1.4422950988449224,-27.190245217975942,0.056339693718052565,0.14214814783941024,-1.9281766733713994,-0.000742126236217572,0.00022525036179571727,0.005856084892897699,0,70,255.0,255.0,255.0
493,24.650000000000002,5.122658806566385,-1.4351885083121312,-27.28664651531519,0.05633638430817864,0.14209350502959045,-1.9278708957342918,0.0006097498412603337,-0.0024109627545872113,0.006375020591406178,0,70,255.0,255.0,255.0
494,24.700000000000003,5.1254769512507945,-1.428087945186227,-27.383031875102958,0.05640066870217861,0.1419070515639515,-1.9275391713122587,0.0019616259187382407,-0.005047175870970139,0.006893956289914656,0,70,255.0,255.0,255.0
495,24.75,5.1283,-1.421,-27.4794,0.05653254690005245,0.14158878744249342,-1.9271815001053003,0.0033135019962157175,-0.007683388987353101,0.007412891988430204,0,70,255.0,255.0,255.0
496,24.8,5.131130475753198,-1.4139290215917475,-27.575749299113067,0.0566806138419136,0.1412732143348369,-1.9267802688730693,0.002609175678230059,-0.004939535318907545,0.008636357300804337,0,70,255.0,255.0,255.0
497,24.85,5.133967474445593,-1.4068703920217924,-27.67207700733288,0.05679346446787546,0.14109483391060268,-1.92631786437522,0.0019048493602444004,-0.0021956816504619886,0.009859822613178472,0,70,255.0,255.0,255.0
498,24.900000000000002,5.1368092352613886,-1.3998172516559635,-27.768380065996162,0.05687109877793804,0.1410536461697907,-1.9257942866117514,0.0012005230422587419,0.0005481720179835673,0.011083287925552606,0,70,255.0,255.0,255.0
499,24.950000000000003,5.139653997384788,-1.3927627408600893,-27.864655416439632,0.05691351677210134,0.14114965111240102,-1.9252095355826646,0.0004961967242730833,0.003292025686429124,0.012306753237926741,0,70,255.0,255.0,255.0
500,25.0,5.1425,-1.3857,-27.9609,0.056920718450365344,0.14138284873843363,-1.9245636112879587,-0.0002081295937129135,0.006035879354874263,0.013530218550313222,0,70,255.0,255.0,255.0
501,25.05,5.145345586356023,-1.3786243873812,-28.05711112312327,0.05689894770054144,0.14162016266724212,-1.9238784202841437,-0.0006627003992432721,0.0034566777974658867,0.013877421602282074,0,70,255.0,255.0,255.0
502,25.1,5.148189515961049,-1.3715401330679067,-28.153287552692536,0.056854448410441016,0.14172851651818022,-1.9231758691277305,-0.0011172712047736308,0.0008774762400575106,0.014224624654250926,0,70,255.0,255.0,255.0
503,25.150000000000002,5.151030652388063,-1.3644536850640132,-28.24942842070017,0.05678722058006408,0.14170791029124788,-1.9224559578187188,-0.0015718420103039892,-0.0017017253173508655,0.01457182770621978,0,70,255.0,255.0,255.0
504,25.200000000000003,5.1538678592100515,-1.357371491373413,-28.345532859138537,0.05669726420941061,0.14155834398644515,-1.9217186863571083,-0.002026412815834348,-0.004280926874759242,0.014919030758188631,0,70,255.0,255.0,255.0
505,25.25,5.1567,-1.3503,-28.4416,0.056584579298480646,0.14127981760377198,-1.9209640547429,-0.002480983621364896,-0.006860128432168766,0.015266233810162788,0,70,255.0,255.0,255.0
506,25.3,5.159526378822705,-1.3432438288834512,-28.537628608393852,0.0564755953559152,0.14098213499619347,-1.9201700499903953,-0.001878374081253023,-0.005047175870970673,0.01649395629003225,0,70,255.0,255.0,255.0
507,25.35,5.162348061710208,-1.3362002757065794,-28.633615981896977,0.05639674189035534,0.1407751000166749,-1.919314659113897,-0.0012757645411411494,-0.003234223309772581,0.017721678769901706,0,70,255.0,255.0,255.0
508,25.400000000000002,5.1651665551863575,-1.3291648080879825,-28.72955905120318,0.05634801890180108,0.14065871266521623,-1.9183978821134051,-0.0006731550010292762,-0.0014212707485744885,0.018949401249771167,0,70,255.0,255.0,255.0
509,25.450000000000003,5.167983365775005,-1.3221328936462566,-28.825454747006255,0.056329426390252416,0.14063297294181745,-1.9174197189889197,-7.054546091740275e-05,0.0003916818126236043,0.020177123729640624,0,70,255.0,255.0,255.0
510,25.5,5.1708,-1.3151,-28.9213,0.05634096435570934,0.14069788084647855,-1.916380169740441,0.0005320640791942055,0.0022046343738209018,0.021404846209509998,0,70,255.0,255.0,255.0
511,25.55,5.173617698353153,-1.3080626970849951,-29.017092043301332,0.05636667087579601,0.1407872973479848,-1.9152973797542554,0.0004961967242728899,0.001372025686429345,0.021906753237909277,0,70,255.0,255.0,255.0
512,25.6,5.176436637198117,-1.301021964105774,-29.11282931971957,0.056390584028136626,0.1408350834151215,-1.9141894944166502,0.00046032936935157427,0.0005394169990377881,0.02240866026630856,0,70,255.0,255.0,255.0
513,25.650000000000002,5.179256726866504,-1.2939798825840556,-29.20851057448714,0.05641270381273117,0.1408412390478886,-1.9130565137276245,0.00042446201443025865,-0.0002931916883537689,0.022910567294707838,0,70,255.0,255.0,255.0
514,25.700000000000003,5.182077877689928,-1.2869385340415578,-29.30413455283648,0.05643303022957965,0.1408057642462861,-1.9118984376871793,0.0003885946595089431,-0.0011258003757453256,0.02341247432310712,0,70,255.0,255.0,255.0
515,25.75,5.1849,-1.2799,-29.3997,0.05645156327868206,0.14072865901031406,-1.910715266295314,0.00035272730458735246,-0.0019584090631363793,0.023914381351506364,0,70,255.0,255.0,255.0
516,25.8,5.187722827764681,-1.2728661827765682,-29.495205618400828,0.05645772114090077,0.14062067561186667,-1.9095044309925737,-0.00010641281583892534,-0.0023609268747595336,0.0245190307580991,0,70,255.0,255.0,255.0
517,25.85,5.1905453894973235,-1.2658382678703228,-29.590649939224754,0.056440921997098166,0.1404925663228381,-1.908263363219504,-0.0005655529362652032,-0.002763444686382688,0.025123680164691835,0,70,255.0,255.0,255.0
518,25.900000000000002,5.193366537347623,-1.2588172615757938,-29.686031450848272,0.056401165847274254,0.1403443311432284,-1.9069920629761046,-0.0010246930566914809,-0.0031659624980058428,0.025728329571284573,0,70,255.0,255.0,255.0
519,25.950000000000003,5.196185123465284,-1.2518041701875096,-29.781348641647863,0.056338452691429015,0.14017597007303753,-1.9056905302623757,-0.0014838331771177588,-0.003568480309628997,0.02633297897787731,0,70,255.0,255.0,255.0
520,26.0,5.199,-1.2448,-29.8766,0.05625278252956247,0.1399874831122655,-1.9043587650783171,-0.0019429732975441705,-0.003970998121252123,0.026937628384464674,0,70,255.0,255.0,255.0
521,26.05,5.201810190588122,-1.2378053718087323,-29.971783883095373,0.05615444456060104,0.13980200020454978,-1.9029888962754633,-0.0019905454609130298,-0.003448318187376557,0.027857123729689817,0,70,255.0,255.0,255.0
522,26.1,5.20461540481259,-1.2308193644129333,-30.066898123381428,0.05605372798347116,0.13964265129352785,-1.9015730527053483,-0.002038117624281889,-0.0029256382535009914,0.02877661907491496,0,70,255.0,255.0,255.0
523,26.150000000000002,5.207415523742999,-1.2238406711127678,-30.161940422119795,0.05595063279817285,0.13950943637919969,-1.9001112343679718,-0.0020856897876507484,-0.0024029583196254253,0.029696114420140102,0,70,255.0,255.0,255.0
524,26.200000000000003,5.210210428448939,-1.2168679852084014,-30.256908480572108,0.05584515900470609,0.1394023554615653,-1.8986034412633341,-0.0021332619510196077,-0.0018802783857498596,0.030615609765365245,0,70,255.0,255.0,255.0
525,26.25,5.213,-1.2099,-30.3518,0.055737306603070885,0.13932140854062466,-1.897049673391435,-0.00218083411438863,-0.0013575984518749973,0.0315351051105921,0,70,255.0,255.0,255.0
526,26.3,5.215784409882833,-1.2029355299885016,-30.446612449217678,0.055644500616698574,0.13925932356993406,-1.8954359839055912,-0.0015314053405037684,-0.001125800375749494,0.033012474323153664,0,70,255.0,255.0,255.0
527,26.35,5.2185649912523155,-1.195973874477943,-30.541342367249552,0.05558416606902051,0.13920882850304972,-1.8937484259591197,-0.0008819765666189066,-0.0008940022996239905,0.03448984353571522,0,70,255.0,255.0,255.0
528,26.400000000000002,5.22134336768038,-1.189014453973133,-30.635986060672586,0.05555630296003668,0.13916992333997164,-1.8919869995520198,-0.0002325477927340447,-0.0006622042234984872,0.035967212748276786,0,70,255.0,255.0,255.0
529,26.450000000000003,5.224121162738963,-1.1820566889788822,-30.73053983606375,0.0555609112897471,0.13914260808069986,-1.890151704684292,0.00041688098115081696,-0.00043040614737298376,0.037444581960838344,0,70,255.0,255.0,255.0
530,26.5,5.2269,-1.1751,-30.825,0.05559799105815176,0.13912688272523432,-1.8882425413559363,0.0010663097550357437,-0.00019860807124771895,0.038921951173394476,0,70,255.0,255.0,255.0
531,26.55,5.229680969880546,-1.16814450823726,-30.919363920033913,0.055635552972600026,0.1390807055157125,-1.8863231681021553,0.00043616682289481445,-0.0016484803096247652,0.03785297897784579,0,70,255.0,255.0,255.0
532,26.6,5.232463030178149,-1.161193137675294,-31.01363320762038,0.055641607740441246,0.13896203469427185,-1.8844572434581517,-0.00019397610924611476,-0.0030983525480018114,0.03678400678229711,0,70,255.0,255.0,255.0
533,26.650000000000002,5.23524460553548,-1.154249512994698,-31.10781053518989,0.05561615536167541,0.1387708702609123,-1.8826447674239255,-0.0008241190413870439,-0.004548224786378858,0.03571503458674843,0,70,255.0,255.0,255.0
534,26.700000000000003,5.238024120595207,-1.1473172588760676,-31.20189857517294,0.05555919583630254,0.13850721221563397,-1.8808857399994767,-0.0014542619735279732,-0.005998097024755904,0.034646062391199745,0,70,255.0,255.0,255.0
535,26.75,5.2408,-1.1404,-31.2959,0.05547072916432263,0.13817106055843675,-1.8791801611848058,-0.002084404905668802,-0.007447969263133736,0.033577090195642256,0,70,255.0,255.0,255.0
536,26.8,5.243570910594982,-1.1335000370624582,-31.389815870646675,0.05536528749290541,0.13784185436721463,-1.8774313436857826,-0.0021332619510197387,-0.005720278385750153,0.03637560976528395,0,70,255.0,255.0,255.0
537,26.85,5.246336488035086,-1.1266143748208808,-31.48364080226894,0.05525740296922065,0.13759903271986174,-1.8755426002082773,-0.002182118996370676,-0.00399258750836657,0.039174129334925645,0,70,255.0,255.0,255.0
538,26.900000000000002,5.249096610177699,-1.119738694048074,-31.577367798567867,0.05514707559326834,0.13744259561637798,-1.8735139307522901,-0.0022309760417216127,-0.002264896630982986,0.04197264890456734,0,70,255.0,255.0,255.0
539,26.950000000000003,5.251851154880209,-1.1128686755168447,-31.670989863244525,0.05503430536504849,0.13737254305676344,-1.8713453353178207,-0.00227983308707255,-0.0005372057535994032,0.04477116847420903,0,70,255.0,255.0,255.0
540,27.0,5.2546,-1.106,-31.7645,0.05491909228456109,0.13738887504101802,-1.8690368139048694,-0.002328690132423372,0.0011904851237825032,0.04756968804385231,0,70,255.0,255.0,255.0
541,27.05,5.257343387739526,-1.0991297435129075,-31.857892597379394,0.054823297055778965,0.13740787701542825,-1.8666714571547494,-0.0015031190188617089,-0.00043040614737355296,0.04704458196095266,0,70,255.0,255.0,255.0
542,27.1,5.260083017681506,-1.092260563041183,-31.951167583303885,0.054768780382674916,0.13734583442628068,-1.864332355708774,-0.0006775479053000453,-0.002051297418529609,0.04651947587805302,0,70,255.0,255.0,255.0
543,27.150000000000002,5.262820953753721,-1.0853965108130053,-32.04432627053867,0.05475554226524896,0.13720274727357526,-1.8620195095669438,0.00014802320826161819,-0.003672188689685665,0.04599436979515337,0,70,255.0,255.0,255.0
544,27.200000000000003,5.265559259883959,-1.0785416390565512,-32.137369971848976,0.05478358270350108,0.13697861555731208,-1.8597329187292588,0.0009735943218232815,-0.005293079960841721,0.04546926371225372,0,70,255.0,255.0,255.0
545,27.25,5.2683,-1.0717,-32.2303,0.05485290169743128,0.13667343927749115,-1.8574725831957188,0.0017991654353847752,-0.00691397123199744,0.04494415762935233,0,70,255.0,255.0,255.0
546,27.3,5.271044338446912,-1.0648745888859124,-32.32311693983577,0.054909524283978016,0.1363506375710723,-1.855194827695204,0.000465738026484611,-0.005998097024755898,0.046166062391236565,0,70,255.0,255.0,255.0
547,27.35,5.27378984123889,-1.0580641730143865,-32.41581846451555,0.054899475500079745,0.13607362957501554,-1.8528559769565953,-0.0008676893824155533,-0.005082222817514356,0.047387967153120804,0,70,255.0,255.0,255.0
548,27.400000000000002,5.276533174807413,-1.0512664626999046,-32.50840151927746,0.05482275534573646,0.13584241528932087,-1.850456030979892,-0.0022011167913157173,-0.0041663486102728135,0.04860987191500504,0,70,255.0,255.0,255.0
549,27.450000000000003,5.279271005583957,-1.0444791682569483,-32.600863049359575,0.05467936382094817,0.13565699471398826,-1.8479949897650945,-0.0035345442002158818,-0.0032504744030312704,0.049831776676889275,0,70,255.0,255.0,255.0
550,27.5,5.282,-1.0377,-32.6932,0.054469300925714885,0.13551736784901774,-1.8454728533122031,-0.004867971609116173,-0.0023346001957897933,0.05105368143876632,0,70,255.0,255.0,255.0
551,27.55,5.284717658472824,-1.0309271009434429,-32.78540924327755,0.05424260580830985,0.135397572700283,-1.8428852320643845,-0.004199833087085138,-0.002457205753600091,0.05245116847398352,0,70,255.0,255.0,255.0
552,27.6,5.2874248173629335,-1.0241603449012697,-32.87748735863391,0.05404931761700637,0.13527164727365773,-1.8402277364648048,-0.003531694565054103,-0.0025798113114103884,0.05384865550920072,0,70,255.0,255.0,255.0
553,27.650000000000002,5.290123147016628,-1.0174000383873751,-32.9694308523515,0.05388943635180443,0.13513959156914196,-1.8375003665134644,-0.0028635560430230684,-0.002702416869220686,0.055246142544417925,0,70,255.0,255.0,255.0
554,27.700000000000003,5.292814317780215,-1.0106464879156534,-33.06123623071273,0.05376296201270405,0.13500140558673565,-1.8347031222103627,-0.0021954175209920332,-0.0028250224270309834,0.056643629579635126,0,70,255.0,255.0,255.0
555,27.75,5.2955,-1.0039,-33.1529,0.053669894599705226,0.13485708932643886,-1.831836003555501,-0.0015272789989613234,-0.0029476279848421605,0.058041116614854005,0,70,255.0,255.0,255.0
556,27.8,5.298181827661787,-0.9971610073403157,-33.244419687054055,0.05360805248277731,0.1346990716277967,-1.828960244047319,-0.0009464056781553072,-0.0033730799608441115,0.056989263712432944,0,70,255.0,255.0,255.0
557,27.85,5.3008612893093785,-0.9904304473805335,-33.33579690094882,0.053575254031889695,0.13451978133035444,-1.8261370771842576,-0.000365532357349291,-0.0037985319368460625,0.055937410810011884,0,70,255.0,255.0,255.0
558,27.900000000000002,5.303539837126076,-0.9837093837505935,-33.42703427131657,0.05357149924704238,0.13431921843411207,-1.8233665029663175,0.00021534096345672527,-0.004223983912848013,0.05488555790759082,0,70,255.0,255.0,255.0
559,27.950000000000003,5.306218923295183,-0.9769988800804355,-33.51813442778954,0.053596788128235366,0.13409738293906961,-1.8206485213934984,0.0007962142842627413,-0.0046494358888499645,0.053833705005169756,0,70,255.0,255.0,255.0
560,28.0,5.3089,-0.9703,-33.6091,0.05365112067546865,0.13385427484522708,-1.8179831324658005,0.0013770876050684944,-0.005074887864853439,0.05278185210276476,0,70,255.0,255.0,255.0
561,28.05,5.3115838308800285,-0.9636136696952939,-33.69993200850625,0.05369318426058974,0.13359814078852994,-1.8152737917463075,0.0003054557997751075,-0.005170474403031424,0.05559177667694617,0,70,255.0,255.0,255.0
562,28.1,5.314268425399555,-0.9569402655765954,-33.79062503757082,0.05368166625544616,0.13333722740492393,-1.8124239547981058,-0.0007661760055182793,-0.005266060941209408,0.05840170125112757,0,70,255.0,255.0,255.0
563,28.150000000000002,5.316951104479068,-0.9502800266102499,-33.88117206238226,0.05361656666003791,0.133071534694409,-1.8094336216211948,-0.001837807810811666,-0.005361647479387392,0.06121162582530898,0,70,255.0,255.0,255.0
564,28.200000000000003,5.319629189039055,-0.9436331917626027,-33.97156605812913,0.053497885474364994,0.13280106265698519,-1.8063027922155748,-0.002909439616105053,-0.005457234017565376,0.06402155039949038,0,70,255.0,255.0,255.0
565,28.25,5.3223,-0.937,-34.0618,0.05332562269842741,0.13252581129265245,-1.803031466581246,-0.00398107142139853,-0.005552820555744464,0.06683147497366448,0,70,255.0,255.0,255.0
566,28.3,5.324961248818103,-0.9303803138785084,-34.15186827892092,0.05312321047486689,0.1322683652180831,-1.7997045889674192,-0.004115417521021837,-0.004745022427028977,0.06624362957940164,0,70,255.0,255.0,255.0
567,28.35,5.327612209092405,-0.9237724903130843,-34.24177094876791,0.05291408094632522,0.13205130904994955,-1.7964071036233056,-0.004249763620645146,-0.00393722429831349,0.06565578418513879,0,70,255.0,255.0,255.0
568,28.400000000000002,5.330252544957653,-0.917174509808406,-34.33150947915443,0.052698234112802375,0.13187464278825176,-1.7931390105489053,-0.004384109720268453,-0.003129426169598003,0.06506793879087593,0,70,255.0,255.0,255.0
569,28.450000000000003,5.332881920548601,-0.9105843528691516,-34.42108533969395,0.052475669974298374,0.13173836643298975,-1.7899003097442179,-0.0045184558198917615,-0.0023216280408825157,0.06448009339661308,0,70,255.0,255.0,255.0
570,28.5,5.3355,-0.904,-34.5105,0.05224638853081321,0.13164247998416348,-1.7866910012092443,-0.0046528019195152814,-0.0015138299121681964,0.06389224800234139,0,70,255.0,255.0,255.0
571,28.55,5.3381071738475585,-0.8974202747906722,-34.59975407581004,0.05205397383993254,0.131536398339138,-1.7834598523840535,-0.0030437857157114105,-0.0027294358888510124,0.06535370500528581,0,70,255.0,255.0,255.0
572,28.6,5.340706738230829,-0.8908473731710665,-34.68884476735757,0.051942009959242065,0.13136953639527837,-1.7801556307087156,-0.0014347695119075396,-0.0039450418655338285,0.06681516200823023,0,70,255.0,255.0,255.0
573,28.650000000000002,5.34330271569032,-0.8842843341561247,-34.77776842100008,0.05191049688874178,0.1311418941525846,-1.7767783361832303,0.00017424669189633132,-0.0051606478422166445,0.06827661901117466,0,70,255.0,255.0,255.0
574,28.700000000000003,5.34589912876654,-0.8777341967607886,-34.86652138309506,0.0519594346284317,0.1308534716110567,-1.7733279688075982,0.0017832628957002022,-0.0063762538188994605,0.06973807601411908,0,70,255.0,255.0,255.0
575,28.75,5.3485,-0.8712,-34.9551,0.052088823178311795,0.13050426877069468,-1.7698045285818187,0.0033922790995038477,-0.007591859795583078,0.0711995330170776,0,70,255.0,255.0,255.0
576,28.8,5.351107655791658,-0.8646841869588021,-35.04350101783891,0.05219689416539739,0.1301300414253659,-1.7662320014964015,0.0009305603839200299,-0.007377234017567999,0.07170155039961337,0,70,255.0,255.0,255.0
577,28.85,5.353717637984277,-0.8581868170026481,-35.13172278180183,0.0521818792167038,0.12976654536893786,-1.7626343735418573,-0.001531158331663788,-0.007162608239552919,0.07220356778214915,0,70,255.0,255.0,255.0
578,28.900000000000002,5.356323792281066,-0.8517073535670932,-35.219764036845284,0.05204377833223101,0.1294137806014106,-1.7590116447181865,-0.003992877047247606,-0.00694798246153784,0.07270558516468492,0,70,255.0,255.0,255.0
579,28.950000000000003,5.358919964385237,-0.845245260087692,-35.30762352792583,0.05178259151197903,0.12907174712278408,-1.7553638150253885,-0.0064545957628314235,-0.006733356683522761,0.0732076025472207,0,70,255.0,255.0,255.0
580,29.0,5.3615,-0.8388,-35.3953,0.05139831875594789,0.1287404449330583,-1.7516908844634644,-0.008916314478415066,-0.006518730905508363,0.07370961992975289,0,70,255.0,255.0,255.0
581,29.05,5.364059802985808,-0.8323709773741186,-35.482792252834315,0.051014449498489475,0.1284234359593985,-1.7479961416303078,-0.006438455819921416,-0.006161628040882667,0.07408009339651365,0,70,255.0,255.0,255.0
582,29.1,5.366603509832065,-0.8259573588183395,-35.570099305435136,0.05075447317395575,0.12812428212897004,-1.744282875123813,-0.003960597161427767,-0.0058045251762569704,0.07445056686327442,0,70,255.0,255.0,255.0
583,29.150000000000002,5.369137315185419,-0.819558251575501,-35.65722023161881,0.050618389782346694,0.1278429834417728,-1.7405510849439803,-0.0014827385029341162,-0.005447422311631274,0.07482104033003517,0,70,255.0,255.0,255.0
584,29.200000000000003,5.371667413692514,-0.8131727628884414,-35.74415410520165,0.05060619932366233,0.1275795398978069,-1.7368007710908093,0.0009951201555595326,-0.005090319447005578,0.07519151379679594,0,70,255.0,255.0,255.0
585,29.25,5.3742,-0.8068,-35.8309,0.05071790179790264,0.12733395149707227,-1.7330319335643007,0.0034729788140530626,-0.004733216582380351,0.07556198726356733,0,70,255.0,255.0,255.0
586,29.3,5.3767395322651135,-0.8004391035447228,-35.91745637082383,0.05084930784064604,0.12710421473704026,-1.7292074319823587,0.0017832628956829782,-0.0044562538188999985,0.07741807601411177,0,70,255.0,255.0,255.0
587,29.35,5.379283522687466,-0.7940893477239929,-36.00381919645761,0.05089622808747094,0.12688832611518228,-1.7252901259628894,9.354697731289371e-05,-0.004179291055419646,0.07927416476465622,0,70,255.0,255.0,255.0
588,29.400000000000002,5.381827746977262,-0.7877500401309014,-36.089983836679494,0.050858662538377335,0.12668628563149828,-1.721280015505893,-0.0015961689410571907,-0.0039023282919392935,0.08113025351520066,0,70,255.0,255.0,255.0
589,29.450000000000003,5.384367980844705,-0.7814204883585399,-36.17594565126758,0.05073661119336522,0.12649809328598832,-1.7171771006113694,-0.003285884859427275,-0.0036253655284589413,0.0829863422657451,0,70,255.0,255.0,255.0
590,29.5,5.3869,-0.7751,-36.2617,0.05053007405243462,0.12632374907865243,-1.7129813812793189,-0.00497560077779724,-0.0033484027649779424,0.08484243101628408,0,70,255.0,255.0,255.0
591,29.55,5.389420467953739,-0.7687886084469896,-36.347243063870394,0.05029231913891964,0.12611970509243992,-1.7087421304402322,-0.004534595762801657,-0.004813356683523183,0.08472760254718921,0,70,255.0,255.0,255.0
592,29.6,5.391929599418071,-0.7624892502856879,-36.43257430873442,0.050076614476154455,0.1258424134103001,-1.7045086210245999,-0.004093590747806073,-0.006278310602068423,0.08461277407809432,0,70,255.0,255.0,255.0
593,29.650000000000002,5.394428496905534,-0.7562055879008915,-36.51769402166324,0.04988296006413903,0.12549187403223305,-1.7002808530324225,-0.0036525857328104905,-0.007743264520613665,0.08449794560899945,0,70,255.0,255.0,255.0
594,29.700000000000003,5.396918262928665,-0.7499412836773967,-36.60260248972805,0.04971135590287339,0.12506808695823873,-1.6960588264636998,-0.0032115807178149077,-0.009208218439158904,0.08438311713990458,0,70,255.0,255.0,255.0
595,29.75,5.3994,-0.7437,-36.6873,0.04956180199235754,0.12457105218831721,-1.6918425413184321,-0.002770575702819522,-0.01067317235770382,0.08426828867081326,0,70,255.0,255.0,255.0
596,29.8,5.40187459591993,-0.7374840626673185,-36.77178657369462,0.04942141560367583,0.12408096489319953,-1.6876160462567407,-0.00284487984444869,-0.008930319447003374,0.08479151379684852,0,70,255.0,255.0,255.0
597,29.85,5.40434207964025,-0.7312904511332543,-36.85606116860473,0.049277314007912666,0.12367802024361686,-1.6833633899387472,-0.002919183986077858,-0.007187466536302928,0.08531473892288376,0,70,255.0,255.0,255.0
598,29.900000000000002,5.406802265400604,-0.725114808265531,-36.940122476667554,0.04912949720506804,0.12336221823956922,-1.679084572364452,-0.0029934881277070254,-0.005444613625602482,0.08583796404891901,0,70,255.0,255.0,255.0
599,29.950000000000003,5.4092549674406385,-0.7189527769318717,-37.02396918982024,0.048977965195141956,0.1231335588810566,-1.6747795935338552,-0.0030677922693361933,-0.003701760714902037,0.08636118917495426,0,70,255.0,255.0,255.0
600,30.0,5.4117,-0.7128,-37.1076,0.04882271797813443,0.122992042168079,-1.6704484534469566,-0.003142096410965467,-0.001958907804202492,0.0868844143009948,0,70,255.0,255.0,255.0
601,30.05,5.41413714836654,-0.7066535408837364,-37.191013041351155,0.04866201844637461,0.12285243533476241,-1.6660576845327868,-0.003285884859427193,-0.0036253655284610013,0.08874634226579697,0,70,255.0,255.0,255.0
602,30.1,5.416566082020931,-0.7005161451812938,-37.27420421684664,0.0484941294921917,0.1226295056152329,-1.6615738192203768,-0.003429673307888918,-0.0052918232527195104,0.09060827023059913,0,70,255.0,255.0,255.0
603,30.150000000000002,5.418986441492052,-0.6943919790369831,-37.35716887166656,0.048319051115585716,0.12232325300949046,-1.6569968575097267,-0.0035734617563506436,-0.00695828097697802,0.09247019819540128,0,70,255.0,255.0,255.0
604,30.200000000000003,5.421397867308782,-0.6882852085951148,-37.43990235099098,0.04813678331655664,0.12193367751753509,-1.6523267994008364,-0.0037172502048123694,-0.008624738701236529,0.09433212616020345,0,70,255.0,255.0,255.0
605,30.25,5.4238,-0.6822,-37.5224,0.04794732609510448,0.12146077913936681,-1.6475636448937063,-0.0038610386532740293,-0.01029119642549503,0.09619405412500726,0,70,255.0,255.0,255.0
606,30.3,5.426192810613912,-0.6761393737977359,-37.604658060900775,0.04777051061082725,0.12097329376775047,-1.6427612156120877,-0.0032115807178149454,-0.009208218439158406,0.09590311713974131,0,70,255.0,255.0,255.0
607,30.35,5.428577592276029,-0.6701017681415696,-37.6866763640087,0.04762616802332298,0.12053995729545096,-1.637973333179732,-0.0025621227823558615,-0.008125240452821782,0.09561218015447535,0,70,255.0,255.0,255.0
608,30.400000000000002,5.430955968631191,-0.6640844755865353,-37.76845563666623,0.04751429833259166,0.12016076972246828,-1.6331999975966398,-0.0019126648468967779,-0.007042262466485159,0.09532124316920941,0,70,255.0,255.0,255.0
609,30.450000000000003,5.433329563324234,-0.6580847886876672,-37.84999660621585,0.0474349015386333,0.11983573104880244,-1.628441208862811,-0.0012632069114376938,-0.005959284480148535,0.09503030618394347,0,70,255.0,255.0,255.0
610,30.5,5.4357,-0.6521,-37.9313,0.04738797764144789,0.11956484127445345,-1.623696966978246,-0.0006137489759787673,-0.004876306493812099,0.09473936919868642,0,70,255.0,255.0,255.0
611,30.55,5.438068409177813,-0.6461281639253199,-38.012365915045756,0.047343939110314905,0.11930238959423564,-1.6189294530189036,-0.0011477922693407714,-0.00562176071490027,0.09596118917500755,0,70,255.0,255.0,255.0
612,30.6,5.440433948874954,-0.6401703822524272,-38.09319192711858,0.04727319841451381,0.11900266520296342,-1.614100848060745,-0.0016818355627027754,-0.00636721493598844,0.09718300915132869,0,70,255.0,255.0,255.0
613,30.650000000000002,5.4427952839831875,-0.6342285186168743,-38.17377498166852,0.04717575555404462,0.11866566810063679,-1.6092111521037704,-0.00221587885606478,-0.007112669157076611,0.09840482912764982,0,70,255.0,255.0,255.0
614,30.700000000000003,5.44515107939428,-0.6283044366542143,-38.25411202414564,0.047051610528907335,0.11829139828725574,-1.6042603651479799,-0.0027499221494267836,-0.00785812337816478,0.09962664910397094,0,70,255.0,255.0,255.0
615,30.75,5.4475,-0.6224,-38.3342,0.04690076333910196,0.11787985576282033,-1.5992484871933734,-0.0032839654427889164,-0.00860357759925312,0.10084846908029377,0,70,255.0,255.0,255.0
616,30.8,5.449840752674834,-0.6165167705009837,-38.4140358789162,0.04672573294791235,0.11744914785530802,-1.594176972312358,-0.0037172502047954034,-0.008624738701238744,0.10201212616032153,0,70,255.0,255.0,255.0
617,30.85,5.452172212224156,-0.6106551028487206,-38.49361672751701,0.046529038318622415,0.11701738189269643,-1.5890472745773412,-0.00415053496680189,-0.008645899803224368,0.10317578324034929,0,70,255.0,255.0,255.0
618,30.900000000000002,5.454493295436062,-0.6048150499459656,-38.572939636659704,0.046310679451232156,0.11658455787498558,-1.583859393988323,-0.004583819728808377,-0.00866706090520999,0.10433944032037706,0,70,255.0,255.0,255.0
619,30.950000000000003,5.456802919098645,-0.5989966646954736,-38.652001697201605,0.04607065634574157,0.11615067580217543,-1.5786133305453034,-0.005017104490814863,-0.008688222007195613,0.10550309740040482,0,70,255.0,255.0,255.0
620,31.0,5.4591,-0.5932,-38.7308,0.04580896900215068,0.11571573567426605,-1.5733090842482829,-0.005450389252821319,-0.008709383109180235,0.10666675448043428,0,70,255.0,255.0,255.0
621,31.05,5.46138378012285,-0.5874247540707443,-38.80933216928943,0.04554512909804357,0.11530101898453278,-1.5679786577316739,-0.005103206911462894,-0.007879284480150106,0.10655030618392054,0,70,255.0,255.0,255.0
622,31.1,5.463654802228422,-0.5816692063526889,-38.88759796281342,0.045298648311004386,0.11492780722625102,-1.5626540536298907,-0.004756024570104468,-0.007049185851119975,0.1064338578874068,0,70,255.0,255.0,255.0
623,31.150000000000002,5.465913934272569,-0.5759312815992614,-38.96559767169268,0.045069526641033114,0.11459610039942077,-1.557335271942933,-0.0044088422287460426,-0.0062190872220898455,0.10631740959089306,0,70,255.0,255.0,255.0
624,31.200000000000003,5.468162044211144,-0.5702089045638892,-39.043331587047966,0.04485776408812977,0.11430589850404203,-1.5520223126708013,-0.004061659887387617,-0.005388988593059715,0.10620096129437932,0,70,255.0,255.0,255.0
625,31.25,5.4704,-0.5645,-39.1208,0.04466336065229436,0.11405720154011482,-1.5467151758134952,-0.003714477546029493,-0.004558889964029311,0.10608451299786381,0,70,255.0,255.0,255.0
626,31.3,5.472628926833764,-0.5588034132160384,-39.19800264392605,0.04450175065990794,0.11379477620656,-1.5413803967609498,-0.002749922149426851,-0.00593812337816306,0.10730664910395264,0,70,255.0,255.0,255.0
627,31.35,5.474850978862155,-0.5531216717405223,-39.27493702122934,0.044388368437351666,0.11346338920229851,-1.5359845109030996,-0.0017853667528242082,-0.007317356792296809,0.10852878521004147,0,70,255.0,255.0,255.0
628,31.400000000000002,5.477068567473664,-0.5474582236569869,-39.35160007656962,0.04432321398462552,0.11306304052733032,-1.5305275182399454,-0.0008208113562215655,-0.008696590206430557,0.1097509213161303,0,70,255.0,255.0,255.0
629,31.450000000000003,5.47928410405678,-0.5418165170489675,-39.42798875460659,0.04430628730172951,0.11259373018165543,-1.5250094187714867,0.00014374404038107686,-0.010075823620564306,0.11097305742221912,0,70,255.0,255.0,255.0
630,31.5,5.4815,-0.5362,-39.5041,0.04433758838866362,0.1120554581652739,-1.5194302124977237,0.0011082994369833732,-0.011455057034697624,0.11219519352831142,0,70,255.0,255.0,255.0
631,31.55,5.483717312542092,-0.5306111930651015,-39.57993085500637,0.04433586826231846,0.11150387618922664,-1.513795755224506,-0.001177104490789737,-0.010608222007192657,0.11318309740038829,0,70,255.0,255.0,255.0
632,31.6,5.485931682322958,-0.525048906685221,-39.65547875226922,0.044219877939584644,0.11099463596455462,-1.5081119027576848,-0.003462508418562847,-0.009761386979687689,0.11417100127246516,0,70,255.0,255.0,255.0
633,31.650000000000002,5.488137395832779,-0.5195110237727897,-39.730741222028904,0.043989617420462174,0.11052773749125785,-1.5023786550972593,-0.005747912346335957,-0.008914551952182723,0.11515890514454204,0,70,255.0,255.0,255.0
634,31.700000000000003,5.490328739561732,-0.5139954272402387,-39.80571579452573,0.04364508670495104,0.11010318076933634,-1.4965960122432305,-0.008033316274109067,-0.008067716924677755,0.1161468090166189,0,70,255.0,255.0,255.0
635,31.75,5.4925,-0.5085,-39.8804,0.04318628579305129,0.10972096579879011,-1.4907639741955976,-0.010318720201882015,-0.007220881897172959,0.11713471288870814,0,70,255.0,255.0,255.0
636,31.8,5.494647422997864,-0.503023014523555,-39.9547915360485,0.04273077629081934,0.10935771903653421,-1.4848925823410208,-0.007901659887395794,-0.007308988593062727,0.11772096129435604,0,70,255.0,255.0,255.0
637,31.85,5.496775091846011,-0.49756430151859293,-40.028888769693765,0.0423961198043117,0.10899006693948382,-1.478991878066162,-0.0054845995729095745,-0.007397095288952496,0.11830720970000394,0,70,255.0,255.0,255.0
638,31.900000000000002,5.498889049195224,-0.4921240812518532,-40.10269023531478,0.042182316333528376,0.10861800950763895,-1.4730618613710202,-0.003067539258423354,-0.007485201984842264,0.11889345810565184,0,70,255.0,255.0,255.0
639,31.950000000000003,5.500995337696292,-0.4867025739900755,-40.176194467290536,0.04208936587846936,0.10824154674099959,-1.4671025322555964,-0.0006504789439371345,-0.007573308680732032,0.11947970651129974,0,70,255.0,255.0,255.0
640,32.0,5.5031,-0.4813,-40.2494,0.04211726843913465,0.10786067863956576,-1.4611138907198904,0.0017665813705490252,-0.007661415376621128,0.12006595491694938,0,70,255.0,255.0,255.0
641,32.050000000000004,5.505207395466449,-0.475916748840677,-40.32230540079965,0.042165026574407904,0.1074652476646361,-1.4550979154114096,0.0001437440403807837,-0.008155823620564127,0.12057305742226351,0,70,255.0,255.0,255.0
642,32.1,5.507315150293,-0.4705538872404062,-40.39490936895572,0.042131642843172744,0.10704509627750934,-1.449056584977664,-0.001479093289787227,-0.008650231864507054,0.12108015992757758,0,70,255.0,255.0,255.0
643,32.15,5.509419207386324,-0.46521265121979666,-40.467210636711975,0.042017117245429184,0.10660022447818544,-1.4429898994186523,-0.0031019306199552383,-0.009144640108449984,0.12158726243289165,0,70,255.0,255.0,255.0
644,32.2,5.5115155096531,-0.4598942767994575,-40.53920793631217,0.0418214497811772,0.10613063226666433,-1.4368978587343744,-0.004724767950123479,-0.009639048352392982,0.12209436493820579,0,70,255.0,255.0,255.0
645,32.25,5.5136,-0.4546,-40.6109,0.04154464045041685,0.10563631964294615,-1.4307804629248317,-0.006347605280291435,-0.010133456596336243,0.12260146744351985,0,70,255.0,255.0,255.0
646,32.300000000000004,5.5156693951363405,-0.44933079011373445,-40.682285260752955,0.041233117411556275,0.1051332903049208,-1.424619756013328,-0.0061133162741304784,-0.009987716924675758,0.12382680901660674,0,70,255.0,255.0,255.0
647,32.35,5.517723506981994,-0.4440865495197814,-40.75336095448336,0.04093330882300379,0.10463754795047855,-1.4183977820231708,-0.005879027267969555,-0.009841977253015294,0.12505215058969343,0,70,255.0,255.0,255.0
648,32.4,5.5197629212594785,-0.4388669138689609,-40.824124017837285,0.04064521468475935,0.10414909257961932,-1.4121145409543594,-0.00564473826180863,-0.009696237581354832,0.12627749216278017,0,70,255.0,255.0,255.0
649,32.45,5.521788223691309,-0.4336715188120929,-40.894571387460815,0.04036883499682292,0.10366792419234307,-1.4057700328068927,-0.0054104492556476735,-0.009550497909694347,0.12750283373586704,0,70,255.0,255.0,255.0
650,32.5,5.5238,-0.4285,-40.9647,0.04010416975919457,0.10319404278864987,-1.3993642575807725,-0.005176160249486916,-0.009404758238033994,0.12872817530895375,0,70,255.0,255.0,255.0
651,32.550000000000004,5.525799023988192,-0.4233520907043824,-41.034507156188575,0.03986250377935917,0.10272159111568065,-1.3929190605352644,-0.004490478943928264,-0.0094933086807336,0.12907970651134734,0,70,255.0,255.0,255.0
652,32.6,5.527786821779024,-0.4182279146804673,-41.10399161311086,0.03965512186480173,0.10224471192057649,-1.3864562869296375,-0.003804797638369708,-0.009581859123433192,0.1294312377137409,0,70,255.0,255.0,255.0
653,32.65,5.52976510757576,-0.41312769330436094,-41.173152491938865,0.03948202401552222,0.10176340520333738,-1.3799759367638913,-0.003119116332811153,-0.009670409566132784,0.12978276891613447,0,70,255.0,255.0,255.0
654,32.7,5.531735595581664,-0.4080516479521691,-41.24198891384459,0.03934321023152062,0.1012776709639632,-1.373478010038024,-0.0024334350272525005,-0.00975896000883239,0.13013430011852806,0,70,255.0,255.0,255.0
655,32.75,5.5337,-0.403,-41.3105,0.03923868051279697,0.10078750920245412,-1.3669625067520381,-0.0017477537216938899,-0.009847510451531982,0.1304858313209145,0,70,255.0,255.0,255.0
656,32.800000000000004,5.535659308910891,-0.3979728470687333,-41.378684514492775,0.039124867471002266,0.10030034523235598,-1.3604080018455618,-0.0028047679500937685,-0.009639048352391915,0.13169436493811243,0,70,255.0,255.0,255.0
657,32.85,5.53761160590191,-0.39296979175834834,-41.446539793073214,0.03895820371778759,0.09982360436721492,-1.3537930702582266,-0.003861782178493497,-0.009430586253251877,0.13290289855531018,0,70,255.0,255.0,255.0
658,32.9,5.539554248437481,-0.3879903129135965,-41.51406281440725,0.03873868925315294,0.09935728660703085,-1.3471177119900317,-0.004918796406893225,-0.009222124154111838,0.13411143217250793,0,70,255.0,255.0,255.0
659,32.95,5.541484593982034,-0.38303388937922916,-41.58125055716087,0.03846632407709826,0.09890139195180371,-1.3403819270409756,-0.005975810635293104,-0.00901366205497177,0.13531996578970584,0,70,255.0,255.0,255.0
660,33.0,5.5434,-0.3781,-41.6481,0.03814110818962363,0.09845592040153367,-1.3335857154110609,-0.0070328248636928326,-0.008805199955831622,0.13652849940690004,0,70,255.0,255.0,255.0
661,33.050000000000004,5.545298940368238,-0.3731885210206818,-41.714608385840336,0.03783002633663966,0.09799702795489547,-1.3267449320824933,-0.005410449255664713,-0.009550497909694552,0.13710283373577645,0,70,255.0,255.0,255.0
662,33.1,5.5471843546133375,-0.36830091828613853,-41.78077401459631,0.03760006326405714,0.09750087061056421,-1.319875432037483,-0.003788073647636823,-0.010295795863557377,0.13767716806465274,0,70,255.0,255.0,255.0
663,33.15,5.549060298674318,-0.3634390550412541,-41.846595450432126,0.037451218971876005,0.0969674483685398,-1.3129772152760288,-0.002165698039608934,-0.011041093817420201,0.13825150239352907,0,70,255.0,255.0,255.0
664,33.2,5.550930828490198,-0.35860479453091265,-41.912071257511975,0.037383493460096257,0.09639676122882217,-1.30605028179813,-0.0005433224315808134,-0.011786391771283131,0.13882583672240545,0,70,255.0,255.0,255.0
665,33.25,5.5528,-0.3538,-41.9772,0.03739688672871792,0.09578880919141149,-1.2990946316037881,0.0010790531764471312,-0.012531689725145845,0.13940017105128533,0,70,255.0,255.0,255.0
666,33.300000000000004,5.554670529616156,-0.349025868848537,-42.04198034214593,0.037411027182447244,0.09518354294806196,-1.2921162698245376,-0.0005134350272741586,-0.01167896000883321,0.13973430011870963,0,70,255.0,255.0,255.0
667,33.35,5.556539775644742,-0.3442809350970968,-42.10641134854157,0.03734554322599051,0.09462091319052815,-1.285121201591917,-0.002105923230995222,-0.010826230292520698,0.14006842918613388,0,70,255.0,255.0,255.0
668,33.4,5.558403756865252,-0.3395630669213878,-42.17049218386423,0.03720043485934773,0.09410091991880995,-1.278109426905925,-0.003698411434716286,-0.009973500576208185,0.14040255825355813,0,70,255.0,255.0,255.0
669,33.45,5.560258492057175,-0.33487013249711867,-42.23422201279128,0.036975702082518866,0.09362356313290732,-1.271080945766561,-0.005290899638437575,-0.00912077085989555,0.14073668732098243,0,70,255.0,255.0,255.0
670,33.5,5.5621,-0.3302,-42.2976,0.03667134489550398,0.09318884283282038,-1.2640357581738266,-0.00688338784215875,-0.00826804114358326,0.14107081638840668,0,70,255.0,255.0,255.0
671,33.550000000000004,5.563925341167142,-0.3255512035851678,-42.36062464557597,0.03634986493356808,0.09275680025285649,-1.2569339886193702,-0.005975810635275969,-0.00901366205497078,0.14299996578982233,0,70,255.0,255.0,255.0
672,33.6,5.565735742807696,-0.3209249413254737,-42.42329179123744,0.036073763831976365,0.09228747662732328,-1.2497357615948441,-0.0050682334283933175,-0.009759282966358194,0.14492911519123772,0,70,255.0,255.0,255.0
673,33.65,5.567533473864679,-0.31632307727319553,-42.48559661411094,0.03584304159072878,0.09178087195622073,-1.2424410771002474,-0.004160656221510664,-0.010504903877745608,0.14685826459265308,0,70,255.0,255.0,255.0
674,33.7,5.569320803281108,-0.311747475480611,-42.54753429132297,0.035657698209825305,0.09123698623954872,-1.2350499351355786,-0.003253079014627884,-0.01125052478913313,0.14878741399406875,0,70,255.0,255.0,255.0
675,33.75,5.5711,-0.3072,-42.6091,0.03551773368926598,0.0906558194773074,-1.2275623357008403,-0.0023455018077452316,-0.011996145700520544,0.15071656339549122,0,70,255.0,255.0,255.0
676,33.800000000000004,5.572872905715276,-0.3026821168107893,-42.67028987555025,0.03539751308328293,0.09006125604051224,-1.2200357756978961,-0.0024633224315763636,-0.011786391771283981,0.15034583672224638,0,70,255.0,255.0,255.0
677,33.85,5.574639653124476,-0.29819369960100756,-42.731103886508684,0.03527140144610834,0.08947718030017898,-1.2125277520286153,-0.0025811430554074787,-0.011576637842047448,0.1499751100490016,0,70,255.0,255.0,255.0
678,33.9,5.576399947676035,-0.29373422398583093,-42.791542959691995,0.0351393987777422,0.08890359225630756,-1.205038264692997,-0.002698963679238594,-0.011366883912810917,0.14960438337575682,0,70,255.0,255.0,255.0
679,33.95,5.578153494818396,-0.28930316558043573,-42.85160802191688,0.035001505078184475,0.08834049190889788,-1.1975673136910396,-0.002816784303069726,-0.011157129983574354,0.14923365670251199,0,70,255.0,255.0,255.0
680,34.0,5.5799,-0.2849,-42.9113,0.034857720347435214,0.0877878792579501,-1.1901148990227457,-0.0029346049269010077,-0.010947376054338043,0.14886293002926188,0,70,255.0,255.0,255.0
681,34.050000000000004,5.58163903597175,-0.28052432917167236,-42.970619052223064,0.0347000827333012,0.08723817558509421,-1.1826349085889913,-0.0033708996384591277,-0.011040770859895573,0.15033668732088948,0,70,255.0,255.0,255.0
682,34.1,5.583369644694404,-0.2761762602704951,-43.02956226272782,0.034520630383589296,0.08668380217196052,-1.1750812302906566,-0.003807194350017186,-0.011134165665453092,0.15181044461251686,0,70,255.0,255.0,255.0
683,34.15,5.585090735431183,-0.2718560267834814,-43.08812594712105,0.0343193632982995,0.08612475901854898,-1.1674538641277403,-0.004243489061575244,-0.011227560471010608,0.1532842019041442,0,70,255.0,255.0,255.0
684,34.2,5.586801217445308,-0.26756386219764466,-43.14630642100952,0.03409628147743177,0.08556104612485946,-1.159752810100242,-0.0046797837731333645,-0.011320955276568139,0.15475795919577182,0,70,255.0,255.0,255.0
685,34.25,5.5885,-0.2633,-43.2041,0.03385138492098616,0.08499266349089213,-1.1519780682081633,-0.005116078484691533,-0.011414350082125768,0.15623171648739742,0,70,255.0,255.0,255.0
686,34.300000000000004,5.590186150397723,-0.25906456650251897,-43.26150351555751,0.03359415598350369,0.0844260416191106,-1.1441605899461262,-0.005173079014606423,-0.011250524789133007,0.156467413994055,0,70,255.0,255.0,255.0
687,34.35,5.591859368097908,-0.2548572593170113,-43.31851586258002,0.03333407701952551,0.08386761101197882,-1.1363313268087574,-0.005230079544521306,-0.011086699496140268,0.15670311150071256,0,70,255.0,255.0,255.0
688,34.4,5.593519510599234,-0.25067766888024406,-43.375136451823785,0.03307114802905159,0.08331737166949665,-1.128490278796056,-0.0052870800744361885,-0.01092287420314753,0.15693880900737014,0,70,255.0,255.0,255.0
689,34.45,5.5951664354003725,-0.24652538562898402,-43.43136469404504,0.032805369012081885,0.08277532359166405,-1.1206374459080204,-0.005344080604351079,-0.01075904891015477,0.15717450651402773,0,70,255.0,255.0,255.0
690,34.5,5.5968,-0.2424,-43.4872,0.03253673996861648,0.08224146677848115,-1.112772828144653,-0.005401081134265906,-0.01059522361716203,0.15741020402068528,0,70,255.0,255.0,255.0
691,34.550000000000004,5.59842036243736,-0.23830140481824974,-43.54264128554693,0.03228329333268318,0.08169765793846269,-1.1048667316265677,-0.004736784303065277,-0.01115712998357448,0.15883365670269156,0,70,255.0,255.0,255.0
692,34.6,5.600028882913961,-0.23423070246145894,-43.597685486952095,0.03206306153830994,0.0811257537801237,-1.0968894624743837,-0.004072487471864742,-0.011719036349986849,0.16025710938469762,0,70,255.0,255.0,255.0
693,34.65,5.601627222171882,-0.23018929769554314,-43.65232904558379,0.03187604458549673,0.08052575430346408,-1.088841020688099,-0.003408190640664207,-0.012280942716399219,0.16168056206670367,0,70,255.0,255.0,255.0
694,34.7,5.603217040953204,-0.22617859528641776,-43.70656840281033,0.03172224247424352,0.07989765950848375,-1.080721406267713,-0.002743893809463578,-0.012842849082811667,0.16310401474870995,0,70,255.0,255.0,255.0
695,34.75,5.6048,-0.2222,-43.7604,0.03160165520455036,0.07924146939518288,-1.072530619213228,-0.002079596978263043,-0.01340475544922437,0.16452746743071778,0,70,255.0,255.0,255.0
696,34.800000000000004,5.60637719985284,-0.21825461422448011,-43.8138209422548,0.031480670685764905,0.07857532662703802,-1.0643084835475674,-0.00275978377315498,-0.013240955276567554,0.16435795919568114,0,70,255.0,255.0,255.0
697,34.85,5.607947500246248,-0.2143423308371522,-43.86683098961162,0.03132567682723487,0.0779173738675261,-1.0560948232936598,-0.003439970568046821,-0.01307715510391076,0.16418845096064452,0,70,255.0,255.0,255.0
698,34.9,5.6095092007132346,-0.21046274033758408,-43.91943056584103,0.031136673628960235,0.07726761111664703,-1.0478896384515037,-0.004120157362938662,-0.012913354931253966,0.16401894272560788,0,70,255.0,255.0,255.0
699,34.95,5.611060600786814,-0.2066154332253435,-43.97162009471363,0.030913661090940986,0.0766260383744007,-1.0396929290210986,-0.004800344157830599,-0.01274955475859715,0.16384943449057124,0,70,255.0,255.0,255.0
700,35.0,5.6126,-0.2028,-44.0234,0.03065663921317718,0.07599265564078729,-1.0315046950024467,-0.005480530952722468,-0.012585754585940134,0.16367992625553285,0,70,255.0,255.0,255.0
701,35.050000000000004,5.614126038151279,-0.19901613828382783,-44.07477014543387,0.030386023924250743,0.07536103555338486,-1.0232913341832073,-0.005344080604333983,-0.012679048910154951,0.1648545065140099,0,70,255.0,255.0,255.0
702,35.1,5.6156387161010475,-0.1952639741899316,-44.12572815460145,0.030122231152743772,0.07472475074977178,-1.0150192443510455,-0.005207630255945519,-0.012772343234369756,0.16602908677248682,0,70,255.0,255.0,255.0
703,35.15,5.617138374975178,-0.19154374095412124,-44.17627109105209,0.029865260898656223,0.07408380122994795,-1.0066884255059596,-0.005071179907557053,-0.012865637558584561,0.1672036670309637,0,70,255.0,255.0,255.0
704,35.2,5.618625355899538,-0.1878556718122069,-44.22639601833516,0.02961511316198806,0.0734381869939133,-0.9982988776479489,-0.00493472955916857,-0.012958931882799379,0.16837824728944079,0,70,255.0,255.0,255.0
705,35.25,5.6201,-0.1842,-44.2761,0.029371787942739355,0.07278790804166799,-0.9898506007770151,-0.0047982792107800765,-0.013052226207014739,0.16955282754791945,0,70,255.0,255.0,255.0
706,35.300000000000004,5.62156264754204,-0.18057683264020666,-44.32538007600975,0.029135233617233355,0.07214053115942226,-0.9813421797195957,-0.004663893809459096,-0.012842849082812018,0.17078401474882812,0,70,255.0,255.0,255.0
707,35.35,5.623013635349557,-0.17698577240312083,-44.374233191982626,0.028905398561793437,0.07150362313338676,-0.9727721993021321,-0.004529508408138135,-0.012633471958609326,0.17201520194973663,0,70,255.0,255.0,255.0
708,35.4,5.6244532993860545,-0.17342629584593153,-44.42265626995063,0.028682282776419567,0.07087718396356141,-0.964140659524623,-0.0043951230068171735,-0.012424094834406636,0.17324638915064516,0,70,255.0,255.0,255.0
709,35.45,5.625881975615034,-0.16989787952582774,-44.47064623194575,0.028465886261111715,0.07026121364994609,-0.9554475603870674,-0.004260737605496194,-0.012214717710203915,0.17447757635155384,0,70,255.0,255.0,255.0
710,35.5,5.6273,-0.1664,-44.5182,0.02825620901586994,0.06965571219254099,-0.9466929018894674,-0.004126352204175343,-0.012005340586001223,0.1757087635524659,0,70,255.0,255.0,255.0
711,35.550000000000004,5.628707371680558,-0.16293253115534376,-44.565315150527155,0.028033041606819346,0.06903683980892597,-0.9379159469383949,-0.004800344157847716,-0.012749554758597556,0.17536943449040723,0,70,255.0,255.0,255.0
712,35.6,5.63010274250072,-0.15949693619758445,-44.61199187746806,0.02777617460008517,0.06838075671668122,-0.9291559584404265,-0.005474336111519992,-0.013493768931193783,0.17503010542834863,0,70,255.0,255.0,255.0
713,35.65,5.631484427480604,-0.15609507566215317,-44.658231029145405,0.027485607995667377,0.06768746291580667,-0.9204129363955609,-0.006148328065192268,-0.01423798310379001,0.17469077636629005,0,70,255.0,255.0,255.0
714,35.7,5.6328507416403255,-0.15272881008448086,-44.704033453881834,0.027161341793565927,0.0669569584063022,-0.9116868808037972,-0.0068223200188646405,-0.014982197276386342,0.17435144730423138,0,70,255.0,255.0,255.0
715,35.75,5.6342,-0.1494,-44.7494,0.02680337599378091,0.06618924318816802,-0.9029777916651375,-0.007496311972536807,-0.015726411448983013,0.174012118242179,0,70,255.0,255.0,255.0
716,35.800000000000004,5.635531065735729,-0.14610984273841662,-44.79433052188169,0.02644459995548836,0.06542410960487338,-0.8942260325268433,-0.006854729559163986,-0.014878931882799557,0.17605824728956243,0,70,255.0,255.0,255.0
717,35.85,5.63684499464756,-0.14285688280654077,-44.838820898145144,0.026117903037864498,0.06470134999988802,-0.885371966936181,-0.006213147145791258,-0.01403145231661622,0.17810437633694556,0,70,255.0,255.0,255.0
718,35.9,5.638143390691527,-0.13963900150545638,-44.88286601346776,0.02582328524090927,0.06402096437321185,-0.8764155948931497,-0.005571564732418528,-0.013183972750432885,0.18015050538432872,0,70,255.0,255.0,255.0
719,35.95,5.639427857823661,-0.13645408013624766,-44.92646075252693,0.02556074656462264,0.06338295272484473,-0.8673569163977478,-0.0049299823190457085,-0.012336493184249427,0.18219663443171216,0,70,255.0,255.0,255.0
720,36.0,5.6407,-0.1333,-44.9696,0.025330287009004686,0.06278731505478687,-0.8581959314499782,-0.004288399905672979,-0.011489013618066757,0.1842427634790953,0,70,255.0,255.0,255.0
721,36.050000000000004,5.641961165376526,-0.13017529789098806,-45.01227956194612,0.025116558571225436,0.06219472177158006,-0.8489879229542134,-0.004260737605496265,-0.012214717710203566,0.18407757635146335,0,70,255.0,255.0,255.0
722,36.1,5.643211678909039,-0.127081132576252,-45.054498929951365,0.024904213248455053,0.0615658432837665,-0.8397881738148316,-0.004233075305319555,-0.012940421802340273,0.1839123892238314,0,70,255.0,255.0,255.0
723,36.15,5.644451609753288,-0.12401931831602185,-45.09625851698354,0.024693251040693507,0.0609006795913461,-0.8305966840318313,-0.004205413005142844,-0.013666125894476978,0.1837472020961995,0,70,255.0,255.0,255.0
724,36.2,5.6456810270650255,-0.12099166937052742,-45.13755873601049,0.024483671947940763,0.060199230694318775,-0.8214134536052115,-0.004177750704966131,-0.014391829986613789,0.18358201496856752,0,70,255.0,255.0,255.0
725,36.25,5.6469,-0.118,-45.1784,0.024275475970196886,0.05946149659268471,-0.8122384825349743,-0.004150088404789476,-0.015117534078750716,0.18341682784093738,0,70,255.0,255.0,255.0
726,36.300000000000004,5.648108272758164,-0.11504576569762963,-45.21878243033384,0.024049165759605827,0.058709003308806205,-0.8030542756563431,-0.0049023200188520666,-0.014982197276386954,0.183951447304281,0,70,255.0,255.0,255.0
727,36.35,5.649304289716282,-0.11212898688845065,-45.25870498204942,0.02378524396831168,0.057963276865045994,-0.793843337804546,-0.00565455163291455,-0.014846860474023211,0.18448606676762458,0,70,255.0,255.0,255.0
728,36.4,5.650486170295317,-0.10924932523045673,-45.29816631859807,0.023483710596314402,0.057224317261403965,-0.7846056689795816,-0.0064067832469770335,-0.01471152367165947,0.18502068623096812,0,70,255.0,255.0,255.0
729,36.45,5.651652033916235,-0.10640644238164154,-45.337165103431154,0.02314456564361396,0.05649212449788003,-0.775341269181449,-0.007159014861039623,-0.014576186869295708,0.18555530569431178,0,70,255.0,255.0,255.0
730,36.5,5.6528,-0.1036,-45.3757,0.022767809110210438,0.055766698574474374,-0.7660501384101502,-0.007911246475102052,-0.014440850066932076,0.18608992515765888,0,70,255.0,255.0,255.0
731,36.550000000000004,5.653928943590815,-0.10082963931849191,-45.413769116718534,0.0223987783903564,0.05504926499319477,-0.7566989744204138,-0.006849982319058199,-0.014256493184249848,0.18795663443176805,0,70,255.0,255.0,255.0
732,36.6,5.655040762225832,-0.09809491986994487,-45.45136834185098,0.0220828108783046,0.05434104925604937,-0.7472544749669732,-0.005788718163014498,-0.014072136301567645,0.18982334370587695,0,70,255.0,255.0,255.0
733,36.65,5.6561381090654415,-0.09539538076215173,-45.48849300862416,0.021819906574054984,0.05364205136303808,-0.7377166400498272,-0.004727454006970796,-0.013887779418885443,0.19169005297998587,0,70,255.0,255.0,255.0
734,36.7,5.657223637270034,-0.09273056110290542,-45.525138450264905,0.02161006547760752,0.05295227131416081,-0.7280854696689744,-0.0036661898509269437,-0.013703422536203214,0.19355676225409504,0,70,255.0,255.0,255.0
735,36.75,5.6583,-0.0901,-45.5613,0.021453287588962276,0.05227170910941774,-0.7183609638244173,-0.0026049256948831867,-0.013519065653521012,0.19542347152820838,0,70,255.0,255.0,255.0
736,36.800000000000004,5.659368752878574,-0.08750367702840126,-45.596973902792044,0.021283720678966025,0.05157393671841431,-0.7085978266619977,-0.004177750704966277,-0.01439182998661362,0.1951020149685419,0,70,255.0,255.0,255.0
737,36.85,5.660427061380388,-0.0849433336317694,-45.632160050546666,0.021035512518465655,0.050832526110756365,-0.6988507623275628,-0.005750575715049144,-0.015264594319706106,0.19478055840887548,0,70,255.0,255.0,255.0
738,36.9,5.661470993442912,-0.08242115172093682,-45.66685924690527,0.020708663107461143,0.050047477286443785,-0.6891197708211112,-0.007323400725132012,-0.01613735865279859,0.19445910184920906,0,70,255.0,255.0,255.0
739,36.95,5.662496617003625,-0.07993931320673588,-45.701072295509256,0.020303172445952433,0.04921879024547648,-0.6794048521426417,-0.008896225735215101,-0.0170101229858912,0.19413764528954258,0,70,255.0,255.0,255.0
740,37.0,5.6635,-0.0775,-45.7348,0.019819040533939635,0.04834646498785466,-0.6697060062921568,-0.010469050745297998,-0.017882887318983742,0.1938161887298735,0,70,255.0,255.0,255.0
741,37.050000000000004,5.6644784448948835,-0.07510445256790176,-45.768042472113294,0.019330338893781267,0.0474869881331476,-0.6599817189315502,-0.009079014861035004,-0.016496186869295753,0.19515530569435768,0,70,255.0,255.0,255.0
742,37.1,5.665434192252615,-0.07275014560297709,-45.800797055962356,0.018911139047836114,0.04669684630092505,-0.6501904757227208,-0.007688978976772209,-0.015109486419607958,0.19649442265884168,0,70,255.0,255.0,255.0
743,37.15,5.666370717162905,-0.07043361235410145,-45.83306040375476,0.01856144099610409,0.04597603949118689,-0.6403322766656672,-0.006298943092509413,-0.013722785969920166,0.1978335396233257,0,70,255.0,255.0,255.0
744,37.2,5.667291494715463,-0.06815138607015028,-45.86482916769811,0.01828124473858517,0.045324567703933026,-0.6304071217603879,-0.00490890720824642,-0.012336085520232175,0.1991726565878099,0,70,255.0,255.0,255.0
745,37.25,5.6682,-0.0659,-45.8961,0.018070550275279436,0.04474243093916365,-0.6204150110068859,-0.003518871323983541,-0.010949385070544215,0.20051177355229566,0,70,255.0,255.0,255.0
746,37.300000000000004,5.6690990675418895,-0.0636769126999905,-45.92686980875478,0.017890923745906655,0.04417411074899491,-0.610371297611729,-0.0036661898509269724,-0.01178342253620333,0.2012367622539442,0,70,255.0,255.0,255.0
747,37.35,5.669988969609151,-0.06148328395632183,-45.957136525603914,0.017703931290186735,0.043564088685543303,-0.6002913347814912,-0.0038135083778703823,-0.012617460001862325,0.20196175095559268,0,70,255.0,255.0,255.0
748,37.4,5.6708693379054695,-0.059321198862657805,-45.986898338075676,0.01750957290811964,0.04291236474880875,-0.590175122516171,-0.003960826904813792,-0.013451497467521322,0.20268673965724113,0,70,255.0,255.0,255.0
749,37.45,5.671739804134524,-0.05719274251266227,-46.01615343369829,0.01730784859970535,0.042218938938791147,-0.5800226608157667,-0.004108145431757223,-0.014285534933180435,0.20341172835888968,0,70,255.0,255.0,255.0
750,37.5,5.6726,-0.0551,-46.0449,0.017098758364943914,0.041483811255490693,-0.5698339496802816,-0.004255463958700578,-0.015119572398839543,0.20413671706054437,0,70,255.0,255.0,255.0
751,37.550000000000004,5.6734492849375595,-0.05304469663213512,-46.07313669286759,0.016865966122596207,0.04072856887087237,-0.5596370906215274,-0.005056225735206967,-0.015090122985891028,0.2037376452895884,0,70,255.0,255.0,255.0
752,37.6,5.67428592931078,-0.05102711857173525,-46.10086404162196,0.016593135791423214,0.03997479895690157,-0.5494601851513224,-0.005856987511713241,-0.015060673572942516,0.2033385735186325,0,70,255.0,255.0,255.0
753,37.65,5.67510793121522,-0.04904719219526773,-46.12808304394254,0.016280267371424916,0.0392225015135782,-0.5393032332696652,-0.006657749288219516,-0.015031224159994007,0.2029395017476766,0,70,255.0,255.0,255.0
754,37.7,5.675913288746441,-0.047104843879199915,-46.154794697508734,0.01592736086260125,0.038471676540902146,-0.5291662349765545,-0.0074585110647259045,-0.015001774747045492,0.20254042997672064,0,70,255.0,255.0,255.0
755,37.75,5.6767,-0.0452,-46.181,0.015534416264952318,0.03772232403887363,-0.5190491902719929,-0.00825927284123222,-0.014972325334097092,0.20214135820576473,0,70,255.0,255.0,255.0
756,37.800000000000004,5.677466992707877,-0.043332300771468005,-46.20670021977485,0.015157211763714581,0.036991613767515336,-0.5089683399021511,-0.0068289072082759784,-0.014256085520232303,0.20109265658787293,0,70,255.0,255.0,255.0
757,37.85,5.678216913147732,-0.041500241756736854,-46.23189770790823,0.0148515255441247,0.03629671548685037,-0.49893992461320535,-0.005398541575319938,-0.013539845706367617,0.20004395496998126,0,70,255.0,255.0,255.0
758,37.9,5.678953337233651,-0.03970203235627162,-46.256595086154185,0.014617357606182617,0.03563762919687864,-0.4889639444051541,-0.003968175942363899,-0.01282360589250293,0.1989952533520896,0,70,255.0,255.0,255.0
759,37.95,5.679679840879712,-0.037935881970537384,-46.28079497626676,0.014454707949888316,0.03501435489760007,-0.4790403992779961,-0.0025378103094076555,-0.01210736607863814,0.19794655173419778,0,70,255.0,255.0,255.0
760,38.0,5.6804,-0.0362,-46.3045,0.014363576575241836,0.03442689258901481,-0.469169289231734,-0.001107444676451741,-0.011391126264773677,0.19689785011630923,0,70,255.0,255.0,255.0
761,38.050000000000004,5.681115544230935,-0.03449330028199192,-46.327709628033006,0.014233186822537021,0.033832976059065906,-0.45916154976985646,-0.004108145431740429,-0.012365534933180595,0.2034117283587578,0,70,255.0,255.0,255.0
762,38.1,5.6818208180982905,-0.032817514401317034,-46.35041072674511,0.013952762032067809,0.03319033909569674,-0.44882811639585796,-0.007108846187028691,-0.013339943601587374,0.2099256066012054,0,70,255.0,255.0,255.0
763,38.15,5.68250831985018,-0.031175078379646108,-46.37258701144072,0.013522302203834193,0.03249898169890724,-0.4381689891097371,-0.010109546942316952,-0.014314352269994151,0.21643948484365305,0,70,255.0,255.0,255.0
764,38.2,5.683170547734711,-0.029568428238649937,-46.39422219742422,0.012941807337836078,0.03175890386869729,-0.42718416791149233,-0.013110247697605642,-0.015288760938401069,0.22295336308610159,0,70,255.0,255.0,255.0
765,38.25,5.6838,-0.028,-46.4153,0.012211277434073629,0.030970105605067112,-0.41587365280112665,-0.016110948452893945,-0.016263169606808014,0.22946724132855145,0,70,255.0,255.0,255.0
766,38.300000000000004,5.684394830368382,-0.02647049810056346,-46.43581726809313,0.011670040946133425,0.030236481996220723,-0.40502546101848896,-0.005538511064712388,-0.013081774747045067,0.20446042997691868,0,70,255.0,255.0,255.0
767,38.35,5.684975814459103,-0.024973700637994742,-46.455823385111316,0.011657426327602308,0.02966192813036256,-0.3954276098034343,0.005033926323467667,-0.009900379887282571,0.17945361862528947,0,70,255.0,255.0,255.0
768,38.400000000000006,5.6855693833656336,-0.023501654125144027,-46.47538086808293,0.012173433578480273,0.029246444007492472,-0.3870800991559599,0.015606363711649224,-0.006718985027519624,0.15444680727365673,0,70,255.0,255.0,255.0
769,38.45,5.686201968181442,-0.02204640507486232,-46.49455223403636,0.013218062698767175,0.02899002962761057,-0.37998292907606823,0.02617880109982928,-0.0035375901677571295,0.1294399959220275,0,70,255.0,255.0,255.0
770,38.5,5.6869,-0.0206,-46.5134,0.01479131368846305,0.02889268499071678,-0.3741360995637579,0.03675123848800925,-0.0003561953079946889,0.10443318457040052,0,70,255.0,255.0,255.0
771,38.550000000000004,5.687668334295534,-0.01916070731575347,-46.531938099594484,0.01559864939292818,0.0285810959560509,-0.3666246061561436,-0.004457810309406847,-0.012107366078639428,0.1960265517341436,0,70,255.0,255.0,255.0
772,38.6,5.688425524065295,-0.017751683046703735,-46.54998613280964,0.014345532657522652,0.027681948382852904,-0.35453344439034384,-0.04566685910681709,-0.023858536849282498,0.28761991889787364,0,70,255.0,255.0,255.0
773,38.650000000000006,5.689068546687289,-0.016402305119777014,-46.567315116227554,0.011031963482246113,0.026195242271122535,-0.33786261426635517,-0.08687590790423319,-0.03560970761992724,0.37921328606161675,0,70,255.0,255.0,255.0
774,38.7,5.689494379539521,-0.015141951461900302,-46.583696066430306,0.0056579418670994995,0.024120977620860212,-0.31661211578418236,-0.12808495670164344,-0.04736087839057031,0.4708066532253468,0,70,255.0,255.0,255.0
775,38.75,5.6896,-0.014,-46.5989,-0.0017765321879175038,0.021459154432065777,-0.2907819489438232,-0.16929400549905366,-0.05911204916121324,0.5624000203890769,0,70,255.0,255.0,255.0
776,38.800000000000004,5.689308632449481,-0.012994672636421976,-46.61278873352891,-0.009696638517835306,0.018879134179575232,-0.2658201143569458,-0.14751024769763144,-0.04408876093839974,0.43607336308593553,0,70,255.0,255.0,255.0
777,38.85,5.688648489279718,-0.01209956717519009,-46.62558728365011,-0.016527556957681013,0.017050278338225634,-0.2471746126352281,-0.1257264898962123,-0.029065472715588382,0.30974670578281216,0,70,255.0,255.0,255.0
778,38.900000000000006,5.687674029885214,-0.011277125395747056,-46.637611467006856,-0.02226928750745656,0.01597258690801646,-0.234845443778665,-0.10394273209479007,-0.014042184492774883,0.1834200484796708,0,70,255.0,255.0,255.0
779,38.95,5.686439713660474,-0.010489789077536074,-46.6491771002424,-0.026921830167160328,0.015646059888948016,-0.2288326077872599,-0.08215897429337095,0.0009811037300364728,0.05709339117654744,0,70,255.0,255.0,255.0
780,39.0,5.685,-0.0097,-46.6606,-0.03048518493679319,0.0160706972810201,-0.22913610466101061,-0.06037521649195174,0.016004391952847752,-0.06923326612657577,0,70,255.0,255.0,255.0
781,39.050000000000004,5.683442735906541,-0.008879802138558116,-46.67210776628986,-0.03095609532159613,0.016670367325647393,-0.23046293641611929,0.04153880109983567,0.007982409832241936,0.016159995922233383,0,70,255.0,255.0,255.0
782,39.1,5.681989318815833,-0.008039648252535744,-46.6835751325899,-0.026331304826810287,0.016868938264244362,-0.22752010506878786,0.14345281869160859,-3.957228836273807e-05,0.1015532579710304,0,70,255.0,255.0,255.0
783,39.150000000000006,5.680894533771853,-0.007199593297234161,-46.69478861574503,-0.01661081345243435,0.016666410096811066,-0.2203076106190155,0.24536683628339598,-0.008061554408968552,0.18694652001983952,0,70,255.0,255.0,255.0
784,39.2,5.680413165818583,-0.006379692227955117,-46.70553473260011,-0.0017946211984710622,0.01606278282334755,-0.20882545306680422,0.34728085387516894,-0.016083536529573228,0.27233978206863657,0,70,255.0,255.0,255.0
785,39.25,5.6808,-0.0056,-46.7156,0.01811727193508057,0.01505805644385383,-0.19307363241215336,0.4491948714669417,-0.024105518650177946,0.3577330441174347,0,70,255.0,255.0,255.0
786,39.300000000000004,5.682303623924351,-0.004877318809345135,-46.72480820131166,0.04275301980421631,0.013847396517835038,-0.17528813997858073,0.536235043298404,-0.02432087839056958,0.3536866532254099,0,70,255.0,255.0,255.0
787,39.35,5.685147835456947,-0.004215439814666795,-46.73313218599027,0.0717407762649211,0.012625968604796839,-0.15770496708961185,0.6232752151298537,-0.024536238130961188,0.34964026233338563,0,70,255.0,255.0,255.0
788,39.400000000000006,5.68955023502737,-0.0036149014153157685,-46.74058207001304,0.10508054131720321,0.011393772704738883,-0.1403241137452417,0.710315386961316,-0.024751597871352827,0.3455938714413608,0,70,255.0,255.0,255.0
789,39.45,5.695728423065194,-0.003076242010643207,-46.7471679693572,0.1427723149610531,0.010150808817661523,-0.12314557994547524,0.7973555587927659,-0.02496695761174443,0.34154748054933654,0,70,255.0,255.0,255.0
790,39.5,5.7039,-0.0026,-46.7529,0.18481609719647527,0.008897076943564581,-0.10616936569031002,0.8843957306242152,-0.02518231735213603,0.33750108965731207,0,70,255.0,255.0,255.0
791,39.550000000000004,5.714283568396056,-0.0021861226240610034,-46.75778502846348,0.23127201610474993,0.007668046603011968,-0.08920050366946823,0.9738410257066127,-0.0239788962699643,0.3412533911763017,0,70,255.0,255.0,255.0
792,39.6,5.727101739356376,-0.0018321924887969739,-46.76181692344901,0.2822001997671373,0.006499187316568108,-0.07204402657267939,1.0632863207889975,-0.022775475187792743,0.3450056926952908,0,70,255.0,255.0,255.0
793,39.650000000000006,5.742578126118673,-0.0015352010415023815,-46.76498630420281,0.3376006481836518,0.00539049908423267,-0.05469993439993863,1.152731615871395,-0.021572054105621016,0.34875799421428044,0,70,255.0,255.0,255.0
794,39.7,5.760936341920644,-0.0012921397294718819,-46.767283789971074,0.3974733613542778,0.004341981906005968,-0.03716822715125087,1.24217691095378,-0.020368633023449455,0.35251029573326953,0,70,255.0,255.0,255.0
795,39.75,5.7824,-0.0011,-46.7687,0.46181833927902277,0.0033536357818878403,-0.01944890482661368,1.331622206036163,-0.019165211941277897,0.35626259725225884,0,70,255.0,255.0,255.0
796,39.800000000000004,5.807144502491432,-0.0009549906944106511,-46.76924368483443,0.5277429157768115,0.0024724170701165044,-0.002629845343587507,1.3053608538751613,-0.016083536529572527,0.31649978206873075,0,70,255.0,255.0,255.0
797,39.85,5.835152407117548,-0.0008501902301452527,-46.768996120213686,0.592354424666541,0.0017452821289305428,0.01220107338026013,1.279099501714163,-0.013001861117867598,0.2767369668852083,0,70,255.0,255.0,255.0
798,39.900000000000006,5.866358060497952,-0.0007778944186745113,-46.76805671317572,0.6556528659482295,0.0011722309583297485,0.02504385134493343,1.2528381495531613,-0.009920185706162227,0.23697415170168024,0,70,255.0,255.0,255.0
799,39.95,5.900695809252237,-0.0007303990714691849,-46.7665248707585,0.7176382396218591,0.000753263558314284,0.03589848855042877,1.226576797392163,-0.006838510294457296,0.19721133651815778,0,70,255.0,255.0,255.0
800,40.0,5.9381,-0.0007,-46.7645,0.7783105456874387,0.0004883799288840573,0.04476498499674808,1.2003154452311646,-0.0037568348827523683,0.15744852133463505,0,70,255.0,255.0,255.0
801,40.050000000000004,5.978514421638232,-0.0006803145982963164,-46.76206023219883,0.8382363207880418,0.0002982851165216211,0.05291988504385134,1.196715558792751,-0.00384695761174443,0.16874748054946725,0,70,255.0,255.0,255.0
802,40.1,6.0219206321734395,-0.0006702465906219962,-46.75919859569627,0.8979821015667155,0.00010368416770960948,0.06163973305169497,1.193115672354338,-0.003937080340736479,0.18004643976429785,0,70,255.0,255.0,255.0
803,40.150000000000006,6.06830963188954,-0.0006700212837995168,-46.75588684309431,0.9575478880234772,-9.542291755203305e-05,0.07092452902028146,1.1895157859159242,-0.004027203069728541,0.19134539897913005,0,70,255.0,255.0,255.0
804,40.2,6.117672421070423,-0.0006798639846513582,-46.75209672699489,1.0169336801583098,-0.0002990361392632496,0.08077427294960816,1.185915899477511,-0.0041173257987205895,0.20264435819396065,0,70,255.0,255.0,255.0
805,40.25,6.17,-0.0007,-46.7478,1.0761394779712217,-0.0005071554974240685,0.09118896483967638,1.1823160130391024,-0.0042074485277126365,0.21394331740879113,0,70,255.0,255.0,255.0
806,40.300000000000004,6.225280210955662,-0.000730950912404071,-46.74297298637028,1.1349758010710485,-0.000737557536203144,0.10189430516822322,1.1711369109537697,-0.005008633023449595,0.21427029573304585,0,70,255.0,255.0,255.0
807,40.35,6.283488264188702,-0.000774423407366761,-46.73761029700123,1.1932531690666004,-0.0010080187997690295,0.11261599441298127,1.1599578088684386,-0.005809817519186439,0.2145972740573005,0,70,255.0,255.0,255.0
808,40.400000000000006,6.34459621194392,-0.000832420446127425,-46.73171111444705,1.250971581957894,-0.0013185392881218017,0.12335403257395358,1.148778706783106,-0.006611002014923397,0.21492425238155521,0,70,255.0,255.0,255.0
809,40.45,6.4085761064660876,-0.0009069449899253883,-46.72527462126191,1.3081310397449128,-0.0016691190012613727,0.1341084196511371,1.1375996046977748,-0.007412186510660241,0.21525123070580987,0,70,255.0,255.0,255.0
810,40.5,6.4754,-0.001,-46.7183,1.3647315424276651,-0.0020597579391877837,0.14487915564453335,1.1264205026124419,-0.008213371006397081,0.21557820903006553,0,70,255.0,255.0,255.0
811,40.550000000000004,6.545041534539145,-0.0011126817520874211,-46.710786222320024,1.4208684749277858,-0.0024360549717091767,0.15567889428324222,1.1190567973921899,-0.006838510294457352,0.216411336518252,0,70,255.0,255.0,255.0
812,40.6,6.617480711071763,-0.0012424597799109692,-46.70273141629877,1.4766372221668858,-0.002743608968633538,0.16652028929635887,1.1116930921719388,-0.005463649582517816,0.21724446400643835,0,70,255.0,255.0,255.0
813,40.650000000000006,6.6926991203348205,-0.001385896931690831,-46.69413349911749,1.5320377841449813,-0.002982419929960956,0.17740334068388636,1.1043293869516868,-0.0040887888705780865,0.21807759149462483,0,70,255.0,255.0,255.0
814,40.7,6.770678353065246,-0.0015395560556471179,-46.68499038795747,1.5870701608620559,-0.003152487855691362,0.18832804844582163,1.096965681731436,-0.002713928158638552,0.21891071898281117,0,70,255.0,255.0,255.0
815,40.75,6.8514,-0.0017,-46.6753,1.6417343523181183,-0.003253812745824796,0.19929441258216624,1.089601976511183,-0.0013390674466990174,0.21974384647099754,0,70,255.0,255.0,255.0
816,40.800000000000004,6.934844850887788,-0.0018647220792463034,-46.66505892434959,1.6959822992178402,-0.0033422225769602952,0.2103821176987916,1.0803158994775037,-0.0021973257987206586,0.22376435819397916,0,70,255.0,255.0,255.0
817,40.85,7.020990491524258,-0.0020349374729893848,-46.65425843780369,1.7497659422658702,-0.0034735453256968586,0.22167084840156442,1.071029822443826,-0.003055584150742178,0.2277848699169602,0,70,255.0,255.0,255.0
818,40.900000000000006,7.10981370671685,-0.0022127918271093467,-46.64288848908299,1.803085281462224,-0.0036477809920345237,0.23316060469048797,1.0617437454101466,-0.003913842502763819,0.23180538163994183,0,70,255.0,255.0,255.0
819,40.95,7.201291281272954,-0.0024004307874861924,-46.6309390269082,1.8559403168068864,-0.0038649295759732405,0.24485138656555894,1.0524576683764688,-0.0047721008547853385,0.2358258933629229,0,70,255.0,255.0,255.0
820,41.0,7.2954,-0.0026,-46.6184,1.9083310482998652,-0.0041249910775130304,0.2567431940267789,1.043171591342789,-0.005630359206806823,0.2398464050859035,0,70,255.0,255.0,255.0
821,41.050000000000004,7.392116661909744,-0.002813229930927451,-46.60526288028162,1.9602583282008834,-0.0044030547204497285,0.268744634921573,1.0339196046977595,-0.0054921865106601735,0.2402112307058202,0,70,255.0,255.0,255.0
822,41.1,7.49141812283122,-0.0030401903281315214,-46.5915252324865,2.0117230087696427,-0.004674209728579057,0.28076431709736127,1.024667618052731,-0.005354013814513544,0.24057605632573686,0,70,255.0,255.0,255.0
823,41.150000000000006,7.593281252797841,-0.00328053575987191,-46.577186144550545,2.0627250900061576,-0.00493845610190109,0.29280224055414705,1.0154156314077014,-0.005215841118366894,0.24094088194565358,0,70,255.0,255.0,255.0
824,41.2,7.697682921842967,-0.00353392079440818,-46.56224470440973,2.113264571910414,-0.005195793840415755,0.304858405291927,1.006163644762673,-0.0050776684222202636,0.24130570756557027,0,70,255.0,255.0,255.0
825,41.25,7.8046,-0.0038,-46.5467,2.1633414544824197,-0.005446222944123088,0.31693281131070267,0.9969116581176394,-0.0049394957260736685,0.2416705331854847,0,70,255.0,255.0,255.0
826,41.300000000000004,7.914010101473283,-0.004078358197044006,-46.530550354523896,2.2130003879786515,-0.005685558541240915,0.32907134261491133,0.9894456817314599,-0.004633928158638618,0.24387071898282084,0,70,255.0,255.0,255.0
827,41.35,8.02589381715088,-0.00436830121448457,-46.513791032250346,2.2622860226555668,-0.00590961575998696,0.34131988320898504,0.9819797053452815,-0.00432836059120361,0.24607090478015664,0,70,255.0,255.0,255.0
828,41.400000000000006,8.140232482091854,-0.004669065133403183,-46.49641653271484,2.311198358513181,-0.006118394600361281,0.35367843309292735,0.9745137289591019,-0.0040227930237685585,0.24827109057749278,0,70,255.0,255.0,255.0
829,41.45,8.25700743135521,-0.0049798860348811745,-46.478421355452895,2.3597373955514787,-0.006311895062363823,0.3661469922667347,0.9670477525729235,-0.003717225456333551,0.2504712763748286,0,70,255.0,255.0,255.0
830,41.5,8.3762,-0.0053,-46.4598,2.4079031337704677,-0.006490117145994615,0.3787255607304088,0.959581776186738,-0.0034116578888985297,0.25267146217216263,0,70,255.0,255.0,255.0
831,41.550000000000004,8.49779013219718,-0.005628537280896668,-46.440546901622774,2.455612119884551,-0.006646711114586722,0.39141799461878585,0.9487776683764357,-0.0028521008547852146,0.2550258933628777,0,70,255.0,255.0,255.0
832,41.6,8.621752208565283,-0.005964204813930253,-46.42065623851213,2.502780900608113,-0.006775327231473145,0.4042281500666969,0.9379735605661349,-0.0022925438206719793,0.2573803245535924,0,70,255.0,255.0,255.0
833,41.650000000000006,8.74805921883482,-0.006305603706515566,-46.40012212459011,2.549409475941166,-0.006875965496653919,0.4171560270741455,0.9271694527558326,-0.0017329867865586645,0.2597347557443074,0,70,255.0,255.0,255.0
834,41.7,8.87668415273623,-0.006651335066067226,-46.37893867377872,2.5954978458836973,-0.006948625910129018,0.430201625641128,0.9163653449455318,-0.001173429752445429,0.2620891869350221,0,70,255.0,255.0,255.0
835,41.75,9.0076,-0.007,-46.3571,2.641046010435714,-0.006993308471898455,0.4433649457676462,0.9055612371352311,-0.0006138727183321799,0.2644436181257328,0,70,255.0,255.0,255.0
836,41.800000000000004,9.140781369738061,-0.007350692679369488,-46.33460043898503,2.6861511324831655,-0.0070395970004122725,0.4566326789099301,0.8986436447626681,-0.0012376684222203467,0.2662657075655783,0,70,255.0,255.0,255.0
837,41.85,9.27620934858801,-0.007704479529794477,-46.31143521370114,2.7309103749119816,-0.007117075314120487,0.46999151652420434,0.8917260523901062,-0.0018614641261084249,0.26808779700542357,0,70,255.0,255.0,255.0
838,41.900000000000006,9.413866642568953,-0.008062920040534789,-46.28759976892474,2.775323737722177,-0.007225743413023122,0.48344145861047283,0.8848084600175432,-0.0024852598299965915,0.26990988644526903,0,70,255.0,255.0,255.0
839,41.95,9.55373595769992,-0.00842757370085004,-46.26308954943223,2.8193912209137375,-0.007365601297120146,0.4969825051687316,0.8778908676449813,-0.00310905553388467,0.2717319758851143,0,70,255.0,255.0,255.0
840,42.0,9.6958,-0.0088,-46.2379,2.8631128244866697,-0.007536648966411572,0.5106146561989827,0.8709732752724086,-0.003732851237772783,0.27355406532495774,0,70,255.0,255.0,255.0
841,42.050000000000004,9.840040388850644,-0.009181492001625562,-46.21202654243712,2.906423350182807,-0.007722900883764247,0.5243392897414823,0.8614477525729426,-0.0037172254563335658,0.27543127637497444,0,70,255.0,255.0,255.0
842,42.1,9.9864343970827,-0.009572277066891904,-46.18546450668331,2.9492575997439654,-0.007908371512044933,0.5381577838364805,0.8519222298734779,-0.0037015996748943508,0.2773084874249909,0,70,255.0,255.0,255.0
843,42.150000000000006,10.134958210889463,-0.009972316131345535,-46.15820919971094,2.991615573170156,-0.008093060851253688,0.5520701384839817,0.8423967071740118,-0.003685973893455134,0.2791856984750077,0,70,255.0,255.0,255.0
844,42.2,10.285588016464137,-0.01038157013053275,-46.130255928492375,3.033497270461368,-0.008276968901390453,0.5660763536839818,0.8328711844745472,-0.003670348112015919,0.2810629095250241,0,70,255.0,255.0,255.0
845,42.25,10.4383,-0.0108,-46.1016,3.0749026916176057,-0.008460095662455258,0.5801764294364824,0.8233456617750861,-0.0036547223305766763,0.28294012057503615,0,70,255.0,255.0,255.0
846,42.300000000000004,10.593070674859433,-0.011227339314128466,-46.07223659126647,3.115851466785625,-0.008628799464530825,0.5943781621242302,0.8146053449455358,-0.003093429752445361,0.2851291869348293,0,70,255.0,255.0,255.0
847,42.35,10.749877863081208,-0.011662412202637985,-46.042160359565614,3.1563632261121604,-0.008769438637699802,0.6086893481299658,0.8058650281159868,-0.002532137174314126,0.28731825329462213,0,70,255.0,255.0,255.0
848,42.400000000000006,10.908699713873297,-0.012103815434083351,-46.011365832231505,3.1964379695972247,-0.008882013181962236,0.6231099874536928,0.7971247112864366,-0.001970844596182811,0.28950731965441523,0,70,255.0,255.0,255.0
849,42.45,11.069514376443578,-0.012550145777019111,-45.979847536598264,3.236075697240805,-0.00896652309731809,0.6376400800954076,0.7883843944568876,-0.0014095520180515755,0.29169638601420805,0,70,255.0,255.0,255.0
850,42.5,11.2323,-0.013,-45.9476,3.2752764090429087,-0.009022968383767383,0.6522796260551119,0.7796440776273315,-0.0008482594399202431,0.2938854523739982,0,70,255.0,255.0,255.0
851,42.550000000000004,11.3970345117117,-0.013452350741860793,-45.91461829249698,3.314026782674719,-0.009073901258112511,0.6669960617615897,0.7703708676449487,-0.001189055533884685,0.2947719758850602,0,70,255.0,255.0,255.0
852,42.6,11.563694950592492,-0.013907674122556234,-45.88089965505425,3.352313495807405,-0.009141873937155851,0.6817568236436183,0.7610976576625672,-0.0015298516278490783,0.29565849939612204,0,70,255.0,255.0,255.0
853,42.650000000000006,11.732258133617462,-0.014366822132321362,-45.84644187136302,3.3901365484409767,-0.009226886420897423,0.6965619117012022,0.7518244476801843,-0.0018706477218135202,0.29654502290718404,0,70,255.0,255.0,255.0
854,42.7,11.902700877761609,-0.014830646761390958,-45.81124272511453,3.427495940575424,-0.009328938709337204,0.7114113259343372,0.7425512376978028,-0.0022114438157779135,0.29743154641824593,0,70,255.0,255.0,255.0
855,42.75,12.075,-0.0153,-45.7753,3.4643916722107524,-0.009448030802475202,0.726305066343025,0.7332780277154036,-0.0025522399097422793,0.2983180699293069,0,70,255.0,255.0,255.0
856,42.800000000000004,12.249132878293846,-0.01577525771842859,-45.7386102387456,3.500857402515505,-0.009555595503019166,0.7413175908293885,0.7253511844745546,-0.0017503481120158936,0.3021829095251782,0,70,255.0,255.0,255.0
857,42.85,12.425079134548852,-0.016254891307137156,-45.7011650202174,3.5369267906582094,-0.0096230656136768,0.7565233572955432,0.7174243412337068,-0.0009484563142896218,0.30604774912104893,0,70,255.0,255.0,255.0
858,42.900000000000006,12.602818951656971,-0.016736896036631515,-45.66295468231638,3.572599836638876,-0.009650441134448124,0.7719223657414939,0.7094974979928578,-0.00014656451656323627,0.3099125887169202,0,70,255.0,255.0,255.0
859,42.95,12.782332512510044,-0.017219267177417213,-45.623969562943586,3.6078765404574957,-0.00963772206533313,0.7875146161672356,0.70157065475201,0.0006553272811630358,0.31377742831279093,0,70,255.0,255.0,255.0
860,43.0,12.9636,-0.0177,-45.5842,3.642756902114073,-0.009584908406331825,0.8033001085727711,0.6936438115111621,0.0014572190788892658,0.31764226790866523,0,70,255.0,255.0,255.0
861,43.050000000000004,13.146601175113004,-0.018177818384425077,-45.5436383525206,3.6772156072632782,-0.00953571672981088,0.8191575749208446,0.684704394456925,0.0005104479819484001,0.31665638601421786,0,70,255.0,255.0,255.0
862,43.1,13.331314111212121,-0.01865436064889522,-45.502285064076155,3.7112273415597667,-0.009533863608136978,0.8349657471741934,0.6757649774026893,-0.00043632311499233094,0.31567050411977066,0,70,255.0,255.0,255.0
863,43.150000000000006,13.517716459754773,-0.019131993721152908,-45.460142599371416,3.744792105003548,-0.00957934904131012,0.850724625332822,0.6668255603484522,-0.0013830942119331968,0.31468462222532334,0,70,255.0,255.0,255.0
864,43.2,13.705785872198268,-0.019613084528940363,-45.41721342311113,3.7779098975946126,-0.009672173029330293,0.8664342093967262,0.6578861432942164,-0.0023298653088739277,0.31369874033087614,0,70,255.0,255.0,255.0
865,43.25,13.8955,-0.0201,-45.3735,3.8105807193329664,-0.0098123355721975,0.882094499365908,0.6489467262399984,-0.0032766364058146313,0.3127128584364316,0,70,255.0,255.0,255.0
866,43.300000000000004,14.086836021254237,-0.020594268743871335,-45.329001151171994,3.842776168431413,-0.00994953757773732,0.897924109487275,0.6388712376977671,-0.0022114438157777396,0.32047154641819176,0,70,255.0,255.0,255.0
867,43.35,14.279769220602695,-0.02109406609728205,-45.283701123477954,3.874467843102744,-0.010033479953775284,0.9141416540077275,0.6287957491555372,-0.0011462512257409993,0.3282302343999508,0,70,255.0,255.0,255.0
868,43.400000000000006,14.47427440932407,-0.021596729078757183,-45.2375805201979,3.905655743346968,-0.010064162700311415,0.9307471329272705,0.6187202606133059,-8.105863570410758e-05,0.33598892238171096,0,70,255.0,255.0,255.0
869,43.45,14.670326398696947,-0.022099594706821508,-45.19061994461191,3.9363398691640756,-0.010041585817345702,0.9477405462458991,0.6086447720710759,0.0009841339543326328,0.34374761036347,0,70,255.0,255.0,255.0
870,43.5,14.8679,-0.0226,-45.1428,3.9665202205540724,-0.009965749304878157,0.9651218939636156,0.5985692835288567,0.002049326544369373,0.3515062983452273,0,70,255.0,255.0,255.0
871,43.550000000000004,15.066968339870144,-0.023096306640089822,-45.094099442791396,3.9960957190110955,-0.00989813295923985,0.983001987130068,0.5844506547519738,0.0006553272811627407,0.36369742831281204,0,70,255.0,255.0,255.0
872,43.6,15.267497806377134,-0.02359097496197667,-45.04448964201202,4.02496528602927,-0.009900216576761873,1.0014916367948974,0.5703320259750928,-0.0007386719820436935,0.375888558280395,0,70,255.0,255.0,255.0
873,43.650000000000006,15.469453102949094,-0.024087489963818695,-44.993940119836935,4.0531289216086055,-0.00997200015744423,1.0205908429581083,0.5562133971982097,-0.002132671245250326,0.3880796882479797,0,70,255.0,255.0,255.0
874,43.7,15.67279893301402,-0.024589336643773777,-44.94242039844123,4.080586625749093,-0.010113483701286898,1.0402996056196958,0.5420947684213288,-0.00352667050845676,0.40027081821556276,0,70,255.0,255.0,255.0
875,43.75,15.8775,-0.0251,-44.8899,4.107338398450735,-0.010324667208289886,1.060617924779662,0.5279761396444158,-0.00492066977166318,0.4124619481831484,0,70,255.0,255.0,255.0
876,43.800000000000004,16.0835218192653,-0.025622104695769622,-44.836354677662385,4.133432955524204,-0.010553930585303328,1.0811719419925125,0.5158061432942705,-0.004249865308873713,0.4096987403307922,0,70,255.0,255.0,255.0
877,43.85,16.2908331538888,-0.026154834054811355,-44.781785108473954,4.158919012780163,-0.010749653739177268,1.1015877988127418,0.5036361469441271,-0.0035790608460843426,0.4069355324784364,0,70,255.0,255.0,255.0
878,43.900000000000006,16.499403578879697,-0.02669651106596838,-44.72619820045433,4.183796570218618,-0.010911836669911763,1.1218654952403566,0.4914661505939819,-0.002908256383294876,0.40417232462608016,0,70,255.0,255.0,255.0
879,43.95,16.709202669247045,-0.027245458718083558,-44.66960086162313,4.208065627839562,-0.011040479377506766,1.1420050312753507,0.4792961542438384,-0.0022374519205055044,0.4014091167737244,0,70,255.0,255.0,255.0
880,44.0,16.9202,-0.0278,-44.612,4.231726185642998,-0.0111355818619623,1.1620064069177267,0.4671261578936452,-0.0015666474577161055,0.3986459089213614,0,70,255.0,255.0,255.0
881,44.050000000000004,17.132365183068778,-0.028358474576831952,-44.55340184655902,4.254780458892117,-0.011198144699546891,1.1819102448998493,0.4550447720710555,-0.0009358660456673541,0.39750761036347654,0,70,255.0,255.0,255.0
882,44.1,17.3456679780677,-0.028919288818777995,-44.49380992409215,4.277230662850105,-0.01122916846652904,1.2017571679540748,0.4429633862484675,-0.0003050846336186922,0.39636931180559176,0,70,255.0,255.0,255.0
883,44.150000000000006,17.560078181532273,-0.029480865772308164,-44.433227078345745,4.299076797516965,-0.011228653162908758,1.221547176080409,0.43088200042587776,0.00032569677843005923,0.3952310132477069,0,70,255.0,255.0,255.0
884,44.2,17.775565589997885,-0.03004162848389218,-44.37165615506624,4.320318862892693,-0.01119659878868604,1.241280269278846,0.41880061460328977,0.0009564781904787211,0.3940927146898221,0,70,255.0,255.0,255.0
885,44.25,17.9921,-0.0306,-44.3091,4.340956858977291,-0.01113300534386089,1.260956447549389,0.406719228780716,0.001587259602527466,0.3929544161319303,0,70,255.0,255.0,255.0
886,44.300000000000004,18.20965104845971,-0.03115519699690284,-44.245561136101486,4.360981208907344,-0.011085490616509121,1.280595078408082,0.3942547684212986,0.0003133294915431458,0.39259081821571545,0,70,255.0,255.0,255.0
887,44.35,18.42818773384044,-0.03170961067007675,-44.18104079515745,4.380382335819422,-0.011101672394706566,1.3002155293709612,0.381790308061883,-0.0009606006194409935,0.3922272202995007,0,70,255.0,255.0,255.0
888,44.400000000000006,18.647678894991355,-0.032266425844799336,-44.11553988616266,4.399160239713532,-0.011181550678453231,1.3198178004380325,0.3693258477024656,-0.0022345307304253137,0.39186362238328587,0,70,255.0,255.0,255.0
889,44.45,18.868093370761503,-0.03282882734634791,-44.049059318111915,4.41731492058967,-0.011325125467749091,1.3394018916092902,0.35686138734305006,-0.003508460841409453,0.3915000244670711,0,70,255.0,255.0,255.0
890,44.5,19.0894,-0.0334,-43.9816,4.434846378447836,-0.011532396762594158,1.3589678028847374,0.34439692698362734,-0.004782390952393578,0.39113642655085634,0,70,255.0,255.0,255.0
891,44.550000000000004,19.311568223092497,-0.03398233743555697,-43.913162409034975,4.4517907054785235,-0.011755892834416653,1.378541441467849,0.3333761542438372,-0.004157451920505469,0.39180911677354086,0,70,255.0,255.0,255.0
892,44.6,19.534569886570576,-0.0345750685009151,-43.843745295278026,4.468183993872221,-0.011948141954644716,1.398148714562092,0.32235538150404863,-0.0035325128886174494,0.3924818069962253,0,70,255.0,255.0,255.0
893,44.650000000000006,19.758377438502446,-0.03517663084849488,-43.77334697700358,4.4840262436289295,-0.0121091441232784,1.4177896221674722,0.31133460876425845,-0.002907573856729341,0.3931544972189099,0,70,255.0,255.0,255.0
894,44.7,19.982963326956195,-0.035785462130716386,-43.70196577248609,4.499317454748646,-0.012238899340317657,1.4374641642839836,0.30031383602446987,-0.0022826348248413206,0.3938271874415943,0,70,255.0,255.0,255.0
895,44.75,20.2083,-0.0364,-43.6296,4.514057627231374,-0.012337407605762518,1.4571723409116293,0.28929306328463156,-0.0016576957929532732,0.39449987766427874,0,70,255.0,255.0,255.0
896,44.800000000000004,20.43435845917041,-0.037018653260869616,-43.55624922775857,4.528159969178572,-0.012402938045824383,1.4768391557204852,0.27480061460320704,-0.0009635218095211358,0.39217271468989184,0,70,255.0,255.0,255.0
897,44.85,20.6611039198773,-0.03763971532626293,-43.48191802373043,4.541537688691695,-0.012433759786714639,1.496389612380619,0.2603081659217846,-0.00026934782608909716,0.3898455517155053,0,70,255.0,255.0,255.0
898,44.900000000000006,20.88850015099902,-0.03826145076122156,-43.40661220582299,4.554190785770749,-0.012429872828433289,1.5158237108920363,0.24581571724036003,0.0004248261573430402,0.3875183887411183,0,70,255.0,255.0,255.0
899,44.95,21.116510921413813,-0.03888212413078675,-43.3303375919437,4.566119260415731,-0.012391277170980338,1.5351414512547314,0.23132326855893753,0.0011190001407750789,0.38519122576673176,0,70,255.0,255.0,255.0
900,45.0,21.3451,-0.0395,-43.2531,4.577323112626642,-0.012317972814355788,1.5543428334687073,0.21683081987748665,0.001813174124207173,0.3828640627923381,0,70,255.0,255.0,255.0
901,45.050000000000004,21.574233140225974,-0.04011424952096492,-43.17490387993071,4.587921417807158,-0.01226435498228584,1.573509935650198,0.2071013873431261,0.00033153915859055047,0.3838200244672227,0,70,255.0,255.0,255.0
902,45.1,21.803884033920276,-0.04072767019403328,-43.09574820980025,4.598033251360955,-0.012284818898496723,1.59272483591543,0.19737195480876693,-0.0011500958070258614,0.3847759861421072,0,70,255.0,255.0,255.0
903,45.150000000000006,22.034028357501633,-0.04134396610661929,-43.01563059970443,4.607658613288035,-0.01237936456298844,1.6119875342644092,0.1876425222744064,-0.0026317307726424844,0.38573194781699177,0,70,255.0,255.0,255.0
904,45.2,22.26464178738864,-0.041966841346136825,-42.93454865973908,4.616797503588396,-0.012547991975760963,1.6312980306971299,0.17791308974004721,-0.004113365738258896,0.3866879094918762,0,70,255.0,255.0,255.0
905,45.25,22.4957,-0.0426,-42.8525,4.625449922262039,-0.012790701136814303,1.6506563252135944,0.16818365720567385,-0.005595000703875266,0.3876438711667518,0,70,255.0,255.0,255.0
906,45.300000000000004,22.7271769799258,-0.043245948655271024,-42.769483252518576,4.633514359592795,-0.013035642025032242,1.6700011016788017,0.1543938360245124,-0.004202634824841418,0.3861471874414745,0,70,255.0,255.0,255.0
907,45.35,22.95903994444163,-0.043902403897604046,-42.685501137068556,4.64088930586449,-0.013210964619298462,1.6892710439577423,0.14060401484335291,-0.0028102689458077666,0.38465050371619747,0,70,255.0,255.0,255.0
908,45.400000000000006,23.191254418994607,-0.044565884812301684,-42.60055739535923,4.64757476107713,-0.013316668919613011,1.708466152050422,0.12681419366219146,-0.0014179030667739179,0.38315381999092024,0,70,255.0,255.0,255.0
909,45.45,23.423785929031702,-0.04523291048466617,-42.514655769099946,4.65357072523071,-0.013352754925975863,1.727586425956835,0.11302437248103195,-2.5537187740266865e-05,0.3816571362656432,0,70,255.0,255.0,255.0
910,45.5,23.6566,-0.0459,-42.4278,4.658877198325231,-0.01331922263838704,1.7466318656769844,0.09923455129986536,0.0013668286912933147,0.38016045254037856,0,70,255.0,255.0,255.0
911,45.550000000000004,23.889662940070934,-0.04656435585795134,-42.339993509994954,4.663541143821698,-0.013257076917585323,1.765621657634659,0.08732326855878836,0.0011190001407751459,0.3794312257665435,0,70,255.0,255.0,255.0
912,45.6,24.122944188313227,-0.047225914215550654,-42.25123844192551,4.667609525181111,-0.013207322624309521,1.7845749882536392,0.07541198581771306,0.0008711715902570123,0.3787019989927085,0,70,255.0,255.0,255.0
913,45.650000000000006,24.356413966520098,-0.04788529464417442,-42.16153661885857,4.671082342403469,-0.013169959758559622,1.8034918575339305,0.06350070307663606,0.0006233430397388436,0.37797277221887343,0,70,255.0,255.0,255.0
914,45.7,24.590042496484628,-0.04854311671519874,-42.07088986386109,4.673959595488774,-0.013144988320335635,1.822372265475527,0.051589420335560764,0.0003755144892207099,0.3772435454450384,0,70,255.0,255.0,255.0
915,45.75,24.8238,-0.0492,-41.9793,4.676241284437025,-0.013132408309637555,1.8412162120784321,0.03967813759448546,0.00012768593870253475,0.37651431867119634,0,70,255.0,255.0,255.0
916,45.800000000000004,25.05765685979059,-0.04985662791292396,-41.886768307501555,4.67793706512039,-0.01313605030462646,1.8600562677825159,0.028153089740118716,-0.0002733657382587055,0.37708790949209325,0,70,255.0,255.0,255.0
917,45.85,25.2915841023055,-0.05051393924019347,-41.7932938952294,4.679056593411037,-0.013159744883463423,1.8789250030276419,0.016628041885753602,-0.0006744174152198887,0.3776615003129901,0,70,255.0,255.0,255.0
918,45.900000000000006,25.525552914925154,-0.05117293661100112,-41.69887532920644,4.679599869308966,-0.013203492046148452,1.8978224178138154,0.005102994031386851,-0.001075469092181129,0.3782350911338871,0,70,255.0,255.0,255.0
919,45.95,25.75953448502986,-0.05183462265453913,-41.60351117545566,4.679566892814176,-0.013267291792681534,1.9167485121410313,-0.006422053822978259,-0.0014765207691423122,0.37880868195478395,0,70,255.0,255.0,255.0
920,46.0,25.9935,-0.0525,-41.5072,4.678957663926668,-0.013351144123062677,1.9357032860092918,-0.01794710167734337,-0.0018775724461034538,0.3793822727756737,0,70,255.0,255.0,255.0
921,46.050000000000004,26.227420020766825,-0.053169932490353164,-41.409941259998774,4.6777345956967595,-0.013446721863908785,1.9546332712353267,-0.030975627518980933,-0.0019455371877405427,0.3778171362656567,0,70,255.0,255.0,255.0
922,46.1,26.461262602464817,-0.05384472882367559,-41.31173797715689,4.675860101174769,-0.013545697841836733,1.9734849996358579,-0.04400415336061664,-0.002013501929377622,0.3762519997556399,0,70,255.0,255.0,255.0
923,46.150000000000006,26.69499517377944,-0.054524558911821557,-41.2125940643156,4.673334180360698,-0.01364807205684655,1.992258471210891,-0.0570326792022542,-0.002081466671014711,0.3746868632456229,0,70,255.0,255.0,255.0
924,46.2,26.928585163396026,-0.05520959266664496,-41.11251343431622,4.670156833254545,-0.013753844508938207,2.010953685960421,-0.07006120504388991,-0.0021494314126517906,0.37312172673560606,0,70,255.0,255.0,255.0
925,46.25,27.162,-0.0559,-41.0115,4.666328059856309,-0.013863015198111716,2.0295706438844494,-0.08308973088553984,-0.0022173961542887727,0.3715565902255946,0,70,255.0,255.0,255.0
926,46.300000000000004,27.395207057142237,-0.05659564212566371,-40.90955705250331,4.661844552092558,-0.013957062239738426,2.048146647276212,-0.09625057966451009,-0.0015444855107792765,0.371483545444849,0,70,255.0,255.0,255.0
927,46.35,27.628173487835276,-0.05729514546510427,-40.806685396143024,4.656703001889858,-0.01401746374918965,2.066718998428935,-0.10941142844347845,-0.0008715748672698757,0.3714105006641034,0,70,255.0,255.0,255.0
928,46.400000000000006,27.86086638995725,-0.0579968277417131,-40.70288521353107,4.650903409248209,-0.014044219726465409,2.085287697342623,-0.1225722772224487,-0.00019866422376037945,0.3713374558833578,0,70,255.0,255.0,255.0
929,46.45,28.093252861386127,-0.058699006678881234,-40.59815668727941,4.644445774167613,-0.014037330171565693,2.103852744017271,-0.13573312600141707,0.00047424641974902135,0.37126441110261227,0,70,255.0,255.0,255.0
930,46.5,28.3253,-0.0594,-40.4925,4.637330096648069,-0.01399679508449051,2.1224141384528816,-0.14889397478038546,0.0011471570632583944,0.3711913663218631,0,70,255.0,255.0,255.0
931,46.550000000000004,28.556973350664347,-0.06009869900699235,-40.38591852998793,4.629463195932987,-0.0139570291771376,2.1407801396598036,-0.16578205382287764,0.0004434792308578167,0.3634486819549523,0,70,255.0,255.0,255.0
932,46.6,28.788232246194102,-0.06079628931590745,-40.278428438270986,4.620751891265781,-0.013952447161404723,2.1587590066483777,-0.18267013286536743,-0.00026019860154266107,0.35570599758804256,0,70,255.0,255.0,255.0
933,46.650000000000006,29.019034466391727,-0.06149453012132651,-40.170049081560066,4.611196182646449,-0.013983049037291872,2.1763507394186083,-0.1995582119078596,-0.0009638764339432388,0.3479633132211317,0,70,255.0,255.0,255.0
934,46.7,29.249337791059553,-0.062195180617830324,-40.0607998165661,4.600796070074995,-0.014048834804799043,2.193555337970491,-0.2164462909503494,-0.0016675542663437165,0.340220628854222,0,70,255.0,255.0,255.0
935,46.75,29.4791,-0.0629,-39.9507,4.5895515535514155,-0.014149804463926234,2.2103728023040285,-0.2333343699928534,-0.0023712320987441665,0.33247794448731227,0,70,255.0,255.0,255.0
936,46.800000000000004,29.708284340200493,-0.06361036184636726,-39.83976962754491,4.577790664175495,-0.014262821051711144,2.2267647940846023,-0.23710120504392085,-0.002149431412651837,0.32320172673558706,0,70,255.0,255.0,255.0
937,46.85,29.936875927388346,-0.06432609727126605,-39.728031250773,4.565841433047023,-0.014364747605191424,2.2426929749775875,-0.24086804009498775,-0.0019276307265595392,0.3139255089838632,0,70,255.0,255.0,255.0
938,46.900000000000006,30.16486534447599,-0.06504665177298136,-39.615508060228606,4.553703860165996,-0.014455584124367099,2.258157344982989,-0.24463487514605517,-0.0017058300404672096,0.304649291232138,0,70,255.0,255.0,255.0
939,46.95,30.392243174375743,-0.0657714708497977,-39.502223246456154,4.5413779455324175,-0.014535330609238147,2.273157904100802,-0.2484017101971221,-0.0014840293543749118,0.29537307348041414,0,70,255.0,255.0,255.0
940,47.0,30.619,-0.0665,-39.3882,4.528863689146285,-0.014603987059804584,2.2876946523310284,-0.2521685452482032,-0.0012622286682826556,0.2860968557286938,0,70,255.0,255.0,255.0
941,47.050000000000004,30.845124488533795,-0.06723185360753897,-39.273460559832365,4.516046147365042,-0.01467168661601793,2.3018246840018106,-0.2605331260014701,-0.0014457535802509791,0.2791044111025536,0,70,255.0,255.0,255.0
942,47.1,31.070597644252548,-0.06796732159902846,-39.158023358637,4.502810376546138,-0.014748562417829682,2.315605093441284,-0.2688977067547358,-0.0016292784922192767,0.2721119664764144,0,70,255.0,255.0,255.0
943,47.150000000000006,31.295398555704452,-0.0687068627867486,-39.04190587752543,4.489156376689569,-0.014834614465239862,2.3290358806494527,-0.2772622875080027,-0.0018128034041876005,0.26511952185027415,0,70,255.0,255.0,255.0
944,47.2,31.519506311437553,-0.0694509359829791,-38.925125597609245,4.475084147795338,-0.014929842758248444,2.342117045626312,-0.28562686826126843,-0.001996328316155898,0.25812707722413497,0,70,255.0,255.0,255.0
945,47.25,31.7429,-0.0702,-38.8077,4.460593689863443,-0.01503424729685544,2.3548485883718646,-0.2939914490145199,-0.002179853228124168,0.2511346325979744,0,70,255.0,255.0,255.0
946,47.300000000000004,31.96555930566445,-0.07095422372347725,-38.689647333125535,4.445720746364322,-0.01513043248421714,2.367184469908171,-0.3009262909502857,-0.0016675542663434691,0.24230062885423603,0,70,255.0,255.0,255.0
947,47.35,32.18746629560149,-0.07171261633262024,-38.57098891467896,4.430501060768414,-0.015201002723489792,2.379078651257289,-0.30786113288605055,-0.0011552553045628433,0.23346662511049887,0,70,255.0,255.0,255.0
948,47.400000000000006,32.408603632706345,-0.07247389708002477,-38.451746829669595,4.414934633075716,-0.015245958014673423,2.390531132419221,-0.31479597482181637,-0.0006429563427821445,0.2246326213667605,0,70,255.0,255.0,255.0
949,47.45,32.628953979874126,-0.07323678521828612,-38.33194316310682,4.399021463286232,-0.015265298357768011,2.401541913393965,-0.32173081675758125,-0.0001306573810015187,0.21579861762302335,0,70,255.0,255.0,255.0
950,47.5,32.8485,-0.074,-38.2116,4.382761551399961,-0.015259023752773574,2.4121109941815218,-0.32866565869332476,0.00038164158077912125,0.20696461387927556,0,70,255.0,255.0,255.0
951,47.550000000000004,33.06722468880853,-0.07476245149855242,-38.0907389076654,4.366174867177696,-0.015238583447113473,2.422269436365514,-0.3348017101971981,0.00043597064562485207,0.19937307348036631,0,70,255.0,255.0,255.0
952,47.6,33.28511237334152,-0.07552381307049065,-37.969379382647105,4.349281380380241,-0.01521542668821109,2.4320483015295586,-0.34093776170107065,0.0004902997104705752,0.19178153308145815,0,70,255.0,255.0,255.0
953,47.650000000000006,33.5021477134703,-0.07628394889315285,-37.8475404037961,4.332081091007589,-0.015189553476066415,2.4414475896736594,-0.34707381320494407,0.000544628775316306,0.18418999268254893,0,70,255.0,255.0,255.0
954,47.7,33.71831536906603,-0.07704272314387661,-37.72524094996341,4.314573999059745,-0.015160963810679457,2.450467300797814,-0.35320986470881655,0.0005989578401620291,0.17659845228364077,0,70,255.0,255.0,255.0
955,47.75,33.9336,-0.0778,-37.6025,4.296760104536709,-0.015129657692050215,2.4591074349020228,-0.35934591621267487,0.00065328690500778,0.1690069118847326,0,70,255.0,255.0,255.0
956,47.800000000000004,34.147985139101564,-0.07855597028231347,-37.479337036212804,4.278571784924859,-0.015115233727328922,2.4673377846297457,-0.3681868682612738,-7.632831615614181e-05,0.16020707722415178,0,70,255.0,255.0,255.0
957,47.85,34.36144981103244,-0.0793121313854172,-37.35577355473257,4.259941417710581,-0.015137290523665824,2.4751281426244383,-0.3770278203098715,-0.00080594353731996,0.15140724256357221,0,70,255.0,255.0,255.0
958,47.900000000000006,34.57397191341259,-0.08007030734736435,-37.23183155514591,4.240869002893871,-0.015195828081060925,2.482478508886103,-0.3858687723584704,-0.0015355587584838818,0.14260740790299137,0,70,255.0,255.0,255.0
959,47.95,34.7855293438618,-0.08083232220620763,-37.10753303703951,4.221354540474733,-0.01529084639951421,2.4893888834147377,-0.3947097244070681,-0.0022651739796477,0.1338075732424118,0,70,255.0,255.0,255.0
960,48.0,34.9961,-0.0816,-36.9829,4.201398030453167,-0.01542234547902568,2.4958592662103434,-0.40355067645564446,-0.002994789200811504,0.12500773858181802,0,70,255.0,255.0,255.0
961,48.050000000000004,35.20566355478531,-0.08237446737219412,-36.857953747483315,4.181105993122839,-0.015548481643571012,2.5019314251154654,-0.40813081675743385,-0.002050657381001267,0.11787861762303474,0,70,255.0,255.0,255.0
962,48.1,35.41420678252871,-0.08315406138784061,-36.73271279842258,4.160584948777424,-0.015627411217125818,2.507647127972647,-0.4127109570592226,-0.0011065255611911638,0.11074949666425249,0,70,255.0,255.0,255.0
963,48.150000000000006,35.62171823287947,-0.0839364217173902,-36.60719497562018,4.1398348974169155,-0.015659134199690124,2.5130063747818903,-0.41729109736101205,-0.00016239374138092653,0.10362037570546921,0,70,255.0,255.0,255.0
964,48.2,35.82818645548682,-0.08471918803129314,-36.481418101878525,4.118855839041322,-0.015643650591263915,2.518009165543194,-0.42187123766280077,0.0007817380784291765,0.09649125474668696,0,70,255.0,255.0,255.0
965,48.25,36.0336,-0.0855,-36.3554,4.097647773650639,-0.015580960391847209,2.5226555002565583,-0.426451377964554,0.001725869898239224,0.08936213378788693,0,70,255.0,255.0,255.0
966,48.300000000000004,36.237945441757276,-0.0862773602289105,-36.22915917385389,4.076092242583799,-0.015522839698387162,2.526904514908349,-0.4357698647089543,0.000598957840162449,0.08059845228372563,0,70,255.0,255.0,255.0
967,48.35,36.44120145885277,-0.08705322306322048,-36.10271685157708,4.054070787179743,-0.015521064607830955,2.5307153454849307,-0.44508835145335324,-0.0005279542179141661,0.07183477077956557,0,70,255.0,255.0,255.0
968,48.400000000000006,36.64334475506964,-0.08783040578307535,-35.976094942373315,4.031583407438463,-0.015575635120178587,2.5340879919863055,-0.4544068381977535,-0.001654866275990941,0.06307108927540425,0,70,255.0,255.0,255.0
969,48.45,36.844352034191,-0.08861172566862008,-35.84931535544637,4.008630103359967,-0.015686551235430043,2.537022454412472,-0.46372532494215246,-0.002781778334067556,0.0543074077712442,0,70,255.0,255.0,255.0
970,48.5,37.0442,-0.0894,-35.7224,3.985210874944251,-0.015853812953585327,2.53951873276343,-0.47304381168656207,-0.003908690392144171,0.045543726267066376,0,70,255.0,255.0,255.0
971,48.550000000000004,37.24286667818565,-0.0901968917121643,-35.59537035710108,3.9614050365419096,-0.016008159562880146,2.541602515251166,-0.47918972440700836,-0.0022651739796480264,0.037807573242351164,0,70,255.0,255.0,255.0
972,48.6,37.44033538206026,-0.0909994463592776,-35.46824619526906,3.9372919025035493,-0.016080330351550143,2.5432994900876653,-0.4853356371274538,-0.0006216575671521151,0.03007142021763705,0,70,255.0,255.0,255.0
973,48.650000000000006,37.636590746842074,-0.09180355515030893,-35.34104685488649,3.912871472829164,-0.016070325319595347,2.5446096572729293,-0.4914815498479001,0.0010218588453440296,0.022335267192921834,0,70,255.0,255.0,255.0
974,48.7,37.83161740774925,-0.09260510929422676,-35.21379167633596,3.8881437475187592,-0.015978144467015752,2.545533016806958,-0.49762746256834556,0.0026653752578399406,0.014599114168207722,0,70,255.0,255.0,255.0
975,48.75,38.0254,-0.0934,-35.0865,3.863108726572332,-0.015803787793811364,2.5460695686897497,-0.5037733752888052,0.00430889167033599,0.006862961143490054,0,70,255.0,255.0,255.0
976,48.800000000000004,38.21792304550019,-0.09418547292243268,-34.95919139774173,3.8377596112485417,-0.015628522050092228,2.546205424087001,-0.5101912376627168,0.0027017380784287908,-0.0014287452534311705,0,70,255.0,255.0,255.0
977,48.85,38.409170612906216,-0.09496419149966917,-34.831886367346634,3.8120896028060596,-0.015533613985968468,2.5459266941644065,-0.5166091000366274,0.0010945844865218198,-0.009720451650351215,0,70,255.0,255.0,255.0
978,48.900000000000006,38.59912665756217,-0.09574017361568946,-34.70460563808062,3.7860987012448786,-0.015519063601440057,2.545233378921966,-0.5230269624105389,-0.0005125691053853793,-0.01801215804727244,0,70,255.0,255.0,255.0
979,48.95,38.78777513481206,-0.09651743715447311,-34.57736993920976,3.7597869065650054,-0.015584870896506996,2.544125478359679,-0.5294448247844497,-0.0021197226972923507,-0.026303864444192485,0,70,255.0,255.0,255.0
980,49.0,38.9751,-0.0973,-34.4502,3.7331542187664364,-0.01573103587116928,2.5426029924775473,-0.5358626871583816,-0.0037268762891993212,-0.034595570841116086,0,70,255.0,255.0,255.0
981,49.050000000000004,39.161084339813634,-0.0980908165981054,-34.32311685193191,3.7061485184639187,-0.015893752236750956,2.540647788400804,-0.5443653249422454,-0.0027817783340671727,-0.04361259222860389,0,70,255.0,255.0,255.0
982,49.1,39.34570776631491,-0.09888858764204583,-34.1961427353444,3.678717686272211,-0.016009213704576006,2.538241733254687,-0.5528679627261079,-0.001836680378935158,-0.05262961361609041,0,70,255.0,255.0,255.0
983,49.150000000000006,39.52894902290938,-0.09969095038693374,-34.06930019279092,3.6508617221913067,-0.016077420274644465,2.535384827039195,-0.5613706005099718,-0.0008915824238030093,-0.06164663500357821,0,70,255.0,255.0,255.0
984,49.2,39.71078685300255,-0.10049554208788103,-33.942611766824974,3.6225806262212132,-0.016098371946956316,2.532077069754329,-0.5698732382938343,5.351553132900517e-05,-0.07066365639106473,0,70,255.0,255.0,255.0
985,49.25,39.8912,-0.1013,-33.8161,3.593874398361926,-0.016072068721511564,2.5283184614000884,-0.5783758760777147,0.000998613486461103,-0.07968067777856902,0,70,255.0,255.0,255.0
986,49.300000000000004,40.070168395245304,-0.10210246068514617,-33.68978599453056,3.564814314895772,-0.016028469002904038,2.5241954223098277,-0.5840274625683554,0.0007453752578398593,-0.0852408858318403,0,70,255.0,255.0,255.0
987,49.35,40.247676721834175,-0.10290305793214762,-33.56368509127572,3.5354716521050897,-0.015997531195727575,2.519794372816904,-0.5896790490589952,0.0004921370292186517,-0.09080109388511078,0,70,255.0,255.0,255.0
988,49.400000000000006,40.42371085080041,-0.10370242483657614,-33.43781119075558,3.505846409989872,-0.015979255299982172,2.5151153129213166,-0.5953306355496358,0.000238898800597408,-0.09636130193838205,0,70,255.0,255.0,255.0
989,49.45,40.59825665317776,-0.10450119449400304,-33.3121781934903,3.4759385885501253,-0.015973641315667832,2.5101582426230657,-0.6009822220402756,-1.4339428023799495e-05,-0.10192150999165253,0,70,255.0,255.0,255.0
990,49.5,40.7713,-0.1053,-33.1868,3.4457481877858473,-0.015980689242784556,2.504923161922152,-0.6066338085309297,-0.000267577656645146,-0.10748171804493012,0,70,255.0,255.0,255.0
991,49.550000000000004,40.9428260792052,-0.10609934066131037,-33.06169356994577,3.4152342219529612,-0.015992371751632987,2.4992265223599204,-0.6139248247844,-0.00019972269729198722,-0.1203838644443135,0,70,255.0,255.0,255.0
992,49.6,41.11281734634842,-0.10689918062936388,-32.93688809955267,3.3843557053074065,-0.016000661512513756,2.4928847754777204,-0.6212158410378693,-0.00013186773793883805,-0.13328601084369504,0,70,255.0,255.0,255.0
993,49.650000000000006,41.28125557388906,-0.10769935026676232,-32.81241584418666,3.3531126378491733,-0.01600555852542687,2.4858979212755505,-0.6285068572913397,-6.401277858567928e-05,-0.1461881572430784,0,70,255.0,255.0,255.0
994,49.7,41.44812253428647,-0.10849967993610712,-32.68830905921377,3.3215050195782716,-0.016007062790372322,2.4782659597534127,-0.635797873544809,3.8421807674698895e-06,-0.15909030364245996,0,70,255.0,255.0,255.0
995,49.75,41.6134,-0.1093,-32.5646,3.289532850494697,-0.016005174307350125,2.4699888909113055,-0.6430888897982747,7.169714012053574e-05,-0.1719924500418486,0,70,255.0,255.0,255.0
996,49.800000000000004,41.77707448793396,-0.11010017666961273,-32.441321325686296,3.257480797292392,-0.016002043990563895,2.461042488250483,-0.6389932382938159,5.351553132874454e-05,-0.1858636563910122,0,70,255.0,255.0,255.0
997,49.85,41.93915149277216,-0.11090021955039708,-32.318507310513574,3.225633526665314,-0.01599982275421725,2.4514025252722043,-0.6348975867893577,3.533392253695593e-05,-0.19973486274017385,0,70,255.0,255.0,255.0
998,49.900000000000006,42.09964125364342,-0.11170017409637516,-32.196192632497684,3.193991038613455,-0.015998510598310197,2.4410690019764654,-0.6308019352848989,1.7152313745164724e-05,-0.2136060690893375,0,70,255.0,255.0,255.0
999,49.95,42.25855400967643,-0.11250008576156877,-32.07441196965454,3.1625533331368234,-0.015998107522842732,2.43004191836327,-0.6267062837804408,-1.0292950466238851e-06,-0.22747727543849913,0,70,255.0,255.0,255.0
1000,50.0,42.4159,-0.1133,-31.9532,3.1313204102354146,-0.015998613527814856,2.4183212744326164,-0.6226106322759968,-1.9210903838384752e-05,-0.24134848178767854,0,70,255.0,255.0,255.0
1001,50.050000000000004,42.57168956905904,-0.114099952660239,-31.832587527309013,3.100298588877501,-0.01599945228611142,2.4061395246381316,-0.6182622220404514,-1.4339428024112284e-05,-0.24592150999166446,0,70,255.0,255.0,255.0
1002,50.1,42.72593348256295,-0.11489994116904798,-31.71258985839302,3.069494188031369,-0.016000047470617267,2.3937291234334497,-0.6139138118049067,-9.467952209840509e-06,-0.2504945381956497,0,70,255.0,255.0,255.0
1003,50.150000000000006,42.87864261153738,-0.11569995334773758,-31.593218425822496,3.038907207697009,-0.016000399081332405,2.3810900708185665,-0.6095654015693613,-4.596476395568041e-06,-0.2550675663996356,0,70,255.0,255.0,255.0
1004,50.2,43.02982782700786,-0.11649997701761806,-31.474484662167995,3.0085376478744315,-0.01600050711825682,2.3682223667934856,-0.6052169913338167,2.749994187037346e-07,-0.25964059460362093,0,70,255.0,255.0,255.0
1005,50.25,43.1795,-0.1173,-31.3564,2.978385508563631,-0.016000371581390536,2.3551260113582058,-0.600868581098279,5.146475233003267e-06,-0.264213622807592,0,70,255.0,255.0,255.0
1006,50.300000000000004,43.32766883582997,-0.11810001268943159,-31.238976565077607,2.9483808471975546,-0.01600014686499052,2.3417594131969546,-0.5993178735446852,3.842180767704595e-06,-0.27045030364239847,0,70,255.0,255.0,255.0
1007,50.35,43.474339376976054,-0.11890001577341112,-31.12222925591433,2.9184537212091617,-0.015999987363313768,2.3280809809939655,-0.5977671659910917,2.5378863024061078e-06,-0.2766869844772041,0,70,255.0,255.0,255.0
1008,50.400000000000006,43.61951550020718,-0.11970001251267504,-31.006173664212234,2.8886041305984445,-0.015999893076360277,2.3140907147492342,-0.596216458437498,1.2335918371074354e-06,-0.2829236653120105,0,70,255.0,255.0,255.0
1009,50.45,43.7632010822922,-0.12050000616795924,-30.890825381673434,2.858832075365411,-0.015999864004130053,2.299788614462764,-0.5946657508839045,-7.070262819105148e-08,-0.2891603461468161,0,70,255.0,255.0,255.0
1010,50.5,43.9054,-0.1213,-30.7762,2.8291375555100573,-0.015999900146623093,2.285174680134554,-0.593115043330311,-1.3749970933507605e-06,-0.2953970269816004,0,70,255.0,255.0,255.0
1011,50.550000000000004,44.04611748762117,-0.12209999658203508,-30.662313412380517,2.7996020223322873,-0.015999960253926585,2.2702308225740495,-0.588306283780398,-1.0292950462953126e-06,-0.3023572754385326,0,70,255.0,255.0,255.0
1012,50.6,44.18536420953286,-0.12289999573730766,-30.549182717949638,2.7703069271320167,-0.01600000307612772,2.2549389525907007,-0.5834975242304856,-6.835929992399138e-07,-0.3093175238954638,0,70,255.0,255.0,255.0
1013,50.650000000000006,44.323152187633994,-0.12369999660156283,-30.436825317328488,2.741252269909238,-0.01600002861322651,2.2392990701845026,-0.5786887646805725,-3.3789095218446596e-07,-0.316277772352396,0,70,255.0,255.0,255.0
1014,50.7,44.45949344382342,-0.12449999831054527,-30.32525861113823,2.7124380506639585,-0.01600003686522294,2.22331117535546,-0.5738800051306602,7.811094870932789e-09,-0.3232380208093272,0,70,255.0,255.0,255.0
1015,50.75,44.5944,-0.1253,-30.2145,2.683864269396175,-0.01600002783211702,2.206975268103572,-0.5690712455807478,3.5351314192633154e-07,-0.33019826926625484,0,70,255.0,255.0,255.0
1016,50.800000000000004,44.72788281368545,-0.12610000098242852,-30.10456578540029,2.6554670634733064,-0.016000012119303013,2.190357296506823,-0.5668169913339091,2.749994184036919e-07,-0.3345205946036504,0,70,255.0,255.0,255.0
1017,50.85,44.85994858489254,-0.12690000127735843,-29.995467872287094,2.627182570262783,-0.01600000033217518,2.173523208643207,-0.5645627370870705,1.9648569488106337e-07,-0.33884291994104543,0,70,255.0,255.0,255.0
1018,50.900000000000006,44.99060294925693,-0.12770000108107418,-29.88721706647374,2.5990107897645984,-0.015999992470733523,2.156473004512718,-0.5623084828402317,1.179719713584237e-07,-0.343165245278441,0,70,255.0,255.0,255.0
1019,50.95,45.11985154241421,-0.1285000005898599,-29.7798241737736,2.570951721978759,-0.015999988534978048,2.139206684115362,-0.5600542285933932,3.9458247835795207e-08,-0.347487570615836,0,70,255.0,255.0,255.0
1020,51.0,45.2477,-0.1293,-29.6733,2.5430053669052626,-0.015999988524908745,2.121724247451136,-0.5577999743465512,-3.905547565907774e-08,-0.3518098959532274,0,70,255.0,255.0,255.0
1021,51.050000000000004,45.37415445763712,-0.13009999948825116,-29.56765704601829,2.5152017237744984,-0.015999991268861345,2.103923991398636,-0.5543457508839308,-7.070262835751344e-08,-0.36020034614670776,0,70,255.0,255.0,255.0
1022,51.1,45.49922305089701,-0.13089999915325878,-29.462914592901964,2.487570791816869,-0.01599999559517158,2.0857042128364647,-0.5508915274213109,-1.0234978105594462e-07,-0.36859079634018693,0,70,255.0,255.0,255.0
1023,51.150000000000006,45.62291441533836,-0.13169999907414096,-29.35909361677647,2.4601125710323664,-0.01600000150383945,2.067064911764617,-0.5474373039586904,-1.339969337543803e-07,-0.37698124653366727,0,70,255.0,255.0,255.0
1024,51.2,45.7452371865198,-0.13249999933001538,-29.256215093767324,2.4328270614209986,-0.016000008994864957,2.0480060881830977,-0.5439830804960705,-1.656440864528115e-07,-0.38537169672714644,0,70,255.0,255.0,255.0
1025,51.25,45.8662,-0.1333,-29.1543,2.405714262982763,-0.016000018068248092,2.028527742091905,-0.540528857033447,-1.9729123901246481e-07,-0.3937621469206256,0,70,255.0,255.0,255.0
1026,51.300000000000004,45.98581135576615,-0.13410000106456724,-29.053367630526502,2.3787660414286576,-0.01600002280525169,2.008730737898652,-0.5374000051306784,7.81109517069084e-09,-0.39811802080942477,0,70,255.0,255.0,255.0
1027,51.35,46.104079211519455,-0.13490000210960656,-28.953430556105037,2.351974262469694,-0.016000017287138575,1.9887159400109617,-0.5342711532279103,2.1291342935381738e-07,-0.40247389469822337,0,70,255.0,255.0,255.0
1028,51.400000000000006,46.2210113893897,-0.13570000262236248,-28.85449966642031,2.3253389261058657,-0.016000001513908752,1.968483348428829,-0.5311423013251417,4.18015763536973e-07,-0.4068297685870225,0,70,255.0,255.0,255.0
1029,51.45,46.33661571150664,-0.13650000209007887,-28.75658585115706,2.298860032337179,-0.015999975485562222,1.948032963152259,-0.5280134494223736,6.231180977200996e-07,-0.4111856424758211,0,70,255.0,255.0,255.0
1030,51.5,46.4509,-0.1373,-28.6597,2.2725375811636312,-0.01599993920209898,1.9273647841812491,-0.5248845975195984,8.282204319587372e-07,-0.4155415163646232,0,70,255.0,255.0,255.0
1031,51.550000000000004,46.56387211929834,-0.1380999962534804,-28.563854031875657,2.2463741105108093,-0.015999917510131988,1.906417057006737,-0.521654228593204,3.945824782463015e-08,-0.4223675706158004,0,70,255.0,255.0,255.0
1032,51.6,46.675540103025185,-0.13889999240831505,-28.469063982677866,2.2203721583043103,-0.0159999352562742,1.8851280271196686,-0.5184238596668101,-7.493039363093647e-07,-0.42919362486697654,0,70,255.0,255.0,255.0
1033,51.650000000000006,46.78591202710288,-0.13969999043640965,-28.37534691754223,2.1945317245441274,-0.015999992440525617,1.8634976945200383,-0.5151934907404158,-1.5380661204434718e-06,-0.4360196791181537,0,70,255.0,255.0,255.0
1034,51.7,46.89499596745371,-0.14049999230966942,-28.282719901604402,2.168852809230268,-0.016000089062886243,1.8415260592078526,-0.5119631218140219,-2.3268283045774665e-06,-0.4428457333693299,0,70,255.0,255.0,255.0
1035,51.75,47.0028,-0.1413,-28.1912,2.143335412362728,-0.016000225123356075,1.8192131211831082,-0.5087327528876351,-3.1155904887669728e-06,-0.44967178762051496,0,70,255.0,255.0,255.0
1036,51.800000000000004,47.10933216704053,-0.14210001392151167,-28.100804241970824,2.1179775165281307,-0.016000307154220458,1.7965610340744138,-0.5055830804961606,-1.656440864137004e-07,-0.4564116967271874,0,70,255.0,255.0,255.0
1037,51.85,47.21460037637981,-0.1429000282571334,-28.01154951318348,2.092777104313111,-0.016000241687764715,1.773571951510389,-0.5024334081046866,2.7843023159391526e-06,-0.4631516058338589,0,70,255.0,255.0,255.0
1038,51.900000000000006,47.31861250219884,-0.14370003563199948,-27.923452663410703,2.0677341757176615,-0.01600002872398886,1.7502458734910271,-0.4992837357132121,5.7342487182924246e-06,-0.46989151494053133,0,70,255.0,255.0,255.0
1039,51.95,47.42137641867857,-0.14450002867124362,-27.836530542425294,2.0428487307417895,-0.015999668262892886,1.726582800016335,-0.49613406332173804,8.684195120645278e-06,-0.47663142404720277,0,70,255.0,255.0,255.0
1040,52.0,47.5229,-0.1453,-27.7508,2.0181207693854906,-0.0159991603044768,1.7025827310863093,-0.492984390930264,1.1634141522970376e-05,-0.48337133315388314,0,70,255.0,255.0,255.0
1041,52.050000000000004,47.62319121253959,-0.14609994806047344,-27.666277000241006,1.9935558233766704,-0.01599885387298627,1.6782988066955655,-0.4896134494224587,6.231180982909145e-07,-0.4879856424757808,0,70,255.0,255.0,255.0
1042,52.1,47.72225839145559,-0.14689989456315153,-27.58297396458821,1.969159424443244,-0.01599909799266697,1.6537841668387305,-0.4862425079146539,-1.0387905326386985e-05,-0.49259995179767785,0,70,255.0,255.0,255.0
1043,52.150000000000006,47.82010996410183,-0.147699867035593,-27.5009024288149,1.9449315725852043,-0.015999892663518908,1.629038811515797,-0.4828715664068486,-2.1398928751066445e-05,-0.4972142611195755,0,70,255.0,255.0,255.0
1044,52.2,47.91675435783204,-0.1484998930053563,-27.420073928694396,1.9208722678025585,-0.016001237885542075,1.6040627407267722,-0.47950062489904377,-3.2409952175744346e-05,-0.5018285704414726,0,70,255.0,255.0,255.0
1045,52.25,48.0122,-0.1493,-27.3405,1.8969815100953027,-0.01600313365873648,1.5788559544716525,-0.47612968339124606,-4.342097560042224e-05,-0.5064428797633749,0,70,255.0,255.0,255.0
1046,52.300000000000004,48.106454982801196,-0.150100193836595,-27.262193357065115,1.87323918996517,-0.01600427735383412,1.5533477391433332,-0.4735631218139806,-2.326828305123476e-06,-0.5138857333693028,0,70,255.0,255.0,255.0
1047,52.35,48.199526057797826,-0.1509003934902607,-27.185171428463665,1.849625197913904,-0.01600336634156699,1.5274673811347215,-0.4709965602367155,3.876731899016945e-05,-0.5213285869752297,0,70,255.0,255.0,255.0
1048,52.400000000000006,48.2914196413939,-0.15170049622562898,-27.109452821329647,1.8261395339414979,-0.016000400621935106,1.5012148804458096,-0.46842999865945,7.986146628546822e-05,-0.5287714405811575,0,70,255.0,255.0,255.0
1049,52.45,48.3821421499933,-0.15250039930733145,-27.035056142797092,1.8027821980479581,-0.015995380194938447,1.474590237076605,-0.4658634370821849,0.00012095561358076113,-0.5362142941870843,0,70,255.0,255.0,255.0
1050,52.5,48.4717,-0.1533,-26.962,1.779553190233282,-0.01598830506057703,1.4475934510271045,-0.4632968755049198,0.00016204976087597078,-0.5436571477930094,0,70,255.0,255.0,255.0
1051,52.550000000000004,48.560100856255694,-0.1540992765931469,-26.890302371498485,1.7565274167626148,-0.01598403671167713,1.420262236731094,-0.4577340633216894,8.68419512005473e-06,-0.5495914240473097,0,70,255.0,255.0,255.0
1052,52.6,48.64735737735309,-0.15489853147580585,-26.8199787215571,1.7337797839011124,-0.015987436641065025,1.3926343086223727,-0.4521712511384598,-0.00014468137063583953,-0.555525700301609,0,70,255.0,255.0,255.0
1053,52.650000000000006,48.73348347032263,-0.15569814806189153,-26.75104388586646,1.7113102916487681,-0.015998504848740713,1.3647096667009324,-0.4466084389552294,-0.00029804693639175564,-0.5614599765559092,0,70,255.0,255.0,255.0
1054,52.7,48.818493042194774,-0.15649850976531807,-26.683512700117213,1.6891189400055888,-0.0160172413347042,1.3364883109667811,-0.44104562677199977,-0.00045141250214764984,-0.5673942528102085,0,70,255.0,255.0,255.0
1055,52.75,48.9024,-0.1573,-26.6174,1.6672057289715707,-0.016043646098955477,1.3079702414199146,-0.43548281458877725,-0.0006047780679034886,-0.5733285290645131,0,70,255.0,255.0,255.0
1056,52.800000000000004,48.98522079217606,-0.15810269979081784,-26.552717956940903,1.6457231429843717,-0.016059575799457444,1.2793153139322648,-0.4238206248991102,-3.24099521751231e-05,-0.5728685704413795,0,70,255.0,255.0,255.0
1057,52.85,49.066982032789845,-0.158905480606516,-26.48946808530792,1.624823666481659,-0.016046887094172995,1.2506833843757759,-0.41215843520944484,0.0005399581635531609,-0.5724086118182459,0,70,255.0,255.0,255.0
1058,52.900000000000006,49.147712877315634,-0.15970691152680538,-26.427649235204473,1.6045072994634266,-0.016005579983102123,1.2220744527504395,-0.4004962455197778,0.0011123262792815266,-0.5719486531951122,0,70,255.0,255.0,255.0
1059,52.95,49.2274424812276,-0.16050556163139645,-26.36726025673402,1.5847740419296805,-0.015935654466244842,1.1934885190562636,-0.38883405583011244,0.0016846943950098105,-0.5714886945719787,0,70,255.0,255.0,255.0
1060,53.0,49.3062,-0.1613,-26.3083,1.5656238938804174,-0.015837110543601155,1.1649255832932446,-0.37717186614045595,0.002257062510738178,-0.571028735948854,0,70,255.0,255.0,255.0
1061,53.050000000000004,49.38401117504012,-0.16208912424358218,-26.250765000737864,1.5468520112998512,-0.01572966009049318,1.136524507539842,-0.3737034370821278,0.0020409556135805177,-0.5650142941871524,0,70,255.0,255.0,255.0
1062,53.1,49.460888091487526,-0.1628731460981303,-26.194642537211212,1.528253550172204,-0.0156330149822431,1.1084241538745285,-0.3702350080238001,0.0018248487164228883,-0.5589998524254517,0,70,255.0,255.0,255.0
1063,53.150000000000006,49.53683942041489,-0.16365260583088748,-26.13991757331561,1.509828510497471,-0.015547175218850889,1.080624522297296,-0.36676657896547193,0.001608741819265228,-0.5529854106637501,0,70,255.0,255.0,255.0
1064,53.2,49.61187383289483,-0.1644280437090964,-26.086575072946676,1.4915768922756565,-0.015472140800316574,1.0531256128081528,-0.36329814990714426,0.0013926349221075984,-0.5469709689020494,0,70,255.0,255.0,255.0
1065,53.25,49.686,-0.1652,-26.0346,1.4734986955067584,-0.015407911726640137,1.025927425407094,-0.3598297208488166,0.0011765280249499688,-0.5409565271403505,0,70,255.0,255.0,255.0
1066,53.300000000000004,49.75922730766349,-0.16596880323485386,-25.9839796401076,1.4556368118162364,-0.015341783838570064,0.9988906559083278,-0.3546456267719974,0.0014685874978527108,-0.5405142528102036,0,70,255.0,255.0,255.0
1067,53.35,49.83156800126003,-0.16673393500096295,-25.934710565847226,1.4380341328295583,-0.015261052976854865,0.9718760001260729,-0.349461532695179,0.0017606469707554112,-0.5400719784800568,0,70,255.0,255.0,255.0
1068,53.400000000000006,49.903035041024836,-0.16749466514964528,-25.886791671533047,1.4206906585467183,-0.015165719141494519,0.9448834580603214,-0.34427743861835985,0.0020527064436581532,-0.53962970414991,0,70,255.0,255.0,255.0
1069,53.45,49.9736413871931,-0.16825026353221834,-25.84022185147925,1.4036063889677215,-0.015055782332489049,0.9179130297110811,-0.3390933445415414,0.0023447659165608536,-0.5391874298197631,0,70,255.0,255.0,255.0
1070,53.5,50.0434,-0.169,-25.795,1.3867813240925662,-0.014931242549838448,0.8909647150783481,-0.3339092504647141,0.002636825389463568,-0.538745155489619,0,70,255.0,255.0,255.0
1071,53.550000000000004,50.112323594305984,-0.16974366281700287,-25.751122838831726,1.3702007414351922,-0.014823204555226593,0.8641688688268087,-0.32931405583018536,0.0016846943950102604,-0.5330886945718678,0,70,255.0,255.0,255.0
1072,53.6,50.18042390347239,-0.1704831138980181,-25.708578399399887,1.3538499185095472,-0.014762773110337413,0.8376558456211605,-0.32471886119565724,0.0007325634005570882,-0.5274322336541175,0,70,255.0,255.0,255.0
1073,53.650000000000006,50.24771241548581,-0.171220733570532,-25.667352540552177,1.3377288553156261,-0.01474994821517089,0.8114256454613962,-0.3201236665611285,-0.00021956759389621947,-0.5217757727363664,0,70,255.0,255.0,255.0
1074,53.7,50.314200618332805,-0.17195890216203055,-25.62743112113631,1.3218375518534338,-0.01478472986972703,0.7854782683475231,-0.3155284719266004,-0.0011716985883493914,-0.516119311818616,0,70,255.0,255.0,255.0
1075,53.75,50.3799,-0.1727,-25.5888,1.3061760081229679,-0.014867118074005823,0.7598137142795374,-0.3109332772920723,-0.002123829582802536,-0.5104628509008666,0,70,255.0,255.0,255.0
1076,53.800000000000004,50.44482231511262,-0.17344534549713514,-25.55144660456548,1.2907602224429895,-0.01493339794052322,0.7343378687844601,-0.30569814990700717,-0.0005273650778930992,-0.5085709689021402,0,70,255.0,255.0,255.0
1077,53.85,50.50898038485045,-0.1741920094069649,-25.515364636553223,1.2756061931322669,-0.014919854581795145,0.7089566173893227,-0.3004630225219428,0.0010690994270161108,-0.5066790869034139,0,70,255.0,255.0,255.0
1078,53.900000000000006,50.572387297031995,-0.17493600056822725,-25.480549366258213,1.2607139201907949,-0.014826487997821595,0.683669960094118,-0.29522789513687764,0.0026655639319255473,-0.5047872049046874,0,70,255.0,255.0,255.0
1079,53.95,50.635056139475694,-0.17567332781965966,-25.446996063975476,1.2460834036185784,-0.014653298188602597,0.658477896898853,-0.28999276775181326,0.004262028436834758,-0.5028953229059613,0,70,255.0,255.0,255.0
1080,54.0,50.697,-0.1764,-25.4147,1.2317146434156154,-0.014400285154138142,0.6333804278035248,-0.28475764036675066,0.005858492941744037,-0.5010034409072359,0,70,255.0,255.0,255.0
1081,54.050000000000004,50.75823194524359,-0.17711335519445692,-25.383655542906336,1.217606368792902,-0.014147203682680506,0.6084316560353468,-0.2795733445417453,0.0042647659165605005,-0.49694742981979534,0,70,255.0,255.0,255.0
1082,54.1,50.818764957125815,-0.17781604847412238,-25.353853454387224,1.2037573089614404,-0.013973808562482076,0.5836856848215445,-0.27438904871674075,0.0026710388913771914,-0.49289141873235537,0,70,255.0,255.0,255.0
1083,54.150000000000006,50.87861199638626,-0.17851206415655949,-25.32528359441494,1.1901674639212274,-0.013880099793542796,0.5591425141621107,-0.26920475289173545,0.001077311866193655,-0.4888354076449148,0,70,255.0,255.0,255.0
1084,54.2,50.93778602376446,-0.179205386559331,-25.297935822961776,1.1768368336722663,-0.013866077375862696,0.5348021440570524,-0.26402045706673083,-0.000516415158989654,-0.48477939655747476,0,70,255.0,255.0,255.0
1085,54.25,50.9963,-0.1799,-25.2718,1.1637654182145556,-0.013931741309441756,0.5106645745063659,-0.25883616124173514,-0.002110142184172839,-0.480723385470033,0,70,255.0,255.0,255.0
1086,54.300000000000004,51.05416670391306,-0.18059883372503743,-25.246866423809163,1.1509423023853493,-0.014013787328754801,0.48670350707414883,-0.25408847192647277,-0.0011716985883486858,-0.4777193118185692,0,70,255.0,255.0,255.0
1087,54.35,51.111398186646305,-0.18130059669654566,-25.223127145897873,1.1383565710219081,-0.014048911168276633,0.4628926433245083,-0.249340782611211,-0.00023325499252466577,-0.4747152381671058,0,70,255.0,255.0,255.0
1088,54.400000000000006,51.168006317423014,-0.18200294280553528,-25.200574656082,1.1260082241242277,-0.014037112828007263,0.43923198325743756,-0.2445930932959486,0.0007051886032994874,-0.471711164515642,0,70,255.0,255.0,255.0
1089,54.45,51.22400296546648,-0.18270352594301653,-25.17920144417742,1.1138972616923126,-0.01397839230794669,0.4157215268729434,-0.2398454039806869,0.0016436321991235075,-0.4687070908641786,0,70,255.0,255.0,255.0
1090,54.5,51.2794,-0.1834,-25.159,1.1020236837261606,-0.01387274960809492,0.39236127417102246,-0.23509771466543228,0.0025820757949475,-0.4657030172127139,0,70,255.0,255.0,255.0
1091,54.550000000000004,51.3342092391042,-0.18409050990539366,-25.139962761857,1.0903844216657301,-0.013749647002300351,0.36915431566805296,-0.23047276775174796,0.0023420284368348577,-0.46257532290598674,0,70,255.0,255.0,255.0
1092,54.6,51.38844229628901,-0.18477516473969516,-25.122081962021273,1.0789764069509855,-0.01363854676441143,0.34610374188042314,-0.22584782083806432,0.00210198107872225,-0.45944762859926,0,70,255.0,255.0,255.0
1093,54.650000000000006,51.44211073392173,-0.18545456462129992,-25.105349781257036,1.0677996395819234,-0.013539448894428124,0.32320955280812635,-0.22122287392438,0.0018619337206096077,-0.4563199342925329,0,70,255.0,255.0,255.0
1094,54.7,51.49522611436963,-0.18612930966860308,-25.089758400328535,1.056854119558547,-0.013452353392350465,0.30047174845116914,-0.21659792701069636,0.0016218863624969993,-0.4531922399858062,0,70,255.0,255.0,255.0
1095,54.75,51.5478,-0.1868,-25.0753,1.0461398468808547,-0.013377260258178434,0.2778903288095482,-0.21197298009701804,0.0013818390043844192,-0.4500645456790804,0,70,255.0,255.0,255.0
1096,54.800000000000004,51.59984433967019,-0.18746712665338824,-25.061966528762817,1.0356800109517532,-0.01330762466204356,0.25547923025363195,-0.2064204570670056,0.0014035848410103016,-0.44637939655749564,0,70,255.0,255.0,255.0
1097,54.85,51.651372628197706,-0.18813074434467386,-25.049749006017034,1.0254978011741538,-0.013236901774077402,0.23325238915379798,-0.20086793403699393,0.0014253306776361807,-0.4426942474359114,0,70,255.0,255.0,255.0
1098,54.900000000000006,51.70239874689013,-0.18879079870926546,-25.038638218889837,1.0155932175480535,-0.01316509159427994,0.21120980551004018,-0.1953154110069815,0.001447076514262063,-0.43900909831432666,0,70,255.0,255.0,255.0
1099,54.95,51.75293657705503,-0.18944723538257133,-25.028624954508427,1.0059662600734554,-0.013092194122651194,0.18935147932236468,-0.18976288797696986,0.0014688223508879422,-0.4353239491927424,0,70,255.0,255.0,255.0
1100,55.0,51.803,-0.1901,-25.0197,0.9966169287503576,-0.013018209359191154,0.1676774105907684,-0.18421036494696086,0.0014905681875138216,-0.4316388000711586,0,70,255.0,255.0,255.0
1101,55.050000000000004,51.85260220221507,-0.1907489834810537,-25.011854323091715,0.9875035345271705,-0.012939854349525229,0.14617676331738422,-0.1803254039804868,0.0016436321991229177,-0.42838709086413523,0,70,255.0,255.0,255.0
1102,55.1,51.901753590920194,-0.19139385788160954,-25.00507961391059,0.9785843883523085,-0.012853846139278861,0.12483870150435425,-0.1764404430140133,0.0017966962107319922,-0.42513538165711234,0,70,255.0,255.0,255.0
1103,55.150000000000006,51.95046387851778,-0.19203424054163862,-24.999367743183605,0.9698594902257691,-0.012760184728452025,0.10366322515167241,-0.17255548204753923,0.0019497602223410883,-0.421883672450089,0,70,255.0,255.0,255.0
1104,55.2,51.99874277741024,-0.19266974880111173,-24.99471058163775,0.9613288401475544,-0.01265887011704475,0.08265033425934473,-0.16867052108106573,0.0021028242339501627,-0.41863196324306606,0,70,255.0,255.0,255.0
1105,55.25,52.0466,-0.1933,-24.9911,0.9529924381176634,-0.012549902305057023,0.06180002882736817,-0.16478556011459755,0.002255888245559251,-0.41538025403604334,0,70,255.0,255.0,255.0
1106,55.300000000000004,52.09404605146953,-0.19392493942239722,-24.988528178870325,0.9448978509395338,-0.012452957939855597,0.04109371647682121,-0.1589979270105623,0.001621886362497517,-0.4128722399857642,0,70,255.0,255.0,255.0
1107,55.35,52.141094608121534,-0.1945458241288881,-24.986988538340608,0.937092645416607,-0.012387713668807265,0.020512804828791135,-0.1532102939065279,0.000987884479435873,-0.4103642259354855,0,70,255.0,255.0,255.0
1108,55.400000000000006,52.18776013903879,-0.19516423912418054,-24.986474808375736,0.9295768215488808,-0.012354169491912011,5.729388327209428e-05,-0.14742266080249267,0.0003538825963741389,-0.4078562118852064,0,70,255.0,255.0,255.0
1109,55.45,52.23405711330401,-0.19578176941298192,-24.986980718940572,0.9223503793363574,-0.012352325409169845,-0.020272816359730102,-0.14163502769845826,-0.000280119286687505,-0.40534819783492765,0,70,255.0,255.0,255.0
1110,55.5,52.28,-0.1964,-24.9885,0.9154133187790358,-0.01238218142058076,-0.040477525900218365,-0.13584739459442208,-0.0009141211697491769,-0.4028401837846491,0,70,255.0,255.0,255.0
1111,55.550000000000004,52.3256031919068,-0.19702005882935766,-24.99102496142699,0.9087610617147452,-0.012416313891052301,-0.06047162922465709,-0.13024288797717642,-0.0004511776491123547,-0.3969239491928318,0,70,255.0,255.0,255.0
1112,55.6,52.37088077659366,-0.19764124560283805,-24.994542232726975,0.9023890299813179,-0.012427299185492,-0.08016992081950215,-0.12463838135993159,1.1765871524401644e-05,-0.3910077146010154,0,70,255.0,255.0,255.0
1113,55.650000000000006,52.41584676532712,-0.1982624029616397,-24.99903702331345,0.8962972235787519,-0.012415137303899858,-0.09957240068475914,-0.11903387474268595,0.0004747093921612239,-0.38509148000919813,0,70,255.0,255.0,255.0
1114,55.7,52.460515169373714,-0.19888237354696084,-25.004494542599954,0.8904856425070491,-0.01237982824627588,-0.11867906882042256,-0.1134293681254411,0.0009376529127979802,-0.37917524541738173,0,70,255.0,255.0,255.0
1115,55.75,52.5049,-0.1995,-25.0109,0.8849542867662086,-0.012321372012620067,-0.13748992522649517,-0.10782486150819004,0.0014005964334347226,-0.37325901082556534,0,70,255.0,255.0,255.0
1116,55.800000000000004,52.549013180903266,-0.20011402526017238,-25.018235975421696,0.8795779022014766,-0.012233786495935437,-0.15584719957821244,-0.1072305210810732,0.0021028242339502195,-0.36103196324306314,0,70,255.0,255.0,255.0
1117,55.85,52.59285828550384,-0.2007227934597598,-25.026474530751504,0.8742312346581012,-0.012111089589225047,-0.1735931215508021,-0.10663618065395644,0.0028050520344656167,-0.34880491566056265,0,70,255.0,255.0,255.0
1118,55.900000000000006,52.63643679965277,-0.20132454902926114,-25.03558509837046,0.8689142841360807,-0.011953281292488866,-0.19072769114426913,-0.1060418402268396,0.003507279834981113,-0.33657786807806045,0,70,255.0,255.0,255.0
1119,55.95,52.67975020920114,-0.20191753639917495,-25.04553711065961,0.863627050635417,-0.011760361605726934,-0.20725090835860868,-0.10544749979972284,0.004209507635496511,-0.32435082049555997,0,70,255.0,255.0,255.0
1120,56.0,52.7228,-0.2025,-25.0563,0.8583695341561091,-0.011532330528939238,-0.22316277319382327,-0.10485315937260609,0.004911735436011963,-0.3121237729130595,0,70,255.0,255.0,255.0
1121,56.050000000000004,52.76558728448013,-0.2030710401299531,-25.067845536886217,0.853119329479335,-0.011320540125206094,-0.23860357246252326,-0.10515502769833954,0.0035598807133130723,-0.30550819783488714,0,70,255.0,255.0,255.0
1122,56.1,52.808111681391,-0.20363318055812288,-25.08015484426702,0.8478540313862749,-0.011176342457607916,-0.25371359297731244,-0.10545689602407295,0.0022080259906143737,-0.29889262275671574,0,70,255.0,255.0,255.0
1123,56.150000000000006,52.85037243606181,-0.2041898009213162,-25.093211383204718,0.8425736398769275,-0.011099737526144664,-0.26849283473819524,-0.10575876434980638,0.0008561712679154834,-0.29227704767854334,0,70,255.0,255.0,255.0
1124,56.2,52.89236879382175,-0.2047442808563396,-25.10699861476161,0.8372781549512942,-0.011090725330816358,-0.28294129774516724,-0.10606063267553979,-0.0004956834547832157,-0.28566147260037195,0,70,255.0,255.0,255.0
1125,56.25,52.9341,-0.2053,-25.1215,0.8319675766093741,-0.011149305871622982,-0.29705898199823083,-0.10636250100127498,-0.001847538177481886,-0.2790458975222019,0,70,255.0,255.0,255.0
1126,56.300000000000004,52.97556488117625,-0.20585941422001544,-25.136698677033444,0.8266167798812037,-0.011220053003240093,-0.310826510571721,-0.10766936812552086,-0.0009823470872023076,-0.27165524541735947,0,70,255.0,255.0,255.0
1127,56.35,53.01676058893218,-0.20642128430774878,-25.152576492180415,0.8212006397968219,-0.01124754058034322,-0.3242245065399672,-0.10897623524976656,-0.00011715599692285229,-0.2642645933125181,0,70,255.0,255.0,255.0
1128,56.400000000000006,53.0576838561,-0.20698344728547452,-25.169114968810685,0.815719156356227,-0.011231768602932372,-0.33725296990297315,-0.11028310237401244,0.0007480350933567262,-0.2568739412076757,0,70,255.0,255.0,255.0
1129,56.45,53.09833141551188,-0.20754374017546684,-25.186295630293962,0.8101723295594205,-0.011172737071007553,-0.3499119006607352,-0.11158996949825813,0.0016132261836361815,-0.24948328910283435,0,70,255.0,255.0,255.0
1130,56.5,53.1387,-0.2081,-25.2041,0.8045601594064017,-0.011070445984568763,-0.3622012988132552,-0.11289683662251004,0.00247841727391572,-0.242092636997993,0,70,255.0,255.0,255.0
1131,56.550000000000004,53.17878679081488,-0.20865050298998541,-25.222509354980037,0.7989095509958457,-0.010951247861833442,-0.37410638525059514,-0.1131274997997066,0.0022895076354967157,-0.2341108204955654,0,70,255.0,255.0,255.0
1132,56.6,53.21859076288027,-0.20919528221088204,-25.241503987011306,0.7932474094264309,-0.010841495221019086,-0.38561238086281213,-0.11335816297690311,0.0021005979970777386,-0.2261290039931389,0,70,255.0,255.0,255.0
1133,56.650000000000006,53.258111339538225,-0.20973480993678603,-25.261063941552564,0.7875737346981553,-0.010741188062125666,-0.3967192856499093,-0.11358882615409967,0.0019116883586587342,-0.2181471874907113,0,70,255.0,255.0,255.0
1134,56.7,53.29734794413078,-0.21026955844179332,-25.281169264062548,0.7818885268110207,-0.01065032638515321,-0.4074270996118836,-0.1138194893312962,0.001722778720239757,-0.2101653709882848,0,70,255.0,255.0,255.0
1135,56.75,53.3363,-0.2108,-25.3018,0.7761917857650262,-0.010568910190101703,-0.4177358227487366,-0.1140501525084936,0.0015338690818207934,-0.20218355448585745,0,70,255.0,255.0,255.0
1136,56.800000000000004,53.37496635556422,-0.21132657382004308,-25.322936703046427,0.7704490161354238,-0.010494955549425772,-0.42767594842589335,-0.11566063267558505,0.001424316545216116,-0.19542147260037787,0,70,255.0,255.0,255.0
1137,56.85,53.41334355954674,-0.21184958684872307,-25.344561959774353,0.7646257224974676,-0.010426478535580088,-0.4372779700087747,-0.11727111284267626,0.0013147640086114544,-0.18865939071489926,0,70,255.0,255.0,255.0
1138,56.900000000000006,53.45142758574716,-0.21236931296738162,-25.36665886497907,0.758721904851156,-0.010363479148564628,-0.4465418874973835,-0.11888159300976771,0.0012052114720067773,-0.18189730882941968,0,70,255.0,255.0,255.0
1139,56.95,53.48921440796505,-0.21288602605736007,-25.389210513455854,0.7527375631964907,-0.010305957388379408,-0.45546770089171695,-0.12049207317685894,0.0010956589354021156,-0.17513522694394107,0,70,255.0,255.0,255.0
1140,57.0,53.5267,-0.2134,-25.4122,0.7466726975334707,-0.010253913255024422,-0.4640554101917766,-0.12210255334395281,0.0009861063987974816,-0.16837314505846068,0,70,255.0,255.0,255.0
1141,57.050000000000004,53.563881386928266,-0.21391120172984243,-25.435610232834264,0.740590384462417,-0.010188929940463574,-0.47229382104581136,-0.12118996949817076,0.0016132261836362275,-0.16116328910290303,0,70,255.0,255.0,255.0
1142,57.1,53.60075979893278,-0.21441837039422568,-25.459423373891283,0.7345537005836534,-0.010092590636660802,-0.4801717391020672,-0.12027738565238885,0.002240345968474884,-0.1539534331473464,0,70,255.0,255.0,255.0
1143,57.150000000000006,53.63733751747317,-0.21491993819368782,-25.483621398531174,0.728562645897178,-0.009964895343616076,-0.48768916436054616,-0.11936480180660682,0.00286746575331363,-0.14674357719178877,0,70,255.0,255.0,255.0
1144,57.2,53.67361682400904,-0.2154143373287666,-25.508186282114043,0.7226172204029925,-0.009805844061329437,-0.4948460968212463,-0.11845221796082489,0.0034945855381522863,-0.13953372123623214,0,70,255.0,255.0,255.0
1145,57.25,53.7096,-0.2159,-25.5331,0.7167174241010962,-0.00961543678980087,-0.5016425364841686,-0.11753963411504653,0.004121705322990929,-0.13232386528067153,0,70,255.0,255.0,255.0
1146,57.300000000000004,53.745288096722746,-0.2163758192605875,-25.558343965616523,0.7107894460149358,-0.009421324688720065,-0.5080447673908912,-0.11957948933135291,0.0036427787202405757,-0.12376537098821172,0,70,255.0,255.0,255.0
1147,57.35,53.78067724472215,-0.21684253157437433,-25.583897344660517,0.7047594751679608,-0.009251158917776805,-0.51401907358299,-0.121619344547659,0.00316385211749029,-0.11520687669575314,0,70,255.0,255.0,255.0
1148,57.400000000000006,53.815762344360195,-0.2173013342578675,-25.609738740896244,0.6986275115601697,-0.009104939476971037,-0.5195654550604667,-0.12365919976396539,0.0026849255147399368,-0.10664838240329333,0,70,255.0,255.0,255.0
1149,57.45,53.850538295998824,-0.21775342462757372,-25.635846758087986,0.6923935551915641,-0.008982666366302803,-0.5246839118233195,-0.12569905498027148,0.0022059989119896516,-0.09808988811083474,0,70,255.0,255.0,255.0
1150,57.5,53.885,-0.2182,-25.6622,0.6860576060621432,-0.008884339585772083,-0.5293744438715495,-0.12773891019657935,0.0017270723092393664,-0.0895313938183726,0,70,255.0,255.0,255.0
1151,57.550000000000004,53.919143026180784,-0.21864232122780788,-25.688777904699652,0.6796598314778071,-0.008813771304656055,-0.5336871093906079,-0.12817207317684257,0.001095658935401549,-0.08297522694394971,0,70,255.0,255.0,255.0
1152,57.6,53.95296562217863,-0.21908190330827715,-25.715563247466662,0.6732403987444587,-0.008774773692231922,-0.5376719665659446,-0.12860523615710573,0.0004642455615638211,-0.07641906006952776,0,70,255.0,255.0,255.0
1153,57.650000000000006,53.98646670508609,-0.2195203247748426,-25.74253963788385,0.6667993078620963,-0.008767346748499676,-0.5413290153975608,-0.12903839913736898,-0.0001671678122739963,-0.06986289319510487,0,70,255.0,255.0,255.0
1154,57.7,54.01964519199569,-0.2199591641609387,-25.769690685534027,0.6603365588307217,-0.008791490473459318,-0.5446582558854554,-0.12947156211763214,-0.0007985811861117242,-0.0633067263206829,0,70,255.0,255.0,255.0
1155,57.75,54.0525,-0.2204,-25.797,0.6538521516503338,-0.008847204867110844,-0.5476596880296287,-0.1299047250978953,-0.001429994559949424,-0.05675055944625562,0,70,255.0,255.0,255.0
1156,57.800000000000004,54.08503019855412,-0.2208436958281813,-25.82445081558487,0.6473552280738659,-0.008891590092655765,-0.550310795046693,-0.12997221796079916,-0.0003454144618472367,-0.04929372123630252,0,70,255.0,255.0,255.0
1157,57.85,54.117235466563336,-0.22128825519251719,-25.852024865472828,0.6408549298542537,-0.008881746313295576,-0.5525890601532591,-0.13003971082370303,0.0007391656362547962,-0.04183688302635048,0,70,255.0,255.0,255.0
1158,57.900000000000006,54.1491156352955,-0.22173096664276248,-25.879703507568358,0.6343512569914954,-0.008817673529030276,-0.5544944833493279,-0.1301072036866069,0.0018237457343569835,-0.03438004481639738,0,70,255.0,255.0,255.0
1159,57.95,54.18067053601843,-0.22216911872867182,-25.90746809977592,0.6278442094855928,-0.008699371739859883,-0.5560270646348989,-0.13017469654951075,0.0029083258324590164,-0.026923206606445337,0,70,255.0,255.0,255.0
1160,58.0,54.2119,-0.2226,-25.9353,0.6213337873365452,-0.00852684094578439,-0.5571868040099723,-0.13024218941241195,0.0039929059305610776,-0.01946636839649507,0,70,255.0,255.0,255.0
1161,58.050000000000004,54.24280337960274,-0.2230212954594671,-25.96318043296088,0.6147912562267261,-0.00832386832472061,-0.5579657104226522,-0.13145905498032642,0.0041259989119894844,-0.011689888110695226,0,70,255.0,255.0,255.0
1162,58.1,54.273378111568036,-0.2234322759216542,-25.99109009064203,0.6081878818385124,-0.008114241054585438,-0.558355792821042,-0.13267592054824073,0.004259091893417872,-0.003913407824896487,0,70,255.0,255.0,255.0
1163,58.150000000000006,54.30362115373195,-0.2238326086541078,-26.019009531842745,0.601523664171902,-0.007897959135378815,-0.5583570512051418,-0.13389278611615524,0.004392184874846279,0.003863072460903356,0,70,255.0,255.0,255.0
1164,58.2,54.33352946393058,-0.22422196092437424,-26.046919315362306,0.5947986032268967,-0.007675022567100805,-0.5579694855749516,-0.13510965168406955,0.004525277856274667,0.011639552746702097,0,70,255.0,255.0,255.0
1165,58.25,54.3631,-0.2246,-26.0748,0.5880126990034957,-0.007445431349751373,-0.5571930959304716,-0.13632651725198208,0.004658370837703096,0.019416033032500835,0,70,255.0,255.0,255.0
1166,58.300000000000004,54.39232988303492,-0.2249671223339504,-26.10263225257163,0.5811757470192552,-0.007252936608461585,-0.5560343632626779,-0.13715156211761412,0.003041418813887765,0.02693327367924596,0,70,255.0,255.0,255.0
1167,58.35,54.42121688716454,-0.22532664112086603,-26.130397171959064,0.5742975427917341,-0.00714128946836258,-0.554499768562547,-0.13797660698324601,0.0014244667900726632,0.034450514325990014,0,70,255.0,255.0,255.0
1168,58.400000000000006,54.44975894977671,-0.2256825987408065,-26.158075965060682,0.5673780863209305,-0.007110489929454328,-0.5525893118300788,-0.13880165184887802,-0.0001924852337426685,0.04196775497273514,0,70,255.0,255.0,255.0
1169,58.45,54.477954008259246,-0.2260390375738313,-26.185649838774864,0.5604173776068462,-0.007160537991736836,-0.5503029930652735,-0.13962669671450995,-0.00180943725755777,0.049484995619479194,0,70,255.0,255.0,255.0
1170,58.5,54.5058,-0.2264,-26.2131,0.5534154166494802,-0.0072914336552100945,-0.5476408122681312,-0.1404517415801383,-0.0034263892813728436,0.057002236266220585,0,70,255.0,255.0,255.0
1171,58.550000000000004,54.5332954882576,-0.22676781520473147,-26.24040895675261,0.5464097556962374,-0.007400385241432934,-0.5446808365266366,-0.13977469654955388,-0.0009316741675403956,0.06139679339355217,0,70,255.0,255.0,255.0
1172,58.6,54.56044153977382,-0.22713795959488178,-26.267564421521726,0.5394379469945247,-0.007384601071964154,-0.5415011329287759,-0.13909765151896955,0.0015630409462916986,0.06579135052088313,0,70,255.0,255.0,255.0
1173,58.650000000000006,54.587239847161236,-0.2275041963826664,-26.294555407914544,0.5324999905443402,-0.007244081146803745,-0.5381017014745482,-0.1384206064883851,0.004057756060124146,0.07018590764821472,0,70,255.0,255.0,255.0
1174,58.7,54.61369210303245,-0.22786028878030062,-26.32137092953824,0.5255958863456859,-0.00697882546595175,-0.5344825421639544,-0.13774356145780078,0.006552471173956241,0.07458046477554568,0,70,255.0,255.0,255.0
1175,58.75,54.6398,-0.2282,-26.348,0.518725634398561,-0.006588834029408158,-0.5306436549969942,-0.1370665164272138,0.009047186287788361,0.07897502190287575,0,70,255.0,255.0,255.0
1176,58.800000000000004,54.66556256393471,-0.2285192168471238,-26.37442392041795,0.5117292301957789,-0.006201522425806559,-0.5261222906307544,-0.14278965168405153,0.0064452778562742565,0.10187955274669865,0,70,255.0,255.0,255.0
1177,58.85,54.6909681537402,-0.2288223204996069,-26.40059314195404,0.5044466692301557,-0.005944306243780705,-0.5204556997223243,-0.14851278694088846,0.003843369424760521,0.12478408359051828,0,70,255.0,255.0,255.0
1178,58.900000000000006,54.71600246157834,-0.22911581572852818,-26.426450403281148,0.4968779515016897,-0.0058171854833305205,-0.5136438822717023,-0.1542359221977262,0.0012414609932464163,0.14768861443434117,0,70,255.0,255.0,255.0
1179,58.95,54.740651179610985,-0.22940620730496622,-26.451938443072173,0.4890230770103829,-0.005820160144456043,-0.5056868382788902,-0.15995905745456312,-0.001360447438267319,0.1705931452781608,0,70,255.0,255.0,255.0
1180,59.0,54.7649,-0.2297,-26.477,0.4808820457562342,-0.005953230227157245,-0.4965845677438871,-0.1656821927114014,-0.003962355869781026,0.19349767612198177,0,70,255.0,255.0,255.0
1181,59.050000000000004,54.78873105600359,-0.23000171740677333,-26.501570561575587,0.4722413235205863,-0.006097525055340719,-0.4859020009503501,-0.17994669671448474,-0.0018094372575574776,0.23380499561946075,0,70,255.0,255.0,255.0
1182,59.1,54.81211224526539,-0.23030795840669055,-26.52555661066212,0.4628873760847856,-0.00613417395291301,-0.47320406818194094,-0.19421120071756603,0.0003434813546657643,0.274112315116934,0,70,255.0,255.0,255.0
1183,59.150000000000006,54.8350079065254,-0.23061334070322115,-26.548857378960868,0.4528202034488294,-0.006063176919874127,-0.4584907694386561,-0.20847570472064939,0.0024963999668893124,0.31441963461441297,0,70,255.0,255.0,255.0
1184,59.2,54.8573823785236,-0.23091248199983444,-26.571372098173075,0.44203980561272044,-0.00588453395622409,-0.44176210472049954,-0.22274020872373068,0.004649318579112554,0.35472695411188626,0,70,255.0,255.0,255.0
1185,59.25,54.8792,-0.2312,-26.593,0.4305461825764575,-0.005598245061962898,-0.42301807402746944,-0.23700471272681423,0.006802237191335825,0.3950342736093604,0,70,255.0,255.0,255.0
1186,59.300000000000004,54.90043321205095,-0.2314715135257829,-26.613669033279713,0.4188254757218449,-0.005264377352830572,-0.4039817055678435,-0.2318235614576481,0.006552471173956093,0.36642046477561235,0,70,255.0,255.0,255.0
1187,59.35,54.92108686519824,-0.23172664587363087,-26.63342201539748,0.4073638264306923,-0.004942997944567278,-0.38637602754990746,-0.2266424101884827,0.006302705156576397,0.33780665594186843,0,70,255.0,255.0,255.0
1188,59.400000000000006,54.941173912320075,-0.23196602145858744,-26.6523304808754,0.39616123470299636,-0.0046341068371729245,-0.37020103997365633,-0.22146125891931656,0.006052939139196667,0.3091928471081204,0,70,255.0,255.0,255.0
1189,59.45,54.960707306294594,-0.23219026469569598,-26.670465964235543,0.3852177005387603,-0.0043377040306476,-0.3554567428390948,-0.21628010765015115,0.005803173121816971,0.28057903827437647,0,70,255.0,255.0,255.0
1190,59.5,54.9797,-0.2324,-26.6879,0.37453322393798244,-0.004053789524991261,-0.34214313614622033,-0.21109895638098886,0.005553407104437275,0.2519652294406307,0,70,255.0,255.0,255.0
1191,59.550000000000004,54.99816249579265,-0.23259622849009515,-26.70469570530558,0.3639607735920872,-0.003804965533336992,-0.32975517677825034,-0.21179905745478445,0.004399552561732635,0.24355314527812508,0,70,255.0,255.0,255.0
1192,59.6,55.016095493941656,-0.23278145809878595,-26.72088252774796,0.3533533181925037,-0.003613834268817983,-0.3177878216184074,-0.21249915852857992,0.0032456980190281597,0.23514106111562064,0,70,255.0,255.0,255.0
1193,59.650000000000006,55.033497244194336,-0.23295857346242924,-26.736481497537554,0.3427108577392289,-0.0034803957314341796,-0.30624107066668804,-0.2131992596023755,0.0020918434763235205,0.226728976953115,0,70,255.0,255.0,255.0
1194,59.7,55.050365996298005,-0.23313045921738162,-26.751513644884763,0.33203339223226586,-0.0034046499211856196,-0.2951149239230955,-0.213899360676171,0.0009379889336190448,0.21831689279061056,0,70,255.0,255.0,255.0
1195,59.75,55.0667,-0.2333,-26.766,0.32132092167161297,-0.00338659683807228,-0.2844093813876282,-0.2145994617499669,-0.0002158656090854201,0.20990480862810523,0,70,255.0,255.0,255.0
1196,59.800000000000004,55.082498404778484,-0.23346917251383656,-26.779964945497976,0.3106274299097708,-0.0033717605138215904,-0.2743255873191285,-0.21314020872368436,0.000809318579112956,0.1934469541118495,0,70,255.0,255.0,255.0
1197,59.85,55.09776395903516,-0.23363632173122534,-26.793446273610677,0.3000069007992442,-0.0033056649801609904,-0.2650646859764429,-0.21168095569740203,0.0018345027673111864,0.1769890995955961,0,70,255.0,255.0,255.0
1198,59.900000000000006,55.112500310902604,-0.23379888469169585,-26.806485128974387,0.2894593343400303,-0.003188310237090462,-0.2566266773595688,-0.21022170267111948,0.0028596869555095627,0.1605312450793404,0,70,255.0,255.0,255.0
1199,59.95,55.12671110851336,-0.23395429843477755,-26.819122656225396,0.27898473053213196,-0.0030196962846100375,-0.24901156146850847,-0.20876244964483712,0.003884871143707793,0.144073390563087,0,70,255.0,255.0,255.0
1200,60.0,55.1404,-0.2341,-26.8314,0.2685830893755478,-0.0027998231227197045,-0.24221933830326084,-0.20730319661855523,0.00491005533190603,0.12761553604683473,0,70,255.0,255.0,255.0
1201,60.050000000000004,55.153570285093416,-0.23423428145455866,-26.843356512702506,0.25823350676883033,-0.0025799924113766074,-0.23614247394523064,-0.20668010765010741,0.0038831731218171095,0.11545903827435236,0,70,255.0,255.0,255.0
1202,60.1,55.16622386991769,-0.23435885497631273,-26.85502437780933,0.24791507861053677,-0.0024115058105379805,-0.23067343447582536,-0.20605701868165968,0.002856290911728334,0.10330254050187172,0,70,255.0,255.0,255.0
1203,60.150000000000006,55.178362312195276,-0.23447628777078752,-26.866433986564903,0.2376278049006641,-0.0022943633202037773,-0.2258122198950434,-0.20543392971321187,0.0018294087016394126,0.09114604272938935,0,70,255.0,255.0,255.0
1204,60.2,55.18998716964856,-0.23458914704350817,-26.877615730213645,0.22737168563921528,-0.0022285649403740297,-0.2215588302028862,-0.20481084074476416,0.0008025264915506375,0.07898954495690871,0,70,255.0,255.0,255.0
1205,60.25,55.2011,-0.2347,-26.8886,0.21714672082618888,-0.0022141106710487184,-0.217913265399353,-0.20418775177631576,-0.00022435571853814812,0.06683304718442895,0,70,255.0,255.0,255.0
1206,60.300000000000004,55.211702854847886,-0.23481050166792888,-26.899418603691988,0.20698254301487518,-0.0021962698406717035,-0.21496051689997556,-0.20237936067619786,0.0009379889336186794,0.05127689279065773,0,70,255.0,255.0,255.0
1207,60.35,55.221799761294065,-0.2349186583635237,-26.910109015151992,0.1969087847585688,-0.0021203117776868573,-0.21278557612028703,-0.20057096957608023,0.002100333585775342,0.03572073839688872,0,70,255.0,255.0,255.0
1208,60.400000000000006,55.23139524031632,-0.2350215642251541,-26.92071012476601,0.18692544605726688,-0.001986236482094158,-0.21138844306028676,-0.19876257847596232,0.0032626782379321694,0.0201645840031175,0,70,255.0,255.0,255.0
1209,60.45,55.24049381289238,-0.23511631339118966,-26.931260822920017,0.17703252691097227,-0.001794043953893644,-0.21076911771997514,-0.1969541873758447,0.004425022890088832,0.0046084296093484925,0,70,255.0,255.0,255.0
1210,60.5,55.2491,-0.2352,-26.9418,0.16723002731968356,-0.0015437341930853003,-0.21092760009935196,-0.19514579627572592,0.005587367542245496,-0.010947724784420743,0,70,255.0,255.0,255.0
1211,60.550000000000004,55.257217495515064,-0.23527091187372584,-26.952365072529552,0.1574683211716696,-0.0013069282259364529,-0.21177545845488416,-0.19532244964480008,0.003884871143707596,-0.022966609436864398,0,70,255.0,255.0,255.0
1212,60.6,55.264846684906026,-0.2353321115695924,-26.9629875615827,0.14769778235520328,-0.001155247078714523,-0.21322426104303835,-0.1954991030138742,0.0021823747451699383,-0.034985494089306346,0,70,255.0,255.0,255.0
1213,60.650000000000006,55.27198712653945,-0.23538785532859607,-26.973697514371068,0.13791841087028187,-0.001088690751419468,-0.21527400786381495,-0.19567575638294835,0.0004798783466320386,-0.04700437874175,0,70,255.0,255.0,255.0
1214,60.7,55.27863837878191,-0.23544239939173317,-26.984524978106293,0.12813020671690817,-0.0011072592440513063,-0.21792469891721333,-0.19585240975202245,-0.0012226180519056195,-0.05902326339419194,0,70,255.0,255.0,255.0
1215,60.75,55.2848,-0.2355,-26.9955,0.11833316989508076,-0.001210952556610023,-0.2211763342032338,-0.19602906312109625,-0.0029251144504432777,-0.07104214804663478,0,70,255.0,255.0,255.0
1216,60.800000000000004,55.290471963091846,-0.2355634508371677,-27.006653906189804,0.10855217229843457,-0.0013120172555823504,-0.2251056492804779,-0.19521084074471803,-0.001117473508449478,-0.0861304550431163,0,70,255.0,255.0,255.0
1217,60.85,55.29565589908182,-0.23562969535810654,-27.01802313851721,0.09881208582060867,-0.0013226999074549854,-0.22978937970754545,-0.19439261836833993,0.0006901674335440646,-0.10121876203959566,0,70,255.0,255.0,255.0
1218,60.900000000000006,55.30035385352588,-0.23569421446046157,-27.029645417749723,0.0891129104616003,-0.0012430005122279302,-0.2352275254844377,-0.19357439599196172,0.0024978083755378645,-0.11630706903607718,0,70,255.0,255.0,255.0
1219,60.95,55.30456787197996,-0.2357524890418777,-27.04155846465482,0.07945464622141223,-0.001072919069901208,-0.24142008661115322,-0.19275617361558364,0.004305449317531407,-0.13139537603255655,0,70,255.0,255.0,255.0
1220,61.0,55.3083,-0.2358,-27.0538,0.06983729310004304,-0.000812455580474814,-0.2483670630876926,-0.19193795123920587,0.00611309025952495,-0.14648368302903614,0,70,255.0,255.0,255.0
1221,61.050000000000004,55.31155305211757,-0.23583368477760328,-27.066407302711237,0.06030698963466212,-0.0005490027517344388,-0.2560419444231878,-0.1892741873759985,0.004425022890089154,-0.16051157039074476,0,70,255.0,255.0,255.0
1222,61.1,55.314332918766695,-0.23585630699798132,-27.07941588434845,0.0509098743624429,-0.0003699532914658802,-0.2644182201267672,-0.1866104235127915,0.002736955520653599,-0.17453945775245136,0,70,255.0,255.0,255.0
1223,61.150000000000006,55.31664625935702,-0.23587208682955774,-27.09286081463005,0.04164594728338272,-0.00027530719966908706,-0.2734958901984333,-0.18394665964958412,0.0010488881512178035,-0.18856734511415998,0,70,255.0,255.0,255.0
1224,61.2,55.318499733298246,-0.23588524444075606,-27.106777163274433,0.03251520839748421,-0.00026506447634408643,-0.28327495463818336,-0.18128289578637713,-0.0006391792182177522,-0.20259523247586658,0,70,255.0,255.0,255.0
1225,61.25,55.3199,-0.2359,-27.1212,0.02351765770474604,-0.00033922512149085873,-0.2937554134460188,-0.17861913192317022,-0.002327246587653309,-0.21662311983757077,0,70,255.0,255.0,255.0
1226,61.300000000000004,55.320851828437895,-0.2359194100524192,-27.13616328296525,0.014539869162864564,-0.00042797173747982143,-0.3048705730268125,-0.18049240975205819,-0.0012226180519048961,-0.2279832633941387,0,70,255.0,255.0,255.0
1227,61.35,55.32135242585143,-0.23594187664996819,-27.15169652408898,0.005468416729539977,-0.00046148692668135794,-0.31655373978543294,-0.1823656875809459,-0.0001179895161566402,-0.23934340695070505,0,70,255.0,255.0,255.0
1228,61.400000000000006,55.321397109045996,-0.23596463822130756,-27.167828123730093,-0.0036966995952302972,-0.00043977068909547765,-0.3288049137218834,-0.18423896540983387,0.0009866390195917732,-0.250703550507273,0,70,255.0,255.0,255.0
1229,61.45,55.32098119482704,-0.23598493319509797,-27.184586482247465,-0.012955479811443658,-0.00036282302472218704,-0.34162409483616046,-0.18611224323872155,0.0020912675553400287,-0.26206369406383934,0,70,255.0,255.0,255.0
1230,61.5,55.3201,-0.236,-27.202,-0.022307923919101396,-0.00023064393356148674,-0.3550112831282658,-0.18798552106760927,0.0031958960910882846,-0.27342383762040257,0,70,255.0,255.0,255.0
1231,61.550000000000004,55.31875243413081,-0.23600787501271986,-27.22010116542778,-0.03153846628617585,-9.11102983460082e-05,-0.3692117634695883,-0.18123617361533723,0.002385449317530381,-0.29459537603244945,0,70,255.0,255.0,255.0
1232,61.6,55.31695177782759,-0.23600978640214587,-27.23893881929564,-0.040431541280635426,7.900998191560484e-06,-0.384470820731511,-0.17448682616306613,0.0015750025439725925,-0.31576691444449334,0,70,255.0,255.0,255.0
1233,61.650000000000006,55.31471490445896,-0.23600776028521198,-27.258565890449606,-0.04898714890248266,6.638995605124756e-05,-0.40078845491403825,-0.16773747871079409,0.0007645557704146887,-0.3369384528565402,0,70,255.0,255.0,255.0
1234,61.7,55.31205868739356,-0.23600382277885207,-27.279035307735718,-0.05720528915171512,8.435657523303618e-05,-0.4181646660171654,-0.16098813125852302,-4.589100314309966e-05,-0.3581099912685841,0,70,255.0,255.0,255.0
1235,61.75,55.309,-0.236,-27.3004,-0.06508596202833404,6.180085573693789e-05,-0.4365994540408946,-0.15423878380625167,-0.0008563377767008876,-0.379281529680628,0,70,255.0,255.0,255.0
1236,61.800000000000004,55.30556163503883,-0.23599788989670134,-27.322708855323647,-0.07227400401815141,2.4412930863971553e-05,-0.4558503730948113,-0.13328289578641908,-0.0006391792182176383,-0.3907552324759737,0,70,255.0,255.0,255.0
1237,61.85,55.3017900628382,-0.2359973777414482,-27.345994598728478,-0.07841425160697628,-2.1170660848284023e-06,-0.47567497728849245,-0.11232700776658949,-0.00042202065973442,-0.4022289352713178,0,70,255.0,255.0,255.0
1238,61.900000000000006,55.29773767311814,-0.2359979206378444,-27.370285914471495,-0.08350670479481037,-1.7789135109469492e-05,-0.49607326662194373,-0.09137111974675691,-0.00020486210125117074,-0.4137026380666635,0,70,255.0,255.0,255.0
1239,61.95,55.293456855598734,-0.23599897568949374,-27.39561148680967,-0.08755136358165226,-2.2603276209947316e-05,-0.5170452410951594,-0.0704152317269273,1.2296457232047653e-05,-0.4251763408620076,0,70,255.0,255.0,255.0
1240,62.0,55.289,-0.236,-27.422,-0.09054822796750271,-1.6559489386264825e-05,-0.5385909007081421,-0.04945934370709748,0.00022945501571526594,-0.43665004365735083,0,70,255.0,255.0,255.0
1241,62.050000000000004,55.284409025713856,-0.23600056540047482,-27.44947141327765,-0.09312551764115101,-6.541425109878007e-06,-0.5601867441511742,-0.05363224323882589,0.00017126755534017257,-0.4271836940638605,0,70,255.0,255.0,255.0
1242,62.1,55.27968397081961,-0.2360007026320613,-27.47801078579046,-0.09591145229138535,5.6726614775309e-07,-0.5813092701145288,-0.057805142770553715,0.00011308009496508748,-0.41771734447037145,0,70,255.0,255.0,255.0
1243,62.150000000000006,55.27481440306843,-0.23600055716341034,-27.507594451664442,-0.0989060319182065,4.766584386630485e-06,-0.6019584785982118,-0.06197804230228213,5.489263458999412e-05,-0.4082509948768811,0,70,255.0,255.0,255.0
1244,62.2,55.26978989021151,-0.23600027446317293,-27.538198745025618,-0.10210925652161361,6.0565296067529915e-06,-0.6221343696022176,-0.06615094183400995,-3.2948257850909824e-06,-0.3987846452833921,0,70,255.0,255.0,255.0
1245,62.25,55.2646,-0.236,-27.5698,-0.10552112610160712,4.437101808121408e-06,-0.6418369431265489,-0.07032384136573733,-6.148228616017609e-05,-0.38931829568990395,0,70,255.0,255.0,255.0
1246,62.300000000000004,55.25923666210576,-0.23599984850139935,-27.602376691565766,-0.10899992541721588,1.7527695755404801e-06,-0.6611946503005112,-0.06882813125860138,-4.589100314305187e-05,-0.3849899912685199,0,70,255.0,255.0,255.0
1247,62.35,55.253701253883364,-0.2359998117303066,-27.635915858109705,-0.11240393922746737,-1.5199850618395445e-07,-0.6803359422534015,-0.06733242115146564,-3.0299720125929864e-05,-0.38066168684713647,0,70,255.0,255.0,255.0
1248,62.400000000000006,55.2479975146081,-0.23599985070851412,-27.67040667887076,-0.11573316753236253,-1.2772024370524386e-06,-0.6992608189852253,-0.06583671104432967,-1.4708437108805642e-05,-0.3763333824257524,0,70,255.0,255.0,255.0
1249,62.45,55.24212918355523,-0.23599992645781448,-27.705838333087872,-0.11898761033190043,-1.6228422170646507e-06,-0.7179692804959773,-0.06434100093719393,8.828459083163578e-07,-0.372005078004369,0,70,255.0,255.0,255.0
1250,62.5,55.2361,-0.236,-27.7422,-0.12216726762608156,-1.1889178462208055e-06,-0.7364613267856601,-0.06284529083005752,1.647412892543837e-05,-0.367676773582982,0,70,255.0,255.0,255.0
1251,62.550000000000004,55.22991392586312,-0.23600004059392768,-27.779480220459302,-0.12525878069000532,-4.6965319228391344e-07,-0.7546986546467866,-0.06081523172688222,1.229645723203486e-05,-0.36181634086201575,0,70,255.0,255.0,255.0
1252,62.6,55.22357581364692,-0.23600005044671227,-27.81766498177075,-0.12824879079876988,4.0727876982727406e-08,-0.7726429608718623,-0.0587851726237072,8.118785538631939e-06,-0.3559559081410503,0,70,255.0,255.0,255.0
1253,62.650000000000006,55.21709073849916,-0.23600004000253305,-27.856739632852552,-0.13113729795237608,3.422253615792624e-07,-0.7902942454608921,-0.0567551135205319,3.941113845228426e-06,-0.3500954754200841,0,70,255.0,255.0,255.0
1254,62.7,55.2104637755676,-0.23600001970556922,-27.8966895226229,-0.13392430215082315,4.3483926150560547e-07,-0.8076525084138712,-0.05472505441735688,-2.36557848174493e-07,-0.3442350426991187,0,70,255.0,255.0,255.0
1255,62.75,55.2037,-0.236,-27.9375,-0.13660980339411147,3.185695767618146e-07,-0.8247177497308019,-0.05269499531418176,-4.414229541577412e-06,-0.33837460997814883,0,70,255.0,255.0,255.0
1256,62.800000000000004,55.196803634441764,-0.23599998912288983,-27.97915682659706,-0.13924495182281216,1.2584319359517337e-07,-0.8415147311123423,-0.05271094183383638,-3.294825785087579e-06,-0.3335046452834083,0,70,255.0,255.0,255.0
1257,62.85,55.189775491528955,-0.23599998648284418,-28.021647414807322,-0.1418808975774952,-1.0913001746955982e-08,-0.8580682142591433,-0.052726888353491,-2.1754220285979056e-06,-0.3286346805886684,0,70,255.0,255.0,255.0
1258,62.900000000000006,55.18261553139525,-0.23599998928135354,-28.064959589719066,-0.14451764065816133,-9.169900926461226e-08,-0.8743781991712096,-0.05274283487314562,-1.0560182721080729e-06,-0.32376471589392786,0,70,255.0,255.0,255.0
1259,62.95,55.17532371417437,-0.23599999471990862,-28.109081176420535,-0.14715518106480982,-1.1651482895777268e-07,-0.8904446858485365,-0.052758781392800234,6.338548438160059e-08,-0.318894751199188,0,70,255.0,255.0,255.0
1260,63.0,55.1679,-0.236,-28.154,-0.14979351879744107,-8.53604608264527e-08,-0.9062676742911265,-0.05277472791245508,1.1827892408712728e-06,-0.31402478650444987,0,70,255.0,255.0,255.0
1261,63.050000000000004,55.16034513636981,-0.23600000291451287,-28.199703673152484,-0.152385412018685,-3.3719582096780065e-08,-0.9218344209038486,-0.0509010009372931,8.828459083154566e-07,-0.3086450780043802,0,70,255.0,255.0,255.0
1262,63.1,55.15266302023728,-0.23600000362191098,-28.24617895899997,-0.15488361889117047,2.9241300050963345e-09,-0.937132182091565,-0.04902727396213139,5.829025757596829e-07,-0.30326536950431127,0,70,255.0,255.0,255.0
1263,63.150000000000006,55.14485833591984,-0.2360000028720526,-28.293412408271223,-0.1572881394148982,2.457067547918692e-08,-0.9521609578542801,-0.047153546986969413,2.829592432038666e-07,-0.29788566100424163,0,70,255.0,255.0,255.0
1264,63.2,55.13693576773493,-0.23600000141479618,-28.341390571694983,-0.1595989735898675,3.122005432548551e-08,-0.9669207481919897,-0.045279820011807706,-1.698408935190703e-08,-0.2925059525041727,0,70,255.0,255.0,255.0
1265,63.25,55.1289,-0.236,-28.3901,-0.16181612141607868,2.2872266543996303e-08,-0.9814115531046957,-0.04340609303664533,-3.1692742190768086e-07,-0.28712624400410025,0,70,255.0,255.0,255.0
1266,63.300000000000004,55.12075502007899,-0.23599999921905862,-28.439526880793036,-0.163981400102433,9.035134791946908e-09,-0.9956115852722777,-0.04320505441751997,-2.3655784817424778e-07,-0.28087504269912567,0,70,255.0,255.0,255.0
1267,63.35,55.11250202752194,-0.23599999902951185,-28.48965594919281,-0.16613662685783073,-7.835182734293814e-10,-1.0094990573746088,-0.04300401579839463,-1.561882744408261e-07,-0.2746238413941519,0,70,255.0,255.0,255.0
1268,63.400000000000006,55.10414152492539,-0.23599999923043583,-28.54047157719608,-0.16828180168227252,-6.58369265213535e-09,-1.023073969411693,-0.042802977179269265,-7.5818700707393e-08,-0.26837264008917733,0,70,255.0,255.0,255.0
1269,63.45,55.095674014885894,-0.23599999962090648,-28.591958136799555,-0.17041692457575772,-8.365388344169359e-09,-1.0363363213835268,-0.04260193856014392,4.550873026028649e-09,-0.2621214387842036,0,70,255.0,255.0,255.0
1270,63.5,55.0871,-0.236,-28.6441,-0.1725419955382867,-6.128605349532502e-09,-1.0492861132901121,-0.042400899941019254,8.49204467594504e-08,-0.2558702374792343,0,70,255.0,255.0,255.0
1271,63.550000000000004,55.07842038331422,-0.2360000002092526,-28.69688240367541,-0.17463298757162624,-2.420957071007568e-09,-1.0619752380070726,-0.04123878139255462,6.338548438153433e-08,-0.25169475119914253,0,70,255.0,255.0,255.0
1272,63.6,55.069637669674954,-0.2360000002600415,-28.75029404422881,-0.17666587367754225,2.0994308862117482e-10,-1.0744555884100269,-0.04007666284409016,4.185052200362133e-08,-0.24751926491905132,0,70,255.0,255.0,255.0
1273,63.650000000000006,55.06075476437859,-0.2360000002062041,-28.804324482944516,-0.17864065385603528,1.7640951293544717e-09,-1.0867271644989782,-0.03891454429562553,2.031555962570526e-08,-0.24334377863895953,0,70,255.0,255.0,255.0
1274,63.7,55.051774572721484,-0.2360000001015778,-28.85896328110681,-0.18055732810710484,2.241499051191884e-09,-1.0987899662739231,-0.03775242574716107,-1.2194027522077362e-09,-0.23916829235886836,0,70,255.0,255.0,255.0
1275,63.75,55.0427,-0.236,-28.9142,-0.18241589643075118,1.642154854133704e-09,-1.1106439937348638,-0.03659030719869616,-2.2754365130120745e-08,-0.23499280607877893,0,70,255.0,255.0,255.0
1276,63.800000000000004,55.03353384666412,-0.23599999994393095,-28.97002350450536,-0.1842226496110162,6.486934920833612e-10,-1.122247462699437,-0.03567982001189761,-1.6984089351889585e-08,-0.22914595250411288,0,70,255.0,255.0,255.0
1277,63.85,55.024278493778226,-0.23599999993032209,-29.026419873891967,-0.185983878431941,-5.625408105531937e-11,-1.1335585889852755,-0.03476933282509919,-1.1213813573659243e-08,-0.22329909892944766,0,70,255.0,255.0,255.0
1278,63.900000000000006,55.01493621756025,-0.23599999994474777,-29.083374491025907,-0.18769958289352615,-4.726878652825383e-10,-1.144577372592382,-0.03385884563830065,-5.443537795428084e-09,-0.21745224535478164,0,70,255.0,255.0,255.0
1279,63.95,55.00550929422819,-0.2359999999727823,-29.14087273877323,-0.18936976299577113,-6.006078605981761e-10,-1.1553038135207538,-0.03294835845150223,3.2673798280225935e-10,-0.21160539178011642,0,70,255.0,255.0,255.0
1280,64.0,54.996,-0.236,-29.1989,-0.19099441873867615,-4.400140670023148e-10,-1.1657379117703928,-0.032037871264702256,6.097013761032597e-09,-0.20575853820545298,0,70,255.0,255.0,255.0
1281,64.05,54.98641063002928,-0.23600000001502366,-29.25744197830318,-0.1925724139843013,-1.7381689732590904e-10,-1.1758989111951372,-0.031081938560307262,4.5508730260242375e-09,-0.20068143878434902,0,70,255.0,255.0,255.0
1282,64.10000000000001,54.97674355521216,-0.23600000001867014,-29.316485660203337,-0.19410261259470712,1.507323560012586e-11,-1.1858060556488292,-0.030126005855912002,3.0047322910154394e-09,-0.19560433936324365,0,70,255.0,255.0,255.0
1283,64.15,54.967001165380395,-0.23600000001480478,-29.37601835295189,-0.19558501456989277,1.2665633177568245e-10,-1.1954593451314635,-0.02917007315151701,1.4585915560070804e-09,-0.1905272399421397,0,70,255.0,255.0,255.0
1284,64.2,54.95718585036576,-0.23600000000729296,-29.436027363800292,-0.19701961990985864,1.6093239120082552e-10,-1.2048587796430423,-0.02821414044712202,-8.754917900127892e-11,-0.18545014052103576,0,70,255.0,255.0,255.0
1285,64.25,54.9473,-0.236,-29.4965,-0.1984064286146048,1.1790141387555497e-10,-1.2140043591835659,-0.02725820774272658,-1.6336899140096389e-09,-0.18037304109992824,0,70,255.0,255.0,255.0
1286,64.3,54.937345233218764,-0.23599999999597443,-29.55742378228191,-0.19979169445184738,4.657409722015448e-11,-1.222908892520034,-0.028152425746978776,-1.219402752206543e-09,-0.17580829235881187,0,70,255.0,255.0,255.0
1287,64.35000000000001,54.92732008537314,-0.23599999999499732,-29.61878708529473,-0.20122167118930293,-4.038861345103831e-12,-1.2315851884194484,-0.029046643751231224,-8.051155904033293e-10,-0.1712435436176942,0,70,255.0,255.0,255.0
1288,64.4,54.91722232091815,-0.23599999999603305,-29.68057849716658,-0.20269635882697074,-3.393746182019117e-11,-1.240033246881805,-0.029940861755483418,-3.908284286002334e-10,-0.16667879487657783,0,70,255.0,255.0,255.0
1289,64.45,54.907049704308776,-0.23599999999804586,-29.74278660602562,-0.2042157573648511,-4.3121704205124924e-11,-1.2482530679071053,-0.030835079759735613,2.345873320286253e-11,-0.16211404613546146,0,70,255.0,255.0,255.0
1290,64.5,54.8968,-0.236,-29.8054,-0.2057798668029441,-3.159158849990509e-11,-1.25624465149535,-0.03172929776398736,4.377458950059583e-10,-0.1575492973943451,0,70,255.0,255.0,255.0
1291,64.55,54.8864724370957,-0.23600000000107862,-29.86840689256917,-0.20730080820833147,-1.2479491554708865e-11,-1.2639855187247095,-0.029108358451510535,3.2673798280193406e-10,-0.15208539178005362,0,70,255.0,255.0,255.0
1292,64.60000000000001,54.87607210329526,-0.23600000000134047,-29.931793998617803,-0.2086907026480954,1.082209780289524e-12,-1.2714531906733566,-0.02648741913903296,2.1573007059787825e-10,-0.1466214861657606,0,70,255.0,255.0,255.0
1293,64.65,54.86560555094698,-0.23600000000106292,-29.995547658381835,-0.20994955012223504,9.093515505082373e-12,-1.2786476673412868,-0.023866479826556132,1.0472215839385398e-10,-0.14115758055146915,0,70,255.0,255.0,255.0
1294,64.7,54.85507933239913,-0.2360000000005236,-30.059654212097243,-0.21107735063075087,1.1554425619674326e-11,-1.2855689487285027,-0.021245540514079304,-6.2857538101702726e-12,-0.13569367493717768,0,70,255.0,255.0,255.0
1295,64.75,54.8445,-0.236,-30.1241,-0.21207410417364284,8.464940124065388e-12,-1.2922170348350042,-0.018624601201601587,-1.1729366601419442e-10,-0.130229769322888,0,70,255.0,255.0,255.0
1296,64.8,54.833873018398464,-0.23599999999971094,-30.1888710474414,-0.21300507271485972,3.343868998680985e-12,-1.2985730325811056,-0.01861414044707579,-8.754917900119332e-11,-0.1240101405211778,0,70,255.0,255.0,255.0
1297,64.85000000000001,54.8231995014458,-0.23599999999964083,-30.25395212023412,-0.21393551821835055,-2.899777760542686e-13,-1.3046180488871228,-0.018603679692549988,-5.780469198818377e-11,-0.11779051171946585,0,70,255.0,255.0,255.0
1298,64.9,54.81247947529392,-0.2359999999997152,-30.31932766930612,-0.21486544068411487,-2.4366002001383084e-12,-1.3103520837530531,-0.01859321893802419,-2.8060204975182682e-11,-0.11157088291775566,0,70,255.0,255.0,255.0
1299,64.95,54.801712966094684,-0.23599999999985968,-30.384982145585415,-0.21579484011215289,-3.0959982735723755e-12,-1.3157751371788977,-0.01858275818349839,1.6842820378184303e-12,-0.10535125411604547,0,70,255.0,255.0,255.0
1300,65.0,54.7909,-0.236,-30.4509,-0.2167237165024646,-2.268171996356473e-12,-1.320887209164657,-0.018572297428971263,3.142876905081955e-11,-0.09913162531433528,0,70,255.0,255.0,255.0
1301,65.05,54.78004108931046,-0.23600000000007745,-30.517066517665214,-0.21762290093218473,-8.959844400150786e-13,-1.3257383509508986,-0.01739507975983463,2.3458733202839344e-11,-0.09491404613534538,0,70,255.0,255.0,255.0
1302,65.10000000000001,54.7691386909215,-0.23600000000009622,-30.583470320445787,-0.2184632244784482,7.770132392754814e-14,-1.3303786137781923,-0.016217862090697664,1.548869735485687e-11,-0.09069646695635426,0,70,255.0,255.0,255.0
1303,65.15,54.75819574787733,-0.2360000000000763,-30.650100864393732,-0.21924468714125464,6.528852954708539e-13,-1.334807997646535,-0.015040644421561033,7.518661506876662e-12,-0.08647888777736436,0,70,255.0,255.0,255.0
1304,65.2,54.747215203222105,-0.23600000000003757,-30.716947605561117,-0.21996728892060421,8.295674746151714e-13,-1.3390265025559285,-0.013863426752424402,-4.513743411035457e-13,-0.08226130859837444,0,70,255.0,255.0,255.0
1305,65.25,54.7362,-0.236,-30.784,-0.220631029816497,6.07747861360502e-13,-1.3430341285063723,-0.012686209083286881,-8.42141018908375e-12,-0.07804372941938276,0,70,255.0,255.0,255.0
1306,65.3,54.72515302435972,-0.23599999999997923,-30.85124688189772,-0.22123932355642997,2.400687613793284e-13,-1.3467935636152863,-0.011645540514033229,-6.2857538101640316e-12,-0.07233367493718955,0,70,255.0,255.0,255.0
1307,65.35000000000001,54.71407693486815,-0.2359999999999742,-30.918674597982804,-0.2217955838679004,-2.082751965592436e-14,-1.3502674960000918,-0.010604871944779281,-4.150097431243706e-12,-0.06662362045499473,0,70,255.0,255.0,255.0
1308,65.4,54.702974333196735,-0.23599999999997953,-30.986268873119005,-0.222299810750908,-1.749409817451079e-13,-1.3534559256607863,-0.00956420337552563,-2.014441052323987e-12,-0.06091356597280152,0,70,255.0,255.0,255.0
1309,65.45,54.69184782101687,-0.2359999999999899,-31.054015432170143,-0.2227520042054529,-2.2227162488831168e-13,-1.3563588525973715,-0.008523534806271979,1.2121532659573146e-13,-0.05520351149060832,0,70,255.0,255.0,255.0
1310,65.5,54.6807,-0.236,-31.1219,-0.2231521642315351,-1.6281944908553537e-13,-1.3589762768098468,-0.007482866237017216,2.25687170551545e-12,-0.04949345700840624,0,70,255.0,255.0,255.0
1311,65.55,54.66953321325065,-0.23600000000000554,-31.189908354743874,-0.22351580484204864,-6.429060550223516e-14,-1.3613113945879598,-0.0070627581835246,1.6842820378167824e-12,-0.043911254116118986,0,70,255.0,255.0,255.0
1312,65.60000000000001,54.658348769605844,-0.2360000000000069,-31.258026487623066,-0.22385844004988764,5.608754696149098e-15,-1.363367402221459,-0.006642650130031864,1.1116923701179518e-12,-0.03832905122383015,0,70,255.0,255.0,255.0
1313,65.65,54.647147719335706,-0.23600000000000546,-31.326240443130292,-0.22418006985505187,4.687863150957764e-14,-1.3651442997103433,-0.0062225420765392465,5.391027024192841e-13,-0.0327468483315429,0,70,255.0,255.0,255.0
1314,65.7,54.63593111271038,-0.23600000000000268,-31.394536265758344,-0.2244806942575415,5.951902493807442e-14,-1.3666420870546132,-0.00580243402304663,-3.348696527938376e-14,-0.027164645439255647,0,70,255.0,255.0,255.0
1315,65.75,54.6247,-0.236,-31.4629,-0.2247603132573565,4.352993498163948e-14,-1.3678607642542686,-0.005382325969553348,-6.06076632978051e-13,-0.021582442546964842,0,70,255.0,255.0,255.0
1316,65.8,54.613455722637674,-0.23599999999999852,-31.53131809912675,-0.22500145707540817,1.709366062961224e-14,-1.3688248580328992,-0.004263426752514851,-4.513743411030987e-13,-0.016981308598254946,0,70,255.0,255.0,255.0
1317,65.85000000000001,54.60220078670847,-0.23599999999999813,-31.59977865152501,-0.22518665593260798,-1.6074991286720374e-15,-1.369558895114094,-0.003144527535476036,-2.966720492281024e-13,-0.012380174649543744,0,70,255.0,255.0,255.0
1318,65.9,54.59093798946042,-0.23599999999999854,-31.66827015435988,-0.22531590982895583,-1.2573544293202726e-14,-1.3700628754978537,-0.0020256283184375396,-1.4196975735315007e-13,-0.0077790407008338485,0,70,255.0,255.0,255.0
1319,65.95,54.579670128141586,-0.23599999999999927,-31.7367811047965,-0.22538921876445175,-1.5804474863986245e-14,-1.3703367991841775,-0.000906729101399043,1.2732534521802179e-14,-0.0031779067521239546,0,70,255.0,255.0,255.0
1320,66.0,54.5684,-0.236,-31.8053,-0.2254065827390957,-1.130029084102258e-14,-1.370380666173066,0.00021217011563967603,1.674348263967546e-13,0.0014232271965788357,0,70,255.0,255.0,255.0
1321,66.05,54.55713029619863,-0.23600000000000035,-31.873814448749105,-0.22537436685635692,-4.084037016213804e-15,-1.3701411732804187,0.001076465193910576,1.2121532659561286e-13,0.008156488509312582,0,70,255.0,255.0,255.0
1322,66.10000000000001,54.54586328356026,-0.23600000000000046,-31.94230850627696,-0.22529893621970462,8.212418185390805e-16,-1.3695650173221345,0.0019407602721817215,7.499582679445796e-14,0.014889749822048243,0,70,255.0,255.0,255.0
1323,66.15,54.53460112282256,-0.23600000000000032,-32.010765339430236,-0.22518029082913876,3.41554566323329e-15,-1.368652198298214,0.0028050553504526217,2.8776326993316206e-14,0.02162301113478199,0,70,255.0,255.0,255.0
1324,66.2,54.52334597472324,-0.2360000000000001,-32.07916811505568,-0.22501843068465938,3.698874517870536e-15,-1.3674027162086566,0.0036693504287235216,-1.7443172807825534e-14,0.028356272447515735,0,70,255.0,255.0,255.0
1325,66.25,54.5121,-0.236,-32.1475,-0.22481335578626643,1.6712283824508335e-15,-1.3658165710534624,0.0045336455069944215,-6.366267260896729e-14,0.03508953376024593,0,70,255.0,255.0,255.0
1326,66.3,54.50086549256776,-0.236,-32.215745705876806,-0.2245570754991684,-7.575125647570263e-16,-1.3639864488454365,0.005717565976926785,-3.348696527935263e-14,0.03811535456079778,0,70,255.0,255.0,255.0
1327,66.35000000000001,54.48964527905048,-0.23600000000000002,-32.28389612336722,-0.2242415991885737,-1.6774681454842864e-15,-1.3620050355973823,0.006901486446859486,-3.3112579497294046e-15,0.04114117536135049,0,70,255.0,255.0,255.0
1328,66.4,54.4784423192493,-0.23600000000000013,-32.351943687919224,-0.22386692685448242,-1.0886383597304231e-15,-1.359872331309301,0.00808540691679185,2.6864449379885245e-14,0.04416699616190235,0,70,255.0,255.0,255.0
1329,66.45,54.46725957296542,-0.23600000000000013,-32.41988083498081,-0.22343305849689457,1.0089767925040858e-15,-1.3575883359811922,0.009269327386724214,5.70401567094999e-14,0.047192816962454205,0,70,255.0,255.0,255.0
1330,66.5,54.4561,-0.236,-32.4877,-0.22293999411581006,4.615377311219244e-15,-1.3551530496130562,0.010453247856656578,8.721586403911456e-14,0.05021863776300073,0,70,255.0,255.0,255.0
1331,66.55,54.4449661335303,-0.23599999999999968,-32.55539152774366,-0.22241333114692932,7.114087275241907e-15,-1.3524410313377864,0.010613270898574258,1.2732534521797686e-14,0.05826209324779715,0,70,255.0,255.0,255.0
1332,66.60000000000001,54.43385880023784,-0.23599999999999932,-32.622937400254216,-0.22187866702595255,5.888630763398062e-15,-1.3493268402882759,0.010773293940491984,-6.175079499554036e-14,0.06630554873259586,0,70,255.0,255.0,255.0
1333,66.65,54.422778400180235,-0.23599999999999915,-32.690317508892925,-0.22133600175288004,9.39007775688404e-16,-1.3458104764645262,0.010933316982409664,-1.3623412451285724e-13,0.07434900421739228,0,70,255.0,255.0,255.0
1334,66.7,54.41172533341509,-0.23599999999999932,-32.757511745021084,-0.22078533532771163,-7.734781687886886e-15,-1.3418919398665372,0.011093340024327346,-2.1071745403017407e-13,0.0823924597021887,0,70,255.0,255.0,255.0
1335,66.75,54.4007,-0.236,-32.8245,-0.22022666775044733,-2.013273762732781e-14,-1.3375712304943077,0.011253363066245692,-2.85200783547491e-13,0.09043591518699756,0,70,255.0,255.0,255.0
1336,66.8,54.389703573311046,-0.23600000000000124,-32.891264183148536,-0.2196135999130754,-2.7698836536210605e-14,-1.3329694258034472,0.013269350428632906,-1.744317280783813e-14,0.09363627244743479,0,70,255.0,255.0,255.0
1337,66.85000000000001,54.37874031999816,-0.23600000000000254,-32.95779427561597,-0.2188997327075839,-2.1877054908107964e-14,-1.3282076032495633,0.015285337791020693,2.503144379318908e-13,0.09683662970787293,0,70,255.0,255.0,255.0
1338,66.9,54.36781528002976,-0.2360000000000032,-33.02408227650912,-0.21808506613397324,-2.6673927430231947e-15,-1.323285762832659,0.017301325153407904,5.180720486715436e-13,0.10003698696831016,0,70,255.0,255.0,255.0
1339,66.95,54.356933493374235,-0.2360000000000026,-33.09012018493484,-0.21716960019224318,2.9930149959043455e-14,-1.3182039045527327,0.019317312515795118,7.858296594111964e-13,0.1032373442287474,0,70,255.0,255.0,255.0
1340,67.0,54.3461,-0.236,-33.1559,-0.21615333488239383,7.591557319809199e-14,-1.312962028409785,0.021333299878182777,1.0535872701508493e-12,0.10643770148918819,0,70,255.0,255.0,255.0
1341,67.05,54.335318773225524,-0.2359999999999953,-33.22141253966218,-0.21510026920076847,1.0368125886960051e-13,-1.3074892654484878,0.020789327386833797,5.704015670955479e-14,0.11247281696270656,0,70,255.0,255.0,255.0
1342,67.10000000000001,54.32458951976951,-0.23599999999999044,-33.28664389728197,-0.2140744021437103,8.16195888690338e-14,-1.3017147467135133,0.020245354895484666,-9.39506956732023e-13,0.11850793243622665,0,70,255.0,255.0,255.0
1343,67.15,54.31391087970074,-0.23599999999998797,-33.35157898507065,-0.21307573371121982,9.730563196404334e-15,-1.2956384722048642,0.019701382404135687,-1.9360540701733175e-12,0.12454304790974502,0,70,255.0,255.0,255.0
1344,67.2,54.30328149308799,-0.2359999999999903,-33.41620271523956,-0.21210426390329684,-1.1198581814828701e-13,-1.2892604419225395,0.019157409912786708,-2.9326011836146124e-12,0.1305781633832634,0,70,255.0,255.0,255.0
1345,67.25,54.2927,-0.236,-33.4805,-0.21115999271994126,-2.8352955516504014e-13,-1.2825806558665385,0.01861343742143773,-3.929148297055905e-12,0.1366132788567871,0,70,255.0,255.0,255.0
1346,67.3,54.28216613378686,-0.23600000000001753,-33.544456058202734,-0.21017732328379946,-3.870261989421914e-13,-1.275617512402566,0.020693340024236943,-2.1071745403038006e-13,0.14191245970212385,0,70,255.0,255.0,255.0
1347,67.35000000000001,54.27168400092379,-0.2360000000000356,-33.608057335256234,-0.20909065871751736,-3.0460130056802714e-13,-1.2683894098963249,0.022773242627036748,3.5077133889962014e-12,0.14721164054746208,0,70,255.0,255.0,255.0
1348,67.4,54.26125880116729,-0.2360000000000449,-33.67129058320834,-0.20789999902109563,-3.625486004259418e-14,-1.2608963483478186,0.024853145229835963,7.226144232021726e-12,0.15251082139279884,0,70,255.0,255.0,255.0
1349,67.45,54.25089573427385,-0.2360000000000361,-33.73414255410697,-0.2066053441945339,4.1801312263410445e-13,-1.2531383277570458,0.026933047832635178,1.0944575075047251e-11,0.15781000223813557,0,70,255.0,255.0,255.0
1350,67.5,54.2406,-0.236,-33.7966,-0.20520669423783225,1.0582026474620685e-12,-1.245115348124006,0.029012950435435725,1.4663005918072776e-11,0.16310918308347233,0,70,255.0,255.0,255.0
1351,67.55,54.23037589162702,-0.23599999999993454,-33.858649627526866,-0.2037584376640538,1.4444235368991652e-12,-1.2368246849412048,0.028917312515705135,7.858296594119707e-13,0.16851734422859513,0,70,255.0,255.0,255.0
1352,67.60000000000001,54.22022407653533,-0.23599999999986712,-33.92027796169318,-0.20231496298626148,1.1367856134030752e-12,-1.2282636137011451,0.028821674595974518,-1.3091346599252777e-11,0.17392550537371945,0,70,255.0,255.0,255.0
1353,67.65,54.210144315630124,-0.23599999999983243,-33.98147148209603,-0.20087627020445611,1.352888769739729e-13,-1.2194321344038315,0.028726036676243925,-2.6968522857913582e-11,0.17933366651884225,0,70,255.0,255.0,255.0
1354,67.7,54.20013636981661,-0.23599999999986515,-34.0422166683326,-0.19944235931863727,-1.5600666723881299e-12,-1.2103302470492616,0.028630398756513336,-4.084569911657439e-11,0.18474182766396505,0,70,255.0,255.0,255.0
1355,67.75,54.1902,-0.236,-34.1025,-0.19801323032880494,-3.949281034683234e-12,-1.200957951637436,0.02853476083678319,-5.472287537523519e-11,0.19014998880908784,0,70,255.0,255.0,255.0
1356,67.8,54.18033589970506,-0.23600000000024426,-34.16230783168978,-0.19653292606005965,-5.390667948654469e-12,-1.1913077478326282,0.030677409913032527,-2.9326011836174995e-12,0.1958581633832502,0,70,255.0,255.0,255.0
1357,67.85000000000001,54.17054849293489,-0.2360000000004959,-34.221626017971126,-0.1949454893375014,-4.2425411530442715e-12,-1.1813721352991091,0.032820058989282475,4.885767300801491e-11,0.2015663379574142,0,70,255.0,255.0,255.0
1358,67.9,54.1608431363122,-0.23600000000062535,-34.28044028840756,-0.19325092016113116,-5.049006478532983e-13,-1.1711511140368849,0.03496270806553181,1.0064794719963259e-10,0.20727451253157655,0,70,255.0,255.0,255.0
1359,67.95,54.151225186459676,-0.23600000000050325,-34.338736372562664,-0.1914492185309484,5.822253566918415e-12,-1.1606446840459528,0.03710535714178115,1.524382213912503e-10,0.2129826871057389,0,70,255.0,255.0,255.0
1360,68.0,54.1417,-0.236,-34.3965,-0.18954038444695323,1.4738921491270866e-11,-1.1498528453263122,0.03924800621803137,2.0422849558286795e-10,0.2186908616799066,0,70,255.0,255.0,255.0
1361,68.05,54.13227170955277,-0.2359999999990883,-34.453717445713984,-0.18759785809568735,2.011824825771871e-11,-1.1388083237283588,0.038453047832609055,1.0944575075058008e-11,0.2230900022382568,0,70,255.0,255.0,255.0
1362,68.10000000000001,54.1229395517251,-0.23599999999814922,-34.51037716642239,-0.185695079663692,1.583337899877402e-11,-1.1275438451024846,0.037658089447186516,-1.823393454328069e-10,0.22748914279660828,0,70,255.0,255.0,255.0
1363,68.15,54.113701539121074,-0.23599999999766602,-34.56646816427378,-0.18383204915096835,1.884313714439216e-12,-1.116059409448696,0.0368631310617642,-3.7562326594061686e-10,0.23188828335495848,0,70,255.0,255.0,255.0
1364,68.2,54.10455568434469,-0.23599999999812188,-34.621979441416784,-0.1820087665575158,-2.1728947595285535e-11,-1.10435501676699,0.03606817267634188,-5.689071864484268e-10,0.2362874239133087,0,70,255.0,255.0,255.0
1365,68.25,54.0955,-0.236,-34.6769,-0.18022523188333436,-5.500640493040023e-11,-1.0924306670573665,0.03527321429091956,-7.621911069562365e-10,0.24068656447165893,0,70,255.0,255.0,255.0
1366,68.3,54.08653406208389,-0.2360000000034025,-34.731218385454284,-0.17838764155715434,-7.508232508222036e-11,-1.0802589572539734,0.038230398756286164,-4.0845699116614525e-11,0.24618182766409302,0,70,255.0,255.0,255.0
1367,68.35000000000001,54.07766370016468,-0.23600000000690707,-34.784921316339414,-0.17640219200770538,-5.909097484205176e-11,-1.067812484290955,0.041187583221653605,6.804997087232126e-10,0.2516770908565287,0,70,255.0,255.0,255.0
1368,68.4,54.0688963072035,-0.23600000000871044,-34.83799505449739,-0.17426888323498865,-7.032354209903545e-12,-1.0550912481683186,0.044144767687020206,1.4018451165628346e-09,0.25717235404896277,0,70,255.0,255.0,255.0
1369,68.45,54.06023927616156,-0.23600000000700921,-34.89042586177025,-0.1719877152390036,8.109353681422373e-11,-1.0420952488860602,0.04710195215238681,2.1231905244024565e-09,0.26266761724139687,0,70,255.0,255.0,255.0
1370,68.5,54.0517,-0.236,-34.9422,-0.16955868801975024,2.0528669823033003e-10,-1.0288244864441802,0.05005913661775385,2.8445359322420793e-09,0.2681628804338345,0,70,255.0,255.0,255.0
1371,68.55,54.043284042111665,-0.23599999998730167,-34.99330341246888,-0.16709157567575583,2.802110520711628e-10,-1.0152598472556953,0.04862535714202764,1.5243822139140038e-10,0.27442268710559964,0,70,255.0,255.0,255.0
1372,68.60000000000001,54.034989647616186,-0.2359999999742223,-35.04372076822002,-0.1646961523055471,2.2053052036943313e-10,-1.0013822177336178,0.04719157766630102,-2.5396594894600437e-09,0.28068249377736654,0,70,255.0,255.0,255.0
1373,68.65,54.026813232064875,-0.23599999996749205,-35.0934364177367,-0.16237241790912532,2.6245103125174977e-11,-0.9871915978779563,0.04575779819057481,-5.231757200310722e-09,0.2869423004491317,0,70,255.0,255.0,255.0
1374,68.7,54.01875121100905,-0.2359999999738412,-35.14243471150225,-0.16012037248648986,-3.026451996616093e-10,-0.9726879876887063,0.0443240187148486,-7.9238549111614e-09,0.29320210712089684,0,70,255.0,255.0,255.0
1375,68.75,54.0108,-0.236,-35.1907,-0.1579400160376407,-7.661403879909199e-10,-0.9578713871658682,0.04289023923912327,-1.0615952622012075e-08,0.2994619137926655,0,70,255.0,255.0,255.0
1376,68.8,54.00295776946943,-0.2360000000473907,-35.238217564670165,-0.15572605573975648,-1.0457618832024306e-09,-0.9427976537232219,0.04566817267625145,-5.689071864489851e-10,0.30348742391322053,0,70,255.0,255.0,255.0
1377,68.85000000000001,53.995229709370555,-0.23600000009620364,-35.284976410780565,-0.15337319877001512,-8.230311066356807e-10,-0.9275226447745435,0.04844610611338041,9.47813824911696e-09,0.3075129340337767,0,70,255.0,255.0,255.0
1378,68.9,53.987622764536965,-0.23600000012132125,-35.330966474555865,-0.15088144512841806,-9.79480582907968e-11,-0.9120463603198415,0.05122403955050859,1.9525183684680048e-08,0.31153844415433174,0,70,255.0,255.0,255.0
1379,68.95,53.98014387980224,-0.2360000000976259,-35.37617769222078,-0.14825079481496456,1.1294872618322131e-09,-0.8963688003591122,0.05400197298763676,2.9572229120243138e-08,0.31556395427488676,0,70,255.0,255.0,255.0
1380,69.0,53.9728,-0.236,-35.4206,-0.1454812478296547,2.8592748537333495e-09,-0.8804899648923548,0.05677990642476538,3.961927455580623e-08,0.3195894643954418,0,70,255.0,255.0,255.0
1381,69.05,53.9655968800106,-0.2359999998231355,-35.46422232885044,-0.14264420136522832,3.9028364807385596e-09,-0.8643495378514332,0.05670195215229624,2.1231905244045492e-09,0.32602761724145385,0,70,255.0,255.0,255.0
1382,69.10000000000001,53.95853551490158,-0.23599999964096308,-35.50702958865778,-0.13981105261442459,3.071593906173289e-09,-0.8478872031682065,0.05662399787982707,-3.537289350700779e-08,0.3324657700874678,0,70,255.0,255.0,255.0
1383,69.15,53.95161570978726,-0.23599999954722287,-35.5490056840399,-0.1369818015772451,3.655471300380111e-10,-0.8311029608426838,0.056546043607357925,-7.286897753840948e-08,0.3389039229334799,0,70,255.0,255.0,255.0
1384,69.2,53.944837269781964,-0.2359999996356551,-35.59013451961467,-0.1341564482536891,-4.2153038476672466e-09,-0.8139968108748605,0.056468089334888776,-1.1036506156981117e-07,0.345342075779492,0,70,255.0,255.0,255.0
1385,69.25,53.9382,-0.236,-35.6304,-0.1313349926437566,-1.0670959026942477e-08,-0.7965687532647366,0.056390135062419855,-1.4786114560121284e-07,0.3517802286255014,0,70,255.0,255.0,255.0
1386,69.3,53.931704310488165,-0.23600000066006718,-35.669786719928084,-0.1284811387993207,-1.4565584039751806e-08,-0.7788601948710762,0.0577640187150224,-7.923854911169208e-09,0.35656210712095404,0,70,255.0,255.0,255.0
1387,69.35000000000001,53.925353031023114,-0.236000001339944,-35.708282034588365,-0.12555859077225384,-1.1463344518057477e-08,-0.7609125425526382,0.05913790236762534,1.3201343577891424e-07,0.36134398561640807,0,70,255.0,255.0,255.0
1388,69.4,53.919149596313986,-0.23600000168978721,-35.74587398928461,-0.12256734856255767,-1.3642404618612468e-09,-0.7427257963094325,0.06051178602022789,2.7195072646895787e-07,0.3661258641118607,0,70,255.0,255.0,255.0
1389,69.45,53.9130974410699,-0.2360000013597536,-35.78255062932056,-0.11950741217023139,1.5731728128836766e-08,-0.7242999561414541,0.061885669672830435,4.118880171590015e-07,0.3709077426073134,0,70,255.0,255.0,255.0
1390,69.5,53.9072,-0.236,-35.8183,-0.11637878159527497,3.982456125403656e-08,-0.7056350220487032,0.06325955332543332,5.51825307849045e-07,0.3756896211027714,0,70,255.0,255.0,255.0
1391,69.55,53.90146027803675,-0.23599999753659573,-35.85310999143723,-0.11320724343745407,5.435949967826867e-08,-0.6867216826642631,0.06360197298740977,2.9572229120272172e-08,0.38084395427487316,0,70,255.0,255.0,255.0
1392,69.60000000000001,53.895879561005984,-0.23599999499926094,-35.88696787298879,-0.11001858429653344,4.278178416605661e-08,-0.6675506266212126,0.06394439264938633,-4.926808496086491e-07,0.38599828744697645,0,70,255.0,255.0,255.0
1393,69.65,53.89045870495682,-0.2359999936936282,-35.91986075882171,-0.1068128041725149,5.091414717406964e-09,-0.6481218539195623,0.0642868123113628,-1.014933928337422e-06,0.39115262061907824,0,70,255.0,255.0,255.0
1394,69.7,53.88519856593844,-0.23599999492533033,-35.9517757631031,-0.10358990306539752,-5.8711608667679846e-08,-0.628435364559307,0.06462923197333925,-1.5371870070661946e-06,0.3963069537911801,0,70,255.0,255.0,255.0
1395,69.75,53.8801,-0.236,-35.9827,-0.10034988097518134,-1.4862728598920375e-07,-0.6084911585404466,0.06497165163531549,-2.0594400857949673e-06,0.4014612869632801,0,70,255.0,255.0,255.0
1396,69.8,53.87516417736483,-0.2360000091935498,-36.012620514322975,-0.09707388745092187,-2.0287241467332286e-07,-0.5882850744718786,0.06606808933507079,-1.103650615699198e-07,0.40678207577948117,0,70,255.0,255.0,255.0
1397,69.85000000000001,53.87039352495299,-0.23600001866301226,-36.04152407345651,-0.09374307204167369,-1.59663792146169e-07,-0.567812950962495,0.0671645270348264,1.8387099626556816e-06,0.41210286459568374,0,70,255.0,255.0,255.0
1398,69.9,53.865790783858735,-0.23600002353569982,-36.06939737542855,-0.09035743474743867,-1.9001418407766697e-08,-0.5470747880123068,0.0682609647345817,3.7877849868807287e-06,0.4174236534118848,0,70,255.0,255.0,255.0
1399,69.95,53.86135869517633,-0.23600001893892492,-36.09622711826706,-0.08691697556821591,2.1911470654188237e-07,-0.5260705856213088,0.06935740243433698,5.736860011105777e-06,0.4227444422280859,0,70,255.0,255.0,255.0
1400,70.0,53.8571,-0.236,-36.122,-0.08342169450400538,5.546845827027784e-07,-0.5048003437895008,0.07045384013409217,7.685935035330824e-06,0.4280652310442843,0,70,255.0,255.0,255.0
1401,70.05,53.853017412503945,-0.23599996568920498,-36.14670235127085,-0.07987320675883137,7.571301590150227e-07,-0.4832420194482106,0.07148566967287641,4.1188801715940765e-07,0.43426774260737167,0,70,255.0,255.0,255.0
1402,70.10000000000001,53.84911353918206,-0.23599993034868993,-36.170319033185194,-0.07627312753671713,5.958733844186193e-07,-0.46137356952875985,0.07251749921166092,-6.862159001014078e-06,0.4404702541704609,0,70,255.0,255.0,255.0
1403,70.15,53.84539095960822,-0.23599991216357238,-36.192834539464094,-0.07262145683766467,7.09142589136598e-08,-0.43919499403116086,0.07354932875044516,-1.4136206019185494e-05,0.44667276573354825,0,70,255.0,255.0,255.0
1404,70.2,53.84185225335625,-0.23599992931896988,-36.21423336382867,-0.06891819466167302,-8.177472174998497e-07,-0.41670629295540756,0.07458115828922939,-2.141025303735691e-05,0.4528752772966357,0,70,255.0,255.0,255.0
1405,70.25,53.8385,-0.236,-36.2345,-0.06516334100874216,-2.0701110448219097e-06,-0.3939074663014999,0.07561298782801351,-2.8684300055528328e-05,0.4590777888597226,0,70,255.0,255.0,255.0
1406,70.3,53.835336572619404,-0.2360001280496302,-36.253620480593604,-0.06136928551371606,-2.825648221386768e-06,-0.3708908477352325,0.0761492319730394,-1.5371870070677112e-06,0.4615869537910274,0,70,255.0,255.0,255.0
1407,70.35000000000001,53.83236351831876,-0.23600025994222792,-36.27158699380275,-0.05754841781143756,-2.2238297455283076e-06,-0.3477487709223932,0.07668547611806542,2.5609926041400624e-05,0.4640961187223329,0,70,255.0,255.0,255.0
1408,70.4,53.82958217770839,-0.23600032781001054,-36.288393266715076,-0.053700737901908865,-2.6465561724687244e-07,-0.32448123586299527,0.0772217202630913,5.275703908986124e-05,0.4666052836536377,0,70,255.0,255.0,255.0
1409,70.45,53.826993891398686,-0.23600026378519545,-36.30403302641827,-0.04982624578512888,3.051874163457517e-06,-0.3010882425570321,0.07775796440811718,7.990415213832185e-05,0.4691144485849425,0,70,255.0,255.0,255.0
1410,70.5,53.8246,-0.236,-36.3185,-0.04592494146109759,7.72575959658486e-06,-0.2775697910045037,0.07829420855314306,0.00010705126518678247,0.4716236135162486,0,70,255.0,255.0,255.0
1411,70.55,53.82240269701842,-0.23599952211227418,-36.3317829263547,-0.04194565118640467,1.0545462726532047e-05,-0.2536265896108953,0.08087740243458269,5.736860011111412e-06,0.48610444222814075,0,70,255.0,255.0,255.0
1412,70.60000000000001,53.820407587542924,-0.23599902988239832,-36.34385059160383,-0.03783720121763859,8.299445597694612e-06,-0.22895934678168525,0.08346059631602305,-9.557754516458846e-05,0.500585270940037,0,70,255.0,255.0,255.0
1413,70.65,53.818621129558224,-0.2359987765963854,-36.354666793675605,-0.033599591554801696,9.877082100738297e-07,-0.20356806251688753,0.08604379019746267,-0.00019689195034025954,0.5150660996519292,0,70,255.0,255.0,255.0
1414,70.7,53.817049781049015,-0.23599901554024827,-36.36419533049826,-0.029232822197892812,-1.138974943633023e-05,-0.1774527368164953,0.0886269840789023,-0.0002982063555159306,0.5295469283638213,0,70,255.0,255.0,255.0
1415,70.75,53.8157,-0.236,-36.3724,-0.024736893146911965,-2.883292734151753e-05,-0.15061336968050842,0.09121017796034209,-0.0003995207606916016,0.5440277570757137,0,70,255.0,255.0,255.0
1416,70.8,53.8145750393069,-0.2360017835012731,-36.37926221398759,-0.020304109740670182,-3.9356202684741414e-05,-0.12410679382119975,0.08610115828933922,-2.141025303737797e-05,0.5162352772966933,0,70,255.0,255.0,255.0
1417,70.85000000000001,53.81366533150954,-0.23600362052817875,-36.38483383978194,-0.016126777317977382,-3.097395264525014e-05,-0.09898984195083509,0.0809921386183349,0.0003567002546169531,0.48844279751766484,0,70,255.0,255.0,255.0
1418,70.9,53.812958104058715,-0.2360045658044479,-36.38918435858249,-0.012204895878835931,-3.686177223048443e-06,-0.07526251406942872,0.07588311894733203,0.0007348107622711766,0.4606503177386444,0,70,255.0,255.0,255.0
1419,70.95,53.812440584405266,-0.23600367405381134,-36.3923832515887,-0.00853846542324461,4.2507123581863375e-05,-0.05292481017697327,0.07077409927632917,0.0011129212699254004,0.4328578379596239,0,70,255.0,255.0,255.0
1420,71.0,53.8121,-0.236,-36.3945,-0.005127485951203416,0.00010760594976948525,-0.031976730273468784,0.06566507960532633,0.0014910317775796234,0.4050653581806035,0,70,255.0,255.0,255.0
1421,71.05,53.81191874575395,-0.23599334388263346,-36.39563381769494,-0.002261909850874317,0.0001468793480124336,-0.014202235104333423,0.04895796440784414,7.99041521384004e-05,0.3059144485848514,0,70,255.0,255.0,255.0
1422,71.10000000000001,53.811859886418915,-0.2359864880048866,-36.396002849268434,-0.00023168951041882243,0.0001155963649833059,-0.001385285414982446,0.03225084921035719,-0.0013312234733032237,0.20676353898907104,0,70,255.0,255.0,255.0
1423,71.15,53.81188165420691,-0.235982960185823,-36.39585497199444,0.0009631750701619137,1.3757000682119872e-05,0.006474118794576853,0.01554373401287499,-0.002742351098744447,0.10761262939331889,0,70,255.0,255.0,255.0
1424,71.2,53.811942281329934,-0.23598628824450624,-36.39543806314697,0.001322683890868588,-0.00015863874489112324,0.009375977524348829,-0.0011633811846072095,-0.00415347872418567,0.008461719797566714,0,70,255.0,255.0,255.0
1425,71.25,53.812,-0.236,-36.395,0.0008468369517012033,-0.00040159087173642345,0.007320290774333479,-0.017870496382089384,-0.005564606349626892,-0.09068918979818537,0,70,255.0,255.0,255.0
1426,71.3,53.81202277767729,-0.23602484096819296,-36.39473931523263,0.00011974914412396233,-0.000548161189364993,0.0032677342384771772,-0.011213015921001908,-0.00029820635551622374,-0.07141307163607594,0,70,255.0,255.0,255.0
1427,71.35000000000001,53.8120175228148,-0.23605042745227472,-36.39465716314435,-0.0002744646403989885,-0.0004314115072879735,0.0001789836107255506,-0.00455553545991254,0.004968193638595942,-0.052136953473961044,0,70,255.0,255.0,255.0
1428,71.4,53.81200087911364,-0.23606359345226,-36.394705353439754,-0.0003358044018674253,-5.134182550543126e-05,-0.0019459611089196463,0.002101945001174936,0.01023459363270661,-0.03286083531185162,0,70,255.0,255.0,255.0
1429,71.45,53.81198949027499,-0.23605117296816353,-36.394835695823446,-6.427014028150685e-05,0.0005920478559826295,-0.003107099920459425,0.00875942546226241,0.015500993626817276,-0.013584717149742187,0,70,255.0,255.0,255.0
1430,71.5,53.812,-0.236,-36.395,0.0005401381443587663,0.0014987575371762085,-0.0033044328238937873,0.015416905923349888,0.020767393620927943,0.005691401012367231,0,70,255.0,255.0,255.0
1431,71.55,53.81204134353685,-0.23590729224459459,-36.39515292137454,0.0010149132743529502,0.0020457654094475385,-0.0027087018495937313,0.0035740992764185502,0.0011129212699264937,0.018137837959636364,0,70,255.0,255.0,255.0
1432,71.60000000000001,53.81209162232189,-0.23581180218601439,-36.395260498154165,0.0008975480720004834,0.0016100496641685883,-0.0014906490279298194,-0.008268707370516153,-0.01854155108108054,0.030584274906909032,0,70,255.0,255.0,255.0
1433,71.65,53.81212122933851,-0.23576266600513687,-36.39529161424654,0.00018804253730143232,0.00019161030133960522,0.00034972564109725596,-0.02011151401744749,-0.03819602343208199,0.043030711854178165,0,70,255.0,255.0,255.0
1434,71.7,53.81210055757008,-0.2358090198828396,-36.39521515355928,-0.0011136033297441512,-0.0022095526790393933,0.002812422157487752,-0.031954320664378824,-0.05785049578308345,0.0554771488014473,0,70,255.0,255.0,255.0
1435,71.75,53.812,-0.236,-36.395,-0.0030073895291362683,-0.00559343927696841,0.005897440521241671,-0.043797127311310136,-0.07750496813408488,0.06792358574871643,0,70,255.0,255.0,255.0
1436,71.8,53.81178064817529,-0.23638439005342854,-36.39459459926923,-0.006051402241532892,-0.009938900448424898,0.010831073159900001,-0.07796338118456173,-0.09631347872418448,0.12942171979762804,0,70,255.0,255.0,255.0
1437,71.85000000000001,53.811366387897614,-0.2370095638036677,-36.39386564423897,-0.010803727647593592,-0.015224787149387946,0.018839612501006454,-0.11212963505782302,-0.11512198931428944,0.19091985384655713,0,70,255.0,255.0,255.0
1438,71.9,53.8106718035323,-0.23792254252719244,-36.392659389574085,-0.017264365747315664,-0.021451099379854555,0.029923058544556472,-0.1462958889310746,-0.13393049990438904,0.25241798789546877,0,70,255.0,255.0,255.0
1439,71.95,53.80961147944466,-0.23917034750047814,-36.390822089939476,-0.025433316540700218,-0.028617837139826092,0.04408141129055189,-0.18046214280432618,-0.15273901049448868,0.31391612194438034,0,70,255.0,255.0,255.0
1440,72.0,53.8081,-0.2408,-36.3882,-0.03531058002774726,-0.03672500042930255,0.06131467073899273,-0.21462839667757772,-0.1715475210845881,0.3754142559932919,0,70,255.0,255.0,255.0
1441,72.05,53.80606726376199,-0.24282954754169098,-36.38466948154853,-0.04597730430813203,-0.04403416361574648,0.07981640921007713,-0.21204057453783742,-0.12081900637318575,0.3646552828501261,0,70,255.0,255.0,255.0
1442,72.10000000000001,53.803504426087635,-0.2451611425993156,-36.380227324889944,-0.05651463748153277,-0.04880690106662144,0.0977801990240083,-0.20945275239809638,-0.07009049166176899,0.3538963097069572,0,70,255.0,255.0,255.0
1443,72.15,53.80041795653229,-0.24766796388609397,-36.374900427457085,-0.06692257954794348,-0.051043212781924696,0.11520604018077601,-0.2068649302583561,-0.01936197695036665,0.34313733656379136,0,70,255.0,255.0,255.0
1444,72.2,53.796814324651294,-0.25022319011524824,-36.36871568668281,-0.0772011305073672,-0.05074309876165799,0.1320939326803855,-0.20427710811861577,0.03136653776103568,0.3323783634206255,0,70,255.0,255.0,255.0
1445,72.25,53.7927,-0.2527,-36.3617,-0.0873502903598039,-0.04790655900582131,0.14844387652283667,-0.20168928597887548,0.08209505247243831,0.32161939027745956,0,70,255.0,255.0,255.0
1446,72.3,53.78807829677676,-0.2549790197798068,-36.35387307453662,-0.09755938052588983,-0.042980445088587754,0.16468728999980614,-0.20667432066458458,0.11494950421691497,0.32811714880135656,0,70,255.0,255.0,255.0
1447,72.35000000000001,53.782939907751846,-0.25697066579907196,-36.34522585620125,-0.1080177224262642,-0.03641160858412837,0.1812555914029752,-0.2116593553502951,0.14780395596140097,0.3346149073252554,0,70,255.0,255.0,255.0
1448,72.4,53.77727237033855,-0.25859280192843304,-36.33574210059756,-0.11872531606092106,-0.028200049492446866,0.19814878073233444,-0.21664439003600422,0.18065840770587765,0.34111266584915234,0,70,255.0,255.0,255.0
1449,72.45,53.77106322195018,-0.2597632920385294,-36.32540556332925,-0.12968216142986339,-0.018345767813541622,0.2153668579878885,-0.22162942472171332,0.2135128594503543,0.34761042437304934,0,70,255.0,255.0,255.0
1450,72.5,53.7643,-0.2604,-36.3142,-0.14088825853309114,-0.006848763547412653,0.2329098231696374,-0.22661445940742264,0.2463673111948309,0.35410818289694546,0,70,255.0,255.0,255.0
1451,72.55,53.75697074913101,-0.260418373339081,-36.302111020304956,-0.15231317358837784,0.00643594397009514,0.2506664307906738,-0.23038214280407132,0.285020989505511,0.3561561219445508,0,70,255.0,255.0,255.0
1452,72.60000000000001,53.749065542904994,-0.259724194204398,-36.28913165030506,-0.1639264728135003,0.02165333540314143,0.26852543536409557,-0.23414982620072108,0.32367466781620213,0.3582040609921568,0,70,255.0,255.0,255.0
1453,72.65,53.740574962113485,-0.25822082840017463,-36.27525677015267,-0.17572815620845192,0.03880341075171756,0.2864868368898925,-0.23791750959736976,0.36232834612688225,0.36025200003976215,0,70,255.0,255.0,255.0
1454,72.7,53.73148958754798,-0.25581164173063425,-36.26048126000019,-0.1877182237732359,0.057886170015827604,0.3045506353680697,-0.24168519299401847,0.40098202443756237,0.3622999390873676,0,70,255.0,255.0,255.0
1455,72.75,53.7218,-0.2524,-36.2448,-0.19989667550785237,0.07890161319547152,0.32271683079862723,-0.24545287639066715,0.4396357027482426,0.36434787813497316,0,70,255.0,255.0,255.0
1456,72.8,53.711497106699234,-0.24789068686386942,-36.22820764424353,-0.21224392512058288,0.1017646692082021,0.3409989868375142,-0.248437108118581,0.47488653776103223,0.3669383634205455,0,70,255.0,255.0,255.0
1457,72.85000000000001,53.700573120628164,-0.24219415738333458,-36.210697942578506,-0.2247403863197126,0.1263902669715793,0.3594106671406849,-0.25142133984649573,0.5101373727738319,0.36952884870611846,0,70,255.0,255.0,255.0
1458,72.9,53.689020581207494,-0.2352222844708668,-36.192264418791716,-0.23738605910523453,0.15277840648558913,0.3779518717081291,-0.2544055715744096,0.5453882077866214,0.3721193339916908,0,70,255.0,255.0,255.0
1459,72.95,53.67683202785788,-0.22688694103893256,-36.17290059666996,-0.25018094347715214,0.18092908775023836,0.39662260053985193,-0.2573898033023234,0.5806390427994111,0.37470981927726305,0,70,255.0,255.0,255.0
1460,73.0,53.664,-0.2171,-36.1526,-0.26312503943546545,0.21084231076552695,0.4154228536358533,-0.2603740350302366,0.6158898778122008,0.3773003045628327,0,70,255.0,255.0,255.0
1461,73.05,53.65051682407207,-0.20577167920544318,-36.13135520272092,-0.2762311259292678,0.24261737919708887,0.4344096218592472,-0.2638694247218869,0.6551128594503484,0.3821704243729667,0,70,255.0,255.0,255.0
1462,73.10000000000001,53.63637397458233,-0.19280557626225678,-36.1091549793809,-0.2895119819076564,0.276353596710568,0.4536398960731533,-0.26736481441353827,0.6943358410885071,0.3870405441831021,0,70,255.0,255.0,255.0
1463,73.15,53.621562713056555,-0.1781036337163527,-36.085987154680424,-0.30296760737062384,0.31205096330594495,0.4731136762775606,-0.2708602041051886,0.7335588227266546,0.3919106639932361,0,70,255.0,255.0,255.0
1464,73.2,53.60607430102053,-0.16156779411363226,-36.06183955331997,-0.31659800231817375,0.34970947898322924,0.4928309624724747,-0.27435559379683894,0.7727818043648023,0.39678078380337006,0,70,255.0,255.0,255.0
1465,73.25,53.5899,-0.1431,-36.0367,-0.3304031667503061,0.3893291437424208,0.5127917546578954,-0.2778509834884888,0.8120047860029525,0.4016509036135032,0,70,255.0,255.0,255.0
1466,73.3,53.573029197012495,-0.12260499631436207,-36.01055954487281,-0.3444955711623671,0.43074181400343126,0.5328025257254224,-0.2858451929939833,0.8445020244375596,0.39877993908762405,0,70,255.0,255.0,255.0
1467,73.35000000000001,53.555443781042506,-0.09999873756762377,-35.9834221398979,-0.358987686049707,0.4737793461861844,0.5526697485666612,-0.2938394024994801,0.876999262872176,0.39590897456174406,0,70,255.0,255.0,255.0
1468,73.4,53.53712376656627,-0.07519998066371138,-35.95529496248658,-0.3738795114123175,0.5184417402906558,0.5723934231816002,-0.3018336120049746,0.9094965013067831,0.3930380100358649,0,70,255.0,255.0,255.0
1469,73.45,53.51804916806002,-0.048127482506532294,-35.92618519005018,-0.38917104725020274,0.5647289963168576,0.5919735495702455,-0.3098278215104691,0.9419937397413902,0.39016704550998577,0,70,255.0,255.0,255.0
1470,73.5,53.4982,-0.0187,-35.8961,-0.40486229356336273,0.6126411142647896,0.6114101277325966,-0.31782203101596496,0.9744909781759903,0.3872960809841084,0,70,255.0,255.0,255.0
1471,73.55,53.477564787877945,0.013143664462884013,-35.86505621778785,-0.42044258942131457,0.6609753647891717,0.6301242752391256,-0.3053898033021441,0.9588790427994066,0.3612698192770909,0,70,255.0,255.0,255.0
1472,73.60000000000001,53.456166101247625,0.04738452653277634,-35.8331092610275,-0.4354012738935795,0.7085290185447383,0.6475371096603084,-0.2929575755883197,0.9432671074228185,0.335243557570066,0,70,255.0,255.0,255.0
1473,73.65,53.434035020678344,0.08398355637121606,-35.800324195373236,-0.4497383469801492,0.7553020755314619,0.6636486309961354,-0.2805253478744988,0.9276551720462349,0.3092172958630486,0,70,255.0,255.0,255.0
1474,73.7,53.41120262673937,0.1229017241397711,-35.76676608647932,-0.4634538086810278,0.8012945357493565,0.6784588392466114,-0.26809312016067793,0.9120432366696513,0.2831910341560311,0,70,255.0,255.0,255.0
1475,73.75,53.3877,0.1641,-35.7325,-0.47654765899621543,0.8465063991984219,0.691967734411737,-0.25566089244685397,0.8964313012930676,0.2571647724490127,0,70,255.0,255.0,255.0
1476,73.8,53.363566051475736,0.2075503384628148,-35.6975827839758,-0.48855007115231,0.891596726839866,0.7046683733180441,-0.22443559379695516,0.9071818043648014,0.25086078380329935,0,70,255.0,255.0,255.0
1477,73.85000000000001,53.33887101396698,0.25326863143655465,-35.662038415992065,-0.4989912183759124,0.9372245796349098,0.7170538127920689,-0.19321029514704743,0.9179323074365384,0.24455679515758424,0,70,255.0,255.0,255.0
1478,73.9,53.31369295072035,0.3012817551788729,-35.62588265602045,-0.5078711006670168,0.9833899575835275,0.7291240528338047,-0.16198499649714862,0.9286828105082723,0.23825280651187092,0,70,255.0,255.0,255.0
1479,73.95,53.288109924982486,0.35161658594746154,-35.58913126403256,-0.5151897180256264,1.0300928606857318,0.7408790934432546,-0.13075969784724978,0.9394333135800061,0.2319488178661576,0,70,255.0,255.0,255.0
1480,74.0,53.2622,0.4043,-35.5518,-0.520947070451741,1.0773332889415228,0.7523189346204191,-0.09953439919735185,0.950183816651732,0.22564482922044427,0,70,255.0,255.0,255.0
1481,74.05,53.23603900621912,0.45935498168584166,-35.51390704630901,-0.5252771259694382,1.124877727851348,0.7632982314886827,-0.07366782151054481,0.9515937397413838,0.21352704551012633,0,70,255.0,255.0,255.0
1482,74.10000000000001,53.209693842884455,0.516788947721053,-35.47548027500422,-0.5283138526027958,1.1724926629156693,0.7736716391714334,-0.04780124382373042,0.9530036628310362,0.20140926179980495,0,70,255.0,255.0,255.0
1483,74.15,53.18322917644024,0.576605422913326,-35.43654998054494,-0.5300572503518121,1.2201780941344598,0.7834391576686651,-0.02193466613692338,0.954413585920688,0.18929147808948704,0,70,255.0,255.0,255.0
1484,74.2,53.15670967333068,0.6388079320704002,-35.39714645739045,-0.5305073192164881,1.2679340215077326,0.7926007869803811,0.003931911549883663,0.95582350901034,0.1771736943791691,0,70,255.0,255.0,255.0
1485,74.25,53.1302,0.7034,-35.3573,-0.5296640591968238,1.315760445035488,0.801156527106581,0.029798489236689818,0.95723343209999,0.16505591066885295,0,70,255.0,255.0,255.0
1486,74.3,53.1037651236478,0.7703873347937995,-35.31703943078822,-0.5275094249699204,1.3637883617547264,0.8091947007272032,0.05638687983945223,0.9638832366696523,0.1564710341560564,0,70,255.0,255.0,255.0
1487,74.35000000000001,53.07747121449517,0.839784377679293,-35.27638768399103,-0.5240253712128777,1.4121487687024614,0.8168036305221879,0.0829752704422222,0.9705330412393164,0.14788615764325744,0,70,255.0,255.0,255.0
1488,74.4,53.05138474351866,0.9116077531678652,-35.23536622179975,-0.5192118979256978,1.4608416658786663,0.8239833164915304,0.1095636610449846,0.9771828458089786,0.1393012811304609,0,70,255.0,255.0,255.0
1489,74.45,53.02557218169478,0.9858740857709594,-35.19399650640565,-0.5130690051083798,1.509867053283354,0.8307337586352332,0.13615205164774702,0.9838326503786409,0.13071640461766437,0,70,255.0,255.0,255.0
1490,74.5,53.0001,1.0626,-35.1523,-0.505596692760924,1.5592249309165247,0.8370549569532962,0.1627404422505112,0.9904824549482996,0.12213152810486694,0,70,255.0,255.0,255.0
1491,74.55,52.97503489918973,1.1418004791389367,-35.11029923053814,-0.4967811741508464,1.6088168251297295,0.84288296560257,0.1898803021526146,0.9931933135800021,0.11098881786609818,0,70,255.0,255.0,255.0
1492,74.60000000000001,52.95044449913483,1.2234839415618473,-35.0680209890316,-0.48660866254566054,1.6585442622745334,0.8481538387399068,0.21702016205472568,0.9959041722117055,0.09984610762732628,0,70,255.0,255.0,255.0
1493,74.65,52.926396649485085,1.3076571644152633,-35.025493132256,-0.4750791579453723,1.7084072423509085,0.8528675763653037,0.24416002195682907,0.998615030843408,0.08870339738855752,0,70,255.0,255.0,255.0
1494,74.7,52.90295919989021,1.394326924845788,-34.982743516986936,-0.462192660349979,1.7584057653588685,0.857024178478762,0.27129988185893245,1.0013258894751105,0.07756068714978878,0,70,255.0,255.0,255.0
1495,74.75,52.8802,1.4835,-34.9398,-0.4479491697594806,1.8085398312984136,0.8606236450802821,0.2984397417610367,1.0040367481068149,0.06641797691102003,0,70,255.0,255.0,255.0
1496,74.8,52.85818727959331,1.5751843486504256,-34.89669004705924,-0.43232587842670694,1.8588803377263396,0.8636894368625317,0.3264919115499465,1.0095835090103407,0.05621369437897568,0,70,255.0,255.0,255.0
1497,74.85000000000001,52.83699078896548,1.6693926560734036,-34.85343955988251,-0.41529997860448276,1.9094981821994563,0.8662450145181799,0.3545440813388643,1.015130269913868,0.04600941184692843,0,70,255.0,255.0,255.0
1498,74.9,52.81668065854102,1.7661387891711393,-34.81007404917619,-0.3968714702928179,1.960393364717735,0.8682903780472252,0.38259625112777407,1.020677030817394,0.03580512931488408,0,70,255.0,255.0,255.0
1499,74.95,52.79732701874436,1.8654366148459187,-34.76661902564657,-0.37704035349170756,2.01156588528119,0.8698255274496682,0.41064842091668385,1.0262237917209198,0.025600846782839734,0,70,255.0,255.0,255.0
1500,75.0,52.779,1.9673,-34.7231,-0.35580662820115183,2.0630157438898213,0.870850462725509,0.43870059070559364,1.0317705526244545,0.01539656425079361,0,70,255.0,255.0,255.0
1501,75.05,52.76176798243706,2.07174132625933,-34.67954218122493,-0.33327531214232164,2.114653823964896,0.8713832869472261,0.46255205164766555,1.0337526503786398,0.0059164046178875,0,70,255.0,255.0,255.0
1502,75.10000000000001,52.74569234500323,2.1787670341446366,-34.6359695714383,-0.30955142303638095,2.166391008927694,0.8714421031872976,0.4864035125897443,1.0357347481328258,-0.0035637550150213054,0,70,255.0,255.0,255.0
1503,75.15,52.73083271635086,2.288382078900246,-34.59240587103922,-0.2846349608833434,2.2182272987781873,0.8710269114457241,0.5102549735318163,1.0377168458870112,-0.013043914647927413,0,70,255.0,255.0,255.0
1504,75.2,52.717248725132336,2.4005914157705712,-34.54887478042676,-0.25852592568320226,2.270162693516389,0.870137711722505,0.5341064344738882,1.0396989436411965,-0.02252407428083352,0,70,255.0,255.0,255.0
1505,75.25,52.705,2.5154,-34.5054,-0.23122431743595764,2.3221971931423013,0.8687745040176408,0.5579578954159603,1.0416810413953783,-0.03200423391374141,0,70,255.0,255.0,255.0
1506,75.3,52.69415039065849,2.6328183463122192,-34.46200602804107,-0.20247687300408354,2.3746643664140605,0.866889415348544,0.591939881859069,1.0570058894751062,-0.04339931285013303,0,70,255.0,255.0,255.0
1507,75.35000000000001,52.684780631021624,2.7528792073481605,-34.418720554364256,-0.17203032925004522,2.427897782089821,0.864434572732627,0.6259218683021874,1.0723307375548385,-0.05479439178652788,0,70,255.0,255.0,255.0
1508,75.4,52.67697567605552,2.8756208952279545,-34.37557206666692,-0.13988468617385993,2.4818974401695533,0.8614099761698909,0.6599038547452961,1.0876555856345664,-0.0661894707229195,0,70,255.0,255.0,255.0
1509,75.45,52.67082048072628,3.001081722071835,-34.332589052646384,-0.10603994377551935,2.5366633406532717,0.8578156256603354,0.6938858411884048,1.1029804337142943,-0.07758454965931112,0,70,255.0,255.0,255.0
1510,75.5,52.6664,3.1293,-34.2898,-0.07049610205502342,2.592195483540977,0.8536515212039603,0.7278678276315138,1.1183052817940329,-0.08897962859570097,0,70,255.0,255.0,255.0
1511,75.55,52.66381045492899,3.2603044884917534,-34.24723370661081,-0.03257719584132063,2.6479207103788474,0.8488990516586362,0.7888884209166841,1.1107037917209224,-0.10111915321727258,0,70,255.0,255.0,255.0
1512,75.60000000000001,52.66319313091027,3.394085736462847,-34.20492021110465,0.008392740036652586,2.703265862713079,0.843539605882232,0.8499090142018718,1.1031023016478096,-0.11325867783884765,0,70,255.0,255.0,255.0
1513,75.65,52.66470057942706,3.5306247401880224,-34.1628898622931,0.05241370557887293,2.758230940543638,0.8375731838747507,0.9109296074870421,1.0955008115746991,-0.12539820246041927,0,70,255.0,255.0,255.0
1514,75.7,52.668485351962566,3.6699024959421345,-34.1211730089877,0.09948570078535161,2.8128159438705422,0.8309997856361907,0.9719502007722125,1.0878993215015884,-0.13753772708199088,0,70,255.0,255.0,255.0
1515,75.75,52.6747,3.8119,-34.0798,0.14960872565608865,2.8670208726937902,0.8238194111665523,1.0329707940573838,1.0802978314284744,-0.1496772517035625,0,70,255.0,255.0,255.0
1516,75.8,52.68348538962555,3.9565804997207223,-34.03879914551571,0.20208165636936198,2.919780792070529,0.8161543780169405,1.0659464344736689,1.0300989436411996,-0.1569240742809297,0,70,255.0,255.0,255.0
1517,75.85000000000001,52.69493564533728,4.103836246800589,-33.998190601217104,0.25620336910346514,2.970030767057918,0.8081270037384579,1.0989220748899635,0.9799000558539106,-0.16417089685829891,0,70,255.0,255.0,255.0
1518,75.9,52.709133206236245,4.253541744020049,-33.95799248416067,0.31197386385836723,3.017770797655929,0.7997372883311092,1.1318977153062486,0.9297011680666358,-0.1714177194356661,0,70,255.0,255.0,255.0
1519,75.95,52.72616051142347,4.405571494159676,-33.91822291140283,0.3693931406340835,3.0630008838645764,0.7909852317948923,1.1648733557225337,0.8795022802793611,-0.17866454201303328,0,70,255.0,255.0,255.0
1520,76.0,52.7461,4.5598,-33.8789,0.428461199430614,3.1057210256838603,0.7818708341298071,1.1978489961388181,0.8293033924920721,-0.18591136459039603,0,70,255.0,255.0,255.0
1521,76.05,52.76903758656881,4.716107112625309,-33.84004251132637,0.4893865703637968,3.146252121339017,0.7723554362735667,1.23916584118863,0.7919404337142971,-0.1947045496592397,0,70,255.0,255.0,255.0
1522,76.10000000000001,52.79507308774059,4.874394076334947,-33.801671784026865,0.5523777835494882,3.1849150690552963,0.7624003791638813,1.2804826862384533,0.7545774749365116,-0.20349773472808586,0,70,255.0,255.0,255.0
1523,76.15,52.82430979562797,5.034567483731883,-33.76380980106419,0.6174348389876524,3.2217098688326753,0.7520056628007565,1.321799531288265,0.7172145161587367,-0.21229091979692954,0,70,255.0,255.0,255.0
1524,76.2,52.85685100234356,5.196533927419215,-33.726478545401015,0.6845577366783071,3.256636520671166,0.7411712871841896,1.3631163763380767,0.6798515573809617,-0.2210841048657732,0,70,255.0,255.0,255.0
1525,76.25,52.8928,5.3602,-33.6897,0.7537464766214522,3.289695024570768,0.7298972523141803,1.4044332213878858,0.6424885986031832,-0.22987728993461953,0,70,255.0,255.0,255.0
1526,76.3,52.932258664099216,5.52547024977799,-33.65349640917886,0.8249160621754487,3.320762722573386,0.71816787688877,1.4423502007721338,0.6002193215015896,-0.23929772708182212,0,70,255.0,255.0,255.0
1527,76.35000000000001,52.97532320370038,5.692241047859782,-33.61789106267541,0.8979814966986783,3.3497169567209317,0.7059674796059959,1.4802671801563925,0.557950044399984,-0.2487181642290274,0,70,255.0,255.0,255.0
1528,76.4,53.02208841125191,5.860406721052527,-33.58290751158253,0.9729427801910999,3.3765577270133895,0.6932960604658653,1.5181841595406402,0.5156807672983904,-0.25813860137623,0,70,255.0,255.0,255.0
1529,76.45,53.0726490792023,6.029861596163518,-33.548569306993116,1.0497999126527338,3.4012850334507676,0.6801536194683744,1.556101138924888,0.47341149019679674,-0.2675590385234326,0,70,255.0,255.0,255.0
1530,76.5,53.1271,6.2005,-33.5149,1.12855289408358,3.423898876033067,0.6665401566135235,1.5940181183091333,0.4311422130951925,-0.2769794756706405,0,70,255.0,255.0,255.0
1531,76.55,53.18553735703432,6.372216688262673,-33.481922251958224,1.2092851809343652,3.4444249883674294,0.6525090561714267,1.635273355722455,0.3899022802793619,-0.2842645420132631,0,70,255.0,255.0,255.0
1532,76.60000000000001,53.248062897457956,6.544908132226092,-33.449655165271466,1.29208022965584,3.4628891040610057,0.6381137024121947,1.6765285931357887,0.34866234746351954,-0.29154960835588783,0,70,255.0,255.0,255.0
1533,76.65,53.31477975936442,6.718471232058122,-33.41811695260561,1.3769380402479579,3.479291223113785,0.6233540953358355,1.7177838305491104,0.30742241464768894,-0.29883467469851044,0,70,255.0,255.0,255.0
1534,76.7,53.38579108084725,6.892802887926771,-33.38732582662651,1.4638586127107414,3.493631345525773,0.6082302349423453,1.7590390679624321,0.26618248183185833,-0.30611974104113304,0,70,255.0,255.0,255.0
1535,76.75,53.4612,7.0678,-33.3573,1.5528419470441908,3.505909471296969,0.5927421212317239,1.8002943053757487,0.22494254901600286,-0.3134048073837583,0,70,255.0,255.0,255.0
1536,76.80000000000001,53.541107107763516,7.243360597171311,-33.328058582988255,1.6437352140870605,3.516193323956895,0.5768358984254827,1.8354363763382073,0.18641155738094048,-0.3228441048657434,0,70,255.0,255.0,255.0
1537,76.85000000000001,53.62560280646785,7.419387223236024,-33.29962427623868,1.7363855846780267,3.524550627035065,0.5604577107451469,1.870578447300656,0.14788056574588904,-0.3322834023477258,0,70,255.0,255.0,255.0
1538,76.9,53.714774951290444,7.595783550715101,-33.27202067799498,1.8307930588171153,3.530981380531483,0.543607558190712,1.9057205182631045,0.10934957411083761,-0.3417226998297082,0,70,255.0,255.0,255.0
1539,76.95,53.80871139740869,7.772453252129456,-33.24527138650085,1.9269576365043264,3.535485584446148,0.5262854407621781,1.940862589225553,0.07081858247578618,-0.35116199731169057,0,70,255.0,255.0,255.0
1540,77.0,53.9075,7.9493,-33.2194,2.02487931773966,3.5380632387790607,0.508491358459545,1.9760046601879964,0.03228759084070276,-0.36060129479367475,0,70,255.0,255.0,255.0
1541,77.05000000000001,54.011235011911715,8.126224123052276,-33.194429816088736,2.124941962717503,3.538513715804998,0.4902433501266173,2.0265011389248215,-0.0142685098032252,-0.3693190385232674,0,70,255.0,255.0,255.0
1542,77.10000000000001,54.12003627667071,8.303112574829992,-33.17038292977378,2.2275294316321586,3.536636387798739,0.4715594546072152,2.0769976176616325,-0.060824610447139923,-0.3780367822528576,0,70,255.0,255.0,255.0
1543,77.15,54.234030035473864,8.479848965081592,-33.14728113541445,2.3326417244836546,3.532431254760284,0.45243967190133366,2.1274940963984434,-0.10738071109105465,-0.38675452598244775,0,70,255.0,255.0,255.0
1544,77.2,54.35334252951802,8.656316903555465,-33.12514622737009,2.440278841271991,3.525898316689634,0.43288400200897265,2.1779905751352544,-0.1539368117349694,-0.3954722697120379,0,70,255.0,255.0,255.0
1545,77.25,54.4781,8.8324,-33.104,2.5504407819971675,3.5170375735867876,0.4128924449301321,2.2284870538720654,-0.20049291237889477,-0.40419001344162986,0,70,255.0,255.0,255.0
1546,77.30000000000001,54.608405644589766,9.007964510619827,-33.08386135265679,2.661744935043055,3.504807812823108,0.39263870106805393,2.2236790679624354,-0.28869751816817,-0.40595974104131155,0,70,255.0,255.0,255.0
1547,77.35000000000001,54.7442704868494,9.182807277444184,-33.06473760466619,2.77280868879343,3.488167821769969,0.37229647082599754,2.2188710820528064,-0.3769021239574202,-0.40772946864099274,0,70,255.0,255.0,255.0
1548,77.4,54.88568250681416,9.356707788958646,-33.046633180347186,2.883632043248323,3.4671176004273683,0.35186575420395705,2.2140630961431778,-0.4651067297466704,-0.409499196240674,0,70,255.0,255.0,255.0
1549,77.45,55.03262968451929,9.529445533648742,-33.029552504018795,2.994214998407735,3.441657148795305,0.3313465512019324,2.2092551102335487,-0.5533113355359206,-0.4112689238403552,0,70,255.0,255.0,255.0
1550,77.5,55.1851,9.7008,-33.0135,3.1045575542716657,3.4117864668737794,0.3107388618199238,2.20444712432392,-0.6415159413251779,-0.4130386514400377,0,70,255.0,255.0,255.0
1551,77.55000000000001,55.3430680097294,9.870559434468655,-32.99847917328408,3.213854297110428,3.378031032902537,0.290097845601126,2.167422589225559,-0.7087014175241994,-0.4126019973116838,0,70,255.0,255.0,255.0
1552,77.60000000000001,55.50645457593182,10.03854711539345,-32.98448985156145,3.3212998131942406,3.3409163251213543,0.2694786620887519,2.130398054127209,-0.7758868937232017,-0.41216534318333004,0,70,255.0,255.0,255.0
1553,77.65,55.67516713726956,10.204595079083937,-32.97153094319676,3.4268941025231365,3.3004423435302215,0.24888131128279536,2.0933735190288587,-0.843072369922204,-0.4117286890549762,0,70,255.0,255.0,255.0
1554,77.7,55.84911313240487,10.36853536184962,-32.95960135655473,3.5306371650971147,3.2566090881291387,0.22830579318325658,2.0563489839305085,-0.9102578461212064,-0.4112920349266225,0,70,255.0,255.0,255.0
1555,77.75,56.0282,10.5302,-32.9487,3.6325290009161755,3.2094165589181065,0.20775210779013542,2.0193244488321653,-0.9774433223202195,-0.4108553807982691,0,70,255.0,255.0,255.0
1556,77.80000000000001,56.21233831649285,10.689419351505785,-32.93882675420687,3.732757876515384,3.1587640555667136,0.18716191652737577,1.989830575135277,-1.0486568117350408,-0.41275226971192974,0,70,255.0,255.0,255.0
1557,77.85000000000001,56.40145120942349,10.846017060982188,-32.929985389088024,3.83151205842972,3.1045508777445945,0.16647688081893897,1.960336701438397,-1.1198703011498417,-0.41464915862558976,0,70,255.0,255.0,255.0
1558,77.9,56.595464944107725,10.999815094705715,-32.92218064686574,3.928791546659213,3.046777025451736,0.14569700066481914,1.9308428277415168,-1.1910837905646428,-0.41654604753924984,0,70,255.0,255.0,255.0
1559,77.95,56.794305785861305,11.150635418952831,-32.9154172697623,4.0245963412038614,2.985442498688137,0.12482227606501634,1.9013489540446369,-1.2622972799794439,-0.4184429364529099,0,70,255.0,255.0,255.0
1560,78.0,56.9979,11.2983,-32.9097,4.118926442063666,2.920547297453798,0.1038527070195305,1.8718550803477427,-1.3335107693942412,-0.42033982536657055,0,70,255.0,255.0,255.0
1561,78.05000000000001,57.206173124299454,11.442630359508419,-32.90503300988843,4.211738196828216,2.8520647448305287,0.0828224882893514,1.8406151102334392,-1.4057913355359206,-0.4208689238404018,0,70,255.0,255.0,255.0
1562,78.10000000000001,57.419047786374435,11.58344624067796,-32.90141819208646,4.302987953087026,2.779968163900195,0.06176581463548674,1.8093751401191445,-1.4780719016775794,-0.42139802231423296,0,70,255.0,255.0,255.0
1563,78.15,57.6364458862997,11.720566942093305,-32.89885686934027,4.392675710840121,2.704257554662779,0.04068268605793051,1.7781351700048496,-1.5503524678192382,-0.4219271207880641,0,70,255.0,255.0,255.0
1564,78.2,57.858289324149986,11.853811762339102,-32.89735036439606,4.4808014700875,2.6249329171182803,0.01957310255668273,1.7468951998905549,-1.622633033960897,-0.4224562192618952,0,70,255.0,255.0,255.0
1565,78.25,58.0845,11.983,-32.8969,4.567365230829167,2.5419942512666984,-0.0015629358682566002,1.715655229776253,-1.6949136001025558,-0.4229853177357263,0,70,255.0,255.0,255.0
1566,78.30000000000001,58.31500038630963,12.107952810460729,-32.89750680623942,4.652401336171854,2.4555529651110843,-0.022707869684819464,1.6857889839304792,-1.7627378461212122,-0.4228120349265959,0,70,255.0,255.0,255.0
1567,78.35000000000001,58.549715245079014,12.228498776306116,-32.89917064256615,4.73594412922223,2.3657204666545635,-0.043844139360919805,1.655922738084714,-1.8305620921398496,-0.4226387521174656,0,70,255.0,255.0,255.0
1568,78.4,58.78856991069362,12.344468336921155,-32.90189107577317,4.817993609980317,2.27249675589711,-0.06497174489656363,1.6260564922389487,-1.8983863381584867,-0.42246546930833534,0,70,255.0,255.0,255.0
1569,78.45,59.03148971753882,12.455691931690799,-32.90566767265346,4.898549778446115,2.175881832838725,-0.08609068629175093,1.5961902463931832,-1.9662105841771238,-0.422292186499205,0,70,255.0,255.0,255.0
1570,78.5,59.2784,12.562,-32.9105,4.977612634619626,2.075875697479409,-0.10720096354648172,1.5663240005473895,-2.034034830195761,-0.4221189036900742,0,70,255.0,255.0,255.0
1571,78.55000000000001,59.529225330462346,12.663218398648837,-32.91638856515392,5.055136458484447,1.972203394725004,-0.12835900955006252,1.5346289540447202,-2.1128572799794885,-0.4242029364529653,0,70,255.0,255.0,255.0
1572,78.60000000000001,59.783887233309734,12.7591546540977,-32.92333763764897,5.131075530024111,1.8645899694814432,-0.14962125719178185,1.5029339075420598,-2.191679729763193,-0.42628696921585574,0,70,255.0,255.0,255.0
1573,78.65,60.04230647092597,12.849611710222153,-32.93135242756707,5.2054298492386435,1.7530354217486972,-0.17098770647164566,1.4712388610393994,-2.270502179546898,-0.4283710019787462,0,70,255.0,255.0,255.0
1574,78.7,60.30440380569482,12.93439251089774,-32.94043814499011,5.278199416128043,1.6375397515267662,-0.19245835738965403,1.439543814536739,-2.3493246293306025,-0.4304550347416367,0,70,255.0,255.0,255.0
1575,78.75,60.5701,13.0133,-32.9506,5.349384230692309,1.5181029588156503,-0.2140332099458069,1.4078487680340785,-2.428147079114307,-0.43253906750452553,0,70,255.0,255.0,255.0
1576,78.80000000000001,60.83929029184132,13.086162394944052,-32.961838933144904,5.417452829890441,1.3962414559887444,-0.23545609211497381,1.3148951998905263,-2.446313033960819,-0.4243762192619564,0,70,255.0,255.0,255.0
1577,78.85000000000001,61.1117678216823,13.152909007303181,-32.97413880683796,5.480873750681375,1.2734716554195478,-0.25647083187200626,1.2219416317470004,-2.464478988807326,-0.41621337101938954,0,70,255.0,255.0,255.0
1578,78.9,61.387300205602635,13.213494422190296,-32.98747921395857,5.5396469930651335,1.1497935571080258,-0.27707742921691036,1.1289880636034746,-2.4826449436538325,-0.4080505227768227,0,70,255.0,255.0,255.0
1579,78.95,61.665655059681995,13.267873224718272,-33.001839747386114,5.593772557041715,1.0252071610541784,-0.29727588414968625,1.0360344954599487,-2.5008108985003394,-0.3998876745342559,0,70,255.0,255.0,255.0
1580,79.0,61.9466,13.316,-33.0172,5.643250442611121,0.8997124672580061,-0.3170661966703337,0.9430809273164016,-2.5189768533468477,-0.39172482629168615,0,70,255.0,255.0,255.0
1581,79.05000000000001,62.22990550217271,13.357836021575046,-33.03353970226647,5.688252221953871,0.7737107813198765,-0.33645662199010573,0.8569902463931672,-2.5210905841771925,-0.38389218649901896,0,70,255.0,255.0,255.0
1582,79.10000000000001,62.515353479961334,13.393369316689638,-33.05083913499919,5.728949467250446,0.6476034088402655,-0.355455415320239,0.7708995654699573,-2.5232043150075363,-0.376059546706354,0,70,255.0,255.0,255.0
1583,79.15,62.80272870666362,13.422594601016712,-33.06907871659867,5.7653421785008625,0.5213903498191371,-0.374062576660739,0.6848088845467475,-2.52531804583788,-0.3682269069136891,0,70,255.0,255.0,255.0
1584,79.2,63.09181595557728,13.44550659022919,-33.08823886546543,5.797430355705117,0.39507160425649174,-0.3922781060116058,0.5987182036235374,-2.5274317766682244,-0.3603942671210241,0,70,255.0,255.0,255.0
1585,79.25,63.3824,13.4621,-33.1083,5.825213998863212,0.2686471721523292,-0.41010200337283936,0.5126275227003276,-2.5295455074985673,-0.3525616273283574,0,70,255.0,255.0,255.0
1586,79.30000000000001,63.6742644994682,13.472367918755815,-33.12924305778923,5.848626282294144,0.142019418731571,-0.4275654199245946,0.4238638145367045,-2.535564629330608,-0.34597503474169483,0,70,255.0,255.0,255.0
1587,79.35000000000001,63.96718865847265,13.4762969259383,-33.151051053165304,5.867600380316888,0.015090709219246814,-0.4446995068470119,0.3351001063731066,-2.5415837511626473,-0.33938844215503416,0,70,255.0,255.0,255.0
1588,79.4,64.26095056774305,13.473871973742877,-33.173707519646776,5.8821362929314525,-0.11213895638467927,-0.46150426414009615,0.24633639820950876,-2.5476028729946867,-0.33280184956837344,0,70,255.0,255.0,255.0
1589,79.45,64.55532831800897,13.465078014364973,-33.19719599075216,5.8922340201378365,-0.23966957808020736,-0.47797969180384736,0.1575726900459109,-2.5536219948267256,-0.3262152569817128,0,70,255.0,255.0,255.0
1590,79.5,64.8501,13.4499,-33.2215,5.897893561936042,-0.36750115586733734,-0.4941257898382656,0.06880898188229878,-2.5596411166587636,-0.319628664395049,0,70,255.0,255.0,255.0
1591,79.55000000000001,65.14504529995487,13.428323503401703,-33.24660246657664,5.899210648869598,-0.4955964562463429,-0.5099056983115035,-0.01612550454008725,-2.5641708985002944,-0.3115676745343215,0,70,255.0,255.0,255.0
1592,79.60000000000001,65.43995028614832,13.400336579557163,-33.272483852339604,5.896281011482034,-0.6239182457173885,-0.5252825572917005,-0.10105999096244914,-2.5687006803418235,-0.3035066846735962,0,70,255.0,255.0,255.0
1593,79.65,65.73460262236436,13.365927904011766,-33.29912400481425,5.889104649773354,-0.7524665242805108,-0.5402563667788614,-0.185994477384811,-2.573230462183353,-0.295445694812871,0,70,255.0,255.0,255.0
1594,79.7,66.02878997238695,13.325086152310913,-33.32650277152594,5.877681563743554,-0.8812412919357092,-0.554827126772986,-0.2709289638071729,-2.577760244024882,-0.28738470495214574,0,70,255.0,255.0,255.0
1595,79.75,66.3223,13.2778,-33.3546,5.862011753392638,-1.0102425486829842,-0.5689948372740742,-0.3558634502295206,-2.5822900258664134,-0.2793237150914214,0,70,255.0,255.0,255.0
1596,79.80000000000001,66.61491590071269,13.224055667637337,-33.38339587590425,5.841827122227482,-1.1396175937463793,-0.5827797868293901,-0.451521796376547,-2.592711776668211,-0.2720742671210931,0,70,255.0,255.0,255.0
1597,79.85000000000001,66.90640299693433,13.16382955583302,-33.4128719374763,5.81685957375498,-1.2695137263498273,-0.5962022639861859,-0.5471801425235462,-2.603133527470006,-0.2648248191507669,0,70,255.0,255.0,255.0
1598,79.9,67.1965221427997,13.097095610210026,-33.44301006109623,5.78710910797513,-1.399930946493365,-0.6092622687444654,-0.6428384886705454,-2.6135552782718006,-0.2575753711804407,0,70,255.0,255.0,255.0
1599,79.95,67.48503419244335,13.023827776391355,-33.4737921231441,5.7525757248879295,-1.5308692541769924,-0.6219598011042284,-0.7384968348175446,-2.6239770290735955,-0.2503259232101145,0,70,255.0,255.0,255.0
1600,80.0,67.7717,12.944,-33.5052,5.71325942449338,-1.66232864940071,-0.6342948610654755,-0.8341551809645722,-2.6343987798753954,-0.2430764752397856,0,70,255.0,255.0,255.0
1601,80.05000000000001,68.05629429719478,12.85761382604887,-33.53721562980639,5.669992862220404,-1.7926531687682934,-0.6462711543710123,-0.8965073099540489,-2.578581994826757,-0.23597525698157804,0,70,255.0,255.0,255.0
1602,80.10000000000001,68.3386473261146,12.7647811971107,-33.569821197755225,5.623608693497968,-1.9201868488834084,-0.6578923867636354,-0.958859438943508,-2.5227652097781346,-0.22887403872337253,0,70,255.0,255.0,255.0
1603,80.15,68.61860320643706,12.665641655148082,-33.602998950800874,5.574106918326059,-2.0449296897460925,-0.6691585582433482,-1.021211567932967,-2.466948424729512,-0.221772820465167,0,70,255.0,255.0,255.0
1604,80.2,68.89600605783968,12.560334742123642,-33.636731135897676,5.521487536704678,-2.1668816913563456,-0.6800696688101509,-1.083563696922426,-2.4111316396808897,-0.21467160220696146,0,70,255.0,255.0,255.0
1605,80.25,69.1707,12.449,-33.671,5.465750548633823,-2.2860428537141675,-0.6906257184640432,-1.1459158259118993,-2.355314854632251,-0.20757038394875593,0,70,255.0,255.0,255.0
1606,80.30000000000001,69.44253971050857,12.33178662816706,-33.70578560487022,5.407529428890833,-2.4018337311806217,-0.7006955956865665,-1.1829289638071598,-2.2763202440248786,-0.1952247049520857,0,70,255.0,255.0,255.0
1607,80.35000000000001,69.71142209860754,12.208882455724092,-33.741059271502834,5.347457652253097,-2.513674878116676,-0.7101481889592537,-1.21994210170241,-2.197325633417529,-0.18287902595541897,0,70,255.0,255.0,255.0
1608,80.4,69.97725463145227,12.080484969197581,-33.77679013570032,5.285535218720598,-2.6215662945223626,-0.7189834982821074,-1.25695523959766,-2.118331022810179,-0.17053334695875225,0,70,255.0,255.0,255.0
1609,80.45,70.23994477619799,11.946791655114044,-33.81294733326521,5.221762128293338,-2.7255079803976816,-0.7272015236551278,-1.29396837749291,-2.0393364122028292,-0.1581876679620855,0,70,255.0,255.0,255.0
1610,80.5,70.4994,11.808,-33.8495,5.156138380971315,-2.825499935742634,-0.7348022650783149,-1.3309815153881743,-1.9603418015954794,-0.14584198896541967,0,70,255.0,255.0,255.0
1611,80.55000000000001,70.75552446077128,11.664303661282725,-33.88641795071274,5.088465422216159,-2.9217719065093806,-0.7418264628827081,-1.3759368348174421,-1.890537029073521,-0.13512592321024486,0,70,255.0,255.0,255.0
1612,80.60000000000001,71.00820907945547,11.515880979992806,-33.92367371623349,5.01854469748956,-3.014553638650003,-0.7483148573993407,-1.4208921542466972,-1.8207322565515827,-0.1244098574550731,0,70,255.0,255.0,255.0
1613,80.65,71.25734146775402,11.36290646806151,-33.961240506397864,4.946376206791498,-3.103845132164529,-0.7542674486282147,-1.4658474736759524,-1.750927484029644,-0.11369379169990135,0,70,255.0,255.0,255.0
1614,80.7,71.5028092373684,11.20555463742014,-33.9990915310415,4.8719599501219735,-3.1896463870529574,-0.7596842365693302,-1.5108027931052075,-1.6811227115077054,-0.10297772594472959,0,70,255.0,255.0,255.0
1615,80.75,71.7445,11.044,-34.0372,4.795295927480986,-3.271957403315289,-0.7645652212226872,-1.5557581125344768,-1.6113179389857635,-0.09226166018955873,0,70,255.0,255.0,255.0
1616,80.80000000000001,71.9823024464066,10.878418726701844,-34.075539392278884,4.716448882244541,-3.3506786427819732,-0.7689265527826002,-1.5981236969226058,-1.537531639680893,-0.08219160220692691,0,70,255.0,255.0,255.0
1617,80.85000000000001,72.21610958357084,10.708993624304528,-34.114084263563285,4.635483557788713,-3.4257105672833927,-0.7727843814433808,-1.6404892813107226,-1.4637453403760434,-0.07212154422429796,0,70,255.0,255.0,255.0
1618,80.9,72.44581549753178,10.535909158556278,-34.15280943870823,4.552399954113477,-3.49705317681957,-0.7761387072050298,-1.6828548656988394,-1.389959041071194,-0.06205148624166902,0,70,255.0,255.0,255.0
1619,80.95,72.67131427432851,10.359349795205347,-34.19168974256879,4.467198071218838,-3.564706471390504,-0.7789895300675472,-1.7252204500869563,-1.3161727417663442,-0.05198142825904007,0,70,255.0,255.0,255.0
1620,81.0,72.8925,10.1795,-34.2307,4.379877909104792,-3.628670450996196,-0.7813368500309333,-1.7675860344750731,-1.242386442461484,-0.041911370276408455,0,70,255.0,255.0,255.0
1621,81.05000000000001,73.1092665536026,9.99654383190968,-34.26981408017177,4.290427048805573,-3.6889695223628185,-0.7831233259868949,-1.8104483774928766,-1.1695764122028647,-0.029547667962041255,0,70,255.0,255.0,255.0
1622,81.10000000000001,73.32150698626141,9.810663722788906,-34.30900202951344,4.198833071355489,-3.7456280922164935,-0.7842916168271379,-1.8533107205106676,-1.096766381944266,-0.01718396564767757,0,70,255.0,255.0,255.0
1623,81.15,73.52911414211894,9.622041697713266,-34.348232938769215,4.105095976754517,-3.798646160557239,-0.7848417225516626,-1.8961730635284588,-1.0239563516856673,-0.004820263333313882,0,70,255.0,255.0,255.0
1624,81.2,73.73198086531765,9.430859781758416,-34.387475898683334,4.009215765002654,-3.8480237273850544,-0.7847736431604693,-1.9390354065462498,-0.9511463214270686,0.007543438981049803,0,70,255.0,255.0,255.0
1625,81.25,73.93,9.2373,-34.4267,3.911192436099902,-3.89376079269994,-0.7840873786535577,-1.981897749564066,-0.8783362911684733,0.019907141295415265,0,70,255.0,255.0,255.0
1626,81.30000000000001,74.12306413918328,9.041545145659189,-34.46587548703408,3.8110109225331428,-3.9358112677668524,-0.7828521432697929,-2.0253627931053932,-0.8036827115076591,0.02950227405516715,0,70,255.0,255.0,255.0
1627,81.35000000000001,74.31106487138373,8.843781084539666,-34.50497721838302,3.708656156789346,-3.9741290638507136,-0.781137151248041,-2.0688278366467086,-0.7290291318468661,0.0390974068149163,0,70,255.0,255.0,255.0
1628,81.4,74.49389353399259,8.644194450590524,-34.543981206214916,3.6041281388684836,-4.008714180951536,-0.7789424025883015,-2.1122928801880234,-0.6543755521860732,0.04869253957466546,0,70,255.0,255.0,255.0
1629,81.45,74.67144146440094,8.442971877760918,-34.58286346269787,3.497426868770556,-4.039566619069317,-0.7762678972905747,-2.1557579237293387,-0.5797219725252802,0.05828767233441462,0,70,255.0,255.0,255.0
1630,81.5,74.8436,8.2403,-34.6216,3.3885523464955627,-4.06668637820406,-0.7731136353548602,-2.1992229672706642,-0.5050683928644801,0.06788280509416467,0,70,255.0,255.0,255.0
1631,81.55000000000001,75.01029448966455,8.036368385453294,-34.66016717169195,3.2795452610615974,-4.0898974065698335,-0.7695001009339802,-2.161060450086954,-0.4233727417662691,0.07665857174100367,0,70,255.0,255.0,255.0
1632,81.60000000000001,75.17158632820383,7.83137833905223,-34.69854269695453,3.1724463014868483,-4.109023652380691,-0.7654477781807594,-2.1228979329032547,-0.3416770906680813,0.08543433838784019,0,70,255.0,255.0,255.0
1633,81.65,75.32757092191088,7.625534099924496,-34.73670463637115,3.067255467771284,-4.12406511563664,-0.7609566670951966,-2.0847354157195555,-0.2599814395698935,0.09421010503467671,0,70,255.0,255.0,255.0
1634,81.7,75.47834367707861,7.4190399071978375,-34.77463105052518,2.963972759914905,-4.135021796337679,-0.7560267676772923,-2.0465728985358558,-0.17828578847170568,0.10298587168151321,0,70,255.0,255.0,255.0
1635,81.75,75.624,7.2121,-34.8123,2.8625981779177097,-4.1418936944838105,-0.7506580799270458,-2.008410381352167,-0.09659013737349653,0.1117616383283524,0,70,255.0,255.0,255.0
1636,81.80000000000001,75.76463230215873,7.0049125125273575,-34.849689426198175,2.7629520332202353,-4.145047105953826,-0.7448434529943074,-1.9774354065458901,-0.029546321427095665,0.12082343898112928,0,70,255.0,255.0,255.0
1637,81.85000000000001,75.90032101580105,6.797651159251204,-34.886776793798894,2.6648546372631037,-4.144848326626522,-0.738575736028932,-1.946460431739622,0.037497494519286134,0.12988523963390358,0,70,255.0,255.0,255.0
1638,81.9,76.03114357836402,6.59048354971135,-34.923539448300524,2.5683059900462846,-4.141297356501898,-0.7318549290309179,-1.9154854569333537,0.10454131046566795,0.1389470402866779,0,70,255.0,255.0,255.0
1639,81.95,76.15717742728467,6.38357729344766,-34.959954735201435,2.4733060915697784,-4.134394195579955,-0.724681032000265,-1.8845104821270855,0.17158512641204976,0.14800884093945219,0,70,255.0,255.0,255.0
1640,82.0,76.2785,6.1771,-34.996,2.379854941833587,-4.124138843860693,-0.7170540449369733,-1.8535355073208066,0.2386289423584529,0.1570706415922274,0,70,255.0,255.0,255.0
1641,82.05000000000001,76.39518910170071,5.971220764436998,-35.03165192351539,2.2879746060573103,-4.110442169614861,-0.7089340870888067,-1.8216779237294232,0.309238027474709,0.16772767233436625,0,70,255.0,255.0,255.0
1642,82.10000000000001,76.50732400859208,5.766114623942742,-35.06688452784994,2.197687149460629,-4.09321504111322,-0.7002812777035354,-1.7898203401380488,0.37984711259094506,0.1783847030765021,0,70,255.0,255.0,255.0
1643,82.15,76.6149843646331,5.561958101229964,-35.10167117042678,2.108992572043516,-4.0724574583557684,-0.6910956167811575,-1.7579627565466742,0.45045619770718115,0.18904173381863792,0,70,255.0,255.0,255.0
1644,82.2,76.71824981378273,5.358927719011453,-35.1359852086691,2.021890873805971,-4.048169421342505,-0.6813771043216728,-1.7261051729552999,0.5210652828234172,0.19969876456077376,0,70,255.0,255.0,255.0
1645,82.25,76.8172,5.1572,-35.1698,1.9363820547479957,-4.020350930073429,-0.6711257403250812,-1.6942475893639202,0.5916743679396888,0.21035579530291137,0,70,255.0,255.0,255.0
1646,82.30000000000001,76.91191529103857,4.956950829724369,-35.20308927974031,1.852509542550482,-3.98904021558672,-0.6603641986504664,-1.6606528985358706,0.6607542115283551,0.22010587168158519,0,70,255.0,255.0,255.0
1647,82.35000000000001,77.00247894983075,4.758353544977616,-35.2358282948014,1.770316764894394,-3.9542755089205883,-0.649115153156921,-1.6270582077078306,0.7298340551170018,0.2298559480602562,0,70,255.0,255.0,255.0
1648,82.4,77.08897496310368,4.561580845368657,-35.26799266999235,1.6898037217797082,-3.916056810075024,-0.637378603844442,-1.5934635168797904,0.7989138987056486,0.23960602443892723,0,70,255.0,255.0,255.0
1649,82.45,77.17148731758441,4.366805430506461,-35.2995580301222,1.610970413206424,-3.874384119050028,-0.6251545507130296,-1.5598688260517504,0.8679937422942953,0.24935610081759824,0,70,255.0,255.0,255.0
1650,82.5,77.2501,4.1742,-35.3305,1.533816839174542,-3.8292574358456,-0.6124429937626836,-1.526274135223714,0.9370735858829597,0.2591061771962675,0,70,255.0,255.0,255.0
1651,82.55000000000001,77.32489613414518,3.983938316665251,-35.36079575752342,1.458291223740751,-3.7806129680382132,-0.5993371183092894,-1.4947504821272342,1.0087051264120788,0.26512884093938455,0,70,255.0,255.0,255.0
1652,82.60000000000001,77.39595539208501,3.7961983961465866,-35.39042869294448,1.3843417909618052,-3.7283869232043845,-0.5859301096687429,-1.4632268290307635,1.0803366669411774,0.2711515046824999,0,70,255.0,255.0,255.0
1653,82.65,77.46335658295226,3.6111593172952747,-35.41938374960383,1.3119685408376829,-3.672579301344102,-0.572221967841041,-1.4317031759342929,1.1519682074702762,0.27717416842561526,0,70,255.0,255.0,255.0
1654,82.7,77.52717851587968,3.4290001589626384,-35.44764587084213,1.2411714733683843,-3.613190102457364,-0.5582126928261831,-1.400179522837822,1.2235997479993748,0.2831968321687306,0,70,255.0,255.0,255.0
1655,82.75,77.5875,3.2499,-35.4752,1.171950588553909,-3.5502193265441706,-0.5439022846241696,-1.3686558697413425,1.2952312885285053,0.28921949591184326,0,70,255.0,255.0,255.0
1656,82.80000000000001,77.64440017238087,3.0740359036143685,-35.50202449016605,1.1043255624864738,-3.483787912260357,-0.5288953281123502,-1.336345172955446,1.362025282823438,0.31105876456079196,0,70,255.0,255.0,255.0
1657,82.85000000000001,77.69795948182932,2.9015768704358456,-35.528071333420705,1.0383160712583526,-3.4140167982618164,-0.512796408168088,-1.3040344761695588,1.4288192771183517,0.3328980332097345,0,70,255.0,255.0,255.0
1658,82.9,77.74825870508735,2.7326898854501187,-35.55328593159232,0.9739221148695254,-3.34090598454853,-0.4956055247913787,-1.2717237793836715,1.4956132714132655,0.35473730185867697,0,70,255.0,255.0,255.0
1659,82.95,77.79537861889692,2.5675419336429246,-35.57761368650929,0.9111436933199926,-3.264455471120498,-0.47732267798222233,-1.2394130825977843,1.5624072657081793,0.3765765705076195,0,70,255.0,255.0,255.0
1660,83.0,77.8394,2.4063,-35.601,0.8499808066097542,-3.1846652579777204,-0.4579478677406189,-1.2071023858118943,1.6292012600031107,0.39841583915656287,0,70,255.0,255.0,255.0
1661,83.05000000000001,77.88040877633146,2.2491116688770374,-35.62339268181239,0.7907425263131521,-3.102699382920266,-0.43762556924125956,-1.162428826051648,1.6494337422943073,0.414476100817626,0,70,255.0,255.0,255.0
1662,83.10000000000001,77.91851148059779,2.096046922109855,-35.64474917337275,0.7337379240045789,-3.019721883748276,-0.416500257658853,-1.117755266291414,1.669666224585498,0.4305363624786845,0,70,255.0,255.0,255.0
1663,83.15,77.95381979669838,1.947156340904136,-35.66502932402689,0.6789669996840171,-2.9357327604617263,-0.39457193299339355,-1.0730817065311804,1.6898987068766886,0.44659662413974305,0,70,255.0,255.0,255.0
1664,83.2,77.98644540853265,1.8024905064656083,-35.684192983120695,0.6264297533514668,-2.8507320130606164,-0.3718405952448813,-1.0284081467709467,1.7101311891678794,0.46265688580080155,0,70,255.0,255.0,255.0
1665,83.25,78.0165,1.6621,-35.7022,0.5761261850069282,-2.7647196415449473,-0.34830624441331604,-0.9837345870107148,1.730363671459088,0.4787171474618619,0,70,255.0,255.0,255.0
1666,83.30000000000001,78.04409352229332,1.5260406208772712,-35.71902558258438,0.527952332260715,-2.6773825560584656,-0.3248903949225477,-0.9432195228373755,1.7631197479993905,0.4579168321686583,0,70,255.0,255.0,255.0
1667,83.35000000000001,78.06932899577956,1.3943890411245796,-35.734706373088336,0.48180423272318207,-2.5884076667449936,-0.302514561196446,-0.9027044586640479,1.7958758245396835,0.4371165168754606,0,70,255.0,255.0,255.0
1668,83.4,78.09230770811911,1.2672271509332367,-35.7492943723001,0.4376818863943154,-2.4977949736045075,-0.28117874323500414,-0.8621893944907202,1.8286319010799768,0.41631620158226296,0,70,255.0,255.0,255.0
1669,83.45,78.11313094697245,1.144636840494593,-35.76284158100791,0.39558529327411496,-2.4055444766370067,-0.26088294103822207,-0.8216743303173925,1.8613879776202698,0.3955158862890653,0,70,255.0,255.0,255.0
1670,83.5,78.1319,1.0267,-35.7754,0.3555144533625808,-2.3116561758424905,-0.24162715460609982,-0.7811592661440665,1.8941440541605665,0.3747155709958683,0,70,255.0,255.0,255.0
1671,83.55000000000001,78.14871713449526,0.9134986476136958,-35.7870185878501,0.3175281446440191,-2.2161223928457496,-0.22322885106851106,-0.7382930825980563,1.9272072657081905,0.36121657050751466,0,70,255.0,255.0,255.0
1672,83.60000000000001,78.16368853628403,0.8051153133916943,-35.797734134273924,0.28168514510276826,-2.1189354492716554,-0.20550549755534508,-0.6954268990520581,1.9602704772558048,0.3477175700191649,0,70,255.0,255.0,255.0
1673,83.65,78.17692137082516,0.701632655362832,-35.8075803867727,0.24798545473881722,-2.0200953451201804,-0.18845709406659655,-0.6525607155060601,1.9933336888034192,0.33421856953081513,0,70,255.0,255.0,255.0
1674,83.7,78.18852280357754,0.6031333315559774,-35.81659109284765,0.21642907355216598,-1.919602080391325,-0.17208364060226544,-0.609694531960062,2.026396900351034,0.3207195690424654,0,70,255.0,255.0,255.0
1675,83.75,78.1986,0.5097,-35.8248,0.18701600154281445,-1.8174556550850887,-0.15638513716235183,-0.5668283484140648,2.0594601118986517,0.3072205685541156,0,70,255.0,255.0,255.0
1676,83.80000000000001,78.20725953972564,0.4214103886677949,-35.83224086601524,0.15971108916317767,-1.7139518725584015,-0.14136220080346912,-0.5253681467711577,2.0806911891678905,0.2936968858010555,0,70,255.0,255.0,255.0
1677,83.85000000000001,78.21460565908436,0.3383225053085348,-35.83894748981598,0.1344791868656936,-1.6093865361682822,-0.1270154485822436,-0.4839079451282624,2.1019222664371235,0.28017320304799925,0,70,255.0,255.0,255.0
1678,83.9,78.22074200858023,0.26048942761536686,-35.844953680609095,0.11132029465035417,-1.5037596459147011,-0.11334488049867081,-0.4424477434853671,2.1231533437063566,0.26664952029494304,0,70,255.0,255.0,255.0
1679,83.95,78.22577223871743,0.18796423328146428,-35.85029324760148,0.09023441251715941,-1.3970712017976585,-0.10035049655275079,-0.40098754184247176,2.144384420975589,0.2531258375418868,0,70,255.0,255.0,255.0
1680,84.0,78.2298,0.1208,-35.855,0.0712215404661093,-1.2893212038171544,-0.08803229674448358,-0.359527340199576,2.165615498244833,0.2396021547888304,0,70,255.0,255.0,255.0
1681,84.05000000000001,78.23292950660218,0.059070197715008016,-35.85910754808894,0.05431549870319123,-1.1792861169205013,-0.07637834571753396,-0.3167143303169934,2.2357879776202902,0.22655588628904844,0,70,255.0,255.0,255.0
1682,84.10000000000001,78.23526722737856,0.0029298653740844416,-35.86264870646217,0.03955010743440666,-1.0657424060551073,-0.06537670811557661,-0.27390132043442295,2.3059604569957277,0.21350961778927016,0,70,255.0,255.0,255.0
1683,84.15,78.23692019485385,-0.04744556582435046,-35.86565609079092,0.02692536665975049,-0.9486900712209416,-0.05502738393860816,-0.23108831055185255,2.3761329363711656,0.2004633492894919,0,70,255.0,255.0,255.0
1684,84.2,78.23799544155275,-0.09188066468185813,-35.86816231674644,0.016441276379222713,-0.8281291124180042,-0.045330373186628574,-0.1882753006692821,2.446305415746603,0.1874170807897136,0,70,255.0,255.0,255.0
1685,84.25,78.2386,-0.1302,-35.8702,0.008097836592823348,-0.7040595296462951,-0.03628567585963786,-0.14546229078671158,2.5164778951220494,0.17437081228993567,0,70,255.0,255.0,255.0
1686,84.30000000000001,78.23883923386568,-0.16230717952790674,-35.87180494162897,0.0017949160241472828,-0.5812236597594407,-0.028084416326331674,-0.10665453196027372,2.396956900351009,0.15367956904223695,0,70,255.0,255.0,255.0
1687,84.35000000000001,78.23881183140145,-0.18842196680492662,-35.87302568433533,-0.002567616603205483,-0.4643638396111721,-0.020917718955412556,-0.06784677313384688,2.277435905580003,0.13298832579454412,0,70,255.0,255.0,255.0
1688,84.4,78.23861481200437,-0.20884316431799713,-35.87391395622721,-0.004989761289237017,-0.35348006920145336,-0.01478558374687802,-0.029039014307420036,2.157914910808997,0.11229708254685128,0,70,255.0,255.0,255.0
1689,84.45,78.23834519507155,-0.22386957455404577,-35.87452148541273,-0.0054715180339473205,-0.24857234853028465,-0.009688010700728071,0.009768744519006806,2.038393916037991,0.09160583929915844,0,70,255.0,255.0,255.0
1690,84.5,78.2381,-0.2338,-35.8749,-0.004012886837336396,-0.1496406775976659,-0.005624999816962695,0.04857650334543366,1.9188729212669842,0.07091459605146566,0,70,255.0,255.0,255.0
1691,84.55000000000001,78.23795515793515,-0.23908147960342171,-35.87509988539516,-0.0018791627997670254,-0.06557924404158512,-0.002515988977126859,0.03677245815732175,1.4435844209754822,0.05344583754193949,0,70,255.0,255.0,255.0
1692,84.60000000000001,78.23790224701571,-0.24075399815440301,-35.87516615619647,-0.0003356410216037401,-0.0052822355000986115,-0.00028041606276804176,0.02496841296921318,0.9682959206841154,0.035977079032418285,0,70,255.0,255.0,255.0
1693,84.65,78.23791175712867,-0.2400057769036743,-35.8751424843002,0.0006176784971541503,0.03125034802682089,0.0010817189261147645,0.013164367781104615,0.4930074203927486,0.01850832052289708,0,70,255.0,255.0,255.0
1694,84.7,78.23795417816109,-0.2380250371019639,-35.87507254160262,0.0009807957565066468,0.04401850653917344,0.0015704159895215614,0.0013603225929960522,0.017718920101381874,0.0010395620133758776,0,70,255.0,255.0,255.0
1695,84.75,78.238,-0.236,-35.875,0.0007537107564537478,0.03302224003695899,0.001185675127452346,-0.010443722595112507,-0.4575695801899851,-0.01642919649614534,0,70,255.0,255.0,255.0
1696,84.80000000000001,78.23802573439372,-0.23487250205841578,-35.874959516790376,0.00029773517485027167,0.013044635925870553,0.0004683722347928381,-0.00779530066902239,-0.3415345842533708,-0.01226291921022845,0,70,255.0,255.0,255.0
1697,84.85000000000001,78.23803198053575,-0.2345988405774654,-35.874949690878786,-2.5819310448595275e-05,-0.0011312183883826488,-4.061679357066295e-05,-0.005146878742933026,-0.2254995883167895,-0.008096641924312744,0,70,255.0,255.0,255.0
1698,84.9,78.23802535948094,-0.2348889280673069,-35.874960106572004,-0.00021695269944300153,-0.00950532290580711,-0.00034129195763839054,-0.0024984568168436617,-0.10946459238020823,-0.003930364638397039,0,70,255.0,255.0,255.0
1699,84.95,78.23801249228408,-0.2354526770380989,-35.874980348176805,-0.0002756649921329473,-0.012077677626402855,-0.00043365325741034433,0.0001499651092457012,0.006570403556373117,0.000235912647518665,0,70,255.0,255.0,255.0
1700,85.0,78.238,-0.236,-35.875,-0.00020195618851843233,-0.008848282550169848,-0.0003177006928865246,0.002798387035335065,0.12260539949295432,0.004402189933434374,0,70,255.0,255.0,255.0
1701,85.05000000000001,78.23799310448999,-0.23630211216291522,-35.87501084744332,-7.977789965946942e-05,-0.003495299661895025,-0.0001254999620699012,0.00208874451902234,0.09151391603798992,0.003285839299228813,0,70,255.0,255.0,255.0
1702,85.10000000000001,78.23799143084128,-0.2363754395357354,-35.87501348028841,6.918263383829534e-06,0.00030310905363036683,1.0883237036400637e-05,0.0013791020027098164,0.06042243258303437,0.0021694886650235703,0,70,255.0,255.0,255.0
1703,85.15,78.23799320494756,-0.23629771082709797,-35.875010689411816,5.813230061150435e-05,0.00254694359640807,9.144890443244354e-05,0.000669459486397293,0.029330949128078806,0.001053138030818327,0,70,255.0,255.0,255.0
1704,85.2,78.23799665270256,-0.2361466547456404,-35.875005265690156,7.386421202355511e-05,0.003236203966438079,0.00011619704011822733,-4.018302991523051e-05,-0.001760534326876742,-6.321260338691594e-05,0,70,255.0,255.0,255.0
1705,85.25,78.238,-0.236,-35.875,5.411399761998152e-05,0.002370890163720406,8.512764409375239e-05,-0.0007498255462277544,-0.03285201778183229,-0.0011795632375921584,0,70,255.0,255.0,255.0
1706,85.30000000000001,78.23800184764633,-0.23591904928992324,-35.87499709343632,2.1376423787605973e-05,0.0009365627217095481,3.362761348676654e-05,-0.0005596774070669698,-0.02452107989858897,-0.0008804379866868069,0,70,255.0,255.0,255.0
1707,85.35000000000001,78.23800229609915,-0.23589940127959297,-35.874996387967606,-1.8537430867229362e-06,-8.121782613881845e-05,-2.9161545749400574e-06,-0.00036952926790623935,-0.016190142015348016,-0.0005813127357815404,0,70,255.0,255.0,255.0
1708,85.4,78.23800182072881,-0.23592022862430106,-35.87499713578073,-1.557650300301586e-05,-0.0006824514798251613,-2.4503660091384173e-05,-0.00017938112874550888,-0.00785920413210706,-0.00028218748487627383,0,70,255.0,255.0,255.0
1709,85.45,78.23800089690565,-0.23596070397933946,-35.87499858906257,-1.9791855961272795e-05,-0.0008671382393494798,-3.1134903062565825e-05,1.0767010415221705e-05,0.00047173375113389315,1.6937766028992697e-05,0,70,255.0,255.0,255.0
1710,85.5,78.238,-0.236,-35.875,-1.4499801961493743e-05,-0.000635278104711775,-2.280988348848498e-05,0.00020091514957595223,0.008802671634374846,0.00031606301693425933,0,70,255.0,255.0,255.0
1711,85.55000000000001,78.23799950492464,-0.23602169067739176,-35.87500077881139,-5.727795490954461e-06,-0.00025095122494316773,-9.010491877165023e-06,0.00014996510924553927,0.0065704035563659505,0.00023591264751841344,0,70,255.0,255.0,255.0
1712,85.60000000000001,78.23799938476209,-0.23602695534589263,-35.87500096784116,4.967089630621877e-07,2.1762250924907764e-05,7.813812633595148e-07,9.901506891514079e-05,0.00433813547835769,0.00015576227810259032,0,70,255.0,255.0,255.0
1713,85.65,78.2379995121372,-0.23602137467569764,-35.87500076746524,4.173711400559057e-06,0.00018286232289257672,6.5657359330931206e-06,4.8065028584742315e-05,0.00210586740034943,7.56119086867672e-05,0,70,255.0,255.0,255.0
1714,85.7,78.23799975967485,-0.23601052933700173,-35.875000378059546,5.303211821536141e-06,0.00023234899095983866,8.342572132035794e-06,-2.885011745656148e-06,-0.00012640067765883056,-4.53846072905593e-06,0,70,255.0,255.0,255.0
1715,85.75,78.238,-0.236,-35.875,3.885210225993458e-06,0.00017022225512669433,6.11188986018755e-06,-5.383505207605463e-05,-0.002358668755667091,-8.468883014487903e-05,0,70,255.0,255.0,255.0
1716,85.80000000000001,78.23800013265505,-0.23599418800050956,-35.874999791318125,1.5347581762118737e-06,6.724217806312282e-05,2.4143540218935597e-06,-4.018302991518734e-05,-0.0017605343268748332,-6.321260338684696e-05,0,70,255.0,255.0,255.0
1717,85.85000000000001,78.2380001648525,-0.23599277733683635,-35.87499974066774,-1.3309276552581408e-07,-5.831177560812488e-06,-2.0937047849799133e-07,-2.653100775432394e-05,-0.0011623998980827455,-4.1736376628821014e-05,0,70,255.0,255.0,255.0
1718,85.9,78.23800013072245,-0.23599427267290832,-35.87499979435831,-1.1183425992203696e-06,-4.899781174514512e-05,-1.7592836409883047e-06,-1.2878985593460538e-05,-0.0005642654692906575,-2.0260149870795054e-05,0,70,255.0,255.0,255.0
1719,85.95,78.23800006439492,-0.23599717867265355,-35.87499989869925,-1.4209913248717942e-06,-6.225772448987504e-05,-2.23538546557738e-06,7.730365674028677e-07,3.3868959501429964e-05,1.2160768872308993e-06,0,70,255.0,255.0,255.0
1720,86.0,78.238,-0.236,-35.875,-1.0410389424800865e-06,-4.561091579500228e-05,-1.6376759522652215e-06,1.442505872826627e-05,0.0006320033882935181,2.2692303645256856e-05,0,70,255.0,255.0,255.0
1721,86.05000000000001,78.2379999644552,-0.23600155732056985,-35.875000055916146,-4.112372138930343e-07,-1.8017487309323513e-05,-6.469242104092123e-07,1.0767010415210092e-05,0.00047173375113338174,1.6937766028974496e-05,0,70,255.0,255.0,255.0
1722,86.10000000000001,78.2379999558279,-0.2360019353067619,-35.87500006948787,3.566209904106636e-08,1.5624593183421868e-06,5.610065063245431e-08,7.108962102154952e-06,0.00031146411397329094,1.1183228412693774e-05,0,70,255.0,255.0,255.0
1723,86.15,78.23799996497303,-0.23600153463266899,-35.87500005510153,2.996589963224203e-07,1.312892408800381e-05,4.7139863086010135e-07,3.450913789099812e-06,0.00015119447681320015,5.4286907964130525e-06,0,70,255.0,255.0,255.0
1724,86.2,78.23799998274542,-0.23600075597238404,-35.87500002714346,3.80753477951028e-07,1.6681906999661342e-05,5.989697302737286e-07,-2.071345239553262e-07,-9.075160346890595e-06,-3.2584681986767093e-07,0,70,255.0,255.0,255.0
1725,86.25,78.238,-0.236,-35.875,2.789455439268892e-07,1.2221408053314801e-05,4.3881394887333594e-07,-3.865182837010465e-06,-0.00016934479750698144,-6.080384436148396e-06,0,70,255.0,255.0,255.0
1726,86.30000000000001,78.2380000095242,-0.23599958271721092,-35.87499998501732,1.101906793602634e-07,4.8277711741712375e-06,1.7334281974329018e-07,-2.885011745653031e-06,-0.00012640067765869384,-4.53846072905102e-06,0,70,255.0,255.0,255.0
1727,86.35000000000001,78.23800001183588,-0.23599948143611602,-35.87499998138078,-9.555630638452504e-09,-4.186597125562731e-07,-1.503212403182668e-08,-1.904840654295876e-06,-8.345655781041846e-05,-2.9965370219540826e-06,0,70,255.0,255.0,255.0
1728,86.4,78.23800000938544,-0.23599958879641564,-35.87499998523559,-8.029338606931338e-08,-3.517884606870135e-06,-1.2631088245210102e-07,-9.246695629387206e-07,-4.051243796214307e-05,-1.454613314857145e-06,0,70,255.0,255.0,255.0
1729,86.45,78.23800000462336,-0.23599979743781016,-35.874999992726934,-1.0202258693231934e-07,-4.469903508770344e-06,-1.6049345551753286e-07,5.550152841843446e-08,2.431681886132307e-06,8.731039223979206e-08,0,70,255.0,255.0,255.0
1730,86.5,78.238,-0.236,-35.875,-7.474323322747022e-08,-3.27471641825692e-06,-1.1757984322812232e-07,1.03567261977559e-06,4.537580173440768e-05,1.62923409933673e-06,0,70,255.0,255.0,255.0
1731,86.55000000000001,78.237999997448,-0.2360001118105863,-35.8750000040146,-2.952550354801935e-08,-1.2935973873614357e-06,-4.644706856394826e-08,7.730365674020333e-07,3.386895950139368e-05,1.2160768872295853e-06,0,70,255.0,255.0,255.0
1732,86.60000000000001,78.23799999682858,-0.23600013894877392,-35.875000004989,2.5604235127434473e-09,1.1217953188290006e-07,4.027845494852445e-09,5.104005150285513e-07,2.236211726838294e-05,8.029196751225579e-07,0,70,255.0,255.0,255.0
1733,86.65,78.23799999748519,-0.23600011018166833,-35.87500000395611,2.1514547954832874e-08,9.42614339476731e-07,3.3844898948302986e-08,2.477644626550695e-07,1.08552750353722e-05,3.897624630155305e-07,0,70,255.0,255.0,255.0
1734,86.7,78.23799999876118,-0.2360000542763752,-35.87500000194881,2.7336869778248978e-08,1.1977070354200578e-06,4.300409179640329e-08,-1.4871589718412497e-08,-6.515671976385317e-07,-2.339474909149668e-08,0,70,255.0,255.0,255.0
1735,86.75,78.238,-0.236,-35.875,2.0027388982991704e-08,8.774576197128804e-07,3.150542403915339e-08,-2.775076420918945e-07,-1.2158409430649274e-05,-4.365519611985244e-07,0,70,255.0,255.0,255.0
1736,86.80000000000001,78.2380000006838,-0.23599997004044368,-35.87499999892429,7.911334831814036e-09,3.46618375274507e-07,1.2445454512502924e-08,-2.07134523955102e-07,-9.075160346880834e-06,-3.2584681986732084e-07,0,70,255.0,255.0,255.0
1737,86.85000000000001,78.23800000084978,-0.23599996276878824,-35.8749999986632,-6.860634125212611e-10,-3.0058414975324144e-08,-1.0792579475830457e-09,-1.3676140581832944e-07,-5.9919112631132695e-06,-2.1514167853614878e-07,0,70,255.0,255.0,255.0
1738,86.9,78.23800000067385,-0.23599997047691093,-35.87499999893996,-5.764805750018131e-09,-2.5257275103678586e-07,-9.068713341110727e-09,-6.638828768155692e-08,-2.9086621793457054e-06,-1.0443653720497672e-07,0,70,255.0,255.0,255.0
1739,86.95,78.23800000033194,-0.23599998545668907,-35.87499999947782,-7.324892180676574e-09,-3.209246329098779e-07,-1.1522911668080129e-08,3.984830455215634e-09,1.7458690442185875e-07,6.2686041261953965e-09,0,70,255.0,255.0,255.0
1740,87.0,78.238,-0.236,-35.875,-5.366322704496591e-09,-2.3511406059460144e-07,-8.441852928491229e-09,7.435794859198818e-08,3.2578359881894187e-06,1.1697374545736739e-07,0,70,255.0,255.0,255.0
1741,87.05000000000001,78.23799999981678,-0.2360000080276389,-35.87500000028823,-2.1198357792367826e-09,-9.287611373659198e-08,-3.3347494860634296e-09,5.5501528418374624e-08,2.4316818861296664e-06,8.731039223969812e-08,0,70,255.0,255.0,255.0
1742,87.10000000000001,78.2379999997723,-0.23600000997607312,-35.8750000003582,1.838301373416123e-10,8.05412801839769e-09,2.891862954797487e-10,3.664510824476642e-08,1.6055277840701488e-06,5.7647039022037265e-08,0,70,255.0,255.0,255.0
1743,87.15,78.23799999981944,-0.23600000791068787,-35.87500000028404,1.5446750452396514e-09,6.767666467041382e-08,2.4299544161399684e-09,1.778868807115822e-08,7.793736820106313e-07,2.798368580437641e-08,0,70,255.0,255.0,255.0
1744,87.2,78.23799999991107,-0.2360000038968684,-35.87500000013992,1.9626989444573323e-09,8.599149621945635e-08,3.0875548759172284e-09,-1.0677321024499856e-09,-4.678042004888591e-08,-1.6796674132844303e-09,0,70,255.0,255.0,255.0
1745,87.25,78.238,-0.236,-35.875,1.4379018349946597e-09,6.299862266552551e-08,2.2619876748115336e-09,-1.9924152276058165e-08,-8.729345221084035e-07,-3.134302063094531e-08,0,70,255.0,255.0,255.0
1746,87.30000000000001,78.23800000004908,-0.23599999784900064,-35.87499999992277,5.680082851330956e-10,2.4886079671860923e-08,8.935434317507975e-10,-1.4871589718396483e-08,-6.515671976378335e-07,-2.339474909147168e-08,0,70,255.0,255.0,255.0
1747,87.35000000000001,78.238000000061,-0.23599999732691926,-35.87499999990402,-4.925713684518719e-11,-2.1580970982665385e-09,-7.748723433594695e-11,-9.819027160736237e-09,-4.3019987316732637e-07,-1.5446477552000305e-08,0,70,255.0,255.0,255.0
1748,87.4,78.23800000004839,-0.23599999788033757,-35.874999999923894,-4.138944309404723e-10,-1.813390764486928e-08,-6.511043234491448e-10,-4.7664646030759905e-09,-2.088325486968193e-07,-7.498206012528932e-09,0,70,255.0,255.0,255.0
1749,87.45,78.23800000002383,-0.23599999895583723,-35.87499999996251,-5.259035971527595e-10,-2.304135196794726e-08,-8.273078355887976e-10,2.8609795458425547e-10,1.2534775773687865e-08,4.500655269424373e-10,0,70,255.0,255.0,255.0
1750,87.5,78.238,-0.236,-35.875,-3.8528463548204856e-10,-1.688043006750058e-08,-6.060977707549033e-10,5.3386605122445015e-09,2.339021002441947e-07,8.398337066413814e-09,0,70,255.0,255.0,255.0
1751,87.55000000000001,78.23799999998684,-0.23600000057635853,-35.8750000000207,-1.521973612955999e-10,-6.66820495085171e-09,-2.3942424093976016e-10,3.984830455211326e-09,1.7458690442166716e-07,6.268604126188577e-09,0,70,255.0,255.0,255.0
1752,87.60000000000001,78.23799999998364,-0.23600000071624982,-35.875000000025715,1.3198410039137188e-11,5.782603746684678e-10,2.0762641864038185e-11,2.6310003981785345e-09,1.152717085991565e-07,4.138871185963947e-09,0,70,255.0,255.0,255.0
1753,87.65,78.23799999998703,-0.2360000005679618,-35.87500000002039,1.1090267852223852e-10,4.858965909063282e-09,1.7446287765661102e-10,1.277170341145743e-09,5.595651277664584e-08,2.009138245739316e-09,0,70,255.0,255.0,255.0
1754,87.7,78.23799999999362,-0.23600000027978255,-35.87500000001005,1.4091544415370411e-10,6.173911652332731e-09,2.2167646643795814e-10,-7.665971588704791e-11,-3.3586830458648343e-09,-1.2059469448531398e-10,0,70,255.0,255.0,255.0
1755,87.75,78.238,-0.236,-35.875,1.032367069335344e-10,4.523097604476822e-09,1.6240340820808005e-10,-1.430489772919838e-09,-6.267387886837548e-08,-2.250327634709945e-09,0,70,255.0,255.0,255.0
1756,87.80000000000001,78.23800000000352,-0.2359999998455652,-35.87499999999446,4.07811600493038e-11,1.7867401315459298e-09,6.415353200824328e-11,-1.0677321024488178e-09,-4.678042004883533e-08,-1.6796674132826326e-09,0,70,255.0,255.0,255.0
1757,87.85000000000001,78.23800000000438,-0.2359999998080814,-35.87499999999311,-3.536503311361645e-12,-1.5494440040733583e-10,-5.563333120205631e-12,-7.049744319779007e-10,-3.0886961229299695e-08,-1.1090071918554825e-09,0,70,255.0,255.0,255.0
1758,87.9,78.23800000000348,-0.23599999984781506,-35.874999999994536,-2.971628314848226e-11,-1.301955991383865e-09,-4.674718717729865e-11,-3.422167615069836e-10,-1.4993502409764062e-08,-5.383469704283324e-10,0,70,255.0,255.0,255.0
1759,87.95,78.23800000000172,-0.23599999992503248,-35.87499999999731,-3.775817946205807e-11,-1.6542946413836557e-09,-5.939803016303583e-11,2.0540908963933674e-11,8.999564097715648e-10,3.2313250998817764e-11,0,70,255.0,255.0,255.0
1760,88.0,78.238,-0.236,-35.875,-2.7662192252089027e-11,-1.2119603504067102e-09,-4.3515862077417014e-11,3.832985794348507e-10,1.6793415229307214e-08,6.029734724259681e-10,0,70,255.0,255.0,255.0
1761,88.05000000000001,78.23799999999906,-0.2360000000413807,-35.875000000001485,-1.0927278901615317e-11,-4.7875557533201e-10,-1.718988709321297e-11,2.860979545839455e-10,1.2534775773674126e-08,4.5006552694195414e-10,0,70,255.0,255.0,255.0
1762,88.10000000000001,78.23799999999882,-0.2360000000514244,-35.87500000000185,9.476032063093443e-13,4.1517226960869715e-11,1.4906906167844098e-12,1.8889732973306792e-10,8.276136318042248e-09,2.971575814579836e-10,0,70,255.0,255.0,255.0
1763,88.15,78.23799999999906,-0.2360000000407778,-35.875000000001464,7.962454071690402e-12,3.4885805647216776e-10,1.2525871052583693e-11,9.169670488219036e-11,4.01749686241037e-09,1.4424963597401305e-10,0,70,255.0,255.0,255.0
1764,88.2,78.23799999999954,-0.23600000002008747,-35.875000000000725,1.011727369452785e-11,4.4326691320188354e-10,1.5915654214184868e-11,-5.503919968687254e-12,-2.4114259322150744e-10,-8.658309509957493e-12,0,70,255.0,255.0,255.0
1765,88.25,78.238,-0.236,-35.875,7.412062074821714e-12,3.247437971500185e-10,1.1660040101588006e-11,-1.0270454481956479e-10,-4.499782048853386e-09,-1.6156625499392798e-10,0,70,255.0,255.0,255.0
1766,88.30000000000001,78.23800000000026,-0.23599999998891208,-35.8749999999996,2.9279555571574693e-12,1.2828216978210958e-10,4.606016364608596e-12,-7.665971588696423e-11,-3.358683045861184e-09,-1.2059469448518432e-10,0,70,255.0,255.0,255.0
1767,88.35000000000001,78.23800000000031,-0.23599999998622087,-35.87499999999951,-2.539095138757324e-13,-1.112450743614471e-11,-3.9942934693203484e-13,-5.061488695437106e-11,-2.217584042869306e-09,-7.962313397645227e-11,0,70,255.0,255.0,255.0
1768,88.4,78.23800000000026,-0.23599999998907362,-35.87499999999961,-2.1335331382793482e-12,-9.347623450480833e-11,-3.3562970330361784e-12,-2.45700580217779e-11,-1.076485039877428e-09,-3.865157346772022e-11,0,70,255.0,255.0,255.0
1769,88.45,78.23800000000011,-0.23599999999461757,-35.87499999999981,-2.7109153160533814e-12,-1.1877301142388142e-10,-4.264586693703832e-12,1.474770910815264e-12,6.46139631144501e-11,2.3199870410118187e-12,0,70,255.0,255.0,255.0
1770,88.5,78.238,-0.236,-35.875,-1.9860560471978302e-12,-8.701483819336378e-11,-3.1242983289350122e-12,2.7519599843408433e-11,1.2057129661063274e-09,4.3291547549743855e-11,0,70,255.0,255.0,255.0
1771,88.55000000000001,78.23799999999993,-0.236000000002971,-35.87500000000011,-7.845433270145619e-13,-3.437310379642842e-11,-1.2341783652214086e-12,2.0540908963911372e-11,8.999564097706076e-10,3.2313250998783106e-11,0,70,255.0,255.0,255.0
1772,88.60000000000001,78.23799999999991,-0.2360000000036921,-35.875000000000135,6.803484919358133e-14,2.980802783709011e-12,1.0702677094372999e-13,1.3562218084416294e-11,5.941998534349747e-10,2.1334954447825476e-11,0,70,255.0,255.0,255.0
1773,88.65,78.23799999999993,-0.2360000000029277,-35.8750000000001,5.716784814269908e-13,2.5046881547065665e-11,8.993170795610175e-13,6.583527204921216e-12,2.884432970993419e-10,1.0356657896867845e-11,0,70,255.0,255.0,255.0
1774,88.7,78.23799999999997,-0.2360000000014422,-35.87500000000005,7.263875696856658e-13,3.182513249364155e-11,1.1426925606304556e-12,-3.951636745738604e-13,-1.7313259236291086e-11,-6.216386540897887e-13,0,70,255.0,255.0,255.0
1775,88.75,78.238,-0.236,-35.875,5.321621139696062e-13,2.3315555623436634e-11,8.371532141520427e-13,-7.37385455406894e-12,-3.23069815571924e-10,-1.1599935205047416e-11,0,70,255.0,255.0,255.0
1776,88.80000000000001,78.23800000000001,-0.2359999999992039,-35.87499999999997,2.1021775090077798e-13,9.210245403604156e-12,3.3069709627703953e-13,-5.503919968681262e-12,-2.411425932212468e-10,-8.658309509948103e-12,0,70,255.0,255.0,255.0
1777,88.85000000000001,78.23800000000001,-0.2359999999990107,-35.874999999999964,-1.82298828985934e-14,-7.987036986912657e-13,-2.86777368428832e-14,-3.633985383294114e-12,-1.592153708705929e-10,-5.716683814849627e-12,0,70,255.0,255.0,255.0
1778,88.9,78.23800000000001,-0.2359999999992155,-35.874999999999964,-1.5318078742861272e-13,-6.711291683454227e-12,-2.4097128520789057e-13,-1.7640507979069669e-12,-7.7288148519939e-11,-2.77505811975115e-12,0,70,255.0,255.0,255.0
1779,88.95,78.23800000000001,-0.23599999999961355,-35.874999999999986,-1.9463496268928016e-13,-8.52751855068473e-12,-3.0618354881798237e-13,1.058837874801809e-13,4.639073830714869e-12,1.6656757534732658e-13,0,70,255.0,255.0,255.0
1780,89.0,78.238,-0.236,-35.875,-1.4259240868059506e-13,-6.247384300382768e-12,-2.2431452767315854e-13,1.9758183728673287e-12,8.65662961813688e-11,3.1081932704458042e-12,0,70,255.0,255.0,255.0
1781,89.05000000000001,78.23799999999999,-0.2360000000002133,-35.87500000000001,-5.632767658855038e-14,-2.4678778179881937e-12,-8.861001988675e-14,1.4747709108136739e-12,6.461396311437981e-11,2.3199870410093032e-12,0,70,255.0,255.0,255.0
1782,89.10000000000001,78.238,-0.23600000000026508,-35.87500000000001,4.884682400792038e-15,2.1401201105607522e-13,7.684176427802807e-15,9.737234487601617e-13,4.266163004739707e-11,1.5317808115730266e-12,0,70,255.0,255.0,255.0
1783,89.15,78.238,-0.2360000000002102,-35.87500000000001,4.104466828746023e-14,1.7982851867512711e-12,6.456806127054396e-14,4.726759867066492e-13,2.0709296980414328e-11,7.4357458213675e-13,0,70,255.0,255.0,255.0
1784,89.2,78.238,-0.23600000000010352,-35.875,5.215228107145426e-14,2.2849417090973925e-12,8.204163464147353e-14,-2.8371475346863178e-14,-1.2430360865684142e-12,-4.4631647299526846e-14,0,70,255.0,255.0,255.0
1785,89.25,78.238,-0.236,-35.875,3.8207520752774053e-14,1.673981578094437e-12,6.010489654059155e-14,-5.294189374003755e-13,-2.3195369153551146e-11,-8.328378767358034e-13,0,70,255.0,255.0,255.0
1786,89.30000000000001,78.238,-0.23599999999994284,-35.875,1.509295545342353e-14,6.612658683486176e-13,2.3742983269960383e-14,-3.951636745734351e-13,-1.731325923627242e-11,-6.216386540891128e-13,0,70,255.0,255.0,255.0
1787,89.35000000000001,78.238,-0.235999999999929,-35.875,-1.3088467045747375e-15,-5.734434553303579e-14,-2.058968868328029e-15,-2.609084117465329e-13,-1.1431149318995363e-11,-4.104394314424822e-13,0,70,255.0,255.0,255.0
1788,89.4,78.238,-0.23599999999994367,-35.875,-1.0997885721228281e-14,-4.818490635508537e-13,-1.7300959874285514e-14,-1.266531489196307e-13,-5.549039401718307e-12,-1.9924020879585158e-13,0,70,255.0,255.0,255.0
1789,89.45,78.238,-0.23599999999997226,-35.87499999999999,-1.3974161596537088e-14,-6.122482857048349e-13,-2.1982989747912054e-14,7.602113907271507e-15,3.330705155587493e-13,1.195901385077899e-14,0,70,255.0,255.0,255.0
1790,89.5,78.238,-0.236,-35.875,-1.023767433050117e-14,-4.4854201199498077e-13,-1.610505848920769e-14,1.4185737673417372e-13,6.215180432835804e-12,2.2315823649740946e-13,0,70,255.0,255.0,255.0
1791,89.55000000000001,78.238,-0.2360000000000153,-35.875,-4.0441452251437456e-15,-1.771856554062772e-13,-6.361913193091541e-15,1.0588378748006691e-13,4.639073830709871e-12,1.6656757534714783e-13,0,70,255.0,255.0,255.0
1792,89.60000000000001,78.238,-0.236000000000019,-35.875,3.507044175069352e-16,1.5365371076068225e-14,5.516990455093194e-16,6.991019822597033e-14,3.062967228584386e-12,1.0997691419690228e-13,0,70,255.0,255.0,255.0
1793,89.65,78.238,-0.2360000000000151,-35.875,2.9468745974528885e-15,1.2911106745214393e-13,4.6357782265980635e-15,3.393660897187374e-14,1.486860626458901e-12,5.338625304665674e-14,0,70,255.0,255.0,255.0
1794,89.7,78.238,-0.2360000000000074,-35.87499999999999,3.744365314694117e-15,1.640514337219498e-13,5.890324350174683e-15,-2.036980282222825e-15,-8.924597566658474e-14,-3.204408103588812e-15,0,70,255.0,255.0,255.0
1795,89.75,78.238,-0.236,-35.875,2.7431765692306227e-15,1.2018646988548606e-13,4.3153374162391965e-15,-3.801056953631938e-14,-1.6653525777920694e-12,-5.979506925383434e-14,0,70,255.0,255.0,255.0
1796,89.80000000000001,78.238,-0.23599999999999588,-35.875,1.0836254471514472e-15,4.7476753276491166e-14,1.7046695024057836e-15,-2.837147534683255e-14,-1.2430360865670648e-12,-4.463164729947843e-14,0,70,255.0,255.0,255.0
1797,89.85000000000001,78.238,-0.23599999999999488,-35.875,-9.397096545301092e-17,-4.117138771237036e-15,-1.4782731370924268e-16,-1.873238115734846e-14,-8.207195953421802e-13,-2.946822534512683e-14,0,70,255.0,255.0,255.0
1798,89.9,78.238,-0.23599999999999594,-35.875,-7.896126685832923e-16,-3.459520625772221e-14,-1.242153032106732e-15,-9.093286967864366e-15,-3.984031041172957e-13,-1.430480339077523e-14,0,70,255.0,255.0,255.0
1799,89.95,78.238,-0.235999999999998,-35.875,-1.0032996622393967e-15,-4.395744918296433e-14,-1.578307652786685e-15,5.458072216197229e-16,2.3913387107589014e-14,8.586185635763719e-16,0,70,255.0,255.0,255.0
1800,90.0,78.238,-0.236,-35.875,-7.350319464213231e-16,-3.220386754696343e-14,-1.1562911757491002e-15,1.0184901411103812e-14,4.462298783324734e-13,1.6022040517927968e-14,0,70,255.0,255.0,255.0
1801,90.05000000000001,78.238,-0.2360000000000011,-35.875,-2.9035656346204455e-16,-1.2721357699687463e-14,-4.567648165315933e-16,7.60211390726329e-15,3.330705155583881e-13,1.1959013850765946e-14,0,70,255.0,255.0,255.0
1802,90.10000000000001,78.238,-0.23600000000000138,-35.875,2.5179444305107415e-17,1.1031840088798262e-15,3.9610209327654125e-17,5.0193264034235e-15,2.1991115278433495e-13,7.895987183605078e-15,0,70,255.0,255.0,255.0
1803,90.15,78.238,-0.23600000000000107,-35.875,2.1157607688027688e-16,9.269757578744784e-15,3.328339018288697e-16,2.436538899583712e-15,1.0675179001028182e-13,3.832960516444211e-15,0,70,255.0,255.0,255.0
1804,90.2,78.238,-0.23600000000000051,-35.875,2.688333342634647e-16,1.1778363009907392e-14,4.2290626097205303e-16,-1.4624860425607795e-16,-6.4075727637713196e-15,-2.300661507166566e-16,0,70,255.0,255.0,255.0
1805,90.25,78.238,-0.236,-35.875,1.969512164546698e-16,8.629000302367692e-15,3.098272867572047e-16,-2.7290361080958686e-15,-1.1956693553782438e-13,-4.293092817877524e-15,0,70,255.0,255.0,255.0
1806,90.30000000000001,78.238,-0.23599999999999968,-35.875,7.780080669673085e-17,3.408677522258701e-15,1.223897637205904e-16,-2.036980282220605e-15,-8.924597566648778e-14,-3.2044081035853443e-15,0,70,255.0,255.0,255.0
1807,90.35000000000001,78.238,-0.23599999999999963,-35.875,-6.746811767417892e-18,-2.955972642822782e-16,-1.0613523601372524e-17,-1.3449244563455381e-15,-5.892501579515979e-14,-2.1157233892934743e-15,0,70,255.0,255.0,255.0
1808,90.4,78.238,-0.23599999999999968,-35.875,-5.66916389378153e-17,-2.4838240572569423e-15,-8.9182575208745e-17,-6.528686304704713e-16,-2.860405592383181e-14,-1.0270386750016042e-15,0,70,255.0,255.0,255.0
1809,90.45,78.238,-0.23599999999999985,-35.875,-7.203367481446128e-17,-3.1560028566652967e-15,-1.1331739110152712e-16,3.918719540459558e-17,1.7169039474961634e-15,6.164603929026544e-17,0,70,255.0,255.0,255.0
1810,90.5,78.238,-0.236,-35.875,-5.2772919397356013e-17,-2.312133662507337e-15,-8.301797127971888e-17,7.31243021279662e-16,3.203786381882415e-14,1.1503307535821355e-15,0,70,255.0,255.0,255.0
1811,90.55000000000001,78.238,-0.23600000000000007,-35.875,-2.0846663324878913e-17,-9.133523893473394e-16,-3.279423835076811e-17,5.458072216191315e-16,2.3913387107563026e-14,8.586185635754385e-16,0,70,255.0,255.0,255.0
1812,90.60000000000001,78.238,-0.23600000000000007,-35.875,1.8078027645644295e-18,7.92050482492849e-17,2.843885077836416e-18,3.6037142195865374e-16,1.5788910396304214e-14,5.669063735688243e-16,0,70,255.0,255.0,255.0
1813,90.65,78.238,-0.23600000000000004,-35.875,1.51904788709844e-17,6.655386502829916e-16,2.38963990061111e-17,1.749356222981759e-16,7.664433685045402e-15,2.7519418356221016e-16,0,70,255.0,255.0,255.0
1814,90.7,78.238,-0.23600000000000004,-35.875,1.930136499438102e-17,8.456484167537815e-16,3.036330343405587e-17,-1.0500177362301904e-17,-4.600430262134098e-16,-1.6518006444404006e-17,0,70,255.0,255.0,255.0
1815,90.75,78.238,-0.236,-35.875,1.4140461134754272e-17,6.195343476616549e-16,2.2244598361670816e-17,-1.9593597702277967e-16,-8.584519737472215e-15,-3.0823019645101807e-16,0,70,255.0,255.0,255.0
1816,90.80000000000001,78.238,-0.23599999999999996,-35.875,5.5858466027848084e-18,2.4473203513065594e-16,8.78718968248207e-18,-1.462486042559211e-16,-6.407572763764335e-15,-2.3006615071640937e-16,0,70,255.0,255.0,255.0
1817,90.85000000000001,78.238,-0.236,-35.875,-4.843992908397877e-19,-2.1222928714864104e-17,-7.620167099731901e-19,-9.656123148907662e-17,-4.230625790057072e-15,-1.5190210498182287e-16,0,70,255.0,255.0,255.0
1818,90.9,78.238,-0.23599999999999996,-35.875,-4.070276546122303e-18,-1.7833054387502724e-16,-6.403020815699351e-18,-4.687385872223215e-17,-2.0536788163498105e-15,-7.373805924723638e-17,0,70,255.0,255.0,255.0
1819,90.95,78.238,-0.236,-35.875,-5.17178516306274e-18,-2.2659081034983363e-16,-8.135822634696411e-18,2.813514044612331e-18,1.232681573574521e-16,4.42598648735014e-18,0,70,255.0,255.0,255.0
1820,91.0,78.238,-0.236,-35.875,-3.7889251416610845e-18,-1.6600372813928285e-16,-5.960422166964371e-18,5.250088681145684e-17,2.300215131064714e-15,8.259003222193661e-17,0,70,255.0,255.0,255.0
1821,91.05000000000001,78.238,-0.236,-35.875,-1.4967230862603195e-18,-6.557575117528439e-17,-2.3545203791601642e-18,3.9187195404552914e-17,1.7169039474943108e-15,6.164603929019886e-17,0,70,255.0,255.0,255.0
1822,91.10000000000001,78.238,-0.23600000000000002,-35.875,1.2979439879473054e-19,5.6866666101711686e-18,2.0418176205633926e-19,2.5873503997652777e-17,1.1335927639240732e-15,4.070204635846707e-17,0,70,255.0,255.0,255.0
1823,91.15,78.238,-0.236,-35.875,1.0906273135048112e-18,4.7783525217116477e-17,1.7156842566863107e-18,1.255981259075264e-17,5.502815803538359e-16,1.975805342673527e-17,0,70,255.0,255.0,255.0
1824,91.2,78.238,-0.236,-35.875,1.3857756578699216e-18,6.071482464555156e-17,2.1799871047297555e-18,-7.538788161475009e-19,-3.302960321640141e-17,-1.1859395049965163e-18,0,70,255.0,255.0,255.0
1825,91.25,78.238,-0.236,-35.875,1.0152394318900647e-18,4.448056489547647e-17,1.5970903061866655e-18,-1.4067570223047638e-17,-6.16340786786639e-16,-2.2129932436728316e-17,0,70,255.0,255.0,255.0
1826,91.30000000000001,78.238,-0.236,-35.875,4.0104574225647027e-19,1.7570969570481698e-17,6.308918341585868e-19,-1.0500177362290555e-17,-4.600430262129071e-16,-1.6518006444386044e-17,0,70,255.0,255.0,255.0
1827,91.35000000000001,78.238,-0.236,-35.875,-3.477830433913089e-20,-1.5237377258203859e-18,-5.471033825215977e-20,-6.932784501534485e-18,-3.037452656392197e-16,-1.090608045204537e-17,0,70,255.0,255.0,255.0
1828,91.4,78.238,-0.236,-35.875,-2.9223270789693895e-19,-1.2803556993438547e-17,-4.597162110458882e-19,-3.3653916407784155e-18,-1.4744750506553227e-16,-5.294154459704694e-18,0,70,255.0,255.0,255.0
1829,91.45,78.238,-0.236,-35.875,-3.7131746841695317e-19,-1.6268488232372775e-17,-5.841257842225987e-19,2.020012199776541e-19,8.850255508155194e-18,3.1777153263598377e-19,0,70,255.0,255.0,255.0
1830,91.5,78.238,-0.236,-35.875,-2.720325858991746e-19,-1.1918531442623067e-17,-4.2793905778229145e-19,3.769394080733723e-18,1.6514801608184273e-16,5.929697524976659e-18,0,70,255.0,255.0,255.0
1831,91.55000000000001,78.238,-0.236,-35.875,-1.0745988276556136e-19,-4.708127106642401e-18,-1.690469574741831e-19,2.8135140446093098e-18,1.232681573573183e-16,4.4259864873453205e-18,0,70,255.0,255.0,255.0
1832,91.60000000000001,78.238,-0.236,-35.875,9.318818561793935e-21,4.0828429311040796e-19,1.4659590952299736e-20,1.8576340084851686e-18,8.138829863280576e-17,2.9222754497144097e-18,0,70,255.0,255.0,255.0
1833,91.65,78.238,-0.236,-35.875,7.830351808294492e-20,3.430702756637711e-18,1.231805874972412e-19,9.01753972361027e-19,3.950843990829323e-17,1.4185644120834989e-18,0,70,255.0,255.0,255.0
1834,91.7,78.238,-0.236,-35.875,9.94942157978915e-20,4.3591282839395054e-18,1.5651603216064152e-19,-5.4126063763114656e-20,-2.3714188162193194e-18,-8.514662554741188e-20,0,70,255.0,255.0,255.0
1835,91.75,78.238,-0.236,-35.875,7.289091170663384e-20,3.1935608750157943e-18,1.1466592494250054e-19,-1.0100060998872551e-18,-4.425127754073182e-17,-1.5888576631783227e-18,0,70,255.0,255.0,255.0
1836,91.80000000000001,78.238,-0.236,-35.875,2.8793788805775276e-20,1.2615388560879098e-18,4.5295995738145703e-20,-7.538788161466863e-19,-3.302960321636599e-17,-1.18593950499524e-18,0,70,255.0,255.0,255.0
1837,91.85000000000001,78.238,-0.236,-35.875,-2.4969699080448518e-21,-1.0939944662124616e-19,-3.9280255570392906e-21,-4.977515324061902e-19,-2.180792889200335e-17,-7.830213468122719e-19,0,70,255.0,255.0,255.0
1838,91.9,78.238,-0.236,-35.875,-2.098136443484091e-20,-9.192540331123012e-19,-3.300613894307704e-20,-2.416242486656942e-19,-1.0586254567640714e-17,-3.8010318862930377e-19,0,70,255.0,255.0,255.0
1839,91.95,78.238,-0.236,-35.875,-2.665939477461289e-20,-1.1680249033852556e-18,-4.193834441996748e-20,1.4503035074801838e-20,6.354197567219297e-19,2.2814969553664515e-20,0,70,255.0,255.0,255.0
1840,92.0,78.238,-0.236,-35.875,-1.9531060927360806e-20,-8.557120574401118e-19,-3.072464198771075e-20,2.7063031881529782e-19,1.185709408108457e-17,4.257331277366323e-19,0,70,255.0,255.0,255.0
1841,92.05000000000001,78.238,-0.236,-35.875,-7.715272457539789e-21,-3.380283177092378e-19,-1.2137025478399716e-20,2.020012199774354e-19,8.850255508145681e-18,3.1777153263564e-19,0,70,255.0,255.0,255.0
1842,92.10000000000001,78.238,-0.236,-35.875,6.690610703854303e-22,2.931349337457452e-20,1.0525112758574929e-21,1.3337212113959245e-19,5.843416935207648e-18,2.0980993753467834e-19,0,70,255.0,255.0,255.0
1843,92.15,78.238,-0.236,-35.875,5.6219396564186946e-21,2.4631337581149367e-19,8.843968275066925e-21,6.474302230174953e-20,2.8365783622696142e-18,1.0184834243371668e-19,0,70,255.0,255.0,255.0
1844,92.2,78.238,-0.236,-35.875,7.143363300560016e-21,3.129713296015201e-19,1.1237345519228578e-20,-3.886076536093416e-21,-1.702602106684194e-19,-6.113252667244977e-21,0,70,255.0,255.0,255.0
1845,92.25,78.238,-0.236,-35.875,5.233332002809382e-21,2.2928735474465245e-19,8.23264300834246e-21,-7.251517537393632e-20,-3.1770987836064553e-18,-1.1407484776820663e-19,0,70,255.0,255.0,255.0
1846,92.30000000000001,78.238,-0.236,-35.875,2.06730102438387e-21,9.057441474904126e-20,3.2521061754531643e-21,-5.4126063763055374e-20,-2.3714188162167306e-18,-8.514662554731989e-20,0,70,255.0,255.0,255.0
1847,92.35000000000001,78.238,-0.236,-35.875,-1.792743734968787e-22,-7.854526877052307e-21,-2.820195463906663e-22,-3.573695215217966e-20,-1.565738848827235e-18,-5.621840332644136e-20,0,70,255.0,255.0,255.0
1848,92.4,78.238,-0.236,-35.875,-1.5063941908338925e-21,-6.599947013367339e-20,-2.369734157190651e-21,-1.734784054130395e-20,-7.600588814377395e-19,-2.729018110556284e-20,0,70,255.0,255.0,255.0
1849,92.45,78.238,-0.236,-35.875,-1.9140584276271725e-21,-8.386041502082191e-20,-3.011037656946794e-21,1.0412710695717553e-21,4.562108595175638e-20,1.6380411153156818e-21,0,70,255.0,255.0,255.0
1850,92.5,78.238,-0.236,-35.875,-1.4022670838767241e-21,-6.143736153849797e-20,-2.2059300456590906e-21,1.9430382680447476e-20,8.513010533412519e-19,3.0566263336194227e-20,0,70,255.0,255.0,255.0
1851,92.55000000000001,78.238,-0.236,-35.875,-5.539316399956907e-22,-2.4269341286927172e-20,-8.713992234129425e-22,1.4503035074786147e-20,6.3541975672124195e-19,2.2814969553639562e-20,0,70,255.0,255.0,255.0
1852,92.60000000000001,78.238,-0.236,-35.875,4.8036423602084023e-23,2.1046141336347065e-21,7.556690970517022e-23,9.575687469126216e-21,4.1953846010129324e-19,1.5063675771087104e-20,0,70,255.0,255.0,255.0
1853,92.65,78.238,-0.236,-35.875,4.0363710691687665e-22,1.768450472319976e-20,6.34968353695682e-22,4.648339863466285e-21,2.0365716348134462e-19,7.312381988534642e-21,0,70,255.0,255.0,255.0
1854,92.7,78.238,-0.236,-35.875,5.1287040994868595e-22,2.2470330481768002e-20,8.06805108558593e-22,-2.7900774219364406e-22,-1.222413313860409e-20,-4.389117940178165e-22,0,70,255.0,255.0,255.0
1855,92.75,78.238,-0.236,-35.875,3.757363326975136e-22,1.6462091409339445e-20,5.910771742939028e-22,-5.206355347853575e-21,-2.281054297585525e-19,-8.190205576570275e-21,0,70,255.0,255.0,255.0
1856,92.80000000000001,78.238,-0.236,-35.875,1.4842553559889264e-22,6.5029503986674385e-21,2.334907181986054e-22,-3.886076536089195e-21,-1.702602106682372e-19,-6.113252667238371e-21,0,70,255.0,255.0,255.0
1857,92.85000000000001,78.238,-0.236,-35.875,-1.2871320911457826e-23,-5.639296574865478e-22,-2.024809243001589e-23,-2.565797724325191e-21,-1.124149915779383e-19,-4.036299757907057e-21,0,70,255.0,255.0,255.0
1858,92.9,78.238,-0.236,-35.875,-1.0815423683361185e-22,-4.7385487591257554e-21,-1.7013925759207734e-22,-1.2455189125611866e-21,-5.456977248763943e-20,-1.959346848575744e-21,0,70,255.0,255.0,255.0
1859,92.95,78.238,-0.236,-35.875,-1.3742321216756928e-22,-6.020906906250176e-21,-2.1618277728757893e-22,7.475989920281792e-23,3.2754466026594527e-21,1.1760606075557048e-22,0,70,255.0,255.0,255.0
1860,93.0,78.238,-0.236,-35.875,-1.0067824691333041e-22,-4.411004098859827e-21,-1.5837865151652126e-22,1.3950387109668221e-21,6.112066569295834e-20,2.1945589700868837e-21,0,70,255.0,255.0,255.0
1861,93.05000000000001,78.238,-0.236,-35.875,-3.9770502399880153e-23,-1.7424603077425873e-21,-6.256364938147917e-23,1.0412710695706344e-21,4.5621085951706984e-20,1.638041115313929e-21,0,70,255.0,255.0,255.0
1862,93.10000000000001,78.238,-0.236,-35.875,3.448860043746934e-24,1.5110449631148092e-22,5.425460014893517e-24,6.875034281745471e-22,3.0121506210460034e-20,1.0815232605411325e-21,0,70,255.0,255.0,255.0
1863,93.15,78.238,-0.236,-35.875,2.897984041757064e-23,1.2696903133032456e-21,4.5588676672627914e-23,3.337357867784599e-22,1.462192646921309e-20,5.25005405768336e-22,0,70,255.0,255.0,255.0
1864,93.2,78.238,-0.236,-35.875,3.682243872159102e-23,1.6132971432327044e-21,5.792600059172408e-23,-2.0031854617627452e-23,-8.77653272033865e-22,-3.1512449004460577e-23,0,70,255.0,255.0,255.0
1865,93.25,78.238,-0.236,-35.875,2.6976654955808056e-23,1.1819249860998627e-21,4.2437431772182073e-23,-3.737994960137144e-22,-1.637723301328081e-20,-5.880303037772568e-22,0,70,255.0,255.0,255.0
1866,93.30000000000001,78.238,-0.236,-35.875,1.0656474000627914e-23,4.668908323029118e-22,1.6763879327311248e-23,-2.7900774219334285e-22,-1.222413313859072e-20,-4.389117940173428e-22,0,70,255.0,255.0,255.0
1867,93.35000000000001,78.238,-0.236,-35.875,-9.241192635299548e-25,-4.0488327759372655e-23,-1.453747629558062e-24,-1.8421598837299828e-22,-8.071033263901812e-21,-2.897932842574712e-22,0,70,255.0,255.0,255.0
1868,93.4,78.238,-0.236,-35.875,-7.765124836670869e-24,-3.402124940872234e-22,-1.2215449098434231e-23,-8.942423455265367e-23,-3.917933389212903e-21,-1.4067477449759965e-22,0,70,255.0,255.0,255.0
1869,93.45,78.238,-0.236,-35.875,-9.866542718794812e-24,-4.322816666806406e-22,-1.5521225079317225e-23,5.367519267690895e-24,2.351664854760045e-22,8.443735262272014e-24,0,70,255.0,255.0,255.0
1870,93.5,78.238,-0.236,-35.875,-7.228372909901812e-24,-3.1669584553962413e-22,-1.1371075572207055e-23,1.0015927308803543e-22,4.388266360164915e-21,1.5756224502214372e-22,0,70,255.0,255.0,255.0
1871,93.55000000000001,78.238,-0.236,-35.875,-2.855393602631505e-24,-1.2510302146905999e-22,-4.491867927765841e-24,7.475989920273709e-23,3.275446602655909e-21,1.1760606075544228e-22,0,70,255.0,255.0,255.0
1872,93.60000000000001,78.238,-0.236,-35.875,2.4761701037289564e-25,1.0848814726010472e-23,3.895305033387423e-25,4.936052531744597e-23,2.162626845147219e-21,7.764987648875219e-23,0,70,255.0,255.0,255.0
1873,93.65,78.238,-0.236,-35.875,2.080658929112812e-24,9.115966304564964e-23,3.2731197211089368e-24,2.3961151432154853e-23,1.0498070876385287e-21,3.769369222206209e-23,0,70,255.0,255.0,255.0
1874,93.7,78.238,-0.236,-35.875,2.6437321535882435e-24,1.158295234898574e-22,4.1588997255447356e-24,-1.438222453136257e-24,-6.301266987016125e-23,-2.262492044627996e-24,0,70,255.0,255.0,255.0
1875,93.75,78.238,-0.236,-35.875,1.936836683799195e-24,8.485839605863386e-23,3.0468705166461465e-24,-2.683759633842738e-23,-1.1758324273788512e-21,-4.221867631131808e-23,0,70,255.0,255.0,255.0
1876,93.80000000000001,78.238,-0.236,-35.875,7.651004098981057e-25,3.3521253573328023e-23,1.203592383752118e-24,-2.003185461760554e-23,-8.77653272032915e-22,-3.15124490044263e-23,0,70,255.0,255.0,255.0
1877,93.85000000000001,78.238,-0.236,-35.875,-6.634877796162659e-26,-2.9069311446693753e-24,-1.0437438379690454e-25,-1.3226112896785639e-23,-5.794741166870638e-22,-2.0806221697537563e-23,0,70,255.0,255.0,255.0
1878,93.9,78.238,-0.236,-35.875,-5.575108797803832e-25,-2.442615809537506e-23,-8.770297860015204e-25,-6.420371175965734e-24,-2.8129496134121248e-22,-1.0099994390648826e-23,0,70,255.0,255.0,255.0
1879,93.95,78.238,-0.236,-35.875,-7.0838589555816325e-25,-3.103642727878903e-23,-1.1143738228617283e-24,3.853705448541681e-25,1.688419400463882e-23,6.0623291623991115e-25,0,70,255.0,255.0,255.0
1880,94.0,78.238,-0.236,-35.875,-5.18973825294968e-25,-2.2737738694911305e-23,-8.164064943775326e-25,7.19111226567407e-24,3.150633493504899e-22,1.1312460223128651e-23,0,70,255.0,255.0,255.0
1881,94.05000000000001,78.238,-0.236,-35.875,-2.0500803696091837e-25,-8.981992824252128e-24,-3.2250160724262993e-25,5.36751926768506e-24,2.3516648547575206e-22,8.443735262262964e-24,0,70,255.0,255.0,255.0
1882,94.10000000000001,78.238,-0.236,-35.875,1.7778101473609696e-26,7.789098526670405e-25,2.79670318488766e-26,3.543926269696568e-24,1.552696216010369e-22,5.5750103013980934e-24,0,70,255.0,255.0,255.0
1883,94.15,78.238,-0.236,-35.875,1.4938459000871835e-25,6.54496933585068e-24,2.349994228971477e-25,1.720333271708076e-24,7.537275772632179e-23,2.7062853405332227e-24,0,70,255.0,255.0,255.0
1884,94.2,78.238,-0.236,-35.875,1.8981142864440735e-25,8.316185625298793e-24,2.9859556590218367e-25,-1.0325972628041691e-25,-4.524106148393363e-24,-1.6243962033164865e-25,0,70,255.0,255.0,255.0
1885,94.25,78.238,-0.236,-35.875,1.3905861738067723e-25,6.092558721011374e-24,2.1875546086398374e-25,-1.9268527242689082e-24,-8.442097002310845e-23,-3.0311645811965197e-24,0,70,255.0,255.0,255.0
1886,94.30000000000001,78.238,-0.236,-35.875,5.493173794556782e-26,2.406717723680497e-24,8.641404521840178e-26,-1.438222453134703e-24,-6.30126698700931e-23,-2.262492044625555e-24,0,70,255.0,255.0,255.0
1887,94.35000000000001,78.238,-0.236,-35.875,-4.763627932812288e-27,-2.0870826599877763e-25,-7.493743598601984e-27,-9.495921820006367e-25,-4.160436971708384e-23,-1.4938195080548088e-24,0,70,255.0,255.0,255.0
1888,94.4,78.238,-0.236,-35.875,-4.002748025449048e-26,-1.7537192480276498e-24,-6.296790558707065e-26,-4.609619108665704e-25,-2.019606956407458e-23,-7.251469714840627e-25,0,70,255.0,255.0,255.0
1889,94.45,78.238,-0.236,-35.875,-5.0859819019466686e-26,-2.2283152224061217e-24,-8.000844074700412e-26,2.7668360267495885e-26,1.2122305889346797e-24,4.352556508668343e-26,0,70,255.0,255.0,255.0
1890,94.5,78.238,-0.236,-35.875,-3.726064422774095e-26,-1.6324961891341916e-24,-5.861534907840251e-26,5.1629863140156275e-25,2.262053074194393e-23,8.1219810165742975e-25,0,70,255.0,255.0,255.0
1891,94.55000000000001,78.238,-0.236,-35.875,-1.4718914821352956e-26,-6.44878070469859e-25,-2.3154573630977278e-26,3.853705448537519e-25,1.6884194004620387e-23,6.062329162392571e-25,0,70,255.0,255.0,255.0
1892,94.60000000000001,78.238,-0.236,-35.875,1.2764102576393894e-27,5.592321132807249e-26,2.0079425455313015e-27,2.5444245830597827e-25,1.1147857267298476e-23,4.002677308211431e-25,0,70,255.0,255.0,255.0
1893,94.65,78.238,-0.236,-35.875,1.072533100924342e-26,4.699076562599253e-25,1.6872199451134748e-26,1.2351437175820465e-25,5.4115205299765654e-24,1.9430254540302898e-25,0,70,255.0,255.0,255.0
1894,94.7,78.238,-0.236,-35.875,1.3627847433459156e-26,5.970752643256984e-25,2.1438197085833074e-26,-7.413714789568926e-27,-3.24816207345347e-25,-1.1662640015085079e-26,0,70,255.0,255.0,255.0
1895,94.75,78.238,-0.236,-35.875,9.98395953028656e-27,4.37426035525392e-25,1.5705935449626307e-26,-1.383418013373426e-25,-6.061152944667261e-24,-2.1762782543319923e-25,0,70,255.0,255.0,255.0
1896,94.80000000000001,78.238,-0.236,-35.875,3.943921339844008e-27,1.7279455819893942e-25,6.204249305507329e-27,-1.0325972628030455e-25,-4.524106148388436e-24,-1.6243962033147342e-25,0,70,255.0,255.0,255.0
1897,94.85000000000001,78.238,-0.236,-35.875,-3.42013097745274e-28,-1.498457931351208e-26,-5.380265835232048e-28,-6.817765122327647e-26,-2.9870593521100485e-24,-1.072514152297633e-25,0,70,255.0,255.0,255.0
1898,94.9,78.238,-0.236,-35.875,-2.873843782483251e-27,-1.2591137701204844e-25,-4.520892217468387e-27,-3.30955761662484e-26,-1.4500125558316609e-24,-5.206321012805317e-26,0,70,255.0,255.0,255.0
1899,94.95,78.238,-0.236,-35.875,-3.651570714369929e-27,-1.5998583489666991e-25,-5.7443475963282276e-27,1.9864988907796794e-27,8.703424044672673e-26,3.124994973656975e-27,0,70,255.0,255.0,255.0
1900,95.0,78.238,-0.236,-35.875,-2.6751938934052946e-27,-1.1720795296737636e-25,-4.20839272010271e-27,3.7068573947807756e-26,1.6240810367251136e-24,5.831320007536707e-26,0,70,255.0,255.0,255.0
1901,95.05000000000001,78.238,-0.236,-35.875,-1.0567705380230732e-27,-4.6300162325898435e-26,-1.662423591052043e-27,2.766836026746638e-26,1.2122305889333584e-24,4.352556508663647e-26,0,70,255.0,255.0,255.0
1902,95.10000000000001,78.238,-0.236,-35.875,9.16421333417124e-29,4.015105925975669e-27,1.4416378856151798e-28,1.826814658712767e-26,8.003801411417201e-25,2.873793009791008e-26,0,70,255.0,255.0,255.0
1903,95.15,78.238,-0.236,-35.875,7.700441206895901e-28,3.3737851788269e-26,1.2113694187388022e-27,8.867932906788964e-27,3.8852969335008183e-25,1.3950295109183688e-26,0,70,255.0,255.0,255.0
1904,95.2,78.238,-0.236,-35.875,9.784354240205574e-28,4.286807526098161e-26,1.5391932994798085e-27,-5.322807735497403e-28,-2.3320754441556436e-26,-8.373398795426958e-28,0,70,255.0,255.0,255.0
1905,95.25,78.238,-0.236,-35.875,7.1681604333461955e-28,3.140577634411351e-26,1.127635430784537e-27,-9.932494453888441e-27,-4.351712022331948e-25,-1.5624974868269092e-26,0,70,255.0,255.0,255.0
1906,95.30000000000001,78.238,-0.236,-35.875,2.8316081224828545e-28,1.240609110465438e-26,4.454450587008417e-28,-7.413714789560978e-27,-3.2481620734499767e-25,-1.1662640015072514e-26,0,70,255.0,255.0,255.0
1907,95.35000000000001,78.238,-0.236,-35.875,-2.4555435621577264e-29,-1.0758443903905943e-27,-3.8628570722870146e-29,-4.89493512523423e-27,-2.144612124568319e-25,-7.700305161877063e-27,0,70,255.0,255.0,255.0
1908,95.4,78.238,-0.236,-35.875,-2.0633270027510966e-28,-9.040030141027598e-27,-3.2458545748682095e-28,-2.376155460907482e-27,-1.0410621756866615e-25,-3.7379703086816126e-27,0,70,255.0,255.0,255.0
1909,95.45,78.238,-0.236,-35.875,-2.6217098171231175e-28,-1.1486466147256612e-26,-4.1242560159101e-28,1.4262420341926586e-28,6.2487773194996516e-27,2.243645445138368e-28,0,70,255.0,255.0,255.0
1910,95.5,78.238,-0.236,-35.875,-1.9207027993318396e-28,-8.415152409077671e-27,-3.0214900303543784e-28,2.661403867746013e-27,1.166037722076653e-25,4.1866993977092905e-27,0,70,255.0,255.0,255.0
1911,95.55000000000001,78.238,-0.236,-35.875,-7.587271097006887e-29,-3.324202092719075e-27,-1.193566437513246e-28,1.986498890777535e-27,8.703424044663221e-26,3.1249949736535765e-27,0,70,255.0,255.0,255.0
1912,95.60000000000001,78.238,-0.236,-35.875,6.579609144596037e-30,2.882716355867123e-28,1.0350494329961596e-29,1.3115939138092482e-27,5.746470868560753e-26,2.0632905495981646e-27,0,70,255.0,255.0,255.0
1913,95.65,78.238,-0.236,-35.875,5.528668041084853e-29,2.422268775841351e-27,8.697241120848012e-29,6.366889368409619e-28,2.7895176924582854e-26,1.0015861255427523e-27,0,70,255.0,255.0,255.0
1914,95.7,78.238,-0.236,-35.875,7.024850282868855e-29,3.0777893280448404e-27,1.105091068842311e-28,-3.8216040127324614e-29,-1.674354836441826e-27,-6.011829851265995e-29,0,70,255.0,255.0,255.0
1915,95.75,78.238,-0.236,-35.875,5.146507639811632e-29,2.2548332921971788e-27,8.096058135721442e-29,-7.131210170956108e-28,-3.124388659746651e-26,-1.1218227225680722e-27,0,70,255.0,255.0,255.0
1916,95.80000000000001,78.238,-0.236,-35.875,2.0330031631989933e-29,8.907172662219242e-28,3.198151630445664e-29,-5.322807735491615e-28,-2.3320754441531262e-26,-8.373398795417934e-28,0,70,255.0,255.0,255.0
1917,95.85000000000001,78.238,-0.236,-35.875,-1.7630009568069423e-30,-7.724215195625875e-29,-2.7734065969761093e-30,-3.5144053000276375e-28,-1.5397622285598262e-26,-5.528570365155955e-28,0,70,255.0,255.0,255.0
1918,95.9,78.238,-0.236,-35.875,-1.481402136828445e-29,-6.490449623378141e-28,-2.330418734709978e-29,-1.7060028645636596e-28,-7.474490129665265e-27,-2.683741934893976e-28,0,70,255.0,255.0,255.0
1919,95.95,78.238,-0.236,-35.875,-1.8823029602442562e-29,-8.246911649227423e-28,-2.9610825945914375e-29,1.0239957090031877e-29,4.486420262677324e-28,1.6108649536800307e-29,0,70,255.0,255.0,255.0
1920,96.0,78.238,-0.236,-35.875,-1.3790025659281298e-29,-6.041807597110437e-28,-2.1693322393419808e-29,1.9108020063642969e-28,8.37177418220073e-27,3.005914925629983e-28,0,70,255.0,255.0,255.0
1921,96.05000000000001,78.238,-0.236,-35.875,-5.4474155578908816e-30,-2.3866697216862187e-28,-8.56942146650194e-30,1.426242034191111e-28,6.248777319492819e-27,2.2436454451359706e-28,0,70,255.0,255.0,255.0
1922,96.10000000000001,78.238,-0.236,-35.875,4.723946826317147e-31,2.0696972238321733e-29,7.431320579428974e-31,9.416820620180627e-29,4.125780456785512e-27,1.481375964642175e-28,0,70,255.0,255.0,255.0
1923,96.15,78.238,-0.236,-35.875,3.9694050622892114e-30,1.7391107350990598e-28,6.244338179918965e-30,4.5712208984501444e-29,2.002783594078206e-27,7.191064841483794e-29,0,70,255.0,255.0,255.0
1924,96.2,78.238,-0.236,-35.875,5.043615581081601e-30,2.2097533164613082e-28,7.934196899426284e-30,-2.7437882328033665e-30,-1.20213268629101e-28,-4.316299634541642e-30,0,70,255.0,255.0,255.0
1925,96.25,78.238,-0.236,-35.875,3.6950262390088845e-30,1.6188974664699635e-28,5.812708216464829e-30,-5.119978545010822e-29,-2.2432101313364072e-27,-8.054324768392123e-29,0,70,255.0,255.0,255.0
1926,96.30000000000001,78.238,-0.236,-35.875,1.4596305995735962e-30,6.395062245256349e-29,2.2961695615511224e-30,-3.821604012728298e-29,-1.674354836440016e-27,-6.011829851259503e-29,0,70,255.0,255.0,255.0
1927,96.35000000000001,78.238,-0.236,-35.875,-1.2657777371992392e-31,-5.545736997027616e-30,-1.9912163479547677e-31,-2.5232294804461428e-29,-1.1054995415437864e-27,-3.969334934127463e-29,0,70,255.0,255.0,255.0
1928,96.4,78.238,-0.236,-35.875,-1.0635988808724032e-30,-4.6599331701808847e-29,-1.6731653725761144e-30,-1.2248549481639872e-29,-5.366442466475567e-28,-1.9268400169954233e-29,0,70,255.0,255.0,255.0
1929,96.45,78.238,-0.236,-35.875,-1.3514327218838415e-30,-5.921016166178021e-29,-2.1259616517907898e-30,7.351958411816785e-31,3.221104824867261e-29,1.1565490013661587e-30,0,70,255.0,255.0,255.0
1930,96.5,78.238,-0.236,-35.875,-9.900792967542404e-31,-4.3378226876941783e-29,-1.5575104724395045e-30,1.371894116400323e-29,6.010663431449023e-28,2.158149817268656e-29,0,70,255.0,255.0,255.0
1931,96.55000000000001,78.238,-0.236,-35.875,-3.9110684040350217e-31,-1.713551764163209e-29,-6.15256779702551e-31,1.0239957090020855e-29,4.486420262672468e-28,1.6108649536783004e-29,0,70,255.0,255.0,255.0
1932,96.60000000000001,78.238,-0.236,-35.875,3.3916412247981716e-32,1.4859757497888858e-30,5.335448123901091e-32,6.760973016039468e-30,2.962177093896346e-28,1.0635800900881e-29,0,70,255.0,255.0,255.0
1933,96.65,78.238,-0.236,-35.875,2.8499046120040637e-31,1.248625329732969e-29,4.483233103854888e-31,3.2819889420580836e-30,1.4379339251202236e-28,5.162952264978998e-30,0,70,255.0,255.0,255.0
1934,96.7,78.238,-0.236,-35.875,3.6211530645377136e-31,1.5865315000990298e-29,5.6964970773688115e-31,-1.9699513192330273e-31,-8.630924365589814e-30,-3.0989637092300696e-31,0,70,255.0,255.0,255.0
1935,96.75,78.238,-0.236,-35.875,2.6529094800807724e-31,1.1623160860770774e-29,4.173336732931888e-31,-3.6759792059046876e-30,-1.6105524124320186e-28,-5.782745006825013e-30,0,70,255.0,255.0,255.0
1936,96.80000000000001,78.238,-0.236,-35.875,1.0479676204041271e-31,4.591448113964849e-30,1.6485755725908166e-31,-2.7437882328004336e-30,-1.2021326862897118e-28,-4.316299634536978e-30,0,70,255.0,255.0,255.0
1937,96.85000000000001,78.238,-0.236,-35.875,-9.087875272002758e-33,-3.981660021279493e-31,-1.429629016056662e-32,-1.8115972596964445e-30,-7.937129601475211e-29,-2.84985426224936e-30,0,70,255.0,255.0,255.0
1938,96.9,78.238,-0.236,-35.875,-7.63629639292214e-32,-3.345681487509912e-30,-1.2012786896583819e-31,-8.794062865924553e-31,-3.852932340053305e-29,-1.3834088899617417e-30,0,70,255.0,255.0,255.0
1939,96.95,78.238,-0.236,-35.875,-9.702850393124323e-32,-4.25109834218104e-30,-1.526371791567329e-31,5.278468651153379e-32,2.312649213686014e-30,8.303648232587688e-32,0,70,255.0,255.0,255.0
1940,97.0,78.238,-0.236,-35.875,-7.108449527806849e-32,-3.1144165661413172e-30,-1.1182422073325106e-31,9.849756596155219e-31,4.315462182790511e-29,1.5494818546134934e-30,0,70,255.0,255.0,255.0
1941,97.05000000000001,78.238,-0.236,-35.875,-2.8080207758148645e-32,-1.2302748142273141e-30,-4.417344933377551e-32,7.3519584118088075e-31,3.2211048248637877e-29,1.1565490013649131e-30,0,70,255.0,255.0,255.0
1942,97.10000000000001,78.238,-0.236,-35.875,2.4350888400294046e-33,1.0668825872290086e-31,3.830679403255692e-33,4.854160227463107e-31,2.126747466937375e-29,7.6361614811644455e-31,0,70,255.0,255.0,255.0
1943,97.15,78.238,-0.236,-35.875,2.0461394516479645e-32,8.964726527099399e-31,3.2188165477864596e-32,2.3563620431174056e-31,1.0323901090109623e-29,3.70683294867976e-31,0,70,255.0,255.0,255.0
1944,97.2,78.238,-0.236,-35.875,2.5998709271202104e-32,1.1390783677338042e-30,4.0899008890051184e-32,-1.4143614122829617e-32,-6.1967248915450065e-31,-2.2249558380492693e-32,0,70,255.0,255.0,255.0
1945,97.25,78.238,-0.236,-35.875,1.9047033104196752e-32,8.345054037944953e-31,2.996320963981545e-32,-2.639234325573999e-31,-1.156324606841861e-29,-4.151824116289612e-31,0,70,255.0,255.0,255.0
1946,97.30000000000001,78.238,-0.236,-35.875,7.524068992181906e-33,3.296511429444063e-31,1.1836240076020432e-32,-1.9699513192308916e-31,-8.630924365580355e-30,-3.0989637092267472e-31,0,70,255.0,255.0,255.0
1947,97.35000000000001,78.238,-0.236,-35.875,-6.524800881147945e-34,-2.858703276365542e-32,-1.0264274524561618e-33,-1.3006683128879744e-31,-5.698602662742933e-30,-2.0461033021641812e-31,0,70,255.0,255.0,255.0
1948,97.4,78.238,-0.236,-35.875,-5.482614136697098e-33,-2.4020912332985463e-31,-8.624792945620217e-33,-6.313853065450572e-32,-2.7662809599055107e-30,-9.932428951016153e-32,0,70,255.0,255.0,255.0
1949,97.45,78.238,-0.236,-35.875,-6.966333153565006e-33,-3.052151287541906e-31,-1.0958856403471752e-32,3.789769979785952e-33,1.6604074293191143e-31,5.961751196095028e-33,0,70,255.0,255.0,255.0
1950,97.5,78.238,-0.236,-35.875,-5.103637138718522e-33,-2.2360504903666425e-31,-8.02861782601075e-33,7.071807061407768e-32,3.098362445769334e-30,1.1124779190235156e-31,0,70,255.0,255.0,255.0
1951,97.55000000000001,78.238,-0.236,-35.875,-2.01606821057898e-33,-8.832975755031156e-32,-3.171510970306212e-33,5.27846865114759e-32,2.3126492136835433e-30,8.303648232578581e-32,0,70,255.0,255.0,255.0
1952,97.60000000000001,78.238,-0.236,-35.875,1.7483151242977345e-34,7.659872331720976e-33,2.7503040656893984e-34,3.4851302408879217e-32,1.526935981597976e-30,5.482517274922808e-32,0,70,255.0,255.0,255.0
1953,97.65,78.238,-0.236,-35.875,1.4690620303087434e-33,6.436384060947736e-32,2.311006304616285e-33,1.6917918306282526e-32,7.412227495124087e-31,2.661386317267034e-32,0,70,255.0,255.0,255.0
1954,97.7,78.238,-0.236,-35.875,1.866623343057931e-33,8.178214728295758e-32,2.9364167238358236e-33,-1.0154657963141586e-33,-4.449048257315837e-32,-1.597446403887396e-33,0,70,255.0,255.0,255.0
1955,97.75,78.238,-0.236,-35.875,1.3675154506773333e-33,5.991479235216176e-32,2.1512616642275552e-33,-1.8948849898910835e-32,-8.302037146587262e-31,-2.980875598044512e-32,0,70,255.0,255.0,255.0
1956,97.80000000000001,78.238,-0.236,-35.875,5.402038501340134e-34,2.3667887256839885e-32,8.498038052044164e-34,-1.414361412281444e-32,-6.196724891538191e-31,-2.2249558380468595e-32,0,70,255.0,255.0,255.0
1957,97.85000000000001,78.238,-0.236,-35.875,-4.6845961604299616e-35,-2.0524565632284243e-33,-7.36941738196015e-35,-9.338378346719413e-33,-4.091412636489719e-31,-1.4690360780494218e-32,0,70,255.0,255.0,255.0
1958,97.9,78.238,-0.236,-35.875,-3.936339845378749e-34,-1.7246239108054983e-32,-6.192322728449217e-34,-4.5331425706243844e-33,-1.9861003814412468e-31,-7.131163180519838e-33,0,70,255.0,255.0,255.0
1959,97.95,78.238,-0.236,-35.875,-5.001602186667127e-34,-2.1913460377639755e-32,-7.868104918715442e-34,2.72093205470644e-34,1.1921187360722577e-32,4.280344194545395e-34,0,70,255.0,255.0,255.0
1960,98.0,78.238,-0.236,-35.875,-3.6642466399081226e-34,-1.6054120371982757e-32,-5.764288308994703e-34,5.0773289815656697e-33,2.2245241286556987e-31,7.987232019428915e-33,0,70,255.0,255.0,255.0
1961,98.05000000000001,78.238,-0.236,-35.875,-1.447471899570733e-34,-6.341791477047992e-33,-2.2770425051145405e-34,3.7897699797818735e-33,1.6604074293173237e-31,5.961751196088563e-33,0,70,255.0,255.0,255.0
1962,98.10000000000001,78.238,-0.236,-35.875,1.2552333987425741e-35,5.49953921192697e-34,1.974628870946568e-35,2.5022109779984438e-33,1.0962907299791089e-31,3.9362703727487865e-33,0,70,255.0,255.0,255.0
1963,98.15,78.238,-0.236,-35.875,1.0547390784275692e-34,4.621115822742471e-33,1.6592278676340223e-34,1.214651976215014e-33,5.321740306408941e-32,1.9107895494090098e-33,0,70,255.0,255.0,255.0
1964,98.2,78.238,-0.236,-35.875,1.3401753160892026e-34,5.871694227601336e-33,2.1082524365035577e-34,-7.290702556841601e-35,-3.194266869732071e-33,-1.1469127393076763e-34,0,70,255.0,255.0,255.0
1965,98.25,78.238,-0.236,-35.875,9.818320528591577e-35,4.30168913576928e-33,1.5445365937032612e-34,-1.3604660273518454e-33,-5.960593680355359e-32,-2.140172097270544e-33,0,70,255.0,255.0,255.0
1966,98.30000000000001,78.238,-0.236,-35.875,3.8784909694279744e-35,1.6992786513520845e-33,6.101319684139979e-35,-1.0154657963130553e-33,-4.449048257311054e-32,-1.5974464038856597e-33,0,70,255.0,255.0,255.0
1967,98.35000000000001,78.238,-0.236,-35.875,-3.3633743454033394e-36,-1.4735912154236827e-34,-5.2909810182611766e-36,-6.704655652743635e-34,-2.937502834267178e-32,-1.0547207105009295e-33,0,70,255.0,255.0,255.0
1968,98.4,78.238,-0.236,-35.875,-2.826164683315278e-35,-1.2382241829149262e-33,-4.445887420868714e-35,-3.254653342356715e-34,-1.4259574112233023e-32,-5.119950171161993e-34,0,70,255.0,255.0,255.0
1969,98.45,78.238,-0.236,-35.875,-3.590990776896864e-35,-1.5733165327655887e-33,-5.649048272987819e-35,1.9534896803020376e-35,8.558801182057292e-34,3.0730676268531015e-35,0,70,255.0,255.0,255.0
1970,98.5,78.238,-0.236,-35.875,-2.6308157152850863e-35,-1.1526361710943592e-33,-4.138580658183424e-35,3.6453512784171253e-34,1.5971334348644493e-32,5.734563696532612e-34,0,70,255.0,255.0,255.0
1971,98.55000000000001,78.238,-0.236,-35.875,-1.0392448820045728e-35,-4.553231283603432e-34,-1.6348536854145118e-35,2.7209320547034816e-34,1.1921187360709801e-32,4.280344194540758e-34,0,70,255.0,255.0,255.0
1972,98.60000000000001,78.238,-0.236,-35.875,9.011633941875828e-37,3.948256497678001e-35,1.4176353635790615e-36,1.7965128309901005e-34,7.871040372776261e-33,2.826124692549317e-34,0,70,255.0,255.0,255.0
1973,98.65,78.238,-0.236,-35.875,7.57267948985425e-36,3.31780908917238e-34,1.1912710071346443e-35,8.720936072767193e-35,3.8208933848427207e-33,1.371905190557876e-34,0,70,255.0,255.0,255.0
1974,98.7,78.238,-0.236,-35.875,9.622099466954283e-36,4.215719034610306e-34,1.5136687269157027e-35,-5.232561643666178e-36,-2.292536030908211e-34,-8.23143114335651e-36,0,70,255.0,255.0,255.0
1975,98.75,78.238,-0.236,-35.875,7.049423325487662e-36,3.0885554860815697e-34,1.1089566957010832e-35,-9.767448401500431e-35,-4.27940059102436e-33,-1.536533813425006e-34,0,70,255.0,255.0,255.0
1976,98.80000000000001,78.238,-0.236,-35.875,2.784885585903163e-36,1.2201386208928923e-34,4.380950575180707e-36,-7.290702556833687e-35,-3.194266869728651e-33,-1.1469127393064338e-34,0,70,255.0,255.0,255.0
1977,98.85000000000001,78.238,-0.236,-35.875,-2.4127923134699787e-37,-1.0571138364750711e-35,-3.795604360550375e-37,-4.813956712167647e-35,-2.1091331484332495e-33,-7.572916651879722e-35,0,70,255.0,255.0,255.0
1978,98.9,78.238,-0.236,-35.875,-2.0290711262642092e-36,-8.889945275402378e-35,-3.1919660766985845e-36,-2.3372108675016067e-35,-1.0239994271378484e-33,-3.676705910695106e-35,0,70,255.0,255.0,255.0
1979,98.95,78.238,-0.236,-35.875,-2.57849009884847e-36,-1.1297108107852972e-34,-4.056266346749935e-36,1.395349771644337e-36,6.113429415755316e-35,2.1950483048950878e-36,0,70,255.0,255.0,255.0
1980,99.0,78.238,-0.236,-35.875,-1.8895361490997855e-36,-8.278602333826889e-35,-2.9724612462090887e-36,2.616280821830472e-35,1.146268015452954e-33,4.1157155716741227e-35,0,70,255.0,255.0,255.0
1981,99.05000000000001,78.238,-0.236,-35.875,-7.470935235669241e-37,-3.273231999681351e-35,-1.1752654465777055e-36,1.953489680299935e-35,8.558801182048062e-34,3.0730676268497744e-35,0,70,255.0,255.0,255.0
1982,99.10000000000001,78.238,-0.236,-35.875,6.395353120041007e-38,2.8019884822231524e-36,1.006063806410959e-37,1.2906985387695863e-35,5.654922209567411e-34,2.0304196820257225e-35,0,70,255.0,255.0,255.0
1983,99.15,78.238,-0.236,-35.875,5.4360501520258855e-37,2.3816902098857388e-35,8.551542354479011e-37,6.279073972392375e-36,2.7510432370867603e-34,9.877717372016707e-36,0,70,255.0,255.0,255.0
1984,99.2,78.238,-0.236,-35.875,6.918609284396123e-37,3.031242085308923e-35,1.0883781178427107e-36,-3.4883744291111097e-37,-1.5283573539389146e-35,-5.4876207622380936e-37,0,70,255.0,255.0,255.0
1985,99.25,78.238,-0.236,-35.875,5.087212709114807e-37,2.2288544744918546e-35,8.002780278255238e-37,-6.976748858214593e-36,-3.0567147078745436e-34,-1.0975241524464327e-35,0,70,255.0,255.0,255.0
1986,99.30000000000001,78.238,-0.236,-35.875,2.0348850836453277e-37,8.915417897964811e-36,3.2011121113011596e-37,-5.232561643660548e-36,-2.2925360309057338e-34,-8.231431143347621e-36,0,70,255.0,255.0,255.0
1987,99.35000000000001,78.238,-0.236,-35.875,-1.4534893454643496e-38,-6.368155641418332e-37,-2.286508650934744e-38,-3.488374429106999e-36,-1.5283573539371414e-34,-5.4876207622316956e-36,0,70,255.0,255.0,255.0
1988,99.4,78.238,-0.236,-35.875,-1.4534893454614726e-37,-6.36815564140573e-36,-2.2865086509302245e-37,-1.74418721455345e-36,-7.64178676968549e-35,-2.74381038111577e-36,0,70,255.0,255.0,255.0
1989,99.45,78.238,-0.236,-35.875,-1.889536149099786e-37,-8.278602333826887e-36,-2.9724612462090867e-37,9.889229427341124e-50,4.361952006870463e-48,1.5635673554039345e-49,0,70,255.0,255.0,255.0
1990,99.5,78.238,-0.236,-35.875,-1.4534893454613732e-37,-6.368155641405298e-36,-2.286508650930068e-37,1.744187214553648e-36,7.641786769686358e-35,2.7438103811160817e-36,0,70,255.0,255.0,255.0
1991,99.55000000000001,78.238,-0.236,-35.875,-6.68605098912073e-38,-2.9293515950457418e-36,-1.0517939794275815e-37,1.3953497716428389e-36,6.113429415748739e-35,2.1950483048927404e-36,0,70,255.0,255.0,255.0
1992,99.60000000000001,78.238,-0.236,-35.875,-5.813957381836577e-39,-2.5472622565582105e-37,-9.146034603706239e-39,1.0465123287321292e-36,4.5850720618115544e-35,1.646286228669555e-36,0,70,255.0,255.0,255.0
1993,99.65,78.238,-0.236,-35.875,3.779072298199967e-38,1.655720466765551e-36,5.944922492418801e-38,6.9767488582141945e-37,3.0567147078743696e-35,1.0975241524463702e-36,0,70,255.0,255.0,255.0
1994,99.7,78.238,-0.236,-35.875,6.395353120030141e-38,2.8019884822183748e-36,1.006063806409245e-37,3.4883744291070973e-37,1.5283573539371848e-35,5.487620762231849e-37,0,70,255.0,255.0,255.0
1995,99.75,78.238,-0.236,-35.875,7.267446727306866e-38,3.184077820702649e-36,1.1432543254650338e-37,0.0,0.0,0.0,0,70,255.0,255.0,255.0
1996,99.80000000000001,78.238,-0.236,-35.875,6.395353120029646e-38,2.8019884822181573e-36,1.0060638064091674e-37,-3.4883744291080887e-37,-1.528357353937619e-35,-5.4876207622334095e-37,0,70,255.0,255.0,255.0
1997,99.85000000000001,78.238,-0.236,-35.875,3.7790722981989756e-38,1.6557204667651167e-36,5.94492249241724e-38,-6.976748858215186e-37,-3.0567147078748036e-35,-1.097524152446526e-36,0,70,255.0,255.0,255.0
1998,99.9,78.238,-0.236,-35.875,-5.8139573818514494e-39,-2.547262256564732e-37,-9.146034603729626e-39,-1.0465123287322284e-36,-4.5850720618119884e-35,-1.646286228669711e-36,0,70,255.0,255.0,255.0
1999,99.95,78.238,-0.236,-35.875,-6.686050989122714e-38,-2.9293515950466114e-36,-1.0517939794278935e-37,-1.3953497716429381e-36,-6.113429415749173e-35,-2.195048304892896e-36,0,70,255.0,255.0,255.0
