idx,t,px,py,pz,vx,vy,vz,ax,ay,az,yaw,mode,ledr,ledg,ledb
0,0.0,4.5,3.0,0.0,2.1879312720357297e-21,-1.9877396196400516e-20,0.017974594246339348,-2.6255175264428758e-20,2.385287543568062e-19,-0.5084951309560722,0,70,255.0,255.0,255.0
1,0.05,4.5,3.0,0.00026468539286821644,1.0064483851364355e-21,-9.143602250344235e-21,-0.007355686646683905,-2.1004140211543005e-20,1.9082300348544497e-19,-0.5047161047648578,0,70,255.0,255.0,255.0
2,0.1,4.5,3.0,-0.0007324194761757119,8.751725088142888e-23,-7.950958478560171e-22,-0.03249701623014644,-1.5753105158657253e-20,1.4311725261408372e-19,-0.5009370785736433,0,70,255.0,255.0,255.0
3,0.15000000000000002,4.5,3.0,-0.002981867041653749,-5.6886213072929e-22,5.1681230110641374e-21,-0.05744939450404825,-1.0502070105771501e-20,9.541150174272247e-20,-0.49715805238242894,0,70,255.0,255.0,255.0
4,0.2,4.5,3.0,-0.006474209738087858,-9.626897596957214e-22,8.746054326416232e-21,-0.08221282146838933,-5.251035052885749e-21,4.7705750871361224e-20,-0.4933790261912145,0,70,255.0,255.0,255.0
5,0.25,4.5,3.0,-0.0112,-1.0939656360178648e-21,9.938698098200258e-21,-0.10678729712316967,0.0,0.0,-0.4895999999999998,0,70,255.0,255.0,255.0
6,0.30000000000000004,4.5,3.0,-0.01714979026191215,-9.626897596957208e-22,8.746054326416226e-21,-0.13117282146838932,5.251035052885756e-21,-4.7705750871361284e-20,-0.4858209738087854,0,70,255.0,255.0,255.0
7,0.35000000000000003,4.5,3.0,-0.024314132958346255,-5.688621307292893e-22,5.168123011064131e-21,-0.15536939450404824,1.0502070105771507e-20,-9.541150174272252e-20,-0.4820419476175711,0,70,255.0,255.0,255.0
8,0.4,4.5,3.0,-0.032683580523824286,8.751725088142954e-23,-7.950958478560246e-22,-0.1793770162301464,1.5753105158657256e-20,-1.4311725261408374e-19,-0.4782629214263567,0,70,255.0,255.0,255.0
9,0.45,4.5,3.0,-0.04224868539286821,1.0064483851364362e-21,-9.143602250344242e-21,-0.20319568664668392,2.1004140211543008e-20,-1.90823003485445e-19,-0.47448389523514234,0,70,255.0,255.0,255.0
10,0.5,4.5,3.0,-0.053,2.1879312720357297e-21,-1.9877396196400516e-20,-0.22682540575366067,2.6255175264428755e-20,-2.385287543568062e-19,-0.4707048690439266,0,70,255.0,255.0,255.0
11,0.55,4.5,3.0,-0.06492632434521964,2.8443106536464487e-21,-2.5840615055320675e-20,-0.2501610274797589,-2.7083389842945504e-35,1.925929944387236e-34,-0.4627199999999996,0,70,255.0,255.0,255.0
12,0.6000000000000001,4.5,3.0,-0.0780094486904393,2.1879312720357274e-21,-1.9877396196400498e-20,-0.27309740575366065,-2.625517526442881e-20,2.385287543568066e-19,-0.45473513095607254,0,70,255.0,255.0,255.0
13,0.65,4.5,3.0,-0.0922294108630491,2.1879312720357188e-22,-1.987739619640045e-21,-0.2956345405753661,-5.251035052885753e-20,4.770575087136125e-19,-0.4467502619121455,0,70,255.0,255.0,255.0
14,0.7000000000000001,4.5,3.0,-0.10756624869043929,-3.0631037808500273e-21,2.782835467496076e-20,-0.3177724319448752,-7.876552579328631e-20,7.155862630704188e-19,-0.4387653928682185,0,70,255.0,255.0,255.0
15,0.75,4.5,3.0,-0.124,-7.657759452125053e-21,6.957088668740181e-20,-0.3395110798621879,-1.0502070105771503e-19,9.541150174272249e-19,-0.43078052382429144,0,70,255.0,255.0,255.0
16,0.8,4.5,3.0,-0.1415121123572093,-1.0414552854890072e-20,9.461640589486648e-20,-0.3609350686125756,-5.251035052885677e-21,4.7705750871360454e-20,-0.4261790261912144,0,70,255.0,255.0,255.0
17,0.8500000000000001,4.5,3.0,-0.16008967227989668,-8.182862957413622e-21,7.434146177453785e-20,-0.3821289824813094,9.451863095194368e-20,-8.58703515684504e-19,-0.42157752855813735,0,70,255.0,255.0,255.0
18,0.9,4.5,3.0,-0.17972117602397936,-9.626897596957169e-22,8.746054326416171e-21,-0.4030928214683893,1.9428829695677282e-19,-1.7651127822403664e-18,-0.4169760309250603,0,70,255.0,255.0,255.0
19,0.9500000000000001,4.5,3.0,-0.20039511984537475,1.1245966738263672e-20,-1.0216981644949888e-19,-0.4238265855738154,2.940579629616022e-19,-2.6715220487962312e-18,-0.41237453329198326,0,70,255.0,255.0,255.0
20,1.0,4.5,3.0,-0.2221,2.8443106536464485e-20,-2.5840615055320673e-19,-0.44433027479758763,3.9382762896643136e-19,-3.577931315352093e-18,-0.4077730356589071,0,70,255.0,255.0,255.0
21,1.05,4.5,3.0,-0.24482282622594312,3.8813900765913846e-20,-3.5262500852414516e-19,-0.46451469806993884,2.100414021154266e-20,-1.9082300348544182e-19,-0.39960389523514184,0,70,255.0,255.0,255.0
22,1.1,4.5,3.0,-0.26854466218997414,3.054352055761875e-20,-2.774884509017509e-19,-0.48429066432110185,-3.5181934854334604e-19,3.1962853083812093e-18,-0.39143475481137663,0,70,255.0,255.0,255.0
23,1.1500000000000001,4.5,3.0,-0.2932450850410336,3.631965911579198e-21,-3.299647768602401e-20,-0.5036581735510766,-7.246428372982348e-19,6.5833936202478605e-18,-0.38326561438761136,0,70,255.0,255.0,255.0
24,1.2000000000000002,4.5,3.0,-0.31890367192806196,-4.192076317220478e-20,3.808509111230355e-19,-0.522617225759863,-1.0974663260531235e-18,9.970501932114512e-18,-0.3750964739638461,0,70,255.0,255.0,255.0
25,1.25,4.5,3.0,-0.3455,-1.0611466669373288e-19,9.64053715525425e-19,-0.5411678209474611,-1.4702898148080104e-18,1.335761024398115e-17,-0.366927333540076,0,70,255.0,255.0,255.0
26,1.3,4.5,3.0,-0.37301498273901823,-1.4484105020876531e-19,1.3158836282017144e-18,-0.5593901391076684,-7.876552579328526e-20,7.155862630704103e-19,-0.3619653928682176,0,70,255.0,255.0,255.0
27,1.35,4.5,3.0,-0.401434878960207,-1.139912192730614e-19,1.0356123418324663e-18,-0.577364360234283,1.3127587632214399e-18,-1.192643771784033e-17,-0.3570034521963592,0,70,255.0,255.0,255.0
28,1.4000000000000001,4.5,3.0,-0.43074728381188665,-1.3565173886621164e-20,1.2323985641768018e-19,-0.5950904843273044,2.704283052236165e-18,-2.4568461698751067e-17,-0.3520415115245008,0,70,255.0,255.0,255.0
29,1.4500000000000002,4.5,3.0,-0.4609397924423776,1.5643708595055538e-19,-1.4212338280426433e-18,-0.612568511386733,4.09580734125089e-18,-3.721048567966181e-17,-0.3470795708526424,0,70,255.0,255.0,255.0
30,1.5,4.5,3.0,-0.492,3.9601556023846705e-19,-3.597808711548494e-18,-0.6297984414125685,5.487331630265611e-18,-4.985250966057251e-17,-0.34211763018077956,0,70,255.0,255.0,255.0
31,1.55,4.5,3.0,-0.5239148428179841,5.405503000691474e-19,-4.9109095042827125e-18,-0.6467407454993876,2.94057962961598e-19,-2.6715220487961885e-18,-0.33557453329198433,0,70,255.0,255.0,255.0
32,1.6,4.5,3.0,-0.5566686219691981,4.2542135653462697e-19,-3.864960916428113e-18,-0.6633558947417669,-4.899215704342415e-18,4.450946556298013e-17,-0.3290314364031891,0,70,255.0,255.0,255.0
33,1.6500000000000001,4.5,3.0,-0.5902449797114202,5.062872963490551e-20,-4.5996294798469535e-19,-0.6796438891397065,-1.0092489371646429e-17,9.169045317475645e-17,-0.3224883395143939,0,70,255.0,255.0,255.0
34,1.7000000000000002,4.5,3.0,-0.6246275583024282,-5.838275806300168e-19,5.304084401047539e-18,-0.6956047286932063,-1.5285763038950442e-17,1.3887144078653277e-16,-0.31594524262559864,0,70,255.0,255.0,255.0
35,1.75,4.5,3.0,-0.6598,-1.4779475742601354e-18,1.3427181130668551e-17,-0.7112384134022662,-2.0479036706254425e-17,1.8605242839830882e-16,-0.3094021457368026,0,70,255.0,255.0,255.0
36,1.8,4.5,3.0,-0.6957456459890456,-2.0173601500678242e-18,1.832775438892913e-17,-0.7265268788947824,-1.097466326053102e-18,9.970501932114319e-18,-0.3021364739638418,0,70,255.0,255.0,255.0
37,1.85,4.5,3.0,-0.7324466331630008,-1.5876942068654452e-18,1.4424231323879983e-17,-0.7414520607986504,1.828410405414822e-17,-1.6611142453408018e-16,-0.2948708021908811,0,70,255.0,255.0,255.0
38,1.9000000000000001,4.5,3.0,-0.7698847973424333,-1.8894974465300043e-19,1.7166119355210943e-18,-0.7560139591138705,3.766567443434955e-17,-3.4219335100027467e-16,-0.2876051304179203,0,70,255.0,255.0,255.0
39,1.9500000000000002,4.5,3.0,-0.8080419743479106,2.1788732365695117e-18,-1.9795103776147512e-17,-0.7702125738404425,5.704724481455087e-17,-5.182752774664691e-16,-0.2803394586449595,0,70,255.0,255.0,255.0
40,2.0,4.5,3.0,-0.8469,5.515774736802074e-18,-5.011091581112571e-17,-0.7840479049783664,7.64288151947521e-17,-6.943572039326629e-16,-0.27307378687200057,0,70,255.0,255.0,255.0
41,2.0500000000000003,4.5,3.0,-0.8864417732258338,7.52889030020215e-18,-6.840010805143384e-17,-0.7975837389214825,4.095807341250505e-18,-3.721048567965828e-17,-0.26835957085264006,0,70,255.0,255.0,255.0
42,2.1,4.5,3.0,-0.9266544453787988,5.9253554709271556e-18,-5.383196437909183e-17,-0.8108838620636305,-6.823720051225045e-17,6.199362325733407e-16,-0.26364535483327955,0,70,255.0,255.0,255.0
43,2.15,4.5,3.0,-0.967526230918847,7.051702489771303e-19,-6.406484794099964e-18,-0.8239482744048103,-1.4057020836575142e-16,1.2770829508263396e-15,-0.25893113881391905,0,70,255.0,255.0,255.0
44,2.2,4.5,3.0,-1.0090453443059304,-8.131665365648035e-18,7.387633070354249e-17,-0.8367769759450223,-2.12903216219253e-16,1.934229669079344e-15,-0.25421692279455854,0,70,255.0,255.0,255.0
45,2.25,4.5,3.0,-1.0512,-2.0585151372948163e-17,1.870164821138343e-16,-0.8493699666842662,-2.8523622407275393e-16,2.5913763873323428e-15,-0.24950270677519804,0,70,255.0,255.0,255.0
46,2.3000000000000003,4.5,3.0,-1.0939768611076202,-2.809820105074078e-17,2.5527267781680626e-16,-0.8616341654192863,-1.5285763038948954e-17,1.3887144078651914e-16,-0.2410652426256014,0,70,255.0,255.0,255.0
47,2.35,4.5,3.0,-1.137356385321804,-2.2113727676843175e-17,2.0090362619248732e-16,-0.8734764909468264,2.5466469799485365e-16,-2.3136335057592824e-15,-0.2326277784760048,0,70,255.0,255.0,255.0
48,2.4000000000000004,4.5,3.0,-1.181317478982178,-2.6317312512552643e-18,2.3909327240876598e-17,-0.8848969432668867,5.246151590286586e-16,-4.766138452305107e-15,-0.22419031432640815,0,70,255.0,255.0,255.0
49,2.45,4.5,3.0,-1.2258390484283679,3.0347788226022606e-17,-2.7571021903802254e-16,-0.8958955223794672,7.945656200624612e-16,-7.218643398850908e-15,-0.21575285017681156,0,70,255.0,255.0,255.0
50,2.5,4.5,3.0,-1.2709,7.682483075499057e-17,-6.979550126442115e-16,-0.9064722282845679,1.064516081096264e-15,-9.67114834539671e-15,-0.20731538602721677,0,70,255.0,255.0,255.0
51,2.5500000000000003,4.5,3.0,-1.3164811823436864,1.0486391390276096e-16,-9.52690603215791e-16,-0.9167435994013724,5.704724481454542e-17,-5.182752774664204e-16,-0.203539458644963,0,70,255.0,255.0,255.0
52,2.6,4.5,3.0,-1.3625712133339856,8.252955523644555e-17,-7.497825403908576e-16,-0.9268261741490642,-9.50421591467164e-16,8.634597790463788e-15,-0.1997635312627093,0,70,255.0,255.0,255.0
53,2.6500000000000004,4.5,3.0,-1.4091606531524412,9.821754756043985e-18,-8.923082416940709e-17,-0.9367199525276434,-1.9578904277488827e-15,1.7787470858394078e-14,-0.19598760388045552,0,70,255.0,255.0,255.0
54,2.7,4.5,3.0000000000000004,-1.4562400619805977,-1.132594875384424e-16,1.028964545448548e-15,-0.9464249345371097,-2.965359264030592e-15,2.6940343926324286e-14,-0.1922116764982018,0,70,255.0,255.0,255.0
55,2.75,4.5,3.0,-1.5038,-2.8671417164701414e-16,2.6048035684630116e-15,-0.9559411201774635,-3.972828100312302e-15,3.60932169942545e-14,-0.18843574911595162,0,70,255.0,255.0,255.0
56,2.8000000000000003,4.5,3.0,-1.5518288095176345,-3.913574545603031e-16,3.555489735046358e-15,-0.9651354369752261,-2.1290321621923283e-16,1.9342296690791673e-15,-0.17933692279455501,0,70,255.0,255.0,255.0
57,2.85,4.5,3.0000000000000004,-1.6003059613422548,-3.080044932689391e-16,2.798226535370944e-15,-0.973874812456919,3.5470216678738032e-15,-3.2224757656095863e-14,-0.1702380964731585,0,70,255.0,255.0,255.0
58,2.9000000000000004,4.5,3.0000000000000004,-1.6492087084080584,-3.6655287772920776e-17,3.3301396943675365e-16,-0.9821592466225421,7.306946551966872e-15,-6.638374498127121e-14,-0.16113927015176188,0,70,255.0,255.0,255.0
59,2.95,4.5,3.0000000000000004,-1.6985143036492416,4.2269016192774703e-16,-3.8401479627561675e-15,-0.9899887394720952,1.1066871436059908e-14,-1.0054273230644623e-13,-0.15204044383036536,0,70,255.0,255.0,255.0
60,3.0,4.5,3.0,-1.7482,1.070031855833066e-15,-9.721259261207835e-15,-0.9973632910055785,1.4826796320152945e-14,-1.347017196316213e-13,-0.14294161750896883,0,70,255.0,255.0,255.0
61,3.0500000000000003,4.5,2.9999999999999996,-1.798245179585777,1.4605659043384513e-15,-1.3269268336969644e-14,-1.004410652697723,7.945656200623885e-16,-7.218643398850236e-15,-0.13895285017680725,0,70,255.0,255.0,255.0
62,3.1,4.5,2.9999999999999987,-1.8486377412969957,1.1494884178393107e-15,-1.0443123601092918e-14,-1.0112585760232593,-1.3237665080028045e-14,1.2026443283391968e-13,-0.1349640828446457,0,70,255.0,255.0,255.0
63,3.1500000000000004,4.5,2.9999999999999987,-1.8993677132153264,1.367993963356396e-16,-1.2428250535776079e-15,-1.0179070609821874,-2.7269895780118604e-14,2.4774750906669075e-13,-0.13097531551248412,0,70,255.0,255.0,255.0
64,3.2,4.5,2.999999999999999,-1.9504251234224377,-1.5775011601725459e-15,1.4331627305576118e-14,-1.0243561075745078,-4.1302126480209036e-14,3.7523058529946066e-13,-0.1269865481803226,0,70,255.0,255.0,255.0
65,3.25,4.5,3.0,-2.0018,-3.99341325168525e-15,3.628023347636833e-14,-1.0306057158002198,-5.533435718029947e-14,5.027136615322305e-13,-0.1229977808481646,0,70,255.0,255.0,255.0
66,3.3000000000000003,4.5,3.000000000000002,-2.053480872139259,-5.450906162793502e-15,4.952158361283221e-14,-1.0365659522338795,-2.9653592640303076e-15,2.6940343926321626e-14,-0.11541167649821733,0,70,255.0,255.0,255.0
67,3.35,4.5,3.0000000000000044,-2.105450273469763,-4.289949178088304e-15,3.89742678690007e-14,-1.0421468834500414,4.94036386522384e-14,-4.48832973679583e-13,-0.10782557214827014,0,70,255.0,255.0,255.0
68,3.4000000000000004,4.499999999999999,3.0000000000000058,-2.1576892387306383,-5.105422975696357e-16,4.638286244873645e-15,-1.0473485094487063,1.0177263656850755e-13,-9.24606291285492e-13,-0.10023946779832288,0,70,255.0,255.0,255.0
69,3.45,4.5,3.0000000000000044,-2.2101788026610087,5.887314478762436e-15,-5.3486361259548364e-14,-1.052170830229874,1.5414163448477626e-13,-1.4003796088913964e-12,-0.09265336344837569,0,70,255.0,255.0,255.0
70,3.5,4.5,3.0,-2.2629,1.4903621150907933e-14,-1.3539967464426548e-13,-1.056613845793544,2.065106324010449e-13,-1.876152926497301e-12,-0.0850672590984356,0,70,255.0,255.0,255.0
71,3.5500000000000003,4.500000000000001,2.999999999999992,-2.3158345318571887,2.0343058746835555e-14,-1.848170661143592e-13,-1.0607175383667637,1.1066871436058869e-14,-1.0054273230643652e-13,-0.07908044383035848,0,70,255.0,255.0,255.0
72,3.6,4.500000000000002,2.999999999999983,-2.3689667648239534,1.6010308294513905e-14,-1.4545394787490993e-13,-1.0645218901765796,-1.8437688952892545e-13,1.6750674618844122e-12,-0.0730936285622814,0,70,255.0,255.0,255.0
73,3.6500000000000004,4.5000000000000036,2.9999999999999782,-2.4222817318621233,1.905369793942907e-15,-1.7310319925916996e-14,-1.068026901222992,-3.798206504939115e-13,3.4506776560752767e-12,-0.06710681329420427,0,70,255.0,255.0,255.0
74,3.7,4.500000000000002,2.999999999999983,-2.475764465933529,-2.197175675487718e-14,1.996138177326173e-13,-1.0712325715060003,-5.752644114588958e-13,5.2262878502661255e-12,-0.0611199980261272,0,70,255.0,255.0,255.0
75,3.75,4.5,3.0,-2.5294,-5.562107135194648e-14,5.053184651006936e-13,-1.0741389010256046,-7.707081724238801e-13,7.001898044456973e-12,-0.055133182758050125,0,70,255.0,255.0,255.0
76,3.8000000000000003,4.4999999999999964,3.0000000000000315,-2.5831730004319873,-7.592132882454871e-14,6.897466808446046e-13,-1.0767238942990638,-4.130212648020502e-14,3.7523058529942385e-13,-0.04826654818032271,0,70,255.0,255.0,255.0
77,3.85,4.499999999999994,3.0000000000000635,-2.637066667234425,-5.97512839999673e-14,5.428415236306391e-13,-1.0789655558436368,6.881039194634636e-13,-6.251436873858065e-12,-0.04139991360259535,0,70,255.0,255.0,255.0
78,3.9000000000000004,4.499999999999991,3.00000000000008,-2.69106383382087,-7.110936878201955e-15,6.460299345879452e-14,-1.0808638856593236,1.4175099654071386e-12,-1.2878104333015615e-11,-0.03453327902486793,0,70,255.0,255.0,255.0
79,3.95,4.499999999999993,3.0000000000000644,-2.745147333604876,8.199971254074633e-14,-7.449689096709203e-13,-1.0824188837461237,2.146916011350807e-12,-1.9504771792173103e-11,-0.027666644447140575,0,70,255.0,255.0,255.0
80,4.0,4.5,3.0,-2.7993,2.0758066425687797e-13,-1.885874185758509e-12,-1.0836305501040373,2.876322057294475e-12,-2.613143925133059e-11,-0.02080000986941144,0,70,255.0,255.0,255.0
81,4.05,4.500000000000013,2.999999999999883,-2.853505466414863,2.8334225655135923e-13,-2.574169657264058e-12,-1.0845468844369823,1.5414163448478543e-13,-1.4003796088914798e-12,-0.01585336344838739,0,70,255.0,255.0,255.0
82,4.1000000000000005,4.500000000000026,2.9999999999997633,-2.9077505662383483,2.2299482770535417e-13,-2.0259121466476355e-12,-1.085215886448876,-2.5680387883249525e-12,2.333068003354807e-11,-0.010906717027363247,0,70,255.0,255.0,255.0
83,4.15,4.500000000000033,2.9999999999997016,-2.9620229328544005,2.6538377718865e-14,-2.411016539092604e-13,-1.0856375561397187,-5.290219211134642e-12,4.806173967598718e-11,-0.005960070606339194,0,70,255.0,255.0,255.0
84,4.2,4.500000000000027,2.9999999999997597,-3.0163101996469686,-3.0602709340810814e-13,2.7802618209510656e-12,-1.08581189350951,-8.012399633944331e-12,7.279279931842629e-11,-0.0010134241853151406,0,70,255.0,255.0,255.0
85,4.25,4.5,3.0,-3.0706,-7.747015856755653e-13,7.038178277933342e-12,-1.0857388985582503,-1.0734580056754019e-11,9.752385896086539e-11,0.003933222235703582,0,70,255.0,255.0,255.0
86,4.3,4.499999999999952,3.000000000000435,-3.12487873390856,-1.057447697380888e-12,9.606931948211627e-12,-1.0853445679530105,-5.752644114589308e-13,5.226287850266435e-12,0.011840001973888875,0,70,255.0,255.0,255.0
87,4.3500000000000005,4.499999999999903,3.0000000000008837,-3.179127867812187,-8.322280268214497e-13,7.560807062959905e-12,-1.0845548983608615,9.584051233836338e-12,-8.707128326033415e-11,0.019746781712074307,0,70,255.0,255.0,255.0
88,4.4,4.499999999999877,3.0000000000011147,-3.233327634761532,-9.90425739972582e-14,8.998036221782482e-13,-1.0833698897818032,1.974336687913143e-11,-1.7936885437093311e-10,0.0276535614502596,0,70,255.0,255.0,255.0
89,4.45,4.499999999999901,3.000000000000897,-3.287458267807251,1.1421086610916861e-12,-1.0376078374133334e-11,-1.0817895422158355,2.9902682524426516e-11,-2.7166642548153203e-10,0.035560341188444894,0,70,255.0,255.0,255.0
90,4.5,4.5,3.0,-3.3415,2.8912256784453833e-12,-2.6266838925974858e-11,-1.0798138556629584,4.006199816972161e-11,-3.639639965921309e-10,0.043467120926635516,0,70,255.0,255.0,255.0
91,4.55,4.5000000000001785,2.9999999999983755,-3.3954339979508954,3.946448532972193e-12,-3.5853558135582453e-11,-1.0774988437509712,2.146916011350938e-12,-1.9504771792174256e-11,0.049133355552854835,0,70,255.0,255.0,255.0
92,4.6000000000000005,4.500000000000364,2.9999999999967017,-3.4492451625129092,3.1059172795804446e-12,-2.8217316105191985e-11,-1.0749005201076727,-3.5768166147020404e-11,3.249544530077885e-10,0.05479959017907425,0,70,255.0,255.0,255.0
93,4.65,4.500000000000457,2.9999999999958407,-3.5029193280994746,3.696319182701678e-13,-3.3581128348037258e-12,-1.0720188847330636,-7.368324830539106e-11,6.694136778077451e-10,0.06046582480529356,0,70,255.0,255.0,255.0
94,4.7,4.500000000000369,2.999999999996653,-3.5564423291240264,-4.262407550958635e-12,3.872405167558228e-11,-1.0688539376271435,-1.1159833046376174e-10,1.0138729026077018e-09,0.06613205943151287,0,70,255.0,255.0,255.0
95,4.75,4.5,3.0,-3.6098,-1.0790201128105968e-11,9.802917742596608e-11,-1.0654056787899124,-1.4951341262213243e-10,1.3583321274076585e-09,0.07179829405773575,0,70,255.0,255.0,255.0
96,4.800000000000001,4.499999999999333,3.0000000000060636,-3.6629780742878584,-1.472834643450789e-11,1.3380730059411826e-10,-1.0616680570431023,-8.012399633942305e-12,7.279279931840791e-11,0.07770657581466915,0,70,255.0,255.0,255.0
97,4.8500000000000005,4.499999999998645,3.0000000000123093,-3.7159618821361797,-1.1591441091500329e-11,1.0530845735780809e-10,-1.0576350212084453,1.3348861335424528e-10,-1.2127465287708196e-09,0.08361485757160245,0,70,255.0,255.0,255.0
98,4.9,4.499999999998291,3.000000000015523,-3.768736652840572,-1.3794850990834025e-12,1.2532647717036697e-11,-1.053306571285942,2.749896263424329e-10,-2.498285856860047e-09,0.08952313932853576,0,70,255.0,255.0,255.0
99,4.95,4.499999999998624,3.0000000000124913,-3.8212876156966424,1.5907521542742866e-11,-1.445201283281958e-10,-1.048682707275592,4.164906393306205e-10,-3.783825184949275e-09,0.09543142108546905,0,70,255.0,255.0,255.0
100,5.0,4.5,3.0,-3.8736,4.026957883397849e-11,-3.6584987077788946e-10,-1.043763429177395,5.579916523188079e-10,-5.0693645130385016e-09,0.10133970284240768,0,70,255.0,255.0,255.0
101,5.050000000000001,4.5000000000024905,2.9999999999773697,-3.9256585048976733,5.4966937205059374e-11,-4.993756442408904e-10,-1.038516928076623,2.9902682524418865e-11,-2.716664254814628e-10,0.10852034118845753,0,70,255.0,255.0,255.0
102,5.1000000000000005,4.500000000005056,2.9999999999540607,-3.977445708942375,4.325984708642087e-11,-3.930165133260401e-10,-1.0329113950585491,-4.981862872699608e-10,4.5260316620754916e-09,0.11570097953450728,0,70,255.0,255.0,255.0
103,5.15,4.500000000006377,2.9999999999420663,-4.02894366053824,5.14830847806346e-12,-4.677247803334306e-11,-1.0269468301231726,-1.0262752570643404e-09,9.323729749632444e-09,0.12288161788055701,0,70,255.0,255.0,255.0
104,5.2,4.500000000005132,2.9999999999533813,-4.080134408089402,-5.93676786200128e-11,5.39356461637201e-10,-1.0206232332704934,-1.55436422685872e-09,1.4121427837189399e-08,0.13006225622660675,0,70,255.0,255.0,255.0
105,5.25,4.5,3.0,-4.131,-1.5028811420780797e-10,1.3653703056855917e-09,-1.0139406045005117,-2.0824531966530996e-09,1.891912592474635e-08,0.13724289457266003,0,70,255.0,255.0,255.0
106,5.300000000000001,4.499999999990704,3.000000000084457,-4.181523106121452,-2.0513940238572958e-10,1.8636952763694436e-09,-1.006936230650407,-1.115983304637337e-10,1.0138729026074445e-09,0.14293205943152223,0,70,255.0,255.0,255.0
107,5.3500000000000005,4.499999999981129,3.000000000171448,-4.231688882094326,-1.6144794725418315e-10,1.4667575959463527e-09,-0.9996473985573595,1.8592565357255975e-09,-1.6891380119531143e-08,0.14862122429038435,0,70,255.0,255.0,255.0
108,5.4,4.499999999976202,3.0000000002162115,-4.281483105006473,-1.9213748813170547e-11,1.7455726441633555e-10,-0.9920741082213688,3.830111401914928e-09,-3.479663314166973e-08,0.15431038914924647,0,70,255.0,255.0,255.0
109,5.45,4.499999999980849,3.000000000173983,-4.330891551945747,2.2156319293730828e-10,-2.0129057182206077e-09,-0.9842163596424348,5.800966268104258e-09,-5.270188616380832e-08,0.15999955400810856,0,70,255.0,255.0,255.0
110,5.5,4.5,3.0,-4.3799,5.608828779972534e-10,-5.0956313519644776e-09,-0.9760741528205579,7.77182113429359e-09,-7.060713918594691e-08,0.16568871886697245,0,70,255.0,255.0,255.0
111,5.550000000000001,4.500000000034694,2.999999999684803,-4.428493870616521,7.655906723378588e-10,-6.955405461236886e-09,-0.9676261493217468,4.1649063933051686e-10,-3.783825184948337e-09,0.17223142108546385,0,70,255.0,255.0,255.0
112,5.6000000000000005,4.500000000070429,2.9999999993601456,-4.476657162680327,6.025319419303118e-10,-5.474013870459373e-09,-0.9588510107120114,-6.938839855632426e-09,6.303948881604907e-08,0.17877412330395515,0,70,255.0,255.0,255.0
113,5.65,4.500000000088819,2.9999999991930872,-4.524373519435873,7.170668677461878e-11,-6.514565796320012e-10,-0.9497487369913514,-1.4294170350595371e-08,1.2986280281704644e-07,0.18531682552244644,0,70,255.0,255.0,255.0
114,5.7,4.500000000071472,2.999999999350686,-4.571626584127612,-8.268850931292202e-10,7.512266411245226e-09,-0.9403193281597668,-2.1649500845558314e-08,1.9668611681804384e-07,0.19185952774093773,0,70,255.0,255.0,255.0
115,5.75,4.5,3.0,-4.6184,-2.0932433977812054e-09,1.9017155102172318e-08,-0.9305627842172576,-2.9004831340521257e-08,2.6350943081904127e-07,0.1984022299594317,0,70,255.0,255.0,255.0
116,5.800000000000001,4.49999999987052,3.000000001176333,-4.66467741141247,-2.8572232869657056e-09,2.5957926568578095e-08,-0.9204791720626063,-1.5543642268583284e-09,1.412142783718583e-08,0.20494225622661402,0,70,255.0,255.0,255.0
117,5.8500000000000005,4.499999999737153,3.0000000023879694,-4.7104424671843725,-2.2486798204670636e-09,2.042929788589114e-08,-0.9100685585945961,2.589610288680411e-08,-2.3526657514466516e-07,0.21148228249379625,0,70,255.0,255.0,255.0
118,5.9,4.499999999668527,3.0000000030114395,-4.75567881725004,-2.676129982853036e-10,2.4312690541116742e-09,-0.8993309438132268,5.334657000046655e-08,-4.846545781265161e-07,0.21802230876097844,0,70,255.0,255.0,255.0
119,5.95,4.499999999733267,3.0000000024232727,-4.800370111543805,3.085977179579572e-09,-2.8036159926760315e-08,-0.8882663277184983,8.0797037114129e-08,-7.340425811083671e-07,0.22456233502816067,0,70,255.0,255.0,255.0
120,6.0,4.5,3.0,-4.8445,7.812090713127568e-09,-7.097298905672479e-08,-0.8768747103104106,1.0824750422779142e-07,-9.83430584090218e-07,0.23110236129534378,0,70,255.0,255.0,255.0
121,6.050000000000001,4.500000000483229,2.999999995609866,-4.888052483733605,1.0663302475524963e-08,-9.687630081307548e-08,-0.8651771624278239,5.800966268102772e-09,-5.27018861637951e-08,0.23679955400811722,0,70,255.0,255.0,255.0
122,6.1000000000000005,4.5000000009809575,2.9999999910879773,-4.931012968582189,8.392187339937941e-09,-7.624317767310516e-08,-0.8531947549095987,-9.664557169158405e-08,8.780268117626114e-07,0.24249674672089055,0,70,255.0,255.0,255.0
123,6.15,4.500000001237074,2.999999988761155,-4.973367211563971,9.987453063665952e-10,-9.073619636814656e-09,-0.840927487755735,-1.9909210965127087e-07,1.808755509689018e-06,0.2481939394336639,0,70,255.0,255.0,255.0
124,6.2,4.50000000099546,2.9999999909562223,-5.015100969697168,-1.1517023625189076e-08,1.0463237329579596e-07,-0.8283753609662325,-3.0153864761095767e-07,2.7394842076154243e-06,0.2538911321464372,0,70,255.0,255.0,255.0
125,6.25,4.5,3.0,-5.0562,-2.9155119454729066e-08,2.6487480112472683e-07,-0.8155383745410915,-4.039851855706445e-07,3.6702129055418315e-06,0.2595883248592079,0,70,255.0,255.0,255.0
126,6.300000000000001,4.499999998196569,3.0000000163842033,-5.0966494536531135,-3.979598661513415e-08,3.615472766837239e-07,-0.8023801782260881,-2.1649500845552888e-08,1.9668611681799432e-07,0.26673952774091764,0,70,255.0,255.0,255.0
127,6.3500000000000005,4.499999996339015,3.000000033260122,-5.136432058486874,-3.1320069539284706e-08,2.8454341280652944e-07,-0.7888644217669996,3.6068618387953197e-07,-3.276840671905781e-06,0.2738907306226273,0,70,255.0,255.0,255.0
128,6.4,4.499999995383176,3.000000041943939,-5.175529936494078,-3.727368227181081e-09,3.386320949314688e-08,-0.7749911051638255,7.430218686046167e-07,-6.750367460629556e-06,0.2810419335043369,0,70,255.0,255.0,255.0
129,6.45,4.499999996284891,3.0000000337518378,-5.213925209667522,4.2982117321176704e-08,-3.9049333325642373e-07,-0.760760228416566,1.1253575533297016e-06,-1.022389424935333e-05,0.28819313638604654,0,70,255.0,255.0,255.0
130,6.5,4.5,3.0,-5.2516,1.0880838710578869e-07,-9.885262154421826e-07,-0.7461717915252208,1.5076932380547863e-06,-1.3697421038077104e-05,0.29534433926775705,0,70,255.0,255.0,255.0
131,6.550000000000001,4.500000006730496,2.9999999388533207,-5.288536901653943,1.485206439850116e-07,-1.34931280592182e-06,-0.7312541246678229,8.079703711410834e-08,-7.340425811081799e-07,0.3013623350281535,0,70,255.0,255.0,255.0
132,6.6000000000000005,4.500000013662984,2.9999998758715347,-5.3247203974703154,1.1688809081720083e-07,-1.0619304735530124e-06,-0.7160355580224053,-1.3460991638265442e-06,1.2229335875860513e-05,0.30738033078854987,0,70,255.0,255.0,255.0
133,6.65,4.500000017230224,2.9999998434630886,-5.360135442459716,1.3910727602357674e-08,-1.2637921833577272e-07,-0.700516091588968,-2.772995364767197e-06,2.51927143328292e-05,0.3133983265489463,0,70,255.0,255.0,255.0
134,6.7,4.500000013864978,2.999999874036428,-5.394766991632745,-1.6041144565951784e-07,1.457340959729899e-06,-0.6846957253675108,-4.199891565707849e-06,3.81560927897979e-05,0.31941632230934264,0,70,255.0,255.0,255.0
135,6.75,4.5,3.0,-5.4286,-4.060784289684257e-07,3.6892300606440033e-06,-0.6685744593580338,-5.626787766648501e-06,5.111947124676658e-05,0.325434318069739,0,70,255.0,255.0,255.0
136,6.800000000000001,4.499999974881447,3.000000228202514,-5.461619739731116,-5.542865893249124e-07,5.035703947003556e-06,-0.6521713231026286,-3.0153864761088154e-07,2.739484207614727e-06,0.3306911321464612,0,70,255.0,255.0,255.0
137,6.8500000000000005,4.499999949009048,3.0000004632537385,-5.493812751631865,-4.3623229372951866e-07,3.963178481405521e-06,-0.6355053461433876,5.023710471426643e-06,-4.564050283153627e-05,0.33594794622318325,0,70,255.0,255.0,255.0
138,6.9,4.499999935695926,3.0000005842037063,-5.525165893667057,-5.191554218224965e-08,4.716536638499453e-07,-0.6185765284803104,1.034895959046417e-05,-9.402048987068727e-05,0.3412047602999053,0,70,255.0,255.0,255.0
139,6.95,4.499999948255202,3.00000047010245,-5.5556660238015,5.986636653168942e-07,-5.4388705056631715e-06,-0.6013848701133971,1.5674208709501693e-05,-0.00014240047690983827,0.3464615743766274,0,70,255.0,255.0,255.0
140,7.0,4.5,3.0,-5.5853,1.5155053287679141e-06,-1.376839402713383e-05,-0.5839303710426479,2.099945782853922e-05,-0.00019078046394898924,0.3517183884533468,0,70,255.0,255.0,255.0
141,7.050000000000001,4.500000093743713,2.9999991483366233,-5.614052139421594,2.068625713314638e-06,-1.87935029820924e-05,-0.5660605829216624,1.1253575533294161e-06,-1.0223894249350744e-05,0.3630731363860601,0,70,255.0,255.0,255.0
142,7.1000000000000005,4.500000190300821,2.9999982711135096,-5.641896596002223,1.6280410841008743e-06,-1.4790783452069074e-05,-0.5476230574040416,-1.8748742721880035e-05,0.00017033267545028455,0.3744278843187732,0,70,255.0,255.0,255.0
143,7.15,4.500000239986072,2.999997819722086,-5.668804982872055,1.9375144112664083e-07,-1.7602354370640063e-06,-0.5286177944897853,-3.862284299708948e-05,0.00035088924514991985,0.3857826322514863,0,70,255.0,255.0,255.0
144,7.2,4.500000193114215,2.999998245553774,-5.694748913161257,-2.2342432156080607e-06,2.0298141062922785e-05,-0.5090447941788933,-5.849694327229894e-05,0.0005314458148495552,0.3971373801841994,0,70,255.0,255.0,255.0
145,7.25,4.5,3.0,-5.7197,-5.655942886103231e-06,5.138434604789132e-05,-0.4889040564713656,-7.837104354750837e-05,0.0007120023845491904,0.4084921281169098,0,70,255.0,255.0,255.0
146,7.300000000000001,4.499999650143699,3.000003178450995,-5.743633302582508,-7.720216263933638e-06,7.013830798136605e-05,-0.46840234521070967,-4.199891565706792e-06,3.815609278978824e-05,0.41157632230931546,0,70,255.0,255.0,255.0
147,7.3500000000000005,4.499999289787667,3.000006452292222,-5.766537664359244,-6.075932042673978e-06,5.519995532687078e-05,-0.44774642424043387,6.997126041609349e-05,-0.000635690198969602,0.41466051650172103,0,70,255.0,255.0,255.0
148,7.4,4.4999991043597865,3.0000081369079514,-5.788405374844724,-7.230902223243181e-07,6.5692880844061e-06,-0.42693629356053775,0.00014414241239789376,-0.0013095364907289922,0.41774471069412655,0,70,255.0,255.0,255.0
149,7.45,4.4999992792879375,3.000006547682453,-5.8092287235534705,8.338309197115347e-06,-7.575369374602798e-05,-0.4059719531710213,0.000218313564379694,-0.0019833827824883824,0.42082890488653213,0,70,255.0,255.0,255.0
150,7.5,4.5,3.0,-5.829,2.110826621564501e-05,-0.00019176899016443144,-0.3848534030718846,0.0002924847163614943,-0.002657229074247772,0.4239130990789408,0,70,255.0,255.0,255.0
151,7.550000000000001,4.5000013056814945,2.9999873378593978,-5.847719450248371,2.8812239342419918e-05,-0.00030975972894347443,-0.3640580362354953,1.5674208709497736e-05,-0.0020624004769138815,0.4079015743766203,0,70,255.0,255.0,255.0
152,7.6000000000000005,4.500002650548512,2.9999695197176033,-5.865419146560801,2.267568708659504e-05,-0.0003980090378558212,-0.34406324563422236,-0.00026113629894249383,-0.001467571879580001,0.3918900496743,0,70,255.0,255.0,255.0
153,7.65,4.5000033425747805,2.99994803264611,-5.882139117749046,2.6986094481706207e-06,-0.00045651691690147404,-0.3248690312680654,-0.0005379468065944855,-0.0008727432822461208,0.3758785249719798,0,70,255.0,255.0,255.0
154,7.7,4.500002689734033,2.999924363716411,-5.89791939262486,-3.1118993572853314e-05,-0.0004852833660804329,-0.3064753931370245,-0.0008147573142464772,-0.0002779146849122404,0.35986700026965956,0,70,255.0,255.0,255.0
155,7.75,4.5,2.9999,-5.9128,-7.87771219764768e-05,-0.0004843083853926979,-0.2888823312410996,-0.0010915678218984689,0.00031691391242164024,0.3438554755673393,0,70,255.0,255.0,255.0
156,7.800000000000001,4.499995127130323,2.999875470111413,-5.926818496424005,-0.00010752874110574604,-0.0005110993922108072,-0.27194150984731064,-5.849694327228418e-05,-0.0013885541851459953,0.3337773801842082,0,70,255.0,255.0,255.0
157,7.8500000000000005,4.499990108018289,2.9998474688373644,-5.94000254939755,-8.462681630370618e-05,-0.0006231638039072967,-0.25550459322267854,0.0009745739353538819,-0.0030940222827136005,0.32369928480107735,0,70,255.0,255.0,255.0
158,7.9,4.499987525341092,2.999811732507608,-5.952377354159092,-1.0071347570358215e-05,-0.000820501620482166,-0.23957158136720302,0.002007644813980048,-0.004799490380281206,0.3136211894179464,0,70,255.0,255.0,255.0
159,7.95,4.49998996177593,2.9997639974519013,-5.96396810594709,0.00011613766509429793,-0.0011031128419354155,-0.22414247428088405,0.0030407156926062144,-0.006504958477848811,0.3035430940348155,0,70,255.0,255.0,255.0
160,8.0,4.5,2.9997,-5.9748,0.0002940002216902622,-0.0014709974682670449,-0.20921727196372158,0.00407378657123238,-0.008210426575416416,0.2934649986516842,0,70,255.0,255.0,255.0
161,8.05,4.500019785797212,2.9996163816949473,-5.984899364055607,0.0004973027250807695,-0.0018698427022145478,-0.19486392437526587,0.004058313564387797,-0.007743382782483476,0.28066890488653595,0,70,255.0,255.0,255.0
162,8.1,4.500049717378335,2.999513404932939,-5.994297055848998,0.0006998315781290406,-0.00224533574651539,-0.18115038147506807,0.004042840557543214,-0.007276338989550552,0.2678728111213881,0,70,255.0,255.0,255.0
163,8.15,4.500089756060853,2.9993922373234567,-6.003025065614585,0.0009015867808350894,-0.0025974766011696,-0.16807664326312718,0.0040273675506986295,-0.006809295196617612,0.2550767173562399,0,70,255.0,255.0,255.0
164,8.200000000000001,4.500139863162247,2.999254046475983,-6.011115383586782,0.0011025683331989092,-0.002926265266177161,-0.15564270973944372,0.004011894543854046,-0.006342251403684672,0.2422806235910916,0,70,255.0,255.0,255.0
165,8.25,4.5002,2.9991,-6.0186,0.0013027762352204927,-0.003231701741538065,-0.1438485809040181,0.003996421537009468,-0.005875207610751738,0.2294845298259438,0,70,255.0,255.0,255.0
166,8.3,4.500269729680828,2.9989310031087952,-6.025510447353567,0.001478317840789346,-0.0035295297989297596,-0.13266679265162765,0.0030252426857445627,-0.0060379146849158715,0.21778700026966666,0,70,255.0,255.0,255.0
167,8.35,4.50034702246837,2.9987469114308785,-6.03187642720646,0.0016053005037949496,-0.003835493210029649,-0.12206988087705148,0.002054063834479692,-0.006200621759079999,0.20608947071338993,0,70,255.0,255.0,255.0
168,8.4,4.500429450415499,2.998547318198564,-6.037727183382569,0.0016837242242373127,-0.004149591974837758,-0.11205784558028876,0.0010828849832147866,-0.006363328833244132,0.19439194115711278,0,70,255.0,255.0,255.0
169,8.450000000000001,4.500514585575083,2.9983318166441664,-6.043091959705786,0.00171358900211643,-0.004471826093354072,-0.10263068676133993,0.00011170613194988119,-0.006526035907408266,0.1826944116008356,0,70,255.0,255.0,255.0
170,8.5,4.5006,2.9981,-6.048,0.0016948948374323025,-0.004802195565578581,-0.09378840442020525,-0.000859472719314993,-0.00668874298157239,0.17099688204455932,0,70,255.0,255.0,255.0
171,8.55,4.5006844954794785,2.99785080586987,-6.052480446530125,0.0017014259117642692,-0.005180038102064218,-0.0855249050182209,0.0011207156925936582,-0.008424958477852884,0.15954309403480996,0,70,255.0,255.0,255.0
172,8.6,4.5007717927481865,2.997580549343547,-6.056562035325164,0.0018069664066916644,-0.005644691413363863,-0.0778340950167243,0.003100904104502239,-0.010161173974133315,0.14808930602506098,0,70,255.0,255.0,255.0
173,8.65,4.500866842277158,2.9972848898822875,-6.060273400855139,0.0020115163222144956,-0.00619615549947755,-0.07071597441571488,0.005081092516410891,-0.01189738947041381,0.1366355180153116,0,70,255.0,255.0,255.0
174,8.700000000000001,4.500974594537419,2.996959486947352,-6.063643177590077,0.0023150756583327605,-0.006834430360405261,-0.06417054321519294,0.007061280928319542,-0.013633604966694302,0.12518173000556224,0,70,255.0,255.0,255.0
175,8.75,4.5011,2.9966,-6.0667,0.002717644415046444,-0.007559515996146972,-0.05819780141515867,0.009041469340228116,-0.015369820462974783,0.11372794199581354,0,70,255.0,255.0,255.0
176,8.8,4.501246688401263,2.9962033734117215,-6.069472566525932,0.0031399785121487057,-0.00829431779281345,-0.052801587275485895,0.007851894543862134,-0.014022251403683825,0.10212062359109435,0,70,255.0,255.0,255.0
177,8.85,4.501413006538884,2.9957716911949346,-6.071989831492886,0.0035028338694326564,-0.008961741136515353,-0.04798573905604925,0.0066623197474961916,-0.012674682344392918,0.09051330518637557,0,70,255.0,255.0,255.0
178,8.9,4.501595980475876,2.9953083222722863,-6.074280813196874,0.003806210486898321,-0.009561786027252732,-0.0437502567568484,0.005472744951130209,-0.011327113285101963,0.07890598678165639,0,70,255.0,255.0,255.0
179,8.950000000000001,4.501792636275244,2.9948166355664254,-6.076374529933908,0.0040501083645456855,-0.010094452465025565,-0.0400951403778835,0.004283170154764225,-0.009979544225811005,0.0672986683769372,0,70,255.0,255.0,255.0
180,9.0,4.502,2.9943,-6.0783,0.0042345275023747435,-0.010559740449833833,-0.03702038991915468,0.003093595358398267,-0.008631975166520103,0.05569134997221864,0,70,255.0,255.0,255.0
181,9.05,4.502215950915471,2.993760500483241,-6.080086887366147,0.004410660039633653,-0.011034690726682039,-0.034564745879828634,0.003951706131958013,-0.01036603590740785,0.04253441160082148,0,70,255.0,255.0,255.0
182,9.1,4.502441781096275,2.9931950858767142,-6.081767438703292,0.0046296981155705425,-0.011596344040574611,-0.032766948759072524,0.004809816905517728,-0.012100096648295535,0.029377473229424782,0,70,255.0,255.0,255.0
183,9.15,4.502679635819341,2.9925994210285665,-6.083374546357363,0.0048916417301854255,-0.012244700391511591,-0.03162699855688619,0.0056679276790774745,-0.01383415738918328,0.016220534858027623,0,70,255.0,255.0,255.0
184,9.200000000000001,4.502931660361605,2.991969170786946,-6.08494110267429,0.005196490883478297,-0.012979759779492958,-0.031144895273269736,0.006526038452637221,-0.015568218130071029,0.00306359648663046,0,70,255.0,255.0,255.0
185,9.25,4.5032,2.9913,-6.0865,0.005544245575449143,-0.013801522204518687,-0.03132063890822312,0.007384149226196915,-0.017302278870958726,-0.010093341884766183,0,70,255.0,255.0,255.0
186,9.3,4.503486307936847,2.9905882246553124,-6.0880830840094795,0.005905381329312485,-0.014670919300460014,-0.032091429205203255,0.007061280928336545,-0.017473604966693864,-0.02073826999443857,0,70,255.0,255.0,255.0
187,9.35,4.503790269076015,2.9898327652982073,-6.089718013693945,0.0062503736682827955,-0.015548882701188066,-0.033394465907666954,0.006738412630476187,-0.017644931062428995,-0.03138319810411058,0,70,255.0,255.0,255.0
188,9.4,4.504111076246761,2.9890331936134467,-6.091431401373671,0.0065792225923601,-0.016435412406702907,-0.03522974901561431,0.006415544332615816,-0.017816257158164137,-0.04202812621378297,0,70,255.0,255.0,255.0
189,9.450000000000001,4.504447922278337,2.9881890812857907,-6.093249859368932,0.006891928101544387,-0.017330508417004505,-0.037597278529045305,0.006092676034755447,-0.017987583253899275,-0.05267305432345536,0,70,255.0,255.0,255.0
190,9.5,4.5048,2.9873,-6.0952,0.007188490195835643,-0.01823417073209283,-0.040497054447959806,0.005769807736895102,-0.01815890934963446,-0.0633179824331272,0,70,255.0,255.0,255.0
191,9.55,4.5051668173371375,2.9863658008955096,-6.097308776595936,0.007487814643126593,-0.019129632071478747,-0.043949537299363996,0.00620317015474273,-0.017659544225801682,-0.07478133162303843,0,70,255.0,255.0,255.0
192,9.600000000000001,4.505549142599661,2.985387452930455,-6.099604506520929,0.007808807211309925,-0.02000012515467302,-0.04797518761026375,0.006636532572590358,-0.0171601791019689,-0.08624468081294967,0,70,255.0,255.0,255.0
193,9.65,4.505948059193617,2.9843662045176456,-6.102115848147954,0.008151467900385626,-0.020845649981675627,-0.052574005380658914,0.00706989499043797,-0.016660813978136138,-0.0977080300028605,0,70,255.0,255.0,255.0
194,9.700000000000001,4.506364650525048,2.983303304069891,-6.104871459849986,0.00851579671035372,-0.02166620655248663,-0.057745990610549795,0.007503257408285597,-0.016161448854303356,-0.10917137919277174,0,70,255.0,255.0,255.0
195,9.75,4.5068,2.9822,-6.1079,0.008901793641214182,-0.02246179486710596,-0.06349114329993602,0.007936619826133237,-0.01566208373047054,-0.12063472838268252,0,70,255.0,255.0,255.0
196,9.8,4.507255222714605,2.9810565717626485,-6.11123140960678,0.009311360098182911,-0.023290552413619825,-0.06988642159733788,0.008446038452615677,-0.017488218130083576,-0.13517640351338833,0,70,255.0,255.0,255.0
197,9.850000000000001,4.5077315605253405,2.979869422979972,-6.114900760222342,0.009746397486475763,-0.02421061668011434,-0.07700878365127505,0.008955457079098117,-0.019314352529696613,-0.14971807864409414,0,70,255.0,255.0,255.0
198,9.9,4.508230286978773,2.9786339883159707,-6.118944406034516,0.010206905806092717,-0.025221987666589476,-0.08485822946174722,0.00946487570558054,-0.021140486929309584,-0.16425975377479946,0,70,255.0,255.0,255.0
199,9.950000000000001,4.508752675621472,2.9773457024346466,-6.123398701231126,0.010692885057033813,-0.026324665373045297,-0.09343475902875495,0.00997429433206298,-0.02296662132892262,-0.17880142890550527,0,70,255.0,255.0,255.0
200,10.0,4.5093,2.976,-6.1283,0.011204335239299012,-0.027518649799481727,-0.10273837235229766,0.01048371295854543,-0.024792755728535426,-0.1933431040362108,0,70,255.0,255.0,255.0
201,10.05,4.509873091804445,2.974593512053896,-6.133679984976947,0.011714744964132598,-0.028732158274042702,-0.11248877631128916,0.009932676034797666,-0.02374758325390285,-0.19667305432344356,0,70,255.0,255.0,255.0
202,10.100000000000001,4.510471015298976,2.973127655149658,-6.139551652589702,0.012197602842778793,-0.029893408124872043,-0.12240567778464229,0.009381639111049904,-0.022702410779270276,-0.20000300461067635,0,70,255.0,255.0,255.0
203,10.15,4.511092392891285,2.9716050422184717,-6.145923327713984,0.012652908875237585,-0.03100239935196972,-0.13248907677235672,0.00883060218730216,-0.021657238304637737,-0.203332954897909,0,70,255.0,255.0,255.0
204,10.200000000000001,4.511735846989064,2.970028286191523,-6.152803335225511,0.013080663061509006,-0.032059131955335815,-0.14273897327443313,0.008279565263554396,-0.02061206583000516,-0.2066629051851418,0,70,255.0,255.0,255.0
205,10.25,4.5124,2.9684,-6.1602,0.013480865401593023,-0.033063605934970236,-0.15315536729087081,0.007728528339806681,-0.01956689335537254,-0.2099928554723749,0,70,255.0,255.0,255.0
206,10.3,4.513083610067617,2.9667229800217663,-6.168106250485433,0.01386166004529491,-0.03400481449021182,-0.16281447315749953,0.0075032574082685485,-0.018081448854290305,-0.17637137919276796,0,70,255.0,255.0,255.0
207,10.350000000000001,4.5137859782787535,2.9650007564213965,-6.17645342941885,0.014231191142419887,-0.0348717508203993,-0.17079250521014785,0.007277986476730416,-0.016596004353208075,-0.14274990291316103,0,70,255.0,255.0,255.0
208,10.4,4.5145065414560825,2.9632370428101438,-6.185157483109549,0.014589458692967948,-0.03566441492553262,-0.17708946344881565,0.007052715545192291,-0.015110559852125893,-0.10912842663355529,0,70,255.0,255.0,255.0
209,10.450000000000001,4.515244736422273,2.9614355527992604,-6.194134357866831,0.014936462696939113,-0.03638280680561188,-0.1817053478735033,0.006827444613654158,-0.013625115351043661,-0.07550695035394836,0,70,255.0,255.0,255.0
210,10.5,4.516,2.9596,-6.2033,0.015272203154333362,-0.03702692646063699,-0.1846401584842105,0.006602173682116089,-0.012139670849961481,-0.04188547407434262,0,70,255.0,255.0,255.0
211,10.55,4.51677166792509,2.957732967859039,-6.212588613081316,0.015590614854687214,-0.03766458376510923,-0.18698933105870727,0.006134294332037833,-0.01336662132892787,-0.052081428905527596,0,70,255.0,255.0,255.0
212,10.600000000000001,4.51755867158601,2.9558325191647565,-6.222007429734896,0.01588563258753715,-0.0383635885935298,-0.18984830137476333,0.005666414981959579,-0.014593571807894258,-0.06227738373671257,0,70,255.0,255.0,255.0
213,10.65,4.5183598412843855,2.953895586540954,-6.2315819398478185,0.016157256352883172,-0.03912394094589865,-0.1932170694323785,0.00519853563188134,-0.0158205222868606,-0.07247333856789717,0,70,255.0,255.0,255.0
214,10.700000000000001,4.5191740073218405,2.951919102611434,-6.24133763330716,0.016405486150725287,-0.039945640822215855,-0.19709563523155305,0.004730656281803084,-0.017047472765826993,-0.08266929339908216,0,70,255.0,255.0,255.0
215,10.75,4.52,2.9499,-6.2513,0.01663032198106348,-0.040828688222481334,-0.2014839987722867,0.00426277693172486,-0.01827442324479317,-0.09286524823026698,0,70,255.0,255.0,255.0
216,10.8,4.520836918232022,2.947836348542076,-6.261488097189299,0.016847880535946543,-0.041704850449351315,-0.20599620260767168,0.004439565263597464,-0.016772065830005536,-0.08762290518512932,0,70,255.0,255.0,255.0
217,10.850000000000001,4.521684935377205,2.945730766919577,-6.2718952516415625,0.017074278507423234,-0.04250589480548191,-0.21024628929079975,0.004616353595470068,-0.015269708415217898,-0.08238056213999163,0,70,255.0,255.0,255.0
218,10.9,4.522544493406374,2.9435870110260396,-6.282508357499176,0.01730951589549355,-0.0432318212908731,-0.21423425882167083,0.004793141927342666,-0.013767351000430316,-0.07713821909485415,0,70,255.0,255.0,255.0
219,10.950000000000001,4.523416034290363,2.941408836755002,-6.2933143089045265,0.0175535927001575,-0.04388262990552494,-0.21796011120028513,0.00496993025921527,-0.012264993585642682,-0.07189587604971648,0,70,255.0,255.0,255.0
220,11.0,4.5243,2.9392,-6.3043,0.01780650892141507,-0.04445832064943737,-0.22142384642664245,0.005146718591087701,-0.010762636170854878,-0.06665353300457988,0,70,255.0,255.0,255.0
221,11.05,4.52519665914682,2.9369632379726562,-6.315455798161484,0.018057863001533305,-0.04502001443748474,-0.22483385851060608,0.004907444613641534,-0.011705115351039599,-0.06974695035396286,0,70,255.0,255.0,255.0
222,11.100000000000001,4.526105586905172,2.934697213156935,-6.326785963698852,0.01829725338277923,-0.04562883218454134,-0.22839854146203883,0.0046681706361953665,-0.01264759453122432,-0.07284036770334583,0,70,255.0,255.0,255.0
223,11.15,4.527026185090116,2.9323995693548857,-6.338298230155479,0.018524680065152843,-0.046284773890607166,-0.2321178952809406,0.004428896658749208,-0.013590073711409007,-0.0759337850527287,0,70,255.0,255.0,255.0
224,11.200000000000001,4.527957855516707,2.930067950368557,-6.350000331074737,0.01874014304865415,-0.04698783955568225,-0.23599191996731167,0.0041896226813030405,-0.014532552891593728,-0.07902720240211167,0,70,255.0,255.0,255.0
225,11.25,4.5289,2.9277,-6.3619,0.01894364233328314,-0.04773802917976653,-0.24002061552115173,0.003950348703856743,-0.015475032071778305,-0.08212061975149343,0,70,255.0,255.0,255.0
226,11.3,4.529852445180701,2.9252938995672997,-6.374002310164768,0.019160667457924215,-0.04850309180070699,-0.24404436334991553,0.004730656281786061,-0.015127472765839861,-0.07882929339905646,0,70,255.0,255.0,255.0
227,11.350000000000001,4.530816717002107,2.9228499804526846,-6.3863016935630315,0.019416707961461752,-0.04925077645635054,-0.24790354486105748,0.0055109638597153785,-0.014779913459901418,-0.0755379670466195,0,70,255.0,255.0,255.0
228,11.4,4.531794766233164,2.9203691115544195,-6.398789921878913,0.01971176384389575,-0.049981083146697136,-0.25159816005457747,0.006291271437644669,-0.014432354153962988,-0.07224664069418266,0,70,255.0,255.0,255.0
229,11.450000000000001,4.532788543642812,2.9178521617707696,-6.411458766796529,0.020045835105226218,-0.05069401187174683,-0.2551282089304757,0.007071579015573986,-0.014084794848024544,-0.06895531434174568,0,70,255.0,255.0,255.0
230,11.5,4.5338,2.9153,-6.4243,0.020418921745453143,-0.05138956263149958,-0.258493691488752,0.007851886593503166,-0.01373723554208589,-0.06566398798930972,0,70,255.0,255.0,255.0
231,11.55,4.534830360130376,2.9127131637581454,-6.43730776117945,0.020787467166771424,-0.05208761835969247,-0.261836688089728,0.006889930259227748,-0.014184993585629564,-0.0680558760497265,0,70,255.0,255.0,255.0
232,11.600000000000001,4.535877945086399,2.9100908650323274,-6.450485662049023,0.021107914771375927,-0.052808061990062556,-0.26529927909372475,0.00592797392495233,-0.014632751629173237,-0.07044776411014328,0,70,255.0,255.0,255.0
233,11.65,4.536940349977235,2.9074319844274363,-6.463839682328873,0.021380264559266653,-0.0535508935226098,-0.26888146450074224,0.004966017590676945,-0.015080509672716893,-0.07283965217055999,0,70,255.0,255.0,255.0
234,11.700000000000001,4.538015169912047,2.9047354025483636,-6.477375801739148,0.021604516530443617,-0.05431611295733424,-0.27258324431078074,0.004004061256401527,-0.015528267716260567,-0.07523154023097677,0,70,255.0,255.0,255.0
235,11.75,4.5391,2.902,-6.4911,0.021780670684906807,-0.05510372029423584,-0.2764046185238399,0.003042104922126143,-0.015976025759804058,-0.07762342829139346,0,70,255.0,255.0,255.0
236,11.8,4.540193314297798,2.899225445400117,-6.505016245117436,0.02196146387499211,-0.05586643476052079,-0.2802248842911778,0.004189622681285959,-0.014532552891593655,-0.07518720240211976,0,70,255.0,255.0,255.0
237,11.850000000000001,4.541297102652299,2.8964145594180044,-6.519120458240877,0.022199632953035408,-0.05655697558339522,-0.283923338764052,0.005337140440445775,-0.013089080023383251,-0.07275097651284608,0,70,255.0,255.0,255.0
238,11.9,4.542414233857901,2.8935709507358345,-6.5334065488055995,0.022495177919036685,-0.05717534276285912,-0.28749998194246235,0.00648465819960555,-0.011645607155172901,-0.07031475062357247,0,70,255.0,255.0,255.0
239,11.950000000000001,4.543547576709002,2.890698228035776,-6.547868426246883,0.022848098772995963,-0.0577215362989125,-0.29095481382640925,0.007632175958765366,-0.010202134286962497,-0.06787852473429878,0,70,255.0,255.0,255.0
240,12.0,4.5447,2.8878,-6.5625,0.02325839551491322,-0.058195556191555364,-0.29428783441589224,0.008779693717925224,-0.008758661418752034,-0.0654422988450234,0,70,255.0,255.0,255.0
241,12.05,4.545873182678434,2.884878654641386,-6.577296858350808,0.02365467733325113,-0.058670642598225006,-0.2975997747455612,0.007071579015590971,-0.010244794848033421,-0.06703531434173285,0,70,255.0,255.0,255.0
242,12.100000000000001,4.547064044304407,2.881931697295653,-6.5922613049874705,0.023965553416472326,-0.05922003567635872,-0.3009913658500656,0.0053634643132567175,-0.01173092827731481,-0.06862832983844229,0,70,255.0,255.0,255.0
243,12.15,4.548268314591161,2.8789554126292263,-6.607397322448729,0.024191023764576804,-0.05984373542595648,-0.30446260772940537,0.003655349610922525,-0.013217061706596145,-0.07022134533515169,0,70,255.0,255.0,255.0
244,12.200000000000001,4.549481723251945,2.8759460853085326,-6.622708893273325,0.024331088377564574,-0.060541741847018334,-0.3080135003835808,0.0019472349085882714,-0.014703195135877532,-0.07181436083186113,0,70,255.0,255.0,255.0
245,12.25,4.5507,2.8729,-6.6382,0.024385747255435637,-0.06131405493954423,-0.3116440438125915,0.00023912020625421748,-0.016189328565158867,-0.07340737632856964,0,70,255.0,255.0,255.0
246,12.3,4.551920354988467,2.8698143360343367,-6.653873121479333,0.024443826792002143,-0.06210699484657951,-0.3152640167265804,0.0020840612564060708,-0.015528267716251943,-0.07139154023098564,0,70,255.0,255.0,255.0
247,12.350000000000001,4.553145920130075,2.8666898513993826,-6.669724721809245,0.024594153381076247,-0.06286688171116944,-0.31878319783569015,0.003929002306557924,-0.014867206867345021,-0.06937570413340163,0,70,255.0,255.0,255.0
248,12.4,4.55438130777745,2.8635281987472605,-6.685749761399487,0.02483672702265793,-0.06359371553331401,-0.3222015871399206,0.005773943356709712,-0.014206146018438122,-0.06735986803581769,0,70,255.0,255.0,255.0
249,12.450000000000001,4.555631130283217,2.860331030730092,-6.701943200659821,0.02517154771674722,-0.06428749631301325,-0.3255191846392719,0.0076188844068615655,-0.013545085169531198,-0.06534403193823368,0,70,255.0,255.0,255.0
250,12.5,4.5569,2.8571,-6.7183,0.025598615463344087,-0.06494822405026714,-0.3287359903337439,0.009463825457013436,-0.012884024320624188,-0.06332819584065064,0,70,255.0,255.0,255.0
251,12.55,4.5581909973676975,2.8538368012212665,-6.734816255731861,0.02602601549873856,-0.06557337801545692,-0.3319201583481175,0.007632175958765354,-0.012122134286966414,-0.06403852473429056,0,70,255.0,255.0,255.0
252,12.600000000000001,4.559501075175292,2.8505432971068156,-6.751492607775558,0.026361833059220633,-0.06616043747896379,-0.33513984280717307,0.005800526460517272,-0.011360244253308638,-0.06474885362793048,0,70,255.0,255.0,255.0
253,12.65,4.5608256542990375,2.8472213923817313,-6.768330831953323,0.02660606814479029,-0.06670940244078778,-0.33839504371091045,0.003968876962269256,-0.01059835421965089,-0.06545918252157037,0,70,255.0,255.0,255.0
254,12.700000000000001,4.56216015561519,2.8438729917710983,-6.785332704087392,0.026758720755447555,-0.06722027290092888,-0.3416857610593301,0.002137227464021174,-0.009836464185993116,-0.0661695114152103,0,70,255.0,255.0,255.0
255,12.75,4.5635,2.8405,-6.8025,0.026819790891192415,-0.06769304885938707,-0.3450119948524315,0.00030557796577301843,-0.009074574152334813,-0.06687984030885019,0,70,255.0,255.0,255.0
256,12.8,4.564842055540744,2.837103259080597,-6.819833855593226,0.026876111213051022,-0.06819149309159239,-0.3483353498809492,0.0019472349085712616,-0.010863195135877815,-0.06605436083185692,0,70,255.0,255.0,255.0
257,12.850000000000001,4.566188979168758,2.833679360173354,-6.837332847088532,0.02701451438204954,-0.06877936837297487,-0.35161743093561726,0.0035888918513695047,-0.012651816119420817,-0.06522888135486367,0,70,255.0,255.0,255.0
258,12.9,4.5675448750264005,2.8302238317258133,-6.854994910787224,0.02723500039818797,-0.06945667470353446,-0.35485823801643557,0.005230548794167689,-0.014440437102963756,-0.06440340187787043,0,70,255.0,255.0,255.0
259,12.950000000000001,4.568913847256028,2.826732202185515,-6.872817982990611,0.02753756926146631,-0.07022341208327124,-0.3580577711234043,0.006872205736965932,-0.016229058086506758,-0.06357792240087717,0,70,255.0,255.0,255.0
260,13.0,4.5703,2.8232,-6.8908,0.027922220971884557,-0.07107958051218512,-0.36121603025652327,0.008513862679764062,-0.01801767907004892,-0.06275244292388216,0,70,255.0,255.0,255.0
261,13.05,4.57170638046933,2.819624562456345,-6.9089395218952365,0.028325539649050206,-0.07191664961817452,-0.3643704421280768,0.007618884406861568,-0.01546508516952659,-0.06342403193825491,0,70,255.0,255.0,255.0
262,13.100000000000001,4.573131808149677,2.816010462199766,-6.92723760387032,0.028684109412570723,-0.0726260890291378,-0.36755843345034883,0.006723906133959076,-0.012912491269004261,-0.06409562095262766,0,70,255.0,255.0,255.0
263,13.15,4.5745740455953605,2.8123640807150148,-6.945695924897783,0.028997930262446108,-0.07320789874507494,-0.3707800042233395,0.005828927861056614,-0.010359897368482023,-0.06476720996700039,0,70,255.0,255.0,255.0
264,13.200000000000001,4.5760308553606945,2.808691799486842,-6.964316163950166,0.02926700219867638,-0.073662078765986,-0.3740351544470488,0.004933949588154122,-0.007807303467959693,-0.06543879898137314,0,70,255.0,255.0,255.0
265,13.25,4.5775,2.805,-6.9831,0.02949132522126152,-0.0739886290918709,-0.3773238841214768,0.004038971315251577,-0.005254709567437121,-0.06611038799574542,0,70,255.0,255.0,255.0
266,13.3,4.578979622581935,2.801292891094023,-7.002048056825827,0.029693730190744082,-0.07431790843570676,-0.3805828816067504,0.0040572274640508004,-0.007916464185997445,-0.06424951141519758,0,70,255.0,255.0,255.0
267,13.350000000000001,4.580469388232531,2.7975659910275805,-7.021156737430192,0.029897047967666603,-0.07478027551047066,-0.3837488352629967,0.004075483612850023,-0.010578218804557768,-0.06238863483464975,0,70,255.0,255.0,255.0
268,13.4,4.58196934259216,2.7938126454141274,-7.040421389621643,0.03010127855202908,-0.07537573031616253,-0.3868217450902154,0.004093739761649245,-0.013239973423117998,-0.060527758254101977,0,70,255.0,255.0,255.0
269,13.450000000000001,4.583479531301192,2.790026199867115,-7.0598373612087295,0.030306421943831527,-0.07610427285278246,-0.3898016110884069,0.004111995910448469,-0.01590172804167832,-0.05866688167355415,0,70,255.0,255.0,255.0
270,13.5,4.585,2.7862,-7.0794,0.03051247814307393,-0.07696590312033036,-0.39268843325757075,0.00413025205924783,-0.01856348266023833,-0.05680600509300415,0,70,255.0,255.0,255.0
271,13.55,4.5865311292029265,2.7823294731675636,-7.099105850801457,0.030739539587978964,-0.07783571663899898,-0.3955540314449177,0.004952205736953364,-0.016229058086506286,-0.05781792240087233,0,70,255.0,255.0,255.0
272,13.600000000000001,4.5880746389201965,2.7784183736899117,-7.118956246408915,0.031007698716769273,-0.07858880892898101,-0.39847022549765804,0.005774159414658898,-0.013894633512774247,-0.0588298397087405,0,70,255.0,255.0,255.0
273,13.65,4.589632584036002,2.774472537628477,-7.138953716615645,0.03131695552944485,-0.07922517999027641,-0.4014370154157917,0.006596113092364403,-0.011560208939042287,-0.05984175701660864,0,70,255.0,255.0,255.0
274,13.700000000000001,4.591207019434539,2.7704978010446952,-7.159100791214917,0.031667310026005716,-0.07974482982288524,-0.4044544011993189,0.007418066770069938,-0.009225784365310246,-0.06085367432447682,0,70,255.0,255.0,255.0
275,13.75,4.5928,2.7665,-7.1794,0.03205876220645184,-0.08014775842680745,-0.40752238284823933,0.008240020447775442,-0.006891359791578178,-0.06186559163234362,0,70,255.0,255.0,255.0
276,13.8,4.594412660606358,2.762483616235722,-7.199853339968349,0.032436111457349544,-0.08051522500829589,-0.4106089926135825,0.006853949588132516,-0.007807303467959494,-0.06159879898138234,0,70,255.0,255.0,255.0
277,13.850000000000001,4.5960424560866855,2.7584477142127732,-7.22046067693415,0.032744157165265096,-0.08092848877360341,-0.41368226274637765,0.005467878728489589,-0.00872324714434081,-0.06133200633042105,0,70,255.0,255.0,255.0
278,13.9,4.597685921263834,2.7543900040719644,-7.241221343915777,0.032982899330198504,-0.08138754972272998,-0.4167421932466246,0.0040818078688467105,-0.009639190820722093,-0.06106521367945978,0,70,255.0,255.0,255.0
279,13.950000000000001,4.599339590960656,2.7503081959541036,-7.262134673931603,0.033152337952149766,-0.08189240785567563,-0.41978878411432363,0.0026957370092037837,-0.010555134497103411,-0.0607984210284985,0,70,255.0,255.0,255.0
280,14.0,4.601,2.7462,-7.2832,0.03325247303111888,-0.0824430631724403,-0.4228220353494745,0.0013096661495609063,-0.011471078173484583,-0.060531628377536784,0,70,255.0,255.0,255.0
281,14.05,4.6026646283716435,2.7420632618895495,-7.304415989325152,0.03334001458261923,-0.08303138332781938,-0.42580199810075137,0.0021919959104530276,-0.01206172804167865,-0.05866688167353577,0,70,255.0,255.0,255.0
282,14.100000000000001,4.604334736733063,2.7378963694589946,-7.32577864585449,0.03347167262216418,-0.08364923597660817,-0.42868872351682813,0.003074325671345149,-0.01265237790987272,-0.05680213496953476,0,70,255.0,255.0,255.0
283,14.15,4.606012530908661,2.7336978460836656,-7.347283307721248,0.03364744714975375,-0.08429662111880666,-0.43148221159770483,0.003956655432237239,-0.013243027778066766,-0.054937388265533814,0,70,255.0,255.0,255.0
284,14.200000000000001,4.607700216722839,2.72946621513889,-7.368925313058672,0.033867338165387915,-0.08497353875441484,-0.4341824623433815,0.00483898519312936,-0.013833677646260836,-0.0530726415615328,0,70,255.0,255.0,255.0
285,14.25,4.6094,2.7252,-7.3907,0.03413134566906668,-0.08567998888343271,-0.43678947575385807,0.005721314954021561,-0.014424327514454993,-0.05120789485753097,0,70,255.0,255.0,255.0
286,14.3,4.611113625907069,2.7208985362060805,-7.412604302731043,0.03441183021216951,-0.08636724168042685,-0.4393990149834087,0.005498066770091489,-0.01306578436531001,-0.05317367432449365,0,70,255.0,255.0,255.0
287,14.350000000000001,4.612840996981064,2.7165644079512483,-7.434641539647897,0.034681152346075834,-0.08698656731996374,-0.4421068431863075,0.005274818586161417,-0.011707241216165027,-0.055139453791456336,0,70,255.0,255.0,255.0
288,14.4,4.614581555101523,2.7122010115933755,-7.456816625199229,0.03493931207078565,-0.08753796580204334,-0.44491296036255434,0.0050515704022313515,-0.01034869806702009,-0.05710523325841896,0,70,255.0,255.0,255.0
289,14.450000000000001,4.616334742147989,2.7078117434903346,-7.479134473833708,0.03518630938629897,-0.08802143712666573,-0.4478173665121494,0.004828322218301279,-0.00899015491787511,-0.05907101272538164,0,70,255.0,255.0,255.0
290,14.5,4.6181,2.7034,-7.5016,0.03542214429261578,-0.08843698129383087,-0.4508200616350924,0.00460507403437127,-0.007631611768730284,-0.06103679219234115,0,70,255.0,255.0,255.0
291,14.55,4.61987686800008,2.698968193286127,-7.524216399750677,0.03565266456870505,-0.08884364995047661,-0.45381794196561354,0.004615737009199305,-0.008635134497099198,-0.05887842102850224,0,70,255.0,255.0,255.0
292,14.600000000000001,4.621665275342683,2.6945147987360114,-7.546979995553925,0.03588371799353572,-0.0893004947435408,-0.45670790373794273,0.004626399984027341,-0.009638657225468111,-0.05672004986466333,0,70,255.0,255.0,255.0
293,14.65,4.623465248685246,2.6900373075428328,-7.569885391481835,0.036115304567107785,-0.08980751567302342,-0.45948994695207984,0.004637062958855376,-0.01064217995383699,-0.0545616787008245,0,70,255.0,255.0,255.0
294,14.700000000000001,4.625276814685206,2.685533210899769,-7.592927191606497,0.036347424289421254,-0.0903647127389245,-0.4621640716080252,0.004647725933683411,-0.011645702682205904,-0.052403307536985584,0,70,255.0,255.0,255.0
295,14.75,4.6271,2.681,-7.6161,0.03658007716047613,-0.09097208594124402,-0.46473027770577835,0.0046583889085115016,-0.012649225410575116,-0.05024493637314542,0,70,255.0,255.0,255.0
296,14.8,4.628934902092612,2.67643589064941,-7.639399698266251,0.036817511513016724,-0.09158615851766483,-0.46726521715414504,0.004838985193112313,-0.011913677646256782,-0.05115264156152027,0,70,255.0,255.0,255.0
297,14.850000000000001,4.630781901648207,2.671841997104704,-7.6628272781364055,0.03706397567978737,-0.09216345370586972,-0.46984554186193045,0.005019581477713125,-0.01117812988193845,-0.05206034674989513,0,70,255.0,255.0,255.0
298,14.9,4.632641450157494,2.6672201582352932,-7.686385008873435,0.037319469660788036,-0.09270397150585867,-0.4724712518291345,0.00520017776231393,-0.010442582117620142,-0.05296805193826995,0,70,255.0,255.0,255.0
299,14.950000000000001,4.6345139991111886,2.6625722129105878,-7.71007515974031,0.03758399345601876,-0.09320771191763173,-0.4751423470557575,0.005380774046914742,-0.009707034353301808,-0.0538757571266448,0,70,255.0,255.0,255.0
300,15.0,4.6364,2.6579,-7.7339,0.03785754706547951,-0.09367467494118885,-0.477858827541799,0.005561370331515547,-0.00897148658898328,-0.054783462315020515,0,70,255.0,255.0,255.0
301,15.05,4.638299523629475,2.653205044116234,-7.757860807184321,0.038117289379224935,-0.09412371597886074,-0.48056118941780895,0.004828322218301318,-0.008990154917892146,-0.05331101272537706,0,70,255.0,255.0,255.0
302,15.100000000000001,4.640211118064495,2.648487612845173,-7.781954891900456,0.03834037928730965,-0.09457369043297807,-0.48318992881433676,0.0040952741050870895,-0.009008823246801013,-0.05183856313573361,0,70,255.0,255.0,255.0
303,15.15,4.642132950684777,2.643747659515996,-7.806178573024431,0.03852681678973364,-0.09502459830354083,-0.48574504573138233,0.0033622259918728863,-0.009027491575709878,-0.050366113546090205,0,70,255.0,255.0,255.0
304,15.200000000000001,4.6440631888700405,2.6389851374578783,-7.83052816943227,0.03867660188649693,-0.09547643959054906,-0.4882265401689458,0.002629177878658657,-0.009046159904618744,-0.04889366395644676,0,70,255.0,255.0,255.0
305,15.25,4.646,2.6342,-7.855,0.03878973457759951,-0.09592921429400271,-0.4906344121270269,0.0018961297654443432,-0.009064828233527167,-0.047421214366800246,0,70,255.0,255.0,255.0
306,15.3,4.647942203389491,2.629391932885654,-7.879591472996465,0.03890533097007824,-0.09639897756689574,-0.4930340251746213,0.0027277259337049617,-0.009725702682193381,-0.04856330753697559,0,70,255.0,255.0,255.0
307,15.350000000000001,4.649891226093814,2.624559551514603,-7.904304354261772,0.039062507170970005,-0.09690178456222207,-0.49549074288072453,0.0035593221019655803,-0.010386577130859595,-0.04970540070715094,0,70,255.0,255.0,255.0
308,15.4,4.651849147103394,2.619701203700725,-7.929141499028845,0.0392612631802748,-0.09743763527998169,-0.49800456524533643,0.004390918270226168,-0.011047451579525785,-0.05084749387732624,0,70,255.0,255.0,255.0
309,15.450000000000001,4.6538180454086495,2.6148152372578974,-7.954105762530614,0.039501598997992625,-0.09800652972017464,-0.5005754922684571,0.005222514438486787,-0.011708326028191999,-0.05198958704750159,0,70,255.0,255.0,255.0
310,15.5,4.6558,2.6099,-7.9792,0.039783514624123474,-0.09860846788280088,-0.5032035239500865,0.006054110606747265,-0.012369200476858189,-0.05313168021767467,0,70,255.0,255.0,255.0
311,15.55,4.6577964628125645,2.6049544243411487,-8.004426100829823,0.0400693867404646,-0.09920837375355478,-0.505830709883695,0.005380774046897653,-0.011627034353297339,-0.051955757126666655,0,70,255.0,255.0,255.0
312,15.600000000000001,4.659806377560247,2.5999797810964145,-8.02978209105246,0.04032159202881325,-0.09977117131813062,-0.5083990996627532,0.004707437487048042,-0.01088486822973649,-0.05077983403565863,0,70,255.0,255.0,255.0
313,15.65,4.661828060901646,2.594977925681105,-8.055265030860188,0.04054013048916941,-0.10029686057652842,-0.510908693287261,0.004034100927198454,-0.010142702106175665,-0.04960391094465066,0,70,255.0,255.0,255.0
314,15.700000000000001,4.663859829495364,2.5899507135105306,-8.080871980445277,0.04072500212153309,-0.10078544152874819,-0.5133594907572183,0.003360764367348842,-0.009400535982614817,-0.048427987853642634,0,70,255.0,255.0,255.0
315,15.75,4.6659,2.5849,-8.1066,0.04087620692590429,-0.1012369141747899,-0.515751492072625,0.002687427807499143,-0.008658369859053328,-0.04725206476263377,0,70,255.0,255.0,255.0
316,15.8,4.667947145360251,2.5798271697497515,-8.132446523684248,0.041009122068058235,-0.10167952741888212,-0.5181071352906023,0.0026291778786586054,-0.00904615990463536,-0.04697366395645037,0,70,255.0,255.0,255.0
317,15.850000000000001,4.670000863665199,2.574731724099741,-8.158410481528389,0.04113912471377015,-0.10214153016525344,-0.5204488584682702,0.0025709279498180677,-0.009433949950217391,-0.046695263150266966,0,70,255.0,255.0,255.0
318,15.9,4.6720610092900206,2.5696126935748547,-8.184491177530404,0.041266214863040045,-0.10262292241390386,-0.5227766616056289,0.0025126780209775317,-0.009821739995799408,-0.04641686234408358,0,70,255.0,255.0,255.0
319,15.950000000000001,4.674127436609894,2.5644691086999787,-8.21068791568828,0.0413903925158679,-0.1031237041648334,-0.5250905447026785,0.002454428092136994,-0.01020953004138144,-0.046138461537900174,0,70,255.0,255.0,255.0
320,16.0,4.6762,2.5593,-8.237,0.04151165767225373,-0.10364387541804199,-0.5273905077594189,0.002396178163296181,-0.010597320086962903,-0.04586006073171678,0,70,255.0,255.0,255.0
321,16.05,4.678278955746432,2.554104896659847,-8.263427004433185,0.04165412498729885,-0.10415351657092055,-0.5296927489538988,0.00330251443850821,-0.009788326028179372,-0.04622958704747991,0,70,255.0,255.0,255.0
322,16.1,4.680366167778958,2.5488853225046233,-8.289969582833987,0.04184190911610455,-0.10462270802085993,-0.5320134664641669,0.004208850713720239,-0.008979331969395841,-0.04659911336324304,0,70,255.0,255.0,255.0
323,16.150000000000002,4.682463901938271,2.5436433000194762,-8.316628659018198,0.04207501005867088,-0.10505144976786014,-0.5343526602902232,0.005115186988932268,-0.008170337910612311,-0.04696863967900617,0,70,255.0,255.0,255.0
324,16.2,4.6845744240650555,2.5383808516895527,-8.343405156801603,0.04235342781499777,-0.10543974181192116,-0.5367103304320675,0.006021523264144233,-0.0073613438518288395,-0.04733816599476927,0,70,255.0,255.0,255.0
325,16.25,4.6867,2.5331,-8.3703,0.04267716238508528,-0.105787584153043,-0.5390864768897001,0.006927859539356318,-0.006552349793044976,-0.047707692310535066,0,70,255.0,255.0,255.0
326,16.3,4.688841831654023,2.527802043610861,-8.397313458583017,0.042982377982752375,-0.10613840629743439,-0.5414418688938052,0.005280764367327372,-0.007480535982610572,-0.04650798785366382,0,70,255.0,255.0,255.0
327,16.35,4.690996865218966,2.5224853858817653,-8.424443187135667,0.04320523882181802,-0.10653563775130406,-0.5437372756750666,0.0036336691952984254,-0.008408722172176168,-0.04530828339679257,0,70,255.0,255.0,255.0
328,16.400000000000002,4.693160982956895,2.517147706347239,-8.451686186396811,0.04334574490228222,-0.10697927851465201,-0.5459726972334845,0.001986574023269479,-0.009336908361741765,-0.044108578939921324,0,70,255.0,255.0,255.0
329,16.45,4.695330067129884,2.511786684541809,-8.479039457105301,0.04340389622414498,-0.10746932858747822,-0.5481481335690586,0.00033947885124064985,-0.010265094551307294,-0.042908874483050155,0,70,255.0,255.0,255.0
330,16.5,4.6975,2.5064,-8.5065,0.04337969278740629,-0.10800578796978273,-0.5502635846817894,-0.0013076163207880187,-0.011193280740872669,-0.041709170026180686,0,70,255.0,255.0,255.0
331,16.55,4.699668117637475,2.5009861288967095,-8.534065561234753,0.043360363081690126,-0.10854085823933951,-0.5523637754708908,0.0005344280921414186,-0.01020953004139816,-0.042298461537875205,0,70,255.0,255.0,255.0
332,16.6,4.701837571345179,2.4955467339683155,-8.561736868623349,0.04343313559662043,-0.10902674097392256,-0.554493430835577,0.002376472505070856,-0.00922577934192365,-0.042887753049569724,0,70,255.0,255.0,255.0
333,16.650000000000002,4.7040129662341466,2.490084274591567,-8.58951539539457,0.043598010332197214,-0.1094634361735319,-0.5566525507758479,0.004218516918000293,-0.008242028642449141,-0.04347704456126425,0,70,255.0,255.0,255.0
334,16.7,4.70619890741541,2.4846012101432122,-8.617402614777195,0.043854987288420445,-0.10985094383816746,-0.5588411352917033,0.0060605613309296,-0.007258277942974703,-0.04406633607295873,0,70,255.0,255.0,255.0
335,16.75,4.7084,2.4791,-8.6454,0.044204066465290175,-0.11018926396782933,-0.5610591843831436,0.007902605743858981,-0.006274527243500083,-0.04465562758465502,0,70,255.0,255.0,255.0
336,16.8,4.710619297796079,2.4735822408023007,-8.673508296477976,0.04455216969049026,-0.11053016074521234,-0.5632630292226295,0.006021523264144097,-0.007361343851820183,-0.043498165994780166,0,70,255.0,255.0,255.0
337,16.85,4.712853649400317,2.4680460782449716,-8.701725338370938,0.04480621879170459,-0.11092539835301135,-0.5654090009826217,0.004140440784429213,-0.008448160460140283,-0.042340704404905304,0,70,255.0,255.0,255.0
338,16.900000000000002,4.715098352106515,2.4624887952864927,-8.730048232024915,0.044966213768933186,-0.11137497679122638,-0.5674970996631201,0.0022593583047143297,-0.009534977068460383,-0.04118324281503045,0,70,255.0,255.0,255.0
339,16.95,4.717348703208476,2.456907674885342,-8.758474083785925,0.045032154622176024,-0.11187889605985736,-0.5695273252641246,0.00037827582499957903,-0.010621793676780407,-0.04002578122515567,0,70,255.0,255.0,255.0
340,17.0,4.7196,2.4513,-8.787,0.04500404135143313,-0.11243715615890441,-0.5714996777856356,-0.0015028066547153607,-0.011708610285101062,-0.038868319635279036,0,70,255.0,255.0,255.0
341,17.05,4.721849091178213,2.4456641078940873,-8.815623652853347,0.044974958156346265,-0.11298649877981443,-0.573448107638594,0.0003394788512408194,-0.01026509455129885,-0.039068874483058735,0,70,255.0,255.0,255.0
342,17.1,4.724099031053556,2.440002553051796,-8.8443449778929,0.045037989236557205,-0.11346366561403431,-0.5754065652339415,0.0021817643571969995,-0.008821578817496636,-0.03926942933083844,0,70,255.0,255.0,255.0
343,17.150000000000002,4.7263544253397916,2.4343189442624618,-8.873164476505782,0.04519313459206597,-0.1138686566615641,-0.577375050571678,0.004024049863153179,-0.0073780630836944245,-0.03946998417861814,0,70,255.0,255.0,255.0
344,17.2,4.728619879750684,2.428616890315418,-8.902082650079107,0.045440394222872514,-0.11420147192240374,-0.5793535636518032,0.005866335369109229,-0.005934547349892315,-0.03967053902639783,0,70,255.0,255.0,255.0
345,17.25,4.7309,2.4229,-8.9311,0.045779768128976876,-0.11446211139655331,-0.5813421044743177,0.007708620875065242,-0.00449103161608988,-0.039871093874175756,0,70,255.0,255.0,255.0
346,17.3,4.733197937491066,2.4171709276213496,-8.96021709210864,0.046123997684126755,-0.11470784413553002,-0.5833445402229954,0.006060561330929592,-0.005338277942978865,-0.04022633607293394,0,70,255.0,255.0,255.0
347,17.35,4.73551102638546,2.411428509547841,-8.989434750057468,0.046385824262069844,-0.1149959391908512,-0.5853647380816112,0.004412501786793941,-0.00618552426986785,-0.04058157827169212,0,70,255.0,255.0,255.0
348,17.400000000000002,4.73783514653432,2.405670627663658,-9.018753861951968,0.04656524786280616,-0.11532639656251682,-0.5874026980501647,0.00276444224265829,-0.007032770596756835,-0.0409368204704503,0,70,255.0,255.0,255.0
349,17.45,4.740166177788786,2.3998951638529835,-9.048175315897648,0.04666226848633567,-0.11569921625052687,-0.5894584201286561,0.001116382698522757,-0.00788001692364576,-0.04129206266920846,0,70,255.0,255.0,255.0
350,17.5,4.7425,2.3941,-9.0777,0.04667688613265841,-0.11611439825488139,-0.5915319043170855,-0.0005316768456131715,-0.008727263250535189,-0.04164730486796664,0,70,255.0,255.0,255.0
351,17.55,4.744833558857521,2.388283381620515,-9.107327978712087,0.04667305110714307,-0.1165501246780644,-0.5935737314694144,0.0003782758249994652,-0.008701793676785407,-0.040025781225189384,0,70,255.0,255.0,255.0
352,17.6,4.747168063404605,2.382445008756838,-9.13705602187724,0.04671471371515836,-0.11698457762255994,-0.5955344824396045,0.001288228495612102,-0.008676324103035626,-0.03840425758241212,0,70,255.0,255.0,255.0
353,17.650000000000002,4.749505788522931,2.3765849450829037,-9.166880075686347,0.046801873956704286,-0.11741775708836798,-0.5974141572276557,0.0021981811662247384,-0.008650854529285844,-0.03678273393963487,0,70,255.0,255.0,255.0
354,17.7,4.751849009094169,2.3707032542726463,-9.196796086330302,0.046934531831780826,-0.11784966307548851,-0.5992127558335679,0.0031081338368373107,-0.008625384955536065,-0.035161210296857724,0,70,255.0,255.0,255.0
355,17.75,4.7542,2.3648,-9.2268,0.04711268734038802,-0.11828029558392159,-0.6009302782573414,0.004018086507450003,-0.008599915381786838,-0.03353968665408047,0,70,255.0,255.0,255.0
356,17.8,4.756560627078846,2.3588755458965895,-9.256888593043008,0.04731179788730211,-0.11869165715221346,-0.6026165338993528,0.003946335369113672,-0.007854547349887787,-0.033910539026376446,0,70,255.0,255.0,255.0
357,17.85,4.758931119996115,2.3529314554248053,-9.28706196243358,0.047507320877299385,-0.11906575031891038,-0.604321332159979,0.003874584230777343,-0.007109179317988735,-0.03428139139867242,0,70,255.0,255.0,255.0
358,17.900000000000002,4.76131129937396,2.3469695920047253,-9.31732103530265,0.047699256310379856,-0.11940257508401235,-0.6060446730392202,0.003802833092441013,-0.006363811286089684,-0.0346522437709684,0,70,255.0,255.0,255.0
359,17.95,4.763700985834538,2.3409918190564305,-9.347666738781145,0.04788760418654348,-0.11970213144751933,-0.6077865565370758,0.003731081954104688,-0.005618443254190685,-0.03502309614326435,0,70,255.0,255.0,255.0
360,18.0,4.7661,2.335,-9.3781,0.04807236450579031,-0.1199644194094314,-0.6095469826535465,0.003659330815768136,-0.004873075222291634,-0.0353939485155621,0,70,255.0,255.0,255.0
361,18.05,4.768507932827094,2.328995234793125,-9.408621649115885,0.048239757343647466,-0.12023524671307974,-0.6113201329331652,0.0030363826985180054,-0.005960016923641802,-0.03553206266918849,0,70,255.0,255.0,255.0
362,18.1,4.770923456610933,2.322975569543941,-9.439232128388445,0.04837600277564212,-0.12056042110179559,-0.6131001889204654,0.002413434581267875,-0.00704695862499197,-0.035670176822814884,0,70,255.0,255.0,255.0
363,18.150000000000002,4.773345013981227,2.316938286898194,-9.469931783103062,0.04848110080177426,-0.12093994257557894,-0.6148871506154467,0.0017904864640177444,-0.008133900326342139,-0.035808290976441275,0,70,255.0,255.0,255.0
364,18.2,4.77577104756768,2.310880669501632,-9.500720958545118,0.048555051422043895,-0.12137381113442977,-0.6166810180181094,0.001167538346767658,-0.009220842027692229,-0.03594640513006766,0,70,255.0,255.0,255.0
365,18.25,4.7782,2.3048,-9.5316,0.04859785463645102,-0.12186202677834813,-0.6184817911284534,0.0005445902295175276,-0.010307783729041842,-0.036084519283691385,0,70,255.0,255.0,255.0
366,18.3,4.78063084161278,2.2986947149309103,-9.562568810493449,0.04864117273811001,-0.12233535599546301,-0.6202629343679689,0.0011881338368419073,-0.008625384955553227,-0.03516121029692502,0,70,255.0,255.0,255.0
367,18.35,4.7830646535601495,2.2925678663994318,-9.593625524012642,0.04871666802013521,-0.12272456527390348,-0.6219979121581459,0.001831677444166287,-0.006942986182064612,-0.03423790131015864,0,70,255.0,255.0,255.0
368,18.400000000000002,4.785503044701133,2.286423660402498,-9.624767832285109,0.04882434048252664,-0.12302965461366949,-0.6236867244989847,0.0024752210514906664,-0.005260587408575996,-0.033314592323392275,0,70,255.0,255.0,255.0
369,18.45,4.787947623894743,2.280266302937043,-9.655993427038384,0.04896419012528427,-0.12325062401476107,-0.6253293713904851,0.003118764658815001,-0.0035781886350874995,-0.03239128333662597,0,70,255.0,255.0,255.0
370,18.5,4.7904,2.2741,-9.6873,0.04913621694840813,-0.12338747347717823,-0.6269258528326471,0.0037623082661394913,-0.0018957898615988844,-0.03146797434985871,0,70,255.0,255.0,255.0
371,18.55,4.7928615007217905,2.2679275054832337,-9.718685508910317,0.04932355170391424,-0.12352732930507265,-0.6284921295949746,0.003731081954104642,-0.003698443254178233,-0.031183096143240614,0,70,255.0,255.0,255.0
372,18.6,4.795332329148465,2.2617457648583317,-9.750148975560995,0.0495093251438186,-0.12375731780259605,-0.6300441624469713,0.003699855642069793,-0.005501096646757582,-0.03089821793662252,0,70,255.0,255.0,255.0
373,18.650000000000002,4.797812407214246,2.2555502714918134,-9.78168968775651,0.04969353726812122,-0.12407743896974842,-0.6315819513886369,0.0036686293300349435,-0.007303750039336931,-0.030613339730004428,0,70,255.0,255.0,255.0
374,18.7,4.80030165685335,2.249336518750197,-9.81330693330135,0.04987618807682209,-0.12448769280652972,-0.6331054964199716,0.0036374030180000966,-0.009106403431916151,-0.030328461523386356,0,70,255.0,255.0,255.0
375,18.75,4.8028,2.2431,-9.845,0.050057277569921226,-0.12498807931294004,-0.6346147975409755,0.003606176705965136,-0.010909056824495611,-0.030043583316768263,0,70,255.0,255.0,255.0
376,18.8,4.8053071555000635,2.2368376631361544,-9.876768353865286,0.05022462044623943,-0.12549132678424474,-0.636120547252145,0.003087538346763101,-0.00922084202769191,-0.030186405130011452,0,70,255.0,255.0,255.0
377,18.85,4.807822029845992,2.2305522741672394,-9.908612173743393,0.050366031404597535,-0.12591016351570924,-0.6376334380539767,0.002568899987561065,-0.007532627230888208,-0.030329226943254642,0,70,255.0,255.0,255.0
378,18.900000000000002,4.810343326441891,2.224248053630247,-9.940531816688862,0.05048151044499555,-0.12624458950733355,-0.6391534699464705,0.002050261628359029,-0.005844412434084506,-0.030472048756497835,0,70,255.0,255.0,255.0
379,18.95,4.812869748691859,2.2179292220621702,-9.972527639756217,0.05057105756743344,-0.1264946047591177,-0.6406806429296265,0.0015316232691570306,-0.004156197637280925,-0.030614870569741014,0,70,255.0,255.0,255.0
380,19.0,4.8154,2.2116,-10.0046,0.05063467277191124,-0.12666020927106164,-0.6422149570034447,0.0010129849099547727,-0.002467982840477223,-0.030757692382986868,0,70,255.0,255.0,255.0
381,19.05,4.817933077277962,2.205263441972148,-10.03674907562855,0.050689966511130176,-0.12681136355795075,-0.643745681396436,0.0011987646588024119,-0.0035781886350874695,-0.030471283336664174,0,70,255.0,255.0,255.0
382,19.1,4.820469151467571,2.1989179384727087,-10.068974329465439,0.050754549237791484,-0.1270180281345704,-0.6452620853371112,0.001384544407650051,-0.004688394429697716,-0.03018487429034148,0,70,255.0,255.0,255.0
383,19.150000000000002,4.8230086870181985,2.192560713987196,-10.101275045488055,0.05082842095189518,-0.12728020300092052,-0.6467641688254702,0.0015703241564976901,-0.005798600224307962,-0.02989846524401879,0,70,255.0,255.0,255.0
384,19.200000000000003,4.825552148379217,2.1861889930011214,-10.133650507673782,0.05091158165344126,-0.12759788815700118,-0.648251931861513,0.0017561039053453293,-0.006908806018918209,-0.029612056197696097,0,70,255.0,255.0,255.0
385,19.25,4.8281,2.1798,-10.1661,0.05100403134242971,-0.12797108360281237,-0.6497253744452398,0.0019418836541928441,-0.008019011813528154,-0.02932564715137609,0,70,255.0,255.0,255.0
386,19.3,4.830652535388091,2.173391768975251,-10.198622543620523,0.05109551350923507,-0.12835121898394838,-0.651168727162109,0.0017174030180215761,-0.007186403431912002,-0.028408461523390813,0,70,255.0,255.0,255.0
387,19.35,4.833209364283727,2.166965571941923,-10.231216108394856,0.05117577164423187,-0.12868972394600356,-0.652566220597579,0.0014929223818503081,-0.006353795050295851,-0.027491275895405537,0,70,255.0,255.0,255.0
388,19.400000000000002,4.835769925485317,2.160523490420969,-10.263878401358927,0.0512448057474201,-0.12898659848897798,-0.6539178547516495,0.0012684417456790401,-0.005521186668679698,-0.026574090267420265,0,70,255.0,255.0,255.0
389,19.450000000000003,4.838333657791272,2.1540676059333435,-10.296607129548663,0.051302615818799774,-0.12924184261287155,-0.655223629624321,0.0010439611095077721,-0.004688578287063547,-0.02565690463943499,0,70,255.0,255.0,255.0
390,19.5,4.8409,2.1476,-10.3294,0.05134920185837087,-0.12945545631768432,-0.656483545215593,0.0008194804733363537,-0.00385596990544701,-0.024739719011446226,0,70,255.0,255.0,255.0
391,19.55,4.843468781169675,2.141122282126846,-10.362255149889359,0.051407979451932775,-0.12965576050625294,-0.657723409955123,0.0015316232691398803,-0.004156197637297824,-0.024854870569754085,0,70,255.0,255.0,255.0
392,19.6,4.846041391397524,2.1346341737595984,-10.395172436955145,0.05150236418528486,-0.12987107608141413,-0.6589690322725684,0.002243766064943407,-0.00445642536914864,-0.024970022128061944,0,70,255.0,255.0,255.0
393,19.650000000000002,4.848619611040535,2.1281349243289274,-10.428152149076249,0.05163235605842712,-0.1301014030431678,-0.6602204121679293,0.0029559088607469335,-0.004756653100999455,-0.025085173686369804,0,70,255.0,255.0,255.0
394,19.700000000000003,4.851205220455697,2.1216237832655045,-10.46119457413157,0.05179795507135956,-0.13034674139151406,-0.6614775496412055,0.00366805165655046,-0.005056880832850269,-0.025200325244677663,0,70,255.0,255.0,255.0
395,19.75,4.8538,2.1151,-10.4943,0.05199916122408216,-0.13060709112645283,-0.662740444692397,0.004380194452354158,-0.005357108564700619,-0.025315476802985515,0,70,255.0,255.0,255.0
396,19.8,4.856405139933207,2.1085631025173655,-10.527468856822038,0.05220056868302496,-0.130865738991043,-0.6640176330174135,0.003676103905357965,-0.004988806018905518,-0.02577205619767327,0,70,255.0,255.0,255.0
397,19.85,4.85901947012618,2.102013733019684,-10.560702143784571,0.05236677161461796,-0.13110597172834337,-0.6653176503121644,0.0029720133583617716,-0.004620503473110416,-0.02622863559236103,0,70,255.0,255.0,255.0
398,19.900000000000002,4.861641230352547,2.095452812263319,-10.594001002336086,0.05249777001886114,-0.13132778933835404,-0.6666404965766496,0.002267922811365578,-0.004252200927315315,-0.026685214987048785,0,70,255.0,255.0,255.0
399,19.950000000000003,4.864268660385943,2.088881261004636,-10.627366573925068,0.05259356389575452,-0.13153119182107492,-0.6679861718108693,0.0015638322643693847,-0.003883898381520213,-0.027141794381736542,0,70,255.0,255.0,255.0
400,20.0,4.8669,2.0823,-10.6608,0.05265415324529808,-0.13171617917650602,-0.6693546760148232,0.0008597417173733524,-0.003515595835724916,-0.02759837377642249,0,70,255.0,255.0,255.0
401,20.05,4.8695338590974915,2.0757093078036917,-10.694301422822488,0.052701745815970105,-0.13192128352957572,-0.6706860579752196,0.0010439611095076876,-0.004688578287063566,-0.025656904639432883,0,70,255.0,255.0,255.0
402,20.1,4.872170328097757,2.0691068941616666,-10.727866987906577,0.05275854935624885,-0.1321850370052124,-0.6719203664787665,0.001228180501642023,-0.005861560738402216,-0.02371543550244327,0,70,255.0,255.0,255.0
403,20.150000000000002,4.874809867549277,2.062489826617794,-10.761491841579417,0.05282456386613431,-0.13250743960341596,-0.673057601525464,0.0014123998937763584,-0.007034543189740866,-0.021773966365453663,0,70,255.0,255.0,255.0
404,20.200000000000003,4.877452938000531,2.055855172715948,-10.795171130168175,0.05289978934562649,-0.13288849132418648,-0.674097763115312,0.0015966192859106936,-0.008207525641079516,-0.01983249722846405,0,70,255.0,255.0,255.0
405,20.25,4.8801,2.0492,-10.8289,0.05298422579472538,-0.13332819216752387,-0.6750408512483103,0.0017808386780452379,-0.009380508092417417,-0.017891028091468364,0,70,255.0,255.0,255.0
406,20.3,4.882751423676825,2.0425228662678667,-10.86267505188801,0.053072448053089964,-0.13373712689065564,-0.6759741350817142,0.001748051656537996,-0.006976880832854004,-0.019440325244689506,0,70,255.0,255.0,255.0
407,20.35,4.885407217482791,2.0358282903336504,-10.896498704589133,0.05315903096037918,-0.13402588025080928,-0.6769848837727793,0.0017152646350307545,-0.0045732535732905906,-0.020989622397910645,0,70,255.0,255.0,255.0
408,20.400000000000002,4.888067299450345,2.0291222812655016,-10.930374831346253,0.05324397451659304,-0.1341944522479847,-0.6780730973215053,0.0016824776135235127,-0.002169626313727177,-0.022538919551131787,0,70,255.0,255.0,255.0
409,20.450000000000003,4.890731587611932,2.022410848131568,-10.964307305402247,0.053327278721731534,-0.134242842882182,-0.6792387757278924,0.0016496905920162712,0.00023400094583623555,-0.024088216704352926,0,70,255.0,255.0,255.0
410,20.5,4.8934,2.0157,-10.9983,0.05340894357579467,-0.1341710521534011,-0.6804819189919404,0.0016169035705091983,0.002637628205399034,-0.025637513857569516,0,70,255.0,255.0,255.0
411,20.55,4.896072446195209,2.008993627124842,-11.032355169625472,0.05348846197166706,-0.13410620890780395,-0.6817054016979225,0.0015638322643865103,-4.3898381512257664e-05,-0.023301794381710615,0,70,255.0,255.0,255.0
412,20.6,4.898748801971078,2.00228714450373,-11.066468593736897,0.053565326802233325,-0.13417544199155232,-0.6828120984301116,0.0015107609582638221,-0.0027254249684235494,-0.020966074905851718,0,70,255.0,255.0,255.0
413,20.650000000000002,4.901428934649344,1.9955738483201972,-11.100634433035587,0.05363953806749345,-0.13437875140464628,-0.6838020091885076,0.0014576896521411341,-0.005406951555334841,-0.018630355429992817,0,70,255.0,255.0,255.0
414,20.700000000000003,4.904112711551739,1.9888470347577762,-11.134846848222853,0.05371109576744744,-0.13471613714708583,-0.6846751339731109,0.0014046183460184462,-0.008088478142246133,-0.01629463595413392,0,70,255.0,255.0,255.0
415,20.75,4.9068,1.9821,-11.1691,0.053779999902095296,-0.13518759921887086,-0.685431472783921,0.0013515470398957063,-0.010770004729157012,-0.013958916478275185,0,70,255.0,255.0,255.0
416,20.8,4.90949079154234,1.975328225232765,-11.203389869610108,0.05385370406024046,-0.13566203747812686,-0.6861802581265897,0.0015966192859106867,-0.008207525641083232,-0.01599249722847101,0,70,255.0,255.0,255.0
417,20.85,4.912185574632896,1.968535931651427,-11.237719720463286,0.05393966183068637,-0.1360083517829792,-0.6870307225067681,0.001841691531925667,-0.005645046553009452,-0.018026077978666837,0,70,255.0,255.0,255.0
418,20.900000000000002,4.91488496195228,1.961729525453707,-11.27209463651141,0.05403787321343303,-0.13622654213342783,-0.6879828659244563,0.002086763777940647,-0.003082567464935672,-0.02005965872886266,0,70,255.0,255.0,255.0
419,20.950000000000003,4.91758956618111,1.9549154128373245,-11.306519701706357,0.05414833820848044,-0.13631660852947275,-0.6890366883796545,0.0023318360239556277,-0.0005200883768618925,-0.022093239479058484,0,70,255.0,255.0,255.0
420,21.0,4.9203,1.9481,-11.341,0.05427105681582858,-0.13627855097111405,-0.6901921898723623,0.0025769082699704793,0.0020423907112114836,-0.024126820229253276,0,70,255.0,255.0,255.0
421,21.05,4.92301638763543,1.9412878719440976,-11.375538951934102,0.05437672178737825,-0.13622164117968796,-0.6913495657957034,0.0016496905920163265,0.00023400094583163268,-0.022168216704388195,0,70,255.0,255.0,255.0
422,21.1,4.92573689949734,1.9344763288905598,-11.410133324409967,0.05443602587503022,-0.13625515087653087,-0.6924090115428011,0.0007224729140621737,-0.0015743888195482183,-0.020209613179523113,0,70,255.0,255.0,255.0
423,21.150000000000002,4.928459217541534,1.9276608498649732,-11.44477822091878,0.05444896907878447,-0.1363790800616428,-0.6933705271136557,-0.00020474476389197938,-0.003382778584928069,-0.018251009654658028,0,70,255.0,255.0,255.0
424,21.200000000000003,4.93118102372382,1.9208369138929242,-11.47946874495173,0.05441555139864102,-0.1365934287350237,-0.694234112508267,-0.001131962441846132,-0.00519116835030792,-0.016292406129792946,0,70,255.0,255.0,255.0
425,21.25,4.9339,1.914,-11.5142,0.054335772834599866,-0.13689819689667357,-0.694999767726635,-0.00205918011980033,-0.006999558115687643,-0.014333802604926227,0,70,255.0,255.0,255.0
426,21.3,4.9366148579159415,1.9071466869908438,-11.548967922653485,0.05427140879025458,-0.13722739780312182,-0.6957174786906107,-0.0005153816540111713,-0.0061684781422416506,-0.014374635954103888,0,70,255.0,255.0,255.0
427,21.35,4.939328427377748,1.900277952786332,-11.583771781896854,0.05428423466919875,-0.13751504471089776,-0.6964372313220454,0.0010284168117779876,-0.005337398168795658,-0.014415469303281548,0,70,255.0,255.0,255.0
428,21.400000000000002,4.942044567881583,1.8933958750863984,-11.618611679813482,0.05437425047143238,-0.13776113762000136,-0.6971590256209389,0.0025722152775671464,-0.004506318195349666,-0.014456302652459209,0,70,255.0,255.0,255.0
429,21.450000000000003,4.944767138923613,1.8865025315909765,-11.653487718486739,0.05454145619695547,-0.1379656765304327,-0.6978828615872914,0.004116013743356305,-0.0036752382219036733,-0.01449713600163687,0,70,255.0,255.0,255.0
430,21.5,4.9475,1.8796,-11.6884,0.054785851845767994,-0.13812866144219177,-0.6986087392211024,0.005659812209145243,-0.00284415824845885,-0.014537969350810087,0,70,255.0,255.0,255.0
431,21.55,4.950245780700806,1.8726901800925262,-11.723348557451963,0.05503364305159583,-0.1382607676078248,-0.6993325194418487,0.0042518360239681054,-0.002440088376862354,-0.014413239479041448,0,70,255.0,255.0,255.0
432,21.6,4.953002190991671,1.8657742599641103,-11.758333148002626,0.05521103544816481,-0.138372670279878,-0.7000500631690066,0.0028438598387909675,-0.002036018505265857,-0.014288509607272811,0,70,255.0,255.0,255.0
433,21.650000000000002,4.955765710932135,1.8588532497894312,-11.793353459827307,0.05531802903547493,-0.1384643694583514,-0.700761370402576,0.0014358836536138295,-0.0016319486336693605,-0.014163779735504173,0,70,255.0,255.0,255.0
434,21.700000000000003,4.958532820581731,1.8519281597431678,-11.828409181101325,0.055354623813526196,-0.13853586514324492,-0.7014664411425571,2.7907468436691972e-05,-0.001227878762072864,-0.014039049863735536,0,70,255.0,255.0,255.0
435,21.75,4.9613,1.845,-11.8635,0.0553208197823186,-0.1385871573345587,-0.7021652753889495,-0.0013800687167407344,-0.0008238088904779506,-0.013914319991964241,0,70,255.0,255.0,255.0
436,21.8,4.9640644192808345,1.8380693926390508,-11.898625847538662,0.05525801900335477,-0.13864153176557836,-0.7028724435419943,-0.001131962441812114,-0.0013511683503085146,-0.01437240612983129,0,70,255.0,255.0,255.0
437,21.85,4.9668260086555645,1.8311354073572255,-11.93378762609265,0.055207623538137386,-0.13872227416958957,-0.7036025160019326,-0.0008838561668834939,-0.0018785278101390785,-0.014830492267698338,0,70,255.0,255.0,255.0
438,21.900000000000002,4.969585388389877,1.8241967257558749,-11.968986480877305,0.055169633386666424,-0.13882938454659227,-0.7043554927687642,-0.0006357498919548737,-0.0024058872699696423,-0.015288578405565387,0,70,255.0,255.0,255.0
439,21.950000000000003,4.97234317874946,1.8172520294363492,-12.004223557107974,0.05514404854894189,-0.13896286289658652,-0.7051313738424891,-0.00038764361702625346,-0.0029332467298002064,-0.015746664543432435,0,70,255.0,255.0,255.0
440,22.0,4.9751,1.8103,-12.0395,0.05513086902496381,-0.13912270921957232,-0.7059301592231074,-0.00013953734209759538,-0.003460606189630955,-0.016204750681297675,0,70,255.0,255.0,255.0
441,22.05,4.977856542175856,1.8033394493512709,-12.074816052393393,0.055134280934994645,-0.13930110532986067,-0.7066977063901799,0.00027601374333108866,-0.0036752382219039457,-0.01449713600160025,0,70,255.0,255.0,255.0
442,22.1,4.980613774386072,1.796369710606987,-12.110168347626786,0.055158470399296916,-0.13949023304176272,-0.7073798728232674,0.0006915648287597727,-0.0038898702541769366,-0.012789521321902825,0,70,255.0,255.0,255.0
443,22.150000000000002,4.9833727355083575,1.7893902471870675,-12.145552616663487,0.05520343741787062,-0.1396900923552784,-0.7079766585223702,0.0011071159141884568,-0.0041045022864499275,-0.011081906642205402,0,70,255.0,255.0,255.0
444,22.200000000000003,4.98613446442043,1.7824005225114319,-12.180964590466791,0.05526918199071577,-0.13990068327040772,-0.708488063487488,0.0015226669996171408,-0.004319134318722918,-0.009374291962507978,0,70,255.0,255.0,255.0
445,22.25,4.9889,1.7754,-12.2164,0.055355704117832326,-0.14012200578715064,-0.708914087718621,0.0019382180850458508,-0.0045337663509952275,-0.007666677282807122,0,70,255.0,255.0,255.0
446,22.3,4.991670212015742,1.7683888099558658,-12.251855542887778,0.055452857256668854,-0.14031404691497748,-0.7093127308972847,0.0019479074684151,-0.0031478787620774964,-0.00827904986374631,0,70,255.0,255.0,255.0
447,22.35,4.994445293800154,1.761369750214826,-12.287331783400214,0.05555049486467384,-0.1404367936633584,-0.7097419927049956,0.001957596851784349,-0.0017619911731597653,-0.0088914224446855,0,70,255.0,255.0,255.0
448,22.400000000000002,4.9972252695766946,1.754346285495854,-12.322830252468762,0.05564861694184729,-0.14049024603229346,-0.7102018731417533,0.0019672862351535984,-0.0003761035842420341,-0.009503795025624689,0,70,255.0,255.0,255.0
449,22.450000000000003,5.000010163568824,1.7473218805179207,-12.358352481024873,0.055747223488189196,-0.1404744040217826,-0.7106923722075581,0.0019769756185228477,0.001009784004675697,-0.010116167606563876,0,70,255.0,255.0,255.0
450,22.5,5.0028,1.7403,-12.3939,0.05584631450369957,-0.14038926763182588,-0.7112134899024097,0.001986665001891985,0.002395671593592885,-0.010728540187503022,0,70,255.0,255.0,255.0
451,22.55,5.00559460976118,1.7332829108252656,-12.429473776055506,0.055934290038321954,-0.14030670701023099,-0.7117313700206827,0.0015323563830033572,0.00090675327020311,-0.009986664543411718,0,70,255.0,255.0,255.0
452,22.6,5.008393050413316,1.7262680885337072,-12.465072518772367,0.05599955014199991,-0.14029859230480557,-0.712212156356751,0.0010780477641147293,-0.0005821650531866651,-0.009244788899320412,0,70,255.0,255.0,255.0
453,22.650000000000002,5.011194186184864,1.7192518108295154,-12.500694373461476,0.05604209481473343,-0.14036492351554963,-0.7126558489106147,0.0006237391452261017,-0.0020710833765764406,-0.008502913255229106,0,70,255.0,255.0,255.0
454,22.700000000000003,5.013996881304274,1.7122303554168825,-12.536337485433725,0.05606192405652252,-0.14050570064246323,-0.7130624476822738,0.00016943052633747375,-0.0035600016999662153,-0.007761037611137802,0,70,255.0,255.0,255.0
455,22.75,5.0168,1.7052,-12.572,0.056059037867367184,-0.14072092368554623,-0.7134319526717285,-0.00028487809255073326,-0.005048920023354775,-0.007019161967047438,0,70,255.0,255.0,255.0
456,22.8,5.019602548939542,1.6981579467430703,-12.60768055289021,0.05604198259004396,-0.14095512504409816,-0.7137937890199684,-0.0003973330003782765,-0.004319134318722096,-0.007454291962545063,0,70,255.0,255.0,255.0
457,22.85,5.022404104546582,1.6911050956503437,-12.643379741510326,0.056019304567329356,-0.14115283711741844,-0.7141773818679831,-0.0005097879082058197,-0.0035893486140894174,-0.007889421958042687,0,70,255.0,255.0,255.0
458,22.900000000000002,5.0252043856838515,1.6840432711860822,-12.679098653685339,0.05599100379922338,-0.1413140599055071,-0.7145827312157726,-0.0006222428160333629,-0.0028595629094567386,-0.008324551953540312,0,70,255.0,255.0,255.0
459,22.950000000000003,5.028003111214081,1.676974297814547,-12.714838377240234,0.05595708028572602,-0.14143879340836413,-0.7150098370633371,-0.0007346977238609062,-0.00212977720482406,-0.008759681949037937,0,70,255.0,255.0,255.0
460,23.0,5.0308,1.6699,-12.7506,0.05591753402683729,-0.14152703762598953,-0.7154586994106763,-0.0008471526316887745,-0.001399991500191211,-0.009194811944536418,0,70,255.0,255.0,255.0
461,23.05,5.0335951944806565,1.6628221022024523,-12.786384012383659,0.05589777960150782,-0.1415847928133774,-0.715893473899454,5.6975618510026306e-05,-0.0009102159953243413,-0.008196167606569013,0,70,255.0,255.0,255.0
462,23.1,5.03639053140036,1.655741928864916,-12.822188515186332,0.05592323158868829,-0.14161805922552195,-0.7162783161713332,0.0009611038687088271,-0.0004204404904574715,-0.007197523268601607,0,70,255.0,255.0,255.0
463,23.150000000000002,5.039188271079735,1.6486607044261539,-12.858011011797178,0.0559938899883787,-0.14162683686242317,-0.7166132262263141,0.0018652321189076278,6.933501440939817e-05,-0.006198878930634201,0,70,255.0,255.0,255.0
464,23.200000000000003,5.041990673839406,1.6415796533249276,-12.89384900560535,0.05610975480057906,-0.14161112572408102,-0.7168982040643966,0.002769360369106429,0.0005591105192762681,-0.005200234592666796,0,70,255.0,255.0,255.0
465,23.25,5.0448,1.6345,-12.9297,0.056270826025289336,-0.14157092581049555,-0.7171332496855809,0.003673488619304721,0.0010488860241435471,-0.0042015902547021255,0,70,255.0,255.0,255.0
466,23.3,5.0476174731378345,1.6274224444471201,-12.965561797575164,0.056414899003930284,-0.1415377037023911,-0.7173363153822254,0.00208943052633308,0.0002799983000341457,-0.003921037611079821,0,70,255.0,255.0,255.0
467,23.35,5.050440169851982,1.6203455888899907,-13.001433397744355,0.05647976907792265,-0.14154292598049212,-0.7175253534466889,0.0005053724333614388,-0.0004888894240752558,-0.0036404849674575167,0,70,255.0,255.0,255.0
468,23.400000000000002,5.053264129997215,1.6132675111093007,-13.037314099125965,0.05646543624726643,-0.14158659264479864,-0.7177003638789712,-0.0010786856596102018,-0.001257777148184657,-0.003359932323835212,0,70,255.0,255.0,255.0
469,23.450000000000003,5.056085393428298,1.6061862888857406,-13.073203200338384,0.05637190051196163,-0.1416687036953106,-0.7178613466790724,-0.0026627437525818436,-0.0020266648722940587,-0.003079379680212908,0,70,255.0,255.0,255.0
470,23.5,5.0589,1.5991,-13.1091,0.056199161872008255,-0.141789259132028,-0.7180083018469925,-0.004246801845553372,-0.0027955525964022954,-0.002798827036588847,0,70,255.0,255.0,255.0
471,23.55,5.0617053129680105,1.5920073200090663,-13.145003997315692,0.05602662438277258,-0.14191239237705866,-0.7181532645716343,-0.0026546977238735,-0.002129777204823914,-0.0029996819490840237,0,70,255.0,255.0,255.0
472,23.6,5.064503989191713,1.5849093155751202,-13.180915493836258,0.0559336920996209,-0.1420022368525104,-0.7183082700419009,-0.001062593602193628,-0.0014640018132455333,-0.0032005368615792007,0,70,255.0,255.0,255.0
473,23.650000000000002,5.067300008931408,1.5778076511366412,-13.216834991698978,0.055920365022553216,-0.14205879255838322,-0.7184733182577923,0.0005295105194862435,-0.0007982264216671526,-0.0034013917740743776,0,70,255.0,255.0,255.0
474,23.700000000000003,5.0700973524474025,1.570703991132108,-13.252762993041133,0.05598664315156952,-0.1420820594946771,-0.7186484092193083,0.002121614641166116,-0.00013245103008877133,-0.003602246686569555,0,70,255.0,255.0,255.0
475,23.75,5.0729,1.5636,-13.2887,0.056132526486669825,-0.1420720376613921,-0.7188335429264491,0.003713718762846152,0.0005333243614900063,-0.003803101599062053,0,70,255.0,255.0,255.0
476,23.8,5.075710874990122,1.5564970755166148,-13.324646213162069,0.05629460346496906,-0.1420447267893729,-0.7190106263312425,0.002769360369123317,0.0005591105192763738,-0.0032802345926727407,0,70,255.0,255.0,255.0
477,23.85,5.078528673381169,1.5493955488095275,-13.360600626910621,0.056409462523582164,-0.14201612660946447,-0.7191615663857164,0.0018250019754004819,0.0005848966770627414,-0.0027573675862834286,0,70,255.0,255.0,255.0
478,23.900000000000002,5.081351034277153,1.5422954843441328,-13.396561934078138,0.05647710366250911,-0.14198623712166666,-0.7192863630898707,0.0008806435816776466,0.0006106828348491089,-0.0022345005798941166,0,70,255.0,255.0,255.0
479,23.950000000000003,5.084175596782092,1.5351969465858253,-13.432528827497103,0.05649752688174992,-0.14195505832597954,-0.7193850164437058,-6.371481204518834e-05,0.0006364689926354765,-0.0017116335735048041,0,70,255.0,255.0,255.0
480,24.0,5.087,1.5281,-13.4685,0.0564707321813046,-0.1419225902224031,-0.7194575264472213,-0.0010080732057681785,0.0006622551504218421,-0.0011887665671137526,0,70,255.0,255.0,255.0
481,24.05,5.089822387071496,1.521004377924475,-13.504474350036034,0.056426961757346156,-0.14190870046545,-0.7195162301034036,-0.0007427437525693155,-0.00010666487229801216,-0.0011593796801824038,0,70,255.0,255.0,255.0
482,24.1,5.092642917283612,1.5139084891867691,-13.540451598521269,0.05639645780604767,-0.14193325670963292,-0.7195734644152395,-0.0004774142993704525,-0.0008755848950178665,-0.0011299927932510547,0,70,255.0,255.0,255.0
483,24.150000000000002,5.09546225395998,1.5068104114868257,-13.576431671988486,0.056379220327409114,-0.1419962589549518,-0.7196292293827288,-0.00021208484617158936,-0.0016445049177377206,-0.0011006059063197059,0,70,255.0,255.0,255.0
484,24.200000000000003,5.098281060424231,1.4997082225245881,-13.612414496970471,0.0563752493214305,-0.1420977072014067,-0.7196835250058715,5.3244607027273533e-05,-0.002413424940457575,-0.001071219019388357,0,70,255.0,255.0,255.0
485,24.25,5.1011,1.4926,-13.6484,0.056384544788111834,-0.14223760144899755,-0.7197363512846676,0.0003185740602261733,-0.003182344963177375,-0.0010418321324552338,0,70,255.0,255.0,255.0
486,24.3,5.103919576723889,1.4854846127854848,-13.684387586693799,0.05639754950564633,-0.142368471348829,-0.7197564532551435,0.00020161464115368955,-0.0020524510300798777,0.00023775331342347928,0,70,255.0,255.0,255.0
487,24.35,5.106739657484383,1.4783640944433942,-13.720374579004309,0.0564047062522272,-0.14244284655200554,-0.7197125759533253,8.46552220812058e-05,-0.0009225570969823805,0.0015173387593021923,0,70,255.0,255.0,255.0
488,24.400000000000002,5.10955994988293,1.4712412697085617,-13.756357777967924,0.05640601502785445,-0.14246072705852722,-0.7196047193792131,-3.2304196991277925e-05,0.00020733683611511662,0.0027969242051809054,0,70,255.0,255.0,255.0
489,24.450000000000003,5.112380161520985,1.464118963315819,-13.79233398462103,0.056401475832528074,-0.142422112868394,-0.7194328835328071,-0.0001492636160637617,0.0013372307692126138,0.004076509651059618,0,70,255.0,255.0,255.0
490,24.5,5.1152,1.457,-13.8283,0.056391088666248076,-0.14232700398160597,-0.7191970684141072,-0.0002662230351361261,0.0024671247023095866,0.005356095096936464,0,70,255.0,255.0,255.0
491,24.55,5.118019306032944,1.4498867709335852,-13.864253703188782,0.05638284022006854,-0.14220141413923246,-0.7189619568760209,-6.371481204518737e-05,0.002556468992630824,0.004048366426515474,0,70,255.0,255.0,255.0
492,24.6,5.120838452778859,1.4427799330396518,-13.900197285461495,0.05638471718504356,-0.14207135708234286,-0.7187922317714557,0.00013879341104575138,0.002645813282952061,0.0027406377560944845,0,70,255.0,255.0,255.0
493,24.650000000000002,5.123657946508302,1.435679709678926,-13.936134016139821,0.05639671956117312,-0.14193683281093725,-0.7186878931004115,0.0003413016341366901,0.0027351575732732984,0.0014329090856734948,0,70,255.0,255.0,255.0
494,24.700000000000003,5.12647829349183,1.4285863242121333,-13.972067164545429,0.05641884734845722,-0.14179784132501555,-0.7186489408628883,0.0005438098572276289,0.002824501863594536,0.00012518041525250503,0,70,255.0,255.0,255.0
495,24.75,5.1293,1.4215,-14.008,0.05645110054689588,-0.14165438262457783,-0.7186753750588862,0.0007463180803181091,0.0029138461539159888,-0.0011825482551666155,0,70,255.0,255.0,255.0
496,24.8,5.132123199144331,1.414420303480174,-14.04393440055108,0.05647108961407951,-0.14154587209424138,-0.718683719240751,5.324460702703772e-05,0.0014265750595423355,0.000848780980574866,0,70,255.0,255.0,255.0
497,24.85,5.13494653140018,1.407344173397997,-14.079866679149713,0.056456425007598586,-0.1415117251186236,-0.7185904969608288,-0.0006398288662640337,-6.069603483131779e-05,0.0028801102163163476,0,70,255.0,255.0,255.0
498,24.900000000000002,5.137768264083863,1.400267891575733,-14.1157917574728,0.05640710672745311,-0.1415519416977245,-0.7183957082191194,-0.001332902339555105,-0.0015479671292049713,0.004911439452057829,0,70,255.0,255.0,255.0
499,24.950000000000003,5.140586664511698,1.3931877398356458,-14.151704557197261,0.05632313477364308,-0.1416665218315441,-0.7180993530156229,-0.0020259758128461764,-0.0030352382235786244,0.006942768687799311,0,70,255.0,255.0,255.0
500,25.0,5.1434,1.3861,-14.1876,0.05620450914616849,-0.14185546552008235,-0.7177014313503394,-0.002719049286137587,-0.004522509317951728,0.008974097923545088,0,70,255.0,255.0,255.0
501,25.05,5.14620709738973,1.379002415145718,-14.223474294606893,0.05608480132361356,-0.14203109748380083,-0.7172791661609745,-0.00206926361605926,-0.0025027692307870433,0.007916509651050759,0,70,255.0,255.0,255.0
502,25.1,5.14900902162042,1.371898573368359,-14.25932879793966,0.05599758278456256,-0.14210574244316107,-0.7169097803852342,-0.001419477945980933,-0.0004830291436223582,0.00685892137855643,0,70,255.0,255.0,255.0
503,25.150000000000002,5.151807397156245,1.364793524018141,-14.295166153968976,0.055942853529015464,-0.14207940039816308,-0.7165932740231189,-0.0007696922759026059,0.001536710943542327,0.005801333106062101,0,70,255.0,255.0,255.0
504,25.200000000000003,5.154603848461379,1.3576923164452819,-14.330989006665533,0.055920613556972296,-0.14195207134880683,-0.7163296470746281,-0.00011990660582427912,0.003556451030707012,0.004743744833567771,0,70,255.0,255.0,255.0
505,25.25,5.1574,1.3506,-14.3668,0.05593086286843303,-0.1417237552950924,-0.7161188995397619,0.0005298790642538354,0.005576191117871332,0.0036861565610761815,0,70,255.0,255.0,255.0
506,25.3,5.160197211296749,1.3435204359369533,-14.40260122102135,0.055957705091470064,-0.14146573797055587,-0.715927616115353,0.0005438098572274843,0.0047445018635899555,0.003965180415278095,0,70,255.0,255.0,255.0
507,25.35,5.162995782118141,1.3364527331285658,-14.438392529091658,0.05598524385415578,-0.1412493051087334,-0.7157223814982342,0.0005577406502011332,0.003912812609308579,0.004244204269480009,0,70,255.0,255.0,255.0
508,25.400000000000002,5.165795747291159,1.3293948123517014,-14.474173226651294,0.05601347915649018,-0.14107445670962498,-0.715503195688405,0.0005716714431747822,0.0030811233550272024,0.004523228123681922,0,70,255.0,255.0,255.0
509,25.450000000000003,5.168597141642785,1.3223445943832244,-14.50994261614062,0.056042410998473256,-0.14094119277323067,-0.7152700586858659,0.0005856022361484311,0.0022494341007458256,0.004802251977883836,0,70,255.0,255.0,255.0
510,25.5,5.1714,1.3153,-14.5457,0.05607203938010502,-0.1408495132995504,-0.7150229704906168,0.000599533029121857,0.0014177448464651743,0.005081275832088394,0,70,255.0,255.0,255.0
511,25.55,5.174204057423275,1.3082590411064678,-14.581444021307718,0.05608437831051137,-0.140793950633978,-0.7147223693776196,-0.00010597581286791893,0.0008047617764299099,0.006942768687802596,0,70,255.0,255.0,255.0
512,25.6,5.1770078499070165,1.3012200941173768,-14.617170685693717,0.05606144179881823,-0.1407690371219074,-0.7143286936218366,-0.0008114846548576949,0.00019177870639464556,0.008804261543516798,0,70,255.0,255.0,255.0
513,25.650000000000002,5.179809613679121,1.2941816265750519,-14.652875339425856,0.0560032298450256,-0.14077477276333855,-0.7138419432232679,-0.001516993496847471,-0.0004212043636406188,0.010665754399230998,0,70,255.0,255.0,255.0
514,25.700000000000003,5.182607584967484,1.2871421060218178,-14.688553328771997,0.05590974244913348,-0.14081115755827148,-0.7132621181819134,-0.002222502338837247,-0.0010341874336758832,0.012527247254945202,0,70,255.0,255.0,255.0
515,25.75,5.1854,1.2801,-14.7242,0.05578097961114188,-0.14087819150670616,-0.7125892184977733,-0.0029280111808269726,-0.0016471705037122142,0.014388740110662823,0,70,255.0,255.0,255.0
516,25.8,5.188185759010153,1.2730545996371745,-14.759812293747784,0.055656781666476134,-0.14092645949353141,-0.7119189063741671,-0.002039906605802831,-0.0002835489692975897,0.012423744833586497,0,70,255.0,255.0,255.0
517,25.85,5.190966418253793,1.2660084904019253,-14.795393528133483,0.055576988950561595,-0.14090654640363592,-0.7113468440144146,-0.0011518020307786894,0.0010800725651170348,0.010458749556510171,0,70,255.0,255.0,255.0
518,25.900000000000002,5.1937441979923555,1.258965081348089,-14.830948615645289,0.05554160146339827,-0.1408184522370197,-0.7108730314185161,-0.0002636974557545476,0.0024436940995316596,0.008493754279433847,0,70,255.0,255.0,255.0
519,25.950000000000003,5.196521318487278,1.2519277815295018,-14.866482468771398,0.05555061920498614,-0.14066217699368277,-0.7104974685864713,0.0006244071192695938,0.003807315633946284,0.006528759002357519,0,70,255.0,255.0,255.0
520,26.0,5.1993,1.2449,-14.902,0.05560404217532522,-0.14043772067362512,-0.7102201555182802,0.0015125116942936723,0.00517093716836059,0.004563763725283998,0,70,255.0,255.0,255.0
521,26.05,5.20208170653611,1.2378841603448343,-14.937504403701151,0.055656495023586265,-0.14020421139189745,-0.7099380051257019,0.0005856022361483284,0.004169434100746314,0.006722251977845626,0,70,255.0,255.0,255.0
522,26.1,5.20486487707781,1.2308787442749203,-14.97299200177236,0.05566260239894005,-0.1400207772635505,-0.7095479303204957,-0.0003413072219970155,0.0031679310331320367,0.008880740230407254,0,70,255.0,255.0,255.0
523,26.150000000000002,5.207647194351456,1.2238812480325894,-15.008457397992993,0.05562236430138657,-0.13988741828858425,-0.7090499311026612,-0.0012682166801423595,0.0021664279655177606,0.01103922848296888,0,70,255.0,255.0,255.0
524,26.200000000000003,5.210426341083401,1.216889167860172,-15.043895196142419,0.05553578073092581,-0.1398041344669987,-0.7084440074721987,-0.0021951261382877033,0.0011649248979034837,0.013197716735530508,0,70,255.0,255.0,255.0
525,26.25,5.2132,1.2099,-15.0793,0.055402851687557805,-0.13977092579879388,-0.7077301594291082,-0.0031220355964333146,0.0001634218302892787,0.015356204988093758,0,70,255.0,255.0,255.0
526,26.3,5.2159666148454065,1.202911958983488,-15.114667691447611,0.05526923823917603,-0.13974469493887845,-0.7069850731230324,-0.002222502338837327,0.0008858125663276809,0.014447247254942206,0,70,255.0,255.0,255.0
527,26.35,5.218727673434965,1.1959261324983919,-15.149999264777081,0.055180601453674066,-0.1396823445421611,-0.7062854347036139,-0.0013229690812413396,0.001608203302366083,0.013538289521790654,0,70,255.0,255.0,255.0
528,26.400000000000002,5.221485424601822,1.1889443265215516,-15.18529699238275,0.055136941331051896,-0.13958387460864186,-0.7056312441708533,-0.0004234358236453522,0.002330594038404485,0.012629331788639103,0,70,255.0,255.0,255.0
529,26.450000000000003,5.224242117179118,1.1819683470298077,-15.220563146658945,0.055138257871309534,-0.13944928513832067,-0.7050225015247501,0.0004760974339506354,0.0030529847744428873,0.01172037405548755,0,70,255.0,255.0,255.0
530,26.5,5.227,1.175,-15.2558,0.055184551074446954,-0.1392785761311976,-0.7044592067653046,0.0013756306915460592,0.003775375510480128,0.010811416322335177,0,70,255.0,255.0,255.0
531,26.55,5.2297606340822655,1.168040803721213,-15.291008830508412,0.05523455201971734,-0.13908900885258704,-0.7038817023821858,0.0006244071192694327,0.003807315633941411,0.01228875900241386,0,70,255.0,255.0,255.0
532,26.6,5.2325228291823285,1.1610911257315109,-15.32618693911932,0.0552469917863739,-0.13889784456780344,-0.7032303308650633,-0.0001268164530071939,0.003839255757402694,0.013766101682492546,0,70,255.0,255.0,255.0
533,26.650000000000002,5.235284707241259,1.1541510458812019,-15.361330632476019,0.05522187037441662,-0.13870508327684677,-0.7025050922139366,-0.0008780400252838202,0.0038711958808639773,0.015243444362571232,0,70,255.0,255.0,255.0
534,26.700000000000003,5.238044390200127,1.1472206440205954,-15.396436217221815,0.055159187783845515,-0.13851072497971703,-0.701705986428806,-0.001629263597560447,0.00390313600432526,0.016720787042649916,0,70,255.0,255.0,255.0
535,26.75,5.2408,1.1403,-15.4315,0.055058944014660584,-0.1383147696764143,-0.7008330135096716,-0.00238048716983702,0.003935076127786319,0.018198129722728495,0,70,255.0,255.0,255.0
536,26.8,5.243550048825535,1.1333888261316598,-15.466519386518742,0.05494455368195704,-0.13813926965077217,-0.6999521173482154,-0.0021951261383047344,0.0030849248978993206,0.017037716735522308,0,70,255.0,255.0,255.0
537,26.85,5.246294609835722,1.1264853645755646,-15.501496178745644,0.054839431400830106,-0.13800627718662434,-0.6991292418361195,-0.002009765106772449,0.0022347736680123223,0.01587730374831612,0,70,255.0,255.0,255.0
538,26.900000000000002,5.249034146433144,1.1195874899536389,-15.536433277713178,0.05474357717127979,-0.1379157922839709,-0.6983643869733838,-0.0018244040752401634,0.001384622438125324,0.01471689076110993,0,70,255.0,255.0,255.0
539,26.950000000000003,5.251769122020376,1.1126930768878087,-15.571333584453809,0.054656990993306086,-0.13786781494281183,-0.6976575527600084,-0.0016390430437078778,0.0005344712082383258,0.013556477773903742,0,70,255.0,255.0,255.0
540,27.0,5.2545,1.1058,-15.6062,0.05457967286690901,-0.13786234516314708,-0.6970087391959935,-0.00145368201217555,-0.0003156800216490563,0.012396064786696748,0,70,255.0,255.0,255.0
541,27.05,5.257227170615599,1.098907091752147,-15.64103442341662,0.05450723325245349,-0.13784191254432715,-0.6963578282249399,-0.0014439025660451853,0.001132984774446631,0.01364037405544833,0,70,255.0,255.0,255.0
542,27.1,5.259950731474784,1.0920170159662306,-15.675834745898104,0.054435282610304496,-0.13774904668570243,-0.6956447017904486,-0.0014341231199148205,0.0025816495705423183,0.014884683324199913,0,70,255.0,255.0,255.0
543,27.150000000000002,5.262670707026169,1.08513339430424,-15.710597856671276,0.05436382094046201,-0.1375837475872729,-0.6948693598925197,-0.0014243436737844558,0.004030314366638006,0.016128992592951495,0,70,255.0,255.0,255.0
544,27.200000000000003,5.265387121718368,1.0782598484281665,-15.745320644962964,0.054292848242926045,-0.1373460152490386,-0.6940318025311534,-0.001414564227654091,0.005478979162733693,0.017373301861703078,0,70,255.0,255.0,255.0
545,27.25,5.2681,1.0714,-15.78,0.054222364517696596,-0.13703584967099955,-0.6931320297063496,-0.0014047847815241155,0.006927643958828833,0.01861761113045457,0,70,255.0,255.0,255.0
546,27.3,5.270809268712068,1.0645564068597506,-15.814633319814776,0.0541465133082199,-0.1367170801719205,-0.692200569752022,-0.0016292635975434875,0.005823136004333247,0.018640787042645535,0,70,255.0,255.0,255.0
547,27.35,5.2735144642651415,1.0577273715595124,-15.84922003766194,0.054059438157942244,-0.1364535360705662,-0.691267951002085,-0.0018537424135628595,0.004718628049837661,0.0186639629548365,0,70,255.0,255.0,255.0
548,27.400000000000002,5.276215025462181,1.0509101328293986,-15.883760095601724,0.05396113906686362,-0.1362452173669367,-0.6903341734565384,-0.0020782212295822316,0.0036141200953420743,0.018687138867027466,0,70,255.0,255.0,255.0
549,27.450000000000003,5.278910391106147,1.044101929399523,-15.918253435694337,0.05385161603498402,-0.136092124061032,-0.6893992371153822,-0.0023027000456016036,0.0025096121408464886,0.01871031477921843,0,70,255.0,255.0,255.0
550,27.5,5.2816,1.0373,-15.9527,0.05373086906230347,-0.13599425615285207,-0.6884631419786166,-0.0025271788616211266,0.0014051041863509806,0.018733490691412946,0,70,255.0,255.0,255.0
551,27.55,5.284283754536129,1.0305024808088497,-15.987099497324284,0.05362671351467024,-0.13589776676798757,-0.6875118927669822,-0.0016390430437078427,0.0024544712082295622,0.01931647777395914,0,70,255.0,255.0,255.0
552,27.6,5.286963411464649,1.0237110977957193,-16.021450703454132,0.053566964757932684,-0.1357488090320291,-0.6865314942012207,-0.0007509072257945585,0.003503838230108144,0.019899464856505327,0,70,255.0,255.0,255.0
553,27.650000000000002,5.289641191125104,1.0169284743781646,-16.055752160921838,0.05355162279209079,-0.13554738294497673,-0.6855219462813317,0.00013722859211872567,0.004553205251986725,0.02048245193905152,0,70,255.0,255.0,255.0
554,27.700000000000003,5.29231931385704,1.0101572339737397,-16.090002412259697,0.05358068761714456,-0.13529348850683046,-0.6844832490073155,0.0010253644100320096,0.005602572273865307,0.021065439021597708,0,70,255.0,255.0,255.0
555,27.75,5.295,1.0034,-16.1242,0.05365415923309398,-0.1349871257175902,-0.683415402379172,0.0019135002279450086,0.006651939295744924,0.02164842610414386,0,70,255.0,255.0,255.0
556,27.8,5.297684513143416,0.9966584699048514,-16.158343890888094,0.053714632633100716,-0.13468385275612835,-0.6823438591800269,0.0005054357723241166,0.005478979162729464,0.021213301861659234,0,70,255.0,255.0,255.0
557,27.85,5.3003702898762635,0.9899306372576095,-16.19243474852154,0.05370470281032639,-0.13443922780131723,-0.6812940721930061,-0.0009026286832967754,0.004306019029714003,0.02077817761917461,0,70,255.0,255.0,255.0
558,27.900000000000002,5.303053810037403,0.9832135696579419,-16.226473660710933,0.053624369764771036,-0.13425325085315692,-0.6802660414181094,-0.002310693138917668,0.003133058896698543,0.02034305337668998,0,70,255.0,255.0,255.0
559,27.950000000000003,5.305731553465694,0.9765043347055161,-16.260461715266885,0.05347363349643462,-0.1341259219116474,-0.679259766855337,-0.0037187575945385595,0.0019600987636830824,0.019907929134205356,0,70,255.0,255.0,255.0
560,28.0,5.3084,0.9698,-16.2944,0.05325249400531718,-0.1340572409767886,-0.678275248504689,-0.0051268220501595185,0.0007871386306674832,0.019472804891719875,0,70,255.0,255.0,255.0
561,28.05,5.311056592890204,0.9630988395717447,-16.328288939123336,0.053018755952923685,-0.1339748222075006,-0.6772726705129165,-0.004222700045580073,0.0025096121408525263,0.020630314779181463,0,70,255.0,255.0,255.0
562,28.1,5.3137026290302956,0.9564039531738416,-16.362126302459718,0.05283022400075917,-0.13380627976270335,-0.6762122170267708,-0.003318578041000627,0.004232085651037569,0.02178782466664305,0,70,255.0,255.0,255.0
563,28.150000000000002,5.316340368725284,0.9497196469900661,-16.395909196234438,0.05268689814882362,-0.13355161364239682,-0.6750938880462521,-0.0024144560364211813,0.005954559161222612,0.02294533455410464,0,70,255.0,255.0,255.0
564,28.200000000000003,5.318972072280182,0.9430502272041936,-16.429634726672774,0.05258877839711704,-0.13321082384658106,-0.6739176835713603,-0.0015103340318417353,0.0076770326714076555,0.024102844441566226,0,70,255.0,255.0,255.0
565,28.25,5.3216,0.9364,-16.4633,0.052535864745639455,-0.1327839103752561,-0.6726836036020954,-0.0006062120272625204,0.009399506181591466,0.0252603543290304,0,70,255.0,255.0,255.0
566,28.3,5.324225915295764,0.9297717718081692,-16.49690275261857,0.052498343555208375,-0.1323608584138697,-0.6714294587683283,-0.0008946355899807786,0.00752257227386532,0.024905439021657646,0,70,255.0,255.0,255.0
567,28.35,5.326849594002552,0.9231623500470231,-16.530443241639592,0.05244640118664137,-0.13203165314786958,-0.6701930596999296,-0.0011830591526990368,0.005645638366139174,0.02455052371428489,0,70,255.0,255.0,255.0
568,28.400000000000002,5.329470315061459,0.9165670423817923,-16.56392235435132,0.05238003763993847,-0.13179629457725575,-0.6689744063968996,-0.001471482715417295,0.0037687044584130283,0.024195608406912136,0,70,255.0,255.0,255.0
569,28.450000000000003,5.332087357413577,0.9099811564777075,-16.59734097804204,0.052299252915099646,-0.13165478270202827,-0.6677734988592384,-0.001759906278135553,0.0018917705506868816,0.02384069309953938,0,70,255.0,255.0,255.0
570,28.5,5.3347,0.9034,-16.6307,0.052204047012124916,-0.1316071175221871,-0.6665903370869457,-0.002048329840853902,1.4836642959759061e-05,0.023485777792171092,0,70,255.0,255.0,255.0
571,28.55,5.337307745926741,0.8968204731955778,-16.664000050402382,0.05210786982623999,-0.131557744137021,-0.6654094944137865,-0.0017987575945430621,0.0019600987636831323,0.02374792913419626,0,70,255.0,255.0,255.0
572,28.6,5.339910994959496,0.8902458466380649,-16.69724073098193,0.05202417125267061,-0.1314111076458188,-0.664215544173526,-0.0015491853482322224,0.0039053608844065056,0.024010080476221426,0,70,255.0,255.0,255.0
573,28.650000000000002,5.34251037102888,0.883680983482763,-16.730421386360284,0.05195295129141676,-0.13116720804858037,-0.6630084863661643,-0.0012996131019213824,0.005850623005129878,0.024272231818246594,0,70,255.0,255.0,255.0
574,28.700000000000003,5.345106498065509,0.8771307468849739,-16.763541361159096,0.05189420994247847,-0.13082604534530579,-0.6617883209917014,-0.0010500408556105426,0.007795885125853252,0.02453438316027176,0,70,255.0,255.0,255.0
575,28.75,5.3477,0.8706,-16.7966,0.05184794720585571,-0.13038761953599506,-0.6605550480501373,-0.0008004686092996094,0.009741147246577375,0.02479653450230135,0,70,255.0,255.0,255.0
576,28.8,5.350291100997271,0.8640919354095188,-16.829596245771906,0.0517901771398276,-0.1299521650380455,-0.6592845635765389,-0.0015103340318247107,0.007677032671405397,0.02602284444163294,0,70,255.0,255.0,255.0
577,28.85,5.352878426159465,0.857603063400716,-16.862527434432707,0.051696913802673244,-0.12961991626885452,-0.657952763605974,-0.002220199454349812,0.0056129180962334185,0.027249154380964525,0,70,255.0,255.0,255.0
578,28.900000000000002,5.35546020082302,0.8511282236871538,-16.895390500207554,0.05156815719439262,-0.12939087322842213,-0.6565596481384424,-0.002930064876874913,0.0035488035210614393,0.028475464320296115,0,70,255.0,255.0,255.0
579,28.950000000000003,5.3580346503243845,0.8446622559823943,-16.9281823773216,0.051403907314985745,-0.12926503591674837,-0.6551052171739443,-0.0036399302994000143,0.0014846889458894619,0.0297017742596277,0,70,255.0,255.0,255.0
580,29.0,5.3606,0.8382,-16.9609,0.051204164164452635,-0.1292424043338332,-0.6535894707124796,-0.00434979572192512,-0.0005794256292819266,0.0309280841989672,0,70,255.0,255.0,255.0
581,29.05,5.363155050084171,0.8317381851663466,-16.993541366509998,0.051003421614451226,-0.12920959571079801,-0.6520762512800189,-0.0036799062781311745,0.0018917705506885782,0.029600693099461832,0,70,255.0,255.0,255.0
582,29.1,5.365700900402648,0.8252810997590699,-17.026108731287252,0.050836173536639516,-0.1290532272787643,-0.6506294014025333,-0.003010016834337229,0.004362966730659083,0.028273301999956466,0,70,255.0,255.0,255.0
583,29.150000000000002,5.368239225679039,0.8188349217686199,-17.058605412809502,0.0507024199310175,-0.12877329903773213,-0.6492489210800232,-0.002340127390543283,0.006834162910629588,0.026945910900451096,0,70,255.0,255.0,255.0
584,29.200000000000003,5.370771700636952,0.8124058291854465,-17.091034729554508,0.050602160797585186,-0.12836981098770137,-0.6479348103124882,-0.0016702379467493375,0.009305359090600093,0.02561851980094573,0,70,255.0,255.0,255.0
585,29.25,5.3733,0.806,-17.1234,0.05053539613634257,-0.12784276312867213,-0.6466870690999286,-0.0010003485029554948,0.011776555270570865,0.024291128701446674,0,70,255.0,255.0,255.0
586,29.3,5.375825498666042,0.7996217239250943,-17.155703088188094,0.05048413640237799,-0.12730545211876151,-0.6454184313033856,-0.0010500408556276103,0.009715885125853346,0.0264543831602689,0,70,255.0,255.0,255.0
587,29.35,5.3783483722299446,0.7932677375630032,-17.18794004041829,0.050430392050779815,-0.1268711746160868,-0.6440416307839016,-0.001099733208299726,0.007655214981135824,0.028617637619091123,0,70,255.0,255.0,255.0
588,29.400000000000002,5.380868496460827,0.7869328892383649,-17.22010544855444,0.05037416308154802,-0.12653993062064792,-0.6425566675414764,-0.0011494255609718416,0.0055945448364183034,0.03078089207791335,0,70,255.0,255.0,255.0
589,29.450000000000003,5.3833857471278055,0.7806120272758176,-17.25219390446039,0.05031544949468262,-0.12631172013244493,-0.6409635415761102,-0.0011991179136439573,0.003533874691700783,0.03294414653673557,0,70,255.0,255.0,255.0
590,29.5,5.3859,0.7743,-17.2842,0.05025425129018363,-0.12618654315147784,-0.6392622528878029,-0.0012488102663159584,0.001473204546984297,0.03510740099556209,0,70,255.0,255.0,255.0
591,29.55,5.388410955251663,0.767993319133276,-17.316119880737617,0.05018003277604019,-0.12606459581415602,-0.6375460235064233,-0.0017199302994214416,0.003404688945887707,0.03354177425962239,0,70,255.0,255.0,255.0
592,29.6,5.390917610677576,0.7616951499889165,-17.347955907039587,0.05008225826024148,-0.12584607425688907,-0.6359080754618407,-0.0021910503325269248,0.005336173344791117,0.0319761475236827,0,70,255.0,255.0,255.0
593,29.650000000000002,5.39341878847766,0.7554103212779193,-17.37971199297275,0.04996092774278749,-0.12553097847967692,-0.634348408754055,-0.002662170365632408,0.007267657743694527,0.030410520787743,0,70,255.0,255.0,255.0
594,29.700000000000003,5.395913310851828,0.7491436617112812,-17.411392052603944,0.04981604122367824,-0.1251193084825196,-0.6328670233830663,-0.003133290398737891,0.009199142142597937,0.028844894051803304,0,70,255.0,255.0,255.0
595,29.75,5.3984,0.7429,-17.443,0.04964759870291371,-0.12461106426541715,-0.6314639193488748,-0.0036044104318437298,0.01113062654150121,0.027279267315864608,0,70,255.0,255.0,255.0
596,29.8,5.400877880327308,0.7366825995418015,-17.47453818886143,0.04946773249344984,-0.12410016462461455,-0.6300454746709546,-0.003590237946710928,0.009305359090602058,0.029458519800939907,0,70,255.0,255.0,255.0
597,29.85,5.403346785059749,0.7304884624813294,-17.50600273142336,0.049288574908242615,-0.12368052835635694,-0.6285180673687808,-0.0035760654615781258,0.007480091639702905,0.031637772286015206,0,70,255.0,255.0,255.0
598,29.900000000000002,5.405806749628537,0.7243130256499565,-17.537388179554572,0.04911012594729203,-0.12335215546064426,-0.6268816974423531,-0.003561892976445324,0.005654824188803753,0.033817024771090505,0,70,255.0,255.0,255.0
599,29.950000000000003,5.408257809464882,0.7181517258790555,-17.568689085123857,0.04893238561059807,-0.12311504593747656,-0.6251363648916717,-0.0035477204913125218,0.0038295567379046007,0.035996277256165804,0,70,255.0,255.0,255.0
600,30.0,5.4107,0.712,-17.5999,0.048755353898160776,-0.12296919978685382,-0.6232820697167365,-0.003533548006179832,0.0020042892870056894,0.03817552974124183,0,70,255.0,255.0,255.0
601,30.05,5.413133523439106,0.7058546826995179,-17.631016963816666,0.04858903725016487,-0.12283074568738614,-0.6214080778097838,-0.0031191179136564494,0.0035338746917013882,0.03678414653686486,0,70,255.0,255.0,255.0
602,30.1,5.415559249083428,0.6997182000857651,-17.662041967266983,0.048443442106795125,-0.12261581231768368,-0.6196036550630499,-0.0027046878211330664,0.005063460096397087,0.03539276333248789,0,70,255.0,255.0,255.0
603,30.150000000000002,5.417978213008196,0.6935943761222533,-17.692978488808976,0.048318568468051555,-0.12232439967774643,-0.617868801476535,-0.002290257728609684,0.006593045501092786,0.03400138012811092,0,70,255.0,255.0,255.0
604,30.200000000000003,5.420391451288642,0.6874870347724942,-17.72383000690064,0.048214416333934154,-0.12195650776757438,-0.6162035170502388,-0.001875827636086301,0.008122630905788485,0.03260999692373395,0,70,255.0,255.0,255.0
605,30.25,5.4228,0.6814,-17.7546,0.048130985704442936,-0.1215121365871676,-0.6146078017841615,-0.0014613975435627813,0.009652216310484296,0.031218613719359745,0,70,255.0,255.0,255.0
606,30.3,5.4252048259162695,0.6753362696601264,-17.78529075587192,0.04806411850588531,-0.12104085262584054,-0.6130102140898844,-0.001213290398742469,0.009199142142597887,0.03268489405172643,0,70,255.0,255.0,255.0
607,30.35,5.427606618606542,0.6692955371756092,-17.815899799508713,0.04800965666456868,-0.1205922223729078,-0.6113393123789889,-0.0009651832539221568,0.008746067974711478,0.03415117438409312,0,70,255.0,255.0,255.0
608,30.400000000000002,5.430005998338681,0.6632766698610288,-17.846423465209543,0.047967600180493085,-0.12016624582836938,-0.609595096651475,-0.0007170761091018446,0.008292993806825069,0.0356174547164598,0,70,255.0,255.0,255.0
609,30.450000000000003,5.432403585380546,0.6572785350309656,-17.876858087273582,0.0479379490536585,-0.11976292299222528,-0.6077775669073427,-0.0004689689642815324,0.00783991963893866,0.03708373504882649,0,70,255.0,255.0,255.0
610,30.5,5.4348,0.6513,-17.9072,0.04792070328406493,-0.11938225386447553,-0.6058867231465923,-0.00022086181946134875,0.0073868454710520615,0.03855001538119396,0,70,255.0,255.0,255.0
611,30.55,5.437195172895816,0.6453402386599761,-17.937446412695653,0.0478744887262959,-0.11900584380925162,-0.6039750658306602,-0.0016277204913000864,0.00766955673790413,0.03791627725609316,0,70,255.0,255.0,255.0
612,30.6,5.439586276490402,0.6393996512117971,-17.967598034698174,0.04775793123493492,-0.11861529819068511,-0.6020950954209829,-0.003034579163138824,0.007952268004756199,0.03728253913099236,0,70,255.0,255.0,255.0
613,30.650000000000002,5.4419697936370826,0.6334789444336298,-17.99765645035286,0.04757103080998201,-0.11821061700877598,-0.6002468119175609,-0.004441437834977562,0.008234979271608269,0.03664880100589156,0,70,255.0,255.0,255.0
614,30.700000000000003,5.444342207189176,0.6275788251036416,-18.02762324400503,0.047313787451437155,-0.11779180026352426,-0.5984302153203938,-0.005848296506816299,0.008517690538460337,0.03601506288079076,0,70,255.0,255.0,255.0
615,30.75,5.4467,0.6217,-18.0575,0.046986201159300404,-0.11735884795492997,-0.5966453056294818,-0.007255155178654771,0.008800401805313052,0.03538132475569178,0,70,255.0,255.0,255.0
616,30.8,5.4490408825004675,0.6158427756999687,-18.08728759334546,0.046661926588931674,-0.11693577213715242,-0.5948495225874946,-0.005715827636094251,0.008122630905788786,0.03644999692379544,0,70,255.0,255.0,255.0
617,30.85,5.451367475431845,0.6100058579772016,-18.11698406169861,0.04641461839569097,-0.11654658486435107,-0.5930003059371022,-0.004176500093533731,0.007444860006264523,0.037518669091899104,0,70,255.0,255.0,255.0
618,30.900000000000002,5.45368362711299,0.6041875524044504,-18.14658673337903,0.046244276579578296,-0.11619128613652595,-0.5910976556783046,-0.0026371725509732116,0.006767089106740258,0.03858734126000276,0,70,255.0,255.0,255.0
619,30.950000000000003,5.455993185862755,0.598386164554466,-18.176092936706304,0.04615090114059365,-0.11586987595367705,-0.5891415718111019,-0.0010978450084126916,0.006089318207215994,0.03965601342810642,0,70,255.0,255.0,255.0
620,31.0,5.4583,0.5926,-18.2055,0.04613449207873703,-0.11558235431580435,-0.5871320543354941,0.0004414825341477746,0.005411547307692333,0.04072468559621001,0,70,255.0,255.0,255.0
621,31.05,5.460606897102314,0.586827858540149,-18.234805613922507,0.04613380491798368,-0.11529906764213863,-0.5850908438193667,-0.0004689689642816482,0.0059199196389367065,0.0409237350488862,0,70,255.0,255.0,255.0
622,31.1,5.462912621782216,0.5810705168793953,-18.264008918507393,0.046087595182308864,-0.11499036235191068,-0.5830396808306054,-0.001379420462711071,0.0064282919701810805,0.0411227845015624,0,70,255.0,255.0,255.0
623,31.150000000000002,5.465214897910963,0.575329245948567,-18.293109416131024,0.045995862871712576,-0.1146562384451205,-0.5809785653692104,-0.0022898719611404938,0.006936664301425454,0.04132183395423859,0,70,255.0,255.0,255.0
624,31.200000000000003,5.467511449359806,0.5696053166784926,-18.322106609169772,0.045858607986194816,-0.11429669592176812,-0.5789074974351814,-0.0032003234595699166,0.007445036632669828,0.04152088340691479,0,70,255.0,255.0,255.0
625,31.25,5.4698,0.5639,-18.351,0.04567583052575559,-0.11391173478185354,-0.576826477028519,-0.004110774957999497,0.007953408963913722,0.04171993285958919,0,70,255.0,255.0,255.0
626,31.3,5.472078729090278,0.5582145901394349,-18.37978915096451,0.04547485373913466,-0.11349995729429413,-0.5747391021350114,-0.003928296506837745,0.008517690538462437,0.04177506288070916,0,70,255.0,255.0,255.0
627,31.35,5.4743476374392905,0.5525504745052158,-18.408473864271816,0.04528300087507182,-0.11305996572800729,-0.572648970740448,-0.0037458180556759926,0.009081972113011155,0.04183019290182912,0,70,255.0,255.0,255.0
628,31.400000000000002,5.476607181243162,0.5469090638012795,-18.43705400209687,0.045100271933567054,-0.112591760082993,-0.5705560828448285,-0.0035633396045142408,0.00964625368755987,0.04188532292294909,0,70,255.0,255.0,255.0
629,31.450000000000003,5.478857816698023,0.5412917687315618,-18.46552942661462,0.04492666691462038,-0.11209534035925128,-0.5684604384481531,-0.0033808611533524885,0.010210535262108588,0.041940452944069055,0,70,255.0,255.0,255.0
630,31.5,5.4811,0.5357,-18.4939,0.044762185818231805,-0.11157070655678218,-0.5663620375504217,-0.003198382702190694,0.010774816836656709,0.041995582965189016,0,70,255.0,255.0,255.0
631,31.55,5.483334186536573,0.530134580902111,-18.522165782219457,0.044606780125467684,-0.1110531031806853,-0.5642727476405894,-0.00301784500837404,0.00992931820721795,0.041576013428102236,0,70,255.0,255.0,255.0
632,31.6,5.485560828460625,0.5245939850997401,-18.550327624405345,0.0444604013173944,-0.11057777473606037,-0.5622044362076114,-0.002837307314557386,0.009083819577779192,0.04115644389101546,0,70,255.0,255.0,255.0
633,31.650000000000002,5.48778037711639,0.5190760988463136,-18.5783865754815,0.044323049394011944,-0.11014472122290737,-0.5601571032514878,-0.002656769620740732,0.008238320948340436,0.04073687435392868,0,70,255.0,255.0,255.0
634,31.700000000000003,5.489993283848104,0.5135788083952579,-18.60634368437177,0.04419472435532031,-0.10975394264122632,-0.5581307487722185,-0.002476231926924078,0.007392822318901678,0.040317304816841905,0,70,255.0,255.0,255.0
635,31.75,5.4922,0.5081,-18.6342,0.044075426201319545,-0.10940543899101722,-0.5561253727698037,-0.0022956942331073815,0.0065473236894632025,0.03989773527975515,0,70,255.0,255.0,255.0
636,31.8,5.494400524763431,0.5026382862521205,-18.661955720157668,0.04393802575900218,-0.10905562998296393,-0.5540899073026353,-0.0032003234595870417,0.0074450366326677024,0.041520883406982304,0,70,255.0,255.0,255.0
637,31.85,5.496593048718212,0.4971951850958228,-18.68960763810683,0.04375539385536084,-0.10866093532775045,-0.5519732844291054,-0.004104952686066702,0.008342749575872202,0.04314403153420945,0,70,255.0,255.0,255.0
638,31.900000000000002,5.498775310291278,0.4917729408134647,-18.71715169597714,0.043527530490395504,-0.10822135502537672,-0.5497755041492143,-0.005009581912546362,0.009240462519076703,0.0447671796614366,0,70,255.0,255.0,255.0
639,31.950000000000003,5.500945047909562,0.4863737976874043,-18.744583835898307,0.04325443566410619,-0.10773688907584275,-0.5474965664629616,-0.005914211139026022,0.010138175462281202,0.04639032778866375,0,70,255.0,255.0,255.0
640,32.0,5.5031,0.481,-18.7719,0.04293610937649293,-0.10720753747914862,-0.545136471370348,-0.006818840365505785,0.011035888405486083,0.04801347591588989,0,70,255.0,255.0,255.0
641,32.050000000000004,5.5052389144097065,0.4756530740894058,-18.799096937149862,0.04263311683852113,-0.10667637688745871,-0.5427436231488509,-0.00530086115336507,0.01021053526210833,0.047700452943987566,0,70,255.0,255.0,255.0
642,32.1,5.50736457666653,0.4703316745169678,-18.82617462316736,0.0424060232611564,-0.10618648395293777,-0.5403664260759493,-0.003782881941224571,0.009385182118730694,0.04738742997208528,0,70,255.0,255.0,255.0
643,32.15,5.509480781718499,0.46503373789982655,-18.853133840609928,0.042254828644398695,-0.10573785867558569,-0.5380048801516426,-0.002264902729084072,0.008559828975353057,0.047074407000183005,0,70,255.0,255.0,255.0
644,32.2,5.511591324513645,0.45975720085512295,-18.879975372035005,0.042179532988247996,-0.10533050105540244,-0.5356589853759308,-0.0007469235169433571,0.007734475831975304,0.04676138402828068,0,70,255.0,255.0,255.0
645,32.25,5.5137,0.4545,-18.9067,0.04218013629270435,-0.10496441109238815,-0.5333287417488145,0.0007710556951971426,0.006909122688597891,0.046448361056383725,0,70,255.0,255.0,255.0
646,32.300000000000004,5.515809417597745,0.4492606173902535,-18.93330853124289,0.04218550688691191,-0.10460686246720062,-0.5310156001019822,-0.0005562319268944814,0.007392822318901857,0.04607730481689899,0,70,255.0,255.0,255.0
647,32.35,5.517917444615673,0.44403971683630505,-18.959801869223732,0.04212451310001491,-0.10422512886049795,-0.5287210112671245,-0.0018835195489859168,0.007876521949205753,0.04570624857741431,0,70,255.0,255.0,255.0
648,32.4,5.520020762834728,0.4388385075872296,-18.986180941583132,0.04199715493201333,-0.1038192102722801,-0.5264449752442412,-0.0032108071710773524,0.00836022157950965,0.04533519233792963,0,70,255.0,255.0,255.0
649,32.45,5.522116054035856,0.4336581988921021,-19.01244667596169,0.04180343238290716,-0.10338910670254697,-0.5241874920333315,-0.004538094793168976,0.008843921209813616,0.0449641360984449,0,70,255.0,255.0,255.0
650,32.5,5.5242,0.4285,-19.0386,0.04154334545269644,-0.10293481815129872,-0.5219485616343965,-0.005865382415260412,0.009327620840117734,0.044593079858960216,0,70,255.0,255.0,255.0
651,32.550000000000004,5.526269815199314,0.42336525634957733,-19.064640937878597,0.041248855613838405,-0.1024481732437387,-0.5196739764432058,-0.005914211139060115,0.010138175462281443,0.04639032778866185,0,70,255.0,255.0,255.0
652,32.6,5.528324844870781,0.41825585813781113,-19.090565899937708,0.04095192433879042,-0.10192100060507056,-0.5173095288555303,-0.00596303986285981,0.010948730084445036,0.04818757571836323,0,70,255.0,255.0,255.0
653,32.65,5.5303649669425905,0.41317383175125594,-19.116370393057533,0.04065255162755245,-0.10135330023529426,-0.5148552188713698,-0.006011868586659507,0.01175928470660863,0.04998482364806462,0,70,255.0,255.0,255.0
654,32.7,5.532390059342934,0.4081212035764667,-19.142049924118243,0.04035073748012446,-0.10074507213440968,-0.5123110464907237,-0.006060697310459209,0.012569839328772339,0.05178207157776626,0,70,255.0,255.0,255.0
655,32.75,5.5344,0.4031,-19.1676,0.040046481896506524,-0.100096316302417,-0.5096770117135931,-0.006109526034259127,0.013380393950936487,0.05357931950746497,0,70,255.0,255.0,255.0
656,32.800000000000004,5.536395321604998,0.39811115721143453,-19.19301731724275,0.039779070657726665,-0.09947244455784413,-0.5070244941251997,-0.004586923516934452,0.011574475831976041,0.05252138402826878,0,70,255.0,255.0,255.0
657,32.85,5.538379175901204,0.39315125061244965,-19.218303331025417,0.03958778954481306,-0.09893886871921936,-0.5044248733107662,-0.003064320999609994,0.00976855771301585,0.051463448549072734,0,70,255.0,255.0,255.0
658,32.9,5.540355369394911,0.3882157654077474,-19.24346068618672,0.03947263855776568,-0.0984955887865426,-0.5018781492702925,-0.0015417184822855354,0.007962639594055661,0.050405513069876694,0,70,255.0,255.0,255.0
659,32.95,5.542327708592411,0.38330018680202943,-19.268492027565348,0.039433617696584516,-0.0981426047598138,-0.49938432200377847,-1.9115964960860453e-05,0.0061567214750952145,0.049347577590680494,0,70,255.0,255.0,255.0
660,33.0,5.5443,0.3784,-19.2934,0.039470726961269575,-0.09787991663903305,-0.4969433915112245,0.00150348655236332,0.004350803356135358,0.048289642111486675,0,70,255.0,255.0,255.0
661,33.050000000000004,5.5462744983806935,0.37351251480468217,-19.318186593150426,0.03949086175525006,-0.09759804852488431,-0.4945160470559762,-0.0006980947931439652,0.006923921209812997,0.0488041360984377,0,70,255.0,255.0,255.0
662,33.1,5.548247251524403,0.3686423394123895,-19.34285117596061,0.03940091748195519,-0.09718752451805175,-0.49206297790138065,-0.0028996761386509374,0.00949703906349027,0.04931863008538865,0,70,255.0,255.0,255.0
663,33.15,5.550212755477768,0.36379590661775557,-19.36739246219557,0.03920089414138499,-0.09664834461853535,-0.48958418404743764,-0.0051012574841579105,0.012070156917167545,0.049833124072339606,0,70,255.0,255.0,255.0
664,33.2,5.552165506287421,0.35897964921541387,-19.391809165620362,0.03889079173353938,-0.09598050882633496,-0.48707966549414666,-0.007302838829665195,0.014643274770845184,0.05034761805929063,0,70,255.0,255.0,255.0
665,33.25,5.5541,0.3542,-19.4161,0.03847061025841846,-0.0951840171414508,-0.4845494222415085,-0.009504420175172335,0.01721639262452257,0.05086211204624336,0,70,255.0,255.0,255.0
666,33.300000000000004,5.55601228487223,0.34946118356983447,-19.440263510155546,0.038033482321277325,-0.09439136134261839,-0.481983317650908,-0.007980697310471721,0.014489839328772049,0.0517820715777649,0,70,255.0,255.0,255.0
667,33.35,5.5579046180011815,0.34475859173799156,-19.46429756513215,0.03767254052737127,-0.09373503320857356,-0.4793712150837319,-0.006456974445771325,0.011763286033021913,0.05270203110928631,0,70,255.0,255.0,255.0
668,33.4,5.55978080869402,0.3400854081212312,-19.488199865030975,0.03738778487670023,-0.09321503273931625,-0.4767131145399798,-0.004933251581070929,0.009036732737271779,0.05362199064080772,0,70,255.0,255.0,255.0
669,33.45,5.561644666257907,0.33543481633631334,-19.511968109953205,0.037179215369264176,-0.0928313599348464,-0.47400901601965106,-0.0034095287163703157,0.006310179441521258,0.05454195017232927,0,70,255.0,255.0,255.0
670,33.5,5.5635,0.3308,-19.5356,0.03704683200506319,-0.09258401479516411,-0.47125891952274673,-0.001885805851670086,0.003583626145771235,0.055461909703850676,0,70,255.0,255.0,255.0
671,33.550000000000004,5.565349962130392,0.3261763509159775,-19.559093766227388,0.03695120895964708,-0.0923405061046424,-0.46849468234038355,-0.0019391159649737413,0.006156721475096891,0.05510757759066737,0,70,255.0,255.0,255.0
672,33.6,5.56719507647087,0.32156809363564337,-19.5824497635108,0.03685292040856581,-0.09196834264765442,-0.4657481617636799,-0.0019924260782773887,0.008729816804422181,0.054753245477484114,0,70,255.0,255.0,255.0
673,33.65,5.569035209746153,0.3169816608973203,-19.605668877680515,0.036751966351819355,-0.09146752442420021,-0.4630193577926355,-0.0020457361915810364,0.011302912133747471,0.05439891336430086,0,70,255.0,255.0,255.0
674,33.7,5.570870228680959,0.312423485439331,-19.628751994566823,0.036648346789407704,-0.09083805143427966,-0.46030827042724975,-0.0020990463048846915,0.013876007463073128,0.05404458125111755,0,70,255.0,255.0,255.0
675,33.75,5.5727,0.3079,-19.6517,0.03654206172133088,-0.0900799236778929,-0.4576148996675236,-0.0021523564181885058,0.016449102792398418,0.0536902491379343,0,70,255.0,255.0,255.0
676,33.800000000000004,5.5745238666062065,0.3034158127662532,-19.674513424934908,0.036401681840134294,-0.08930261423881175,-0.45491795298759125,-0.0034628388296742314,0.014643274770844972,0.054187618059350615,0,70,255.0,255.0,255.0
677,33.85,5.576339076115337,0.2989682337194341,-19.697191380824663,0.036195777838363453,-0.08861559620080837,-0.4521961378615885,-0.0047733212411597715,0.012837446749291785,0.05468498698076686,0,70,255.0,255.0,255.0
678,33.9,5.5781423523213665,0.29455274828948824,-19.719732624246962,0.03592434971601835,-0.08801886956388265,-0.4494494542895149,-0.006083803652645311,0.011031618727738597,0.05518235590218311,0,70,255.0,255.0,255.0
679,33.95,5.579930419018263,0.29016484190636105,-19.74213591177951,0.035587397473098914,-0.0875124343280345,-0.44667790227137005,-0.007394286064131036,0.009225790706185153,0.055679724823599425,0,70,255.0,255.0,255.0
680,34.0,5.5817,0.2858,-19.7644,0.03518492110960525,-0.0870962904932641,-0.44388148180715487,-0.00870476847561652,0.007419962684631964,0.05617709374501745,0,70,255.0,255.0,255.0
681,34.050000000000004,5.583448971444786,0.2814547980190076,-19.786523734033,0.034786063679806196,-0.08670503694011027,-0.44106550570922104,-0.007249528716344287,0.008230179441520182,0.05646195017232547,0,70,255.0,255.0,255.0
682,34.1,5.58517981906778,0.27713017148661956,-19.808506313190563,0.0344599682379708,-0.08627327254911209,-0.43823528678992224,-0.005794288957072261,0.009040396198408285,0.05674680659963346,0,70,255.0,255.0,255.0
683,34.15,5.586896180968381,0.27282814594472754,-19.830347025331633,0.034206634784099,-0.08580099732026948,-0.435390825049258,-0.004339049197800235,0.009850612955296389,0.05703166302694144,0,70,255.0,255.0,255.0
684,34.2,5.5886016952459885,0.26855074693522324,-19.852045158315136,0.03402606331819078,-0.08528821125358242,-0.43253212048722806,-0.0028838094385280014,0.010660829712184607,0.05731651945424947,0,70,255.0,255.0,255.0
685,34.25,5.5903,0.2643,-19.8736,0.033918253840246194,-0.08473491434905103,-0.42965917310383295,-0.001428569679256031,0.011471046469073043,0.05760137588155967,0,70,255.0,255.0,255.0
686,34.300000000000004,5.591993847614653,0.26007779515771423,-19.895010838933107,0.03383006344064267,-0.08414923800074729,-0.42677202417551774,-0.0020990463048849123,0.0119560074630745,0.0578845812510407,0,70,255.0,255.0,255.0
687,34.35,5.593682447613543,0.25588548033408676,-19.916276966413076,0.0337083492097577,-0.08353931360274358,-0.4238707149787288,-0.002769522930513698,0.012440968457075888,0.058167786620521696,0,70,255.0,255.0,255.0
688,34.4,5.5953641238051075,0.251724267931602,-19.9373976744265,0.03355311114759131,-0.08290514115503977,-0.4209552455134658,-0.0034399995561424845,0.012925929451077275,0.05845099199000269,0,70,255.0,255.0,255.0
689,34.45,5.597037199997781,0.24759537035274437,-19.958372254959954,0.03336434925414345,-0.08224672065763582,-0.41802561577972847,-0.004110476181771365,0.013410890445078733,0.05873419735948372,0,70,255.0,255.0,255.0
690,34.5,5.5987,0.2435,-19.9792,0.03314206352941417,-0.08156405211053189,-0.41508182577751745,-0.004780952807400263,0.013895851439081008,0.05901740272896516,0,70,255.0,255.0,255.0
691,34.550000000000004,5.600350838096604,0.23943882135013322,-19.999880110234596,0.03288568255762533,-0.08089001105690016,-0.41211839758870156,-0.005474286064152526,0.013065790706185583,0.059519724823659415,0,70,255.0,255.0,255.0
692,34.6,5.601987990478049,0.23541030717703243,-20.020411421157124,0.03259463492299892,-0.0802574730399133,-0.40912985329515145,-0.006167619320904691,0.012235729973290276,0.06002204691835359,0,70,255.0,255.0,255.0
693,34.65,5.603609723811191,0.2314123823288649,-20.040792676962358,0.032268920625534894,-0.0796664380595712,-0.40611619289686657,-0.006860952577656856,0.011405669240394968,0.06052436901304777,0,70,255.0,255.0,255.0
694,34.7,5.605214304762889,0.22744297165379782,-20.061022621845066,0.031908539665233215,-0.0791169061158738,-0.40307741639384653,-0.007554285834409119,0.010575608507499543,0.06102669110774202,0,70,255.0,255.0,255.0
695,34.75,5.6068,0.2235,-20.0811,0.03151349204209397,-0.07860887720882122,-0.40001352378609223,-0.008247619091161451,0.009745547774604568,0.06152901320243753,0,70,255.0,255.0,255.0
696,34.800000000000004,5.608365999998929,0.21958211944175085,-20.10102392012853,0.031139206328851927,-0.07809871777165148,-0.3969463854696767,-0.006723809438519005,0.01066082971218353,0.06115651945417359,0,70,255.0,255.0,255.0
697,34.85,5.609915190474262,0.21569089095778274,-20.120794948958423,0.03084111109824205,-0.07754279423760285,-0.3938978718406748,-0.005199999785876775,0.011576111649762359,0.0607840257059097,0,70,255.0,255.0,255.0
698,34.9,5.611451380950131,0.21182860275293902,-20.140414017724055,0.030619206350264282,-0.0769411066066753,-0.39086798289908603,-0.003676190133234546,0.01249139358734119,0.0604115319576458,0,70,255.0,255.0,255.0
699,34.95,5.612978380950666,0.20799754303206305,-20.15988205765979,0.0304734920849186,-0.0762936548788687,-0.3878567186449101,-0.0021523804805920997,0.013406675524920149,0.060039038209381855,0,70,255.0,255.0,255.0
700,35.0,5.6145,0.2042,-20.1792,0.03040396830220506,-0.07560043905418326,-0.3848640790781478,-0.0006285708279498425,0.014321957462499535,0.05966654446111885,0,70,255.0,255.0,255.0
701,35.050000000000004,5.616018761907678,0.20043750088286136,-20.198368209251292,0.030333492126962333,-0.07490711785649372,-0.38185606053262916,-0.002190476181758899,0.013410890445079603,0.06065419735961574,0,70,255.0,255.0,255.0
702,35.1,5.617532047624901,0.196708528991836,-20.217384783009184,0.030184920684029178,-0.07425935000967528,-0.3787986593421861,-0.0037523815355677338,0.012499823427659804,0.06164185025811249,0,70,255.0,255.0,255.0
703,35.15,5.619035952388286,0.19301080665937972,-20.236247252141425,0.029958253973405582,-0.07365713551372781,-0.3756918755068183,-0.005314286889376569,0.01158875641024,0.06262950315660924,0,70,255.0,255.0,255.0
704,35.2,5.620526571434446,0.18934205621794858,-20.25495314751578,0.0296534919950915,-0.07310047436865126,-0.3725357090265251,-0.006876192243185625,0.01067768939282007,0.06361715605510612,0,70,255.0,255.0,255.0
705,35.25,5.622,0.1857,-20.2735,0.029270634749087022,-0.07258936657444577,-0.3693301599013075,-0.00843809759699457,0.009766622375400602,0.06460480895360421,0,70,255.0,255.0,255.0
706,35.300000000000004,5.623453352370359,0.18208307702680168,-20.29188564286631,0.028870825163301896,-0.07208081080237322,-0.36609337239977546,-0.007554285834409155,0.010575608507499815,0.06486669110766574,0,70,255.0,255.0,255.0
707,35.35,5.624887819026132,0.17849259307487267,-20.310109119004846,0.028515206165646092,-0.07153180572369577,-0.36284349079054085,-0.006670474071823865,0.011384594639598912,0.06512857326172723,0,70,255.0,255.0,255.0
708,35.4,5.626305609496725,0.17493057060954262,-20.32816977371023,0.028203777756119545,-0.0709423513384134,-0.3595805150736031,-0.0057866623092385746,0.012193580771698008,0.06539045541578874,0,70,255.0,255.0,255.0
709,35.45,5.6277089333115455,0.17139903209614132,-20.34606695227708,0.02793653993472223,-0.07031244764652596,-0.3563044452489619,-0.004902850546653159,0.013002566903797221,0.06565233756985027,0,70,255.0,255.0,255.0
710,35.5,5.6291,0.1679,-20.3638,0.027713492701454217,-0.06964209464803367,-0.35301528131661797,-0.004019038784067813,0.013811553035896207,0.06591421972391398,0,70,255.0,255.0,255.0
711,35.550000000000004,5.630480628610886,0.16443499100992998,-20.381368419283476,0.027511207219837387,-0.0689616389340132,-0.3497224498682856,-0.004072380480604697,0.013406675524920307,0.06579903820936915,0,70,255.0,255.0,255.0
712,35.6,5.63185107627057,0.16100349870867275,-20.398772340971426,0.02730625465339374,-0.06830142709554163,-0.346435377495681,-0.004125722177141573,0.013001798013944466,0.06568385669482435,0,70,255.0,255.0,255.0
713,35.65,5.633211209624811,0.15760451090245037,-20.41601205301764,0.027098635002123252,-0.06766145913261883,-0.34315406419880357,-0.00417906387367845,0.012596920502968623,0.06556867518027953,0,70,255.0,255.0,255.0
714,35.7,5.634560895319368,0.15423701539748494,-20.4330878433759,0.02688834826602589,-0.06704173504524474,-0.3398785099776529,-0.004232405570215334,0.012192042991992724,0.06545349366573472,0,70,255.0,255.0,255.0
715,35.75,5.6359,0.1509,-20.45,0.026675394445101717,-0.06644225483341953,-0.3366087148322299,-0.004285747266752127,0.011787165481016881,0.06533831215119124,0,70,255.0,255.0,255.0
716,35.800000000000004,5.637228133186099,0.1475929589334766,-20.466748679999796,0.026444345957353142,-0.06583263346157356,-0.3333368281270706,-0.004956192243190107,0.012597689392820202,0.06553715605517045,0,70,255.0,255.0,255.0
717,35.85,5.638543875891589,0.14431741209043575,-20.483333517109457,0.026179775220782707,-0.06518248589413751,-0.33005499922671283,-0.0056266372196279914,0.013408213304623407,0.06573599995914964,0,70,255.0,255.0,255.0
718,35.9,5.639845552004029,0.14107538578065637,-20.499754014219214,0.025881682235390373,-0.06449181213111128,-0.326763228131156,-0.006297082196065876,0.014218737216426613,0.06593484386312881,0,70,255.0,255.0,255.0
719,35.95,5.64113148541098,0.13786890631391766,-20.516009674219315,0.025550067001176104,-0.06376061217249482,-0.3234615148403998,-0.006967527172503856,0.015029261128229932,0.06613368776710803,0,70,255.0,255.0,255.0
720,36.0,5.6424,0.1347,-20.5321,0.025184929518139984,-0.06298888601828828,-0.3201498593544452,-0.007637972148941685,0.01583978504003325,0.06633253167108588,0,70,255.0,255.0,255.0
721,36.050000000000004,5.643650038644722,0.1315699732561619,-20.548024060717342,0.024823408950750196,-0.06221982721969245,-0.3168022376234233,-0.006822850546648637,0.014922566903797351,0.06757233756977829,0,70,255.0,255.0,255.0
722,36.1,5.644883020163077,0.12847725292958379,-20.56377919059076,0.024502644463475106,-0.06149662932790852,-0.3133926255974673,-0.006007728944355705,0.014005348767561583,0.06881214346847052,0,70,255.0,255.0,255.0
723,36.15,5.646100982359072,0.12541954597492455,-20.579362290105507,0.02422263605631466,-0.06081929234293637,-0.3099210232765766,-0.005192607342062772,0.013088130631325816,0.07005194936716276,0,70,255.0,255.0,255.0
724,36.2,5.64730596303671,0.1223945593468432,-20.594770259746834,0.023983383729268826,-0.06018781626477593,-0.30638743066075086,-0.004377485739769725,0.012170912495089918,0.07129175526585517,0,70,255.0,255.0,255.0
725,36.25,5.6485,0.1194,-20.61,0.02378488748233767,-0.05960220109342736,-0.302791847749991,-0.00356236413747682,0.01125369435885426,0.0725315611645474,0,70,255.0,255.0,255.0
726,36.300000000000004,5.649684512235015,0.1164343480418741,-20.625049477130837,0.02359001823964535,-0.059016057659656125,-0.29919822137923224,-0.0042324055702153435,0.012192042991992849,0.07121349366579047,0,70,255.0,255.0,255.0
727,36.35,5.650858443456104,0.11349917619122858,-20.639920920527505,0.023361646925316133,-0.058382996794228065,-0.29567049838341186,-0.004902447002953772,0.013130391625131304,0.0698954261670337,0,70,255.0,255.0,255.0
728,36.4,5.652020118559687,0.1105968303196459,-20.654617625358757,0.023099773539350003,-0.05770301849714307,-0.29220867876252926,-0.0055724884356922,0.01406874025826976,0.06857735866827697,0,70,255.0,255.0,255.0
729,36.45,5.653167862442179,0.10772965629870848,-20.669142886793338,0.022804398081746904,-0.056976122768401055,-0.2888127625165841,-0.006242529868430723,0.015007088891408346,0.06725929116952002,0,70,255.0,255.0,255.0
730,36.5,5.6543,0.1049,-20.6835,0.022475520552506924,-0.056202309608002224,-0.2854827496455772,-0.006912571301169207,0.015945437524546913,0.06594122367076238,0,70,255.0,255.0,255.0
731,36.550000000000004,5.655415112415219,0.1021094345763402,-20.697690830759317,0.02212851809066507,-0.05542794214168274,-0.282132876859632,-0.006967527172503817,0.01502926112822961,0.06805368776703435,0,70,255.0,255.0,255.0
732,36.6,5.656512806012508,0.09935644230550136,-20.711711527299215,0.02177876783525653,-0.054699383495179235,-0.27867738086887367,-0.007022483043838419,0.014113084731912437,0.07016615186330603,0,70,255.0,255.0,255.0
733,36.65,5.657592943402186,0.09663873274649232,-20.725556808459455,0.021426269786281267,-0.05401663366849158,-0.2751162616733018,-0.007077438915173022,0.013196908335595264,0.0722786159595777,0,70,255.0,255.0,255.0
734,36.7,5.6586553871945755,0.09395401545832188,-20.7392213930798,0.02107102394373922,-0.053379692661619696,-0.2714495192729158,-0.007132394786507632,0.012280731939277959,0.07439108005584968,0,70,255.0,255.0,255.0
735,36.75,5.6597,0.0913,-20.7527,0.020713030307630494,-0.05278856047456376,-0.26767715366771677,-0.007187350657842123,0.011364555542960897,0.0765035441521218,0,70,255.0,255.0,255.0
736,36.800000000000004,5.660727038104109,0.08867511365276369,-20.7659887998319,0.020375909397690285,-0.05220017377361243,-0.26388627118226554,-0.006297485739765192,0.01217091249509037,0.07513175526591487,0,70,255.0,255.0,255.0
737,36.85,5.661738332493867,0.08608065458676546,-20.779089770275633,0.02008328173365396,-0.05157146922505471,-0.2601639781411252,-0.0054076208216883885,0.012977269447219731,0.07375996637970812,0,70,255.0,255.0,255.0
738,36.9,5.662736107831572,0.08351863869438529,-20.792006340803415,0.019835147315521474,-0.05090244682889053,-0.25651027454429515,-0.004517755903611584,0.01378362639934909,0.07238817749350139,0,70,255.0,255.0,255.0
739,36.95,5.663722588779518,0.0809910818680031,-20.804741940887467,0.019631506143292805,-0.05019310658511977,-0.25292516039177493,-0.0036278909855346534,0.014589983351478566,0.07101638860729445,0,70,255.0,255.0,255.0
740,37.0,5.6647,0.0785,-20.8173,0.019472358216968,-0.049443448493742666,-0.24940863568356555,-0.002738026067457877,0.01539634030360787,0.0696445997210875,0,70,255.0,255.0,255.0
741,37.050000000000004,5.665669535168347,0.07604691081260374,-20.82968276991309,0.019295844318571082,-0.0486833627638672,-0.2458900384113003,-0.004322529868418314,0.015007088891408027,0.07109929116951061,0,70,255.0,255.0,255.0
742,37.1,5.666628264012023,0.07363133934743638,-20.841887791598253,0.019040105230126173,-0.04794273960460184,-0.2422987065666144,-0.005907033669378526,0.01461783747920824,0.07255398261793351,0,70,255.0,255.0,255.0
743,37.15,5.667572225271526,0.071252312475967,-20.853911428326874,0.018705140951633264,-0.047221579015946466,-0.23863464014950736,-0.007491537470338738,0.014228586067008452,0.0740086740663564,0,70,255.0,255.0,255.0
744,37.2,5.6684974576873515,0.06890885706966483,-20.865750043370337,0.01829095148309228,-0.04651988099790098,-0.23489783915997867,-0.009076041271299174,0.01383933465480861,0.07546336551477952,0,70,255.0,255.0,255.0
745,37.25,5.6694,0.0666,-20.8774,0.017797536824503343,-0.04583764555046558,-0.23108830359802932,-0.010660545072259497,0.013450083242609046,0.07691805696320286,0,70,255.0,255.0,255.0
746,37.300000000000004,5.670277221222504,0.06432524309682008,-20.888858520515747,0.01730471332803381,-0.04514637517091834,-0.2272575751725528,-0.009052394786520064,0.014200731939278274,0.07631108005584517,0,70,255.0,255.0,255.0
747,37.35,5.671131811458042,0.062085988023488664,-20.900126263331344,0.01689229734585131,-0.04441757235653773,-0.2234571955924447,-0.00744424450078086,0.014951380635947397,0.07570410314848755,0,70,255.0,255.0,255.0
748,37.4,5.671967791082327,0.05988411140174711,-20.911204745889076,0.01656028887795577,-0.04365123710732369,-0.21968716485770445,-0.0058360942150416555,0.01570202933261652,0.07509712624112994,0,70,255.0,255.0,255.0
749,37.45,5.672789180471075,0.0577214898533368,-20.922095485631207,0.01630868792434715,-0.04284736942327606,-0.21594748296833158,-0.0042279439293022225,0.01645267802928575,0.07449014933377224,0,70,255.0,255.0,255.0
750,37.5,5.6736,0.0556,-20.9328,0.01613749448502553,-0.04200596930439508,-0.2122381499243271,-0.002619793643563101,0.01720332672595537,0.0738831724264144,0,70,255.0,255.0,255.0
751,37.550000000000004,5.674403179941638,0.05352091680011481,-20.94331914802394,0.01598130236929764,-0.041163136552459165,-0.2085196608984826,-0.0036278909855518484,0.01650998335147858,0.07485638860735361,0,70,255.0,255.0,255.0
752,37.6,5.675197290155812,0.051483108558608624,-20.953651155076365,0.015774705386470345,-0.0403549709692472,-0.20475251106359163,-0.004635988327540454,0.015816639977001893,0.07582960478829269,0,70,255.0,255.0,255.0
753,37.65,5.675979810399167,0.04948484191704493,-20.963793588116815,0.015517703536543625,-0.039581472554759065,-0.20093670041965375,-0.005644085669529057,0.015123296602525201,0.07680282096923176,0,70,255.0,255.0,255.0
754,37.7,5.6767482204283475,0.04752438351698727,-20.973744014104845,0.015210296819517424,-0.03884264130899466,-0.19707222896666834,-0.006652183011517806,0.014429953228048414,0.07777603715017098,0,70,255.0,255.0,255.0
755,37.75,5.6775,0.0456,-20.9835,0.01485248523539184,-0.03813847723195419,-0.19315909670463655,-0.007660280353506549,0.013736609853571669,0.0787492533311096,0,70,255.0,255.0,255.0
756,37.800000000000004,5.678233259010946,0.04371028970271961,-20.993059287388494,0.014482077194771981,-0.037449078619244625,-0.1892077812334909,-0.007156041271286546,0.013839334654808707,0.07930336551470236,0,70,255.0,255.0,255.0
757,37.85,5.678948627918713,0.04185517774207651,-21.002420316363196,0.014136881108263171,-0.0367545437664733,-0.1852287601531662,-0.006651802189066616,0.013942059456045732,0.07985747769829504,0,70,255.0,255.0,255.0
758,37.9,5.679647367321007,0.04003492093007352,-21.011581701643653,0.013816896975865358,-0.036054872673640125,-0.18122203346366186,-0.006147563106846685,0.014044784257282759,0.08041158988188774,0,70,255.0,255.0,255.0
759,37.95,5.6803307378155345,0.03824977607871348,-21.02054205794941,0.0135221247975785,-0.035350065340745,-0.1771876011649773,-0.0056433240246266825,0.014147509058519797,0.0809657020654805,0,70,255.0,255.0,255.0
760,38.0,5.681,0.0365,-21.0293,0.013252564573402676,-0.034640121767788135,-0.17312546325711373,-0.005139084942406794,0.014250233859756767,0.0815198142490734,0,70,255.0,255.0,255.0
761,38.050000000000004,5.681655784014581,0.03478592438900578,-21.03785490242209,0.012970388851610034,-0.03392054897056201,-0.16908121416754257,-0.006147943929297938,0.014532678029285796,0.0802501493337591,0,70,255.0,255.0,255.0
762,38.1,5.682296198169338,0.03310818047308502,-21.04620917947085,0.01263777018047288,-0.033186853964859535,-0.16510044832373771,-0.007156802916188941,0.014815122198814786,0.07898048441844498,0,70,255.0,255.0,255.0
763,38.15,5.682918720316805,0.03146747436266129,-21.054366005308562,0.01225470855999118,-0.03243903675068061,-0.16118316572569852,-0.008165661903079942,0.015097566368343777,0.07771081950313084,0,70,255.0,255.0,255.0
764,38.2,5.683520828309516,0.029864512168158188,-21.06232855409752,0.011821203990164867,-0.031677097328025136,-0.1573293663734245,-0.009174520889971088,0.015380010537872807,0.07644115458781654,0,70,255.0,255.0,255.0
765,38.25,5.6841,0.0283,-21.0701,0.011337256470994065,-0.03090103569689332,-0.15353905026691675,-0.010183379876862117,0.01566245470740163,0.07517148967250287,0,70,255.0,255.0,255.0
766,38.300000000000004,5.684654804930731,0.02677481274125639,-21.07768190292314,0.010868367398784643,-0.030100725498506994,-0.14971536209634959,-0.008572183011513194,0.016349953228048688,0.07777603715017109,0,70,255.0,255.0,255.0
767,38.35,5.685188179403932,0.025290500365583123,-21.085069365753405,0.010480038169842722,-0.029266040374088434,-0.14576144655189954,-0.006960986146164501,0.01703745174869565,0.08038058462783895,0,70,255.0,255.0,255.0
768,38.400000000000006,5.6857041514117705,0.023848781619281386,-21.0922558771221,0.010172268784168194,-0.0283969803236374,-0.14167730363356554,-0.005349789280815578,0.01772495026934271,0.08298513210550718,0,70,255.0,255.0,255.0
769,38.45,5.686206748946405,0.022451375248653208,-21.09923492566053,0.009945059241761145,-0.027493545347154143,-0.13746293334134874,-0.0037385924154668846,0.018412448789989672,0.08558967958317504,0,70,255.0,255.0,255.0
770,38.5,5.6867,0.0211,-21.106,0.009798409542621529,-0.02655573544463854,-0.13311833567524853,-0.0021273955501181774,0.019099947310636606,0.08819422706084334,0,70,255.0,255.0,255.0
771,38.550000000000004,5.687185796262495,0.01979562464596788,-21.112547085885353,0.009604141553252883,-0.025628549035409558,-0.12879333744708857,-0.005643324024627033,0.017987509058519525,0.08480570206553947,0,70,255.0,255.0,255.0
772,38.6,5.68765748421493,0.01853621806458224,-21.11888215751554,0.009234077140158841,-0.024756984538786556,-0.12463776546869443,-0.009159252499135389,0.0168750708064026,0.08141717707023609,0,70,255.0,255.0,255.0
773,38.650000000000006,5.688106274036116,0.01731899916021243,-21.12501368620305,0.008688216303339305,-0.023941041954769284,-0.12065161974006489,-0.012675180973644246,0.01576263255428552,0.07802865207493223,0,70,255.0,255.0,255.0
774,38.7,5.688523375904869,0.016141186837228504,-21.130950143260375,0.007966559042794424,-0.02318072128335797,-0.11683490026120108,-0.0161911094481526,0.014650194302168594,0.07464012707962885,0,70,255.0,255.0,255.0
775,38.75,5.6889,0.015,-21.1367,0.0070691053585241375,-0.022476022524552507,-0.11318760703210241,-0.019707037922660937,0.01353775605005167,0.07125160208432535,0,70,255.0,255.0,255.0
776,38.800000000000004,5.689234010019287,0.013893088674871438,-21.142265753535458,0.0063950663882077685,-0.02180107835985434,-0.10935128811529714,-0.007254520889991506,0.013460010537872701,0.08220115458787232,0,70,255.0,255.0,255.0
777,38.85,5.6895498837363485,0.012819827376087712,-21.14762600418445,0.006343653269524888,-0.021130021470765217,-0.10496749157331514,0.0051979961426761555,0.013382265025693743,0.09315070709141773,0,70,255.0,255.0,255.0
778,38.900000000000006,5.689878752443766,0.011780021739868075,-21.152753378065707,0.00691486600247548,-0.02046285185728495,-0.10003621740615516,0.017650513175345585,0.013304519513514775,0.10410025959496469,0,70,255.0,255.0,255.0
779,38.95,5.690251747434123,0.01077347740243237,-21.157620501297973,0.008108704587059383,-0.01979956951941372,-0.0945574656138186,0.03010303020801325,0.013226774001335819,0.1150498120985101,0,70,255.0,255.0,255.0
780,39.0,5.6907,0.0098,-21.1622,0.009925169023276635,-0.019140174457151445,-0.08853123619630482,0.042555547240680947,0.013149028489157,0.1259993646020554,0,70,255.0,255.0,255.0
781,39.050000000000004,5.691264563660357,0.008859220654545807,-21.16645629997282,0.012959592893907627,-0.018495137525172723,-0.08146551009167581,0.07882140758454836,0.012652448789989702,0.15662967958308038,0,70,255.0,255.0,255.0
782,39.1,5.692026180839677,0.007950072431066723,-21.17032102574668,0.017807309781731326,-0.017874929578152454,-0.07286826823799679,0.11508726792841062,0.012155869090822478,0.18725999456410097,0,70,255.0,255.0,255.0
783,39.150000000000006,5.693075516188818,0.00707131388031457,-21.173717601534136,0.02446831968674911,-0.01727955061609046,-0.06273951063526524,0.15135312827227804,0.01165928939165518,0.21789030954512595,0,70,255.0,255.0,255.0
784,39.2,5.694503234358638,0.006221703553041676,-21.176569451547724,0.03294262260895908,-0.016709000638986914,-0.05107923728348409,0.1876189886161403,0.011162709692487954,0.24852062452614657,0,70,255.0,255.0,255.0
785,39.25,5.6964,0.0054,-21.1788,0.04323021854836207,-0.016163279646841725,-0.03788744818265201,0.22388484896000244,0.010666129993320783,0.2791509395071671,0,70,255.0,255.0,255.0
786,39.300000000000004,5.698837335339281,0.0046044287069448514,-21.180352246573257,0.05418256203615988,-0.015674371539454453,-0.024338671517981716,0.21420889055187253,0.008890194302168435,0.2628001270795985,0,70,255.0,255.0,255.0
787,39.35,5.701810192904943,0.0038310828996452363,-21.18124749282882,0.0646511076035497,-0.015274260216624857,-0.01160743547469167,0.20453293214374396,0.007114258611016338,0.2464493146520322,0,70,255.0,255.0,255.0
788,39.400000000000006,5.705294382800963,0.003075522738873053,-21.181526615797754,0.0746358552505345,-0.014962945678352822,0.0003062599472217404,0.19485697373561406,0.005338322919863989,0.2300985022244636,0,70,255.0,255.0,255.0
789,39.45,5.709265715131322,0.0023333083854006373,-21.181230492511123,0.08413680497711144,-0.014740427924638437,0.011402414747755132,0.18518101532748552,0.0035623872287118934,0.21374768979689734,0,70,255.0,255.0,255.0
790,39.5,5.7137,0.0016,-21.1804,0.093153956783282,-0.014606706955481651,0.02168102892691025,0.17550505691935703,0.0017864515375599632,0.19739687736933106,0,70,255.0,255.0,255.0
791,39.550000000000004,5.718578094982517,0.0008726645176743792,-21.17906991373414,0.10199015896146649,-0.014471376317009238,0.03150819616360752,0.17794303020799224,0.003626774001336065,0.19568981209852596,0,70,255.0,255.0,255.0
792,39.6,5.723901047540554,0.00015439597035220095,-21.17725060293803,0.11094825980408146,-0.014244029555348052,0.041250010136763146,0.18038100349662708,0.005467096465111906,0.1939827468277211,0,70,255.0,255.0,255.0
793,39.650000000000006,5.729674952607333,-0.0005502048358072977,-21.174946335274853,0.12002825931112948,-0.013924666670498027,0.05090647084637989,0.1828189767852623,0.007307418928888008,0.19227568155691602,0,70,255.0,255.0,255.0
794,39.7,5.735905905116074,-0.0012365370946444774,-21.172161378407782,0.12923015748260794,-0.013513287662459253,0.06047757829245502,0.18525695007389717,0.009147741392663849,0.19056861628611116,0,70,255.0,255.0,255.0
795,39.75,5.7426,-0.0019,-21.1689,0.13855395431851814,-0.013009892531231694,0.06996333247498993,0.1876949233625318,0.010988063856439814,0.18886155101530644,0,70,255.0,255.0,255.0
796,39.800000000000004,5.749761484730653,-0.0025374867776427347,-21.165168898490187,0.14788880211798536,-0.012504123192508458,0.07921788686352747,0.18569898861612533,0.009242709692487909,0.1813206245261643,0,70,255.0,255.0,255.0
797,39.85,5.757387216932845,-0.00315186678105416,-21.160984495419054,0.15712385318013095,-0.012085621561982878,0.08809539492760667,0.18370305386971916,0.007497355528536251,0.1737796980370232,0,70,255.0,255.0,255.0
798,39.900000000000006,5.76547220676971,-0.003747503395644331,-21.15636564310283,0.16625910750495754,-0.011754387639654834,0.09659585666722999,0.1817071191233127,0.005752001364584346,0.16623877154788105,0,70,255.0,255.0,255.0
799,39.95,5.774011464404384,-0.0043287600068229555,-21.15133119385774,0.17529456509246247,-0.011510421425524421,0.10471927208239505,0.17971118437690653,0.004006647200632688,0.15869784505873996,0,70,255.0,255.0,255.0
800,40.0,5.783,-0.0049,-21.1459,0.18423022594264712,-0.011353722919591589,0.11246564117310308,0.17771524963049967,0.0022612930366810585,0.15115691856959856,0,70,255.0,255.0,255.0
801,40.050000000000004,5.7924335660948785,-0.005464317407103763,-21.140089692305118,0.19311063256659755,-0.011208130912956747,0.11990825638226833,0.17750101532748686,0.003562387228712158,0.14654768979698615,0,70,255.0,255.0,255.0
802,40.1,5.802310884728073,-0.006019728846135665,-21.13391301538575,0.20198032747539604,-0.010997484196720378,0.12712041015280193,0.17728678102447407,0.004863481420743072,0.1419384610243744,0,70,255.0,255.0,255.0
803,40.150000000000006,5.812631420313832,-0.006562981581615789,-21.12738149231382,0.2108393106690452,-0.010721782770882423,0.13410210248470594,0.17707254672146128,0.006164575612774171,0.13732923225176202,0,70,255.0,255.0,255.0
804,40.2,5.823394637266394,-0.0070908228780638995,-21.120506646161257,0.21968758214754244,-0.01038102663544296,0.14085333337797837,0.1768583124184485,0.007465669804805085,0.13272000347915028,0,70,255.0,255.0,255.0
805,40.25,5.8346,-0.0076,-21.1133,0.22852514191088907,-0.009975215790401957,0.1473741028326202,0.17664407811543592,0.008766763996836,0.12811077470653887,0,70,255.0,255.0,255.0
806,40.300000000000004,5.846246650889839,-0.0080884435939425,-21.105773932289328,0.23733266761562327,-0.009575353155664431,0.15361308760743417,0.17565695007390225,0.007227741392663644,0.12144861628599926,0,70,255.0,255.0,255.0
807,40.35,5.858332444154861,-0.00855881783440327,-21.097944243037936,0.24609083691827957,-0.009252441651135571,0.15951896446122035,0.17466982203236872,0.005688718788491507,0.11478645786546061,0,70,255.0,255.0,255.0
808,40.400000000000006,5.870854911974966,-0.009014970277892876,-21.089827587641885,0.2547996498188604,-0.009006481276815283,0.16509173339398037,0.17368269399083508,0.0041496961843191515,0.10812429944492101,0,70,255.0,255.0,255.0
809,40.45,5.883811586530046,-0.009460748480921622,-21.081440621497226,0.26345910631736336,-0.00883747203270364,0.17033139440571265,0.17269556594930155,0.0026106735801470146,0.10146214102438236,0,70,255.0,255.0,255.0
810,40.5,5.8972,-0.0099,-21.0728,0.27206920641378957,-0.008745413918800595,0.17523794749641802,0.17170843790776713,0.0010716509759748638,0.0947999826038437,0,70,255.0,255.0,255.0
811,40.550000000000004,5.911018230345771,-0.01033550821712649,-21.06392177853757,0.28066269697090757,-0.008666456464385394,0.17984739318798362,0.17203118437692375,0.0020866472006328997,0.08957784505876436,0,70,255.0,255.0,255.0
812,40.6,5.925266538652482,-0.010765799816251337,-21.054819612462488,0.2892723248514822,-0.00853674919873731,0.18419573200229464,0.17235393084608033,0.003101643425290791,0.08435570751368576,0,70,255.0,255.0,255.0
813,40.650000000000006,5.9399457317863105,-0.011188337306813017,-21.045506557118628,0.2978980900555159,-0.008356292121856302,0.18828296393935226,0.17267667731523698,0.004116639649948827,0.07913356996860642,0,70,255.0,255.0,255.0
814,40.7,5.955056616613424,-0.011600583198249767,-21.03599566784984,0.3065399925830061,-0.008125085233742429,0.1921090889991554,0.17299942378439354,0.0051316358746067185,0.07391143242352782,0,70,255.0,255.0,255.0
815,40.75,5.9706,-0.012,-21.0263,0.31519803243395417,-0.007843128534395663,0.19567410718170464,0.17332217025354968,0.006146632099264568,0.06868929487844921,0,70,255.0,255.0,255.0
816,40.800000000000004,5.986575627727085,-0.01238472353755176,-21.0164325535604,0.3238085445007548,-0.007550820986793899,0.19898133964064552,0.17109831241844517,0.005545669804804966,0.06360000347917484,0,70,255.0,255.0,255.0
817,40.85,6.002979001235213,-0.012755582900591454,-21.0064061071121,0.33230786367579895,-0.007288561553915154,0.20203410752962223,0.16887445458334097,0.0049447075103454495,0.05851071207990118,0,70,255.0,255.0,255.0
818,40.900000000000006,6.019804560879803,-0.013114080494855334,-20.9962333838836,0.3406959899590891,-0.007056350235759352,0.20483241084863568,0.16665059674823646,0.004343745215885848,0.0534214206806268,0,70,255.0,255.0,255.0
819,40.95,6.03704674701626,-0.013461718726079448,-20.9859271071034,0.3489729233506228,-0.006854187032326558,0.20737624959768505,0.16442673891313225,0.0037427829214263316,0.04833212928135315,0,70,255.0,255.0,255.0
820,41.0,6.0547,-0.0138,-20.9755,0.3571386638504014,-0.00668207194361674,0.20966562377677073,0.16220288107802805,0.003141820626966843,0.043242837882079055,0,70,255.0,255.0,255.0
821,41.050000000000004,6.072760058745899,-0.014130397632666665,-20.964965607220833,0.3652711250260846,-0.006538259588438881,0.2116512482494311,0.16309556594927263,0.002610673580147029,0.036182141024329456,0,70,255.0,255.0,255.0
822,41.1,6.091227856406669,-0.014454268581382915,-20.954340759089106,0.3734482204453288,-0.00642100458560203,0.21328383787920377,0.16398825082051707,0.0020795265333272903,0.029121444166580867,0,70,255.0,255.0,255.0
823,41.150000000000006,6.110105624694492,-0.014772940713765894,-20.943643107346958,0.38166995010813654,-0.006330306935106152,0.2145633926660892,0.16488093569176165,0.0015483794865074764,0.02206074730883127,0,70,255.0,255.0,255.0
824,41.2,6.129395595321542,-0.015087741897432557,-20.932890303736542,0.3899363140145053,-0.006266166636951276,0.215489912610087,0.1657736205630061,0.001017232439687738,0.015000050451082679,0,70,255.0,255.0,255.0
825,41.25,6.1491,-0.0154,-20.9221,0.39824731216443626,-0.0062285836911373845,0.2160633977111974,0.1666663054342501,0.00048608539286799923,0.00793935359333564,0,70,255.0,255.0,255.0
826,41.300000000000004,6.1692201372893285,-0.015710485931781756,-20.91128901755627,0.4065469553949035,-0.006184140659450512,0.21633366736162146,0.16531942378441042,0.001291635874606755,0.0028714324236256096,0,70,255.0,255.0,255.0
827,41.35,6.189753573138115,-0.016017742773876947,-20.900470856531477,0.41477925454287756,-0.006099420103676713,0.21635054095356002,0.16397254213457094,0.0020971863563453963,-0.0021964887460837017,0,70,255.0,255.0,255.0
828,41.400000000000006,6.210696940342242,-0.016319756650081316,-20.889658186728553,0.4229442096083608,-0.005974422023815963,0.21611401848701303,0.16262566048473126,0.0029027368380841524,-0.007264409915793734,0,70,255.0,255.0,255.0
829,41.45,6.232046871697578,-0.016614513684190434,-20.878863677950417,0.4310418205913509,-0.005809146419868299,0.21562409996198065,0.16127877883489178,0.0037082873198227935,-0.012332331085503044,0,70,255.0,255.0,255.0
830,41.5,6.2538,-0.0169,-20.8681,0.43907208749184906,-0.005603593291833706,0.21488078537846284,0.1599318971850523,0.004513837801561428,-0.017400252255211246,0,70,255.0,255.0,255.0
831,41.550000000000004,6.275952992096796,-0.01717485864020648,-20.857379922554085,0.4470370533943047,-0.005397177773758997,0.21387808230411362,0.15866673891314578,0.003742782921426246,-0.02270787071875447,0,70,255.0,255.0,255.0
832,41.6,6.298502651040871,-0.01744036032310935,-20.84671661478497,0.45493876138316386,-0.005229314999691071,0.21260999830658742,0.15740158064123944,0.0029717280412911735,-0.028015489182296946,0,70,255.0,255.0,255.0
833,41.650000000000006,6.3214458139365535,-0.017698432685909038,-20.836123345738812,0.4627772114584288,-0.005100004969629881,0.21107653338588384,0.15613642236933292,0.002200673161155991,-0.03332310764584017,0,70,255.0,255.0,255.0
834,41.7,6.344779317888154,-0.017951003365805795,-20.82561338446177,0.4705524036200974,-0.005009247683575462,0.20927768754200338,0.1548712640974266,0.001429618281020919,-0.038630726109382646,0,70,255.0,255.0,255.0
835,41.75,6.3685,-0.0182,-20.8152,0.47826433786817063,-0.004957043141527797,0.2072134607749458,0.15360610582552026,0.0006585634008858324,-0.04393834457292467,0,70,255.0,255.0,255.0
836,41.800000000000004,6.392605494323499,-0.01844687950739247,-20.804896892227376,0.48596083102788384,-0.004915148245513453,0.20485800342189994,0.15425362056298186,0.0010172324396877945,-0.05027994954890103,0,70,255.0,255.0,255.0
837,41.85,6.417096622698404,-0.018691215933685685,-20.794719484328624,0.49368969992446904,-0.004855319897559018,0.20218546582005567,0.1549011353004434,0.0013759014784897054,-0.056621554524876494,0,70,255.0,255.0,255.0
838,41.900000000000006,6.441975003911562,-0.018932112606282712,-20.78468363031618,0.5014509445579284,-0.0047775580976644775,0.19919584796941217,0.15554865003790502,0.0017345705172916676,-0.06296315950085286,0,70,255.0,255.0,255.0
839,41.95,6.467242256749811,-0.01916867285258647,-20.774805184202492,0.5092445649282598,-0.0046818628458298525,0.19588914986997033,0.15619616477536655,0.0020932395560935785,-0.06930476447682832,0,70,255.0,255.0,255.0
840,42.0,6.4929,-0.0194,-20.7651,0.5170705610354642,-0.0045682341420551316,0.19226537152172973,0.15684367951282852,0.0024519085948955174,-0.07564636945280423,0,70,255.0,255.0,255.0
841,42.050000000000004,6.518949030609217,-0.01962562333022377,-20.75558370853641,0.5248796224941582,-0.004462229244187165,0.18833790400827402,0.15551877883490509,0.0017882873198227763,-0.08145233108541006,0,70,255.0,255.0,255.0
842,42.1,6.545386858165518,-0.01984677594214795,-20.74627104790053,0.5326224389189549,-0.004389405410072847,0.18412013841318864,0.15419387815698182,0.0011246660447501297,-0.08725829271801508,0,70,255.0,255.0,255.0
843,42.150000000000006,6.572210170417215,-0.020065116888960288,-20.73717653299645,0.5402990103098567,-0.004349762639712156,0.17961207473647237,0.1528689774790584,0.00046104476967738853,-0.0930642543506209,0,70,255.0,255.0,255.0
844,42.2,6.5994156551126055,-0.020282305223848402,-20.728314678728246,0.547909336666861,-0.004343300933105102,0.17481371297812645,0.15154407680113513,-0.00020257650539525808,-0.09887021598322591,0,70,255.0,255.0,255.0
845,42.25,6.627,-0.0205,-20.7197,0.5554534179899694,-0.00437002029025168,0.16972505313815034,0.15021917612321456,-0.0008661977804678631,-0.10467617761583181,0,70,255.0,255.0,255.0
846,42.300000000000004,6.654959983239644,-0.02071942717171257,-20.711346673626984,0.5629366789954864,-0.004403934777737856,0.16436638054501684,0.14911126409744044,-0.0004903817189790548,-0.10967072610949014,0,70,255.0,255.0,255.0
847,42.35,6.683292744639528,-0.02094008029772255,-20.70326752406924,0.5703645443997136,-0.004419058462149589,0.1587579805272012,0.14800335207166648,-0.0001145656574902999,-0.11466527460314775,0,70,255.0,255.0,255.0
848,42.400000000000006,6.711995514419595,-0.021161019837876292,-20.695475037698007,0.5777370142026532,-0.004415391343486883,0.15289985308470186,0.14689544004589236,0.00026125040399850824,-0.11965982309680609,0,70,255.0,255.0,255.0
849,42.45,6.741065522799772,-0.021381306252020005,-20.68798170088452,0.5850540884043032,-0.00439293342174974,0.14679199821752045,0.14578752802011838,0.0006370664654872633,-0.1246543715904637,0,70,255.0,255.0,255.0
850,42.5,6.7705,-0.0216,-20.6808,0.5923157670046644,-0.00435168469693816,0.1404344159256562,0.1446796159943471,0.001012882526976025,-0.12964892008412088,0,70,255.0,255.0,255.0
851,42.550000000000004,6.800296636432221,-0.021816667982926075,-20.673943196955655,0.5995496615239072,-0.004322031644861419,0.1337805738116341,0.14467616477534265,0.00017323955609349964,-0.13650476447673995,0,70,255.0,255.0,255.0
852,42.6,6.830454963276376,-0.022032902866961884,-20.667427655822497,0.6067833834821988,-0.004334360741328804,0.12678393947798205,0.1446727135563382,-0.0006664034147889064,-0.14336060886935809,0,70,255.0,255.0,255.0
853,42.650000000000006,6.860974971904425,-0.022250803759534695,-20.661270516211513,0.6140169328795413,-0.004388671986340317,0.11944451292469804,0.14466926233733374,-0.0015060463856714319,-0.15021645326197716,0,70,255.0,255.0,255.0
854,42.7,6.891856653688315,-0.022472469768071657,-20.65548891773369,0.6212503097159324,-0.004484965379895943,0.11176229415178418,0.1446658111183293,-0.002345689356553838,-0.1570722976545953,0,70,255.0,255.0,255.0
855,42.75,6.9231,-0.0227,-20.6501,0.6284835139913734,-0.004623240921995687,0.10373728315923943,0.14466235989932308,-0.003185332327436216,-0.16392814204721307,0,70,255.0,255.0,255.0
856,42.800000000000004,6.954704671031489,-0.022934700896583254,-20.6451197385504,0.6356966749088854,-0.004755938642816481,0.09543932420847666,0.14386407680113636,-0.0021225765053950914,-0.16799021598326985,0,70,255.0,255.0,255.0
857,42.85,6.986669002254973,-0.023174708234429953,-20.640559452640765,0.6428699216714872,-0.0048354985725352065,0.08693826156091224,0.14306579370294975,-0.0010598206833541185,-0.17205228991932606,0,70,255.0,255.0,255.0
858,42.900000000000006,7.018990997962723,-0.023417365123985078,-20.636429297455926,0.6500032542791807,-0.004861920711151887,0.07823409521654376,0.142267510604763,2.9351386870062404e-06,-0.17611436385538284,0,70,255.0,255.0,255.0
859,42.95,7.0516686624469775,-0.02366001467569345,-20.63273942818072,0.6570966727319637,-0.004835205058666514,0.06932682517537371,0.1414692275065764,0.0010656909607279792,-0.18017643779143908,0,70,255.0,255.0,255.0
860,43.0,7.0847,-0.0239,-20.6295,0.6641501770298375,-0.004755351615079094,0.06021645143740087,0.14067094440838623,0.0021284467827689738,-0.1842385117274956,0,70,255.0,255.0,255.0
861,43.050000000000004,7.118083079441844,-0.02413572843074105,-20.626722648842733,0.6711676388405511,-0.004686213783872685,0.05081412935444987,0.14002752802013235,0.0006370664654871201,-0.19185437159051205,0,70,255.0,255.0,255.0
862,43.1,7.1518162277037325,-0.024369864195318346,-20.624424933614442,0.6781529298318509,-0.0046916449685303705,0.04103101427834945,0.13938411163187855,-0.0008543138517945214,-0.1994702314535274,0,70,255.0,255.0,255.0
863,43.150000000000006,7.185897836244706,-0.024606135744525158,-20.622625893964784,0.685106050003739,-0.00477164516905215,0.0308671062090968,0.13874069524362467,-0.002345694169076375,-0.20708609131654382,0,70,255.0,255.0,255.0
864,43.2,7.220326296523782,-0.024848271529154635,-20.621344569543417,0.6920269993562136,-0.004926214385438001,0.020322405146694825,0.1380972788553709,-0.0038370744863580166,-0.21470195117955918,0,70,255.0,255.0,255.0
865,43.25,7.2551,-0.0251,-20.6206,0.6989157778892753,-0.0051553526176879305,0.009396911091142107,0.13745386246711444,-0.005328454803639651,-0.2223178110425746,0,70,255.0,255.0,255.0
866,43.300000000000004,7.290217411201155,-0.025363985380452685,-20.620409666078665,0.7057767697289119,-0.005395206221692784,-0.001815841626285767,0.13698581111832958,-0.004265689356553674,-0.22619229765450213,0,70,255.0,255.0,255.0
867,43.35,7.325677286930101,-0.025638634984296714,-20.620784812901473,0.7126143590011084,-0.005581921553343312,-0.013222318674308401,0.13651775976954478,-0.0032029239094678477,-0.23006678426642913,0,70,255.0,255.0,255.0
868,43.400000000000006,7.361478457058477,-0.02592129189791445,-20.621735126684943,0.7194285457058667,-0.005715498612639566,-0.024822520052929037,0.13604970842075992,-0.0021401584623818707,-0.2339412708783567,0,70,255.0,255.0,255.0
869,43.45,7.397619751457898,-0.026209299207688105,-20.623270293645607,0.7262193298431846,-0.0057959373995815095,-0.03661644576214437,0.13558165707197511,-0.0010773930152960442,-0.2378157574902837,0,70,255.0,255.0,255.0
870,43.5,7.4341,-0.0265,-20.6254,0.7329867114130635,-0.005823237914169164,-0.04860409580195605,0.1351136057231912,-1.4627568210218156e-05,-0.2416902441022108,0,70,255.0,255.0,255.0
871,43.550000000000004,7.470917675753554,-0.026791530047448355,-20.628135486842595,0.7397092822438083,-0.005844961329356226,-0.06087876284929945,0.13378922750657612,-0.0008543090392721963,-0.24929643779148328,0,70,255.0,255.0,255.0
872,43.6,7.508069824575868,-0.027085195867494846,-20.631494214779668,0.7463656341637213,-0.005908668818096379,-0.07353373958110467,0.13246484928996122,-0.0016939905103340552,-0.25690263148075465,0,70,255.0,255.0,255.0
873,43.650000000000006,7.545553135521412,-0.02738309666381722,-20.63549519929545,0.7529557671728045,-0.006014360380389641,-0.08656902599737534,0.13114047107334612,-0.0025336719813960334,-0.2645088251700271,0,70,255.0,255.0,255.0
874,43.7,7.583364297644635,-0.027687331640093037,-20.64015745587415,0.7594796812710561,-0.0061620360162359805,-0.09998462209810771,0.12981609285673124,-0.0033733534524578923,-0.2721150188592985,0,70,255.0,255.0,255.0
875,43.75,7.6215,-0.028,-20.6455,0.7659373764584769,-0.00635169572563541,-0.11378052788330364,0.12849171464011633,-0.004213034923519751,-0.27972121254856996,0,70,255.0,255.0,255.0
876,43.800000000000004,7.65995748578465,-0.028322694429754044,-20.651540386550945,0.7723621012958642,-0.006552948460882369,-0.12786910697650916,0.12849727885535742,-0.003837074486357901,-0.2838219511796026,0,70,255.0,255.0,255.0
877,43.85,7.698736214766434,-0.028654981545723945,-20.65829032797984,0.7787871043440128,-0.006735403174271209,-0.14216272300126429,0.1285028430705985,-0.003461114049196104,-0.2879226898106346,0,70,255.0,255.0,255.0
878,43.900000000000006,7.737836200855899,-0.028995921446816876,-20.665760076133264,0.7852123856029244,-0.006899059865801981,-0.15666137595757307,0.12850840728583962,-0.003085153612034254,-0.2920234284416673,0,70,255.0,255.0,255.0
879,43.95,7.777257457963573,-0.02934457423193985,-20.673959882857794,0.791637945072597,-0.007043918535474642,-0.17136506584543137,0.1285139715010807,-0.0027091931748724576,-0.29612416707269934,0,70,255.0,255.0,255.0
880,44.0,7.817,-0.0297,-20.6829,0.7980637827530317,-0.007169979183289212,-0.18627379266484134,0.1285195357163218,-0.002333232737710647,-0.30022490570373117,0,70,255.0,255.0,255.0
881,44.050000000000004,7.857063581107865,-0.030061692233535622,-20.692591766953615,0.8044743125727397,-0.007303244827114393,-0.2014528092446924,0.12790165707197682,-0.0029973930152961442,-0.3069357574902592,0,70,255.0,255.0,255.0
882,44.1,7.897446916358405,-0.030430877949609435,-20.70305087330096,0.8108539484602296,-0.007469718484818826,-0.21696736841386766,0.12728377842763192,-0.003661553292881547,-0.3136466092767862,0,70,255.0,255.0,255.0
883,44.150000000000006,7.93814846105502,-0.03080921754891551,-20.714294096171493,0.8172026904155031,-0.007669400156402557,-0.23281747017237153,0.12666589978328693,-0.0043257135704670435,-0.32035746106331425,0,70,255.0,255.0,255.0
884,44.2,7.979166670501086,-0.031198371432147688,-20.726338212694685,0.8235205384385584,-0.007902289841865532,-0.24900311452019946,0.12604802113894206,-0.0049898738480524465,-0.3270683128498413,0,70,255.0,255.0,255.0
885,44.25,8.0205,-0.0316,-20.7392,0.8298074925293965,-0.008168387541207774,-0.2655243014573538,0.12543014249459272,-0.005654034125637905,-0.33377916463636703,0,70,255.0,255.0,255.0
886,44.300000000000004,8.062146589783909,-0.032015336636103654,-20.75289574563459,0.8360446484131799,-0.008442072230660187,-0.2823516560447446,0.12405609285672631,-0.005293353452457694,-0.3393150188592097,0,70,255.0,255.0,255.0
887,44.35,8.104103319799956,-0.03244390665583838,-20.76743977881633,0.8422131018150693,-0.008697722886453553,-0.2994558033432752,0.1226820432188601,-0.004932672779277534,-0.34485087308205165,0,70,255.0,255.0,255.0
888,44.400000000000006,8.146366754924053,-0.03288480835752137,-20.782845939180774,0.8483128527350661,-0.008935339508587945,-0.3168367433529503,0.12130799358099369,-0.004571992106097323,-0.35038672730489434,0,70,255.0,255.0,255.0
889,44.45,8.188933460032096,-0.03333714003946954,-20.79912806636348,0.8543439011731688,-0.009154922097063296,-0.33449447607376503,0.11993394394312748,-0.004211311432917163,-0.3559225815277362,0,70,255.0,255.0,255.0
890,44.5,8.2318,-0.0338,-20.8163,0.8603062471293782,-0.00935647065187964,-0.3524290015057219,0.11855989430525948,-0.003850630759737017,-0.3614584357505777,0,70,255.0,255.0,255.0
891,44.550000000000004,8.274963659756517,-0.03427296122205,-20.834375650508026,0.8662430937745373,-0.009568466250244899,-0.37064456657630807,0.11891397150108624,-0.004629193174872648,-0.3671641670728073,0,70,255.0,255.0,255.0
892,44.6,8.318424604441784,-0.03475749542703711,-20.85336921143373,0.872197644279487,-0.009819389969366906,-0.3891454182130031,0.11926804869691293,-0.0054077555900081675,-0.3728698983950361,0,70,255.0,255.0,255.0
893,44.650000000000006,8.362183719248799,-0.03525554902099932,-20.87329494710543,0.8781698986442289,-0.01010924180924573,-0.4079315564158122,0.11962212589273968,-0.006186318005143798,-0.37857562971726566,0,70,255.0,255.0,255.0
894,44.7,8.40624188937054,-0.03576906840997431,-20.894167121851414,0.8841598568687612,-0.010438021769881288,-0.4270029811847302,0.11997620308856638,-0.006964880420279318,-0.38428136103949445,0,70,255.0,255.0,255.0
895,44.75,8.4506,-0.0363,-20.916,0.8901675189530848,-0.010805729851273623,-0.44635969251975954,0.12033028028439308,-0.007743442835414879,-0.3899870923617228,0,70,255.0,255.0,255.0
896,44.800000000000004,8.495257971190036,-0.036849618475696594,-20.938807252333312,0.8961349764886691,-0.011172062768360339,-0.4659660776500498,0.11836802113895786,-0.006909873848052487,-0.3942683128498202,0,70,255.0,255.0,255.0
897,44.85,8.540211862432912,-0.03741651163601324,-20.96260017544875,0.9020043210669808,-0.011496717236078887,-0.4857865238047421,0.11640576199352294,-0.006076304860690214,-0.39854953333791704,0,70,255.0,255.0,255.0
898,44.900000000000006,8.58545676808078,-0.0379985955584817,-20.987389472397528,0.9077755526880215,-0.011779693254429362,-0.5058210309838421,0.11444350284808773,-0.005242735873327822,-0.4028307538260144,0,70,255.0,255.0,255.0
899,44.95,8.63098778248576,-0.03859378632063339,-21.013185846230872,0.9134486713517896,-0.012020990823411683,-0.5260695991873441,0.1124812437026528,-0.004409166885965548,-0.4071119743141112,0,70,255.0,255.0,255.0
900,45.0,8.6768,-0.0392,-21.04,0.919023677058286,-0.012220609943025892,-0.5465322284152508,0.11051898455721343,-0.003575597898603275,-0.41139319480220404,0,70,255.0,255.0,255.0
901,45.050000000000004,8.722890055483358,-0.039815764875163896,-21.067845740158734,0.9245930002707945,-0.012415282676313918,-0.5673951228235006,0.11225394394310954,-0.00421131143291711,-0.42312258152771504,0,70,255.0,255.0,255.0
902,45.1,8.769260745826568,-0.04044205802891,-21.09674928677129,0.9302490714525972,-0.012641741086317604,-0.5888444865680229,0.11398890332900541,-0.0048470249672308546,-0.43485196825322436,0,70,255.0,255.0,255.0
903,45.150000000000006,8.815916408428109,-0.041080468745074275,-21.126739963304477,0.9359918906036953,-0.012899985173037015,-0.6108803196488237,0.11572386271490151,-0.00548273850154469,-0.4465813549787353,0,70,255.0,255.0,255.0
904,45.2,8.862861380686427,-0.04173258630749231,-21.15784709322511,0.9418214577240874,-0.013190014936472077,-0.6335026220658969,0.11745882210079737,-0.006118452035858435,-0.45831074170424463,0,70,255.0,255.0,255.0
905,45.25,8.9101,-0.0424,-21.1901,0.9477377728137742,-0.013511830376622824,-0.6567113938192455,0.11919378148669058,-0.0067541655701722075,-0.4700401284297513,0,70,255.0,255.0,255.0
906,45.300000000000004,8.957640206876551,-0.043083322023648125,-21.22352978703176,0.9539570224281566,-0.013806806526384136,-0.6806134310559796,0.12957620308857934,-0.005044880420279242,-0.48604136103953155,0,70,255.0,255.0,255.0
907,45.35,9.005504354260818,-0.04377925624834685,-21.25817467746611,0.9606953931226323,-0.014016318418650768,-0.7053155299231992,0.1399586246904666,-0.00333559527038652,-0.5020425936493095,0,70,255.0,255.0,255.0
908,45.400000000000006,9.053718398206819,-0.044483529461221645,-21.294074674384586,0.9679528848972034,-0.01414036605342278,-0.7308176904209113,0.15034104629235537,-0.001626310120493554,-0.5180438262590897,0,70,255.0,255.0,255.0
909,45.45,9.102308294768543,-0.04519186844939757,-21.331269780868706,0.975729497751868,-0.014178949430700137,-0.7571199125491088,0.16072346789424263,8.297502939916789e-05,-0.5340450588688678,0,70,255.0,255.0,255.0
910,45.5,9.1513,-0.0459,-21.3698,0.9840252316866269,-0.014132068550482864,-0.7842221963077951,0.17110588949612726,0.0017922601792918907,-0.5500462914786439,0,70,255.0,255.0,255.0
911,45.550000000000004,9.200717117010457,-0.04660454703024395,-21.40969751171426,0.9926989100165968,-0.014053491218149696,-0.8116551529526133,0.1758412437026387,0.001350833114034537,-0.5472719743139867,0,70,255.0,255.0,255.0
912,45.6,9.250573837130167,-0.0473057169777027,-21.450963203364296,1.001609356056891,-0.013996985239079404,-0.8389493937391946,0.18057659790914946,0.0009094060487772462,-0.5444976571493299,0,70,255.0,255.0,255.0
913,45.650000000000006,9.300881998744655,-0.04800461341003962,-21.49359013915721,1.010756569807512,-0.013962550613271972,-0.8661049186675469,0.1853119521156609,0.00046797898351989245,-0.5417233399846726,0,70,255.0,255.0,255.0
914,45.7,9.351653440239424,-0.04870233989491764,-21.53757138330008,1.0201405512684572,-0.013950187340727413,-0.8931217277376626,0.19004730632217165,2.6551918262601682e-05,-0.5389490228200158,0,70,255.0,255.0,255.0
915,45.75,9.4029,-0.0494,-21.5829,1.029761300439728,-0.013959895421445713,-0.9199998209495455,0.19478266052867355,-0.00041487514699460604,-0.5361747056553536,0,70,255.0,255.0,255.0
916,45.800000000000004,9.45463372508164,-0.050098489855376446,-21.629570566111237,1.0396313375054649,-0.013979228601017041,-0.9468299571335398,0.2000188221007723,-0.00035845203585847324,-0.5370307417043301,0,70,255.0,255.0,255.0
917,45.85,9.506867497218524,-0.05079787584084245,-21.677583709076725,1.0497631826498053,-0.013995740625031563,-0.9737028951199792,0.2052549836728703,-0.0003020289247223485,-0.5378867777533064,0,70,255.0,255.0,255.0
918,45.900000000000006,9.5596144068146,-0.051498016898620345,-21.72694156898661,1.0601568358727522,-0.014009431493489276,-1.0006186349088713,0.21049114524496904,-0.00024560581358621574,-0.5387428138022827,0,70,255.0,255.0,255.0
919,45.95,9.61288754427378,-0.05219877197093211,-21.77764628593099,1.0708122971743026,-0.014020301206390183,-1.0275771765002082,0.21572730681706703,-0.00018918270245009097,-0.539598849851259,0,70,255.0,255.0,255.0
920,46.0,9.6667,-0.0529,-21.8297,1.0817295665544575,-0.014028349763734285,-1.054578519893994,0.2209634683891597,-0.00013275959131391069,-0.54045488590023,0,70,255.0,255.0,255.0
921,46.050000000000004,9.721064782663008,-0.05360149354825062,-21.883104223840814,1.092903739961544,-0.014029594377782156,-1.081585018513225,0.22600346789426104,8.297502939909503e-05,-0.5398050588689198,0,70,255.0,255.0,255.0
922,46.1,9.775994573995744,-0.05430277965892764,-21.937857960328795,1.104329913343884,-0.014020052260794376,-1.1085590257808868,0.23104346739936168,0.0002987096501120701,-0.5391552318376096,0,70,255.0,255.0,255.0
923,46.150000000000006,9.831501973996987,-0.05500331899547949,-21.99395958489638,1.1160080867014803,-0.013999723412770946,-1.135500541696987,0.23608346690446305,0.0005144442708250758,-0.5385054048062993,0,70,255.0,255.0,255.0
924,46.2,9.88759958266548,-0.05570257222135417,-22.051407472975974,1.1279382600343304,-0.013968607833711871,-1.1624095662615175,0.24112346640956367,0.0007301788915380509,-0.5378555777749892,0,70,255.0,255.0,255.0
925,46.25,9.9443,-0.0564,-22.1102,1.1401204333424353,-0.013926705523617145,-1.1892860994744825,0.24616346591465188,0.0009459135122510814,-0.5372057507436807,0,70,255.0,255.0,255.0
926,46.300000000000004,10.001615944266355,-0.05709553595162143,-22.17033653852552,1.1525617026483568,-0.013902393887854301,-1.2161899688135756,0.2514873063221576,2.6551918262592684e-05,-0.5389490228199486,0,70,255.0,255.0,255.0
927,46.35,10.05956060679851,-0.057791005523447105,-22.231820449608087,1.1652691639746513,-0.01392405033179088,-1.2431810017564782,0.2568111467296626,-0.0008928096757257653,-0.5406922948962163,0,70,255.0,255.0,255.0
928,46.400000000000006,10.118147297197496,-0.05848870711946219,-22.294656091427903,1.1782428173213233,-0.013991674855426886,-1.270259198303198,0.2621349871371683,-0.001812171269714254,-0.5424355669724842,0,70,255.0,255.0,255.0
929,46.45,10.177389325064318,-0.05919093914365147,-22.35884782216514,1.1914826626883686,-0.0141052674587623,-1.2974245584537272,0.2674588275446733,-0.002731532863702612,-0.5441788390487518,0,70,255.0,255.0,255.0
930,46.5,10.2373,-0.0599,-22.4244,1.204988700075789,-0.01426482814179713,-1.32467708220807,0.2727826679521783,-0.0036508944576909286,-0.545922111125023,0,70,255.0,255.0,255.0
931,46.550000000000004,10.297893040271594,-0.06061716264526402,-22.491316022057113,1.2187854494450219,-0.014408830070800667,-1.3519591062324807,0.27908730681708943,-0.0021091827024499986,-0.5453588498513127,0,70,255.0,255.0,255.0
932,46.6,10.359183798810223,-0.06133959824728405,-22.559595441238855,1.2328974307574985,-0.014475746412042143,-1.379212967193202,0.28539194568199966,-0.0005674709472092872,-0.5447955885776025,0,70,255.0,255.0,255.0
933,46.650000000000006,10.421188037213069,-0.06206345252667222,-22.629236849392047,1.2473246440132224,-0.014465577165521585,-1.4064386650902416,0.2916965845469107,0.0009742408080316428,-0.5442323273038923,0,70,255.0,255.0,255.0
934,46.7,10.483921517077267,-0.0627848712040402,-22.700238838363482,1.26206708921219,-0.014378322331238988,-1.4336361999235923,0.29800122341182095,0.0025159525632723542,-0.5436690660301821,0,70,255.0,255.0,255.0
935,46.75,10.5474,-0.0635,-22.7726,1.2771247663544028,-0.014213981909194363,-1.460805571693257,0.30430586227673473,0.004057664318513093,-0.5431058047564736,0,70,255.0,255.0,255.0
936,46.800000000000004,10.611638294647292,-0.06420621346732287,-22.846319373246043,1.2924404995715617,-0.01404628582894307,-1.4879736062565456,0.30832346640957303,0.0026501788915379984,-0.5436155777749744,0,70,255.0,255.0,255.0
937,46.85,10.676647397960602,-0.0649058014874168,-22.921397785436504,1.3079571129953604,-0.013948964020040549,-1.5151671294707552,0.3123410705424108,0.0012426934645631037,-0.544125350793475,0,70,255.0,255.0,255.0
938,46.900000000000006,10.742437353950274,-0.06560228277384944,-22.997836511003968,1.3236746066258034,-0.013922016482486768,-1.542386141335894,0.3163586746752491,-0.00016479196241199132,-0.5446351238119758,0,70,255.0,255.0,255.0
939,46.95,10.809018206626627,-0.066299176040188,-23.075636824380943,1.3395929804628859,-0.013965443216281738,-1.5696306418519537,0.3203762788080868,-0.001572277389386886,-0.5451448968304764,0,70,255.0,255.0,255.0
940,47.0,10.8764,-0.067,-23.1548,1.35571223450661,-0.014079244221425449,-1.5969006310189384,0.3243938829409192,-0.002979762816361836,-0.545654669848977,0,70,255.0,255.0,255.0
941,47.050000000000004,10.944593781139265,-0.06770758348544484,-23.235327284958768,1.37209255226875,-0.014222026613427067,-1.6241944687413823,0.33081882754462644,-0.0027315328637024083,-0.5460988390486801,0,70,255.0,255.0,255.0
942,47.1,11.01361460934738,-0.06842199580304885,-23.31721981701514,1.388794117261073,-0.014352397507795695,-1.6515105149238072,0.3372437721483328,-0.0024833029110430155,-0.5465430082483831,0,70,255.0,255.0,255.0
943,47.150000000000006,11.083478546985877,-0.06914261637793055,-23.40047870659215,1.4058169294835838,-0.01447035690453137,-1.6788487695662213,0.34366871675204,-0.0022350729583835876,-0.5469871774480861,0,70,255.0,255.0,255.0
944,47.2,11.154201656416243,-0.0698688246352081,-23.485105064112766,1.4231609889362775,-0.014575904803634058,-1.7062092326686167,0.3500936613557464,-0.001986843005724195,-0.5474313466477891,0,70,255.0,255.0,255.0
945,47.25,11.2258,-0.0706,-23.5711,1.4408262956191566,-0.01466904120510378,-1.733591904230997,0.3565186059594474,-0.0017386130530647886,-0.5478755158474957,0,70,255.0,255.0,255.0
946,47.300000000000004,11.298288980795684,-0.07133545259089812,-23.658464286918942,1.4587732913534406,-0.014745607717348603,-1.7609765187779414,0.3613612234118432,-0.001324047436727905,-0.5475090660301764,0,70,255.0,255.0,255.0
947,47.35,11.371681364649891,-0.07207421530038793,-23.74719734650295,1.4769624179603416,-0.014801445948776575,-1.7883428108340154,0.36620384086423824,-0.0009094818203910802,-0.547142616212857,0,70,255.0,255.0,255.0
948,47.400000000000006,11.445989258106264,-0.07281525171442883,-23.837298262627503,1.495393675439865,-0.014836555899387711,-1.8156907803992277,0.371046458316634,-0.0004949162040541967,-0.5467761663955375,0,70,255.0,255.0,255.0
949,47.45,11.52122476770842,-0.07355752541897978,-23.928766119168028,1.5140670637920053,-0.014850937569181998,-1.84302042747357,0.37588907576902914,-8.035058771737181e-05,-0.5464097165782181,0,70,255.0,255.0,255.0
950,47.5,11.5974,-0.0743,-24.0216,1.5329825830167656,-0.014844590958159447,-1.8703317520570462,0.3807316932214242,0.00033421502861950836,-0.5460432667608934,0,70,255.0,255.0,255.0
951,47.550000000000004,11.674527095678032,-0.0750418061509631,-24.115799567365507,1.5521422823175055,-0.014827542517178627,-1.8976594561468343,0.38565627880810327,0.00034772261061324753,-0.5470648968305384,0,70,255.0,255.0,255.0
952,47.6,11.752618332053075,-0.07578274299539955,-24.211366796973078,1.5715482108975765,-0.014809818697098123,-1.9250382417401006,0.3905808643947816,0.0003612301926069848,-0.5480865269001832,0,70,255.0,255.0,255.0
953,47.650000000000006,11.831686020589117,-0.07652277676435461,-24.308304242897915,1.591200368756984,-0.014791419497917927,-1.9524681088368534,0.39550544998146064,0.000374737774600724,-0.5491081569698282,0,70,255.0,255.0,255.0
954,47.7,11.911742472750097,-0.07726187368887305,-24.406614459215156,1.611098755895723,-0.01477234491963805,-1.9799490574370844,0.400430035568139,0.0003882453565944612,-0.550129787039473,0,70,255.0,255.0,255.0
955,47.75,11.9928,-0.078,-24.5063,1.6312433723137958,-0.014752594962258484,-2.0074810875407976,0.40535462115481735,0.00040175293858828176,-0.5511514171091285,0,70,255.0,255.0,255.0
956,47.800000000000004,12.074871436492225,-0.07873732280524989,-24.607363043619078,1.6516655793765607,-0.014744222213936873,-2.0350416566347245,0.4115336613557046,-6.68430057239083e-05,-0.5512713466478552,0,70,255.0,255.0,255.0
957,47.85,12.157971707137827,-0.07947481271801397,-24.709804265604756,1.6723967384493668,-0.01475927926283087,-2.0626082222055837,0.417712701556591,-0.0005354389500360318,-0.5513912761865818,0,70,255.0,255.0,255.0
958,47.900000000000006,12.242116259537331,-0.08021364122815325,-24.813623965780916,1.6934368495322203,-0.014797766108940482,-2.0901807842533833,0.42389174175747824,-0.0010040348943482218,-0.5515112057253084,0,70,255.0,255.0,255.0
959,47.95,12.327320541291218,-0.0809549798255283,-24.91882244397138,1.7147859126251153,-0.014859682752265692,-2.1177593427781156,0.4300707819583646,-0.0014726308386603453,-0.5516311352640351,0,70,255.0,255.0,255.0
960,48.0,12.4136,-0.0817,-25.0254,1.7364439277280541,-0.014945029192806507,-2.1453438977797843,0.43624982215924923,-0.0019412267829724134,-0.5517510648027653,0,70,255.0,255.0,255.0
961,48.050000000000004,12.500969558353114,-0.08244970262803775,-25.13335705815824,1.7583794001762625,-0.015043568627073775,-2.1729419173143087,0.4411690757690139,-0.002000350587717961,-0.5521697165781305,0,70,255.0,255.0,255.0
962,48.1,12.589442039395637,-0.08320440613254468,-25.242694540607914,1.7805608353049562,-0.015145064251578307,-2.200560869437598,0.44608832937877785,-0.0020594743924634996,-0.5525883683534957,0,70,255.0,255.0,255.0
963,48.150000000000006,12.67902974126162,-0.08396425832303289,-25.353413493978486,1.802988233114141,-0.015249516066320128,-2.2282007541496593,0.4510075829885425,-0.002118598197209047,-0.5530070201288609,0,70,255.0,255.0,255.0
964,48.2,12.769744962085062,-0.08472940700901402,-25.465514964899363,1.825661593603811,-0.015356924071299214,-2.255861571450485,0.45592683659830646,-0.002177722001954586,-0.5534256719042262,0,70,255.0,255.0,255.0
965,48.25,12.8616,-0.0855,-25.579,1.848580916773969,-0.015467288266515574,-2.2835433213400784,0.46084609020806333,-0.002236845806700097,-0.5538443236795949,0,70,255.0,255.0,255.0
966,48.300000000000004,12.954607130095365,-0.08627586668259953,-25.69386952374801,1.8717448199183773,-0.015561503277768209,-2.3112386741080577,0.46571003556818913,-0.0015317546434049682,-0.5539697870394711,0,70,255.0,255.0,255.0
967,48.35,13.04877853527964,-0.08705556275180744,-25.81012397196361,1.8951519203307885,-0.015620463730856078,-2.338940300044026,0.47057398092831426,-0.0008266634801099397,-0.5540952503993474,0,70,255.0,255.0,255.0
968,48.400000000000006,13.14412637541625,-0.08783732547971573,-25.92776365830522,1.9188022180112094,-0.0156441696257792,-2.3666481991479933,0.47543792628844006,-0.00012157231681481128,-0.5542207137592235,0,70,255.0,255.0,255.0
969,48.45,13.240662810368564,-0.08861939213841596,-26.04678889643121,1.9426957129596334,-0.015632620962537563,-2.394362371419949,0.4803018716485652,0.0005835188464802174,-0.5543461771190998,0,70,255.0,255.0,255.0
970,48.5,13.3384,-0.0894,-26.1672,1.966832405176063,-0.015585817741131179,-2.4220828168599002,0.48516581700868855,0.001288610009775204,-0.5544716404789796,0,70,255.0,255.0,255.0
971,48.550000000000004,13.437351521265468,-0.09017803064156459,-26.288996846849766,1.991297320150242,-0.015542418261853303,-2.4497833862534777,0.49343078195838785,0.00044736916133965624,-0.5535511352640327,0,70,255.0,255.0,255.0
972,48.6,13.537536619485818,-0.09095494286022571,-26.412177571537676,2.0161754833719026,-0.015541080824997206,-2.4774379303863046,0.5016957469080859,-0.00039387168709577205,-0.5526306300490859,0,70,255.0,255.0,255.0
973,48.650000000000006,13.638975957073452,-0.09173283975810469,-26.536739872800723,2.0414668948410517,-0.015581805430562886,-2.505046449258387,0.5099607118577852,-0.0012351125355313198,-0.551710124834139,0,70,255.0,255.0,255.0
974,48.7,13.741690196440718,-0.09251382443732238,-26.662681449375835,2.0671715545576816,-0.015664592078550334,-2.5326089428697194,0.5182256768074834,-0.002076353383966748,-0.5507896196191922,0,70,255.0,255.0,255.0
975,48.75,13.8457,-0.0933,-26.79,2.093289462521797,-0.01578944076895955,-2.5601254112203033,0.5264906417571673,-0.0029175942324020654,-0.5498691144042454,0,70,255.0,255.0,255.0
976,48.800000000000004,13.951027584842814,-0.09409281075114252,-26.91868788885299,2.1199138994806845,-0.015916823674818486,-2.5872757808780182,0.538486836598243,-0.0021777220019549882,-0.5361456719042638,0,70,255.0,255.0,255.0
977,48.85,14.057701386777108,-0.09489106580728981,-27.04871614188572,2.1471381461816215,-0.016007212969155058,-2.6137399784107305,0.5504830314393171,-0.0014378497715080163,-0.5224222294042842,0,70,255.0,255.0,255.0
978,48.900000000000006,14.165751396290013,-0.09569291548786601,-27.180050450491983,2.174962202624617,-0.016060608651969288,-2.6395180038184476,0.5624792262803928,-0.0006979775410609393,-0.5086987869043027,0,70,255.0,255.0,255.0
979,48.95,14.275207603868605,-0.09649651011229474,-27.312656506065487,2.203386068809662,-0.01607701072326116,-2.6646098571011616,0.5744754211214669,4.1894689386032854e-05,-0.4949753444043231,0,70,255.0,255.0,255.0
980,49.0,14.3861,-0.0973,-27.4465,2.2324097447367603,-0.016056419183030683,-2.689015538258877,0.5864716159625338,0.0007817669198330601,-0.4812519019043435,0,70,255.0,255.0,255.0
981,49.050000000000004,14.498451739363336,-0.0981019263538657,-27.581549197738344,2.2616230819270404,-0.016022287038872846,-2.7128894902344665,0.5820618716485644,0.0005835188464804184,-0.4737061771191542,0,70,255.0,255.0,255.0
982,49.1,14.61225863340578,-0.0989023939106151,-27.71778266091946,2.2906159319016175,-0.01599806729838264,-2.736386155970793,0.5776521273345955,0.0003852707731278048,-0.46616045233396597,0,70,255.0,255.0,255.0
983,49.150000000000006,14.727509657766573,-0.09970189829043179,-27.85518152523144,2.3193882946605004,-0.015983759961560064,-2.7595055354678637,0.573242383020626,0.00018702269977516307,-0.4586147275487767,0,70,255.0,255.0,255.0
984,49.2,14.844193788084905,-0.10050093511349893,-27.993726926362267,2.3479401702036813,-0.01597936502840512,-2.7822476287256714,0.5688326387066572,-1.1225373577450565e-05,-0.4510690027635884,0,70,255.0,255.0,255.0
985,49.25,14.9623,-0.1013,-28.1334,2.3762715585311627,-0.01598488249891781,-2.8046124357442204,0.5644228943926706,-0.00020947344692995307,-0.44352327797841085,0,70,255.0,255.0,255.0
986,49.300000000000004,15.081819857703898,-0.10209948383339507,-28.274180920193714,2.4045377728111688,-0.01599402816969022,-2.826542258184159,0.5662256768074643,-0.00015635338396656308,-0.43366961961905715,0,70,255.0,255.0,255.0
987,49.35,15.202755279599799,-0.1028993585502499,-28.416046014436454,2.43289412621191,-0.016000517837314467,-2.8479793977061267,0.5680284592222578,-0.00010323332100318065,-0.4238159612597049,0,70,255.0,255.0,255.0
988,49.400000000000006,15.325110772643773,-0.10369949135040739,-28.558970648582367,2.461340618733395,-0.01600435150179054,-2.86892385431013,0.5698312416370515,-5.0113258039790665e-05,-0.41396230290035124,0,70,255.0,255.0,255.0
989,49.45,15.448890843791823,-0.10449974943370985,-28.702930188485503,2.4898772503756157,-0.016005529163118443,-2.8893756279961624,0.5716340240518449,3.00680492359176e-06,-0.40410864454099893,0,70,255.0,255.0,255.0
990,49.5,15.5741,-0.1053,-28.8479,2.518504021138576,-0.016004050821298178,-2.909334718764227,0.573436806466642,5.612686788705745e-05,-0.3942549861816289,0,70,255.0,255.0,255.0
991,49.550000000000004,15.700741629821128,-0.10610013831255449,-28.993855921486876,2.547153826828281,-0.016001600282366343,-2.9288294770288785,0.5725554211214748,4.18946893862725e-05,-0.3855353444043665,0,70,255.0,255.0,255.0
992,49.6,15.828814648195044,-0.10690017188838542,-29.140775681334745,2.5757595632507244,-0.015999861352359552,-2.947888253204664,0.5716740357763079,2.7662510885489584e-05,-0.3768157026271053,0,70,255.0,255.0,255.0
993,49.650000000000006,15.958316851658417,-0.10770013630793923,-29.288637480439196,2.604321230405913,-0.015998834031277793,-2.96651104729159,0.5707926504311408,1.3430332384704638e-05,-0.3680960608498428,0,70,255.0,255.0,255.0
994,49.7,16.089246036747852,-0.10850006715166197,-29.43741951969576,2.632838828293839,-0.01599851831912108,-2.9846978592896494,0.5699112650859739,-8.01846116078285e-07,-0.3593764190725816,0,70,255.0,255.0,255.0
995,49.75,16.2216,-0.1093,-29.5871,2.6613123569145074,-0.015998914215889403,-3.0024486891988458,0.5690298797408104,-1.5034024616805697e-05,-0.3506567772953204,0,70,255.0,255.0,255.0
996,49.800000000000004,16.35537682301165,-0.11009996291638738,-29.737656993858852,2.689758919875697,-0.015999570700844266,-3.0197558337003216,0.5688326387066809,-1.1225373577655415e-05,-0.34162900276364844,0,70,255.0,255.0,255.0
997,49.85,16.490575727620044,-0.11089995389620858,-29.88906806022459,2.7181956207851763,-0.01600003675324717,-3.036611589475211,0.5686353976725513,-7.416722538505674e-06,-0.3326012282319778,0,70,255.0,255.0,255.0
998,49.900000000000006,16.62719622072264,-0.11169996341783624,-30.041310629660938,2.7466224596429534,-0.016000312373098114,-3.0530159565235193,0.5684381566384218,-3.6080714993553916e-06,-0.3235734537003058,0,70,255.0,255.0,255.0
999,49.95,16.765237809216814,-0.11249998195964254,-30.194362132731506,2.775039436449019,-0.016000397560397103,-3.0689689348452425,0.5682409156042922,2.0057953979434817e-07,-0.3145456791686352,0,70,255.0,255.0,255.0
1000,50.0,16.9047,-0.1133,-30.3482,2.8034465512033786,-0.016000292315144136,-3.0844705244403814,0.568043674570152,4.009230578999601e-06,-0.3055179046369503,0,70,255.0,255.0,255.0
1001,50.050000000000004,17.045582278132343,-0.1141000100218964,-30.502801703077786,2.831842493668932,-0.01600011691425658,-3.099523188169831,0.5677940240518843,3.0068049233832586e-06,-0.29658864454096157,0,70,255.0,255.0,255.0
1002,50.1,17.187884041324796,-0.11490001252678039,-30.658144877766905,2.860225953608568,-0.015999991634651798,-3.114129388894478,0.5675443735336166,2.0043792677670583e-06,-0.28765938444497413,0,70,255.0,255.0,255.0
1003,50.150000000000006,17.331604665451106,-0.11570001002071634,-30.814207200917156,2.8885969310222945,-0.015999916476329798,-3.1282891266143285,0.567294723015349,1.0019536121507161e-06,-0.27873012434898536,0,70,255.0,255.0,255.0
1004,50.2,17.47674352638493,-0.1165000050097681,-30.970966349378266,2.9169554259101034,-0.015999891439290582,-3.142002401329377,0.5670450724970812,-4.720434654841533e-10,-0.26980086425299793,0,70,255.0,255.0,255.0
1005,50.25,17.6233,-0.1173,-31.1284,2.9453014382719997,-0.01599991652353415,-3.1552692130396265,0.5667954219788172,-1.0028976991094396e-06,-0.2608716041569963,0,70,255.0,255.0,255.0
1006,50.300000000000004,17.771273264459047,-0.11809999699602741,-31.286485793830074,2.9736231054486213,-0.015999961642129523,-3.168087413620368,0.5660712650859536,-8.018461157943519e-07,-0.25185641907262446,0,70,255.0,255.0,255.0
1007,50.35,17.920661707080786,-0.11889999599666999,-31.445201228707802,3.001908564780596,-0.015999996708145732,-3.180454854946889,0.5653471081930902,-6.007945324792927e-07,-0.24284123398825389,0,70,255.0,255.0,255.0
1008,50.400000000000006,18.07146351747304,-0.11969999649929902,-31.60452376667053,3.030157816267931,-0.01600002172158277,-3.192371537019194,0.5646229513002268,-3.997429491642051e-07,-0.23382604890388206,0,70,255.0,255.0,255.0
1009,50.45,18.22367688524351,-0.1204999980012853,-31.76443086975549,3.058370859910619,-0.016000036682440644,-3.203837459837278,0.5638987944073633,-1.986913658491459e-07,-0.22481086381951149,0,70,255.0,255.0,255.0
1010,50.5,18.3773,-0.1213,-31.9249,3.086547695708665,-0.01600004159071935,-3.214852623401143,0.5631746375144964,2.3602175491799215e-09,-0.21579567873511607,0,70,255.0,255.0,255.0
1011,50.550000000000004,18.532331864031544,-0.1221000019939944,-32.08590872160201,3.114737084536633,-0.016000036517225407,-3.2254231573487373,0.5644009156041542,2.005795401050117e-07,-0.207025679168602,0,70,255.0,255.0,255.0
1012,50.6,18.688774730352076,-0.12290000348653979,-32.24743500740191,3.1429877872690812,-0.016000021532765342,-3.235555191318004,0.5656271936938119,3.987988626608153e-07,-0.19825567960208917,0,70,255.0,255.0,255.0
1013,50.650000000000006,18.846631664656865,-0.12370000398208818,-32.409456932400836,3.1712998039060154,-0.015999996637339142,-3.245248725308946,0.5668534717834697,5.970181852166471e-07,-0.18948568003557512,0,70,255.0,255.0,255.0
1014,50.7,19.005905732641093,-0.12450000298509097,-32.57195257159983,3.199673134447429,-0.015999961830946822,-3.2545037593215618,0.5680797498731274,7.952375077724507e-07,-0.18071568046906228,0,70,255.0,255.0,255.0
1015,50.75,19.1666,-0.1253,-32.7349,3.228107778893325,-0.015999917113588363,-3.263320293355851,0.5693060279627709,9.934568303560098e-07,-0.1719456809025317,0,70,255.0,255.0,255.0
1016,50.800000000000004,19.328716079414857,-0.1260999950279955,-32.898276919762004,3.2565165564048253,-0.0159998922889687,-3.271675956984736,0.5670450724971479,-4.720437819252863e-10,-0.16228086425283325,0,70,255.0,255.0,255.0
1017,50.85,19.49224977151093,-0.12689999005717095,-33.062059541684604,3.2848122861430404,-0.015999917160792743,-3.2795483797811347,0.5647841170315252,-9.944009179197194e-07,-0.15261604760313618,0,70,255.0,255.0,255.0
1018,50.900000000000006,19.65719542389961,-0.12769998757234885,-33.22622370372624,3.312994968107979,-0.01599999172906049,-3.2869375617450496,0.5625231615659023,-1.9883297920576547e-06,-0.14295123095343773,0,70,255.0,255.0,255.0
1019,50.95,19.823547384192178,-0.12849999005835108,-33.39074524384524,3.3410646022996318,-0.016000115993771945,-3.2938435028764785,0.5602622061002797,-2.9822586661954486e-06,-0.13328641430374066,0,70,255.0,255.0,255.0
1020,51.0,19.9913,-0.1293,-33.5556,3.3690211887180035,-0.016000289954927107,-3.3002662031754224,0.5580012506346499,-3.976187540249976e-06,-0.12362159765403291,0,70,255.0,255.0,255.0
1021,51.050000000000004,20.160449418309113,-0.1301000178940241,-33.72076439935008,3.396972689844058,-0.016000394326899765,-3.3062410147122625,0.5600587944074414,-1.9869136605422633e-07,-0.11537086381955107,0,70,255.0,255.0,255.0
1022,51.1,20.33099898360422,-0.13090003628477653,-33.8862172258597,3.4250270681587485,-0.016000309824063714,-3.311803289557378,0.5621163381802327,3.578804808140986e-06,-0.1071201299850704,0,70,255.0,255.0,255.0
1023,51.150000000000006,20.5029538397448,-0.131700045728517,-34.051937852694294,3.4531843236620823,-0.01600003644641895,-3.3169530277107695,0.5641738819530242,7.356300982336736e-06,-0.09886939615058855,0,70,255.0,255.0,255.0
1024,51.2,20.676319130590244,-0.13250003678150496,-34.21790565301925,3.4814444563540516,-0.015999574193965478,-3.321690229172437,0.5662314257258154,1.1133797156531948e-05,-0.09061866231610788,0,70,255.0,255.0,255.0
1025,51.25,20.8511,-0.1333,-34.3841,3.5098074662346606,-0.015998923066703294,-3.3260148939423804,0.5682889694986066,1.4911293330865938e-05,-0.08236792848161656,0,70,255.0,255.0,255.0
1026,51.300000000000004,21.027299847348775,-0.13409993339590848,-34.55049988283772,3.5381686842189564,-0.01599853040343232,-3.3299039841661537,0.5661597498731273,7.952375080876498e-07,-0.07319568046929908,0,70,255.0,255.0,255.0
1027,51.35,21.204915094072213,-0.1348998648037231,-34.71708275487661,3.566423441221974,-0.015998843542952487,-3.3333344619893106,0.5640305302476484,-1.3320818314688632e-05,-0.06402343245698293,0,70,255.0,255.0,255.0
1028,51.400000000000006,21.38394041712129,-0.13569982951358361,-34.88382568549665,3.594571737243722,-0.015999862485263788,-3.336306327411852,0.5619013106221691,-2.743687413746692e-05,-0.054851184444665455,0,70,255.0,255.0,255.0
1029,51.45,21.5643704934469,-0.13649986281562937,-35.05070574407779,3.6226135722841915,-0.01600158723036623,-3.338819580433777,0.5597720909966901,-4.15529299602432e-05,-0.04567893643234929,0,70,255.0,255.0,255.0
1030,51.5,21.7462,-0.1373,-35.2177,3.6505489463433882,-0.016004017778259813,-3.3408742210550866,0.5576428713712289,-5.5668985782963976e-05,-0.03650668842003313,0,70,255.0,255.0,255.0
1031,51.550000000000004,21.92942479229587,-0.13810024852234232,-35.384785669299085,3.6784485732801766,-0.01600548405937104,-3.3424790486231784,0.5583422061002182,-2.982258666146492e-06,-0.02768641430364123,0,70,255.0,255.0,255.0
1032,51.6,22.114045440106963,-0.1389005045003312,-35.551940554633894,3.706383166953411,-0.01600431600412643,-3.343642862485451,0.5590415408292074,4.970446845066351e-05,-0.018866140187250583,0,70,255.0,255.0,255.0
1033,51.650000000000006,22.30006369177016,-0.13970063621714907,-35.7191426053192,3.734352727363098,-0.016000513612525972,-3.344365662641904,0.5597408755581967,0.00010239119556748098,-0.010045866070858684,0,70,255.0,255.0,255.0
1034,51.7,22.48748129562222,-0.1405005119559779,-35.88636977066965,3.7623572545092316,-0.01599407688456968,-3.3446474490925366,0.5604402102871859,0.000155077922684291,-0.0012255919544680374,0,70,255.0,255.0,255.0
1035,51.75,22.6763,-0.1413,-36.0536,3.790396748391814,-0.015985005820257546,-3.344488221837351,0.5611395450161858,0.000207764649801101,0.0075946821619119476,0,70,255.0,255.0,255.0
1036,51.800000000000004,22.86652098346784,-0.14209907251472265,-36.22081023996605,3.818437022660365,-0.015979533359083604,-3.3438278213412,0.560471425725759,1.1133797156576023e-05,0.01882133768411503,0,70,255.0,255.0,255.0
1037,51.85,23.05814314549997,-0.14289811719495224,-36.387973426587855,3.846443890964391,-0.015983892440541887,-3.3426060880689397,0.5598033064353324,-0.00018549705548792097,0.03004799320631651,0,70,255.0,255.0,255.0
1038,51.900000000000006,23.251164815798212,-0.14369762561782073,-36.55506149322668,3.8744173533038992,-0.0159980830646324,-3.3408230220205684,0.5591351871449056,-0.000382127908132446,0.04127464872851959,0,70,255.0,255.0,255.0
1039,51.95,23.445584324064285,-0.1444980893604594,-36.72204637324365,3.9023574096788822,-0.01602210523135513,-3.3384786231960875,0.5584670678544789,-0.0005787587607769429,0.052501304250721074,0,70,255.0,255.0,255.0
1040,52.0,23.6414,-0.1453,-36.8889,3.9302640600893444,-0.01605595894071009,-3.335572891595497,0.5577989485640487,-0.0007753896134213845,0.06372795977292611,0,70,255.0,255.0,255.0
1041,52.050000000000004,23.83860567383287,-0.1461034614187676,-37.05559177083682,3.9578673360783663,-0.016076382504294617,-3.3319536660119864,0.5463320909967242,-4.155292995960253e-05,0.08104106356749843,0,70,255.0,255.0,255.0
1042,52.1,24.037177177893202,-0.14690702671985995,-37.22208093901471,3.9848972691890174,-0.016060114233706055,-3.327468785238747,0.5348652334294013,0.0006922837535020751,0.09835416736206831,0,70,255.0,255.0,255.0
1043,52.150000000000006,24.23708584503714,-0.14770886131156866,-37.38832422177421,4.011353859421307,-0.016007154128944403,-3.3221182492757793,0.5233983758620767,0.001426120436963857,0.11566727115664063,0,70,255.0,255.0,255.0
1044,52.2,24.438303008120698,-0.14850713060218484,-37.55427833635579,4.037237106775226,-0.01591750219000967,-3.3159020581230827,0.5119315182947539,0.0021599571204255347,0.1329803749512105,0,70,255.0,255.0,255.0
1045,52.25,24.6408,-0.1493,-37.7199,4.062547011250779,-0.015791158416901856,-3.3088202117806587,0.5004646607274097,0.0028937938038874067,0.15029347874580168,0,70,255.0,255.0,255.0
1046,52.300000000000004,24.84454832120078,-0.15008628181020744,-37.88515227668674,4.087293633026149,-0.01566693662373757,-3.301253514610873,0.48940021028728087,0.002075077922683524,0.15237440804558436,0,70,255.0,255.0,255.0
1047,52.35,25.04952014292725,-0.15086737592560812,-38.05002361735335,4.111487032279507,-0.015583650624633495,-3.2935827709761,0.47833575984715365,0.0012563620414797571,0.15445533734536673,0,70,255.0,255.0,255.0
1048,52.400000000000006,25.25568780405337,-0.15164532913590514,-38.21450881967661,4.135127209010865,-0.015541300419589602,-3.2858079808763363,0.4672713094070248,0.00043764616027587447,0.1565362666451494,0,70,255.0,255.0,255.0
1049,52.45,25.463023643452978,-0.15242218823080142,-38.378602681333234,4.158214163220212,-0.015539886008605902,-3.2779291443115848,0.4562068589668976,-0.0003810697209278924,0.1586171959449318,0,70,255.0,255.0,255.0
1050,52.5,25.6715,-0.1532,-38.5423,4.180747894907552,-0.015579407391682384,-3.2699462612818437,0.44514240852677034,-0.001199785602131631,0.16069812524473193,0,70,255.0,255.0,255.0
1051,52.550000000000004,25.881089841364105,-0.15398021134040296,-38.70559272241629,4.202766131817084,-0.015623871000755102,-3.2616882755444587,0.4355870678544284,-0.0005787587607769011,0.1696213042506529,0,70,255.0,255.0,255.0
1052,52.6,26.09176865039782,-0.15476186957770774,-38.86846139157194,4.224306601692995,-0.01563728326776008,-3.2529841308567784,0.4260317271820878,4.22680805777407e-05,0.17854448325657257,0,70,255.0,255.0,255.0
1053,52.650000000000006,26.30351253874952,-0.1555434221448112,-39.03088369951948,4.245369304535293,-0.015619644192697322,-3.243833827218801,0.4164763865097459,0.0006632949219324709,0.1874676622624935,0,70,255.0,255.0,255.0
1054,52.7,26.516297618067465,-0.1563233164746097,-39.19283733831133,4.265954240343971,-0.015570953775566838,-3.2342373646305287,0.40692104583740535,0.0012843217632871125,0.1963908412684132,0,70,255.0,255.0,255.0
1055,52.75,26.7301,-0.1571,-39.3543,4.286061409119032,-0.015491212016368617,-3.2241947430919606,0.39736570516508607,0.0019053486046417961,0.20531402027433288,0,70,255.0,255.0,255.0
1056,52.800000000000004,26.944895513342896,-0.15787207282818108,-39.51525123364816,4.305673839705529,-0.01538957937324191,-3.213817383211322,0.3871315182946992,0.002159957120426145,0.2097803749511723,0,70,255.0,255.0,255.0
1057,52.85,27.1606588554815,-0.15863874576356105,-39.67567801635891,4.324774560948502,-0.015275216304326001,-3.203216705596843,0.3768973314243138,0.002414565636210457,0.21424672962801108,0,70,255.0,255.0,255.0
1058,52.900000000000006,27.377364440948693,-0.15939938228485057,-39.83556918224562,4.34336357284796,-0.01514812280962086,-3.192392710248521,0.3666631445539269,0.002669174151994806,0.21871308430485054,0,70,255.0,255.0,255.0
1059,52.95,27.594986684277245,-0.16015334587076002,-39.994913565421534,4.361440875403896,-0.015008298889126519,-3.181345397166358,0.3564289576835415,0.0029237826677791182,0.22317943898168932,0,70,255.0,255.0,255.0
1060,53.0,27.8135,-0.1609,-40.1537,4.379006468616312,-0.014855744542842964,-3.170074766350353,0.34619477081314187,0.0031783911835634032,0.2276457936585352,0,70,255.0,255.0,255.0
1061,53.050000000000004,28.032878505264417,-0.16163949734687297,-40.31191594299117,4.396042509360817,-0.014737811506277088,-3.1584981916102595,0.3352468589669646,0.0015389302790712784,0.23541719594517468,0,70,255.0,255.0,255.0
1062,53.1,28.253095127676218,-0.16237514736804814,-40.46954334299246,4.41253115451301,-0.014701851514935823,-3.146533046755835,0.3242989471207889,-0.00010053062542061345,0.24318859823181307,0,70,255.0,255.0,255.0
1063,53.150000000000006,28.474122497455852,-0.16311104871578697,-40.626562771498186,4.428472404072895,-0.01474786456881916,-3.1341793317870774,0.3133510352746116,-0.0017399915299127384,0.2509600005184526,0,70,255.0,255.0,255.0
1064,53.2,28.695933244823642,-0.1638513000423505,-40.7829548000026,4.443866258040471,-0.014875850667927086,-3.12143704670399,0.3024031234284359,-0.00337945243440463,0.25873140280509094,0,70,255.0,255.0,255.0
1065,53.25,28.9185,-0.1646,-40.9387,4.458712716415737,-0.015085809812259604,-3.1083061915065704,0.29145521158223886,-0.005018913338896494,0.26650280509172575,0,70,255.0,255.0,255.0
1066,53.300000000000004,29.141796065599557,-0.16535953778432744,-41.093780194387236,4.473052122851226,-0.015275174601649838,-3.0948618503475718,0.282121045837298,-0.002555678236712248,0.27127084126816964,0,70,255.0,255.0,255.0
1067,53.35,29.365797433813675,-0.1661254647642465,-41.248182211671285,4.486924820999467,-0.01534137763593085,-3.081179107379753,0.2727868800923585,-9.244313452835221e-05,0.27603887744461286,0,70,255.0,255.0,255.0
1068,53.400000000000006,29.59048076922806,-0.16689162285200204,-41.401894131761736,4.500330810860462,-0.015284418915102658,-3.0672579626031102,0.2634527143474177,0.0023707919676558935,0.2808069136210568,0,70,255.0,255.0,255.0
1069,53.45,29.815822736428274,-0.16765185395983834,-41.55490403456811,4.513270092434209,-0.015104298439165276,-3.0530984160176473,0.2541185486024782,0.00483402706983979,0.28557494979750003,0,70,255.0,255.0,255.0
1070,53.5,30.0418,-0.1684,-41.7072,4.525742665720709,-0.014801016208118706,-3.0387004676233613,0.24478438285752446,0.007297262172023672,0.290342985973961,0,70,255.0,255.0,255.0
1071,53.550000000000004,30.268388432337467,-0.16913195151581772,-41.85876887945996,4.5377009992342385,-0.014497490087123609,-3.023990406999468,0.23354895768361578,0.004843782667779202,0.2980594389817284,0,70,255.0,255.0,255.0
1072,53.6,30.49556073706912,-0.1698517935749659,-42.00959261032244,4.549097561489071,-0.014316637941340762,-3.0088945237251883,0.22231353250970864,0.002390303163535081,0.3057758919894946,0,70,255.0,255.0,255.0
1073,53.650000000000006,30.72328882563207,-0.17056565987620537,-42.15965190145498,4.55993235248521,-0.014258459770770114,-2.993412817800518,0.21107810733579996,-6.317634070938764e-05,0.313492344997262,0,70,255.0,255.0,255.0
1074,53.7,30.95154460946333,-0.17127968411829647,-42.308927461725,4.570205372222651,-0.014322955575411684,-2.9775452892254615,0.19984268216189285,-0.0025166558449535095,0.3212087980050282,0,70,255.0,255.0,255.0
1075,53.75,31.1803,-0.172,-42.4574,4.579916620701397,-0.014510125355265453,-2.961291938000017,0.18860725698797864,-0.004970135349197671,0.3289252510128087,0,70,255.0,255.0,255.0
1076,53.800000000000004,31.409527805050672,-0.17273105615240197,-42.605051487773004,4.589119880211809,-0.014718865049855536,-2.944728521654564,0.17952312342850896,-0.0033794524344049285,0.33361140280525603,0,70,255.0,255.0,255.0
1077,53.85,31.639204417909887,-0.1734705609358899,-42.751868947038965,4.597868933044248,-0.014848070598705963,-2.927930797719491,0.17043898986904057,-0.0017887695196124116,0.33829755459770267,0,70,255.0,255.0,255.0
1078,53.900000000000006,31.869307128243808,-0.17421453764317696,-42.89784066241846,4.606163779198714,-0.014897742001816767,-2.910898766194793,0.1613548563095709,-0.00019808660481966927,0.34298370639015,0,70,255.0,255.0,255.0
1079,53.95,32.09981322571847,-0.17495900956697596,-43.042954918531954,4.614004418675205,-0.01486787925918794,-2.8936324270804756,0.1522707227501025,0.001392596309972848,0.34766985818259666,0,70,255.0,255.0,255.0
1080,54.0,32.3307,-0.1757,-43.1872,4.6213908514737225,-0.01475848237081949,-2.876131780376535,0.143186589190627,0.0029832792247653506,0.352356009975054,0,70,255.0,255.0,255.0
1081,54.050000000000004,32.56194354745995,-0.17643422387457464,-43.3305627694481,4.628251479918548,-0.014611049713454347,-2.858311506382222,0.13123854860235196,0.0029140270698398358,0.36045494979740267,0,70,255.0,255.0,255.0
1082,54.1,32.79351519129137,-0.17716116268147455,-43.473024401521705,4.634514706333958,-0.014467079663835501,-2.840086285396794,0.11929050801407863,0.002844774914914331,0.36855388961975016,0,70,255.0,255.0,255.0
1083,54.150000000000006,33.02538506139286,-0.1778809895510873,-43.61456464887127,4.640180530719956,-0.01432657222196291,-2.8214561174202464,0.1073424674258036,0.0027755227599888166,0.3766528294420988,0,70,255.0,255.0,255.0
1084,54.2,33.25752328766288,-0.17859387761379997,-43.755163264147214,4.645248953076538,-0.014189527387836616,-2.8024210024525837,0.09539442683753027,0.0027062706050633117,0.3847517692644464,0,70,255.0,255.0,255.0
1085,54.25,33.4899,-0.1793,-43.8948,4.649719973403708,-0.014055945161456595,-2.782980940493804,0.08344638624925693,0.0026370184501377236,0.392850709086801,0,70,255.0,255.0,255.0
1086,54.300000000000004,33.72248680510965,-0.18000004834929983,-44.033455834434626,4.6536822001139875,-0.013956936096326979,-2.7632094528165108,0.0750426821619051,0.0013233441550465732,0.3980087980048556,0,70,255.0,255.0,255.0
1087,54.35,33.95526121692466,-0.18069678833821198,-44.171116646874225,4.657224241619899,-0.013923610745951926,-2.7431800606933177,0.06663897807455446,9.669859955609237e-06,0.40316688692290953,0,70,255.0,255.0,255.0
1088,54.400000000000006,34.188202226184906,-0.18139350415247427,-44.30776954209653,4.660346097921442,-0.013955969110331427,-2.7228927641242193,0.05823527398720263,-0.0013040044351355414,0.40832497584096417,0,70,255.0,255.0,255.0
1089,54.45,34.42128882363008,-0.18209347997782432,-44.44340162487921,4.663047769018619,-0.014054011189465473,-2.7023475631092206,0.04983156989985199,-0.002617678730226505,0.4134830647590181,0,70,255.0,255.0,255.0
1090,54.5,34.6545,-0.1828,-44.578,4.665329254911427,-0.014217736983354065,-2.6815444576483194,0.04142786581249425,-0.003931353025317455,0.41864115367706844,0,70,255.0,255.0,255.0
1091,54.550000000000004,34.88781323210158,-0.18351518272822637,-44.711551492813456,4.667099719625494,-0.014377205901237708,-2.6604666823518204,0.02939072275017804,-0.002447403690027726,0.4244698581828286,0,70,255.0,255.0,255.0
1092,54.6,35.121199941010005,-0.1842364839656777,-44.84404181098144,4.668268327186445,-0.014462477352356852,-2.639097471830036,0.01735357968786354,-0.0009634543547382074,0.43029856268858796,0,70,255.0,255.0,255.0
1093,54.650000000000006,35.35463003386768,-0.184960193839016,-44.975456382742706,4.668835077594281,-0.01447355133671152,-2.617436826082961,0.005316436625547337,0.0005204949805515217,0.43612726719434813,0,70,255.0,255.0,255.0
1094,54.7,35.58807341781688,-0.1856826024749028,-45.10578063633598,4.668799970848999,-0.014410427854301707,-2.5954847451106002,-0.006720706436767164,0.00200444431584104,0.4419559717001075,0,70,255.0,255.0,255.0
1095,54.75,35.8215,-0.1864,-45.235,4.668163006950603,-0.014273106905127425,-2.573241228912953,-0.018757849499074553,0.0034883936511305724,0.44778467620586326,0,70,255.0,255.0,255.0
1096,54.800000000000004,36.05488106648415,-0.18710962073779505,-45.36309899431162,4.667006921384061,-0.014118240298722554,-2.5506518177761923,-0.027485573162584168,0.0027062706050637432,0.45579176926448994,0,70,255.0,255.0,255.0
1097,54.85,36.28819341903536,-0.18781247579907737,-45.490058509200075,4.665414449634344,-0.014002479844621041,-2.5276620519865034,-0.036213296826092534,0.0019241475589970246,0.4637988623231154,0,70,255.0,255.0,255.0
1098,54.900000000000006,36.52141523834454,-0.18851052049146222,-45.615858526932726,4.663385591701451,-0.013925825542822854,-2.5042719315438795,-0.04494102048960215,0.0011420245129301954,0.4718059553817421,0,70,255.0,255.0,255.0
1099,54.95,36.75452470510246,-0.18920571012256468,-45.740479029776914,4.660920347585384,-0.013888277393328015,-2.4804814564483286,-0.05366874415311052,0.00035990146686347684,0.4798130484403676,0,70,255.0,255.0,255.0
1100,55.0,36.9875,-0.1899,-45.8639,4.658018717286142,-0.013889835396136509,-2.456290626699846,-0.06239646781661179,-0.00042222157920321357,0.4878201414990073,0,70,255.0,255.0,255.0
1101,55.050000000000004,37.22031770196194,-0.19059513432059383,-45.9861029299401,4.654584594838225,-0.01391783290387223,-2.431790046543396,-0.07496843010007233,-0.0006976787302255939,0.49220306475891,0,70,255.0,255.0,255.0
1102,55.1,37.45294798284859,-0.19129201283801311,-46.107075352218295,4.6505218742761345,-0.013959603269159068,-2.407070320223954,-0.08754039238353109,-0.0009731358812479352,0.4965859880188121,0,70,255.0,255.0,255.0
1103,55.150000000000006,37.685359412754316,-0.1919913241951356,-46.22680630952645,4.645830555599871,-0.014015146491997027,-2.382131447741514,-0.10011235466699163,-0.0012485930322703156,0.5009689112787148,0,70,255.0,255.0,255.0
1104,55.2,37.91752056177335,-0.19269375703483868,-46.3452848445564,4.640510638809435,-0.014084462572386098,-2.356973429096082,-0.11268431695045039,-0.0015240501832926568,0.5053518345386169,0,70,255.0,255.0,255.0
1105,55.25,38.1494,-0.1934,-46.4625,4.634562123904828,-0.014167551510326285,-2.3315962642876547,-0.12525627923390203,-0.001799507334314998,0.5097347577985296,0,70,255.0,255.0,255.0
1106,55.300000000000004,38.38096332566822,-0.19410984197983003,-46.578443685928015,4.627806699263061,-0.014210428085788157,-2.306171996050187,-0.1449607064367231,8.444431584027053e-05,0.5072359717000869,0,70,255.0,255.0,255.0
1107,55.35,38.612164249570306,-0.19481947284887036,-46.69311928192676,4.620066053261155,-0.014159107078742272,-2.280872667117645,-0.16466513363954133,0.001968395965995271,0.5047371856016446,0,70,255.0,255.0,255.0
1108,55.400000000000006,38.84295351063834,-0.1955241827279958,-46.80653303496153,4.611340185899107,-0.014013588489188614,-2.255698277490022,-0.1843695608423624,0.00385234761615054,0.5022383995032019,0,70,255.0,255.0,255.0
1109,55.45,39.07328184780423,-0.19621926173808077,-46.918691191997524,4.601629097176919,-0.013773872317127225,-2.2306488271673244,-0.20407398804518065,0.00573629926630554,0.49973961340475964,0,70,255.0,255.0,255.0
1110,55.5,39.3031,-0.1969,-47.0296,4.59093278709459,-0.013439958562558092,-2.205724316149549,-0.2237784152479989,0.007620250916460597,0.49724082730632446,0,70,255.0,255.0,255.0
1111,55.550000000000004,39.532363395365316,-0.1975630977600864,-47.13926552634788,4.579532608109556,-0.013096454752974978,-2.18091396925588,-0.23222874415330283,0.006119901466862792,0.49517304844033755,0,70,255.0,255.0,255.0
1112,55.6,39.761046218870206,-0.1982108957665055,-47.24769312007465,4.567709912679259,-0.012827968415871794,-2.156207011305514,-0.24067907305860553,0.004619552017265201,0.49310526957435097,0,70,255.0,255.0,255.0
1113,55.650000000000006,39.98912734469249,-0.19884714489288158,-47.35488795062749,4.555464700803696,-0.012634499551248462,-2.1316034422984447,-0.24912940196390945,0.0031192025676673963,0.49103749070836405,0,70,255.0,255.0,255.0
1114,55.7,40.21658564700983,-0.19947559601283837,-47.460855187453554,4.5427969724828685,-0.012516048159105038,-2.1071032622346775,-0.25757973086921215,0.0016188531180698056,0.4889697118423774,0,70,255.0,255.0,255.0
1115,55.75,40.4434,-0.2001,-47.5656,4.529706727716776,-0.01247261423944149,-2.082706471114209,-0.2660300597745433,0.00011850366847226956,0.4869019329764015,0,70,255.0,255.0,255.0
1116,55.800000000000004,40.66954789287064,-0.20072336697982476,-47.66912700868052,4.516110868298653,-0.012459752902311978,-2.058380126926327,-0.27780431695034297,0.00039594981670824795,0.48615183453880484,0,70,255.0,255.0,255.0
1117,55.85,40.89500127494889,-0.20134574408510766,-47.77143863777467,4.501926296021741,-0.012433019257770668,-2.034091287660328,-0.28957857412614096,0.0006733959649441869,0.4854017361012083,0,70,255.0,255.0,255.0
1118,55.900000000000006,41.119730710591845,-0.2019664377004783,-47.87253676252858,4.487153010886038,-0.012392413305817557,-2.0098399533162055,-0.30135283130194057,0.0009508421131801652,0.48465163766361163,0,70,255.0,255.0,255.0
1119,55.95,41.343706764156515,-0.20258475421056593,-47.97242325818832,4.471791012891547,-0.012337935046452652,-1.985626123893966,-0.31312708847773857,0.0012282882614161042,0.4839015392260151,0,70,255.0,255.0,255.0
1120,56.0,41.5669,-0.2032,-48.0711,4.455840302038266,-0.012269584479675952,-1.9614497993936066,-0.3249013456535508,0.0015057344096520986,0.4831514407884203,0,70,255.0,255.0,255.0
1121,56.050000000000004,41.7892810331522,-0.20381143432061485,-48.168569638930116,4.439303918695799,-0.012184533637777007,-1.9373575230387772,-0.3365539880450764,0.0018962992663053902,0.4805396134046704,0,70,255.0,255.0,255.0
1122,56.1,42.01082068133425,-0.20441812789306382,-48.2648379288267,4.422184903233758,-0.012079954553045414,-1.9133958380531388,-0.3482066304366004,0.0022868641229586264,0.47792778602092084,0,70,255.0,255.0,255.0
1123,56.150000000000006,42.231489812940254,-0.2050191043052055,-48.35991139925825,4.4044832556521385,-0.01195584722548114,-1.8895647444366845,-0.359859272828126,0.0026774289796119176,0.4753159586371709,0,70,255.0,255.0,255.0
1124,56.2,42.45125929636415,-0.20561338714489807,-48.45379657979319,4.386198975950945,-0.01181221165508422,-1.8658642421894212,-0.37151191521965,0.0030679938362651537,0.47270413125342137,0,70,255.0,255.0,255.0
1125,56.25,42.6701,-0.2062,-48.5465,4.367332064130175,-0.01164904784185464,-1.8422943313113453,-0.3831645576112024,0.003458558692918473,0.4700923038696807,0,70,255.0,255.0,255.0
1126,56.300000000000004,42.887983174520656,-0.20677809573771613,-48.638028035599085,4.347905456918162,-0.01147411254657992,-1.818845780918542,-0.39389973086925584,0.0035388531180697304,0.46784971184236906,0,70,255.0,255.0,255.0
1127,56.35,43.104881599714105,-0.20734734434263705,-48.72838644691855,4.32794209104325,-0.011295162530047663,-1.7955093601271077,-0.4046349041273078,0.0036191475432209765,0.4656071198150577,0,70,255.0,255.0,255.0
1128,56.400000000000006,43.32076843764727,-0.2079075450787,-48.81758084043849,4.30744196650543,-0.011112197792257817,-1.7722850689370357,-0.41537007738536125,0.003699441968372234,0.463364527787746,0,70,255.0,255.0,255.0
1129,56.45,43.53561685038694,-0.20845849720984186,-48.90561682263894,4.286405083304713,-0.010925218333210435,-1.7491729073483326,-0.4261052506434132,0.0037797363935234795,0.4611219357604347,0,70,255.0,255.0,255.0
1130,56.5,43.7494,-0.209,-48.9925,4.264831441441093,-0.010734224152905491,-1.7261728753609948,-0.43684042390145805,0.0038600308186748367,0.458879343733134,0,70,255.0,255.0,255.0
1131,56.550000000000004,43.96209106876529,-0.20953218272852084,-49.0782350186736,4.242722253631609,-0.01055901617590321,-1.7032273532870144,-0.4475270884778363,0.0031482882614158663,0.4589415392260072,0,70,255.0,255.0,255.0
1132,56.6,44.17366331980935,-0.21005649473638804,-49.16282268349912,4.220078732593309,-0.010419395326763895,-1.6802787214383934,-0.458213753054213,0.0024365457041569966,0.45900373471888045,0,70,255.0,255.0,255.0
1133,56.650000000000006,44.38409003647081,-0.21057471537999495,-49.246262838987874,4.196900878326186,-0.010315361605487511,-1.6573269798151256,-0.46890041763059126,0.0017248031468980263,0.4590659302117537,0,70,255.0,255.0,255.0
1134,56.7,44.593344502088165,-0.21108862401573453,-49.32855532965107,4.173188690830249,-0.010246915012074084,-1.6343721284172175,-0.47958708220696794,0.001013060589639157,0.4591281257046269,0,70,255.0,255.0,255.0
1135,56.75,44.8014,-0.2116,-49.4097,4.148942170105491,-0.010214055546523599,-1.6114141672446654,-0.4902737467833518,0.0003013180323803294,0.459190321197509,0,70,255.0,255.0,255.0
1136,56.800000000000004,45.0082293504183,-0.21210997334820084,-49.48969828970655,4.1241335285554115,-0.010177822749807452,-1.5885488059333908,-0.5020719152197667,0.0011479938362654347,0.4554241312533961,0,70,255.0,255.0,255.0
1137,56.85,45.21380352104852,-0.21261707671181088,-49.56855801908496,4.098734978583514,-0.01009925616289706,-1.565871754119325,-0.5138700836561799,0.0019946696401504198,0.4516579413092837,0,70,255.0,255.0,255.0
1138,56.900000000000006,45.41809301646962,-0.21311919340132063,-49.64628860361011,4.072746520189793,-0.0099783557857924,-1.5433830118024616,-0.5256682520925948,0.002841345444035525,0.4478917513651708,0,70,255.0,255.0,255.0
1139,56.95,45.621068341260475,-0.2136142067272202,-49.722899458756835,4.0461681533742535,-0.00981512161849351,-1.5210825789828073,-0.5374664205290081,0.0036880212479205097,0.4441255614210584,0,70,255.0,255.0,255.0
1140,57.0,45.8227,-0.2141,-49.7984,4.018999878136895,-0.009609553661000369,-1.4989704556603585,-0.5492645889654071,0.0045346970518055085,0.44035937147695314,0,70,255.0,255.0,255.0
1141,57.050000000000004,46.022958729561616,-0.21457512387867625,-49.87279822250023,3.9912556321466766,-0.009401692824867114,-1.4769614229794188,-0.5605052506432225,0.003779736393523977,0.4400019357605575,0,70,255.0,255.0,255.0
1142,57.1,46.2218161959966,-0.21504079841636864,-49.94609644016104,3.9629493530725717,-0.009231580021647959,-1.4549702620843021,-0.5717459123210364,0.003024775735242553,0.439644500044162,0,70,255.0,255.0,255.0
1143,57.150000000000006,46.41924429765082,-0.21549891101472296,-50.01829554657176,3.934081040914572,-0.009099215251342859,-1.432996972975002,-0.5829865739988519,0.002269815076961021,0.4392870643277664,0,70,255.0,255.0,255.0
1144,57.2,46.61521493287001,-0.21595134907538485,-50.089396435321646,3.904650695672686,-0.00900459851395185,-1.4110415556515248,-0.5942272356766657,0.001514854418679597,0.43892962861137086,0,70,255.0,255.0,255.0
1145,57.25,46.8097,-0.2164,-50.1594,3.8746583173469085,-0.008947729809474909,-1.3891040101138676,-0.6054678973544902,0.0007598937603982003,0.4385721928949735,0,70,255.0,255.0,255.0
1146,57.300000000000004,47.00267173133531,-0.21684633113709445,-50.22830802029258,3.8441239428578684,-0.008903405950723968,-1.3672375021488776,-0.6159070822070036,0.0010130605896392524,0.4360881257045475,0,70,255.0,255.0,255.0
1147,57.35,47.19410369496508,-0.2172901296227147,-50.29612582027087,3.8130676091262075,-0.008846423750510984,-1.3454951975434124,-0.6263462670595156,0.0012662274188802686,0.43360405851412187,0,70,255.0,255.0,255.0
1148,57.400000000000006,47.38396979292723,-0.21773076253978788,-50.36285961010291,3.781489316151916,-0.008776783208835938,-1.3238770962974649,-0.6367854519120291,0.0015193942481213207,0.4311199913236959,0,70,255.0,255.0,255.0
1149,57.45,47.57224392725957,-0.21816759697124063,-50.42851559995662,3.7493890639350034,-0.008694484325698852,-1.302383198411042,-0.647224636764541,0.0017725610773623368,0.4286359241332703,0,70,255.0,255.0,255.0
1150,57.5,47.7589,-0.2186,-50.4931,3.7167668524754656,-0.008599527101099715,-1.2810135038841401,-0.6576638216170387,0.0020257279066033806,0.4261518569428464,0,70,255.0,255.0,255.0
1151,57.550000000000004,47.94391114509722,-0.2190275515729462,-50.5566184963295,3.683576596421811,-0.008504683372236633,-1.2597365684250428,-0.6699464205290272,0.0017680212479196048,0.4249255614209697,0,70,255.0,255.0,255.0
1152,57.6,48.127247424143086,-0.2194506830927726,-50.61907467875544,3.649772210422562,-0.00842272497630775,-1.2385209477420425,-0.682229019441014,0.0015103145892358654,0.4236992658990932,0,70,255.0,255.0,255.0
1153,57.650000000000006,48.30887813064039,-0.2198700388261259,-50.68047161301664,3.6153536944777085,-0.008353651913313045,-1.217366641835133,-0.6945116183530026,0.0012526079305520896,0.42247297037721643,0,70,255.0,255.0,255.0
1154,57.7,48.48877255809177,-0.2202862630396528,-50.74081236485189,3.580321048587261,-0.008297464183252537,-1.1962736507043203,-0.7067942172649893,0.0009949012718683502,0.4212466748553399,0,70,255.0,255.0,255.0
1155,57.75,48.6669,-0.2207,-50.8001,3.5446742727512137,-0.008254161786126217,-1.1752419743496014,-0.7190768161769618,0.0007371946131845691,0.4200203793334669,0,70,255.0,255.0,255.0
1156,57.800000000000004,48.8432308882759,-0.22111146257112094,-50.85833799438945,3.508481671454871,-0.008197860560329607,-1.1542962241509758,-0.7286272356766291,0.0015148544186797033,0.4178096286114874,0,70,255.0,255.0,255.0
1157,57.85,49.01774020846258,-0.22151913800619505,-50.91553146470737,3.4718115491835495,-0.008102676344258252,-1.1334610114884522,-0.738177655176295,0.0022925142241747272,0.41559887788950817,0,70,255.0,255.0,255.0
1158,57.900000000000006,49.190404084511336,-0.22192108215570885,-50.97168593783057,3.4346639059372404,-0.007968609137912124,-1.1127363363620244,-0.7477280746759621,0.003070174029669861,0.41338812716752865,0,70,255.0,255.0,255.0
1159,57.95,49.36119864037338,-0.2223153508701484,-51.026806940635836,3.397038741715953,-0.007795658941291265,-1.0921221987716985,-0.7572784941756281,0.003847833835164885,0.41117737644554947,0,70,255.0,255.0,255.0
1160,58.0,49.5301,-0.2227,-51.0809,3.3589360565196817,-0.007583825754395659,-1.0716185987174718,-0.766828913675301,0.0046254936406598945,0.4089666257235667,0,70,255.0,255.0,255.0
1161,58.050000000000004,49.697082901799284,-0.22307379814257036,-51.13397032611272,3.3202727177586815,-0.007375874386445066,-1.0512065349710495,-0.7797046367645738,0.0036925610773631194,0.40751592413325094,0,70,255.0,255.0,255.0
1162,58.1,49.86211654200663,-0.22343836488244728,-51.1860218624151,3.280965592843223,-0.007214569646659336,-1.030867006304146,-0.7925803598538448,0.002759628514066477,0.4060652225429354,0,70,255.0,255.0,255.0
1163,58.150000000000006,50.025168731314366,-0.22379603255103905,-51.237058235661124,3.241014681773296,-0.007099911535038421,-1.0106000127167556,-0.8054560829431175,0.0018266959507697018,0.4046145209526197,0,70,255.0,255.0,255.0
1164,58.2,50.18620728041472,-0.22414913347975388,-51.287083072604766,3.2004199845489105,-0.007031900051582356,-0.9904055542088835,-0.8183318060323884,0.000893763387473059,0.4031638193623041,0,70,255.0,255.0,255.0
1165,58.25,50.3452,-0.2245,-51.3361,3.1591815011700617,-0.0070105351962911205,-0.9702836307805274,-0.8312075291216807,-3.91691758235696e-05,0.4017131177719886,0,70,255.0,255.0,255.0
1166,58.300000000000004,50.50211590452705,-0.22485014485859783,-51.3841127011597,3.117371457510392,-0.00698664189389001,-0.9502376359648429,-0.8411942172649505,0.0009949012718679033,0.400126674855323,0,70,255.0,255.0,255.0
1167,58.35,50.656928823510924,-0.22519780246401594,-51.43112508563225,3.0750620794435655,-0.006911045069104336,-0.9302709632949945,-0.8511809054082188,0.0020289717195592295,0.3985402319386576,0,70,255.0,255.0,255.0
1168,58.400000000000006,50.80961379023129,-0.2255403876401352,-51.477141119524966,3.0322533669695693,-0.006783744721934077,-0.9103836127709766,-0.8611675935514885,0.003063042167250702,0.39695378902199197,0,70,255.0,255.0,255.0
1169,58.45,50.96014583796776,-0.22587531521083629,-51.52216476894512,2.9889453200884155,-0.006604740852379269,-0.8905755843927947,-0.871154281694757,0.004097112614942029,0.3953673461053266,0,70,255.0,255.0,255.0
1170,58.5,51.1085,-0.2262,-51.5662,2.945137938800098,-0.0063740334604398974,-0.8708468781604463,-0.881140969838043,0.005131183062633368,0.3937809031886621,0,70,255.0,255.0,255.0
1171,58.550000000000004,51.25465108009257,-0.22651282242303855,-51.609251669248515,2.9008174521997496,-0.006149558037994926,-0.8512509211695863,-0.891678494175728,0.00384783383516472,0.3900573764456661,0,70,255.0,255.0,255.0
1172,58.6,51.3985729639497,-0.22681602526148908,-51.65132819505592,2.855970089382524,-0.00598925007692341,-0.8318411405158791,-0.9022160185134115,0.002564484607696254,0.3863338497026707,0,70,255.0,255.0,255.0
1173,58.650000000000006,51.54023930776055,-0.22711281688842042,-51.69243888623906,2.8105958503484074,-0.005893109577225306,-0.8126175361993188,-0.9127535428510964,0.001281135380227606,0.3826103229596748,0,70,255.0,255.0,255.0
1174,58.7,51.67962376771426,-0.22740640567690118,-51.7325930516148,2.764694735097413,-0.00586113653890064,-0.793580108219911,-0.92329106718878,-2.2138472408599758e-06,0.37888679621667937,0,70,255.0,255.0,255.0
1175,58.75,51.8167,-0.2277,-51.7718,2.718266743629535,-0.005893330961949393,-0.774728856577653,-0.9338285915264741,-0.0012855630747093186,0.3751632694736857,0,70,255.0,255.0,255.0
1176,58.800000000000004,51.9514453751027,-0.2279961654492483,-51.810071021846255,2.671534733690561,-0.005951125954130284,-0.7561826793567547,-0.9354518060323309,-0.0010262366125261117,0.3666838193621844,0,70,255.0,255.0,255.0
1177,58.85,52.0838521206903,-0.2282948964900279,-51.8474253341441,2.6247215630263008,-0.005995954623202007,-0.738060474641434,-0.9370750205381875,-0.0007669101503429416,0.3582043692506843,0,70,255.0,255.0,255.0
1178,58.900000000000006,52.21391617872658,-0.22859554480618338,-51.88388413551883,2.577827231636741,-0.006027816969164577,-0.7203622424316858,-0.9386982350440443,-0.0005075836881597347,0.34972491913918297,0,70,255.0,255.0,255.0
1179,58.95,52.34163349117522,-0.22889746208155923,-51.919468624595694,2.530851739521895,-0.0060467129920179835,-0.7030879827275152,-0.9403214495499008,-0.0002482572259765647,0.3412454690276828,0,70,255.0,255.0,255.0
1180,59.0,52.467,-0.2292,-51.9542,2.483795086681756,-0.006052642691762231,-0.6862376955289194,-0.9419446640557574,1.106923620664002e-05,0.3327660189161774,0,70,255.0,255.0,255.0
1181,59.050000000000004,52.590008219496674,-0.22950251577996839,-51.988095443366475,2.4364516130379905,-0.006045938145483531,-0.6695703614033803,-0.9517942816947128,0.0002571126149413615,0.33392734610533087,0,70,255.0,255.0,255.0
1182,59.1,52.7106369532891,-0.2298043887783994,-52.02115606836768,2.3886156585122835,-0.0060269314302680965,-0.652844960918386,-0.9616438993336668,0.000503155993676048,0.3350886732944842,0,70,255.0,255.0,255.0
1183,59.150000000000006,52.828861577333214,-0.23010500388684627,-52.05337897168566,2.3402872231046223,-0.005995622546115923,-0.6360614940739314,-0.9714935169726222,0.0007491993724107695,0.3362500004836377,0,70,255.0,255.0,255.0
1184,59.2,52.944657467584875,-0.23040374599686206,-52.08476125000242,2.29146630681502,-0.0059520114930270195,-0.6192199608700216,-0.9813431346115762,0.000995242751145456,0.33741132767279103,0,70,255.0,255.0,255.0
1185,59.25,53.058,-0.2307,-52.1153,2.2421529096434707,-0.0058960982710013835,-0.6023203613066543,-0.9911927522505337,0.0012412861298801287,0.33857265486194166,0,70,255.0,255.0,255.0
1186,59.300000000000004,53.168864946910645,-0.2309929714308782,-52.144993604687855,2.192370814157481,-0.0058171214639354115,-0.5854398750296883,-1.0000910671888796,0.0019177861527585128,0.3366467962166427,0,70,255.0,255.0,255.0
1187,59.35,53.2772296661533,-0.23128114839637448,-52.17384559238517,2.1421438029245814,-0.005704319655725534,-0.5686556816849896,-1.0089893821272244,0.0025942861756368006,0.33472093757134397,0,70,255.0,255.0,255.0
1188,59.400000000000006,53.38307191194066,-0.23156283964643168,-52.20186077773856,2.091471875944757,-0.005557692846371722,-0.5519677812725534,-1.0178876970655704,0.0032707861985151847,0.332795078926045,0,70,255.0,255.0,255.0
1189,59.45,53.48636943848533,-0.23183635393099258,-52.22904397539464,2.040355033218023,-0.005377241035874016,-0.5353761737923846,-1.026786012003915,0.0039472862213934725,0.3308692202807463,0,70,255.0,255.0,255.0
1190,59.5,53.5871,-0.2321,-52.2554,1.9887932747443713,-0.005162964224232397,-0.5188808592444807,-1.0356843269422722,0.004623786244271774,0.32894336163544935,0,70,255.0,255.0,255.0
1191,59.550000000000004,53.68524159286079,-0.2323527984965189,-52.2809333378821,1.9368011303320616,-0.004957575998774985,-0.5024621384778986,-1.044001449549936,0.0035917427740240018,0.3278054690277819,0,70,255.0,255.0,255.0
1192,59.6,53.780773182097704,-0.2325966176361027,-52.305647162091624,1.8843931297893761,-0.004803789946829985,-0.486100312341702,-1.0523185721575983,0.002559699303776376,0.32666757642011457,0,70,255.0,255.0,255.0
1193,59.650000000000006,53.87367397490423,-0.2328340375274271,-52.32954431736012,1.8315692731163002,-0.004701606068397351,-0.4697953808358866,-1.060635694765262,0.0015276558335286035,0.3255296838124471,0,70,255.0,255.0,255.0
1194,59.7,53.96392317847383,-0.23306763827916765,-52.35262764841906,1.7783295603128486,-0.004651024363477115,-0.4535473439604569,-1.0689528173729246,0.0004956123632809777,0.3243917912047798,0,70,255.0,255.0,255.0
1195,59.75,54.0515,-0.2333,-52.3749,1.7246739913790141,-0.0046520448320692565,-0.4373562017154104,-1.0772699399805923,-0.0005364311069666339,0.32325389859711384,0,70,255.0,255.0,255.0
1196,59.800000000000004,54.13638388164622,-0.2335326345830463,-52.396364243783744,1.670616664514208,-0.004640574540964768,-0.421223571058664,-1.0850231346114712,0.0009952427511461027,0.3220513276726885,0,70,255.0,255.0,255.0
1197,59.85,54.21855520545589,-0.23376278105921475,-52.4170233592483,1.6161716779178656,-0.004552520556954656,-0.40515106894814107,-1.0927763292423487,0.0025269166092586216,0.32084875674826335,0,70,255.0,255.0,255.0
1198,59.900000000000006,54.29799458844248,-0.23398661024386003,-52.43688035282099,1.5613390315899716,-0.0043878828800388925,-0.3891386953838372,-1.1005295238732276,0.004058590467371359,0.3196461858238381,0,70,255.0,255.0,255.0
1199,59.95,54.37468264761937,-0.23420029295233685,-52.45593823092912,1.5061187255305413,-0.004146661510217525,-0.3731864503657568,-1.108282718504105,0.005590264325483877,0.3184436148994129,0,70,255.0,255.0,255.0
1200,60.0,54.4486,-0.2344,-52.4742,1.4505107597395672,-0.0038288564474905367,-0.35729433389389775,-1.11603591313499,0.0071219381835964,0.31724104397498554,0,70,255.0,255.0,255.0
1201,60.050000000000004,54.51972608055437,-0.23458306317129596,-52.49166808698294,1.3944442116110887,-0.0035041258373657708,-0.341427577287504,-1.1266260120039635,0.005867286221393122,0.31742922028070936,0,70,255.0,255.0,255.0
1202,60.1,54.58803559607872,-0.23475145812703843,-52.50834260091517,1.3378481585391695,-0.003242127825351207,-0.32555141186582637,-1.1372161108729355,0.004612634259190023,0.3176173965864331,0,70,255.0,255.0,255.0
1203,60.150000000000006,54.653502071325896,-0.23490832149713292,-52.524223071355934,1.2807226005237935,-0.003042862411446771,-0.30966583762886024,-1.1478062097419088,0.003357982296986744,0.31780557289215694,0,70,255.0,255.0,255.0
1204,60.2,54.716099031048714,-0.23505678991148493,-52.53930902786447,1.2230675375649769,-0.002906329595652519,-0.29377085457661023,-1.1583963086108808,0.002103330334783645,0.3179937491978807,0,70,255.0,255.0,255.0
1205,60.25,54.7758,-0.2352,-52.5536,1.1648829696627117,-0.002832529377968419,-0.27786646270907406,-1.1689864074798617,0.0008486783725805344,0.3181819255036027,0,70,255.0,255.0,255.0
1206,60.300000000000004,54.832581396136334,-0.2353399127317699,-52.56709780828454,1.1063424890413862,-0.0027509221095718883,-0.26209011979135566,-1.1726328173729577,0.0024156123632804284,0.3128717912050799,0,70,255.0,255.0,255.0
1207,60.35,54.886431210229226,-0.23547378643263162,-52.57981343709106,1.0476196879254143,-0.002590968141640384,-0.24657928358856557,-1.1762792272660532,0.0039825463539801004,0.3075616569065579,0,70,255.0,255.0,255.0
1208,60.400000000000006,54.93734032625397,-0.23559770376760836,-52.5917601617553,0.9887145663147792,-0.0023526674741738613,-0.23133395410069946,-1.179925637159149,0.0055494803446799945,0.3022515226080351,0,70,255.0,255.0,255.0
1209,60.45,54.9852996281858,-0.23570774740172343,-52.602951257613036,0.9296271242094977,-0.0020360201071723876,-0.2163541313277616,-1.1835720470522444,0.007116414335379666,0.2969413883095131,0,70,255.0,255.0,255.0
1210,60.5,55.0303,-0.2358,-52.6134,0.8703573616095613,-0.0016410260406359352,-0.20163981526974983,-1.1872184569453443,0.008683348326079336,0.2916312540109911,0,70,255.0,255.0,255.0
1211,60.550000000000004,55.07232353490031,-0.23587168590162447,-52.62311187987894,0.8103778322233226,-0.0012361857243468038,-0.1867239435469962,-1.211962718504004,0.0075102643254845464,0.3050036148991036,0,70,255.0,255.0,255.0
1212,60.6,55.111317163004365,-0.23592459614243522,-52.632061250720625,0.7491610897591594,-0.0008899996080874616,-0.17113945377983913,-1.23670698006266,0.0063371803248899235,0.31837597578721416,0,70,255.0,255.0,255.0
1213,60.650000000000006,55.14721902365827,-0.2359616634324337,-52.640214681622844,0.6867071342170546,-0.0006024676918578106,-0.15488634596827422,-1.2614512416213197,0.005164096324295134,0.3317483366753266,0,70,255.0,255.0,255.0
1214,60.7,55.1799672562081,-0.23598582048162145,-52.64753874168338,0.6230159655970259,-0.00037358997565793255,-0.1379646201123061,-1.2861955031799757,0.003991012323700511,0.3451206975634372,0,70,255.0,255.0,255.0
1215,60.75,55.2095,-0.236,-52.654,0.5580875838990643,-0.0002033664594877821,-0.12037427621193247,-1.3109397647386372,0.002817928323105891,0.3584930584515482,0,70,255.0,255.0,255.0
1216,60.800000000000004,55.23577486426242,-0.2360069436617323,-52.65955547219973,0.49309018206531813,-8.03349930405331e-05,-0.10154210602069273,-1.2889563086109892,0.0021033303347836496,0.39479374919797683,0,70,255.0,255.0,255.0
1217,60.85,55.25882733775331,-0.23600862899762765,-52.66412396002646,0.4291919530379634,6.966573990590952e-06,-0.08089490129213449,-1.2669728524833443,0.00138873234646151,0.43109443994440033,0,70,255.0,255.0,255.0
1218,60.900000000000006,55.27871237911299,-0.23600684250265686,-52.667614711753316,0.366392896816982,5.8538241605614815e-05,-0.05843266202625184,-1.2449893963556966,0.0006741343581392685,0.46739513069082894,0,70,255.0,255.0,255.0
1219,60.95,55.29548494698178,-0.2360033706717907,-52.66993697565346,0.3046930134023918,7.438000980452387e-05,-0.034155388223051183,-1.2230059402280518,-4.046363018287086e-05,0.5036958214372524,0,70,255.0,255.0,255.0
1220,61.0,55.3092,-0.236,-52.671,0.24409230279418379,5.449187858732785e-05,-0.008063079882529476,-1.201022484100409,-0.0007550616185050113,0.5399965121836758,0,70,255.0,255.0,255.0
1221,61.050000000000004,55.31993380805002,-0.2359981394514463,-52.670738231322176,0.18586943951536447,2.1525696509170707e-05,0.018332367629803347,-1.127892047052165,-0.0005635856646211618,0.5158213883095469,0,70,255.0,255.0,255.0
1222,61.1,55.32784788598241,-0.2359976878670542,-52.66918690917358,0.13130309808896518,-1.866687874790503e-06,0.04351905894842613,-1.0547616100039316,-0.00037210971073733967,0.4916462644354214,0,70,255.0,255.0,255.0
1223,61.150000000000006,55.33312505988979,-0.23599816655693887,-52.6664064713639,0.08039327851497033,-1.5685274564562434e-05,0.067496994073346,-0.9816311729556878,-0.00018063375685349028,0.4674711405612925,0,70,255.0,255.0,255.0
1224,61.2,55.33594815586478,-0.23599909683121573,-52.66245735570281,0.033139980793394475,-1.993006356014114e-05,0.09026617300455621,-0.9085007359074544,1.0842197030331993e-05,0.443296016687167,0,70,255.0,255.0,255.0
1225,61.25,55.3365,-0.236,-52.6574,-0.010456795075769939,-1.4601054861529283e-05,0.11182659574206019,-0.8353702988592211,0.00020231815091415422,0.41912089281304143,0,70,255.0,255.0,255.0
1226,61.300000000000004,55.3349579035375,-0.2360004985324824,-52.65128760251157,-0.05072794012675565,-5.767792996149727e-06,0.1326126355014717,-0.77547550318007,0.00015101232370099787,0.4123206975633476,0,70,255.0,255.0,255.0
1227,61.35,55.33147711831706,-0.2360006195341556,-52.644144403279235,-0.08800434539377845,5.001775085710815e-07,0.15305866549839559,-0.7155807075009273,9.970649648784881e-05,0.4055205023136547,0,70,255.0,255.0,255.0
1228,61.400000000000006,55.326207381327855,-0.23600049126958758,-52.6359874027911,-0.12228601087684897,4.2028566526349316e-06,0.17316468573283766,-0.6556859118217762,4.8400669274692454e-05,0.3987203070639609,0,70,255.0,255.0,255.0
1229,61.45,55.319298429559105,-0.23600024200334635,-52.62683360153532,-0.1535729365759574,5.3402444360407575e-06,0.19293069620479228,-0.5957911161426335,-2.9051579384565976e-06,0.391920111814268,0,70,255.0,255.0,255.0
1230,61.5,55.3109,-0.236,-52.6167,-0.18186512249110892,3.9123408587892894e-06,0.21235669691426226,-0.5358963204634914,-5.421098515160563e-05,0.385119916564576,0,70,255.0,255.0,255.0
1231,61.550000000000004,55.30116497779996,-0.2359998664186239,-52.60560655863156,-0.20697367900839747,1.545475475428205e-06,0.2312650903643121,-0.4684459402279652,-4.046363018282967e-05,0.37121582143735354,0,70,255.0,255.0,255.0
1232,61.6,55.29025884074936,-0.2359998339963233,-52.593585077709506,-0.2287097165139066,-1.3402215949383262e-07,0.24947827905799824,-0.4009955599924485,-2.671627521405566e-05,0.3573117263101331,0,70,255.0,255.0,255.0
1233,61.650000000000006,55.27835021479876,-0.23599986836471074,-52.58067031747169,-0.24707323500764242,-1.1261520459773019e-06,0.26699626299532586,-0.33354517975692227,-1.29689202452797e-05,0.3434076311829106,0,70,255.0,255.0,255.0
1234,61.7,55.26560772589878,-0.23599993515539877,-52.56689703815592,-0.26206423448959976,-1.4309141840219186e-06,0.2838190421762899,-0.26609479952140563,7.784347234943088e-07,0.32950353605569016,0,70,255.0,255.0,255.0
1235,61.75,55.2522,-0.236,-52.5523,-0.27368271495978147,-1.0483085736278753e-06,0.299946616600893,-0.19864441928589027,1.4525789692268314e-05,0.3155994409284699,0,70,255.0,255.0,255.0
1236,61.800000000000004,55.23828698526264,-0.23600003579302184,-52.53691176296223,-0.28244934383961556,-4.141089055630931e-07,0.31551100304128465,-0.15202073590744453,1.0842197030320813e-05,0.306976016687144,0,70,255.0,255.0,255.0
1237,61.85,55.22399391868552,-0.2360000444805511,-52.52075608588274,-0.28888478855052646,3.591112940424756e-08,0.33064421826960794,-0.10539705252900539,7.158604368373836e-06,0.2983525924458194,0,70,255.0,255.0,255.0
1238,61.900000000000006,55.20943735947707,-0.23600003527156946,-52.50385452732214,-0.29298904909251594,3.017515312742745e-07,0.345346262285867,-0.05877336915055961,3.475011706426335e-06,0.2897291682044935,0,70,255.0,255.0,255.0
1239,61.95,55.19473386684575,-0.23600001737505852,-52.486228645841024,-0.29476212546558284,3.83412300046912e-07,0.3596171350900577,-0.0121496857721205,-2.0858095552064283e-07,0.2811057439631689,0,70,255.0,255.0,255.0
1240,62.0,55.18,-0.236,-52.4679,-0.294204017669728,2.808934357222113e-07,0.3734568366821822,0.034473997606318196,-3.892173617467621e-06,0.272482319721842,0,70,255.0,255.0,255.0
1241,62.050000000000004,55.16530788114946,-0.2359999904092887,-52.44888638951953,-0.29398094563314026,1.1096014682416683e-07,0.3870908974705862,-0.02555111614281126,-2.905157938453578e-06,0.2728801118142727,0,70,255.0,255.0,255.0
1242,62.1,55.15055188450856,-0.23599998808147224,-52.42919057875953,-0.2967591292840087,-9.622358123157631e-09,0.40074484786360987,-0.08557622989193218,-1.9181422594396757e-06,0.2732779039067033,0,70,255.0,255.0,255.0
1243,62.150000000000006,55.135581947292934,-0.23599999054901144,-52.40881157323976,-0.3025385686223341,-8.085407911979649e-08,0.414418687861257,-0.14560134364106164,-9.311265804256334e-07,0.273675695999134,0,70,255.0,255.0,255.0
1244,62.2,55.12024800671821,-0.2359999953443671,-52.38774837848,-0.31131926364811463,-1.0273501616572931e-07,0.4281124174635237,-0.20562645739018257,5.588909858826927e-08,0.2740734880915646,0,70,255.0,255.0,255.0
1245,62.25,55.1044,-0.236,-52.366,-0.32310121436135114,-7.526516926096997e-08,0.44182603667041187,-0.2656515711393017,1.0429047776021702e-06,0.27447128018399347,0,70,255.0,255.0,255.0
1246,62.300000000000004,55.08792069013951,-0.23600000256982331,-52.34356747895964,-0.33591487362786426,-2.9731681733574302e-08,0.45543740707640346,-0.2468947995211795,7.784347234935014e-07,0.26998353605562464,0,70,255.0,255.0,255.0
1247,62.35,55.07082414328023,-0.23600000319355988,-52.320459999079134,-0.34779069431346954,2.5783030883831456e-09,0.4688243902759747,-0.2281380279030599,5.139646693848701e-07,0.26549579192725636,0,70,255.0,255.0,255.0
1248,62.400000000000006,55.05315725135118,-0.23600000253238473,-52.29668877971881,-0.35872867641817047,2.1664785204911554e-08,0.4819869862691295,-0.20938125628493767,2.494946152762012e-07,0.26100804779888753,0,70,255.0,255.0,255.0
1249,62.45,55.03496690628142,-0.23600000124747306,-52.27226504023899,-0.36872881994196377,2.7527764616005516e-08,0.4949251950558639,-0.19062448466681808,-1.4975438832430007e-08,0.2565203036705193,0,70,255.0,255.0,255.0
1250,62.5,55.0163,-0.236,-52.2472,-0.3777911248848511,2.0167241321668665e-08,0.5076390166361799,-0.17186771304869808,-2.7944549294106116e-07,0.2520325595421493,0,70,255.0,255.0,255.0
1251,62.550000000000004,54.997194958292475,-0.2359999993114179,-52.22150449464192,-0.38642355985537324,7.966580110130396e-09,0.5201514742238141,-0.17342968577215756,-2.08580955520428e-07,0.24846574396317542,0,70,255.0,255.0,255.0
1252,62.6,54.97765634237053,-0.2359999991442882,-52.19518782492393,-0.3951340934620671,-6.908542303749357e-10,0.5324855910324978,-0.17499165849561682,-1.3771641809980493e-07,0.24489892838420202,0,70,255.0,255.0,255.0
1253,62.650000000000006,54.957680247302335,-0.23599999932144955,-52.16825890788499,-0.40392272570493515,-5.80506169984979e-09,0.5446413670622346,-0.1765536312190763,-6.685188067917178e-08,0.2413321128052281,0,70,255.0,255.0,255.0
1254,62.7,54.937262768156096,-0.2359999996657406,-52.14072666056402,-0.412789456583975,-7.376042298292707e-09,0.5566188023130211,-0.17811560394253556,4.01265674145129e-09,0.2377652972262547,0,70,255.0,255.0,255.0
1255,62.75,54.9164,-0.236,-52.1126,-0.4217342860991878,-5.403796025704683e-09,0.5684178967848587,-0.17967757666599438,7.487719416207439e-08,0.2341984816472822,0,70,255.0,255.0,255.0
1256,62.800000000000004,54.89509067669057,-0.236000000184505,-52.083888142472674,-0.43059888695059806,-2.1346387069472794e-09,0.5800206960283317,-0.1749064573903857,5.588909858821061e-08,0.22991348809159948,0,70,255.0,255.0,255.0
1257,62.85,54.87334408723767,-0.23600000022928727,-52.05460150122513,-0.43922493183822664,1.851138331165931e-10,0.591409245594019,-0.1701353381147777,3.6901003014349544e-08,0.22562849453591738,0,70,255.0,255.0,255.0
1258,62.900000000000006,54.85117215943948,-0.23600000018181705,-52.024750788741244,-0.447612420762076,1.555461594487592e-09,0.6025835454819237,-0.16536421883916902,1.791290744048577e-08,0.22134350098023464,0,70,255.0,255.0,255.0
1259,62.95,54.82858682109419,-0.2360000000895645,-51.994346717504904,-0.4557613537221438,1.9764045771653307e-09,0.6135435956920428,-0.16059309956356102,-1.0751881333752985e-09,0.21705850742455254,0,70,255.0,255.0,255.0
1260,63.0,54.8056,-0.236,-51.9634,-0.46367173071843115,1.4479427811500683e-09,0.6242893962243778,-0.1558219802879499,-2.006328370723637e-08,0.21277351386887133,0,70,255.0,255.0,255.0
1261,63.050000000000004,54.78222233494523,-0.235999999950562,-51.931920535467356,-0.471420892342298,5.719747176587235e-10,0.6348697416628627,-0.15414448466669806,-1.4975438832414443e-08,0.21044030367048927,0,70,255.0,255.0,255.0
1262,63.1,54.75845930867879,-0.23599999993856263,-51.89991497017555,-0.4790861791851012,-4.960110209143338e-11,0.6453334265914271,-0.15246698904544645,-9.887593957593238e-09,0.20810709347210754,0,70,255.0,255.0,255.0
1263,63.150000000000006,54.73431511493973,-0.2359999999512823,-51.86738913715004,-0.48666759124684283,-4.167846781005783e-10,0.6556804510100738,-0.15078949342419462,-4.799749082771311e-09,0.20577388327372548,0,70,255.0,255.0,255.0
1264,63.2,54.70979394746712,-0.23599999997600127,-51.83434886941637,-0.49416512852752087,-5.295760103686074e-10,0.6659108149187999,-0.149111997802943,2.880957920498941e-10,0.20344067307534375,0,70,255.0,255.0,255.0
1265,63.25,54.6849,-0.236,-51.8008,-0.5015787910271363,-3.8797509889559045e-10,0.676024518317607,-0.14743450218168697,5.375940666871098e-09,0.20110746287696202,0,70,255.0,255.0,255.0
1266,63.300000000000004,54.65963838352852,-0.23600000001324686,-51.76674971565788,-0.5088535436802377,-1.5326016368761407e-10,0.6859403373201908,-0.14355560394234176,4.0126567414471575e-09,0.1955252972263525,0,70,255.0,255.0,255.0
1267,63.35,54.634017878047175,-0.2360000000164621,-51.73221061807269,-0.5159343514213708,1.3290575249140612e-11,0.6955770480402426,-0.13967670570299712,2.64937281602341e-09,0.1899431315757438,0,70,255.0,255.0,255.0
1268,63.400000000000006,54.608048180801575,-0.23600000001305385,-51.697196662658556,-0.5228212142505376,1.1167711791472096e-10,0.7049346504777654,-0.13579780746365194,1.2860888905994696e-09,0.1843609659251343,0,70,255.0,255.0,255.0
1269,63.45,54.581738989037326,-0.2360000000064304,-51.661721804829625,-0.5295141321677361,1.4189946430909904e-10,0.7140131446327563,-0.1319189092243073,-7.71950348242779e-11,0.17877880027452558,0,70,255.0,255.0,255.0
1270,63.5,54.5551,-0.236,-51.6258,-0.5360131051729675,1.0395761443229371e-10,0.722812530505217,-0.12804001098496265,-1.4404789602480242e-09,0.17319663462391244,0,70,255.0,255.0,255.0
1271,63.550000000000004,54.528140130940706,-0.2359999999964505,-51.58944380190112,-0.5423649329366865,4.106593709173304e-11,0.7314169090564285,-0.12603309956377748,-1.0751881333741884e-09,0.17097850742452214,0,70,255.0,255.0,255.0
1272,63.6,54.500865179132525,-0.235999999995589,-51.55266015753369,-0.5486164151293454,-3.561198905129246e-12,0.7399103812476694,-0.12402618814259257,-7.098973065004044e-10,0.16876038022513218,0,70,255.0,255.0,255.0
1273,63.650000000000006,54.473280161853964,-0.23599999999650223,-51.51545461221569,-0.5547675517509459,-2.992379355830582e-11,0.7482929470789421,-0.12201927672140739,-3.4460647962656864e-10,0.16654225302574188,0,70,255.0,255.0,255.0
1274,63.7,54.44539009638361,-0.23599999999827692,-51.47783271126513,-0.5608183428014863,-3.802184686778919e-11,0.7565646065502439,-0.1200123653002225,2.068434724721542e-11,0.16432412582635192,0,70,255.0,255.0,255.0
1275,63.75,54.4172,-0.236,-51.4398,-0.5667687882809677,-2.7855358833584396e-11,0.7647253596615762,-0.11800545387904204,3.8597517412099927e-10,0.16210599862695396,0,70,255.0,255.0,255.0
1276,63.800000000000004,54.388715492708634,-0.23600000000095106,-51.40136307673761,-0.5725827245730198,-1.1003584679318067e-11,0.7727120264541301,-0.11455199780302283,2.880957920495964e-10,0.15736067307517623,0,70,255.0,255.0,255.0
1277,63.85,54.35994460542276,-0.23600000000118193,-51.36253275179254,-0.5782239880612702,9.54220371376351e-13,0.780461426969094,-0.11109854172700409,1.9021640997820754e-10,0.1526153475233992,0,70,255.0,255.0,255.0
1278,63.900000000000006,54.33089597178257,-0.2360000000009372,-51.323320888478655,-0.5836925787457203,8.018056318502264e-12,0.7879735612064702,-0.10764508565098488,9.233702790680474e-11,0.1478700219716215,0,70,255.0,255.0,255.0
1279,63.95,54.30157822542826,-0.23600000000046167,-51.283739350109855,-0.5889884966263688,1.0187923162057648e-11,0.7952484291662565,-0.10419162957496615,-5.542354164584194e-12,0.14312469641984443,0,70,255.0,255.0,255.0
1280,64.0,54.272,-0.236,-51.2438,-0.5941117417032163,7.463820902043885e-12,0.8022860308484537,-0.10073817349894387,-1.0342173623597299e-10,0.13837937086806473,0,70,255.0,255.0,255.0
1281,64.05,54.24216909822474,-0.23599999999974514,-51.203513491148406,-0.599112168771294,2.948401625539784e-12,0.8091589851270206,-0.09927890922417672,-7.719503482420133e-11,0.13653880027462428,0,70,255.0,255.0,255.0
1282,64.10000000000001,54.21208999917642,-0.2359999999996833,-51.162885635296114,-0.6040396326256348,-2.556825803765341e-13,0.8159399108759173,-0.09781964494940915,-5.096833341242223e-11,0.1346982296811833,0,70,255.0,255.0,255.0
1283,64.15,54.181766351015746,-0.23599999999974886,-51.12192103386964,-0.6088941332662359,-2.1484317157032466e-12,0.82262880809514,-0.096360380674642,-2.4741632000650573e-11,0.13285765908774283,0,70,255.0,255.0,255.0
1284,64.2,54.15120180190337,-0.23599999999987628,-51.08062428829544,-0.6136756706930985,-2.72984578044145e-12,0.8292256767846908,-0.09490111639987485,1.4850694111210717e-12,0.13101708849430238,0,70,255.0,255.0,255.0
1285,64.25,54.1204,-0.236,-51.039,-0.6183842449062227,-1.9999247745911476e-12,0.8357305169445695,-0.09344185212510148,2.771177082289272e-11,0.12917651790085927,0,70,255.0,255.0,255.0
1286,64.3,54.08936491439238,-0.23600000000006827,-50.99705415866876,-0.6230006003418521,-7.900218228390234e-13,0.8420600330377499,-0.09121236530008629,2.0684347247194995e-11,0.12400412582637438,0,70,255.0,255.0,255.0
1287,64.35000000000001,54.05810179787149,-0.23600000000008484,-50.95479830702295,-0.627505481436232,6.850995012842862e-14,0.8481309295272079,-0.08898287847507047,1.3656923671495275e-11,0.118831733751888,0,70,255.0,255.0,255.0
1288,64.4,54.02661622415443,-0.23600000000006727,-50.91224537604277,-0.63189888818936,5.7567054431072e-13,0.8539432064129399,-0.08675339165005529,6.6295000957975505e-12,0.11365934167740312,0,70,255.0,255.0,255.0
1289,64.45,53.99491376695825,-0.23600000000003316,-50.869408296708386,-0.6361808206012372,7.314599597081457e-13,0.8594968636949475,-0.08452390482504009,-3.979234799001735e-13,0.10848694960291821,0,70,255.0,255.0,255.0
1290,64.5,53.963,-0.236,-50.8263,-0.6403512786718635,5.358781963207053e-13,0.864791901373231,-0.08229441800002313,-7.425347055597894e-12,0.10331455752843688,0,70,255.0,255.0,255.0
1291,64.55,53.93088084420575,-0.2359999999999817,-50.78293227417656,-0.644389429861241,2.116856658163101e-13,0.8698968827219402,-0.07923162957509201,-5.542354164578651e-12,0.10088469641994365,0,70,255.0,255.0,255.0
1292,64.60000000000001,53.89856360933756,-0.23599999999997726,-50.73931233661206,-0.6482744416293733,-1.835722013718024e-14,0.8748803710152262,-0.07616884115016004,-3.659361273558871e-12,0.09845483531144973,0,70,255.0,255.0,255.0
1293,64.65,53.866055952366494,-0.23599999999998197,-50.69544626195929,-0.6520063139762579,-1.5425046153963497e-13,0.8797423662530861,-0.07310605272522892,-1.7763683825396268e-12,0.0960249742029565,0,70,255.0,255.0,255.0
1294,64.7,53.83336553026363,-0.23599999999999113,-50.65134012487101,-0.6555850469018958,-1.9599405839113286e-13,0.8844828684355214,-0.07004326430029782,1.0662450847961746e-13,0.09359511309446326,0,70,255.0,255.0,255.0
1295,64.75,53.8005,-0.236,-50.607,-0.6590106404062873,-1.4358801069167376e-13,0.8891018775625319,-0.06698047587536582,1.9896173994988625e-12,0.0911652519859718,0,70,255.0,255.0,255.0
1296,64.8,53.76746690878463,-0.2360000000000049,-50.56243274462502,-0.6622896802131699,-5.672084042621694e-14,0.8935524360745359,-0.06418111639994313,1.4850694111196077e-12,0.08685708849419942,0,70,255.0,255.0,255.0
1297,64.85000000000001,53.73427336477823,-0.2360000000000061,-50.51764834652878,-0.665428752046282,4.918930420292509e-15,0.8977875864119526,-0.06138175692451965,9.805214227402096e-13,0.0825489250024258,0,70,255.0,255.0,255.0
1298,64.9,53.700926366379555,-0.23600000000000484,-50.472657576120056,-0.6684278559056224,4.133130184781952e-14,0.9018073285747793,-0.05858239744909696,4.759734343609546e-13,0.07824076151065343,0,70,255.0,255.0,255.0
1299,64.95,53.66743291198724,-0.23600000000000237,-50.42747120380755,-0.6712869917911914,5.251627385638525e-14,0.9056116625630174,-0.055783037973674274,-2.857455401829998e-14,0.07393259801888104,0,70,255.0,255.0,255.0
1300,65.0,53.6338,-0.236,-50.3821,-0.6740061597029895,3.84738464459897e-14,0.909200588376667,-0.05298367849824803,-5.331225423975549e-13,0.0696244345271122,0,70,255.0,255.0,255.0
1301,65.05,53.600034720655756,-0.23599999999999868,-50.33655434732339,-0.6765798492860701,1.519769588855765e-14,0.9125973729799167,-0.04996390482498256,-3.979234798997802e-13,0.06624694960288321,0,70,255.0,255.0,255.0
1302,65.10000000000001,53.56614453154945,-0.23599999999999835,-50.29084307727277,-0.6790025501854882,-1.3185015439897849e-15,0.9158252833369558,-0.04694413115171622,-2.627244174019671e-13,0.06286946467865326,0,70,255.0,255.0,255.0
1303,65.15,53.53213698211527,-0.23599999999999868,-50.24497463356046,-0.6812742624012421,-1.1074745851643216e-14,0.9188843194477826,-0.04392435747845075,-1.275253549041924e-13,0.05949197975442428,0,70,255.0,255.0,255.0
1304,65.2,53.49801962178739,-0.23599999999999935,-50.19895745989877,-0.683394985933333,-1.4071037034408307e-14,0.9217744813123978,-0.040904583805185274,7.673707593582265e-15,0.05611449483019529,0,70,255.0,255.0,255.0
1305,65.25,53.4638,-0.236,-50.1528,-0.6853647207817605,-1.0307375092285043e-14,0.9244957689308019,-0.0378848101319198,1.4287277009135698e-13,0.052737009905965415,0,70,255.0,255.0,255.0
1306,65.3,53.42948540859234,-0.23600000000000038,-50.10651066608142,-0.6871989226425644,-4.069943128013646e-15,0.9270500720058134,-0.035483264300243136,1.0662450847951305e-13,0.049435113094497406,0,70,255.0,255.0,255.0
1307,65.35000000000001,53.39508210902393,-0.2360000000000004,-50.06009774438009,-0.688913047211785,3.550757556666555e-16,0.929439280240252,-0.03308171846856579,7.037624686765884e-14,0.04613321628302846,0,70,255.0,255.0,255.0
1308,65.4,53.36059610515935,-0.23600000000000035,-50.013569489638066,-0.6905070944894214,2.967681558753352e-15,0.9316633936341167,-0.03068017263688913,3.412798525581491e-14,0.04283131947156045,0,70,255.0,255.0,255.0
1309,65.45,53.32603340086319,-0.23600000000000015,-49.966934156597354,-0.6919810644754738,3.767874281247956e-15,0.9337224121874077,-0.028278626805212467,-2.1202763560290025e-15,0.03952942266009244,0,70,255.0,255.0,255.0
1310,65.5,53.2914,-0.236,-49.9202,-0.6933349571699424,2.755653923150463e-15,0.9356163359001255,-0.025877080973534028,-3.836853796787293e-14,0.03622752584861999,0,70,255.0,255.0,255.0
1311,65.55,53.25670204497487,-0.2359999999999999,-49.87337578835094,-0.6945604601436227,1.0820766234969362e-15,0.9373143389968119,-0.023143037973680315,-2.857455401827195e-14,0.031692598018843915,0,70,255.0,255.0,255.0
1312,65.60000000000001,53.2219462323548,-0.23599999999999988,-49.82647234520684,-0.6956492609673106,-1.0180147867683722e-16,0.9387855957020101,-0.020408994973825822,-1.878057006866819e-14,0.027157670189066542,0,70,255.0,255.0,255.0
1313,65.65,53.1871393972473,-0.2359999999999999,-49.77950100788726,-0.6966013596410056,-7.959803833701825e-16,0.940030106015719,-0.01767495197397211,-8.986586119067217e-15,0.022622742359290467,0,70,255.0,255.0,255.0
1314,65.7,53.15228837475986,-0.23599999999999996,-49.7324731137118,-0.6974167561647077,-1.0004600905835067e-15,0.941047869937939,-0.014940908974118395,8.073978305337639e-16,0.018087814529514388,0,70,255.0,255.0,255.0
1315,65.75,53.1174,-0.236,-49.6854,-0.6980954505384173,-7.152406003168103e-16,0.9418388874686702,-0.01220686597426468,1.0601381780134738e-14,0.013552886699733868,0,70,255.0,255.0,255.0
1316,65.8,53.082480811508184,-0.23600000000000002,-49.63829258051481,-0.6986552367829088,-2.5836336597409906e-16,0.942428572006921,-0.010184583805393936,7.673707593574752e-15,0.010034494830302897,0,70,255.0,255.0,255.0
1317,65.85000000000001,53.04753616155684,-0.23600000000000002,-49.591160074792526,-0.6991139089189568,5.213015904068863e-17,0.9428423369517005,-0.008162301636522616,4.746033407013932e-15,0.006516102960870928,0,70,255.0,255.0,255.0
1318,65.9,53.01257110585143,-0.23600000000000002,-49.54401127881286,-0.6994714669465611,2.1623997472737612e-16,0.9430801823030082,-0.006140019467651873,1.8183592204539445e-15,0.002997711091439958,0,70,255.0,255.0,255.0
1319,65.95,52.97759070009734,-0.236,-49.49685498855545,-0.6997279108657218,2.339660810860728e-16,0.9431421080608445,-0.004117737298781128,-1.109314966106042e-15,-0.000520680777991011,0,70,255.0,255.0,255.0
1320,66.0,52.9426,-0.236,-49.4497,-0.6998832406764391,1.0530847811677841e-16,0.9430281142252092,-0.002095455129910384,-4.0369891526660275e-15,-0.0040390726474202054,0,70,255.0,255.0,255.0
1321,66.05,52.9076051089924,-0.236,-49.40255468958985,-0.6998745927248122,-4.862315960053992e-17,0.9427633729755253,0.0024413731949891023,-2.120276356027056e-15,-0.006550577339936971,0,70,255.0,255.0,255.0
1322,66.10000000000001,52.87261632141778,-0.23600000000000002,-49.35542575562301,-0.6996391033569401,-1.0671915748591806e-16,0.9423730564912154,0.0069782015198898775,-2.0356355938754008e-16,-0.009062082032454451,0,70,255.0,255.0,255.0
1323,66.15,52.837644979346976,-0.236,-49.308319476861286,-0.6991767725728232,-6.897951553932288e-17,0.9418571647722798,0.011515029844789365,1.713149237251431e-15,-0.011573586724971215,0,70,255.0,255.0,255.0
1324,66.2,52.80270242485078,-0.236,-49.26124213206637,-0.6984876003724613,6.459576623921536e-17,0.9412156978187183,0.016051858169688852,3.629862033890403e-15,-0.014085091417487981,0,70,255.0,255.0,255.0
1325,66.25,52.7678,-0.236,-49.2142,-0.6975715867558544,2.9400668784969664e-16,0.940448655630531,0.020588686494588337,5.546574830529374e-15,-0.016596596110006523,0,70,255.0,255.0,255.0
1326,66.3,52.73294755252221,-0.23599999999999996,-49.16720066112585,-0.6965183923178432,4.528560043762589e-16,0.9394779360910159,0.021539091025864588,8.073978305334751e-16,-0.022232185470599075,0,70,255.0,255.0,255.0
1327,66.35000000000001,52.69814895277199,-0.23599999999999996,-49.120256902715354,-0.6954176776532677,3.747464709029836e-16,0.9382254370834708,0.02248949555714111,-3.931779169463771e-15,-0.02786777483119323,0,70,255.0,255.0,255.0
1328,66.4,52.66340657676066,-0.23599999999999993,-49.07338281374195,-0.6942694427621289,5.967808742991559e-17,0.9366911586078964,0.023439900088417363,-8.67095616945967e-15,-0.03350336419178579,0,70,255.0,255.0,255.0
1329,66.45,52.62872280049956,-0.23599999999999996,-49.02659248317903,-0.6930736876444261,-4.92349146042934e-16,0.9348751006642925,0.024390304619693614,-1.3410133169455569e-14,-0.03913895355237834,0,70,255.0,255.0,255.0
1330,66.5,52.5941,-0.236,-48.9799,-0.6918304123001596,-1.281335229515565e-15,0.9327772632526589,0.025340709150969865,-1.8149310169451464e-14,-0.04477454291297267,0,70,255.0,255.0,255.0
1331,66.55,52.559541480918746,-0.23600000000000007,-48.933317865906794,-0.6904838380038552,-1.7628008579044953e-15,0.9304928826603875,0.028522262701210718,-1.1093149661068418e-15,-0.04660068077788296,0,70,255.0,255.0,255.0
1332,66.60000000000001,52.525054267494234,-0.23600000000000015,-48.886852233515505,-0.6889781860300384,-1.3922667261260167e-15,0.9281171951748701,0.03170381625145247,1.593068023724262e-14,-0.048426818642793766,0,70,255.0,255.0,255.0
1333,66.65,52.490646313610355,-0.23600000000000018,-48.84050766817085,-0.6873134563787097,-1.697328341803388e-16,0.9256502007961078,0.03488536980169333,3.297067544058724e-14,-0.05025295650770406,0,70,255.0,255.0,255.0
1334,66.7,52.45632557315099,-0.23600000000000015,-48.79428873521746,-0.6854896490498692,1.9048008179325206e-15,0.9230918995241001,0.03806692335193418,5.001067064393187e-14,-0.05207909437261435,0,70,255.0,255.0,255.0
1335,66.75,52.4221,-0.236,-48.7482,-0.6835067640435164,4.831334230212563e-15,0.9204422913588467,0.041248476902179476,6.70506658472765e-14,-0.05390523223752641,0,70,255.0,255.0,255.0
1336,66.8,52.38797772380281,-0.23599999999999968,-48.702247075247016,-0.6813542556667197,6.598347427241721e-15,0.9176385332674689,0.04485185816969072,3.6298620338939e-15,-0.05824509141759038,0,70,255.0,255.0,255.0
1337,66.85000000000001,52.35396757725104,-0.2359999999999994,-48.65643976322256,-0.679021578226547,5.1943204336010825e-15,0.9146177822170871,0.04845523943720299,-5.979094177950672e-14,-0.06258495059765556,0,70,255.0,255.0,255.0
1338,66.9,52.320078568797875,-0.23599999999999924,-48.61078891357461,-0.6765087317229991,6.192532492914406e-16,0.9113800382077029,0.052058620704714245,-1.2321174559288932e-13,-0.06692480977771953,0,70,255.0,255.0,255.0
1339,66.95,52.28631970689647,-0.23599999999999938,-48.565305375951105,-0.6738157161560758,-7.12685412568715e-15,0.9079253012393155,0.05566200197222549,-1.8663254940627192e-13,-0.0712646689577835,0,70,255.0,255.0,255.0
1340,67.0,52.2527,-0.236,-48.52,-0.6709425315257769,-1.8044001691334688e-14,0.904253571311925,0.05926538323973851,-2.5005335321965447e-13,-0.07560452813785101,0,70,255.0,255.0,255.0
1341,67.05,52.21922762387,-0.2360000000000011,-48.47488343310518,-0.6679391393292917,-2.4630588851062395e-14,0.90037698426967,0.060870304619676484,-1.341013316946874e-14,-0.07945895355235381,0,70,255.0,255.0,255.0
1342,67.10000000000001,52.18590742350155,-0.23600000000000226,-48.429965513594205,-0.6648555010638086,-1.9385015008278314e-14,0.8963076759566889,0.06247522599961491,2.2323308688078424e-13,-0.08331337896685773,0,70,255.0,255.0,255.0
1343,67.15,52.152743411198095,-0.23600000000000285,-48.385255877530675,-0.6616916167293296,-2.3072801629854306e-15,0.8920456463729837,0.06408014737955288,4.598763069309699e-13,-0.08716780438136053,0,70,255.0,255.0,255.0
1344,67.2,52.119739599263106,-0.2360000000000023,-48.34076416097809,-0.6584474863258537,2.660261568481607e-14,0.8875908955185533,0.06568506875949086,6.965195269811557e-13,-0.09102222979586334,0,70,255.0,255.0,255.0
1345,67.25,52.0869,-0.236,-48.2965,-0.655123109853381,6.734467253512618e-14,0.8829434233933979,0.06728999013943238,9.331627470313413e-13,-0.09487665521036703,0,70,255.0,255.0,255.0
1346,67.3,52.05422938071718,-0.23599999999999582,-48.25247279233233,-0.6516731870160938,9.192400797700785e-14,0.8781175296538298,0.07070692335206574,5.001067064398106e-14,-0.09815909437237112,0,70,255.0,255.0,255.0
1347,67.35000000000001,52.02173552874273,-0.23599999999999152,-48.208690982400576,-0.6480524175181737,7.234573959951216e-14,0.87312751395616,0.0741238565647001,-8.331414057436302e-13,-0.10144153353437615,0,70,255.0,255.0,255.0
1348,67.4,51.9894269864097,-0.23599999999998933,-48.16516277630268,-0.6442608013596232,8.609867402650288e-15,0.8679733763003914,0.07754078977733346,-1.7162934821309905e-12,-0.10472397269638024,0,70,255.0,255.0,255.0
1349,67.45,51.957312296051114,-0.23599999999999144,-48.12189638013651,-0.6402983385404408,-9.928360861357714e-14,0.8626551166865225,0.08095772298996684,-2.5994455585183504e-12,-0.10800641185838435,0,70,255.0,255.0,255.0
1350,67.5,51.9254,-0.236,-48.0789,-0.6361650290606269,-2.5133468844917004e-13,0.8571727351145535,0.08437465620260198,-3.4825976349057108e-12,-0.11128885102038666,0,70,255.0,255.0,255.0
1351,67.55,51.893698053261296,-0.23600000000001556,-48.03618219756552,-0.6318961126062617,-3.43065443056969e-13,0.8515048971150936,0.08638200197201786,-1.8663254940645574e-13,-0.11542466895802168,0,70,255.0,255.0,255.0
1352,67.60000000000001,51.862212061527515,-0.23600000000003155,-47.99375295680343,-0.6275268288634244,-2.699979433897704e-13,0.8456302682187503,0.08838934774143431,3.1093325360937363e-12,-0.1195604868956579,0,70,255.0,255.0,255.0
1353,67.65,51.830947043163086,-0.2360000000000398,-47.951622617258586,-0.6230571778321174,-3.213218944761567e-14,0.8395488484255268,0.09039669351085018,6.405297621592991e-12,-0.12369630483329293,0,70,255.0,255.0,255.0
1354,67.7,51.79990801653244,-0.236000000000032,-47.90980151847583,-0.6184871595123398,3.7053181876949234e-13,0.8332606377354217,0.09240403928026607,9.701262707092246e-12,-0.12783212277092795,0,70,255.0,255.0,255.0
1355,67.75,51.7691,-0.236,-47.8683,-0.6138167739040914,9.37994081261554e-13,0.8267656361484348,0.09441138504968016,1.29972277925915e-11,-0.131967940708563,0,70,255.0,255.0,255.0
1356,67.8,51.73852880623766,-0.23599999999994198,-47.82712801740558,-0.6089983625588625,1.280337764250868e-12,0.820086881885822,0.09832506875948303,6.965195269818404e-13,-0.13518222979596484,0,70,255.0,255.0,255.0
1357,67.85000000000001,51.7082034251472,-0.23599999999988222,-47.786293990385644,-0.6039842670281421,1.0076460339595688e-12,0.8132474131688372,0.10223875246928701,-1.1604188738631315e-11,-0.1383965188833676,0,70,255.0,255.0,255.0
1358,67.9,51.67813364093793,-0.23599999999985147,-47.74580595466293,-0.5987744873119332,1.1991889038781184e-13,0.806247229997484,0.1061524361790899,-2.3904897004240974e-11,-0.14161080797076941,0,70,255.0,255.0,255.0
1359,67.95,51.648329237819105,-0.23599999999988047,-47.70567194596015,-0.5933690234102338,-1.3828436664643922e-12,0.799086332371761,0.11006611988889277,-3.620560526985063e-11,-0.14482509705817126,0,70,255.0,255.0,255.0
1360,68.0,51.6188,-0.236,-47.6659,-0.5877678753230444,-3.500641636597045e-12,0.7917647202916677,0.11397980359869386,-4.850631353546029e-11,-0.14803938614557577,0,70,255.0,255.0,255.0
1361,68.05,51.5895547217881,-0.23600000000021654,-47.62649853281215,-0.5820304371583268,-4.778285613946503e-12,0.7842595753415734,0.11551772299002279,-2.5994455585209047e-12,-0.1521664118582126,0,70,255.0,255.0,255.0
1362,68.10000000000001,51.56059823788366,-0.23600000000043955,-47.58747748165393,-0.5762161030240411,-3.760586192448505e-12,0.776548079105845,0.11705564238135215,4.3307422418431525e-11,-0.15629343757085062,0,70,255.0,255.0,255.0
1363,68.15,51.53193439308518,-0.23600000000055435,-47.54884716408965,-0.5703248729201906,-4.475433721036322e-13,0.7686302315844871,0.11859356177268107,8.921429039537092e-11,-0.16042046328348747,0,70,255.0,255.0,255.0
1364,68.2,51.50356703219113,-0.23600000000044605,-47.51061789768358,-0.5643567468467737,5.16084284708808e-12,0.7605060327774972,0.12013148116401,1.3512115837231028e-10,-0.1645474889961243,0,70,255.0,255.0,255.0
1365,68.25,51.4755,-0.236,-47.4728,-0.5583117248037904,1.3064572465126627e-11,0.7521754826848754,0.12166940055533626,1.810280263492497e-10,-0.1686745147087656,0,70,255.0,255.0,255.0
1366,68.3,51.44773790660997,-0.23599999999919186,-47.435403451345834,-0.5521438888078976,1.7832804691535143e-11,0.7436588167478845,0.12504403928039343,9.701262707101822e-12,-0.17199212277089354,0,70,255.0,255.0,255.0
1367,68.35000000000001,51.42028842331814,-0.2359999999983595,-47.39843688299859,-0.54580732087575,1.4034698735834457e-11,0.7349762704077846,0.12841867800545156,-1.6162550093509475e-10,-0.17530973083302243,0,70,255.0,255.0,255.0
1368,68.4,51.39315998672133,-0.23599999999793117,-47.361908588978444,-0.5393020210073514,1.6702545980267258e-12,0.7261278436645808,0.13179331673050873,-3.329522645772426e-10,-0.17862733889515037,0,70,255.0,255.0,255.0
1369,68.45,51.36636103341634,-0.23599999999833524,-47.32582686330552,-0.5326279892026998,-1.9260527721887927e-11,0.7171135365182705,0.13516795545556592,-5.042790282193905e-10,-0.1819449469572783,0,70,255.0,255.0,255.0
1370,68.5,51.3399,-0.236,-47.2902,-0.5257852254617954,-4.875764822390946e-11,0.707933348968854,0.13854259418062576,-6.756057918615384e-10,-0.18526255501940625,0,70,255.0,255.0,255.0
1371,68.55,51.31378485177202,-0.23600000000301596,-47.25503646180452,-0.5188020076100597,-6.655293315219407e-11,0.6985771576669124,0.14078611988882117,-3.620560526988627e-11,-0.1889850970582733,0,70,255.0,255.0,255.0
1372,68.60000000000001,51.28802166884375,-0.23600000000612245,-47.22034538635167,-0.5117066134729121,-5.237820875088931e-11,0.689034839263025,0.14302964559701722,6.031945813219476e-10,-0.1927076390971414,0,70,255.0,255.0,255.0
1373,68.65,51.26261606002948,-0.23600000000772095,-47.18613607999658,-0.5044990430503566,-6.233475020003279e-12,0.6793063937571967,0.14527317130521267,1.2425947679135998e-09,-0.19643018113600846,0,70,255.0,255.0,255.0
1374,68.7,51.237573634143466,-0.23600000000621296,-47.15241784909431,-0.4971792963423916,7.18812680404636e-11,0.6693918211494253,0.14751669701340808,1.8819949545052516e-09,-0.2001527231748755,0,70,255.0,255.0,255.0
1375,68.75,51.2129,-0.236,-47.1192,-0.48974737334901675,1.819660204305112e-10,0.6592911214397104,0.1497602227216035,2.521395141096904e-09,-0.20387526521374078,0,70,255.0,255.0,255.0
1376,68.8,51.188601086301965,-0.2359999999887442,-47.086491501436115,-0.4821840807518771,2.483789279172411e-10,0.6490245525844633,0.15277148116399974,1.351211583724436e-10,-0.2067874889961635,0,70,255.0,255.0,255.0
1377,68.85000000000001,51.16468410130684,-0.23599999997715065,-47.0542999715947,-0.47447022523261545,1.9547813626772284e-10,0.6386123725400923,0.15578273960639685,-2.251152824352695e-09,-0.20969971277858704,0,70,255.0,255.0,255.0
1378,68.9,51.141156573160735,-0.23599999997118495,-47.022632691035255,-0.46660580679123614,2.326364548198634e-11,0.6280545813066029,0.15879399804879313,-4.6374268070771555e-09,-0.21261193656100977,0,70,255.0,255.0,255.0
1379,68.95,51.11802603000975,-0.23599999997681284,-46.99149694031719,-0.45859082542773705,-2.682645444399665e-10,0.6173511788839924,0.16180525649118938,-7.023700789801615e-09,-0.21552416034343247,0,70,255.0,255.0,255.0
1380,69.0,51.0953,-0.236,-46.9609,-0.4504252811421181,-6.791064334981354e-10,0.6065021652722609,0.16481651493358385,-9.409974772526078e-09,-0.21843638412585342,0,70,255.0,255.0,255.0
1381,69.05,51.07298600302011,-0.23600000004200708,-46.93085033245106,-0.44210966938239,-9.269627785167704e-10,0.5954366319951856,0.16780795545555857,-5.042790282198873e-10,-0.224184946957179,0,70,255.0,255.0,255.0
1382,69.10000000000001,51.05109152592886,-0.23600000008527486,-46.9013611272695,-0.43364448559656077,-7.295343363200019e-10,0.584083670576541,0.17079939597753419,8.401416716088834e-09,-0.22993350978850619,0,70,255.0,255.0,255.0
1383,69.15,51.02962404732755,-0.23600000010753908,-46.872446755862434,-0.4250297297846352,-8.68211069079419e-11,0.5724432810163331,0.1737908364995089,1.7307112460395024e-08,-0.23568207261983176,0,70,255.0,255.0,255.0
1384,69.2,51.008591045817504,-0.23600000008653554,-46.844121589636906,-0.4162654019466109,1.0011769097194027e-09,0.5605154633145591,0.17678227702148364,2.621280820470121e-08,-0.24143063545115734,0,70,255.0,255.0,255.0
1385,69.25,50.988,-0.236,-46.8164,-0.4073515020824879,2.5344597135620305e-09,0.5483002174712189,0.17977371754345706,3.51185039490074e-08,-0.24717919828248203,0,70,255.0,255.0,255.0
1386,69.3,50.96785810161758,-0.2359999998432274,-46.78929436875966,-0.3983052417185688,3.45947218614984e-09,0.5359169194347868,0.18207669701332735,1.881994954507103e-09,-0.2481527231748314,0,70,255.0,255.0,255.0
1387,69.35000000000001,50.9481713949777,-0.23599999968174987,-46.76280911932726,-0.3891438323811536,2.7226592090122845e-09,0.5234849451537337,0.18437967648319833,-3.135451404000263e-08,-0.24912624806718106,0,70,255.0,255.0,255.0
1388,69.4,50.928945637529026,-0.2359999995986586,-46.736946685515036,-0.3798672740702474,3.2402078214978e-10,0.5110042946280665,0.18668265595306863,-6.459102303450292e-08,-0.25009977295953045,0,70,255.0,255.0,255.0
1389,69.45,50.91018658672023,-0.23599999967704488,-46.7117095011352,-0.37047556678584775,-3.736443094437642e-09,0.49847496785778206,0.18898563542293895,-9.782753202900323e-08,-0.2510732978518798,0,70,255.0,255.0,255.0
1390,69.5,50.8919,-0.236,-46.6871,-0.3609687105279546,-9.458732420749986e-09,0.48589696484288003,0.19128861489281013,-1.3106404102350353e-07,-0.2520468227442292,0,70,255.0,255.0,255.0
1391,69.55,50.874091990509555,-0.23600000058508322,-46.663122592510284,-0.35132536374335194,-1.2910925966082592e-08,0.47315169026568826,0.1944452564913175,-7.02370078980856e-09,-0.25776416034346944,0,70,255.0,255.0,255.0
1392,69.60000000000001,50.856770094160325,-0.23600000118772566,-46.639789595421426,-0.34152418487882114,-1.0161102499729138e-08,0.4601205488085308,0.19760189808982576,1.1701663944392167e-07,-0.2634814979427113,0,70,255.0,255.0,255.0
1393,69.65,50.83994220255634,-0.2360000014978265,-46.61711530207743,-0.33156517393436774,-1.2092620216911856e-09,0.44680354047141496,0.20075853968833313,2.410569796776167e-07,-0.26919883554195156,0,70,255.0,255.0,255.0
1394,69.7,50.82361620730156,-0.2360000012052849,-46.59511400582229,-0.321448330909989,1.3944595468031162e-08,0.4332006652543372,0.2039151812868405,3.650973199113116e-07,-0.2749161731411918,0,70,255.0,255.0,255.0
1395,69.75,50.8078,-0.236,-46.5738,-0.3111736558056848,3.530046996943791e-08,0.4193119231572973,0.2070718228853501,4.891376601450067e-07,-0.2806335107404343,0,70,255.0,255.0,255.0
1396,69.8,50.792501136344214,-0.23599999781643977,-46.55318646119919,-0.30076130330801476,4.818423167818052e-08,0.4052043195025074,0.20942227702147515,2.6212808204727112e-08,-0.28367063545119453,0,70,255.0,255.0,255.0
1397,69.85000000000001,50.77772582838097,-0.23599999556734752,-46.533282098987,-0.2902314281035354,3.7921750789904254e-08,0.3909448596121754,0.21177273115760084,-4.3671204373568406e-07,-0.2867077601619557,0,70,255.0,255.0,255.0
1398,69.9,50.76347995224564,-0.23599999441003539,-46.51409450617523,-0.2795840301922529,4.513027304614966e-09,0.37653354348630946,0.2141231852937259,-8.996368956759636e-07,-0.28974488487271594,0,70,255.0,255.0,255.0
1399,69.95,50.74976938407353,-0.23599999550181552,-46.49563127557563,-0.2688191095741641,-5.204193877768699e-08,0.36197037112490543,0.21647363942985093,-1.3625617476162433e-06,-0.2927820095834762,0,70,255.0,255.0,255.0
1400,70.0,50.7366,-0.236,-46.4779,-0.257936666249269,-1.3174314745700164e-07,0.3472553425279635,0.21882409356597776,-1.8254865995565228e-06,-0.29581913429424,0,70,255.0,255.0,255.0
1401,70.05,50.72397786411361,-0.23600000814915767,-46.46090836269295,-0.24692542302455028,-1.7982600074663946e-07,0.332383031724309,0.2216256354227947,-9.782753202909968e-08,-0.2990732978519733,0,70,255.0,255.0,255.0
1402,70.10000000000001,50.711909792315765,-0.2360000165428842,-46.44466440863053,-0.2357741027069876,-1.415259006598879e-07,0.3173480127427636,0.22442717727961248,1.6298315354988147e-06,-0.30232746140970757,0,70,255.0,255.0,255.0
1403,70.15,50.70040278846112,-0.23600002086203184,-46.429176273221636,-0.22448270529658715,-1.68428471967686e-08,0.30215028558333573,0.22722871913642942,3.357490603026238e-06,-0.30558162496744085,0,70,255.0,255.0,255.0
1404,70.2,50.689463856404316,-0.236000016787453,-46.41445209187516,-0.21305123079334592,1.9422315964271677e-07,0.28678985024602116,0.2300302609932464,5.085149670553661e-06,-0.3088357885251742,0,70,255.0,255.0,255.0
1405,70.25,50.6791,-0.236,-46.4005,-0.20147967919726384,4.916721198585687e-07,0.27126670673082,0.23283180285006377,6.812808738081084e-06,-0.3120899520829097,0,70,255.0,255.0,255.0
1406,70.3,50.66931780720138,-0.2359999695869295,-46.387328088029,-0.18979300459384027,6.711197713083773e-07,0.25558355360022234,0.23463518128690602,3.6509731991167027e-07,-0.3152361731410302,0,70,255.0,255.0,255.0
1407,70.35000000000001,50.66012220235598,-0.23599993826111568,-46.37494426649086,-0.1780161610685712,5.281818518496473e-07,0.23974308941671424,0.23643855972374878,-6.082614098259575e-06,-0.3183823941991516,0,70,255.0,255.0,255.0
1408,70.4,50.65151769390989,-0.23599992214183718,-46.36335640093821,-0.1661491486214634,6.285836148245949e-08,0.22374531418030452,0.23824193816059103,-1.253032551642899e-05,-0.32152861525727217,0,70,255.0,255.0,255.0
1409,70.45,50.64350879030919,-0.2359999373483724,-46.352572356923716,-0.15419196725251344,-7.248506997931807e-07,0.20759022789098883,0.24004531659743328,-1.8978036934598402e-05,-0.3246748363153927,0,70,255.0,255.0,255.0
1410,70.5,50.6361,-0.236,-46.3426,-0.14214461696172143,-1.8349453319772727e-06,0.1912778305487671,0.24184869503427597,-2.542574835276781e-05,-0.32782105737351386,0,70,255.0,255.0,255.0
1411,70.55,50.62929810708087,-0.23600011350312428,-46.333449685191034,-0.1298705586001157,-2.5046530844868694e-06,0.17465875387484073,0.24911363942998002,-1.3625617476175808e-06,-0.33694200958357834,0,70,255.0,255.0,255.0
1412,70.60000000000001,50.623118998260324,-0.23600023041265294,-46.32514172540603,-0.1172332530187212,-1.971201506738701e-06,0.15758362959040625,0.2563785838256861,2.2700624857539486e-05,-0.3460629617936454,0,70,255.0,255.0,255.0
1413,70.65,50.617580835899325,-0.23600029057061944,-46.31769892302549,-0.10423270021754502,-2.345905987330683e-07,0.14005245769547336,0.2636435282213902,4.676381146268971e-05,-0.35518391400370986,0,70,255.0,255.0,255.0
1414,70.7,50.61270178235889,-0.2360002338190573,-46.31114408042998,-0.09086890019658368,2.7051796395300058e-06,0.1220652381900373,0.2709084726170942,7.082699806783995e-05,-0.36430486621377434,0,70,255.0,255.0,255.0
1415,70.75,50.6085,-0.236,-46.3055,-0.07714185295583714,6.848109208050522e-06,0.10362197107409804,0.27817341701279863,9.489018467299019e-05,-0.3734258184238384,0,70,255.0,255.0,255.0
1416,70.8,50.60498496447513,-0.23599957640057334,-46.30077797120687,-0.06357276100568879,9.3474925666391e-06,0.085413430900373,0.2645902609931667,5.085149670558671e-06,-0.35491578852520506,0,70,255.0,255.0,255.0
1417,70.85000000000001,50.60213140460275,-0.2359991400882725,-46.296943231885045,-0.05068282685651841,7.356624175105157e-06,0.06813039222157477,0.25100710497353085,-8.471988533189836e-05,-0.3364057586265664,0,70,255.0,255.0,255.0
1418,70.9,50.5999053624928,-0.235998915575685,-46.29394950695979,-0.03847205050833336,8.755040334498186e-07,0.051772855037713214,0.23742394895389887,-0.00017452492033432986,-0.3178957287279331,0,70,255.0,255.0,255.0
1419,70.95,50.59827288025523,-0.2359991273753983,-46.29175052135636,-0.026940431961129874,-1.009586785832684e-05,0.03634081934878327,0.2238407929342669,-0.0002643299553367614,-0.2993856988292998,0,70,255.0,255.0,255.0
1420,71.0,50.5972,-0.236,-46.2903,-0.016087971214907945,-2.5557491500224817e-05,0.02183428515478495,0.21025763691463495,-0.00035413499033919296,-0.28087566893066634,0,70,255.0,255.0,255.0
1421,71.05,50.5966364350186,-0.23600158089458234,-46.289530429981504,-0.006894397377106992,-3.4885317182069545e-05,0.009527522523639406,0.15748531659742407,-1.89780369346171e-05,-0.21139483631518347,0,70,255.0,255.0,255.0
1422,71.10000000000001,50.59646658332869,-0.23600320923425702,-46.28928934705379,-0.00033943955516494654,-2.7455295193681924e-05,0.0006948015232657893,0.10471299628019819,0.00031617891647005395,-0.14191400369968082,0,70,255.0,255.0,255.0
1423,71.15,50.59655851412949,-0.23600404712664053,-46.28940304913533,0.003576902250914468,-3.2674255350662035e-06,-0.004663877846330874,0.05194067596298729,0.0006513358698746299,-0.07243317108419794,0,70,255.0,255.0,255.0
1424,71.2,50.59678029662019,-0.23600325667934935,-46.28969783414458,0.004854628041133492,3.767829179377735e-05,-0.0065485155851535935,-0.0008316443542235874,0.0009864928232792057,-0.0029523384687150656,0,70,255.0,255.0,255.0
1425,71.25,50.597,-0.236,-46.29,0.0034937378154921155,9.538185679284875e-05,-0.0049591116932023675,-0.05360396467143447,0.001321649776683781,0.06652849414676777,0,70,255.0,255.0,255.0
1426,71.3,50.59711409545047,-0.23599410002109725,-46.290171508867125,0.001198350514132964,0.00013019377616163905,-0.0020355209948813547,-0.038211527382936816,7.082699806790931e-05,0.05041513378607939,0,70,255.0,255.0,255.0
1427,71.35000000000001,50.59713266208249,-0.23598802297469934,-46.29021697989979,-0.00032741492280167366,0.00010246455659962248,8.240168540577203e-05,-0.02281909009443479,-0.0011799957805483175,0.03430177342538643,0,70,255.0,255.0,255.0
1428,71.4,50.59709418098927,-0.2359848959177528,-46.29017669649888,-0.001083558495310929,1.2194198106815009e-05,0.0013946563476578086,-0.007426652805937142,-0.002430818559164189,0.01818841306469804,0,70,255.0,255.0,255.0
1429,71.45,50.59703713326403,-0.23598784590720417,-46.29009094206532,-0.001070080203395345,-0.00014061729931678257,0.0019012429918754724,0.007965784482560509,-0.0036816413377800603,0.002075052704009664,0,70,255.0,255.0,255.0
1430,71.5,50.597,-0.236,-46.29,-0.0002869800470549224,-0.00035596993567117013,0.0016021616180587634,0.023358221771058167,-0.004932464116395932,-0.01403830765667872,0,70,255.0,255.0,255.0
1431,71.55,50.59700958317951,-0.23602201902102857,-46.28993713454999,0.0005649953205786736,-0.0004858897874644865,0.0009185614559079944,0.010720792934287614,-0.00026432995533702194,-0.013305698829353594,0,70,255.0,255.0,255.0
1432,71.60000000000001,50.59704596834136,-0.23604469886694557,-46.289907533347055,0.0007850992463737509,-0.0003824029312048082,0.00027159173512330095,-0.0019166359024865333,0.004403804205723215,-0.01257309000202826,0,70,255.0,255.0,255.0
1433,71.65,50.59707756191345,-0.2360563692023482,-46.28990936486912,0.00037333173033018367,-4.550936689219393e-05,-0.0003387475442949492,-0.014554064739257085,0.009071938366782127,-0.011840481174703134,0,70,255.0,255.0,255.0
1434,71.7,50.5970727703237,-0.23604535969183388,-46.28994079759413,-0.0006703072275518751,0.0005247909054733528,-0.0009124563823469451,-0.02719149357602764,0.013740072527841037,-0.011107872347378008,0,70,255.0,255.0,255.0
1435,71.75,50.597,-0.236,-46.29,-0.002345817627272426,0.0013284978858918318,-0.0014495347790326868,-0.03982892241279819,0.018408206688899947,-0.01037526352005288,0,70,255.0,255.0,255.0
1436,71.8,50.59684757183148,-0.23591782389478827,-46.29007995293291,-0.0034583317964476585,0.001813365373696307,-0.001638724828750623,-0.004671644354213633,0.0009864928232801752,0.0028076615313349946,0,70,255.0,255.0,255.0
1437,71.85000000000001,50.59668346455208,-0.23583318155751837,-46.290152886711994,-0.002812982062693329,0.00142714716821961,-0.001168768625898976,0.030485633704380913,-0.016435221042344544,0.015990586582726618,0,70,255.0,255.0,255.0
1438,71.9,50.59659557135693,-0.23578962727285432,-46.29018584402463,-0.00040976842600980515,0.0001698432694619608,-3.966617047801218e-05,0.06564291176296548,-0.03385693490796431,0.029173511634114496,0,70,255.0,255.0,255.0
1439,71.95,50.59667178544119,-0.23583071532546018,-46.290145867558174,0.0037513091136028454,-0.0019585463225766297,0.0017485825375123084,0.10080018982155002,-0.05127864877358408,0.04235643668550237,0,70,255.0,255.0,255.0
1440,72.0,50.597,-0.236,-46.29,0.009670250556144625,-0.004958021607896157,0.004195977498071984,0.13595746788013452,-0.06870036263920384,0.05553936173689028,0,70,255.0,255.0,255.0
1441,72.05,50.59769532949458,-0.23633308539981818,-46.28970145371835,0.018980331865209935,-0.008351571707320574,0.00813233785909522,0.23644578448249892,-0.06704164133778057,0.10191505270404812,0,70,255.0,255.0,255.0
1442,72.10000000000001,50.59898177345036,-0.236833774902981,-46.28914811980495,0.03331482900439796,-0.011662185741674762,0.014387482768478324,0.33693410108489186,-0.0653829200363568,0.14829074367121914,0,70,255.0,255.0,255.0
1443,72.15,50.60111055265885,-0.23749792170623452,-46.288224059032366,0.05267374197370056,-0.014889863710956837,0.02296141222621774,0.43742241768725626,-0.06372419873493353,0.194666434638377,0,70,255.0,255.0,255.0
1444,72.2,50.60433288791157,-0.23832137900632538,-46.28681333217319,0.0770570707731211,-0.018034605615167752,0.033854126232314916,0.5379107342896206,-0.06206547743351024,0.2410421256055348,0,70,255.0,255.0,255.0
1445,72.25,50.6089,-0.2393,-46.2848,0.10646481540265956,-0.021096411454307507,0.04706562478676985,0.6383990508919846,-0.06040675613208696,0.28741781657269255,0,70,255.0,255.0,255.0
1446,72.3,50.61500791019022,-0.2404034345059388,-46.282091832193665,0.1375850043355574,-0.022503078544413663,0.06117337339239879,0.6064085064239988,0.0041400725278376155,0.276892127652497,0,70,255.0,255.0,255.0
1447,72.35000000000001,50.6226318416465,-0.24149651883055828,-46.27869143406819,0.16710566604506416,-0.020682404201522793,0.07475483755202177,0.5744179619560038,0.06868690118778054,0.2663664387322984,0,70,255.0,255.0,255.0
1448,72.4,50.63169181800767,-0.242417885902208,-46.27462511984589,0.19502680053116309,-0.01563438842563594,0.08781001726563106,0.542427417488018,0.13323372984770512,0.25584074981210286,0,70,255.0,255.0,255.0
1449,72.45,50.64210786291255,-0.24300616864923852,-46.26991920374906,0.22134840779386286,-0.007359031216753041,0.10033891253323059,0.5104368730200322,0.1977805585076297,0.2453150608919073,0,70,255.0,255.0,255.0
1450,72.5,50.6538,-0.2431,-46.2646,0.24607048783316343,0.004143667425125911,0.11234152335482038,0.47844632855204594,0.2623273871675543,0.2347893719717119,0,70,255.0,255.0,255.0
1451,72.55,50.66670182974454,-0.2425443765764265,-46.258688017507,0.2700076507925055,0.018491885884974323,0.12416616857125228,0.47904018982168955,0.31160135122641464,0.23819643668559085,0,70,255.0,255.0,255.0
1452,72.60000000000001,50.68080125996364,-0.24120974977478646,-46.25218054392228,0.2939745068153365,0.035303802547770734,0.13616116702338155,0.4796340510913333,0.360875315285289,0.24160350139947073,0,70,255.0,255.0,255.0
1453,72.65,50.69609977531047,-0.2389729346849336,-46.24506906158407,0.3179710559016428,0.054579417413505596,0.14832651871120137,0.4802279123609769,0.41014927934414935,0.24501056611334968,0,70,255.0,255.0,255.0
1454,72.7,50.7125988604382,-0.23571074639672052,-46.23734505283057,0.3419972980514314,0.07631873048218334,0.16066222363471513,0.48082177363062045,0.45942324340300966,0.2484176308272286,0,70,255.0,255.0,255.0
1455,72.75,50.7303,-0.2313,-46.229,0.3660532332647022,0.10052174175380395,0.1731682817939228,0.48141563490026407,0.5086972074618697,0.251824695541107,0,70,255.0,255.0,255.0
1456,72.8,50.74920157083161,-0.2256166591883559,-46.220026497778356,0.38995239249444635,0.12723953500451135,0.18577795232259078,0.47455073428955824,0.5600145225664863,0.2525621256056415,0,70,255.0,255.0,255.0
1457,72.85000000000001,50.76928951849894,-0.21853328207029352,-46.21042159024268,0.41350830669366195,0.15652319401045808,0.1984244943544891,0.46768583367885047,0.6113318376711175,0.2532995556701762,0,70,255.0,255.0,255.0
1458,72.9,50.79054668075046,-0.20992157535805533,-46.20018343381785,0.4367209758623355,0.18837271877162756,0.21110790788961056,0.46082093306814464,0.6626491527757341,0.25403698573471073,0,70,255.0,255.0,255.0
1459,72.95,50.81295589533466,-0.199653245763878,-46.18931018492867,0.4595904000004738,0.22278810928802772,0.22382819292795872,0.4539560324574388,0.7139664678803508,0.2547744157992452,0,70,255.0,255.0,255.0
1460,73.0,50.8365,-0.1876,-46.1778,0.48211657910807676,0.25976936555965857,0.23658534946953363,0.4470911318467299,0.7652837829849668,0.25551184586377884,0,70,255.0,255.0,255.0
1461,73.05,50.861161486929035,-0.17363138667015227,-46.1656515913796,0.5042787792297402,0.29944597409697105,0.24934602213841942,0.4393968730198578,0.8217805585076222,0.2549150608916807,0,70,255.0,255.0,255.0
1462,73.10000000000001,50.88692146604062,-0.15760832194403082,-46.15286589510696,0.5260562664100662,0.3419474214104286,0.26207685555870386,0.43170261419298356,0.8782773340302937,0.2543182759195824,0,70,255.0,255.0,255.0
1463,73.15,50.913760701687686,-0.13938956388283819,-46.13944440314453,0.5474490406490423,0.38727370750000706,0.2747778497303798,0.4240083553661115,0.9347741095529492,0.2537214909474843,0,70,255.0,255.0,255.0
1464,73.2,50.94165995822317,-0.11883387054776348,-46.12538860745474,0.5684571019466749,0.4354248323657182,0.28744900465345086,0.4163140965392394,0.9912708850756046,0.25312470597538617,0,70,255.0,255.0,255.0
1465,73.25,50.9706,-0.0958,-46.1107,0.5890804503029639,0.486400796007562,0.30009032032791705,0.4086198377123633,1.0477676605982604,0.25252792100328847,0,70,255.0,255.0,255.0
1466,73.3,51.00056528145225,-0.07015619413104028,-46.095378336703256,0.6095404905865397,0.5396325686075906,0.3128059591236822,0.409781773630717,1.0815032434030045,0.25609763082734655,0,70,255.0,255.0,255.0
1467,73.35000000000001,51.03155501733859,-0.04180863015356494,-46.07941642932944,0.630058627666039,0.594551120347872,0.32570008341065393,0.41094370954907106,1.1152388262077584,0.2596673406514056,0,70,255.0,255.0,255.0
1468,73.4,51.06357211249879,-0.01067296911057818,-46.062805353604006,0.6506348615414502,0.6511564512283755,0.33877269318882497,0.41210564546742473,1.1489744090125025,0.26323705047546364,0,70,255.0,255.0,255.0
1469,73.45,51.09661947177266,0.023335127954939524,-46.04553618525238,0.6712691922127791,0.7094485612491158,0.3520237884581988,0.41326758138577846,1.1827099918172466,0.2668067602995217,0,70,255.0,255.0,255.0
1470,73.5,51.1307,0.0603,-46.0276,0.6919616196800258,0.7694274504100933,0.3654533692187755,0.41442951730413036,1.2164455746219867,0.2703764701235776,0,70,255.0,255.0,255.0
1471,73.55,51.16582698726194,0.1002521631943041,-46.00898546180738,0.7133352584240662,0.8278637514726485,0.37920614136684555,0.44051603245753584,1.1210064678803526,0.2797344157992536,0,70,255.0,255.0,255.0
1472,73.60000000000001,51.20205526460504,0.1430068425583213,-45.989671587575245,0.7360132229257835,0.8815280971981367,0.3934268107987034,0.4666025476109487,1.0255673611386913,0.28909236147493234,0,70,255.0,255.0,255.0
1473,73.65,51.23945004831715,0.18832544032517318,-45.96963498243944,0.7599955131851647,0.9304204875865277,0.40811537751434107,0.4926890627643542,0.9301282543970573,0.2984503071506084,0,70,255.0,255.0,255.0
1474,73.7,51.27807655468618,0.23596935872801744,-45.948852251535754,0.7852821292022161,0.9745409226378372,0.42327184151376257,0.5187755779177596,0.834689147655423,0.30780825282628443,0,70,255.0,255.0,255.0
1475,73.75,51.318,0.2857,-45.9273,0.8118730709769377,1.0138894023520653,0.4388962027969678,0.5448620930711634,0.7392500409137899,0.3171661985019587,0,70,255.0,255.0,255.0
1476,73.8,51.35927156949997,0.33731234135380994,-45.904959016067245,0.8389264757171943,1.050480425501798,0.4547374754089019,0.5372740965391608,0.7243908850756033,0.31648470597544337,0,70,255.0,255.0,255.0
1477,73.85000000000001,51.401886324241275,0.3907356599203241,-45.88182682036955,0.8656004806308583,1.0863284908596316,0.47054467339451483,0.529686100007156,0.7095317292374126,0.31580321344892787,0,70,255.0,255.0,255.0
1478,73.9,51.445825294232606,0.4459328078099167,-45.85790511663823,0.8918950857179145,1.1214335984255455,0.4863177967537974,0.5220981034751534,0.6946725733992261,0.31512172092241253,0,70,255.0,255.0,255.0
1479,73.95,51.49106950948263,0.5028666371330072,-45.83319560860461,0.9178102909783706,1.1557957481995502,0.5020568454867543,0.5145101069431507,0.6798134175610395,0.3144402283958972,0,70,255.0,255.0,255.0
1480,74.0,51.5376,0.5615,-45.8077,0.9433460964122267,1.1894149401816456,0.5177618195933853,0.5069221104111428,0.6649542617228406,0.31375873586937963,0,70,255.0,255.0,255.0
1481,74.05,51.585401934738194,0.6217880713904385,-45.781418473923644,0.9687508387071494,1.2218305465201458,0.533523956997604,0.5092675813858248,0.6316699918172394,0.3167267602994036,0,70,255.0,255.0,255.0
1482,74.10000000000001,51.634477038429864,0.6836553177604374,-45.75434513094654,0.9942728545508136,1.2525819393633744,0.5494344956233284,0.5116130523605076,0.5983857219116289,0.3196947847294284,0,70,255.0,255.0,255.0
1483,74.15,51.684831174752425,0.7470185284351981,-45.72647255100762,1.0199121439432044,1.2816691187113143,0.5654934354705495,0.5139585233351898,0.5651014520060277,0.32266280915945234,0,70,255.0,255.0,255.0
1484,74.2,51.73647020738333,0.8117944927399736,-45.697793314045796,1.0456687068843296,1.309092084563974,0.5817007765392718,0.5163039943098718,0.5318171821004265,0.3256308335894763,0,70,255.0,255.0,255.0
1485,74.25,51.7894,0.8779,-45.6683,1.0715425433741887,1.334850836921354,0.5980565188294953,0.5186494652845575,0.4985329121948272,0.3285988580195003,0,70,255.0,255.0,255.0
1486,74.3,51.84362469154724,0.9452529730844159,-45.63798548823817,1.0974301694542437,1.3590133884176092,0.6145426966006377,0.5168555779176963,0.4679691476554332,0.3308482528262298,0,70,255.0,255.0,255.0
1487,74.35000000000001,51.8991415220393,1.01377586903799,-45.60684385584426,1.1232281011659628,1.3816477516869008,0.6311413441121212,0.5150616905508347,0.43740538311603044,0.33309764763295996,0,70,255.0,255.0,255.0
1488,74.4,51.955946006757706,1.0833922784493346,-45.57486947933128,1.1489363385093314,1.4027539267292166,0.6478524613639364,0.5132678031839736,0.40684161857663637,0.3353470424396895,0,70,255.0,255.0,255.0
1489,74.45,52.01403366098408,1.1540257919071206,-45.5420567352122,1.1745548814843574,1.4223319135445622,0.6646760483560882,0.5114739158171125,0.37627785403724234,0.337596437246419,0,70,255.0,255.0,255.0
1490,74.5,52.0734,1.2256,-45.5084,1.20008373009104,1.4403817121329388,0.6816121050885764,0.5096800284502532,0.34571408949784654,0.3398458320531468,0,70,255.0,255.0,255.0
1491,74.55,52.13404169907282,1.298039236271875,-45.4738939731237,1.225592483475874,1.4569478998094099,0.6986412565998067,0.5106701069431568,0.3169334175610333,0.3413202283961055,0,70,255.0,255.0,255.0
1492,74.60000000000001,52.19596007341301,1.3712708060876728,-45.4385346456764,1.2511507407853601,1.4720750538890444,0.7157441279281899,0.5116601854360608,0.2881527456242119,0.3427946247390646,0,70,255.0,255.0,255.0
1493,74.65,52.259157598216774,1.445222757767511,-45.40231833166725,1.2767585020194845,1.485763174371834,0.7329207190737161,0.5126502639289645,0.2593720736873986,0.3442690210820233,0,70,255.0,255.0,255.0
1494,74.7,52.32363674868036,1.5198231396315673,-45.36524134510541,1.3024157671782537,1.4980122612577829,0.7501710300363903,0.5136403424218682,0.23059140175058537,0.345743417424982,0,70,255.0,255.0,255.0
1495,74.75,52.3894,1.595,-45.3273,1.3281225362616682,1.5088223145468909,0.7674950608162124,0.5146304209147647,0.20181072981377035,0.3472178137679398,0,70,255.0,255.0,255.0
1496,74.8,52.45644931216147,1.6706804818280603,-45.28848981926706,1.353847896642281,1.5181390123447456,0.7849402770001437,0.5143839943098062,0.1708571821004362,0.35059083358934906,0,70,255.0,255.0,255.0
1497,74.85000000000001,52.52478458430874,1.7467881066113933,-45.24880316145013,1.379560935692653,1.5259080327569354,0.8025541441751504,0.5141375677048475,0.1399036343870933,0.35396385341075925,0,70,255.0,255.0,255.0
1498,74.9,52.59440520037524,1.8232454904806723,-45.20823159399968,1.4052616534127702,1.5321293757834564,0.8203366623412225,0.513891141099889,0.10895008667375915,0.35733687323216845,0,70,255.0,255.0,255.0
1499,74.95,52.665310544294506,1.8999752495666358,-45.16676668436616,1.4309500498026393,1.5368030414243108,0.8382878314983653,0.5136447144949304,0.07799653896042502,0.3607098930535777,0,70,255.0,255.0,255.0
1500,75.0,52.7375,1.9769,-45.1244,1.4566261248622605,1.5399290296794985,0.8564076516465784,0.5133982878899737,0.047042991247083776,0.3640829128749914,0,70,255.0,255.0,255.0
1501,75.05,52.81097225228127,2.053942836415859,-45.08112434980809,1.4822479299549396,1.5415360508116065,0.8746216353996145,0.511473915817252,0.017237854037242702,0.36447643724649337,0,70,255.0,255.0,255.0
1502,75.10000000000001,52.88572318935211,2.131028767466832,-45.03693750852305,1.50777351644399,1.5416528150832225,0.8928552953712309,0.5095495437445298,-0.012567283172606844,0.36486996161799545,0,70,255.0,255.0,255.0
1503,75.15,52.96174800028229,2.208083280309853,-44.99183849233399,1.5332028843293972,1.540279322494346,0.9111086315614171,0.5076251716718081,-0.042372420382447915,0.3652634859894974,0,70,255.0,255.0,255.0
1504,75.2,53.039041874141645,2.285031862101917,-44.94582631742995,1.558536033611168,1.5374155730449781,0.9293816439701785,0.5057007995990864,-0.072177557592289,0.3656570103609994,0,70,255.0,255.0,255.0
1505,75.25,53.1176,2.3618,-44.8989,1.5837729642893028,1.5330615667351177,0.9476743325975151,0.5037764275263577,-0.10198269480213362,0.36605053473249693,0,70,255.0,255.0,255.0
1506,75.3,53.197420078713414,2.4383137725084794,-44.851057581500584,1.6090643835380056,1.5272527844088293,0.9660451814014496,0.507880342421807,-0.13036859824941605,0.36878341742492504,0,70,255.0,255.0,255.0
1507,75.35000000000001,53.278509858282895,2.514501623521357,-44.8022932044576,1.634560998531488,1.5200247069101747,0.9845526743400108,0.5119842573172576,-0.15875450169670652,0.3715163001173539,0,70,255.0,255.0,255.0
1508,75.4,53.36087959849566,2.5902925882799708,-44.752600036664326,1.6602628092697354,1.5113773342391577,1.003196811413188,0.516088172212707,-0.1871404051439889,0.37424918280978203,0,70,255.0,255.0,255.0
1509,75.45,53.44453955913894,2.6656157020257245,-44.70197124591404,1.6861698157527556,1.5013106663957767,1.0219775926209869,0.5201920871081565,-0.2155263085912713,0.37698206550221014,0,70,255.0,255.0,255.0
1510,75.5,53.5295,2.7404,-44.6504,1.712282017980548,1.4898247033800316,1.0408950179634069,0.5242960020035898,-0.24391221203856261,0.37971494819463736,0,70,255.0,255.0,255.0
1511,75.55,53.61576423286506,2.8145708735501986,-44.59787892418956,1.738182535893008,1.4767008115530789,1.0599816389946066,0.5117247144948653,-0.28104346103957883,0.3837498930533905,0,70,255.0,255.0,255.0
1512,75.60000000000001,53.70330777751639,2.88803913844782,-44.54439847364648,1.7634544894300388,1.4617203572760706,1.0792700072687493,0.4991534269861372,-0.3181747100406056,0.3877848379121449,0,70,255.0,255.0,255.0
1513,75.65,53.79209920573516,2.960711966570318,-44.48994856100863,1.7880978785916262,1.444883340549016,1.0987601227858241,0.4865821394774127,-0.35530595904162177,0.3918197827708981,0,70,255.0,255.0,255.0
1514,75.7,53.88210708930262,3.032496529795212,-44.43451909891385,1.812112703377777,1.4261897613719106,1.1184519855458368,0.47401085196868814,-0.392437208042638,0.3958547276296513,0,70,255.0,255.0,255.0
1515,75.75,53.9733,3.1033,-44.3781,1.8354989637884922,1.4056396197447543,1.138345595548787,0.4614395644599565,-0.42956845704365954,0.3998896724883956,0,70,255.0,255.0,255.0
1516,75.8,54.0656341898263,3.1730379332907006,-44.32068272174117,1.8575174728899704,1.383735969378857,1.1583482626200252,0.4193007995992196,-0.4465775575922842,0.4002170103611881,0,70,255.0,255.0,255.0
1517,75.85000000000001,54.159016631651625,3.2416594226874396,-44.26226490095643,1.8774290437484171,1.3609818639855218,1.178367296584909,0.3771620347384707,-0.46358665814091365,0.4005443482339807,0,70,255.0,255.0,255.0
1518,75.9,54.253341978563775,3.3091219454388074,-44.202845719301116,1.8952336763638211,1.3373773035647618,1.1984026974434268,0.33502326987773384,-0.4805957586895383,0.40087168610677326,0,70,255.0,255.0,255.0
1519,75.95,54.34850488365062,3.3753829787934513,-44.14242435843053,1.9109313707361886,1.3129222881165707,1.2184544651955842,0.2928845050169969,-0.49760485923816294,0.4011990239795658,0,70,255.0,255.0,255.0
1520,76.0,54.4444,3.4404,-44.081,1.9245221268655193,1.2876168176409486,1.238522599841381,0.2507457401562707,-0.5146139597867823,0.4015263618523601,0,70,255.0,255.0,255.0
1521,76.05,54.5409398078297,3.5041397932869756,-44.01857658884577,1.9370755725471245,1.262019310931499,1.2583213105252484,0.2513920871079623,-0.5092863085912614,0.3904220655023866,0,70,255.0,255.0,255.0
1522,76.10000000000001,54.63810809587719,3.5666063708024898,-43.95517712252776,1.9496613355763177,1.236688186781818,1.2775648063916227,0.25203843405965404,-0.5039586573957392,0.3793177691524099,0,70,255.0,255.0,255.0
1523,76.15,54.73590648000981,3.6278130516744973,-43.890829361786885,1.9622794159530919,1.2116234451919208,1.2962530874404927,0.2526847810113456,-0.4986310062002184,0.3682134728024364,0,70,255.0,255.0,255.0
1524,76.2,54.83433657609495,3.6877731550310044,-43.825561067364006,1.9749298136774507,1.1868250861617993,1.3143861536718642,0.2533311279630372,-0.4933033550046976,0.3571091764524628,0,70,255.0,255.0,255.0
1525,76.25,54.9334,3.7465,-43.7594,1.9876125287493944,1.1622931096914537,1.3319640050857369,0.25397747491473055,-0.4879757038091803,0.3460048801024804,0,70,255.0,255.0,255.0
1526,76.3,55.03309457885488,3.804004493561378,-43.69237172287579,2.0001002369214835,1.137882786895159,1.3491184952790338,0.24553085196887542,-0.48843720804265656,0.3401747276294326,0,70,255.0,255.0,255.0
1527,76.35000000000001,55.13340298483971,3.8602878941026644,-43.624493008932475,2.012165613946284,1.113449388887184,1.365981477848683,0.2370842290230179,-0.4888987122761329,0.33434457515638316,0,70,255.0,255.0,255.0
1528,76.4,55.234304101397065,3.9153490478632444,-43.555778433551296,2.023808659823788,1.0889929156675417,1.382552952794675,0.22863760607716277,-0.48936021650960915,0.3285144226833353,0,70,255.0,255.0,255.0
1529,76.45,55.33577681196962,3.969186801082551,-43.48624257211341,2.035029374553999,1.064513367236226,1.3988329201170147,0.22019098313130764,-0.4898217207430854,0.3226842702102875,0,70,255.0,255.0,255.0
1530,76.5,55.4378,4.0218,-43.4159,2.0458277581369173,1.0400107435932358,1.4148213798157019,0.2117443601854525,-0.4902832249765652,0.3168541177372397,0,70,255.0,255.0,255.0
1531,76.55,55.54035307675075,4.073187832467496,-43.34476691965111,2.0562354797669764,1.015505541487869,1.4304207083586216,0.20456450501693665,-0.4899248592381593,0.3071190239795824,0,70,255.0,255.0,255.0
1532,76.60000000000001,55.643417564764086,4.12335085278691,-43.272866041742255,2.0662842086386126,0.9910182576694156,1.4455332822136626,0.19738464984841875,-0.4895664934997533,0.29738393022192233,0,70,255.0,255.0,255.0
1533,76.65,55.74697551440199,4.172289956872561,-43.200221704007866,2.07597394475182,0.9665488921378895,1.4601591013808164,0.1902047946799029,-0.4892081277613474,0.287648836464265,0,70,255.0,255.0,255.0
1534,76.7,55.851008976026606,4.220006040638809,-43.126858244182316,2.0853046881066017,0.9420974448932837,1.4742981658600876,0.183024939511387,-0.4888497620229415,0.2779137427066077,0,70,255.0,255.0,255.0
1535,76.75,55.9555,4.2665,-43.0528,2.094276438702958,0.9176639159355982,1.4879504756514756,0.1758450843428747,-0.48849139628453564,0.2681786489489504,0,70,255.0,255.0,255.0
1536,76.80000000000001,56.060430714142115,4.311772976568634,-42.97807019851975,2.102893844010606,0.893263047153362,1.5011826712865126,0.16885112796296067,-0.4875433550046862,0.2611091764524081,0,70,255.0,255.0,255.0
1537,76.85000000000001,56.165783556104095,4.355827094749745,-42.90268762409842,2.111161551499256,0.8689095804351253,1.5140613932967188,0.16185717158304863,-0.48659531372483705,0.2540397039558679,0,70,255.0,255.0,255.0
1538,76.9,56.27154104099504,4.398664724646541,-42.82666995041718,2.11907956116891,0.8446035157808812,1.526586641682098,0.15486321520313656,-0.48564727244498784,0.24697023145932767,0,70,255.0,255.0,255.0
1539,76.95,56.37768568392399,4.4402882363622265,-42.750034851157295,2.126647873019569,0.8203448531906293,1.5387584164426502,0.14786925882322452,-0.4846992311651387,0.23990075896278742,0,70,255.0,255.0,255.0
1540,77.0,56.4842,4.4807,-42.6728,2.133866487051231,0.79613359266437,1.5505767175783751,0.14087530244330182,-0.4837511898852913,0.23283128646623474,0,70,255.0,255.0,255.0
1541,77.05000000000001,56.59106646668092,4.519901861258012,-42.594983486269754,2.1407331441906012,0.7719382698986551,1.5620166064952912,0.1337909831314368,-0.484061720743085,0.22476427021030568,0,70,255.0,255.0,255.0
1542,77.10000000000001,56.69826741081965,4.557893568214157,-42.516605061864006,2.1472455853643764,0.7477274205900574,1.5730531445994078,0.12670666381957382,-0.4843722516008786,0.21669725395437892,0,70,255.0,255.0,255.0
1543,77.15,56.80578512161792,4.5946743445413,-42.43768489432337,2.153403810572558,0.72350104473857,1.583686331890728,0.11962234450771082,-0.4846827824586722,0.20863023769845213,0,70,255.0,255.0,255.0
1544,77.2,56.91360188827746,4.630243413912296,-42.35824315118849,2.1592078198151463,0.699259142344193,1.5939161683692518,0.11253802519584782,-0.48499331331646583,0.20056322144252536,0,70,255.0,255.0,255.0
1545,77.25,57.0217,4.6646,-42.2783,2.1646576130921416,0.675001713406926,1.603742654034979,0.10545370588397418,-0.4853038441742621,0.19249620518659327,0,70,255.0,255.0,255.0
1546,77.30000000000001,57.13006181913433,4.697744378399365,-42.19787585640112,2.1697575792270247,0.6507918732519902,1.613150902732315,0.09854493951131345,-0.48308976202295467,0.18383374270675876,0,70,255.0,255.0,255.0
1547,77.35000000000001,57.23867000061741,4.729681032393664,-42.116992128445496,2.174512107043274,0.6266927372046264,1.6221260283056567,0.09163617313865469,-0.4808756798716478,0.17517128022692668,0,70,255.0,255.0,255.0
1548,77.4,57.34750727253334,4.760415497188284,-42.03567047228929,2.1789211965408897,0.602704305264828,1.6306680307550065,0.08472740676599591,-0.478661597720341,0.1665088177470946,0,70,255.0,255.0,255.0
1549,77.45,57.456556362966175,4.789953307988603,-41.95393254408873,2.182984847719873,0.578826577432595,1.6387769100803653,0.07781864039333715,-0.4764475155690342,0.15784635526726257,0,70,255.0,255.0,255.0
1550,77.5,57.5658,4.8183,-41.8718,2.186703060580223,0.5550595537079275,1.646452666281732,0.07090987402068549,-0.4742334334177265,0.14918389278741628,0,70,255.0,255.0,255.0
1551,77.55000000000001,57.6752206567819,4.845459825144568,-41.78929388812567,2.1900605389013195,0.5313262370933503,1.6537317825754856,0.06338925882314583,-0.47509923116514463,0.14198075896266268,0,70,255.0,255.0,255.0
1552,77.60000000000001,57.78479978671082,4.871431902211217,-41.70643282435396,2.1930419864625383,0.507549630591409,1.6606507421779997,0.05586864362560831,-0.4759650289125625,0.1347776251379111,0,70,255.0,255.0,255.0
1553,77.65,57.89451858824881,4.896214066705583,-41.6232348165194,2.19564740326388,0.48372973420209675,1.667209545089276,0.04834802842807079,-0.4768308266599804,0.12757449131315954,0,70,255.0,255.0,255.0
1554,77.7,58.00435825985787,4.919804154133301,-41.53971787245657,2.197876789305345,0.4598665479254136,1.673408191309315,0.040827413230533266,-0.47769662440739824,0.12037135748840798,0,70,255.0,255.0,255.0
1555,77.75,58.1143,4.9422,-41.4559,2.1997301445869337,0.4359600717613596,1.6792466808381161,0.03330679803299219,-0.4785624221548166,0.11316822366365287,0,70,255.0,255.0,255.0
1556,77.80000000000001,58.22432515373823,4.963400321022395,-41.37179979109609,2.201216265167658,0.41206317837457246,1.6846899669657704,0.026138025195968386,-0.477313313316451,0.10456322144247299,0,70,255.0,255.0,255.0
1557,77.85000000000001,58.33441565253942,4.983407358761493,-41.28743817413859,2.202343947106531,0.3882287404297104,1.6897030029823643,0.018969252358946618,-0.4760642044780858,0.09595821922129555,0,70,255.0,255.0,255.0
1558,77.9,58.44455357447151,5.002224235989396,-41.20283666163304,2.2031131904035526,0.36445675792676663,1.6942857888878995,0.01180047952192485,-0.4748150956397205,0.08735321700011811,0,70,255.0,255.0,255.0
1559,77.95,58.554720997602395,5.019854075478199,-41.118016766085,2.203523995058723,0.34074723086574105,1.6984383246823758,0.004631706684903085,-0.4735659868013553,0.07874821477894067,0,70,255.0,255.0,255.0
1560,78.0,58.6649,5.0363,-41.033,2.203576361072043,0.31710015924663376,1.7021606103657931,-0.0025370661521257887,-0.47231687796299004,0.07014321255775613,0,70,255.0,255.0,255.0
1561,78.05000000000001,58.775073128265326,5.051564490765878,-40.94780774748987,2.203298400428073,0.2934770494083276,1.7054603495614213,-0.008581359606666391,-0.47260751556904235,0.061846355267340655,0,70,255.0,255.0,255.0
1562,78.10000000000001,58.88522480313162,5.065647462742831,-40.862460879091586,2.2027182251113766,0.2698394076897255,1.708345245892528,-0.014625653061205278,-0.4728981531750946,0.05354949797692755,0,70,255.0,255.0,255.0
1563,78.15,58.99533991386525,5.0785481893368445,-40.77698013694837,2.2018358351219525,0.24618723409082083,1.7108152993591137,-0.020669946515744164,-0.47318879078114684,0.04525264068651444,0,70,255.0,255.0,255.0
1564,78.2,59.10540334973258,5.090265943953906,-40.691386263203434,2.200651230459802,0.2225205286116135,1.712870509961179,-0.02671423997028305,-0.4734794283871991,0.036955783396101324,0,70,255.0,255.0,255.0
1565,78.25,59.2154,5.1008,-40.6057,2.199164411124924,0.19883929125210356,1.714510877698724,-0.0327585334248397,-0.47377006599325244,0.02865892610569354,0,70,255.0,255.0,255.0
1566,78.30000000000001,59.3253127332006,5.110151315914108,-40.51994121894433,2.1972541331200603,0.17524462399208232,1.7157886347885771,-0.04365258676968401,-0.4700166244073819,0.02245135748843162,0,70,255.0,255.0,255.0
1567,78.35000000000001,59.435116334934236,5.118327590267198,-40.43412630949498,2.1947991524479553,0.1518376288113613,1.7167560134475672,-0.05454664011452523,-0.46626318282151247,0.01624378887117147,0,70,255.0,255.0,255.0
1568,78.4,59.544783570067594,5.125338206663233,-40.34827079057344,2.191799469108608,0.12861830570993377,1.7174130136756944,-0.06544069345936644,-0.462509741235643,0.010036220253911314,0,70,255.0,255.0,255.0
1569,78.45,59.654287203467305,5.131192548706179,-40.26239018110126,2.1882550831020193,0.10558665468779965,1.7177596354729583,-0.07633474680420765,-0.45875629964977355,0.0038286516366511612,0,70,255.0,255.0,255.0
1570,78.5,59.7636,5.1359,-40.1765,2.184165994428188,0.082742675744959,1.7177958788393592,-0.08722880014905599,-0.45500285806390467,-0.0023789169806178734,0,70,255.0,255.0,255.0
1571,78.55000000000001,59.87270233893243,5.139464645577696,-40.090618576732666,2.179989067091588,0.059768454623321664,1.717353111284314,-0.07984829331490008,-0.4639659868013798,-0.015331785221189978,0,70,255.0,255.0,255.0
1572,78.60000000000001,59.98160505713154,5.141869376188386,-40.004775482928416,2.176181165096697,0.03634607706481719,1.7162627003172402,-0.07246778648074625,-0.47292911553885236,-0.028284653461758402,0,70,255.0,255.0,255.0
1573,78.65,60.09032660586445,5.143091784010228,-39.91900310075783,2.172742288443514,0.01247554306943911,1.7145246459381385,-0.06508727964659244,-0.48189224427632493,-0.04123752170232683,0,70,255.0,255.0,255.0
1574,78.7,60.198885436398236,5.143109461221381,-39.83333381239148,2.1696724371320384,-0.011843147362812566,1.712138948147008,-0.057706772812438634,-0.4908553730137975,-0.054190389942895247,0,70,255.0,255.0,255.0
1575,78.75,60.3073,5.1419,-39.7478,2.1669716111622703,-0.036609994231937844,1.7091056069438488,-0.05032626597827772,-0.4998185017512702,-0.067143258183469,0,70,255.0,255.0,255.0
1576,78.80000000000001,60.41560031106983,5.139437301775115,-39.662437274124855,2.1653335985135587,-0.06204644248540546,1.7052309200741624,-0.015194239970170116,-0.517639428387203,-0.08784421660394921,0,70,255.0,255.0,255.0
1577,78.85000000000001,60.52386263653971,5.135680504979263,-39.57729415879125,2.165452187165253,-0.08837393707066232,1.7003211852834534,0.019937786037927507,-0.5354603550231308,-0.10854517502442354,0,70,255.0,255.0,255.0
1578,78.9,60.63217480647469,5.130585057295853,-39.49242240639521,2.1673273771173514,-0.11559247798771552,1.6943764025717207,0.055069812046025124,-0.5532812816590587,-0.12924613344489785,0,70,255.0,255.0,255.0
1579,78.95,60.74062465093977,5.124106406408295,-39.407873769332774,2.170959168369855,-0.14370206523656504,1.6873965719389645,0.09020183805412274,-0.5711022082949865,-0.1499470918653722,0,70,255.0,255.0,255.0
1580,79.0,60.8493,5.1162,-39.3237,2.176347560922763,-0.1727026988172109,1.6793816933851846,0.12533386406221325,-0.5889231349309147,-0.17064805028585184,0,70,255.0,255.0,255.0
1581,79.05000000000001,60.95826361678837,5.10683174732184,-39.23994432676778,2.1819885388542106,-0.2019666846817344,1.6708432084189575,0.10030525319564133,-0.5816362996497589,-0.17089134836315273,0,70,255.0,255.0,255.0
1582,79.10000000000001,61.06747799670972,5.09600940389456,-39.15661588190649,2.1863780862423288,-0.23086632878219185,1.662292558548868,0.07527664232907653,-0.5743494643686052,-0.17113464644045354,0,70,255.0,255.0,255.0
1583,79.15,61.176880568236875,5.083751186806357,-39.0737152736613,2.189516203087118,-0.25940163111859166,1.6537297437749132,0.050248031462511736,-0.5670626290874515,-0.17137794451775437,0,70,255.0,255.0,255.0
1584,79.2,61.2864087598427,5.070075313145436,-38.99124311027741,2.1914028893885797,-0.2875725916909338,1.6451547640970934,0.025219420595946923,-0.5597757938062977,-0.17162124259505518,0,70,255.0,255.0,255.0
1585,79.25,61.396,5.055,-38.9092,2.1920381451467126,-0.31537921049921824,1.6365676195154084,0.00019080972938212426,-0.5524889585251431,-0.17186454067236845,0,70,255.0,255.0,255.0
1586,79.30000000000001,61.5055988217768,5.0385421089375075,-38.82758941880391,2.191848246069637,-0.342902818787698,1.6277962462500233,-0.007786772812416524,-0.5484553730137979,-0.17899038994295238,0,70,255.0,255.0,255.0
1587,79.35000000000001,61.615178176621534,5.020713079442487,-38.7464263135827,2.191259467865471,-0.37022474780060277,1.6186685805211116,-0.015764355354212906,-0.5444217875024536,-0.1861162392135343,0,70,255.0,255.0,255.0
1588,79.4,61.72471812057788,5.001522995478709,-38.66572849895953,2.1902718105342154,-0.3973449975379403,1.6091846223286712,-0.02374193789600929,-0.5403882019911095,-0.19324208848411617,0,70,255.0,255.0,255.0
1589,79.45,61.83419870968949,4.980981941009954,-38.585513789557574,2.18888527407587,-0.42426356799971066,1.5993443716727014,-0.03171952043780567,-0.5363546164797653,-0.20036793775469808,0,70,255.0,255.0,255.0
1590,79.5,61.9436,4.9591,-38.5058,2.187099858490435,-0.4509804591859138,1.5891478285532021,-0.039697102979594945,-0.5323210309684212,-0.20749378702528176,0,70,255.0,255.0,255.0
1591,79.55000000000001,62.05289949610459,4.935886216928103,-38.42660359801645,2.184762476867294,-0.4775580401675052,1.5786758065809303,-0.053798161946024346,-0.5307822082949942,-0.21138709186549978,0,70,255.0,255.0,255.0
1592,79.60000000000001,62.16206449680428,4.911345478335474,-38.34793566376259,2.1817200422958325,-0.5040586800154178,1.5680091193666506,-0.06789922091244974,-0.5292433856215676,-0.2152803967057167,0,70,255.0,255.0,255.0
1593,79.65,62.27105974945169,4.8854816312787905,-38.2698059305005,2.1779725547760496,-0.530482378729659,1.5571477669103597,-0.08200027987887512,-0.527704562948141,-0.21917370154593357,0,70,255.0,255.0,255.0
1594,79.7,62.3798500013994,4.858298522814739,-38.19222413149226,2.1735200143079454,-0.5568291363102289,1.5460917492120583,-0.09610133884530053,-0.5261657402747144,-0.22306700638615048,0,70,255.0,255.0,255.0
1595,79.75,62.4884,4.8298,-38.1152,2.16836242089152,-0.5830989527571275,1.5348410662717462,-0.11020239781174013,-0.5246269176012905,-0.22696031122636917,0,70,255.0,255.0,255.0
1596,79.80000000000001,62.596675193805005,4.79999142335005,-38.03874418913017,2.162541846461127,-0.609201020542323,1.5233405274262113,-0.12262057940392167,-0.5194557938062888,-0.23306124259492084,0,70,255.0,255.0,255.0
1597,79.85000000000001,62.70464383616147,4.768884207215591,-37.96287103136684,2.156100362951127,-0.6350445321377609,1.5115349420122521,-0.13503876099609968,-0.5142846700112885,-0.23916217396347078,0,70,255.0,255.0,255.0
1598,79.9,62.812274881615444,4.736491279406105,-37.88759577903842,2.149037970361518,-0.6606294875434489,1.4994243100298656,-0.14745694258827768,-0.5091135462162883,-0.2452631053320207,0,70,255.0,255.0,255.0
1599,79.95,62.91953728471295,4.70282556773108,-37.81293368447334,2.1413546686923,-0.6859558867593869,1.4870086314790514,-0.15987512418045569,-0.5039424224212881,-0.2513640367005706,0,70,255.0,255.0,255.0
1600,80.0,63.0264,4.6679,-37.7389,2.133050457943473,-0.7110237297855748,1.4742879063598098,-0.17229330577264435,-0.498771298626286,-0.25746496806912944,0,70,255.0,255.0,255.0
1601,80.05000000000001,63.13283252867554,4.631726489671658,-37.665509245462786,2.12415813728821,-0.7358938776632316,1.4613060837142111,-0.18339952043779176,-0.4960346164797554,-0.2618079377546958,0,70,255.0,255.0,255.0
1602,80.10000000000001,63.23880655854995,4.594312892802127,-37.592773010769974,2.114710505899692,-0.7606271914335546,1.4481071125843379,-0.19450573510293598,-0.49329793433322555,-0.26615090744026093,0,70,255.0,255.0,255.0
1603,80.15,63.34429432408662,4.555666051096763,-37.52070215334576,2.104707563777917,-0.7852236710965513,1.4346909929701865,-0.20561194976808023,-0.49056125218669566,-0.27049387712582607,0,70,255.0,255.0,255.0
1604,80.2,63.44926805974884,4.515792806260931,-37.44930753061436,2.0941493109228855,-0.8096833166522215,1.4210577248717569,-0.21671816443322447,-0.48782457004016583,-0.2748368468113912,0,70,255.0,255.0,255.0
1605,80.25,63.5537,4.4747,-37.3786,2.0830357473345966,-0.8340061281005651,1.4072073082890488,-0.22782437909837228,-0.48508788789363244,-0.27917981649696166,0,70,255.0,255.0,255.0
1606,80.30000000000001,63.65756109149298,4.432394617963269,-37.30859082901861,2.071289604385997,-0.8581834688047801,1.3931151377169646,-0.2420213388455157,-0.4820057402747491,-0.28450700638628007,0,70,255.0,255.0,255.0
1607,80.35000000000001,63.76081712963883,4.388884221575865,-37.239292925553194,2.058833613450043,-0.8822067021280441,1.3787566076504185,-0.25621829859265505,-0.4789235926558666,-0.289834196275597,0,70,255.0,255.0,255.0
1608,80.4,63.86343262203819,4.3441765162068195,-37.17071960757848,2.0456677745267324,-0.906075828070364,1.3641317180894066,-0.2704152583397944,-0.4758414450369841,-0.29516138616491383,0,70,255.0,255.0,255.0
1609,80.45,63.9653720762917,4.298279207225183,-37.10288419306917,2.0317920876160653,-0.9297908466317398,1.3492404690339286,-0.28461221808693377,-0.47275929741810163,-0.30048857605423074,0,70,255.0,255.0,255.0
1610,80.5,64.0666,4.2512,-37.0358,2.017206552718041,-0.9533517578121714,1.3340828604839852,-0.298809177834066,-0.4696771497992165,-0.3058157659435441,0,70,255.0,255.0,255.0
1611,80.55000000000001,64.16708230535265,4.202947038475205,-36.969480238462694,2.0019954451676867,-0.9767322471176886,1.3186653654178806,-0.30963512417997485,-0.465542422421257,-0.3108840367005031,0,70,255.0,255.0,255.0
1612,80.60000000000001,64.26679052289482,4.153530220894371,-36.90393768701717,1.9862430403000408,-0.9999060000543011,1.3029944568139322,-0.3204610705258806,-0.46140769504329865,-0.3159523074574606,0,70,255.0,255.0,255.0
1613,80.65,64.36569758776068,4.10295988407593,-36.83918501634028,1.9699493381151003,-1.022873016622016,1.2870701346721363,-0.3312870168717863,-0.4572729676653403,-0.3210205782144181,0,70,255.0,255.0,255.0
1614,80.7,64.46377643508437,4.051246364838324,-36.77523489710892,1.9531143386128642,-1.0456332968208326,1.2708923989924925,-0.342112963217692,-0.453138240287382,-0.32608884897137563,0,70,255.0,255.0,255.0
1615,80.75,64.561,3.9984,-36.7121,1.9357380417933328,-1.0681868406507515,1.2544612497750003,-0.3529389095636102,-0.4490035129094281,-0.33115711972833495,0,70,255.0,255.0,255.0
1616,80.80000000000001,64.65734008709654,3.9444308281358427,-36.64979301713051,1.9177526149433959,-1.0905515427244965,1.2377754006115034,-0.36647816443370107,-0.4455845700401702,-0.3362768468113889,0,70,255.0,255.0,255.0
1617,80.85000000000001,64.75276397878197,3.8893476948465993,-36.58832672637808,1.8990902253499597,-1.1127452976547725,1.2208335650938587,-0.3800174193037881,-0.44216562717091334,-0.3413965738944414,0,70,255.0,255.0,255.0
1618,80.9,64.84723782691914,3.8331591474894293,-36.52771392706037,1.8797508730130192,-1.1347681054415855,1.2036357432220612,-0.39355667417387513,-0.4387466843016565,-0.3465163009774939,0,70,255.0,255.0,255.0
1619,80.95,64.94072778337086,3.775873733421505,-36.467967418495114,1.8597345579325746,-1.1566199660849357,1.1861819349961114,-0.4070959290439622,-0.43532774143239955,-0.3516360280605464,0,70,255.0,255.0,255.0
1620,81.0,65.0332,3.7175,-36.4091,1.839041280108625,-1.178300879584823,1.1684721404160088,-0.4206351839140581,-0.431908798563148,-0.3567557551436007,0,70,255.0,255.0,255.0
1621,81.05000000000001,65.12462134626132,3.6580464489813513,-36.35112449301516,1.817714095058599,-1.1998135819843592,1.150505032136059,-0.4324522180867929,-0.4285992974181002,-0.36192857605422485,0,70,255.0,255.0,255.0
1622,81.10000000000001,65.21496156197739,3.597521399719175,-36.294053807470476,1.7957960582999424,-1.2211608093266368,1.1322792828105832,-0.44426925225952435,-0.4252897962730534,-0.36710139696484756,0,70,255.0,255.0,255.0
1623,81.15,65.30419110456282,3.5359331259663156,-36.237900875418205,1.773287169832649,-1.2423425616116621,1.1137948924395764,-0.4560862864322558,-0.42198029512800656,-0.37227421787547027,0,70,255.0,255.0,255.0
1624,81.2,65.39228043143218,3.4732899014756367,-36.182678628910615,1.7501874296567193,-1.263358838839435,1.0950518610230382,-0.46790332060498724,-0.41867079398295975,-0.3774470387860929,0,70,255.0,255.0,255.0
1625,81.25,65.4792,3.4096,-36.1284,1.7264968377721532,-1.284209641009956,1.0760501885609692,-0.47972035477772046,-0.4153612928379147,-0.3826198596967192,0,70,255.0,255.0,255.0
1626,81.30000000000001,65.56492092785831,3.3448705759386694,-36.07507781080876,1.702255004822269,-1.3049621293380929,1.0567964708442628,-0.48995296321742343,-0.41473824028737866,-0.3875288489713725,0,70,255.0,255.0,255.0
1627,81.35000000000001,65.64941697330853,3.279104306276639,-36.02272444373996,1.6775015414504069,-1.3256834650386973,1.0372973036638289,-0.5001855716571235,-0.4141151877368428,-0.3924378382460245,0,70,255.0,255.0,255.0
1628,81.4,65.73266255482964,3.2123027486452664,-35.97135217126678,1.6522364476565596,-1.346373648111775,1.0175526870196623,-0.5104181800968235,-0.413492135186307,-0.39734682752067646,0,70,255.0,255.0,255.0
1629,81.45,65.8146320909005,3.1444674606759278,-35.92097326586239,1.6264597234407274,-1.3670326785573257,0.9975626209117634,-0.5206507885365236,-0.41286908263577116,-0.40225581679532846,0,70,255.0,255.0,255.0
1630,81.5,65.8953,3.0756,-35.8716,1.6001713688029104,-1.38766055637535,0.9773271053401318,-0.530883396976229,-0.4122460300852371,-0.4071648060699804,0,70,255.0,255.0,255.0
1631,81.55000000000001,65.97463414230558,3.0057088472638815,-35.82324506374973,1.572977885652384,-1.4078419006632958,0.9568210844868608,-0.5568559290445807,-0.39500774143241557,-0.41307602806067606,0,70,255.0,255.0,255.0
1632,81.60000000000001,66.05257614478853,2.9348301751742025,-35.775922817569636,1.544485775898448,-1.427161330518595,0.9360195025340607,-0.5828284611129251,-0.37776945277959895,-0.41898725005137005,0,70,255.0,255.0,255.0
1633,81.65,66.1290610761187,2.863007079452575,-35.72964803951466,1.5146950395410947,-1.4456188459412536,0.9149223594817261,-0.6088009931812693,-0.3605311641267823,-0.424898472042064,0,70,255.0,255.0,255.0
1634,81.7,66.2040240049659,2.7902826558206297,-35.68443550763978,1.4836056765803247,-1.4632144469312711,0.8935296553298567,-0.6347735252496136,-0.3432928754739657,-0.430809694032758,0,70,255.0,255.0,255.0
1635,81.75,66.2774,2.7167,-35.6403,1.4512176870161368,-1.4799481334886482,0.8718413900784528,-0.6607460573179598,-0.3260545868211491,-0.43672091602345287,0,70,255.0,255.0,255.0
1636,81.80000000000001,66.34912090291948,2.642325235005707,-35.597254734192255,1.417337452568065,-1.4944382680087533,0.8499511912082127,-0.6944633206046008,-0.2535507939829289,-0.43888703878595225,0,70,255.0,255.0,255.0
1637,81.85000000000001,66.41910564753742,2.567316593026477,-35.55530668598148,1.3817713549556714,-1.5053032128869441,0.827952686199854,-0.7281805838912324,-0.1810470011447294,-0.44105316154845103,0,70,255.0,255.0,255.0
1638,81.9,66.48726994069564,2.491855333544386,-35.51446127067457,1.344519394178946,-1.5125429681232254,0.8058458750533702,-0.7618978471778639,-0.10854320830652989,-0.4432192843109498,0,70,255.0,255.0,255.0
1639,81.95,66.5535294892359,2.4161227160415284,-35.47472390357845,1.3055815702378892,-1.5161575337175968,0.7836307577687615,-0.7956151104644954,-0.03603941546833034,-0.4453854070734486,0,70,255.0,255.0,255.0
1640,82.0,66.6178,2.3403,-35.4361,1.264957883132501,-1.5161469096700584,0.7613073343460278,-0.829332373751134,0.036464377369863854,-0.44755152983594915,0,70,255.0,255.0,255.0
1641,82.05000000000001,66.68002064601664,2.2645430127131903,-35.398590399481215,1.2240563040753016,-1.5140370273017054,0.7391501506802414,-0.8067307885364686,0.047930917364229,-0.4387358167953099,0,70,255.0,255.0,255.0
1642,82.10000000000001,66.74022446506189,2.1889058527198118,-35.36217763850444,1.184284804278847,-1.5113538179336352,0.7174337526664929,-0.7841292033218097,0.05939745735859088,-0.4299201037546731,0,70,255.0,255.0,255.0
1643,82.15,66.79846796109885,2.1134171863698303,-35.32683967778704,1.145643383743125,-1.5080972815658469,0.6961581403047764,-0.7615276181071506,0.07086399735295276,-0.4211043907140364,0,70,255.0,255.0,255.0
1644,82.2,66.85480763809053,2.038105680013231,-35.29255447804643,1.1081320424681362,-1.5042674181983402,0.6753233135950917,-0.7389260328924917,0.08233053734731464,-0.4122886776733996,0,70,255.0,255.0,255.0
1645,82.25,66.9093,1.963,-35.2593,1.07175078045388,-1.4998642278311158,0.6549292725374388,-0.7163244476778363,0.09379707734168719,-0.40347296463276816,0,70,255.0,255.0,255.0
1646,82.30000000000001,66.9619957130141,1.8881355141414313,-35.22705646788283,1.0361493311306795,-1.4944856227844214,0.6348402060707977,-0.7077335252498502,0.12134712452603638,-0.4000896940326937,0,70,255.0,255.0,255.0
1647,82.35000000000001,67.0129220922151,1.8135743960941988,-35.19581316000075,1.0009774279288886,-1.4877295153785115,0.614920303134166,-0.6991426028218665,0.14889717171037775,-0.39670642343262014,0,70,255.0,255.0,255.0
1648,82.4,67.06210061490903,1.739385520976242,-35.16556161817725,0.966235070848497,-1.4795959056133845,0.5951695637275379,-0.6905516803938828,0.1764472188947191,-0.3933231528325466,0,70,255.0,255.0,255.0
1649,82.45,67.10955275840196,1.6656377639055224,-35.136293384235834,0.9319222598895045,-1.4700847934890406,0.5755879878509136,-0.6819607579658991,0.20399726607906046,-0.38993988223247306,0,70,255.0,255.0,255.0
1650,82.5,67.1553,1.5924,-35.108,0.898038995051911,-1.4591961790054797,0.5561755755042928,-0.6733698355379154,0.23154731326339473,-0.38655661163240396,0,70,255.0,255.0,255.0
1651,82.55000000000001,67.19936530192696,1.5197389307209839,-35.08067172898741,0.8646743714018456,-1.4470604815606005,0.5370090250366383,-0.6612151104643968,0.2538805845316646,-0.3801054070736,0,70,255.0,255.0,255.0
1652,82.60000000000001,67.24177756607774,1.4477125629033176,-35.05429372149253,0.8319174840054655,-1.4338081205523114,0.5181650347969294,-0.6490603853908816,0.27621385579992813,-0.3736542025147979,0,70,255.0,255.0,255.0
1653,82.65,67.28256717926507,1.376376729725151,-35.02884984950393,0.799768332862761,-1.4194390959806091,0.4996436047851606,-0.6369056603173665,0.2985471270681917,-0.36720299795599587,0,70,255.0,255.0,255.0
1654,82.7,67.32176452830159,1.305787264364655,-35.00432398501022,0.7682269179737325,-1.4039534078454938,0.48144473500133195,-0.6247509352438513,0.3208803983364552,-0.36075179339719377,0,70,255.0,255.0,255.0
1655,82.75,67.3594,1.236,-34.9807,0.7372932393383795,-1.3873510561469657,0.4635684254454433,-0.6125962101703379,0.34321366960471344,-0.35430058883839255,0,70,255.0,255.0,255.0
1656,82.80000000000001,67.39550307927807,1.1670719629745347,-34.95796221616745,0.7069131832618059,-1.3695604509731607,0.44598769378264247,-0.6026060328923342,0.3684105373473269,-0.3489286776734799,0,70,255.0,255.0,255.0
1657,82.85000000000001,67.43009964347392,1.0990649522924576,-34.936096754029094,0.6770326360491409,-1.3505100024122303,0.4286755576780923,-0.5926158556143332,0.39360740508993325,-0.3435567665085688,0,70,255.0,255.0,255.0
1658,82.9,67.46321466803072,1.032041960123105,-34.91509018380701,0.6476515977003758,-1.3301997104641696,0.41163201713178754,-0.5826256783363323,0.4188042728325396,-0.3381848553436577,0,70,255.0,255.0,255.0
1659,82.95,67.49487312839167,0.9660659786358337,-34.89492907572328,0.618770068215511,-1.3086295751289787,0.3948570721437284,-0.5726355010583313,0.44400114057514595,-0.33281294417874663,0,70,255.0,255.0,255.0
1660,83.0,67.5251,0.9012,-34.8756,0.5903880475945461,-1.2857995964066573,0.3783507227139148,-0.5626453237803313,0.4691980083177576,-0.3274410330138373,0,70,255.0,255.0,255.0
1661,83.05000000000001,67.55392158096076,0.8375060173807838,-34.85708980634274,0.5625848955508849,-1.2617697145467313,0.36209619983275787,-0.5494807579658648,0.49199726607906363,-0.32273988223229055,0,70,255.0,255.0,255.0
1662,83.10000000000001,67.5813694600266,0.7750420279267836,-34.83938646239107,0.5354399717979547,-1.236599869798747,0.3460767344906829,-0.5363161921514021,0.5147965238403632,-0.3180387314507452,0,70,255.0,255.0,255.0
1663,83.15,67.60747654861207,0.7138650297823839,-34.82247821526803,0.5089532763357477,-1.210290062162698,0.3302923266876852,-0.5231516263369393,0.5375957816016628,-0.31333758066919976,0,70,255.0,255.0,255.0
1664,83.2,67.63227575813168,0.6540320210919883,-34.806353312096654,0.4831248091642638,-1.1828402916385838,0.31474297642376475,-0.5099870605224767,0.5603950393629623,-0.3086364298876544,0,70,255.0,255.0,255.0
1665,83.25,67.6558,0.5956,-34.791,0.45795457028350284,-1.1542505582264049,0.2994286836989215,-0.49682249470801665,0.5831942971242725,-0.30393527910610896,0,70,255.0,255.0,255.0
1666,83.30000000000001,67.6780809968789,0.538626367502244,-34.77640575846155,0.4333712345346993,-1.12449669083988,0.2843955068863336,-0.48651093524390004,0.6069603983364577,-0.29739179339727206,0,70,255.0,255.0,255.0
1667,83.35000000000001,67.6991457164197,0.4831701360003455,-34.76255499640661,0.40930347675910855,-1.0935545183927542,0.26968950435919165,-0.47619937577978644,0.6307264995486361,-0.29084830768843706,0,70,255.0,255.0,255.0
1668,83.4,67.71901993752104,0.4292907207473184,-34.74943135512088,0.3857512969567234,-1.0614240408850197,0.25531067611749153,-0.4658878163156728,0.6544926007608146,-0.28430482197960205,0,70,255.0,255.0,255.0
1669,83.45,67.73772943908158,0.3770475369961931,-34.737018475890096,0.3627146951275439,-1.0281052583166765,0.24125902216123307,-0.4555762568515591,0.678258701972993,-0.27776133627076705,0,70,255.0,255.0,255.0
1670,83.5,67.7553,0.3265,-34.7253,0.3401936712715701,-0.9935981706877244,0.2275345424904164,-0.44526469738744545,0.7020248031851732,-0.27121785056193226,0,70,255.0,255.0,255.0
1671,83.55000000000001,67.77175763152367,0.2777085126101635,-34.714260759811026,0.3182021663104127,-0.9578435220937082,0.21406577262189597,-0.4343955010586509,0.7281611405751518,-0.2675329441787628,0,70,255.0,255.0,255.0
1672,83.60000000000001,67.78712927429466,0.23073742807177883,-34.70389035198249,0.2967541211657011,-0.9207820566302034,0.2007812480725378,-0.4235263047298594,0.754297477965123,-0.2638480377955943,0,70,255.0,255.0,255.0
1673,83.65,67.80144210130385,0.18565208722830673,-34.69417956424845,0.27584953583742916,-0.8824137742972,0.18768096884233806,-0.41265710840106795,0.7804338153550942,-0.2601631314124258,0,70,255.0,255.0,255.0
1674,83.7,67.814723285542,0.14251783092322215,-34.68511918434293,0.25548841032559666,-0.8427386750946984,0.1747649349312967,-0.4017879120722765,0.8065701527450654,-0.2564782250292574,0,70,255.0,255.0,255.0
1675,83.75,67.827,0.1014,-34.6767,0.23567074463020382,-0.8017567590226982,0.1620331463394138,-0.3909187157434837,0.8327064901350347,-0.25279331864609,0,70,255.0,255.0,255.0
1676,83.80000000000001,67.83830047702651,0.06236038205703689,-34.66891120229435,0.21646010022355128,-0.7596812207852385,0.1495814026260654,-0.3775070605224434,0.8503150393629693,-0.2452764298877329,0,70,255.0,255.0,255.0
1677,83.85000000000001,67.8486571864017,0.025446551712492348,-34.66173559566342,0.19792003857795606,-0.7167252550863943,0.1375055033506383,-0.36409540530140694,0.8679235885908989,-0.23775954112937794,0,70,255.0,255.0,255.0
1678,83.9,67.85810365726365,-0.00929746966057518,-34.655154387885325,0.18005055969341266,-0.6728888619261536,0.12580544851312894,-0.3506837500803705,0.8855321378188284,-0.23024265237102298,0,70,255.0,255.0,255.0
1679,83.95,67.86667341875041,-0.041827660689095894,-34.649148786738145,0.162851663569921,-0.6281720413045164,0.11448123811353732,-0.33727209485933407,0.9031406870467581,-0.22272576361266802,0,70,255.0,255.0,255.0
1680,84.0,67.8744,-0.0721,-34.6437,0.1463233502074812,-0.582574793221483,0.1035328721518634,-0.3238604396382978,0.9207492362746885,-0.21520887485431361,0,70,255.0,255.0,255.0
1681,84.05000000000001,67.88131406037031,-0.10005964083836258,-34.63879123101157,0.13029343279524352,-0.5354475947652799,0.09284061687373697,-0.3173362568510623,0.9643387019730034,-0.21248133627064597,0,70,255.0,255.0,255.0
1682,84.10000000000001,67.8874347800985,-0.1256084349217846,-34.63441366536381,0.11458972452237215,-0.486140923024175,0.08228473852479695,-0.3108120740638287,1.007928167671306,-0.20975379768697913,0,70,255.0,255.0,255.0
1683,84.15,67.89277846964154,-0.14863740858602872,-34.630560484210264,0.09921222538886243,-0.4346547779981551,0.07186523710504025,-0.3042878912765951,1.0515176333696086,-0.20702625910331227,0,70,255.0,255.0,255.0
1684,84.2,67.89736143945639,-0.1690375881668491,-34.62722486870448,0.08416093539471438,-0.38098915968722014,0.061582112614466895,-0.29776370848936146,1.0951070990679113,-0.20429872051964543,0,70,255.0,255.0,255.0
1685,84.25,67.9012,-0.1867,-34.6244,0.069435854539928,-0.3251440680913702,0.051435365053076866,-0.29123952570212774,1.1386965647662137,-0.20157118193597862,0,70,255.0,255.0,255.0
1686,84.30000000000001,67.90431848149223,-0.20155381870362263,-34.622074273659386,0.05551816859555523,-0.26940840015357587,0.041712129878946624,-0.26546791207265635,1.0907301527450517,-0.18735822502914276,0,70,255.0,255.0,255.0
1687,84.35000000000001,67.90677329320425,-0.2136808120253783,-34.62021694288135,0.04288906333265973,-0.21607105281685504,0.0326995425501608,-0.23969629844319226,1.0427637407239032,-0.17314526812231096,0,70,255.0,255.0,255.0
1688,84.4,67.90862886417018,-0.2232008959953245,-34.61879247527362,0.031548538751237365,-0.16513202608119149,0.02439760306671651,-0.2139246848137282,0.9947973287027548,-0.15893231121547913,0,70,255.0,255.0,255.0
1689,84.45,67.90994962342407,-0.23023398664351413,-34.617765338443924,0.02149659485128813,-0.11659131994658523,0.016806311428613777,-0.1881530711842641,0.9468309166816065,-0.14471935430864732,0,70,255.0,255.0,255.0
1690,84.5,67.9108,-0.2349,-34.6171,0.012733231632812023,-0.07044893441303625,0.009925667635852599,-0.16238145755480007,0.8988645046604578,-0.13050639740181558,0,70,255.0,255.0,255.0
1691,84.55000000000001,67.91125041366082,-0.23739148434716564,-34.616753274350884,0.005617892822458375,-0.031062804620348185,0.004214863610487222,-0.12223209485928113,0.6765806870467067,-0.09792576361274755,0,70,255.0,255.0,255.0
1692,84.60000000000001,67.91139524708449,-0.23819151697671367,-34.61665136311079,0.0005100221468822969,-0.002790865708356651,0.00013309127457654694,-0.08208273216377361,0.4542968694330189,-0.06534512982368879,0,70,255.0,255.0,255.0
1693,84.65,67.91133487367776,-0.23785580743267934,-34.61671281469526,-0.002590380393918519,0.014366882322951129,-0.0023196493718812845,-0.04193336946826608,0.23201305181933107,-0.03276449603463001,0,70,255.0,255.0,255.0
1694,84.7,67.91116966684734,-0.23694006525909672,-34.61685617751983,-0.0036833147999440763,0.02041043947357514,-0.0031433583288862695,-0.0017840067727585562,0.0097292342056432,-0.00018386224557123687,0,70,255.0,255.0,255.0
1695,84.75,67.911,-0.236,-34.617,-0.0027687810711943647,0.015339805743515404,-0.002338035596438413,0.038365355922748964,-0.21255458340804445,0.03239677154348748,0,70,255.0,255.0,255.0
1696,84.80000000000001,67.91090546386451,-0.23547624390771923,-34.61707982893708,-0.0010937398853545018,0.006059618635010196,-0.0009235843208434666,0.028636291510830324,-0.15865290093207945,0.02418127948029751,0,70,255.0,255.0,255.0
1697,84.85000000000001,67.9108825184578,-0.23534912006776884,-34.61709920467547,9.484807988905015e-05,-0.0005254843496946609,8.009235159166077e-05,0.01890722709891445,-0.10475121845612981,0.015965787417109873,0,70,255.0,255.0,255.0
1698,84.9,67.91090684111882,-0.23548387427395875,-34.61707866594531,0.0007969828245368358,-0.004415503210602188,0.0006729944208674298,0.009178162686998576,-0.05084953598018013,0.007750295353922236,0,70,255.0,255.0,255.0
1699,84.95,67.91095410918656,-0.2357457523200991,-34.61703875147677,0.0010126643485888556,-0.005610437947712384,0.0008551218869838409,-0.0005509017249172993,0.0030521464957695144,-0.0004651967092654044,0,70,255.0,255.0,255.0
1700,85.0,67.911,-0.236,-34.617,0.0007418926520451088,-0.004110288561025251,0.0006264747499408911,-0.010279966136833175,0.05695382897171923,-0.008680688772453048,0,70,255.0,255.0,255.0
1701,85.05000000000001,67.91102533088116,-0.2361403400219575,-34.61697860990078,0.00029306671901044746,-0.0016236699196915641,0.0002474736729120538,-0.007673071184549199,0.04251091668160561,-0.0064793543086969965,0,70,255.0,255.0,255.0
1702,85.10000000000001,67.91103147908437,-0.23617440275221094,-34.61697341818732,-2.5414466409913537e-05,0.00014080310713587819,-2.1460680928895058e-05,-0.005066176232265965,0.028068004391496093,-0.004278019844941571,0,70,255.0,255.0,255.0
1703,85.15,67.91102496184699,-0.23613829547148565,-34.616978921523476,-0.00021355090421612012,0.0011831305194578848,-0.00018032831158207893,-0.0024592812799827304,0.013625092101386578,-0.0020766853811861443,0,70,255.0,255.0,255.0
1704,85.2,67.9110122964064,-0.23606812546050693,-34.61698961657309,-0.00027134259440817236,0.0015033123172744573,-0.0002291292190474977,0.00014761367230050303,-0.0008178201887229439,0.00012464908256928225,0,70,255.0,255.0,255.0
1705,85.25,67.911,-0.236,-34.617,-0.00019878953698607084,0.001101348500585597,-0.00016786340332515127,0.0027545086245837377,-0.015260732478832445,0.002325983546324707,0,70,255.0,255.0,255.0
1706,85.30000000000001,67.91099321261085,-0.2359623960044507,-34.61700573145981,-7.852699068728813e-05,0.0004350610437560604,-6.631037080474865e-05,0.0020559932273664762,-0.011390765794342964,0.0017361377544904747,0,70,255.0,255.0,255.0
1707,85.35000000000001,67.91099156520478,-0.2359532689233873,-34.61700712257524,6.809785750604226e-06,-3.772807884885139e-05,5.750372123919384e-06,0.0013574778301494133,-0.007520799109854584,0.00114629196265641,0,70,255.0,255.0,255.0
1708,85.4,67.91099331149326,-0.23596294384009853,-34.61700564796077,5.7220792327645494e-05,-0.00031701886722935513,4.831882546088581e-05,0.0006589624329323505,-0.003650832425366202,0.0005564461708223454,0,70,255.0,255.0,255.0
1709,85.45,67.91099670518784,-0.23598174583787315,-34.617002782230855,7.27060290438355e-05,-0.0004028113213854509,6.139498920615068e-05,-3.95529642847124e-05,0.00021913425912217788,-3.339962101171941e-05,0,70,255.0,255.0,255.0
1710,85.5,67.911,-0.236,-34.617,5.326549589917447e-05,-0.00029510544131713864,4.4978863359714126e-05,-0.000738068361501775,0.0040891009436105595,-0.0006232454128457844,0,70,255.0,255.0,255.0
1711,85.55000000000001,67.91100181867544,-0.2360100759602396,-34.61699846425997,2.1041243738705147e-05,-0.00011657425533267773,1.7767810306940688e-05,-0.0005509017249167049,0.0030521464957662535,-0.0004651967092649057,0,70,255.0,255.0,255.0
1712,85.60000000000001,67.91100226009657,-0.2360125215542398,-34.61699809151171,-1.8246765925033759e-06,1.0109208259527497e-05,-1.540807566782657e-06,-0.000363735088331688,0.0020151920479222424,-0.00030714800568407185,0,70,255.0,255.0,255.0
1713,85.65,67.91100179217997,-0.2360099291681202,-34.61699848663347,-1.533226509446158e-05,8.494494945953505e-05,-1.2946990261464748e-05,-0.0001765684517466711,0.0009782376000782313,-0.00014909930210323802,0,70,255.0,255.0,255.0
1714,85.7,67.91100088284226,-0.23600489118800036,-34.61699925450349,-1.9481521767169494e-05,0.00010793296826734514,-1.645073777710561e-05,1.0598184838345702e-05,-5.8716847765779775e-05,8.94940147759581e-06,0,70,255.0,255.0,255.0
1715,85.75,67.911,-0.236,-34.617,-1.4272446610627078e-05,7.907326468295736e-05,-1.2052050113705212e-05,0.00019776482142336256,-0.001095671295609791,0.00016699810505842953,0,70,255.0,255.0,255.0
1716,85.80000000000001,67.9109995126874,-0.23599730015459083,-34.6170004115003,-5.637984267532461e-06,3.1235977574650497e-05,-4.760870423014136e-06,0.0001476136723003436,-0.0008178201887220485,0.0001246490825691472,0,70,255.0,255.0,255.0
1717,85.85000000000001,67.91099939440896,-0.23599664485965344,-34.617000511377896,4.889206194092516e-07,-2.7087541892584136e-06,4.128581432111706e-07,9.746252317733889e-05,-0.000539969081834385,8.23000600798769e-05,0,70,255.0,255.0,255.0
1718,85.9,67.91099951978681,-0.2359973394874207,-34.61700040550533,4.108268050200875e-06,-2.2760930608784944e-05,3.469135584973084e-06,4.731137405433419e-05,-0.0002621179749467215,3.995103759060661e-05,0,70,255.0,255.0,255.0
1719,85.95,67.91099976344313,-0.23599868941012525,-34.61700019975519,5.220058024842405e-06,-2.8920551683929077e-05,4.407961902271604e-06,-2.8397750686705173e-06,1.5733131940941876e-05,-2.397984898663694e-06,0,70,255.0,255.0,255.0
1720,86.0,67.911,-0.236,-34.617,3.8242905433338395e-06,-2.1187617414690838e-05,3.2293370951067322e-06,-5.299092419167518e-05,0.0002935842388286054,-4.4747007387933984e-05,0,70,255.0,255.0,255.0
1721,86.05000000000001,67.91100013057502,-0.23600072342139705,-34.61699988973882,1.510693331424698e-06,-8.369654965924257e-06,1.2756713851158552e-06,-3.955296428466945e-05,0.00021913425912194125,-3.339962101168333e-05,0,70,255.0,255.0,255.0
1722,86.10000000000001,67.91100016226763,-0.23600089900714633,-34.616999862976705,-1.3100588513363317e-07,7.25808497506212e-07,-1.1062500606204635e-07,-2.6115004377667533e-05,0.00014468427941529826,-2.2052234635435896e-05,0,70,255.0,255.0,255.0
1723,86.15,67.91100012867273,-0.23600071288219707,-34.616999891345166,-1.1008071063419072e-06,6.098772975604742e-06,-9.295520784276089e-07,-1.2677044470665622e-05,7.023429970865529e-05,-1.0704848259188468e-05,0,70,255.0,255.0,255.0
1724,86.2,67.91100006338523,-0.23600035117149853,-34.61699994647576,-1.398710332200123e-06,7.749238468371345e-06,-1.1811098319808322e-06,7.609154363362927e-07,-4.215679997987673e-06,6.425381170589673e-07,0,70,255.0,255.0,255.0
1725,86.25,67.911,-0.236,-34.617,-1.0247155627082818e-06,5.677204975806002e-06,-8.652982667217166e-07,1.4198875343338207e-05,-7.866565970463068e-05,1.1989924493306392e-05,0,70,255.0,255.0,255.0
1726,86.30000000000001,67.91099996501254,-0.23599980615982086,-34.617000029544386,-4.0478905816633026e-07,2.242642289046541e-06,-3.4181511744928517e-07,1.0598184838334216e-05,-5.8716847765716546e-05,8.949401477586106e-06,0,70,255.0,255.0,255.0
1727,86.35000000000001,67.91099995652051,-0.23599975911176113,-34.617000036715275,3.510292112528136e-08,-1.9447980076643606e-07,2.9641881037013474e-08,6.997494333331249e-06,-3.8768035826808085e-05,5.908878461866682e-06,0,70,255.0,255.0,255.0
1728,86.4,67.91099996552225,-0.235999808983791,-34.617000029113974,2.9496037516675503e-07,-1.6341612936340478e-06,2.4907272873734953e-07,3.396803828328282e-06,-1.8819223887899624e-05,2.868355446147259e-06,0,70,255.0,255.0,255.0
1729,86.45,67.910999983016,-0.23599990590388054,-34.61700001434178,3.747833039580903e-07,-2.07640218955629e-06,3.1647742565172283e-07,-2.03886676674684e-07,1.1295880510088431e-06,-1.7216756957216335e-07,0,70,255.0,255.0,255.0
1730,86.5,67.911,-0.236,-34.617,2.745717074992876e-07,-1.5212024885331696e-06,2.318559717801342e-07,-3.804577181677653e-06,2.1078399989917297e-05,-3.212690585291586e-06,0,70,255.0,255.0,255.0
1731,86.55000000000001,67.91100000937486,-0.23600005193931944,-34.616999992083606,1.0846290124062294e-07,-6.00914190261905e-07,9.158908468128533e-08,-2.8397750686674222e-06,1.5733131940924918e-05,-2.397984898661093e-06,0,70,255.0,255.0,255.0
1732,86.60000000000001,67.91100001165029,-0.23600006454580902,-34.616999990162164,-9.405799367492547e-09,5.2110705559532255e-08,-7.942518086007149e-09,-1.8749729556574658e-06,1.0387863891934057e-05,-1.5832792120308317e-06,0,70,255.0,255.0,255.0
1733,86.65,67.9110000092383,-0.23600005118263892,-34.616999992198934,-7.903439432511297e-08,4.378721989314415e-07,-6.673883652178885e-08,-9.101708426475093e-07,5.0425958429431955e-06,-7.685735254005705e-07,0,70,255.0,255.0,255.0
1734,86.7,67.91100000455086,-0.23600002521297922,-34.61699999615713,-1.0042288363223839e-07,5.563702898538228e-07,-8.479987062605976e-08,5.46312703624471e-08,-3.026722060476624e-07,4.6132161229690726e-08,0,70,255.0,255.0,255.0
1735,86.75,67.911,-0.236,-34.617,-7.357126728886854e-08,4.0760497832667697e-07,-6.212562039882012e-08,1.0194333833724038e-06,-5.6479402550385245e-06,8.608378478599513e-07,0,70,255.0,255.0,255.0
1736,86.80000000000001,67.910999997488,-0.2359999860829013,-34.61700000212119,-2.906254679616153e-08,1.6101447200107944e-07,-2.4541221275856107e-08,7.609154363354717e-07,-4.215679997983134e-06,6.425381170582675e-07,0,70,255.0,255.0,255.0
1737,86.85000000000001,67.9109999968783,-0.23599998270500255,-34.61700000263603,2.5202763446887924e-09,-1.3963021471692717e-08,2.1281913070152004e-09,5.023974892986131e-07,-2.78341974092815e-06,4.242383862566457e-07,0,70,255.0,255.0,255.0
1738,86.9,67.91099999752461,-0.23599998628565325,-34.617000002090286,2.1177202133696928e-08,-1.1732750209171964e-07,1.7882617349806034e-08,2.438795422617546e-07,-1.351159483873166e-06,2.0593865545502392e-07,0,70,255.0,255.0,255.0
1739,86.95,67.9109999987806,-0.23599999324420254,-34.617000001029695,2.6908230570862876e-08,-1.4907896985900166e-07,2.2722056852516415e-08,-1.463840477510398e-08,8.110077318181827e-08,-1.2361075346597856e-08,0,70,255.0,255.0,255.0
1740,87.0,67.911,-0.236,-34.617,1.97133616561866e-08,-1.0921742477353837e-07,1.6646509815146335e-08,-2.7315635181196276e-07,1.513361030236802e-06,-2.306608061482196e-07,0,70,255.0,255.0,255.0
1741,87.05000000000001,67.91100000067308,-0.2360000037290753,-34.61699999943163,7.787285944023193e-09,-4.3143697742412856e-08,6.5758004221391314e-09,-2.0388667667446504e-07,1.1295880510076177e-06,-1.7216756957197695e-07,0,70,255.0,255.0,255.0
1742,87.10000000000001,67.91100000083645,-0.23600000463418058,-34.61699999929367,-6.753060112626292e-10,3.741380327238496e-09,-5.70247142053661e-10,-1.3461700153698702e-07,7.458150717785426e-07,-1.1367433299575093e-07,0,70,255.0,255.0,255.0
1743,87.15,67.91100000066328,-0.23600000367474813,-34.61699999943991,-5.674414209674742e-09,3.143780943543717e-08,-4.791632877435318e-09,-6.534732639950899e-08,3.620420925494674e-07,-5.518109641952491e-08,0,70,255.0,255.0,255.0
1744,87.2,67.91100000032675,-0.23600000181021047,-34.61699999972409,-7.210038651213149e-09,3.994558958218313e-08,-6.0883567840058334e-09,3.92234873796903e-09,-2.1730886679607735e-08,3.3121401567011235e-09,0,70,255.0,255.0,255.0
1745,87.25,67.911,-0.236,-34.617,-5.282179335877858e-09,2.92647207674765e-08,-4.460418861765218e-09,7.319202387544704e-08,-4.05503865908683e-07,6.18053767329272e-08,0,70,255.0,255.0,255.0
1746,87.30000000000001,67.91099999981965,-0.23599999900079727,-34.61700000015229,-2.0865969799312472e-09,1.1560318968571975e-08,-1.7619804127004158e-09,5.463127036238831e-08,-3.02672206047337e-07,4.613216122964037e-08,0,70,255.0,255.0,255.0
1747,87.35000000000001,67.91099999977587,-0.23599999875827504,-34.61700000018926,1.8094770036170248e-10,-1.0024998372612409e-09,1.5279726119943394e-10,3.607051684933486e-08,-1.9984054618602028e-07,3.045894572635799e-08,0,70,255.0,255.0,255.0
1748,87.4,67.91099999982227,-0.23599999901535418,-34.61700000015007,1.5204547050020322e-09,-8.423735650028924e-09,1.2839141599352097e-09,1.7509763336281407e-08,-9.700888632470354e-08,1.4785730223075614e-08,0,70,255.0,255.0,255.0
1749,87.45,67.91099999991246,-0.23599999951495557,-34.61700000007393,1.931924033989745e-09,-1.0703388469731052e-08,1.6313702835069124e-09,-1.0509901767720479e-09,5.822773536613195e-09,-8.874852802067698e-10,0,70,255.0,255.0,255.0
1750,87.5,67.911,-0.236,-34.617,1.415355687324836e-09,-7.841458296367633e-09,1.1951656319145375e-09,-1.9611743689825483e-08,1.0865443339792984e-07,-1.656070078348914e-08,0,70,255.0,255.0,255.0
1751,87.55000000000001,67.91100000004833,-0.23600000026773554,-34.61699999995919,5.591019757017975e-10,-3.0975781318750502e-09,4.721212286625326e-10,-1.4638404775088275e-08,8.110077318173031e-08,-1.2361075346584483e-08,0,70,255.0,255.0,255.0
1752,87.60000000000001,67.91100000006007,-0.23600000033271917,-34.61699999994929,-4.848479018418682e-11,2.6861902180648184e-10,-4.094190274407578e-11,-9.66506586035248e-09,5.3547112965538606e-08,-8.161449909681018e-09,0,70,255.0,255.0,255.0
1753,87.65,67.91100000004762,-0.23600000026383502,-34.61699999995979,-4.074046103333957e-10,2.2571331646785063e-09,-3.44023762305523e-10,-4.691726945616685e-09,2.59934527493469e-08,-3.9618244727775535e-09,0,70,255.0,255.0,255.0
1754,87.7,67.91100000002345,-0.23600000012996725,-34.61699999998019,-5.176574847458288e-10,2.867964296741024e-09,-4.371243500218086e-10,2.816119691191119e-10,-1.5602074668447949e-09,2.3780096412591267e-10,0,70,255.0,255.0,255.0
1755,87.75,67.911,-0.236,-34.617,-3.7924341342148647e-10,2.1011124179940345e-09,-3.202436658929328e-10,5.254950883854906e-09,-2.9113867683036512e-08,4.4374264010293755e-09,0,70,255.0,255.0,255.0
1756,87.80000000000001,67.91099999998706,-0.23599999992826046,-34.61700000001093,-1.498109228759418e-10,8.299935589282253e-10,-1.2650450194971507e-10,3.922348737964794e-09,-2.1730886679584292e-08,3.3121401566975716e-09,0,70,255.0,255.0,255.0
1757,87.85000000000001,67.9109999999839,-0.23599999991084816,-34.61700000001358,1.2991460375045332e-11,-7.19762499646848e-11,1.097034977686857e-11,2.589746592075061e-09,-1.434790567613417e-08,2.1868539123660873e-09,0,70,255.0,255.0,255.0
1758,87.9,67.91099999998724,-0.2359999999293056,-34.617000000010776,1.0916373633154955e-10,-6.047970086851099e-10,9.218088928688115e-11,1.2571444461853282e-09,-6.964924672684048e-09,1.061567668034603e-09,0,70,255.0,255.0,255.0
1759,87.95,67.91099999999372,-0.23599999996517537,-34.617000000005305,1.3870590499357093e-10,-7.684687172330499e-10,1.1712711658032278e-10,-7.545769970440469e-11,4.1805633076607357e-10,-6.37185762968817e-11,0,70,255.0,255.0,255.0
1760,88.0,67.911,-0.236,-34.617,1.0161796636110969e-10,-5.629913756085049e-10,8.58090316571936e-11,-1.4080598455941364e-09,7.801037334216192e-09,-1.1890048206283643e-09,0,70,255.0,255.0,255.0
1761,88.05000000000001,67.91100000000347,-0.23600000001922256,-34.61699999999706,4.01417158019698e-11,-2.2239610383785143e-10,3.3896779136327536e-11,-1.0509901767708998e-09,5.822773536606851e-09,-8.874852802058065e-10,0,70,255.0,255.0,255.0
1762,88.10000000000001,67.91100000000432,-0.23600000002388816,-34.61699999999636,-3.4810513159943384e-12,1.928597805225787e-11,-2.9394963633989043e-12,-6.939205079477648e-10,3.844509738998071e-09,-5.859657397833343e-10,0,70,255.0,255.0,255.0
1763,88.15,67.91100000000343,-0.2360000000189425,-34.61699999999712,-2.925033499280272e-11,1.620548700619338e-10,-2.4699794842002565e-11,-3.3685083912462986e-10,1.866245941389291e-09,-2.8444619936086216e-10,0,70,255.0,255.0,255.0
1764,88.2,67.91100000000168,-0.2360000000093312,-34.616999999998576,-3.7166135228455405e-11,2.0591057219117644e-10,-3.138411629948348e-11,2.0218829698505196e-11,-1.1201785621948948e-10,1.7073341061610023e-11,0,70,255.0,255.0,255.0
1765,88.25,67.911,-0.236,-34.617,-2.7228452022952334e-11,1.5085308443998577e-10,-2.299246073584167e-11,3.7728849852164015e-10,-2.0902816538282668e-09,3.185928814840821e-10,0,70,255.0,255.0,255.0
1766,88.30000000000001,67.91099999999906,-0.23599999999484933,-34.617000000000786,-1.0755940331937448e-11,5.95908564231804e-11,-9.082614595595092e-12,2.816119691188055e-10,-1.5602074668431178e-09,2.378009641256545e-10,0,70,255.0,255.0,255.0
1767,88.35000000000001,67.91099999999885,-0.23599999999359916,-34.61700000000098,9.327448889319792e-13,-5.1676622443468275e-12,7.87635676726952e-13,1.8593543971599804e-10,-1.0301332798581193e-09,1.5700904676724981e-10,0,70,255.0,255.0,255.0
1768,88.4,67.91099999999909,-0.23599999999492435,-34.61700000000077,7.837603639661299e-12,-4.342247156262569e-11,6.618290081128993e-12,9.02589103131906e-11,-5.00059092873121e-10,7.621712940884515e-11,0,70,255.0,255.0,255.0
1769,88.45,67.91099999999955,-0.2359999999974997,-34.617000000000374,9.95863592025052e-12,-5.517357153165607e-11,8.409348617611036e-12,-5.4176190896168715e-12,3.0015094111877304e-11,-4.574787949559523e-12,0,70,255.0,255.0,255.0
1770,88.5,67.911,-0.236,-34.617,7.295841730699647e-12,-4.042096215143815e-11,6.160811286173072e-12,-1.0109414849242432e-10,5.600892810968758e-10,-8.536670530796419e-11,0,70,255.0,255.0,255.0
1771,88.55000000000001,67.91100000000026,-0.2360000000013801,-34.61699999999979,2.8820455257799805e-12,-1.596732185487017e-11,2.4336792460528324e-12,-7.54576997043222e-11,4.1805633076562115e-10,-6.37185762968115e-11,0,70,255.0,255.0,255.0
1772,88.60000000000001,67.9110000000003,-0.2360000000017151,-34.616999999999734,-2.4992823973358164e-13,1.3846709251295427e-12,-2.1104634350892906e-13,-4.982125091622738e-11,2.760233804344069e-10,-4.207044728566497e-11,0,70,255.0,255.0,255.0
1773,88.65,67.91100000000024,-0.23600000000135998,-34.61699999999979,-2.1000795658424735e-12,1.1635016188568949e-11,-1.773365482513426e-12,-2.418480212813256e-11,1.3399043010319256e-10,-2.0422318274518433e-11,0,70,255.0,255.0,255.0
1774,88.7,67.91100000000013,-0.23600000000066995,-34.6169999999999,-2.6684084525466995e-12,1.4783713935448025e-11,-2.2532781709606558e-12,1.4516466599622639e-12,-8.042520228021706e-12,1.2258107366280943e-12,0,70,255.0,255.0,255.0
1775,88.75,67.911,-0.236,-34.617,-1.954914899846255e-12,1.083076416576683e-11,-1.650784408850621e-12,2.7088095448057093e-11,-1.5007547055923597e-10,2.2873939747774637e-11,0,70,255.0,255.0,255.0
1776,88.80000000000001,67.91099999999993,-0.2359999999996302,-34.617000000000054,-7.72241771182476e-13,4.278430996300277e-12,-6.5210238861624e-13,2.02188296984833e-11,-1.1201785621936654e-10,1.7073341061591515e-11,0,70,255.0,255.0,255.0
1777,88.85000000000001,67.91099999999992,-0.2359999999995404,-34.61700000000007,6.696807000234485e-14,-3.710214561713193e-13,5.654969730875861e-14,1.3349563948911458e-11,-7.396024187950789e-11,1.1272742375410045e-11,0,70,255.0,255.0,255.0
1778,88.9,67.91099999999993,-0.23599999999963556,-34.617000000000054,5.627146237085937e-13,-3.1175931916500912e-12,4.751718489247005e-13,6.4802981993396166e-12,-3.590262753964927e-11,5.472143689228572e-12,0,70,255.0,255.0,255.0
1779,88.95,67.91099999999996,-0.23599999999982046,-34.617000000000026,7.149978899362695e-13,-3.961284210136042e-12,6.037640662315852e-13,-3.88967550232226e-13,2.154986800209364e-12,-3.284549969528996e-13,0,70,255.0,255.0,255.0
1780,89.0,67.911,-0.236,-34.617,5.238178686853731e-13,-2.9020945116291646e-12,4.423263492294122e-13,-7.2582332998040694e-12,4.021260114006801e-11,-6.1290536831343735e-12,0,70,255.0,255.0,255.0
1781,89.05000000000001,67.91100000000002,-0.23600000000009907,-34.61699999999998,2.0692155894992437e-13,-1.1464021303309432e-12,1.7473030841212764e-13,-5.4176190896110004e-12,3.0015094111844876e-11,-4.574787949554574e-12,0,70,255.0,255.0,255.0
1782,89.10000000000001,67.91100000000002,-0.23600000000012314,-34.616999999999976,-1.794404027579923e-14,9.941489955572351e-14,-1.5152445726106325e-14,-3.577004879418454e-12,1.981758708362464e-11,-3.0205222159752174e-12,0,70,255.0,255.0,255.0
1783,89.15,67.91100000000002,-0.23600000000009763,-34.61699999999999,-1.5077892899190066e-13,8.35356578031408e-13,-1.273219131853769e-13,-1.7363906692259078e-12,9.620080055404405e-12,-1.4662564823958605e-12,0,70,255.0,255.0,255.0
1784,89.2,67.911,-0.2360000000000481,-34.61699999999999,-1.915831071983801e-13,1.0614229050961101e-12,-1.6177809396568397e-13,1.0422354096663777e-13,-5.774269728158277e-13,8.800925118349686e-14,0,70,255.0,255.0,255.0
1785,89.25,67.911,-0.236,-34.617,-1.403565748952376e-13,7.77613880749828e-13,-1.1852098806702774e-13,1.9448377511591833e-12,-1.0774934001036067e-11,1.6422749847628534e-12,0,70,255.0,255.0,255.0
1786,89.30000000000001,67.911,-0.23599999999997343,-34.617000000000004,-5.5444464617221155e-14,3.071775250234949e-13,-4.6818845032270604e-14,1.4516466599607016e-12,-8.04252022801298e-12,1.2258107366267798e-12,0,70,255.0,255.0,255.0
1787,89.35000000000001,67.911,-0.235999999999967,-34.617000000000004,4.80809110085197e-15,-2.6638142051577336e-14,4.06008559566663e-15,9.584555687623605e-13,-5.3101064549906705e-12,8.093464884908247e-13,0,70,255.0,255.0,255.0
1788,89.4,67.91100000000002,-0.23599999999997381,-34.617000000000004,4.040109225900943e-14,-2.2383312047554192e-13,3.411580381680728e-14,4.652644775640189e-13,-2.577692681968361e-12,3.928822403548696e-13,0,70,255.0,255.0,255.0
1789,89.45,67.911,-0.2359999999999871,-34.617,5.1334538857251205e-14,-2.8440741024839874e-13,4.334830963115131e-14,-2.7926613634322232e-14,1.547210910539502e-13,-2.35820077810856e-14,0,70,255.0,255.0,255.0
1790,89.5,67.911,-0.236,-34.617,3.76084308955773e-14,-2.0836101137014776e-13,3.175760303869881e-14,-5.211177048326638e-13,2.8871348640762597e-12,-4.400462559170409e-13,0,70,255.0,255.0,255.0
1791,89.55000000000001,67.911,-0.2360000000000071,-34.617,1.4856299518960366e-14,-8.230796976303642e-14,1.2545071716954788e-14,-3.8896755023180647e-13,2.154986800207047e-12,-3.284549969525453e-13,0,70,255.0,255.0,255.0
1792,89.60000000000001,67.911,-0.23600000000000884,-34.617,-1.288324127608545e-15,7.137668650585691e-15,-1.0878966565601042e-15,-2.5681739563098677e-13,1.4228387363380422e-12,-2.168637379880814e-13,0,70,255.0,255.0,255.0
1793,89.65,67.911,-0.236000000000007,-34.617,-1.0825440044136853e-14,5.997590387075966e-14,-9.141302081852118e-15,-1.2466724103016702e-13,6.906906724690375e-13,-1.0527247902361752e-13,0,70,255.0,255.0,255.0
1794,89.7,67.911,-0.23600000000000343,-34.617,-1.3755048230624531e-14,7.620673589748551e-14,-1.161514455892125e-14,7.482913570652673e-15,-4.1457391399967376e-14,6.318779940846347e-15,0,70,255.0,255.0,255.0
1795,89.75,67.911,-0.236,-34.617,-1.0077148687071621e-14,5.583016473076306e-14,-8.509424087767515e-15,1.3963306817147242e-13,-7.736054552689729e-13,1.1791003890531026e-13,0,70,255.0,255.0,255.0
1796,89.80000000000001,67.911,-0.23599999999999807,-34.617,-3.9807334586203064e-15,2.205435402865088e-14,-3.3614418355485535e-15,1.042235409665247e-13,-5.774269728152073e-13,8.800925118340139e-14,0,70,255.0,255.0,255.0
1797,89.85000000000001,67.911,-0.2359999999999976,-34.617,3.4520540958224054e-16,-1.9125325507653732e-15,2.915010305737988e-16,6.881401376158703e-14,-3.8124849036149734e-13,5.810846346150101e-14,0,70,255.0,255.0,255.0
1798,89.9,67.911,-0.2359999999999981,-34.617,2.9006679175380032e-15,-1.607049500749669e-14,2.4494045106012176e-15,3.3404486556649375e-14,-1.8507000790778742e-13,2.8207675739600627e-14,0,70,255.0,255.0,255.0
1799,89.95,67.911,-0.23599999999999907,-34.617,3.685654065246985e-15,-2.041953334154305e-14,3.112268604533701e-15,-2.005040648288283e-15,1.1108474545922442e-14,-1.6931119822997647e-15,0,70,255.0,255.0,255.0
1800,90.0,67.911,-0.236,-34.617,2.7001638527091887e-15,-1.4959647552904512e-14,2.280093312371249e-15,-3.741456785322593e-14,2.072869569996323e-13,-3.1593899704200144e-14,0,70,255.0,255.0,255.0
1801,90.05000000000001,67.911,-0.23600000000000051,-34.617,1.0666343155208611e-15,-5.909446351567082e-15,9.006956252394258e-16,-2.7926613634292318e-14,1.5472109105378263e-13,-2.358200778106023e-14,0,70,255.0,255.0,255.0
1802,90.10000000000001,67.911,-0.23600000000000063,-34.617,-9.249751072041606e-17,5.124615524758164e-16,-7.810746573508886e-17,-1.8438659415361403e-14,1.0215522510794788e-13,-1.5570115857922593e-14,0,70,255.0,255.0,255.0
1803,90.15,67.911,-0.2360000000000005,-34.617,-7.772316260151744e-16,4.306076159227122e-15,-6.563159605527445e-16,-8.950705196430488e-15,4.9589359162113127e-14,-7.558223934784957e-15,0,70,255.0,255.0,255.0
1804,90.2,67.911,-0.23600000000000027,-34.617,-9.87568030363414e-16,5.471397468686843e-15,-8.339298592135409e-16,5.372490225004208e-16,-2.9765067837216356e-15,4.536679883526799e-16,0,70,255.0,255.0,255.0
1805,90.25,67.911,-0.236,-34.617,-7.235067237651361e-16,4.008425480854984e-15,-6.109491617174797e-16,1.0025203241431333e-14,-5.554237272955633e-14,8.465559911490315e-15,0,70,255.0,255.0,255.0
1806,90.30000000000001,67.911,-0.23599999999999988,-34.617,-2.85803803463138e-16,1.5834313776174434e-15,-2.413406654091493e-16,7.482913570644608e-15,-4.1457391399923257e-14,6.31877994083954e-15,0,70,255.0,255.0,255.0
1807,90.35000000000001,67.911,-0.23599999999999982,-34.617,2.4784633299424576e-17,-1.3731365913789453e-16,2.0928832366558695e-17,4.9406238998586064e-15,-2.7372410070294186e-14,4.171999970189376e-15,0,70,255.0,255.0,255.0
1808,90.4,67.911,-0.23599999999999985,-34.617,2.0825858652269454e-16,-1.1538096294118192e-15,1.7585933160976454e-16,2.3983342290726038e-15,-1.3287428740665116e-14,2.0252199995392123e-15,0,70,255.0,255.0,255.0
1809,90.45,67.911,-0.2359999999999999,-34.617,2.6461805620667133e-16,-1.4660565332043307e-15,2.2345083232046833e-16,-1.4395544171339732e-16,7.975525889639551e-16,-1.2155997111095158e-16,0,70,255.0,255.0,255.0
1810,90.5,67.911,-0.236,-34.617,1.9386304235135558e-16,-1.0740543705154277e-15,1.637033344986701e-16,-2.686245112499399e-15,1.488253391859303e-14,-2.2683399417611167e-15,0,70,255.0,255.0,255.0
1811,90.55000000000001,67.911,-0.23600000000000002,-34.617,7.658089833169116e-17,-4.242791589026941e-16,6.466703639717136e-17,-2.0050406482861115e-15,1.1108474545910407e-14,-1.6931119822979323e-15,0,70,255.0,255.0,255.0
1812,90.60000000000001,67.911,-0.23600000000000002,-34.617,-6.641022477282343e-18,3.679308407576133e-17,-5.607863731145765e-18,-1.3238361840730176e-15,7.334415173228856e-15,-1.1178840228349115e-15,0,70,255.0,255.0,255.0
1813,90.65,67.911,-0.23600000000000004,-34.617,-5.580272007560307e-17,3.091623584201498e-16,-4.712136588631342e-17,-6.426317198599236e-16,3.560355800547307e-15,-5.426560633718904e-16,0,70,255.0,255.0,255.0
1814,90.7,67.911,-0.23600000000000002,-34.617,-7.090419446327103e-17,3.928286641304717e-16,-5.987347006833171e-17,3.85727443531704e-17,-2.137035721342447e-16,3.2571896091130423e-17,0,70,255.0,255.0,255.0
1815,90.75,67.911,-0.236,-34.617,-5.194544564028627e-17,2.877920012067267e-16,-4.3864176277200595e-17,7.197772085662644e-16,-3.987762944815795e-15,6.077998555541511e-16,0,70,255.0,255.0,255.0
1816,90.80000000000001,67.911,-0.23599999999999996,-34.617,-2.0519789863626552e-17,1.1368525799333285e-16,-1.7327480179536077e-17,5.372490224998384e-16,-2.9765067837183765e-15,4.536679883521883e-16,0,70,255.0,255.0,255.0
1817,90.85000000000001,67.911,-0.236,-34.617,1.7794566097047438e-18,-9.858677165150676e-18,1.502622558024287e-18,3.5472083643346417e-16,-1.9652506226212456e-15,2.995361211502693e-16,0,70,255.0,255.0,255.0
1818,90.9,67.911,-0.236,-34.617,1.495229377971784e-17,-8.283980426878054e-17,1.262613193548914e-17,1.7219265036708997e-16,-9.539944615241147e-16,1.4540425394835028e-16,0,70,255.0,255.0,255.0
1819,90.95,67.911,-0.236,-34.617,1.8998721646412758e-17,-1.0525812331755671e-16,1.60430479528585e-17,-1.0335535699284173e-17,5.726169957301657e-17,-8.72761325356873e-18,0,70,255.0,255.0,255.0
1820,91.0,67.911,-0.236,-34.617,1.391874020978949e-17,-7.71136343114791e-17,1.1753370610132308e-17,-1.9286372176565832e-16,1.0685178606701478e-15,-1.6285948045548779e-16,0,70,255.0,255.0,255.0
1821,91.05000000000001,67.911,-0.236,-34.617,5.4982611228150735e-18,-3.0461873070637365e-17,4.6428843209729765e-18,-1.4395544171324176e-16,7.975525889630973e-16,-1.215599711108208e-16,0,70,255.0,255.0,255.0
1822,91.10000000000001,67.911,-0.236,-34.617,-4.768039615366091e-19,2.6416245848412765e-18,-4.026265009513969e-19,-9.50471616608391e-17,5.265873172561238e-16,-8.026046176616557e-17,0,70,255.0,255.0,255.0
1823,91.15,67.911,-0.236,-34.617,-4.006455043268293e-18,2.2196858654972023e-17,-3.3831618556431235e-18,-4.613888160843643e-17,2.5562204554915016e-16,-3.8960952421510334e-17,0,70,255.0,255.0,255.0
1824,91.2,67.911,-0.236,-34.617,-5.090692122379987e-18,2.820382913975486e-17,-4.298721743102203e-18,2.769398443966247e-18,-1.5343226157823358e-17,2.3385569231449138e-18,0,70,255.0,255.0,255.0
1825,91.25,67.911,-0.236,-34.617,-3.729515198871689e-18,2.0662536039189738e-17,-3.1493061633286438e-18,5.167767849636889e-17,-2.86308497864797e-16,4.363806626780016e-17,0,70,255.0,255.0,255.0
1826,91.30000000000001,67.911,-0.236,-34.617,-1.4732546276337368e-18,8.162234289216644e-18,-1.2440571043558307e-18,3.857274435312868e-17,-2.1370357213401304e-16,3.2571896091095035e-17,0,70,255.0,255.0,255.0
1827,91.35000000000001,67.911,-0.236,-34.617,1.2775923644169438e-19,-7.078211742144219e-19,1.0788344578129492e-19,2.54678102098922e-17,-1.4109864640324973e-16,2.1505725914393062e-17,0,70,255.0,255.0,255.0
1828,91.4,67.911,-0.236,-34.617,1.0735263933553378e-18,-5.947630351107523e-18,9.065154870833532e-19,1.236287606665572e-17,-6.849372067248644e-17,1.0439555737691082e-17,0,70,255.0,255.0,255.0
1829,91.45,67.911,-0.236,-34.617,1.3640468431071955e-18,-7.557193241462672e-18,1.1518390195503442e-18,-7.420580765807653e-19,4.1112050582768644e-18,-6.266144390108947e-19,0,70,255.0,255.0,255.0
1830,91.5,67.911,-0.236,-34.617,9.993205856972671e-19,-5.536509845279858e-18,8.438540431822675e-19,-1.3846992219817239e-17,7.671613078904015e-17,-1.169278461571287e-17,0,70,255.0,255.0,255.0
1831,91.55000000000001,67.911,-0.236,-34.617,3.9475738771987415e-19,-2.1870640862292188e-18,3.333440964503458e-19,-1.0335535699272978e-17,5.726169957295495e-17,-8.727613253559359e-18,0,70,255.0,255.0,255.0
1832,91.60000000000001,67.911,-0.236,-34.617,-3.42329842301688e-20,1.896601120164017e-19,-2.8907282173784725e-20,-6.824079178729716e-18,3.780726835687529e-17,-5.762441891406689e-18,0,70,255.0,255.0,255.0
1833,91.65,67.911,-0.236,-34.617,-2.876505301530586e-19,1.5936627494580945e-18,-2.4290009269029044e-19,-3.312622658186454e-18,1.8352837140795625e-17,-2.7972705292540187e-18,0,70,255.0,255.0,255.0
1834,91.7,67.911,-0.236,-34.617,-3.6549525004879527e-19,2.0249438260958592e-18,-3.0863433509917083e-19,1.988338623568079e-19,-1.1015940752840378e-18,1.6790083289864972e-19,0,70,255.0,255.0,255.0
1835,91.75,67.911,-0.236,-34.617,-2.677671439173793e-19,1.4835033419296982e-18,-2.2611000940042633e-19,3.7102903829000684e-18,-2.0556025291363695e-17,3.133072195051319e-18,0,70,255.0,255.0,255.0
1836,91.80000000000001,67.911,-0.236,-34.617,-1.057749232457599e-19,5.860220557002307e-19,-8.931928144555242e-20,2.769398443963234e-18,-1.534322615780684e-17,2.338556923142393e-18,0,70,255.0,255.0,255.0
1837,91.85000000000001,67.911,-0.236,-34.617,9.172700478981093e-21,-5.081927385119107e-20,7.745682913844235e-21,1.828506505026667e-18,-1.0130427024251474e-17,1.5440416512336936e-18,0,70,255.0,255.0,255.0
1838,91.9,67.911,-0.236,-34.617,7.707572725689638e-20,-4.2702064672485923e-19,6.508488367780814e-20,8.876145660901e-19,-4.9176278906961026e-18,7.495263793249936e-19,0,70,255.0,255.0,255.0
1839,91.95,67.911,-0.236,-34.617,9.793415708798604e-20,-5.425820629207738e-19,8.269832084633929e-20,-5.327737284646713e-20,2.951712428592653e-19,-4.49888925837061e-20,0,70,255.0,255.0,255.0
1840,92.0,67.911,-0.236,-34.617,7.174798997224999e-20,-3.9750352243893427e-19,6.05859944194378e-20,-9.941693117830346e-19,5.5079703764146355e-18,-8.395041644924059e-19,0,70,255.0,255.0,255.0
1841,92.05000000000001,67.911,-0.236,-34.617,2.8342305263165345e-20,-1.570241365717032e-19,2.3933029331863936e-20,-7.420580765799566e-19,4.111205058272421e-18,-6.266144390102154e-19,0,70,255.0,255.0,255.0
1842,92.10000000000001,67.911,-0.236,-34.617,-2.4578176857555666e-21,1.361698338836271e-20,-2.0754494815921077e-21,-4.899468413769501e-19,2.7144397401306038e-18,-4.137247135280854e-19,0,70,255.0,255.0,255.0
1843,92.15,67.911,-0.236,-34.617,-2.0652378874526876e-20,1.1441983744134172e-19,-1.7439442020942258e-20,-2.3783560617394373e-19,1.3176744219887867e-18,-2.0083498804595533e-19,0,70,255.0,255.0,255.0
1844,92.2,67.911,-0.236,-34.617,-2.6241378303148607e-20,1.453844255872338e-19,-2.215894828618649e-20,1.427562902906273e-20,-7.909089615303116e-20,1.2054737436174685e-20,0,70,255.0,255.0,255.0
1845,92.25,67.911,-0.236,-34.617,-1.9224815971620674e-20,1.065107478260391e-19,-1.6233968277324867e-20,2.663868642320691e-19,-1.4758562142948486e-18,2.249444629183046e-19,0,70,255.0,255.0,255.0
1846,92.30000000000001,67.911,-0.236,-34.617,-7.594297806901514e-21,4.207449058658218e-20,-6.412835881903313e-21,1.988338623565915e-19,-1.101594075282842e-18,1.6790083289846825e-19,0,70,255.0,255.0,255.0
1847,92.35000000000001,67.911,-0.236,-34.617,6.585702640411307e-22,-3.648659702259826e-21,5.561150125241994e-22,1.312808604811331e-19,-7.273319362709419e-19,1.108572028786481e-19,0,70,255.0,255.0,255.0
1848,92.4,67.911,-0.236,-34.617,5.533788241211045e-21,-3.0658703040507883e-20,4.672884405960867e-21,6.372785860567469e-20,-3.5306979725904176e-19,5.3813572858827964e-20,0,70,255.0,255.0,255.0
1849,92.45,67.911,-0.236,-34.617,7.03135612460824e-21,-3.8955639428161996e-20,5.937472298406685e-21,-3.8251432697836915e-21,2.1192341752858567e-20,-3.230057160992205e-21,0,70,255.0,255.0,255.0
1850,92.5,67.911,-0.236,-34.617,5.151273914232709e-21,-2.8539468865222134e-20,4.3498786898616615e-21,-7.137814514524204e-20,3.954544807647586e-19,-6.027368718081233e-20,0,70,255.0,255.0,255.0
1851,92.55000000000001,67.911,-0.236,-34.617,2.034885964440707e-21,-1.127382577462557e-20,1.718314195749319e-21,-5.32773728464097e-20,2.9517124285894687e-19,-4.498889258365743e-20,0,70,255.0,255.0,255.0
1852,92.60000000000001,67.911,-0.236,-34.617,-1.7646337040897231e-22,9.776554206764933e-22,-1.4901056850468267e-22,-3.517660054758251e-20,1.9488800495316364e-19,-2.970409798650688e-20,0,70,255.0,255.0,255.0
1853,92.65,67.911,-0.236,-34.617,-1.4827740903173448e-21,8.214974720689689e-21,-1.2520956029012e-21,-1.7075828248755317e-20,9.460476704738041e-20,-1.4419303389356325e-20,0,70,255.0,255.0,255.0
1854,92.7,67.911,-0.236,-34.617,-1.8840461952844066e-21,1.0438132125413991e-20,-1.5909409074402328e-21,1.0249440500718683e-21,-5.6784708584028146e-21,8.65491207794219e-22,0,70,255.0,255.0,255.0
1855,92.75,67.911,-0.236,-34.617,-1.3802796853101627e-21,7.647127634849439e-21,-1.1655464821217823e-21,1.9125716348899066e-20,-1.05961708764186e-19,1.6150285804944775e-20,0,70,255.0,255.0,255.0
1856,92.80000000000001,67.911,-0.236,-34.617,-5.452460508613136e-22,3.020812511920098e-21,-4.604209010939644e-22,1.4275629029047304e-20,-7.909089615294559e-20,1.2054737436161532e-20,0,70,255.0,255.0,255.0
1857,92.85000000000001,67.911,-0.236,-34.617,4.7283217594758284e-23,-2.6196198044617724e-22,3.9927261494531895e-23,9.425541709196923e-21,-5.2220083541712836e-20,7.959189067379454e-21,0,70,255.0,255.0,255.0
1858,92.9,67.911,-0.236,-34.617,3.9730812005832495e-22,-2.2011958422508905e-21,3.3549800564393585e-22,4.575454389346539e-21,-2.5349270930480078e-20,3.863640698597376e-21,0,70,255.0,255.0,255.0
1859,92.95,67.911,-0.236,-34.617,5.0482865652938605e-22,-2.7968890734940392e-21,4.262913313542476e-22,-2.74632930503842e-22,1.5215416807526912e-21,-2.3190767018470145e-22,0,70,255.0,255.0,255.0
1860,93.0,67.911,-0.236,-34.617,3.698448270079423e-22,-2.0490416741756287e-21,3.123072386254676e-22,-5.124720250354226e-21,2.8392354291985455e-20,-4.327456038966778e-21,0,70,255.0,255.0,255.0
1861,93.05000000000001,67.911,-0.236,-34.617,1.4609823900454782e-22,-8.094242730548214e-22,1.2336940862653755e-22,-3.8251432697795184e-21,2.119234175283556e-20,-3.230057160988706e-21,0,70,255.0,255.0,255.0
1862,93.10000000000001,67.911,-0.236,-34.617,-1.2669499970060635e-23,7.019250110821068e-23,-1.0698477473446134e-23,-2.5255662892051795e-21,1.3992329213687714e-20,-2.1326582830109463e-21,0,70,255.0,255.0,255.0
1863,93.15,67.911,-0.236,-34.617,-1.0645838991595578e-22,5.89808648313871e-22,-8.989641967454495e-23,-1.2259893086308414e-21,6.79231667453987e-21,-1.0352594050331862e-21,0,70,255.0,255.0,255.0
1864,93.2,67.911,-0.236,-34.617,-1.3526843083313769e-22,7.4942416856215895e-22,-1.142244179767588e-22,7.358767194349745e-23,-4.0769586460798025e-22,6.213947294457392e-23,0,70,255.0,255.0,255.0
1865,93.25,67.911,-0.236,-34.617,-9.909962272160641e-23,5.490390618530753e-22,-8.368247238008795e-23,1.3731646525178356e-21,-7.607708403755823e-21,1.1595383509223329e-21,0,70,255.0,255.0,255.0
1866,93.30000000000001,67.911,-0.236,-34.617,-3.914690515687774e-23,2.168845802991879e-22,-3.305673341218591e-23,1.0249440500707658e-21,-5.6784708583966516e-21,8.654912077932885e-22,0,70,255.0,255.0,255.0
1867,93.35000000000001,67.911,-0.236,-34.617,3.394782285483863e-24,-1.880802398666573e-23,2.8666483992524468e-24,6.76723447623795e-22,-3.7492333130380295e-21,5.714440646643277e-22,0,70,255.0,255.0,255.0
1868,93.4,67.911,-0.236,-34.617,2.8525439605497904e-23,-1.5803875100459365e-22,2.4087673054243614e-23,3.2850284517682416e-22,-1.8199957676794066e-21,2.7739692153536685e-22,0,70,255.0,255.0,255.0
1869,93.45,67.911,-0.236,-34.617,3.6245066803164416e-23,-2.0080760075459594e-22,3.060634055278756e-23,-1.971775727014666e-23,1.0924177767921627e-22,-1.6650221593593864e-23,0,70,255.0,255.0,255.0
1870,93.5,67.911,-0.236,-34.617,2.6553663878483376e-23,-1.4711457323667275e-22,2.2422650894884298e-23,-3.6793835971711725e-22,2.0384793230378384e-21,-3.1069736472255486e-22,0,70,255.0,255.0,255.0
1871,93.55000000000001,67.911,-0.236,-34.617,1.0489381622963145e-23,-5.811404814193038e-23,8.857525022206124e-24,-2.746329305035459e-22,1.521541680751047e-21,-2.3190767018444867e-22,0,70,255.0,255.0,255.0
1872,93.60000000000001,67.911,-0.236,-34.617,-9.096291718748835e-25,5.039594838452267e-24,-7.681161235636681e-25,-1.8132750129000105e-22,1.0046040384644027e-21,-1.5311797564636486e-22,0,70,255.0,255.0,255.0
1873,93.65,67.911,-0.236,-34.617,-7.643368506035934e-24,4.234635570450417e-23,-6.45427254242949e-24,-8.802207207645622e-23,4.876663961777582e-22,-7.432828110828105e-23,0,70,255.0,255.0,255.0
1874,93.7,67.911,-0.236,-34.617,-9.711836379520002e-24,5.380623445622531e-23,-8.200944234391344e-24,5.2833571370886295e-24,-2.9271246108886335e-23,4.461413429802756e-24,0,70,255.0,255.0,255.0
1875,93.75,67.911,-0.236,-34.617,-7.115032792327094e-24,3.9419231093615723e-23,-6.008131199449239e-24,9.858878635063349e-23,-5.462088883955305e-22,8.325110796788657e-23,0,70,255.0,255.0,255.0
1876,93.80000000000001,67.911,-0.236,-34.617,-2.8106213349748337e-24,1.5571612268533637e-23,-2.373366676638594e-24,7.358767194341776e-23,-4.0769586460753615e-22,6.213947294450617e-23,0,70,255.0,255.0,255.0
1877,93.85000000000001,67.911,-0.236,-34.617,2.437344020156649e-25,-1.3503553671433383e-24,2.058160950022078e-25,4.858655753620914e-23,-2.691828408195812e-22,4.102783792113177e-23,0,70,255.0,255.0,255.0
1878,93.9,67.911,-0.236,-34.617,2.0480344186458036e-24,-1.134667181342296e-23,1.7294171154743492e-24,2.3585443129000514e-23,-1.3066981703162622e-22,1.9916202897757372e-23,0,70,255.0,255.0,255.0
1879,93.95,67.911,-0.236,-34.617,2.602278714915584e-24,-1.4417337070305217e-23,2.1974363847778327e-24,-1.415671278208104e-24,7.843206756328693e-24,-1.1954321256170194e-24,0,70,255.0,255.0,255.0
1880,94.0,67.911,-0.236,-34.617,1.9064672908250007e-24,-1.0562351137790133e-23,1.609873902912656e-24,-2.6416785685416737e-23,1.463562305442836e-22,-2.230706714899141e-23,0,70,255.0,255.0,255.0
1881,94.05000000000001,67.911,-0.236,-34.617,7.531037169361906e-25,-4.172400932204149e-24,6.3594168434824865e-25,-1.9717757270125173e-23,1.0924177767909764e-22,-1.665022159357603e-23,0,70,255.0,255.0,255.0
1882,94.10000000000001,67.911,-0.236,-34.617,-6.530843618778026e-26,3.6182663012108946e-25,-5.514825644516907e-26,-1.3018728854835516e-23,7.212732481392222e-23,-1.0993376038162253e-23,0,70,255.0,255.0,255.0
1883,94.15,67.911,-0.236,-34.617,-5.4876916854728685e-25,3.0403315491876627e-24,-4.633959194679137e-25,-6.319700439545859e-24,3.501287194874681e-23,-5.336530482748477e-24,0,70,255.0,255.0,255.0
1884,94.2,67.911,-0.236,-34.617,-6.972784801423307e-25,3.863113824995568e-24,-5.888013047199865e-25,3.793279757438012e-25,-2.101580916428603e-24,3.20315072665298e-25,0,70,255.0,255.0,255.0
1885,94.25,67.911,-0.236,-34.617,-5.108363709729093e-25,2.8301734575448163e-24,-4.313644122013858e-25,7.078356391033457e-24,-3.9216033781604005e-23,5.977160628079075e-24,0,70,255.0,255.0,255.0
1886,94.30000000000001,67.911,-0.236,-34.617,-2.0179353276992913e-25,1.1179914602829655e-24,-1.7040006075440117e-25,5.283357137082939e-24,-2.9271246108854455e-23,4.461413429797937e-24,0,70,255.0,255.0,255.0
1887,94.35000000000001,67.911,-0.236,-34.617,1.7499342735455167e-26,-9.695115334102033e-26,1.477693077846746e-26,3.488357883132931e-24,-1.9326458436107738e-23,2.9456662315172304e-24,0,70,255.0,255.0,255.0
1888,94.4,67.911,-0.236,-34.617,1.4704225554334422e-25,-8.146543833276985e-25,1.2416656239730515e-25,1.6933586291829236e-24,-9.381670763361016e-24,1.4299190332365234e-24,0,70,255.0,255.0,255.0
1889,94.45,67.911,-0.236,-34.617,1.8683520565373794e-25,-1.0351182296770693e-24,1.5776883410211169e-25,-1.0164062476708311e-25,5.631169093857011e-25,-8.58281650441836e-26,0,70,255.0,255.0,255.0
1890,94.5,67.911,-0.236,-34.617,1.3687819306663646e-25,-7.583426923891318e-25,1.1558374589288724e-25,-1.896639878717091e-24,1.0507904582132418e-23,-1.6015753633248899e-24,0,70,255.0,255.0,255.0
1891,94.55000000000001,67.911,-0.236,-34.617,5.40704141435258e-26,-2.995649089277122e-25,4.565855866935603e-26,-1.4156712782065821e-24,7.843206756320193e-24,-1.1954321256157223e-24,0,70,255.0,255.0,255.0
1892,94.60000000000001,67.911,-0.236,-34.617,-4.6889347540406614e-27,2.597798324299228e-26,-3.9594666687009514e-27,-9.347026776962099e-25,5.178508930508726e-24,-7.8928888790667005e-25,0,70,255.0,255.0,255.0
1893,94.65,67.911,-0.236,-34.617,-3.939985362608985e-26,2.18285984123131e-25,-3.3270330121306484e-26,-4.537340771858377e-25,2.5138111046972595e-24,-3.8314565019761796e-25,0,70,255.0,255.0,255.0
1894,94.7,67.911,-0.236,-34.617,-5.0062342472621875e-26,2.7735909371270404e-25,-4.2274031688460586e-26,2.7234523324534557e-26,-1.5088672111420877e-25,2.2997587511434216e-26,0,70,255.0,255.0,255.0
1895,94.75,67.911,-0.236,-34.617,-3.667640129363654e-26,2.0319731201171117e-25,-3.097057137016323e-26,5.0820312383490705e-25,-2.8155845469256755e-24,4.291408252204862e-25,0,70,255.0,255.0,255.0
1896,94.80000000000001,67.911,-0.236,-34.617,-1.4488123804174095e-26,8.026817542788329e-26,-1.2234173923022982e-26,3.7932797574338893e-25,-2.1015809164263214e-24,3.2031507266495325e-25,0,70,255.0,255.0,255.0
1897,94.85000000000001,67.911,-0.236,-34.617,1.25639628070742e-27,-6.960779630949059e-27,1.0609358963363719e-27,2.504528276519074e-25,-1.3875772859271701e-24,2.1148932010945123e-25,0,70,255.0,255.0,255.0
1898,94.9,67.911,-0.236,-34.617,1.0557158961015217e-26,-5.848955316482585e-26,8.914758087920938e-27,1.215776795604259e-25,-6.735736554280188e-25,1.0266356755394922e-25,0,70,255.0,255.0,255.0
1899,94.95,67.911,-0.236,-34.617,1.3414164236749323e-26,-7.431814517374709e-26,1.1327292651730712e-26,-7.29746853105567e-27,4.042997507113212e-26,-6.1621850015528e-27,0,70,255.0,255.0,255.0
1900,95.0,67.911,-0.236,-34.617,9.827412107909695e-27,-5.444655565771287e-26,8.298539587765689e-27,-1.361726166225372e-25,7.544336055702832e-25,-1.1498793755705489e-25,0,70,255.0,255.0,255.0
1901,95.05000000000001,67.911,-0.236,-34.617,3.8820810731705744e-27,-2.1507792783821007e-26,3.27813702273591e-27,-1.0164062476697356e-25,5.631169093850916e-25,-8.582816504409063e-26,0,70,255.0,255.0,255.0
1902,95.10000000000001,67.911,-0.236,-34.617,-3.3665036878901904e-28,1.8651352808038136e-27,-2.8427691664452136e-28,-6.710863291141975e-26,3.7180021319995435e-25,-5.666839253113467e-26,0,70,255.0,255.0,255.0
1903,95.15,67.911,-0.236,-34.617,-2.8287822179710193e-27,1.567222853617232e-26,-2.3887022303772364e-27,-3.257664105586592e-26,1.8048351701481711e-25,-2.7508620018178715e-26,0,70,255.0,255.0,255.0
1904,95.2,67.911,-0.236,-34.617,-3.594314474375427e-27,1.991348698228449e-26,-3.035138918462235e-27,1.9553507996878954e-27,-1.0833179170320171e-26,1.6511524947772607e-27,0,70,255.0,255.0,255.0
1905,95.25,67.911,-0.236,-34.617,-2.63324713800224e-27,1.4588910619140338e-26,-2.223586980899518e-27,3.648734265524172e-26,-2.0214987535545753e-25,3.0810925007733214e-26,0,70,255.0,255.0,255.0
1906,95.30000000000001,67.911,-0.236,-34.617,-1.0402004885082012e-27,5.762995707400768e-27,-8.783741679206518e-28,2.723452332450534e-26,-1.5088672111404498e-25,2.2997587511409197e-26,0,70,255.0,255.0,255.0
1907,95.35000000000001,67.911,-0.236,-34.617,9.02051944486575e-29,-4.997614922661753e-28,7.617177024170874e-29,1.7981703993771585e-26,-9.962356687264698e-26,1.5184250015087398e-26,0,70,255.0,255.0,255.0
1908,95.4,67.911,-0.236,-34.617,7.579699108688551e-28,-4.1993609798633626e-27,6.4005083358800135e-28,8.728884663037834e-27,-4.836041263124899e-26,7.3709125187656e-27,0,70,255.0,255.0,255.0
1909,95.45,67.911,-0.236,-34.617,9.630936607523912e-28,-5.3358027553907966e-27,8.132630221182269e-28,-5.239346676959226e-28,2.902741610148979e-27,-4.4242497755620225e-28,0,70,255.0,255.0,255.0
1910,95.5,67.911,-0.236,-34.617,7.055764440992652e-28,-3.909086818848484e-27,5.958083358323841e-28,-9.776753998429674e-27,5.416589585154696e-26,-8.255762473877998e-27,0,70,255.0,255.0,255.0
1911,95.55000000000001,67.911,-0.236,-34.617,2.7872088086223186e-28,-1.5441900457820623e-27,2.35359648946698e-28,-7.297468531047778e-27,4.042997507108838e-26,-6.162185001546167e-27,0,70,255.0,255.0,255.0
1912,95.60000000000001,67.911,-0.236,-34.617,-2.4170409005610065e-29,1.3391068826089476e-28,-2.0410164322314943e-29,-4.818183063666589e-27,2.6694054290633714e-26,-4.0686075292149314e-27,0,70,255.0,255.0,255.0
1913,95.65,67.911,-0.236,-34.617,-2.030974255043995e-28,1.1252153832811577e-27,-1.71501103974772e-28,-2.3388975962853985e-27,1.295813351017904e-26,-1.9750300568836955e-27,0,70,255.0,255.0,255.0
1914,95.7,67.911,-0.236,-34.617,-2.5806016863413675e-28,1.4297240392787249e-27,-2.179131700106732e-28,1.4038787109579077e-28,-7.777872702756304e-28,1.185474154475397e-28,0,70,255.0,255.0,255.0
1915,95.75,67.911,-0.236,-34.617,-1.8905863839482133e-28,1.0474366562535976e-27,-1.596463624300185e-28,2.619673338476981e-27,-1.4513708050730305e-26,2.2121248877787778e-27,0,70,255.0,255.0,255.0
1916,95.80000000000001,67.911,-0.236,-34.617,-7.46830349407262e-29,4.137644757274821e-28,-6.306442786614027e-29,1.955350799685784e-27,-1.0833179170308554e-26,1.6511524947754724e-27,0,70,255.0,255.0,255.0
1917,95.85000000000001,67.911,-0.236,-34.617,6.476441573783186e-30,-3.58812607774025e-29,5.468887047550808e-30,1.2910282608947753e-27,-7.152650289887848e-27,1.0901801017723265e-27,0,70,255.0,255.0,255.0
1918,95.9,67.911,-0.236,-34.617,5.4419791148744e-29,-3.0150055326126205e-28,4.595358231108616e-29,6.267057221037666e-28,-3.4721214094671426e-27,5.292077087691806e-28,0,70,255.0,255.0,255.0
1919,95.95,67.911,-0.236,-34.617,6.914701378415624e-29,-3.8309340172409685e-28,5.838965792446583e-29,-3.761681668724188e-29,2.0840747095356244e-28,-3.1764684233965163e-29,0,70,255.0,255.0,255.0
1920,96.0,67.911,-0.236,-34.617,5.065810948002002e-29,-2.80659806165907e-28,4.277711388768978e-29,-7.019393554782502e-28,3.88893635137427e-27,-5.9273707723711135e-28,0,70,255.0,255.0,255.0
1921,96.05000000000001,67.911,-0.236,-34.617,2.00112589006729e-29,-1.108678571278657e-28,1.6898062517863077e-29,-5.239346676953557e-28,2.9027416101458373e-27,-4.424249775557213e-28,0,70,255.0,255.0,255.0
1922,96.10000000000001,67.911,-0.236,-34.617,-1.73535728952255e-30,9.614354848715486e-30,-1.4653838678882556e-30,-3.4592997991251183e-28,1.916546868917685e-27,-2.92112877874374e-28,0,70,255.0,255.0,255.0
1923,96.15,67.911,-0.236,-34.617,-1.4581739090576307e-29,8.078682976389185e-29,-1.2313225269572657e-29,-1.6792529212966792e-28,9.303521276895324e-28,-1.418007781930267e-28,0,70,255.0,255.0,255.0
1924,96.2,67.911,-0.236,-34.617,-1.8527886502488388e-29,1.0264956761766342e-28,-1.5645461687190125e-29,1.007939565317595e-29,-5.584261353862013e-29,8.511321488320684e-30,0,70,255.0,255.0,255.0
1925,96.25,67.911,-0.236,-34.617,-1.3573799525258764e-29,7.520256841003022e-29,-1.146209312074064e-29,1.8808408343601984e-28,-1.0420373547667726e-27,1.5882342116966797e-28,0,70,255.0,255.0,255.0
1926,96.30000000000001,67.911,-0.236,-34.617,-5.362000661965421e-30,2.970695278398071e-29,-4.527822205312036e-30,1.4038787109563916e-28,-7.777872702747941e-28,1.1854741544741311e-28,0,70,255.0,255.0,255.0
1927,96.35000000000001,67.911,-0.236,-34.617,4.649875843070268e-31,-2.5761586174595624e-30,3.926484240022537e-31,9.269165875527204e-29,-5.135371857828907e-28,7.82714097251697e-29,0,70,255.0,255.0,255.0
1928,96.4,67.911,-0.236,-34.617,3.907165213561256e-30,-2.164676579430543e-29,3.299318767204487e-30,4.499544641490493e-29,-2.492871012909873e-28,3.799540400292628e-29,0,70,255.0,255.0,255.0
1929,96.45,67.911,-0.236,-34.617,4.964532225797261e-30,-2.7504868746556887e-29,4.1921888242946655e-30,-2.7007659254622102e-30,1.4962983200916096e-29,-2.2806017193171448e-30,0,70,255.0,255.0,255.0
1930,96.5,67.911,-0.236,-34.617,3.637088621015047e-30,-2.0150467474213883e-29,3.0712585952727855e-30,-5.0396978265829353e-29,2.7921306769281967e-28,-4.2556607441560555e-29,0,70,255.0,255.0,255.0
1931,96.55000000000001,67.911,-0.236,-34.617,1.4367437471887862e-30,-7.959954008057159e-30,1.2132263033850708e-30,-3.7616816687201064e-29,2.084074709533384e-28,-3.176468423393114e-29,0,70,255.0,255.0,255.0
1932,96.60000000000001,67.911,-0.236,-34.617,-1.2459304770556186e-31,6.902796211227408e-31,-1.0520982812075224e-31,-2.48366551085764e-29,1.3760187421387728e-28,-2.0972761026304788e-29,0,70,255.0,255.0,255.0
1933,96.65,67.911,-0.236,-34.617,-1.0469217636687128e-30,5.800233413329784e-30,-8.840497992452885e-31,-1.2056493529951738e-29,6.679627747441614e-29,-1.0180837818678436e-29,0,70,255.0,255.0,255.0
1934,96.7,67.911,-0.236,-34.617,-1.330242400700667e-30,7.369907368563974e-30,-1.1232936099885392e-30,7.236680486729191e-31,-4.0093192650450175e-30,6.110853889479124e-31,0,70,255.0,255.0,255.0
1935,96.75,67.911,-0.236,-34.617,-9.745549588014246e-31,5.399301486825309e-30,-8.229412603505016e-31,1.3503829627297585e-29,-7.481491600450613e-29,1.140300859657426e-29,0,70,255.0,255.0,255.0
1936,96.80000000000001,67.911,-0.236,-34.617,-3.8497432678972354e-31,2.1328632482479226e-30,-3.2508300822824557e-31,1.0079395653165093e-29,-5.584261353855963e-29,8.511321488311455e-30,0,70,255.0,255.0,255.0
1937,96.85000000000001,67.911,-0.236,-34.617,3.3384606515219316e-32,-1.849598670313998e-31,2.819088848075747e-32,6.654961679033575e-30,-3.687031107261851e-29,5.6196343800494705e-30,0,70,255.0,255.0,255.0
1938,96.9,67.911,-0.236,-34.617,2.80521841113596e-31,-1.554167859013719e-30,2.3688042977666945e-31,3.2305277049020564e-30,-1.7898008606677398e-29,2.7279472717874864e-30,0,70,255.0,255.0,255.0
1939,96.95,67.911,-0.236,-34.617,3.5643737700540682e-31,-1.9747607276990364e-30,3.0098561565949075e-31,-1.9390626922946039e-31,1.0742938592637161e-30,-1.6373983647449629e-31,0,70,255.0,255.0,255.0
1940,97.0,67.911,-0.236,-34.617,2.611312141906511e-31,-1.4467384730873526e-30,2.2050644612922068e-31,-3.6183402433609785e-30,2.0046596325204833e-29,-3.0554269447364818e-30,0,70,255.0,255.0,255.0
1941,97.05000000000001,67.911,-0.236,-34.617,1.03153559970108e-31,-5.714989849345312e-31,8.71057295279114e-32,-2.700765925459308e-30,1.496298320090007e-29,-2.2806017193146757e-30,0,70,255.0,255.0,255.0
1942,97.10000000000001,67.911,-0.236,-34.617,-8.94537835531578e-33,4.955984700285409e-32,-7.553725802277342e-33,-1.7831916075578984e-30,9.879370076596752e-30,-1.50577649389309e-30,0,70,255.0,255.0,255.0
1943,97.15,67.911,-0.236,-34.617,-7.516560078567163e-32,4.1643802272508805e-31,-6.347191986138902e-32,-8.656172896564887e-31,4.795756952293433e-30,-7.309512684715042e-31,0,70,255.0,255.0,255.0
1944,97.2,67.911,-0.236,-34.617,-9.550710732095972e-32,5.291355422321703e-31,-8.064885264942367e-32,5.195702824492108e-32,-2.878561720098834e-31,4.3873956950081547e-32,0,70,255.0,255.0,255.0
1945,97.25,67.911,-0.236,-34.617,-6.996989796117986e-32,3.876524055241012e-31,-5.908452416638113e-32,9.695313461463308e-31,-5.3714692963131996e-30,8.18699182371667e-31,0,70,255.0,255.0,255.0
1946,97.30000000000001,67.911,-0.236,-34.617,-2.7639913090708477e-32,1.531326914902015e-31,-2.3339909883400107e-32,7.236680486721398e-31,-4.009319265040656e-30,6.11085388947249e-31,0,70,255.0,255.0,255.0
1947,97.35000000000001,67.911,-0.236,-34.617,2.396906906043782e-33,-1.3279520980017902e-32,2.0240147283519352e-33,4.778047511980186e-31,-2.647169233768499e-30,4.034715955228901e-31,0,70,255.0,255.0,255.0
1948,97.4,67.911,-0.236,-34.617,2.0140562029090668e-32,-1.115842318866333e-31,1.7007249668886623e-32,2.319414537238974e-31,-1.2850192024963422e-30,1.9585780209853126e-31,0,70,255.0,255.0,255.0
1949,97.45,67.911,-0.236,-34.617,2.559105227843219e-32,-1.4178144122964484e-31,2.1609794938203937e-32,-1.392184375022376e-32,7.713082877581401e-32,-1.1755991325827621e-32,0,70,255.0,255.0,255.0
1950,97.5,67.911,-0.236,-34.617,1.874837765406837e-32,-1.0387114900905247e-31,1.5831650536303905e-32,-2.59785141224345e-31,1.4392808600479705e-30,-2.193697847501866e-31,0,70,255.0,255.0,255.0
1951,97.55000000000001,67.911,-0.236,-34.617,7.406092392725885e-33,-4.1031781026274997e-32,6.253910005689045e-33,-1.939062692292512e-31,1.074293859262557e-30,-1.6373983647432073e-31,0,70,255.0,255.0,255.0
1952,97.60000000000001,67.911,-0.236,-34.617,-6.422492688593382e-34,3.558236917217576e-33,-5.423331111303541e-34,-1.2802739723417614e-31,7.093068584772474e-31,-1.0810988819847068e-31,0,70,255.0,255.0,255.0
1953,97.65,67.911,-0.236,-34.617,-5.396647330690995e-33,2.9898904821445696e-32,-4.55707881415741e-33,-6.214852523910108e-32,3.4431985769193768e-31,-5.247993992262063e-32,0,70,255.0,255.0,255.0
1954,97.7,67.911,-0.236,-34.617,-6.857101792769091e-33,3.7990222686409384e-32,-5.79032710339212e-33,3.730346755974006e-33,-2.0667143093372104e-32,3.150008353229418e-33,0,70,255.0,255.0,255.0
1955,97.75,67.911,-0.236,-34.617,-5.0236126550936186e-33,2.783219051210862e-32,-4.2420779788344856e-33,6.960921875104903e-32,-3.8565414387868166e-31,5.877995662907947e-32,0,70,255.0,255.0,255.0
1956,97.80000000000001,67.911,-0.236,-34.617,-1.9844564801950776e-33,1.0994432614898453e-32,-1.675730139356067e-33,5.195702824486496e-32,-2.878561720095718e-31,4.3873956950033924e-32,0,70,255.0,255.0,255.0
1957,97.85000000000001,67.911,-0.236,-34.617,1.7209016939357172e-34,-9.534266888524069e-34,1.4531771616949287e-34,3.430483773868592e-32,-1.9005820014048972e-31,2.8967957270992617e-32,0,70,255.0,255.0,255.0
1958,97.9,67.911,-0.236,-34.617,1.4460272936733203e-33,-8.011387399149438e-33,1.2210655877430296e-33,1.665264723250687e-32,-9.226022827140766e-32,1.406195759195131e-32,0,70,255.0,255.0,255.0
1959,97.95,67.911,-0.236,-34.617,1.8373548926441647e-33,-1.0179449515992641e-32,1.551513475364543e-33,-9.99543273672176e-34,5.5377435976744517e-33,-8.440420870899976e-34,0,70,255.0,255.0,255.0
1960,98.0,67.911,-0.236,-34.617,1.3460729663061075e-33,-7.45761303938203e-33,1.136661379034037e-33,-1.8651733779851228e-32,1.0333571546675647e-31,-1.5750041766131288e-32,0,70,255.0,255.0,255.0
1961,98.05000000000001,67.911,-0.236,-34.617,5.317335280544233e-34,-2.9459494333188326e-33,4.490105517352237e-34,-1.3921843750208732e-32,7.713082877573037e-32,-1.1755991325814984e-32,0,70,255.0,255.0,255.0
1962,98.10000000000001,67.911,-0.236,-34.617,-4.611140871495153e-35,2.554698381920381e-34,-3.8937753547618424e-35,-9.191953720567579e-33,5.092594208471172e-32,-7.761940885499815e-33,0,70,255.0,255.0,255.0
1963,98.15,67.911,-0.236,-34.617,-3.874618440022823e-34,2.1466447751520493e-33,-3.2718353681471365e-34,-4.462063690926426e-33,2.472105539369307e-32,-3.767890445184647e-33,0,70,255.0,255.0,255.0
1964,98.2,67.911,-0.236,-34.617,-4.923177778075685e-34,2.727575377561203e-33,-4.157267980660615e-34,2.678263387147253e-34,-1.4838312973255711e-33,2.2615999513052273e-34,0,70,255.0,255.0,255.0
1965,98.25,67.911,-0.236,-34.617,-3.6067921013081143e-34,1.9982616454195007e-33,-3.045675373016628e-34,4.997716368355877e-33,-2.768871798834423e-32,4.220210435445691e-33,0,70,255.0,255.0,255.0
1966,98.30000000000001,67.911,-0.236,-34.617,-1.4247763202261595e-34,7.893651183768775e-34,-1.2031206758482828e-34,3.7303467559699575e-33,-2.06671430933497e-32,3.150008353226015e-33,0,70,255.0,255.0,255.0
1967,98.35000000000001,67.911,-0.236,-34.617,1.2355465466234162e-35,-6.845266391574537e-35,1.0433298020980743e-35,2.462977143584398e-33,-1.3645568198357168e-32,2.0798062710066428e-33,0,70,255.0,255.0,255.0
1968,98.4,67.911,-0.236,-34.617,1.038200823358098e-34,-5.751917014587616e-34,8.766855951582414e-35,1.1956075311988385e-33,-6.62399330336463e-33,1.0096041887872706e-33,0,70,255.0,255.0,255.0
1969,98.45,67.911,-0.236,-34.617,1.3191621858611108e-34,-7.308519942521703e-34,1.1139371689970206e-34,-7.176208118672037e-35,3.975815916279039e-34,-6.059789343210088e-35,0,70,255.0,255.0,255.0
1970,98.5,67.911,-0.236,-34.617,9.664387421713822e-35,-5.354335422959727e-34,8.16087701726143e-35,-1.3391316935722799e-33,7.419156486620439e-33,-1.1307999756514734e-33,0,70,255.0,255.0,255.0
1971,98.55000000000001,67.911,-0.236,-34.617,3.817700003604048e-35,-2.115110401886777e-34,3.223771860408942e-35,-9.995432736710982e-34,5.537743597668416e-33,-8.440420870890728e-34,0,70,255.0,255.0,255.0
1972,98.60000000000001,67.911,-0.236,-34.617,-3.310453149984934e-36,1.8340817470942902e-35,-2.795438536304249e-36,-6.59954853770013e-34,3.656330708716929e-33,-5.572841985267538e-34,0,70,255.0,255.0,255.0
1973,98.65,67.911,-0.236,-34.617,-2.7818485340957074e-35,1.5412203068299442e-34,-2.3490701248582776e-35,-3.2036643386892786e-34,1.7749178197654414e-33,-2.7052630996443475e-34,0,70,255.0,255.0,255.0
1974,98.7,67.911,-0.236,-34.617,-3.5347096536875885e-35,1.958325994474769e-34,-2.9848069532746163e-35,1.9221986032157375e-35,-1.0649506918604599e-34,1.62315785978842e-35,0,70,255.0,255.0,255.0
1975,98.75,67.911,-0.236,-34.617,-2.5896286737741453e-35,1.4347252376439048e-34,-2.1867543388794444e-35,3.588104059332424e-34,-1.987907958137534e-33,3.029894671602034e-34,0,70,255.0,255.0,255.0
1976,98.80000000000001,67.911,-0.236,-34.617,-1.023036812154595e-35,5.667904237783305e-35,-8.638806831529421e-36,2.6782633871443526e-34,-1.4838312973239733e-33,2.261599951302772e-34,0,70,255.0,255.0,255.0
1977,98.85000000000001,67.911,-0.236,-34.617,8.863471337056468e-37,-4.910605968026655e-36,7.484561242362981e-37,1.7684227149565395e-34,-9.797546365105558e-34,1.4933052310037284e-34,0,70,255.0,255.0,255.0
1978,98.9,67.911,-0.236,-34.617,7.45385902801844e-36,-4.1296421273216935e-35,6.294245478507016e-36,8.585820427687264e-35,-4.756779756971384e-34,7.250105107046846e-35,0,70,255.0,255.0,255.0
1979,98.95,67.911,-0.236,-34.617,9.47216756139242e-36,-5.247840353773779e-35,7.998561231282732e-36,-5.125862941908622e-36,2.8398685116279e-35,-4.328420959435881e-36,0,70,255.0,255.0,255.0
1980,99.0,67.911,-0.236,-34.617,6.941272733827606e-36,-3.84565527615892e-35,5.861403382563458e-36,-9.610993016068993e-35,5.324753459296966e-34,-8.115789298934019e-35,0,70,255.0,255.0,255.0
1981,99.05000000000001,67.911,-0.236,-34.617,2.7444724501433294e-36,-1.5205129322654594e-35,2.3175087220282472e-36,-7.176208118664294e-35,3.975815916274761e-34,-6.0597893432036e-35,0,70,255.0,255.0,255.0
1982,99.10000000000001,67.911,-0.236,-34.617,-2.349353848376471e-37,1.3016064011637169e-36,-1.9838596064095128e-37,-4.741423221260288e-35,2.6268783732529396e-34,-4.003789387473766e-35,0,70,255.0,255.0,255.0
1983,99.15,67.911,-0.236,-34.617,-1.9969507711166902e-36,1.1063654409873301e-35,-1.6862806654452897e-36,-2.306638323856282e-35,1.277940830231118e-34,-1.9477894317439312e-35,0,70,255.0,255.0,255.0
1984,99.2,67.911,-0.236,-34.617,-2.5415737086937987e-36,1.4081014703474168e-35,-2.1461753923847716e-36,1.281465735477241e-36,-7.099671279070348e-36,1.0821052398590237e-36,0,70,255.0,255.0,255.0
1985,99.25,67.911,-0.236,-34.617,-1.8688041975689708e-36,1.0353687281966324e-35,-1.5780701414593924e-36,2.562931470951731e-35,-1.4199342558125244e-34,2.164210479715738e-35,0,70,255.0,255.0,255.0
1986,99.30000000000001,67.911,-0.236,-34.617,-7.475216790273698e-37,4.1414749127853186e-36,-6.3122805658357245e-37,1.9221986032136528e-35,-1.0649506918593125e-34,1.6231578597866806e-35,0,70,255.0,255.0,255.0
1987,99.35000000000001,67.911,-0.236,-34.617,5.339440564493669e-38,-2.9581963662821405e-37,4.5087718327503225e-38,1.2814657354757563e-35,-7.099671279062017e-35,1.0821052398577768e-35,0,70,255.0,255.0,255.0
1988,99.4,67.911,-0.236,-34.617,5.3394405644831365e-37,-2.9581963662762952e-36,4.5087718327414255e-37,6.407328677378598e-36,-3.5498356395309085e-35,5.4105261992887304e-36,0,70,255.0,255.0,255.0
1989,99.45,67.911,-0.236,-34.617,6.9412727338276e-37,-3.845655276158921e-36,5.861403382563456e-37,-3.68841529992723e-49,2.009919061989331e-48,-3.073679416606025e-49,0,70,255.0,255.0,255.0
1990,99.5,67.911,-0.236,-34.617,5.339440564482774e-37,-2.958196366276092e-36,4.5087718327411215e-37,-6.40732867737933e-36,3.5498356395313105e-35,-5.4105261992893464e-36,0,70,255.0,255.0,255.0
1991,99.55000000000001,67.911,-0.236,-34.617,2.4561426596614933e-37,-1.3607703284866794e-36,2.0740350430604236e-37,-5.125862941903172e-36,2.839868511624887e-35,-4.3284209594312315e-36,0,70,255.0,255.0,255.0
1992,99.60000000000001,67.911,-0.236,-34.617,2.1357762257898272e-38,-1.183278546508619e-37,1.803508733093675e-38,-3.844397206427379e-36,2.129901383718665e-35,-3.246315719573423e-36,0,70,255.0,255.0,255.0
1993,99.65,67.911,-0.236,-34.617,-1.3882545467656674e-37,7.691310552318641e-37,-1.1722806765128147e-37,-2.562931470951586e-36,1.419934255812443e-35,-2.1642104797156158e-36,0,70,255.0,255.0,255.0
1994,99.7,67.911,-0.236,-34.617,-2.3493538483724576e-37,1.3016064011615001e-36,-1.983859606406125e-37,-1.281465735475793e-36,7.099671279062213e-36,-1.0821052398578075e-36,0,70,255.0,255.0,255.0
1995,99.75,67.911,-0.236,-34.617,-2.6697202822413866e-37,1.4790981831380459e-36,-2.2543859163705603e-37,6.681911775230489e-52,0.0,0.0,0,70,255.0,255.0,255.0
1996,99.80000000000001,67.911,-0.236,-34.617,-2.3493538483722743e-37,1.3016064011613996e-36,-1.98385960640597e-37,1.281465735476157e-36,-7.099671279064234e-36,1.082105239858115e-36,0,70,255.0,255.0,255.0
1997,99.85000000000001,67.911,-0.236,-34.617,-1.3882545467653022e-37,7.691310552316627e-37,-1.1722806765125067e-37,2.5629314709519493e-36,-1.419934255812645e-35,2.1642104797159225e-36,0,70,255.0,255.0,255.0
1998,99.9,67.911,-0.236,-34.617,2.1357762257952918e-38,-1.1832785465116485e-37,1.803508733098294e-38,3.8443972064277414e-36,-2.1299013837188666e-35,3.24631571957373e-36,0,70,255.0,255.0,255.0
1999,99.95,67.911,-0.236,-34.617,2.4561426596622207e-37,-1.360770328487083e-36,2.0740350430610387e-37,5.125862941903534e-36,-2.839868511625088e-35,4.3284209594315375e-36,0,70,255.0,255.0,255.0
