idx,t,px,py,pz,vx,vy,vz,ax,ay,az,yaw,mode,ledr,ledg,ledb
0,0.0,-10.5,-3.0,0.0,3.0436669309451683e-19,9.084367215745323e-19,0.019030436778708193,-3.652400317134202e-18,-1.0901240658894388e-17,-0.5155652413444983,0,70,255.0,255.0,255.0
1,0.05,-10.5,-3.0,0.00030909572403349495,1.4000867882347774e-19,4.1788089192428484e-19,-0.006625999081794231,-2.9219202537073616e-18,-8.72099252711551e-18,-0.5106921930755987,0,70,255.0,255.0,255.0
2,0.1,-10.5,-3.0,-0.000658539034622007,1.2174667723780685e-20,3.633746886298122e-20,-0.03203878252885167,-2.191440190280521e-18,-6.540744395336632e-18,-0.505819144806699,0,70,255.0,255.0,255.0
3,0.15000000000000002,-10.5,-3.0,-0.002890721655294257,-7.91353402045744e-20,-2.3619354760937855e-19,-0.05720791356246414,-1.4609601268536804e-18,-4.360496263557754e-18,-0.5009460965377992,0,70,255.0,255.0,255.0
4,0.2,-10.5,-3.0,-0.006375269517311004,-1.3392134496158736e-19,-3.997121574927943e-19,-0.08213339218263159,-7.304800634268402e-19,-2.1802481317788766e-18,-0.49607304826889953,0,70,255.0,255.0,255.0
5,0.25,-10.5,-3.0,-0.0111,-1.5218334654725841e-19,-4.542183607872662e-19,-0.1068152183893541,0.0,0.0,-0.4912000000000001,0,70,255.0,255.0,255.0
6,0.30000000000000004,-10.5,-3.0,-0.017052730482689002,-1.3392134496158738e-19,-3.9971215749279413e-19,-0.13125339218263163,7.30480063426841e-19,2.1802481317788793e-18,-0.48632695173110047,0,70,255.0,255.0,255.0
7,0.35000000000000003,-10.5,-3.0,-0.02422127834470575,-7.913534020457433e-20,-2.3619354760937826e-19,-0.15544791356246415,1.4609601268536812e-18,4.360496263557756e-18,-0.48145390346220085,0,70,255.0,255.0,255.0
8,0.4,-10.5,-3.0,-0.032593460965378,1.2174667723780697e-20,3.633746886298141e-20,-0.1793987825288517,2.1914401902805214e-18,6.540744395336634e-18,-0.4765808551933012,0,70,255.0,255.0,255.0
9,0.45,-10.5,-3.0,-0.042157095724033505,1.400086788234778e-19,4.1788089192428503e-19,-0.20310599908179428,2.9219202537073616e-18,8.720992527115511e-18,-0.47170780692440156,0,70,255.0,255.0,255.0
10,0.5,-10.5,-3.0,-0.0529,3.0436669309451683e-19,9.084367215745323e-19,-0.22656956322129185,3.652400317134201e-18,1.0901240658894386e-17,-0.4668347586555024,0,70,255.0,255.0,255.0
11,0.55,-10.5,-3.0,-0.06480937379327753,3.956767010228718e-19,1.180967738046892e-18,-0.24975243218767942,-3.851859888774472e-33,-1.0785207688568521e-32,-0.4604799999999999,0,70,255.0,255.0,255.0
12,0.6000000000000001,-10.5,-3.0,-0.07786994758655505,3.0436669309451644e-19,9.084367215745312e-19,-0.2726175632212919,-3.652400317134209e-18,-1.0901240658894408e-17,-0.45412524134449744,0,70,255.0,255.0,255.0
13,0.65,-10.5,-3.0,-0.09206583448319379,3.043666930945142e-20,9.084367215745281e-20,-0.2951649563221292,-7.304800634268405e-18,-2.1802481317788782e-17,-0.44777048268899494,0,70,255.0,255.0,255.0
14,0.7000000000000001,-10.5,-3.0,-0.10738114758655504,-4.261133703323245e-19,-1.2718114102043478e-18,-0.3173946114901913,-1.0957200951402609e-17,-3.2703721976683174e-17,-0.44141572403349244,0,70,255.0,255.0,255.0
15,0.75,-10.5,-3.0,-0.1238,-1.0652834258308089e-18,-3.179528525510863e-18,-0.3393065287254784,-1.460960126853681e-17,-4.3604962635577545e-17,-0.43506096537799177,0,70,255.0,255.0,255.0
16,0.8,-10.5,-3.0,-0.14130657434420096,-1.4487854591299e-18,-4.324158794694774e-18,-0.36090487906665075,-7.304800634268279e-19,-2.1802481317788396e-18,-0.42887304826890027,0,70,255.0,255.0,255.0
17,0.8500000000000001,-10.5,-3.0,-0.1598853313090742,-1.1383314321734919e-18,-3.397553338688747e-18,-0.38219383355236847,1.3148641141683154e-17,3.9244466372019866e-17,-0.42268513115980877,0,70,255.0,255.0,255.0
18,0.9,-10.5,-3.0,-0.1795208011018469,-1.339213449615864e-19,-3.997121574927931e-19,-0.40317339218263154,2.7027762346793106e-17,8.06691808758185e-17,-0.41649721405071727,0,70,255.0,255.0,255.0
19,0.9500000000000001,-10.5,-3.0,-0.20019751392974644,1.56444480250582e-18,4.669364748893107e-18,-0.4238435549574402,4.0906883551903094e-17,1.220938953796172e-16,-0.41030929694162577,0,70,255.0,255.0,255.0
20,1.0,-10.5,-3.0,-0.2219,3.956767010228719e-18,1.180967738046892e-17,-0.44420432187679415,5.478600475701304e-17,1.6351860988341577e-16,-0.40412137983253515,0,70,255.0,255.0,255.0
21,1.05,-10.5,-3.0,-0.24461232882991865,5.3994651354967295e-18,1.61156674407322e-17,-0.4642280515457176,2.9219202537073177e-18,8.720992527115334e-18,-0.3968278069244025,0,70,255.0,255.0,255.0
22,1.1,-10.5,-3.0,-0.26831672717714833,4.2489590355994525e-18,1.2681776633180459e-17,-0.48388710256923445,-4.8942164249598404e-17,-1.460766248291851e-16,-0.3895342340162699,0,70,255.0,255.0,255.0
23,1.1500000000000001,-10.5,-3.0,-0.29299496110941875,5.052487105368834e-19,1.5080049578136792e-18,-0.5031814749473446,-1.0080624875290411e-16,-3.0087424218548557e-16,-0.38224066110813726,0,70,255.0,255.0,255.0
24,1.2000000000000002,-10.5,-3.0,-0.31862879669445937,-5.831665839690969e-18,-1.7405647585368114e-17,-0.5221111686800481,-1.5267033325620984e-16,-4.55671859541786e-16,-0.37494708820000466,0,70,255.0,255.0,255.0
25,1.25,-10.5,-3.0,-0.3452,-1.4761784615084067e-17,-4.4059180996364814e-17,-0.540676183767345,-2.0453441775951528e-16,-6.104694768980857e-16,-0.3676535152918756,0,70,255.0,255.0,255.0
26,1.3,-10.5,-3.0,-0.3726913103361245,-2.0149075082857014e-17,-6.013851096823403e-17,-0.5589349147504793,-1.0957200951402412e-17,-3.270372197668263e-17,-0.3626957240334935,0,70,255.0,255.0,255.0
27,1.35,-10.5,-3.0,-0.4010893599823327,-1.5857504710224312e-17,-4.7329553194033086e-17,-0.5769457561706944,1.8262001585671046e-16,5.450620329447204e-16,-0.3577379327751114,0,70,255.0,255.0,255.0
28,1.4000000000000001,-10.5,-3.0,-0.43038175446047866,-1.887073497185957e-18,-5.6323076737619316e-18,-0.5947087080279905,3.761972326648233e-16,1.1228277878661235e-15,-0.35278014151672926,0,70,255.0,255.0,255.0
29,1.4500000000000002,-10.5,-3.0,-0.4605560992924164,2.1762218556258044e-17,6.495322559257936e-17,-0.6122237703223674,5.697744494729362e-16,1.7005935427875264e-15,-0.3478223502583471,0,70,255.0,255.0,255.0
30,1.5,-10.5,-3.0,-0.4916,5.509037145010755e-17,1.6442704660499035e-16,-0.6294909430538252,7.633516662810483e-16,2.2783592977089278e-15,-0.3428645589999677,0,70,255.0,255.0,255.0
31,1.55,-10.5,-3.0,-0.5235000298255836,7.519683519593135e-17,2.2443837643220394e-16,-0.6464482894523652,4.090688355190261e-17,1.220938953796157e-16,-0.3354292969416262,0,70,255.0,255.0,255.0
32,1.6,-10.5,-3.0,-0.5562386328935213,5.918105980529781e-17,1.766364361429519e-16,-0.6630338727479879,-6.815378991772431e-16,-2.0341715069496964e-15,-0.32799403488328466,0,70,255.0,255.0,255.0
33,1.6500000000000001,-10.5,-3.0,-0.5897972210486672,7.04304527820694e-18,2.1021225737234072e-17,-0.6792476929406936,-1.4039826819063888e-15,-4.190436909279009e-15,-0.32055877282494316,0,70,255.0,255.0,255.0
34,1.7000000000000002,-10.5,-3.0,-0.6241572061358753,-8.121720838534118e-17,-2.4240725478494935e-16,-0.6950897500304822,-2.1264274646355346e-15,-6.34670231160832e-15,-0.31312351076660166,0,70,255.0,255.0,255.0
35,1.75,-10.5,-3.0,-0.6593,-2.0559970118534613e-16,-6.136490054235966e-16,-0.7105600440173537,-2.8488722473646773e-15,-8.502967713937623e-15,-0.3056882487082584,0,70,255.0,255.0,255.0
36,1.8,-10.5,-3.0,-0.6952077703615412,-2.806382657008683e-16,-8.376149947605819e-16,-0.7257039274400603,-1.526703332562073e-16,-4.556718595417793e-16,-0.3000670882000046,0,70,255.0,255.0,255.0
37,1.85,-10.5,-3.0,-0.7318657084435826,-2.2086673451096686e-16,-6.5921619137777445e-16,-0.7405667528373543,2.5435315808522627e-15,7.591623994854065e-15,-0.29444592769175076,0,70,255.0,255.0,255.0
38,1.9000000000000001,-10.5,-3.0,-0.7692597613448532,-2.6285107615641755e-17,-7.845259527517426e-17,-0.7551485202092354,5.2397334949607335e-15,1.563891984924991e-14,-0.2888247671834969,0,70,255.0,255.0,255.0
39,1.9500000000000002,-10.5,-3.0,-0.8073758761640826,3.031066149851069e-16,9.046757935472179e-16,-0.7694492295557039,7.935935409069203e-15,2.3686215703645753e-14,-0.28320360667524314,0,70,255.0,255.0,255.0
40,2.0,-10.5,-3.0,-0.8462,7.673084332912769e-16,2.290168975089396e-15,-0.7834688808767597,1.0632137323177662e-14,3.173351155804157e-14,-0.2775824461669911,0,70,255.0,255.0,255.0
41,2.0500000000000003,-10.5,-3.0,-0.8857176887282516,1.047356227607542e-15,3.1260216026101238e-15,-0.7971840007873934,5.697744494728821e-16,1.7005935427873663e-15,-0.2710223502583508,0,70,255.0,255.0,255.0
42,2.1,-10.5,-2.9999999999999996,-0.9259129333321489,8.242858782385696e-16,2.460228329368146e-15,-0.8105711159025949,-9.49258842423181e-15,-2.833232447246657e-14,-0.2644622543497105,0,70,255.0,255.0,255.0
43,2.15,-10.5,-2.9999999999999996,-0.9667693335719203,9.809738518436452e-17,2.9278915536347705e-16,-0.8236302262223643,-1.95549512979365e-14,-5.83652424877205e-14,-0.25790215844107023,0,70,255.0,255.0,255.0
44,2.2,-10.5,-3.0,-1.0082704892077947,-1.1312092515550865e-15,-3.376295919403921e-15,-0.8363613317467018,-2.9617314171641285e-14,-8.839816050297471e-14,-0.25134206253242986,0,70,255.0,255.0,255.0
45,2.25,-10.5,-3.0,-1.0504,-2.8636340319797616e-15,-8.547026894933988e-15,-0.8487644324756072,-3.967967704534596e-14,-1.1843107851822866e-13,-0.24478196662379226,0,70,255.0,255.0,255.0
46,2.3000000000000003,-10.5,-3.0000000000000004,-1.093141474725453,-3.908786644729299e-15,-1.1666471415679914e-14,-0.8608400694103671,-2.12642746463533e-15,-6.346702311607738e-15,-0.23824351076660297,0,70,255.0,255.0,255.0
47,2.35,-10.5,-3.000000000000001,-1.1364785582278225,-3.076276778443311e-15,-9.181697126094813e-15,-0.8725887835522675,3.5426822116074973e-14,1.0573767389501217e-13,-0.23170505490941373,0,70,255.0,255.0,255.0
48,2.4000000000000004,-10.5,-3.0000000000000013,-1.1803949043674657,-3.661044331217815e-16,-1.092704026178637e-15,-0.8840105749013085,7.29800716967856e-14,2.178220501016331e-13,-0.22516659905222441,0,70,255.0,255.0,255.0
49,2.45,-10.499999999999998,-3.000000000000001,-1.2248741670047392,4.221730391235239e-15,1.2600507884068466e-14,-0.89510544345749,1.1053332127749591e-13,3.29906426308253e-13,-0.21862814319503518,0,70,255.0,255.0,255.0
50,2.5,-10.5,-3.0,-1.2699,1.068722769462777e-14,3.1897938604646555e-14,-0.9058733892208118,1.4808657085820622e-13,4.4199080251487294e-13,-0.2120896873378486,0,70,255.0,255.0,255.0
51,2.5500000000000003,-10.5,-2.999999999999998,-1.315456412369937,1.458779035130966e-14,4.3539864060109525e-14,-0.9163357215711392,7.93593540906845e-15,2.368621570364346e-14,-0.20640360667524058,0,70,255.0,255.0,255.0
52,2.6,-10.499999999999998,-2.999999999999996,-1.3615288337565619,1.1480821235534679e-14,3.42665601750111e-14,-0.9265137498883359,-1.3221470004006806e-13,-3.946183711075823e-13,-0.2007175260126326,0,70,255.0,255.0,255.0
53,2.6500000000000004,-10.499999999999998,-2.999999999999995,-1.4081030489582185,1.3663203473027706e-15,4.07802694935108e-15,-0.9364074741724024,-2.7236533548920584e-13,-8.129229579188119e-13,-0.19503144535002453,0,70,255.0,255.0,255.0
54,2.7,-10.499999999999998,-2.999999999999996,-1.45516484277325,-1.5755712313385865e-14,-4.702573561686996e-14,-0.9460168944233384,-4.1251597093834235e-13,-1.2312275447300376e-12,-0.18934536468741656,0,70,255.0,255.0,255.0
55,2.75,-10.5,-3.0,-1.5027,-3.9885276746531316e-14,-1.1904472752365223e-13,-0.955342010641144,-5.526666063874788e-13,-1.6495321315412637e-12,-0.18365928402480858,0,70,255.0,255.0,255.0
56,2.8000000000000003,-10.500000000000002,-3.0000000000000075,-1.5506936757948,-5.444237476050933e-14,-1.6249298482475823e-13,-0.964345044305075,-2.9617314171638306e-14,-8.839816050296634e-14,-0.1764620625324317,0,70,255.0,255.0,255.0
57,2.85,-10.500000000000005,-3.000000000000015,-1.5991285067459304,-4.284700816369538e-14,-1.2788454357394955e-13,-0.9729882168943872,4.934319780441975e-13,1.4727358105353173e-12,-0.1692648410400549,0,70,255.0,255.0,255.0
58,2.9000000000000004,-10.500000000000007,-3.0000000000000187,-1.6479864997996616,-5.09917695608929e-15,-1.5219403771225684e-14,-0.9812715284090806,1.0164812702600378e-12,3.033869781573614e-12,-0.16206761954767804,0,70,255.0,255.0,255.0
59,2.95,-10.500000000000004,-3.000000000000015,-1.6972496619022617,5.880111886230827e-14,1.7550243458341145e-13,-0.989194978849155,1.5395305624758738e-12,4.595003752611898e-12,-0.15487039805530126,0,70,255.0,255.0,255.0
60,3.0,-10.5,-3.0,-1.7469,1.488538792914975e-13,4.4428097148996243e-13,-0.9967585682146105,2.0625798546917097e-12,6.1561377236501805e-12,-0.14767317656292,0,70,255.0,255.0,255.0
61,3.0500000000000003,-10.499999999999991,-2.9999999999999725,-1.7969200844508646,2.0318170869072764e-13,6.064320752389233e-13,-1.0039961012085594,1.1053332127748553e-13,3.299064263082222e-13,-0.14182814319503867,0,70,255.0,255.0,255.0
62,3.1,-10.499999999999982,-2.9999999999999445,-1.8472947392597159,1.599072114192469e-13,4.772716141207873e-13,-1.0109413825341143,-1.841513212136721e-12,-5.4963248710336844e-12,-0.13598310982715736,0,70,255.0,255.0,255.0
63,3.1500000000000004,-10.499999999999975,-2.99999999999993,-1.898009351843136,1.9030387477054515e-14,5.679958813555167e-14,-1.0175944121912752,-3.793559745550945e-12,-1.1322556168375643e-11,-0.13013807645927603,0,70,255.0,255.0,255.0
64,3.2,-10.49999999999998,-2.9999999999999436,-1.949049309617704,-2.1944876313584706e-13,-6.549840027167754e-13,-1.023955190180042,-5.745606278965151e-12,-1.714878746571755e-11,-0.12429304309139473,0,70,255.0,255.0,255.0
65,3.25,-10.5,-3.0,-2.0004,-5.555302404194586e-13,-1.6580791584361974e-12,-1.0300237165004147,-7.697652812379358e-12,-2.2975018763059456e-11,-0.11844800972350988,0,70,255.0,255.0,255.0
66,3.3000000000000003,-10.500000000000034,-3.000000000000103,-2.0520467864017435,-7.582844600024013e-13,-2.2632353161309352e-12,-1.0357985508606877,-4.125159709383017e-13,-1.2312275447299204e-12,-0.11254536468741169,0,70,255.0,255.0,255.0
67,3.35,-10.50000000000007,-3.0000000000002083,-2.1039749362152054,-5.967818375132921e-13,-1.7812019129091988e-12,-1.041278252969156,6.87262087050269e-12,2.0512563673599428e-11,-0.10664271965131354,0,70,255.0,255.0,255.0
68,3.4000000000000004,-10.500000000000089,-3.0000000000002625,-2.156169692827796,-7.102237295212859e-14,-2.1197894877098033e-13,-1.0464628228258193,1.4157757711943746e-11,4.225635489192896e-11,-0.10074007461521535,0,70,255.0,255.0,255.0
69,3.45,-10.500000000000073,-3.0000000000002114,-2.208616299626924,8.189939336810806e-13,2.4444335762836918e-12,-1.0513522604306773,2.1442894553384737e-11,6.400014611025831e-11,-0.0948374295791172,0,70,255.0,255.0,255.0
70,3.5,-10.5,-3.0,-2.2613,2.073267082386337e-12,6.188035662254827e-12,-1.0559465657837308,2.8728031394825722e-11,8.574393732858765e-11,-0.08893478454301906,0,70,255.0,255.0,255.0
71,3.5500000000000003,-10.499999999999872,-2.999999999999617,-2.314205569942162,2.8299561313188775e-12,8.446509189284817e-12,-1.0602176953486888,1.539530562475723e-12,4.59500375261145e-12,-0.08191039805529915,0,70,255.0,255.0,255.0
72,3.6,-10.499999999999739,-2.9999999999992233,-2.3673159158794626,2.2272201386339216e-12,6.647536037516011e-12,-1.0641376055892608,-2.5648970269874037e-11,-7.655392982336402e-11,-0.07488601156757929,0,70,255.0,255.0,255.0
73,3.6500000000000004,-10.499999999999671,-2.9999999999990203,-2.420613476845682,2.6505910433145895e-13,7.911162069483715e-13,-1.067706296505447,-5.283747110222403e-11,-1.5770286339934022e-10,-0.06786162507985938,0,70,255.0,255.0,255.0
74,3.7,-10.499999999999737,-2.9999999999992113,-2.4740806918746006,-3.056526971588474e-12,-9.122750302417986e-12,-1.0709237680972465,-8.00259719345738e-11,-2.3885179697531567e-10,-0.06083723859213952,0,70,255.0,255.0,255.0
75,3.75,-10.5,-3.0,-2.5277,-7.73753808912589e-12,-2.3094063490583112e-11,-1.0737900203646604,-1.0721447276692355e-10,-3.2000073055129114e-10,-0.05381285210442499,0,70,255.0,255.0,255.0
76,3.8000000000000003,-10.500000000000478,-3.0000000000014286,-2.581454133829608,-1.0561540065273109e-11,-3.152280144100833e-11,-1.076322667744556,-5.745606278964596e-12,-1.714878746571591e-11,-0.04749304309140069,0,70,255.0,255.0,255.0
77,3.85,-10.500000000000973,-3.0000000000029,-2.6353270002669444,-8.312098717022394e-12,-2.480894223715484e-11,-1.0785393246738004,9.572326020899345e-11,2.8570315561985663e-10,-0.04117323407837644,0,70,255.0,255.0,255.0
78,3.9000000000000004,-10.500000000001224,-3.0000000000036566,-2.6893027997894774,-9.892140443737096e-13,-2.9524858790225225e-12,-1.0804399911523936,1.9719212669695242e-10,5.885550987054318e-10,-0.034853425065352134,0,70,255.0,255.0,255.0
79,3.95,-10.500000000000986,-3.000000000002943,-2.7433657328746732,1.140711395267282e-11,3.404656763338828e-11,-1.0820246671803355,2.9866099318491047e-10,8.914070417910044e-10,-0.028533616052327893,0,70,255.0,255.0,255.0
80,4.0,-10.5,-3.0,-2.7975,2.887688527411722e-11,8.618821830007761e-11,-1.0832933527576267,4.001298596728683e-10,1.1942589848765769e-09,-0.022213807039312528,0,70,255.0,255.0,255.0
81,4.05,-10.499999999998213,-2.9999999999946683,-2.8516898947394047,3.9416204129773546e-11,1.1764469657474847e-10,-1.0842516336730876,2.1442894553385958e-11,6.40001461102622e-11,-0.01611742957912308,0,70,255.0,255.0,255.0
82,4.1000000000000005,-10.499999999996374,-2.9999999999891775,-2.905920083052759,3.10211747294555e-11,9.258823291110287e-11,-1.084905095715539,-3.572440705661031e-10,-1.0662586926560723e-09,-0.010021052118933517,0,70,255.0,255.0,255.0
83,4.15,-10.499999999995428,-2.999999999986352,-2.9601753239964097,3.691797073163375e-12,1.1018827309141647e-11,-1.085253738884981,-7.359310356855855e-10,-2.196517531422387e-09,-0.003924674658744066,0,70,255.0,255.0,255.0
84,4.2,-10.499999999996321,-2.9999999999890172,-3.0144403766267067,-4.2571928839102795e-11,-1.2706352023113498e-10,-1.0852975631814135,-1.1146180008050678e-09,-3.3267763701887015e-09,0.0021717028014453833,0,70,255.0,255.0,255.0
85,4.25,-10.5,-3.0,-3.0687,-1.0777000300734299e-10,-3.216588097097273e-10,-1.0850365686048364,-1.4933049659245496e-09,-4.457035208955015e-09,0.008268080261631283,0,70,255.0,255.0,255.0
86,4.3,-10.500000000006665,-3.0000000000198965,-3.1229390872127705,-1.4710327645382103e-10,-4.3905598485798553e-10,-1.0844787975630987,-8.00259719345786e-11,-2.3885179697533014e-10,0.014042761407872795,0,70,255.0,255.0,255.0
87,4.3500000000000005,-10.500000000013532,-3.0000000000403904,-3.1771430675220222,-1.1577260020079962e-10,-3.4554398940725676e-10,-1.0836322924640491,1.3332530220554176e-09,3.9793316150044296e-09,0.01981744255411441,0,70,255.0,255.0,255.0
88,4.4,-10.500000000017064,-3.000000000050936,-3.2312975042248877,-1.3777974248279822e-11,-4.112282335754421e-11,-1.0824970533076874,2.7465320160453884e-09,8.197515026984115e-09,0.025592123700355924,0,70,255.0,255.0,255.0
89,4.45,-10.500000000013733,-3.0000000000409877,-3.2853879606185017,1.5888060140373823e-10,4.742075132911519e-10,-1.0810730800940136,4.15981101003536e-09,1.2415698438963802e-08,0.03136680484659744,0,70,255.0,255.0,255.0
90,4.5,-10.5,-3.0,-3.3394,4.022031267552547e-10,1.2004470205388315e-09,-1.0793603728230277,5.573090004025332e-09,1.6633881850943487e-08,0.03714148599284606,0,70,255.0,255.0,255.0
91,4.55,-10.49999999997512,-2.9999999999257447,-3.393318556409512,5.489969016855107e-10,1.6385792428571938e-09,-1.0773211760745147,2.986609931849286e-10,8.91407041791059e-10,0.04442638394767148,0,70,255.0,255.0,255.0
92,4.6000000000000005,-10.499999999949495,-2.9999999998492606,-3.4471260468591565,4.32069226073743e-10,1.289587724717924e-09,-1.0749177344282606,-4.975768017655567e-09,-1.4851067767361647e-08,0.05171128190249704,0,70,255.0,255.0,255.0
93,4.65,-10.49999999993631,-2.9999999998099045,-3.500804259104043,5.1420099919956054e-11,1.5347246612103488e-10,-1.0721500478842652,-1.025019702849597e-08,-3.059354257651407e-08,0.05899617985732247,0,70,255.0,255.0,255.0
94,4.7,-10.49999999994875,-2.9999999998470326,-3.5543349808992866,-5.929504767758499e-10,-1.7697665329334726e-09,-1.069018116442528,-1.5524626039336374e-08,-4.63360173856665e-08,0.0662810778121479,0,70,255.0,255.0,255.0
95,4.75,-10.5,-3.0,-3.6077,-1.5010425040136757e-09,-4.480129272445599e-09,-1.0655219401030502,-2.0799055050176777e-08,-6.207849219481892e-08,0.07356597576697688,0,70,255.0,255.0,255.0
96,4.800000000000001,-10.50000000009285,-3.0000000002771245,-3.66088188714918,-2.048884330288223e-09,-6.1152609865707916e-09,-1.0617084981388403,-1.1146180008047882e-09,-3.3267763701878636e-09,0.07897170280142704,0,70,255.0,255.0,255.0
97,4.8500000000000005,-10.500000000188484,-3.0000000005625664,-3.7138663450413563,-1.6125043040941727e-09,-4.8128069094644396e-09,-1.0576247698229073,1.856981904856685e-08,5.542493945444215e-08,0.0843774298358771,0,70,255.0,255.0,255.0
98,4.9,-10.500000000237696,-3.000000000709446,-3.766639859358942,-1.9190242543154434e-10,-5.727670411265959e-10,-1.0532707551552523,3.825425609793849e-08,1.1417665527907215e-07,0.08978315687032716,0,70,255.0,255.0,255.0
99,4.95,-10.500000000191271,-3.0000000005708833,-3.819188915784352,2.212921305699662e-09,6.604858618442736e-09,-1.0486464541358749,5.793869314731013e-08,1.7292837110370219e-07,0.09518888390477723,0,70,255.0,255.0,255.0
100,5.0,-10.5,-3.0,-3.8715,5.601966889299448e-09,1.6720070069243563e-08,-1.0437518667647747,7.762313019668175e-08,2.3168008692833224e-07,0.10059461093922373,0,70,255.0,255.0,255.0
101,5.050000000000001,-10.499999999653484,-2.9999999989657566,-3.923558694993771,7.646540419467378e-09,2.2822464703425972e-08,-1.0385328313701285,4.1598110100343045e-09,1.2415698438960677e-08,0.10816680484661535,0,70,255.0,255.0,255.0
102,5.1000000000000005,-10.499999999296564,-2.9999999979004737,-3.9753469729754243,6.0179479903029464e-09,1.7961639913139832e-08,-1.032935186280113,-6.930350817661185e-08,-2.0684869005040697e-07,0.11573899875400685,0,70,255.0,255.0,255.0
103,5.15,-10.499999999112907,-2.9999999973523126,-4.026845903460193,7.161896018062205e-10,2.1375956983853443e-09,-1.026958931494728,-1.42766827363258e-07,-4.2611307853977465e-07,0.12331119266139835,0,70,255.0,255.0,255.0
104,5.2,-10.499999999286166,-2.9999999978694345,-4.0780365559633065,-8.258734746022799e-09,-2.4649667940837474e-08,-1.0206040670139733,-2.1623014654990414e-07,-6.453774670291424e-07,0.13088338656878984,0,70,255.0,255.0,255.0
105,5.25,-10.5,-3.0,-4.1289,-2.0906825053184117e-08,-6.240015100452866e-08,-1.013870592837849,-2.896934657365503e-07,-8.6464185551851e-07,0.1384555804761778,0,70,255.0,255.0,255.0
106,5.300000000000001,-10.500000001293222,-3.000000003859849,-4.179418532875741,-2.8537277347581295e-08,-8.517459782713309e-08,-1.006832176380641,-1.5524626039332473e-08,-4.633601738565482e-08,0.1430810778121487,0,70,255.0,255.0,255.0
107,5.3500000000000005,-10.500000002625255,-3.0000000078355384,-4.229579363056951,-2.2459287657117614e-08,-6.703375274309491e-08,-0.9995624850566343,2.5864421365788046e-07,7.719698207471857e-07,0.14770657514811955,0,70,255.0,255.0,255.0
108,5.4,-10.500000003310674,-3.0000000098813024,-4.279370926800291,-2.6728559817933384e-09,-7.977615752414814e-09,-0.9920615188658289,5.328130533550934e-07,1.5902756588800264e-06,0.15233207248409042,0,70,255.0,255.0,255.0
109,5.45,-10.500000002664065,-3.0000000079513782,-4.32878166036242,3.082201767839154e-08,9.19938131449072e-08,-0.9843292778082252,8.069818930523063e-07,2.408581497012867e-06,0.15695756982006126,0,70,255.0,255.0,255.0
110,5.5,-10.5,-3.0,-4.3778,7.802533332343702e-08,2.3288053394887106e-07,-0.976365761883823,1.0811507327495195e-06,3.2268873351457078e-06,0.161583067156033,0,70,255.0,255.0,255.0
111,5.550000000000001,-10.499999995173633,-2.9999999855948474,-4.426412773503268,1.0650256897085779e-07,3.1787592660510644e-07,-0.9680744631073029,5.793869314729561e-08,1.729283711036588e-07,0.170068883904765,0,70,255.0,255.0,255.0
112,5.6000000000000005,-10.499999990202419,-2.999999970757373,-4.474600374796773,8.381920263816751e-08,2.5017337105923976e-07,-0.9593588734933464,-9.6527334645491e-07,-2.881030592938336e-06,0.17855470065349682,0,70,255.0,255.0,255.0
113,5.65,-10.499999987644388,-2.9999999631224763,-4.522341589338645,9.975234325367123e-09,2.9772867311273867e-08,-0.9502189930419532,-1.988485386057116e-06,-5.934989556980329e-06,0.18704051740222868,0,70,255.0,255.0,255.0
114,5.7,-10.499999990057573,-2.999999970325052,-4.569615202587012,-1.1502933596754336e-07,-3.4332558463879097e-07,-0.9406548217531235,-3.0116974256593217e-06,-8.988948521022325e-06,0.19552633415096055,0,70,255.0,255.0,255.0
115,5.75,-10.5,-3.0,-4.6164,-2.9119450824056397e-07,-8.691219847909555e-07,-0.9306663596268572,-4.034909465261527e-06,-1.2042907485064319e-05,0.20401215089969682,0,70,255.0,255.0,255.0
116,5.800000000000001,-10.500000018012246,-3.0000000537607625,-4.6626767731111896,-3.9747299853584987e-07,-1.1863291085932925e-06,-0.9203739711901451,-2.1623014654984934e-07,-6.45377467028979e-07,0.20768338656878105,0,70,255.0,255.0,255.0
117,5.8500000000000005,-10.500000036565066,-3.000000109134969,-4.708434337755957,-3.128175228955524e-07,-9.33659731493864e-07,-0.909898020969979,3.602449172161761e-06,1.0752152551006161e-05,0.21135462223786522,0,70,255.0,255.0,255.0
118,5.9,-10.500000046111765,-3.000000137628794,-4.753663515845131,-3.7228081319675155e-08,-1.1111385349268036e-07,-0.8992385089663586,7.421128490873371e-06,2.21496825690413e-05,0.2150258579069494,0,70,255.0,255.0,255.0
119,5.95,-10.500000037105643,-3.000000110748413,-4.798355129289535,4.2929532619178186e-07,1.2813085254102577e-06,-0.8883954351792841,1.1239807809584981e-05,3.354721258707644e-05,0.21869709357603356,0,70,255.0,255.0,255.0
120,6.0,-10.5,-3.0,-4.8425,1.0867526996388189e-06,3.243607405214951e-06,-0.8773687996087555,1.5058487128296592e-05,4.494474260511157e-05,0.22236832924511862,0,70,255.0,255.0,255.0
121,6.050000000000001,-10.499999932777383,-2.9999997993621017,-4.886086534051977,1.483389425172542e-06,4.427440507768064e-06,-0.8660136521321254,8.069818930521022e-07,2.4085814970122593e-06,0.23183756982007425,0,70,255.0,255.0,255.0
122,6.1000000000000005,-10.499999863537312,-2.9999995927027503,-4.9290934741794015,1.1674508889440426e-06,3.4844655549162165e-06,-0.854185042626748,-1.3444523342192133e-05,-4.012757961108629e-05,0.24130681039502974,0,70,255.0,255.0,255.0
123,6.15,-10.499999827908548,-2.999999486362347,-4.971497147280838,1.3893709095333318e-07,4.1468254665944864e-07,-0.8418829710926227,-2.769602857743637e-05,-8.266374071918485e-05,0.25077605096998523,0,70,255.0,255.0,255.0
124,6.2,-10.499999861519857,-2.9999995866812967,-5.01327388025485,-1.6021519687995855e-06,-4.781908517002241e-06,-0.8291074375297495,-4.1947533812680606e-05,-0.00012519990182728342,0.2602452915449407,0,70,255.0,255.0,255.0
125,6.25,-10.5,-3.0,-5.0544,-4.0558162903147115e-06,-1.2105307636068848e-05,-0.8158584419381286,-5.619903904792484e-05,-0.00016773606293538193,0.26971453211989616,0,70,255.0,255.0,255.0
126,6.300000000000001,-10.500000250878221,-3.0000007487908293,-5.094855490680911,-5.536084702154317e-06,-1.6523432922478957e-05,-0.8023554202813566,-3.011697425658568e-06,-8.988948521020031e-06,0.2704063341509757,0,70,255.0,255.0,255.0
127,6.3500000000000005,-10.500000509285686,-3.00000152005403,-5.134634965526444,-4.356986032880619e-06,-1.3004202488170999e-05,-0.7888178085230309,5.017564419660676e-05,0.00014975816589333905,0.27109813618205525,0,70,255.0,255.0,255.0
128,6.4,-10.50000064225404,-3.0000019169218164,-5.173736695031521,-5.1852028249366e-07,-1.5476163331451146e-06,-0.7752456066631512,0.0001033629858188721,0.0003085052803076981,0.2717899382131348,0,70,255.0,255.0,255.0
129,6.45,-10.500000516814929,-3.0000015425264013,-5.212158949691066,5.9793125490065545e-06,1.784632554259871e-05,-0.7616388147017176,0.0001565503274411374,0.0004672523947220572,0.27248174024421434,0,70,255.0,255.0,255.0
130,6.5,-10.5,-3.0,-5.2499,1.5136512461620028e-05,4.517762313906044e-05,-0.7479974326387299,0.00020973766906340276,0.0006259995091364163,0.2731735422752939,0,70,255.0,255.0,255.0
131,6.550000000000001,-10.499999063709733,-2.99999720547458,-5.2869491032243845,2.066094938344473e-05,6.166629118214777e-05,-0.7337806667424467,1.1239807809582157e-05,3.354721258706805e-05,0.2954970935760252,0,70,255.0,255.0,255.0
132,6.6000000000000005,-10.499998099319946,-2.999994327081129,-5.323259463714828,1.6260493242578427e-05,4.853234439776779e-05,-0.7184477232811272,-0.00018725805344423492,-0.0005589050839622698,0.3178206448767562,0,70,255.0,255.0,255.0
133,6.65,-10.499997603075293,-2.9999928459503877,-5.358775272593079,1.935144039021305e-06,5.775782785921008e-06,-0.7019986022547712,-0.000385755914698052,-0.0011513573805116075,0.34014419617748715,0,70,255.0,255.0,255.0
134,6.7,-10.499998071220427,-2.9999942432130977,-5.393440720980888,-2.2315098227226644e-05,-6.660339365339253e-05,-0.6844333036633786,-0.0005842537759518691,-0.001743809677060945,0.3624677474782181,0,70,255.0,255.0,255.0
135,6.75,-10.5,-3.0,-5.4272,-5.64902335561654e-05,-0.0001686051849201729,-0.6657518275069495,-0.0007827516372056862,-0.0023362619736102836,0.38479129877895435,0,70,255.0,255.0,255.0
136,6.800000000000001,-10.500003494282847,-3.0000112293108496,-5.459995296421556,-7.71077128316246e-05,-0.00027814173180621483,-0.6458339127488517,-4.1947533812670035e-05,-0.002045199901831331,0.4119252915449478,0,70,255.0,255.0,255.0
137,6.8500000000000005,-10.500007093434531,-3.000027571621454,-5.491760779614248,-6.068498693743308e-05,-0.0003731251751033074,-0.6245592983524546,0.0006988565695803329,-0.0017541378300523843,0.4390592843109407,0,70,255.0,255.0,255.0
138,6.9,-10.500008945444788,-3.0000482992766333,-5.522428614596162,-7.222055873591567e-06,-0.00045355551481145265,-0.6019279843177577,0.0014396606729733356,-0.001463075758273437,0.4661932770769337,0,70,255.0,255.0,255.0
139,6.95,-10.500007198303365,-3.000072684621209,-5.551930966385384,8.328108035989999e-05,-0.0005194327509306506,-0.5779399706447613,0.002180464776366339,-0.00117201368649449,0.49332726984292663,0,70,255.0,255.0,255.0
140,7.0,-10.5,-3.0001,-5.5802,0.00021082442176304156,-0.0005707568834609012,-0.5525952573334652,0.002921268879759342,-0.0008809516147155437,0.5204612626089204,0,70,255.0,255.0,255.0
141,7.050000000000001,-10.499986159158874,-3.000129877282021,-5.6071889110893975,0.00033576990194294316,-0.0006290993639606275,-0.5271556822621367,0.0020765503274366506,-0.001452747605273477,0.4971217402442008,0,70,255.0,255.0,255.0
142,7.1000000000000005,-10.499967126941932,-3.000163386433055,-5.632935017828184,0.00041847945450670845,-0.0007160316439882491,-0.5028830833090447,0.0012318317751139742,-0.0020245435958314,0.4737822178794816,0,70,255.0,255.0,255.0
143,7.15,-10.499945015145551,-3.0002019569430787,-5.657496669022272,0.0004589530794543402,-0.0008315537235437669,-0.4797774604741888,0.0003871132227912977,-0.0025963395863893234,0.45044269551476235,0,70,255.0,255.0,255.0
144,7.2,-10.499921935566114,-3.000247018302068,-5.680932213477573,0.0004571907767858381,-0.0009756656026271805,-0.45783881375756874,-0.000457605329531379,-0.0031681355769472464,0.42710317315004315,0,70,255.0,255.0,255.0
145,7.25,-10.4999,-3.0003,-5.7033,0.0004131925465012024,-0.0011483672812384904,-0.4370671431591846,-0.0013023238818540561,-0.0037399315675051663,0.40376365078532395,0,70,255.0,255.0,255.0
146,7.300000000000001,-10.499880669081652,-3.0003612615610673,-5.724653059220855,0.0003660281050560539,-0.001285460812352431,-0.41714335820259624,-0.0005842537759518585,-0.0017438096770523866,0.39318774747819935,0,70,255.0,255.0,255.0
147,7.3500000000000005,-10.49986279879774,-3.000426882646327,-5.745023149073016,0.00035476716890601556,-0.0013227482489437316,-0.39774836841136446,0.00013381632995032632,0.0002523122134003575,0.38261184417107497,0,70,255.0,255.0,255.0
148,7.4,-10.499844593973004,-3.000491872951053,-5.764436709314748,0.00037940973805108643,-0.0012602295910123956,-0.3788821737854889,0.0008518864358525112,0.002248434103853101,0.3720359408639506,0,70,255.0,255.0,255.0
149,7.45,-10.499824259432181,-3.0005512421705194,-5.78292017970432,0.0004399558124912664,-0.0010979048385584224,-0.3605447743249695,0.0015699565417546957,0.004244555994305845,0.36146003755682615,0,70,255.0,255.0,255.0
150,7.5,-10.4998,-3.0006,-5.8005,0.0005364053922265555,-0.0008357739915818124,-0.34273617002980644,0.0022880266476568824,0.006240677884758595,0.3508841342497022,0,70,255.0,255.0,255.0
151,7.550000000000001,-10.499771164514527,-3.0006346764737106,-5.817204452027182,0.000600117677827248,-0.000565057386625542,-0.3255668849274898,0.0002604647763707834,0.004587986313492063,0.33588726984295353,0,70,255.0,255.0,255.0
152,7.6000000000000005,-10.49974167786711,-3.000657882981639,-5.833069185879756,0.0005624518698636358,-0.0003769753602326022,-0.3091474430455109,-0.00176709709491528,0.0029352947422255585,0.32089040543620506,0,70,255.0,255.0,255.0
153,7.65,-10.499716608962432,-3.0006737512527106,-5.848131693718739,0.0004234079683357207,-0.00027152791240298734,-0.2934778443838694,-0.003794658966201343,0.0012826031709590544,0.3058935410294566,0,70,255.0,255.0,255.0
154,7.7,-10.499701026705168,-3.000686413015855,-5.862429467705147,0.0001829859732435028,-0.0002487150431366973,-0.2785580889425654,-0.005822220837487406,-0.00037008840030744884,0.2908966766227082,0,70,255.0,255.0,255.0
155,7.75,-10.4997,-3.0007,-5.876,-0.00015881411541301797,-0.00030853675243373206,-0.2643881767215987,-0.00784978270877347,-0.002022779971573952,0.2758998122159606,0,70,255.0,255.0,255.0
156,7.800000000000001,-10.49971707286025,-3.0007168325440885,-5.888879532670421,-0.0005104988163703079,-0.000342309641146772,-0.2508931020874478,-0.00621760532951793,0.0006718644230523717,0.26390317315006556,0,70,255.0,255.0,255.0
157,7.8500000000000005,-10.49974968973382,-3.0007319854271195,-5.901099307407967,-0.0007805746483648157,-0.00024135031012849698,-0.237997859406592,-0.004585427950262419,0.0033665088176786477,0.25190653408417074,0,70,255.0,255.0,255.0
158,7.9,-10.49979377017727,-3.000738722038106,-5.912689315810303,-0.0009690416113965483,-5.65875937890857e-06,-0.22570244867903086,-0.002953250571006907,0.006061153212304923,0.23990989501827595,0,70,255.0,255.0,255.0
159,7.95,-10.499845233747145,-3.0007303057660617,-5.923679549475091,-0.0010758997054655052,0.0003647650111019932,-0.21400686990476447,-0.0013210731917513959,0.008755797606931199,0.22791325595238116,0,70,255.0,255.0,255.0
160,8.0,-10.4999,-3.0007,-5.9341,-0.001101148930571687,0.0008699210013142081,-0.2029111230837928,0.0003111041875041177,0.011450442001557476,0.215916616886487,0,70,255.0,255.0,255.0
161,8.05,-10.49995494404448,-3.0006427933499356,-5.943982217291135,-0.0011021224123401049,0.0014062959512111022,-0.19250870672271067,-0.00035004345824084097,0.010004555994317977,0.20018003755679245,0,70,255.0,255.0,255.0
162,8.1,-10.500010763197608,-3.0005605753098847,-5.953363984488379,-0.0011361532763957695,0.0018703766007460046,-0.1828931193281136,-0.0010111911039857762,0.008558669987078528,0.18444345822709846,0,70,255.0,255.0,255.0
163,8.15,-10.500069110328491,-3.000456960594867,-5.9622846430400545,-0.0012032415227386836,0.0022621629499189498,-0.1740643609000009,-0.0016723387497307347,0.0071127839798390295,0.16870687889740393,0,70,255.0,255.0,255.0
164,8.200000000000001,-10.500131638306252,-3.0003355639198994,-5.970783534394488,-0.0013033871513688454,0.002581654998729918,-0.16602243143837297,-0.0023334863954756935,0.00566689797259953,0.15297029956770936,0,70,255.0,255.0,255.0
165,8.25,-10.5002,-3.0002,-5.9789,-0.0014365901622862508,0.002828852747178903,-0.15876733094323003,-0.002994634041220629,0.00422101196536007,0.13723372023801472,0,70,255.0,255.0,255.0
166,8.3,-10.50027595096183,-3.0000527940561703,-5.986671598165037,-0.0016090115342549188,0.0030691258363051,-0.15219207102171162,-0.003902220837525993,0.00538991159968767,0.1257766766227178,0,70,255.0,255.0,255.0
167,8.35,-10.500361657475754,-2.999892113333341,-5.994128754638518,-0.001826812246038847,0.003367843907147666,-0.14618966328095828,-0.004809807633831325,0.006558811234015228,0.11431963300742129,0,70,255.0,255.0,255.0
168,8.4,-10.500459388508766,-2.999715035582427,-6.001300112029479,-0.002089992297638051,0.0037250069597066227,-0.14076010772096956,-0.005717394430136689,0.007727710868342828,0.10286258939212437,0,70,255.0,255.0,255.0
169,8.450000000000001,-10.50057141302785,-2.9995186385543415,-6.0082143129469605,-0.0023985516890525243,0.00414061499398196,-0.1359034043417457,-0.006624981226442053,0.008896610502670427,0.09140554577682744,0,70,255.0,255.0,255.0
170,8.5,-10.5007,-2.9993,-6.0149,-0.0027524904202822524,0.00461466800997366,-0.13161955314328683,-0.007532568022747391,0.010065510136997968,0.07994850216153093,0,70,255.0,255.0,255.0
171,8.55,-10.500846852108197,-2.999056430425384,-6.021387390048717,-0.0031178314506443918,0.005133200703571784,-0.12800300919043883,-0.007081073191737972,0.010675797606926721,0.0647132559523867,0,70,255.0,255.0,255.0
172,8.6,-10.501011406899373,-2.998786171356751,-6.027712996957551,-0.003460597739456048,0.005682247770666327,-0.12514822754804816,-0.006629578360728569,0.011286085076855452,0.049478009743242984,0,70,255.0,255.0,255.0
173,8.65,-10.50119253563645,-2.9984876970754257,-6.033914908842028,-0.0037807892867172455,0.006261809211257326,-0.12305520821611458,-0.006178083529719151,0.011896372546784205,0.03424276353409875,0,70,255.0,255.0,255.0
174,8.700000000000001,-10.501389109582352,-2.9981594818627335,-6.04003121381767,-0.004078406092427972,0.006871885025344764,-0.12172395119463823,-0.005726588698709732,0.012506660016712958,0.019007517324954502,0,70,255.0,255.0,255.0
175,8.75,-10.5016,-2.9978,-6.0461,-0.004353448156588217,0.007512475212928616,-0.1211544564836191,-0.005275093867700323,0.013116947486641668,0.003772271115811132,0,70,255.0,255.0,255.0
176,8.8,-10.501824640605385,-2.9974078842422927,-6.052158041640099,-0.004639662663167398,0.008174071349409635,-0.1212678922165315,-0.006173486395466739,0.013346897972598713,-0.008309700432307138,0,70,255.0,255.0,255.0
177,8.85,-10.502064714926757,-2.9969824012396535,-6.058236857531276,-0.004970796796134888,0.00884716501018848,-0.12198542652684978,-0.007071878923233124,0.013576848458555751,-0.020391671980424977,0,70,255.0,255.0,255.0
178,8.9,-10.502322468945437,-2.9965229761158687,-6.0643666526024065,-0.005346850555490709,0.009531756195265206,-0.12330705941457401,-0.007970271450999539,0.013806798944512796,-0.03247364352854325,0,70,255.0,255.0,255.0
179,8.950000000000001,-10.502600148642745,-2.996029033994722,-6.070577631782357,-0.005767823941234853,0.010227844904639781,-0.12523279087970415,-0.008868663978765956,0.014036749430469841,-0.04455561507666152,0,70,255.0,255.0,255.0
180,9.0,-10.5029,-2.9955,-6.0769,-0.0062337169533673,0.010935431138312185,-0.12776262092224014,-0.009767056506532354,0.014266699916426914,-0.05663758662477991,0,70,255.0,255.0,255.0
181,9.05,-10.50322338547027,-2.9949352326054446,-6.083365243390893,-0.0066915178966915545,0.011658513898789505,-0.13097342194343845,-0.00854498122643755,0.014656610502665516,-0.0717944542231505,0,70,255.0,255.0,255.0
182,9.1,-10.503568133393603,-2.994333823684632,-6.0900099729173425,-0.007088215076011054,0.012401092188578731,-0.13494206634455513,-0.00732290594634279,0.015046521088904103,-0.08695132182152057,0,70,255.0,255.0,255.0
183,9.15,-10.503931188581802,-2.993694798461098,-6.096872080748347,-0.007423808491325829,0.013163166007679911,-0.13966855412559048,-0.006100830666247985,0.015436431675142703,-0.10210818941989117,0,70,255.0,255.0,255.0
184,9.200000000000001,-10.504309495846668,-2.993017182158376,-6.103989459052901,-0.007698298142635861,0.013944735356093023,-0.1451528852865444,-0.004878755386153182,0.015826342261381306,-0.11726505701826176,0,70,255.0,255.0,255.0
185,9.25,-10.5047,-2.9923,-6.1114,-0.007911684029941147,0.014745800233818034,-0.15139505982741663,-0.0036566801060584214,0.016216252847619878,-0.1324219246166325,0,70,255.0,255.0,255.0
186,9.3,-10.505101017513542,-2.9915423853359293,-6.119140184796332,-0.008146265750060354,0.015559873055426568,-0.15831042000970896,-0.005726588698709766,0.016346660016721033,-0.14419248267505702,0,70,255.0,255.0,255.0
187,9.35,-10.505516351498834,-2.9907439040218167,-6.127240850799352,-0.008484342899812118,0.016380466235490134,-0.16581430809492226,-0.007796497291361036,0.016477067185822186,-0.15596304073348116,0,70,255.0,255.0,255.0
188,9.4,-10.50595117672735,-2.989904230039739,-6.135731424404206,-0.00892591547919646,0.01720757977400878,-0.17390672408305707,-0.009866405884012382,0.01660747435492334,-0.1677335987919057,0,70,255.0,255.0,255.0
189,9.450000000000001,-10.50641066797058,-2.989023037371775,-6.144641332006041,-0.00947098348821337,0.01804121367098249,-0.18258766797411308,-0.011936314476663726,0.016737881524024497,-0.17950415685033025,0,70,255.0,255.0,255.0
190,9.5,-10.5069,-2.9881,-6.154,-0.010119546926862823,0.01888136792641123,-0.19185713976809,-0.014006223069314927,0.016868288693125677,-0.19127471490875436,0,70,255.0,255.0,255.0
191,9.55,-10.50742294447556,-2.9871344260508392,-6.163838817423777,-0.010787419103065481,0.01974999387950133,-0.2018328980177258,-0.01270866397879106,0.01787674943047797,-0.2077556150766735,0,70,255.0,255.0,255.0
192,9.600000000000001,-10.507977660611063,-2.986124160228102,-6.174197023885246,-0.011390413324741947,0.020669042869459052,-0.21263270127575765,-0.011411104888267194,0.018885210167830263,-0.22423651524459268,0,70,255.0,255.0,255.0
193,9.65,-10.508560904508789,-2.985066681379946,-6.1851158216348265,-0.011928529591892199,0.02163851489628435,-0.224256549542185,-0.010113545797743375,0.01989367090518252,-0.24071741541251124,0,70,255.0,255.0,255.0
194,9.700000000000001,-10.509169432271012,-2.9839594683545263,-6.196636412922937,-0.012401767904516279,0.022658409959977296,-0.23670444281700873,-0.00881598670721951,0.020902131642534814,-0.2571983155804304,0,70,255.0,255.0,255.0
195,9.75,-10.5098,-2.9828,-6.2088,-0.01281012826261415,0.023728728060537826,-0.2499763811002279,-0.007518427616695744,0.021910592379887045,-0.2736792157483494,0,70,255.0,255.0,255.0
196,9.8,-10.510450404584223,-2.981586310460715,-6.22164294550856,-0.013216057837684304,0.024816151426569427,-0.26378198791939295,-0.008718755386110206,0.021586342261376346,-0.27854505701824434,0,70,255.0,255.0,255.0
197,9.850000000000001,-10.51112260605691,-2.980318655065775,-6.235182253659665,-0.013682003801225183,0.02588736228667549,-0.2778308868020527,-0.009919083155524666,0.02126209214286565,-0.28341089828813926,0,70,255.0,255.0,255.0
198,9.9,-10.511819605237486,-2.978997844440479,-6.24943008905649,-0.014207966153236764,0.026942360640855985,-0.2921230777482067,-0.011119410924939085,0.02093784202435496,-0.28827673955803396,0,70,255.0,255.0,255.0
199,9.950000000000001,-10.512544402945375,-2.977624689210122,-6.264398616302211,-0.014793944893719088,0.02798114648911098,-0.306658560757856,-0.012319738694353547,0.02061359190584426,-0.2931425808279289,0,70,255.0,255.0,255.0
200,10.0,-10.5133,-2.9762,-6.2801,-0.015439940022672112,0.029003719831440403,-0.3214373358309996,-0.01352006646376798,0.02028934178733352,-0.2980084220978232,0,70,255.0,255.0,255.0
201,10.05,-10.514088237187552,-2.974725132106303,-6.296532600541986,-0.016076349546183765,0.029977400414224253,-0.3356311503047035,-0.011936314476697732,0.01865788152402001,-0.2697441568503234,0,70,255.0,255.0,255.0
202,10.100000000000001,-10.514906315161294,-2.9732036195087965,-6.313639561476098,-0.016633571470341904,0.030869507983842432,-0.3484117515160323,-0.010352562489627484,0.017026421260706495,-0.24147989160282357,0,70,255.0,255.0,255.0
203,10.15,-10.515750274541263,-2.9716395408581384,-6.331350222139216,-0.01711160579514651,0.0316800425402949,-0.35977913946498574,-0.008768810502557293,0.015394960997393042,-0.21321562635532476,0,70,255.0,255.0,255.0
204,10.200000000000001,-10.516616155947487,-2.9700369748049873,-6.349593921868223,-0.017510452520597623,0.03240900408358172,-0.3697333141515647,-0.007185058515487044,0.01376350073407953,-0.18495136110782495,0,70,255.0,255.0,255.0
205,10.25,-10.5175,-2.9684,-6.3683,-0.017830111646695214,0.033056392613702856,-0.3782742755757682,-0.005601306528416727,0.012132040470766103,-0.15668709586032392,0,70,255.0,255.0,255.0
206,10.3,-10.51839904666557,-2.9667315611140714,-6.3874122523234975,-0.018142543977586238,0.033690246916535195,-0.3862694108617875,-0.0068959867072240074,0.013222131642527139,-0.1631183155804444,0,70,255.0,255.0,255.0
207,10.350000000000001,-10.519315333297907,-2.965030066899037,-6.406932300435946,-0.018519710317417625,0.03437860577795559,-0.39458610713381287,-0.008190666886031287,0.014312222814288176,-0.1695495353005649,0,70,255.0,255.0,255.0
208,10.4,-10.52025209659746,-2.963292792126966,-6.426876222386645,-0.018961610666189357,0.035121469197964,-0.40322436439184395,-0.009485347064838522,0.015402313986049174,-0.17598075502068516,0,70,255.0,255.0,255.0
209,10.450000000000001,-10.521212573264675,-2.96151701156993,-6.4472600962248965,-0.019468245023901477,0.035918837176560504,-0.41218418263588136,-0.0107800272436458,0.01649240515781021,-0.18241197474080564,0,70,255.0,255.0,255.0
210,10.5,-10.5222,-2.9597,-6.4681,-0.020039613390553934,0.03677070971374502,-0.4214655618659244,-0.01207470742245298,0.017582496329571318,-0.18884319446092546,0,70,255.0,255.0,255.0
211,10.55,-10.523216376150168,-2.957839823437411,-6.4894079901640245,-0.020601474543473365,0.03762961191963065,-0.4308272062481462,-0.010399738694323866,0.016773591905853223,-0.1856225808279412,0,70,255.0,255.0,255.0
212,10.600000000000001,-10.524258751647073,-2.955937712895057,-6.511180036780121,-0.021079587259986335,0.03844806890433036,-0.44002781994871876,-0.008724769966194753,0.015964687482135132,-0.18240196719495697,0,70,255.0,255.0,255.0
213,10.65,-10.525322939068895,-2.9539956906339975,-6.533408088314203,-0.021473951540092837,0.03922608066784415,-0.4490674029676418,-0.0070498012380657,0.015155783058417065,-0.17918135356197282,0,70,255.0,255.0,255.0
214,10.700000000000001,-10.52640475099381,-2.952015778915292,-6.55608409323219,-0.021784567383792898,0.039963647210172065,-0.457945955304916,-0.005374832509936586,0.014346878634698973,-0.17596073992898859,0,70,255.0,255.0,255.0
215,10.75,-10.5275,-2.95,-6.5792,-0.022011434791086498,0.04066076853131405,-0.4666634769605406,-0.0036998637818075886,0.013537974210980797,-0.17274012629600444,0,70,255.0,255.0,255.0
216,10.8,-10.528605848733754,-2.947949945136286,-6.602749387020403,-0.022235557848519834,0.04134330540494078,-0.47531776414563587,-0.0052650585155256556,0.013763500734088056,-0.1734313611078002,0,70,255.0,255.0,255.0
217,10.850000000000001,-10.529724860113797,-2.945865481520737,-6.626732352443574,-0.02253794064263907,0.042037118604722874,-0.4840066130713209,-0.0068302532492437226,0.013989027257195315,-0.17412259591959595,0,70,255.0,255.0,255.0
218,10.9,-10.530860947126962,-2.9437460453370443,-6.651150624356544,-0.0229185831734442,0.042742208130660306,-0.4927300237375954,-0.008395447982961735,0.014214553780302565,-0.17481383073139165,0,70,255.0,255.0,255.0
219,10.950000000000001,-10.532018022760086,-2.941591072768902,-6.676005930846343,-0.023377485440935243,0.04345857398275313,-0.5014879961444599,-0.009960642716679801,0.014440080303409824,-0.1755050655431874,0,70,255.0,255.0,255.0
220,11.0,-10.5332,-2.9394,-6.7013,-0.023914647445112173,0.044186216161001275,-0.510280530291914,-0.011525837450397758,0.014665606826516908,-0.17619630035498268,0,70,255.0,255.0,255.0
221,11.05,-10.534409828914818,-2.9371723960174454,-6.727033661754367,-0.024472294062462416,0.04491716646060914,-0.5190537371693088,-0.0107800272436116,0.01457240515779764,-0.17473197474080598,0,70,255.0,255.0,255.0
222,11.100000000000001,-10.53564660789774,-2.9349083610219964,-6.753204153445586,-0.02499265016947335,0.04564345667678106,-0.5277537277659948,-0.010034217036825445,0.014479203489078371,-0.17326764912662926,0,70,255.0,255.0,255.0
223,11.15,-10.536908472423258,-2.9326081280178244,-6.779807814259621,-0.025475715766144956,0.04636508680951698,-0.5363805020819717,-0.009288406830039314,0.014386001820359106,-0.17180332351245262,0,70,255.0,255.0,255.0
224,11.200000000000001,-10.538193557965851,-2.9302719300091016,-6.806840983382439,-0.025921490852477275,0.047082056858816966,-0.5449340601172401,-0.008542596623253157,0.014292800151639837,-0.1703389978982759,0,70,255.0,255.0,255.0
225,11.25,-10.5395,-2.9279,-6.8343,-0.02632997542847027,0.04779436682468097,-0.5534144018717992,-0.0077967864164669165,0.014199598482920628,-0.16887467228409925,0,70,255.0,255.0,255.0
226,11.3,-10.540826035606983,-2.9254924707939325,-6.862181565962131,-0.02670726590163025,0.04850802875262147,-0.561843287177127,-0.00729483250993213,0.01434687863469897,-0.1682807399290066,0,70,255.0,255.0,255.0
227,11.350000000000001,-10.54217030829524,-2.9230490743912783,-6.890483833774084,-0.027059458679463497,0.049229054688150885,-0.5702424758647001,-0.006792878603397342,0.01449415878647731,-0.167686807573914,0,70,255.0,255.0,255.0
228,11.4,-10.543531563180007,-2.920569442591658,-6.919205318604971,-0.027386553761969985,0.04995744463126919,-0.5786119679345184,-0.006290924696862573,0.014641438938255648,-0.16709287521882138,0,70,255.0,255.0,255.0
229,11.450000000000001,-10.544908545376517,-2.9180532071946916,-6.948344535623907,-0.02768855114914975,0.05069319858197644,-0.5869517633865822,-0.005788970790327786,0.01478871909003399,-0.16649894286372877,0,70,255.0,255.0,255.0
230,11.5,-10.5463,-2.9155,-6.9779,-0.027965450841002763,0.051436316540272586,-0.5952618622208913,-0.0052870168837930165,0.014935999241812326,-0.16590501050863526,0,70,255.0,255.0,255.0
231,11.55,-10.547705228657252,-2.9129097208068253,-7.007870474397112,-0.028250642331014812,0.05217071852890336,-0.6035571141221866,-0.00612064271668873,0.014440080303418227,-0.16590506554317433,0,70,255.0,255.0,255.0
232,11.600000000000001,-10.549125758921296,-2.910283341412892,-7.038255711458082,-0.028577515112671644,0.05288032457061442,-0.611852368775209,-0.006954268549584443,0.013944161365024129,-0.1659051205777134,0,70,255.0,255.0,255.0
233,11.65,-10.550563674856713,-2.9076221016155457,-7.069055711320494,-0.02894606918597325,0.053565134665405766,-0.6201476261799579,-0.007787894382480127,0.01344824242663005,-0.16590517561225243,0,70,255.0,255.0,255.0
234,11.700000000000001,-10.552021060528087,-2.9049272412121336,-7.100270474121939,-0.029356304550919657,0.054225148813277425,-0.6284428863364342,-0.00862152021537584,0.012952323488235952,-0.1659052306467915,0,70,255.0,255.0,255.0
235,11.75,-10.5535,-2.9022,-7.1319,-0.029808221207510827,0.054860367014229354,-0.636738149244637,-0.009455146048271329,0.012456404549841704,-0.16590528568132878,0,70,255.0,255.0,255.0
236,11.8,-10.555001849764007,-2.899441445978767,-7.163943736449425,-0.030258164774298945,0.0554810971317663,-0.6450002563341272,-0.008542596623253055,0.01237280015163581,-0.16457899789827177,0,70,255.0,255.0,255.0
237,11.850000000000001,-10.556525056019575,-2.896651959957155,-7.1963989203935945,-0.030662480869836143,0.056097647029392954,-0.6531960490344645,-0.007630047198234781,0.012289195753429913,-0.16325271011521472,0,70,255.0,255.0,255.0
238,11.9,-10.558067337393139,-2.8938317509461595,-7.229262236113051,-0.031021169494122418,0.05671001670710928,-0.6613255273456485,-0.0067174977732165405,0.01220559135522402,-0.16192642233215773,0,70,255.0,255.0,255.0
239,11.950000000000001,-10.559626412511133,-2.8909810279567765,-7.262530367888339,-0.0313342306471578,0.05731820616491535,-0.6693886912676802,-0.005804948348198266,0.012121986957018126,-0.16060013454910071,0,70,255.0,255.0,255.0
240,12.0,-10.5612,-2.8881,-7.2962,-0.03160166432894224,0.0579222154028111,-0.6773855408005585,-0.004892398923179886,0.012038382558812177,-0.15927384676604284,0,70,255.0,255.0,255.0
241,12.05,-10.562786572286711,-2.8851884952781064,-7.330268179805192,-0.0318686985717808,0.058544892944032166,-0.6853378605413034,-0.005788970790361916,0.012868719090029923,-0.15881894286374737,0,70,255.0,255.0,255.0
242,12.100000000000001,-10.564387617000401,-2.8822448187584873,-7.364733406967546,-0.03218056140797844,0.05920908731181411,-0.6932674350869334,-0.006685542657543945,0.01369905562124767,-0.1583640389614519,0,70,255.0,255.0,255.0
243,12.15,-10.566005375570732,-2.8792668945998154,-7.399594544227301,-0.03253725283753518,0.05991479850615693,-0.7011742644374485,-0.007582114524725942,0.014529392152465386,-0.15790913505915646,0,70,255.0,255.0,255.0
244,12.200000000000001,-10.567642089427377,-2.8762526469607623,-7.434850454324706,-0.03293877286045104,0.06066202652706065,-0.709058348592849,-0.00847868639190797,0.015359728683683134,-0.157454231156861,0,70,255.0,255.0,255.0
245,12.25,-10.5693,-2.8732,-7.4705,-0.03338512147672597,0.06145077137452523,-0.7169196875531346,-0.009375258259089692,0.016190065214900518,-0.15699932725456467,0,70,255.0,255.0,255.0
246,12.3,-10.570980661089141,-2.870107772908808,-7.506541944329806,-0.03383504093858676,0.06222733109210375,-0.7247523015006684,-0.008621520215341561,0.014872323488239773,-0.15630523064677834,0,70,255.0,255.0,255.0
247,12.350000000000001,-10.572682875978822,-2.8669783650088956,-7.542974651736229,-0.034247273498260136,0.06293800372334923,-0.7325502106178127,-0.00786778217159343,0.013554581761579029,-0.15561113403899202,0,70,255.0,255.0,255.0
248,12.4,-10.574404760323931,-2.8638150706545784,-7.579796386977748,-0.034621819155746095,0.06358278926826165,-0.7403134149045674,-0.007114044127845326,0.012236840034918331,-0.1549170374312057,0,70,255.0,255.0,255.0
249,12.450000000000001,-10.57614442977936,-2.8606211842001747,-7.617005414812844,-0.034958677911044664,0.06416168772684105,-0.7480419143609331,-0.006360306084097196,0.010919098308257585,-0.15422294082341936,0,70,255.0,255.0,255.0
250,12.5,-10.5779,-2.8574,-7.6546,-0.03525784976415581,0.06467469909908741,-0.7557357089869092,-0.005606568040349147,0.009601356581596665,-0.15352884421563218,0,70,255.0,255.0,255.0
251,12.55,-10.579669983356718,-2.8541540130866623,-7.692578442875588,-0.035543137673869504,0.06516978268755289,-0.7633969334560272,-0.005804948348198327,0.0102019869570226,-0.15292013454908399,0,70,255.0,255.0,255.0
252,12.600000000000001,-10.58145447908431,-2.8508825212059317,-7.730939186087548,-0.03583834459897565,0.06569489779478968,-0.7710277224418178,-0.006003328656047508,0.010802617332448534,-0.1523114248825358,0,70,255.0,255.0,255.0
253,12.65,-10.58325398313354,-2.8475840227818705,-7.769680707861713,-0.03614347053947425,0.06625004442079774,-0.7786280759442809,-0.006201708963896681,0.011403247707874447,-0.15170271521598763,0,70,255.0,255.0,255.0
254,12.700000000000001,-10.585068991455179,-2.8442570162385397,-7.8088014864239215,-0.036458515495365315,0.06683522256557713,-0.7861979939634165,-0.006400089271745861,0.01200387808330038,-0.15109400554943944,0,70,255.0,255.0,255.0
255,12.75,-10.5869,-2.8409,-7.8483,-0.03678347946664883,0.06745043222912779,-0.7937374764992248,-0.006598469579595034,0.01260450845872596,-0.15048529588289217,0,70,255.0,255.0,255.0
256,12.8,-10.588747405483979,-2.837511374744543,-7.888174684167846,-0.03711240836593652,0.06810153815768792,-0.8012439646752187,-0.006558686391912271,0.013439728683678787,-0.14977423115686203,0,70,255.0,255.0,255.0
257,12.850000000000001,-10.590611207683935,-2.834089150167377,-7.928423803913585,-0.03743934810584007,0.0687944050974957,-0.8087148996149112,-0.006518903204229508,0.014274948908631614,-0.1490631664308319,0,70,255.0,255.0,255.0
258,12.9,-10.592491307141907,-2.8306312382179395,-7.969045581575399,-0.037764298686359464,0.06952903304855107,-0.8161502813183018,-0.006479120016546746,0.01511016913358441,-0.14835210170480176,0,70,255.0,255.0,255.0
259,12.950000000000001,-10.594387604399918,-2.827135550845668,-8.010038239491475,-0.03808726010749474,0.07030542201085413,-0.8235501097853912,-0.006439336828863983,0.01594538935853724,-0.14764103697877162,0,70,255.0,255.0,255.0
260,13.0,-10.5963,-2.8236,-8.0514,-0.038408232369245864,0.07112357198440479,-0.830914385016179,-0.0063995536411812215,0.016780609583490036,-0.14692997225273796,0,70,255.0,255.0,255.0
261,13.05,-10.598228394707364,-2.820023687935165,-8.09312922045303,-0.03872722886237783,0.07191206468169827,-0.8382512078430838,-0.0063603060840972,0.014759098308248612,-0.14654294082345184,0,70,255.0,255.0,255.0
262,13.100000000000001,-10.600172690179939,-2.81641047812456,-8.135224798258117,-0.03904426297765559,0.07259948181522968,-0.8455686790985243,-0.006321058527013178,0.012737587033007189,-0.14615590939416573,0,70,255.0,255.0,255.0
263,13.15,-10.602132788298832,-2.8127654243463716,-8.177685765836692,-0.039359334715079144,0.07318582338499899,-0.8528667987825004,-0.0062818109699291575,0.010716075757765838,-0.14576887796487964,0,70,255.0,255.0,255.0
264,13.200000000000001,-10.604108590945149,-2.8090935803787884,-8.220511155610176,-0.039672444074648504,0.07367108939100625,-0.8601455668950123,-0.006242563412845136,0.008694564482524415,-0.1453818465355935,0,70,255.0,255.0,255.0
265,13.25,-10.6061,-2.8054,-8.2637,-0.03998359105636366,0.07405527983325144,-0.8674049834360595,-0.006203315855761393,0.006673053207283175,-0.14499481510630652,0,70,255.0,255.0,255.0
266,13.3,-10.608107015686562,-2.801688273514797,-8.307250834020039,-0.0402986761845522,0.07442620311551626,-0.874615203952453,-0.006400089271780043,0.00816387808330925,-0.14341400554942502,0,70,255.0,255.0,255.0
267,13.350000000000001,-10.610130031596302,-2.797956137334385,-8.351160203053949,-0.040623599983541675,0.07487166764158237,-0.8817463839910022,-0.006596862687798693,0.009654702959335324,-0.1418331959925435,0,70,255.0,255.0,255.0
268,13.4,-10.612169539662764,-2.794199864396575,-8.39542415507784,-0.04095836245333207,0.07539167341144978,-0.8887985235517072,-0.006793636103817337,0.011145527835361345,-0.14025238643566204,0,70,255.0,255.0,255.0
269,13.450000000000001,-10.61422603181948,-2.790415727639177,-8.440038738067823,-0.04130296359392341,0.0759862204251185,-0.8957716226345684,-0.006990409519835987,0.012636352711387421,-0.1386715768787805,0,70,255.0,255.0,255.0
270,13.5,-10.6163,-2.7866,-8.485,-0.041657403405315666,0.07665530868258852,-0.9026656812395853,-0.007187182935854852,0.014127177587413442,-0.1370907673219035,0,70,255.0,255.0,255.0
271,13.55,-10.618391542546393,-2.7827496180056484,-8.530305043466822,-0.04199806639943194,0.0773591228562374,-0.909543976347102,-0.0064393368287957945,0.014025389358541671,-0.1380410369787599,0,70,255.0,255.0,255.0
272,13.600000000000001,-10.620499183434855,-2.7788641725379004,-8.575955189526093,-0.04230133708819526,0.07805784761844271,-0.9164697849374616,-0.005691490721736737,0.013923601129669902,-0.13899130663561635,0,70,255.0,255.0,255.0
273,13.65,-10.622621053050121,-2.7749439180673283,-8.621952813851948,-0.04256721547160561,0.0787514829692044,-0.9234431070106636,-0.004943644614677706,0.013821812900798135,-0.13994157629247272,0,70,255.0,255.0,255.0
274,13.700000000000001,-10.624755281776926,-2.770989109064504,-8.668300292118538,-0.04279570154966302,0.07944002890852252,-0.9304639425667087,-0.004195798507618648,0.013720024671926366,-0.14089184594932916,0,70,255.0,255.0,255.0
275,13.75,-10.6269,-2.767,-8.715,-0.042986795322367474,0.08012348543639702,-0.9375322916055965,-0.0034479524005593953,0.013618236443054599,-0.1418421156061802,0,70,255.0,255.0,255.0
276,13.8,-10.629054014127874,-2.76297725446261,-8.762052992112675,-0.04318105821770355,0.08077730545953629,-0.9445688906591412,-0.004322563412883741,0.012534564482515605,-0.139621846535603,0,70,255.0,255.0,255.0
277,13.850000000000001,-10.63121883466428,-2.7589231725140135,-8.809455038841689,-0.04341905166365585,0.0813769418846486,-0.951494476259157,-0.005197174425208087,0.01145089252197661,-0.1374015774650258,0,70,255.0,255.0,255.0
278,13.9,-10.633396648136749,-2.754840463334112,-8.857200589514365,-0.043700775660224365,0.08192239471173395,-0.9583090484056437,-0.0060717854375324015,0.010367220561437655,-0.13518130839444867,0,70,255.0,255.0,255.0
279,13.950000000000001,-10.635589641072814,-2.750731836102807,-8.905284093458029,-0.044026230207409096,0.08241366394079236,-0.9650126070986018,-0.006946396449856748,0.00928354860089866,-0.13296103932387146,0,70,255.0,255.0,255.0
280,14.0,-10.6378,-2.7466,-8.9537,-0.04439541530521003,0.08285074957182381,-0.9716051523380308,-0.007821007462181062,0.008199876640359705,-0.13074077025329434,0,70,255.0,255.0,255.0
281,14.05,-10.640029200942111,-2.742446964143912,-9.002443788082477,-0.04476570072976132,0.08327565530561751,-0.9781484610163325,-0.006990409519870211,0.00879635271138782,-0.13099157687876772,0,70,255.0,255.0,255.0
282,14.100000000000001,-10.642275877908025,-2.7382719374060454,-9.051515055107156,-0.04509445625719706,0.08373038484296261,-0.9847043100259077,-0.006159811577559358,0.009392828782415935,-0.1312423835042411,0,70,255.0,255.0,255.0
283,14.15,-10.64453795440288,-2.7340734285962234,-9.10091442809059,-0.045381681887517254,0.08421493818385908,-0.9912726993667565,-0.005329213635248536,0.00998930485344403,-0.1314931901297145,0,70,255.0,255.0,255.0
284,14.200000000000001,-10.646813353931826,-2.729849946524267,-9.150642534049352,-0.04562737762072191,0.084729315328307,-0.9978536290388791,-0.004498615692937684,0.010585780924472144,-0.1317439967551879,0,70,255.0,255.0,255.0
285,14.25,-10.6491,-2.7256,-9.2007,-0.04583154345681103,0.08527351627630632,-1.0044470990422754,-0.0036680177506270284,0.011182256995500572,-0.1319948033806586,0,70,255.0,255.0,255.0
286,14.3,-10.651396382103679,-2.7213220889617418,-9.25108705555741,-0.04602813886326547,0.08584807331799212,-1.0110292652755255,-0.004195798507550404,0.011800024671930918,-0.13129184594934776,0,70,255.0,255.0,255.0
287,14.350000000000001,-10.653703253703624,-2.7170146778618034,-9.301802340729694,-0.046251123307566075,0.08645351874349942,-1.0175762836372102,-0.00472357926447378,0.012417792348361262,-0.1305888885180369,0,70,255.0,255.0,255.0
288,14.4,-10.656021934251733,-2.712676222280995,-9.35284409812327,-0.046500496789712846,0.08708985255282824,-1.0240881541273295,-0.005251360021397138,0.013035560024791585,-0.1298859310867261,0,70,255.0,255.0,255.0
289,14.450000000000001,-10.658353743199893,-2.7083051778001237,-9.404210570344567,-0.04677625930970579,0.08775707474597859,-1.0305648767458828,-0.0057791407783205125,0.013653327701221931,-0.12918297365541526,0,70,255.0,255.0,255.0
290,14.5,-10.6607,-2.7039,-9.4559,-0.0470784108675449,0.08845518532295044,-1.0370064514928705,-0.006306921535243926,0.014271095377652365,-0.12848001622410266,0,70,255.0,255.0,255.0
291,14.55,-10.663062070643178,-2.6994598800091203,-9.507910389687883,-0.04740974381717327,0.08914005142241421,-1.0433984778815695,-0.0069463964498908,0.013123548600898155,-0.1272010393238517,0,70,255.0,255.0,255.0
292,14.600000000000001,-10.665441507277478,-2.6949869511467393,-9.560238781974075,-0.04777305051253399,0.08976754018304027,-1.0497265554252557,-0.007585871364537674,0.011976001824143946,-0.12592206242360074,0,70,255.0,255.0,255.0
293,14.65,-10.667839908590194,-2.6904840822797977,-9.612881979416324,-0.048168330953627034,0.0903376516048286,-1.0559906841239295,-0.008225346279184524,0.010828455047389777,-0.12464308552334984,0,70,255.0,255.0,255.0
294,14.700000000000001,-10.670258873268605,-2.6859541422752367,-9.665836784572384,-0.04859558514045244,0.09085038568777924,-1.0621908639775908,-0.008864821193831399,0.009680908270635566,-0.12336410862309888,0,70,255.0,255.0,255.0
295,14.75,-10.6727,-2.6814,-9.7191,-0.04905481307301016,0.09130574243189214,-1.0683270949862396,-0.009504296108478083,0.008533361493881286,-0.12208513172284619,0,70,255.0,255.0,255.0
296,14.8,-10.675164135323612,-2.676823991001775,-9.772668985691062,-0.04950088586804534,0.09173572099235089,-1.074432823198191,-0.008338615692928791,0.008665780924468283,-0.1221439967552083,0,70,255.0,255.0,255.0
297,14.850000000000001,-10.677649117186458,-2.6722263175512393,-9.826543331374014,-0.04988867464230305,0.09217232052433898,-1.0805414946617606,-0.0071729352773795,0.008798200355055278,-0.12220286178757044,0,70,255.0,255.0,255.0
298,14.9,-10.680152031387497,-2.6676066485998158,-9.880723184211432,-0.05021817939578329,0.09261554102785642,-1.086653109376948,-0.00600725486183025,0.008930619785642269,-0.12226172681993255,0,70,255.0,255.0,255.0
299,14.950000000000001,-10.68266996372569,-2.662964653098928,-9.9352086913659,-0.05048940012848607,0.09306538250290321,-1.0927676673437536,-0.004841574446280958,0.009063039216229266,-0.12232059185229467,0,70,255.0,255.0,255.0
300,15.0,-10.6852,-2.6583,-9.99,-0.05070233684041138,0.09352184494947934,-1.0988851685621772,-0.0036758940307315413,0.009195458646816035,-0.12237945688465501,0,70,255.0,255.0,255.0
301,15.05,-10.687739788062371,-2.653612155983778,-10.045096867547871,-0.050890712710637796,0.09399706460818053,-1.1049822293256786,-0.0038591407783250347,0.00981332770123092,-0.12150297365539799,0,70,255.0,255.0,255.0
302,15.100000000000001,-10.690289223976686,-2.6488997786483033,-10.100497492529879,-0.05108825091824389,0.09450317771960244,-1.111035465927717,-0.004042387525918528,0.010431196755645807,-0.12062649042614094,0,70,255.0,255.0,255.0
303,15.15,-10.692848765859818,-2.6441613233209393,-10.15619968373795,-0.05129495146322965,0.0950401842837451,-1.1170448783682927,-0.004225634273512015,0.01104906581006067,-0.11975000719688395,0,70,255.0,255.0,255.0
304,15.200000000000001,-10.695418871828632,-2.63939524532905,-10.212201249964016,-0.05151081434559509,0.09560808430060849,-1.1230104666474057,-0.004408881021105508,0.011666934864475556,-0.11887352396762692,0,70,255.0,255.0,255.0
305,15.25,-10.698,-2.6346,-10.2685,-0.0517358395653402,0.09620687777019264,-1.1289322307650556,-0.004592127768698884,0.012284803918890641,-0.11799704073838235,0,70,255.0,255.0,255.0
306,15.3,-10.700592712426905,-2.6297745850631116,-10.32509394411746,-0.051976263289403676,0.09680402057493069,-1.1348222594990922,-0.005024821193840229,0.011600908270631129,-0.11760410862308283,0,70,255.0,255.0,255.0
307,15.350000000000001,-10.703197986906794,-2.6249201678555467,-10.381981898506481,-0.052238321684724226,0.09736696859725577,-1.1406926416273642,-0.005457514618981575,0.010917012622371616,-0.11721117650778332,0,70,255.0,255.0,255.0
308,15.4,-10.705816905173233,-2.620038458116426,-10.439162880836768,-0.05252201475130183,0.09789572183716785,-1.1465433771498705,-0.005890208044122905,0.010233116974112128,-0.1168182443924838,0,70,255.0,255.0,255.0
309,15.450000000000001,-10.70845054895978,-2.6151311655848706,-10.496635908778039,-0.052827342489136515,0.09839028029466698,-1.1523744660666124,-0.006322901469264251,0.009549221325852616,-0.11642531227718428,0,70,255.0,255.0,255.0
310,15.5,-10.7111,-2.6102,-10.5544,-0.05315430489822826,0.09885064396975311,-1.1581859083775892,-0.0067555948944056365,0.008865325677592684,-0.11603238016187944,0,70,255.0,255.0,255.0
311,15.55,-10.71376616223001,-2.6052463037637743,-10.612453755982287,-0.05349223413174532,0.09929885309209845,-1.1639527326779446,-0.00676157444627642,0.009063039216220429,-0.1146405918523392,0,70,255.0,255.0,255.0
312,15.600000000000001,-10.716449228396135,-2.600269949929508,-10.670794113444202,-0.05383046234285591,0.09975694789137517,-1.1696499675628234,-0.006767553998147202,0.009260752754848172,-0.11324880354279894,0,70,255.0,255.0,255.0
313,15.65,-10.719149213447254,-2.5952704442133543,-10.729417592914977,-0.05416898953156003,0.10022492836758326,-1.1752776130322247,-0.006773533550017985,0.00945846629347591,-0.11185701523325874,0,70,255.0,255.0,255.0
314,15.700000000000001,-10.72186613233225,-2.590247292331467,-10.788320714923834,-0.05450781569785771,0.10070279452072275,-1.180835669086149,-0.006779513101888768,0.009656179832103654,-0.11046522692371849,0,70,255.0,255.0,255.0
315,15.75,-10.7246,-2.5852,-10.8475,-0.05484694084174891,0.10119054635079362,-1.1863241357245962,-0.0067854926537593285,0.009853893370730948,-0.10907343861417296,0,70,255.0,255.0,255.0
316,15.8,-10.727350638653059,-2.5801281998817913,-10.906952631953395,-0.05517480018362042,0.10168056705667392,-1.1917828097891412,-0.006328881021100879,0.009746934864480016,-0.10927352396762124,0,70,255.0,255.0,255.0
317,15.850000000000001,-10.730117099508668,-2.575032032426421,-10.966678447716712,-0.05547982894385901,0.10216523983724164,-1.1972514881213583,-0.005872269388442429,0.009639976358229082,-0.10947360932106953,0,70,255.0,255.0,255.0
318,15.9,-10.73289824103775,-2.5699117650301555,-11.026677947503327,-0.05576202712246466,0.1026445646924968,-1.2027301707212479,-0.005415657755783995,0.009533017851978152,-0.10967369467451782,0,70,255.0,255.0,255.0
319,15.950000000000001,-10.735692921711221,-2.56476766508926,-11.08695163152663,-0.05602139471943741,0.10311854162243946,-1.2082188575888102,-0.004959046123125544,0.00942605934572722,-0.1098737800279661,0,70,255.0,255.0,255.0
320,16.0,-10.7385,-2.5596,-11.1475,-0.056257931734777215,0.10358717062706953,-1.2137175487240446,-0.004502434490467111,0.009319100839475847,-0.11007386538141795,0,70,255.0,255.0,255.0
321,16.05,-10.74131848315776,-2.5544088967090612,-11.208322916204137,-0.056480565133770616,0.10405887868120296,-1.2191880281655085,-0.004402901469268815,0.009549221325860894,-0.10874531227713538,0,70,255.0,255.0,255.0
322,16.1,-10.744147973569191,-2.5491939203648077,-11.269417695688967,-0.056698221881704106,0.10454209275965562,-1.2245920799517582,-0.004303368448070518,0.009779341812245941,-0.10741675917285282,0,70,255.0,255.0,255.0
323,16.150000000000002,-10.746988222401745,-2.5439544956660236,-11.330781017071727,-0.05691090197857768,0.10503681286242757,-1.229929704082794,-0.004203835426872223,0.010009462298630988,-0.10608820606857025,0,70,255.0,255.0,255.0
324,16.2,-10.749838980822865,-2.5386900473114933,-11.392409558969655,-0.05711860542439132,0.10554303898951871,-1.2352009005586149,-0.0041043024056739335,0.010239582785016018,-0.10475965296428777,0,70,255.0,255.0,255.0
325,16.25,-10.7527,-2.5334,-11.4543,-0.05732133221914506,0.10606077114092913,-1.2404056693792227,-0.004004769384475637,0.010469703271401398,-0.10343109986000698,0,70,255.0,255.0,255.0
326,16.3,-10.755571428715905,-2.528084213281964,-11.516449303230065,-0.05754293928130428,0.10656391821851655,-1.2455610775488164,-0.004859513101893166,0.009656179832095223,-0.10278522692373214,0,70,255.0,255.0,255.0
327,16.35,-10.758455006214563,-2.5227442861143476,-11.578855569527436,-0.05780728352933438,0.10702638912413867,-1.2506841920715959,-0.005714256819310695,0.008842656392789049,-0.10213935398745731,0,70,255.0,255.0,255.0
328,16.400000000000002,-10.76135286935527,-2.517382252305749,-11.641517184209778,-0.05811436496323536,0.10744818385779548,-1.255775012947562,-0.006569000536728223,0.008029132953482874,-0.10149348105118247,0,70,255.0,255.0,255.0
329,16.45,-10.764267154997317,-2.512000145664768,-11.704432532594742,-0.05846418358300719,0.10782930241948693,-1.2608335401767141,-0.007423744254145691,0.007215609514176758,-0.10084760811490769,0,70,255.0,255.0,255.0
330,16.5,-10.7672,-2.5066,-11.7676,-0.05885673938864992,0.10816974480921314,-1.2658597737590527,-0.008278487971563497,0.006402086074870028,-0.10020173517862574,0,70,255.0,255.0,255.0
331,16.55,-10.770152601978628,-2.5011830501630827,-11.831018270875614,-0.05923567774101619,0.10851744844472817,-1.270871661639218,-0.006879046123087032,0.00750605934573118,-0.1002737800279867,0,70,255.0,255.0,255.0
332,16.6,-10.773122401572563,-2.4957473351778017,-11.894687226201299,-0.05954464400095864,0.10892035074378627,-1.2758871517618515,-0.005479604274610566,0.008610032616592331,-0.10034582487734767,0,70,255.0,255.0,255.0
333,16.650000000000002,-10.776105900177184,-2.4902900951109785,-11.958607046089176,-0.05978363816847725,0.10937845170638741,-1.280906244126953,-0.0040801624261341,0.009714005887453483,-0.10041786972670863,0,70,255.0,255.0,255.0
334,16.7,-10.77909959918787,-2.484808570029437,-12.022777910651365,-0.05995266024357204,0.1098917513325316,-1.285928938734522,-0.0026807205776577334,0.010817979158314558,-0.1004899145760696,0,70,255.0,255.0,255.0
335,16.75,-10.7821,-2.4793,-12.0872,-0.060051710226243026,0.11046024962221884,-1.2909552355845595,-0.0012812787291809902,0.011921952429175597,-0.10056195942543233,0,70,255.0,255.0,255.0
336,16.8,-10.78510456336959,-2.4737627860657043,-12.151872813267484,-0.060138349754615364,0.11101428800257365,-1.2959442758943032,-0.0021843024057123257,0.010239582785016197,-0.09899965296430613,0,70,255.0,255.0,255.0
337,16.85,-10.788114587495192,-2.4681999731744457,-12.216793125667381,-0.06027014046681426,0.11148420790072049,-1.3008552008809902,-0.003087326082243661,0.008557213140856798,-0.09743734650317992,0,70,255.0,255.0,255.0
338,16.900000000000002,-10.791132329936,-2.4626157672503357,-12.281957031433535,-0.06044708236283973,0.11187000931665933,-1.3056880105446214,-0.003990349758774997,0.006874843496697398,-0.09587504004205372,0,70,255.0,255.0,255.0
339,16.95,-10.794160048251205,-2.4570143742174837,-12.347360624799789,-0.06066917544269175,0.1121716922503902,-1.3104427048851952,-0.004893373435306268,0.005192473852538117,-0.09431273358092762,0,70,255.0,255.0,255.0
340,17.0,-10.7972,-2.4514,-12.413,-0.06093641970637034,0.11238925670191315,-1.3151192839027137,-0.005796397111837548,0.003510104208378606,-0.09275042711980497,0,70,255.0,255.0,255.0
341,17.05,-10.800253944543018,-2.4457754055740994,-12.478872076054452,-0.06121892324052004,0.11260939954497694,-1.3197672347835812,-0.005503744254150384,0.005295609514172475,-0.0931676081148897,0,70,255.0,255.0,255.0
342,17.1,-10.803321648446671,-2.440137572124414,-12.54497707112919,-0.06148679413178539,0.1129188176533304,-1.3244360447142027,-0.005211091396463222,0.007081114819966345,-0.09358478910997442,0,70,255.0,255.0,255.0
343,17.150000000000002,-10.806402380078813,-2.4344820358876786,-12.611316028176704,-0.06174003238016637,0.11331751102697357,-1.3291257136945787,-0.004918438538776058,0.008866620125760213,-0.09400197010505915,0,70,255.0,255.0,255.0
344,17.2,-10.809495407807306,-2.428804333100629,-12.677889990149474,-0.061978637985662985,0.11380547966590639,-1.3338362417247085,-0.0046257856810889165,0.010652125431553958,-0.09441915110014384,0,70,255.0,255.0,255.0
345,17.25,-10.8126,-2.4231,-12.7447,-0.06220261094827525,0.11438272357012895,-1.3385676288045931,-0.0043331328234018085,0.012437630737347827,-0.0948363320952339,0,70,255.0,255.0,255.0
346,17.3,-10.81571565845834,-2.417365991637896,-12.811746082514718,-0.06242595728330163,0.11496411381752052,-1.3432587849713753,-0.004600720577653232,0.01081797915831446,-0.09280991457605337,0,70,255.0,255.0,255.0
347,17.35,-10.818842818718126,-2.411604938327897,-12.879024189815873,-0.06266268300604058,0.11546452148596041,-1.3478486202621986,-0.004868308331904655,0.009198327579281095,-0.09078349705687282,0,70,255.0,255.0,255.0
348,17.400000000000002,-10.821982149748738,-2.405820889198949,-12.946529255859673,-0.06291278811649209,0.11588394657544865,-1.3523371346770627,-0.005135896086156078,0.007578676000247728,-0.08875707953769228,0,70,255.0,255.0,255.0
349,17.45,-10.825134320519568,-2.4000178933800016,-13.01425621460231,-0.06317627261465618,0.11622238908598517,-1.3567243282159678,-0.005403483840407482,0.005959024421214477,-0.08673066201851187,0,70,255.0,255.0,255.0
350,17.5,-10.8283,-2.3942,-13.0822,-0.06345313650053284,0.11647984901757007,-1.3610102008789138,-0.005671071594658739,0.004339372842181111,-0.08470424449932779,0,70,255.0,255.0,255.0
351,17.55,-10.831479421623623,-2.388370227874314,-13.150356393886687,-0.06371724762628196,0.11671814518493805,-1.3652456253309209,-0.004893373435306103,0.005192473852538127,-0.08471273358094891,0,70,255.0,255.0,255.0
352,17.6,-10.834671076680829,-2.3825274745639975,-13.218724569607328,-0.06394247384406346,0.11699909640282388,-1.369481474237009,-0.004115675275953468,0.006045574862895144,-0.08472122266257003,0,70,255.0,255.0,255.0
353,17.650000000000002,-10.837873020926228,-2.3766696073165234,-13.287304548384625,-0.06412881515387732,0.11732270267122757,-1.373717747597178,-0.003337977116600832,0.0068986758732521615,-0.08472971174419115,0,70,255.0,255.0,255.0
354,17.7,-10.841083310114417,-2.3707944933793663,-13.356096351441279,-0.06427627155572355,0.11768896399014908,-1.3779544454114276,-0.002560278957248252,0.0077517768836091175,-0.08473820082581227,0,70,255.0,255.0,255.0
355,17.75,-10.8443,-2.3649,-13.4251,-0.06438484304960213,0.11809788035958849,-1.3821915676797591,-0.0017825807978952835,0.008604877893965801,-0.08474668990743517,0,70,255.0,255.0,255.0
356,17.8,-10.847521855047178,-2.358984296864846,-13.494315541938537,-0.06449705221157599,0.1185313054427266,-1.3864307137049485,-0.0027057856810592494,0.00873212543155826,-0.08481915110013567,0,70,255.0,255.0,255.0
357,17.85,-10.850750474558561,-2.3530467634161125,-13.563743131754824,-0.06465542161770806,0.11897109290274432,-1.3906734827897727,-0.0036289905642232154,0.008859372969150717,-0.08489161229283618,0,70,255.0,255.0,255.0
358,17.900000000000002,-10.853988166546353,-2.3470870815349567,-13.633382950601844,-0.06485995126799832,0.11941724273964169,-1.3949198749342322,-0.004552195447387181,0.008986620506743176,-0.08496407348553668,0,70,255.0,255.0,255.0
359,17.95,-10.857237239022762,-2.341104933102534,-13.703235179632573,-0.06511064116244676,0.11986975495341862,-1.3991698901383263,-0.005475400330551081,0.009113868044335624,-0.08503653467823717,0,70,255.0,255.0,255.0
360,18.0,-10.8605,-2.3351,-13.7733,-0.06540749130105342,0.12032862954407524,-1.4034235284020558,-0.006398605213714825,0.009241115581927972,-0.08510899587093768,0,70,255.0,255.0,255.0
361,18.05,-10.863777958187665,-2.3290725846663025,-13.843576638359172,-0.06570254352740733,0.12075663304415368,-1.4076235198492915,-0.0054034838404415225,0.007879024421209916,-0.08289066201848488,0,70,255.0,255.0,255.0
362,18.1,-10.86706942508493,-2.323025471771552,-13.914060503373387,-0.06594783968509758,0.12111653198619625,-1.4117125946039044,-0.00440836246716822,0.006516933260491858,-0.08067232816603209,0,70,255.0,255.0,255.0
363,18.150000000000002,-10.870371912888363,-2.3169620665436503,-13.984746049208018,-0.06614337977412416,0.1214083263702029,-1.4156907526658948,-0.003413241093894916,0.005154842099773802,-0.0784539943135793,0,70,255.0,255.0,255.0
364,18.2,-10.87368293379453,-2.3108857742104987,-14.055627730028432,-0.06628916379448706,0.12163201619617361,-1.419557994035262,-0.0024181197206216837,0.003792750939055842,-0.07623566046112668,0,70,255.0,255.0,255.0
365,18.25,-10.877,-2.3048,-14.1267,-0.06638519174618633,0.12178760146410846,-1.4233143187120074,-0.00142299834734827,0.0024306597783375627,-0.07401732660867921,0,70,255.0,255.0,255.0
366,18.3,-10.880321512202165,-2.2987069644699445,-14.197958704624785,-0.06648477367880123,0.12194616238065735,-1.4270432068978705,-0.002560278957247991,0.003911776883617967,-0.0751382008258375,0,70,255.0,255.0,255.0
367,18.35,-10.883649425101723,-2.29260414949768,-14.269405254751636,-0.06664121964191114,0.12217877915247026,-1.4308281387945911,-0.0036975595671477116,0.0053928939888983705,-0.0762590750429958,0,70,255.0,255.0,255.0
368,18.400000000000002,-10.886986581900198,-2.2864878522904433,-14.341042452566095,-0.06685452963551602,0.1224854517795472,-1.4346691144021702,-0.004834840177047432,0.006874011094178774,-0.07737994926015408,0,70,255.0,255.0,255.0
369,18.45,-10.890335825799115,-2.280354370055471,-14.4128731002537,-0.06712470365961587,0.12286618026188811,-1.4385661337206064,-0.005972120786947072,0.008355128199459074,-0.0785008234773123,0,70,255.0,255.0,255.0
370,18.5,-10.8937,-2.2742,-14.4849,-0.06745174171421071,0.12332096459949309,-1.4425191967499011,-0.007109401396846571,0.0098362453047397,-0.07962169769447414,0,70,255.0,255.0,255.0
371,18.55,-10.897080793003681,-2.2680219574539198,-14.557124543141692,-0.06776636175739481,0.12379471743321976,-1.4464436525592195,-0.00547540033051681,0.009113868044327246,-0.0773565346782554,0,70,255.0,255.0,255.0
372,18.6,-10.900475274508185,-2.261821130237728,-14.629542477620078,-0.06799928174726241,0.12423235140392583,-1.4502548502177268,-0.003841399264187049,0.008391490783914792,-0.07509137166203665,0,70,255.0,255.0,255.0
373,18.650000000000002,-10.903879359510851,-2.2555993242945775,-14.702148140527619,-0.06815050168381351,0.12463386651161126,-1.4539527897254232,-0.002207398197857288,0.007669113523502339,-0.07282620864581792,0,70,255.0,255.0,255.0
374,18.7,-10.90728896300901,-2.249358345567617,-14.774935868956769,-0.06822002156704812,0.12499926275627604,-1.4575374710823086,-0.0005733971315276427,0.0069467362630899355,-0.07056104562959933,0,70,255.0,255.0,255.0
375,18.75,-10.9107,-2.2431,-14.8479,-0.06820784139696627,0.12532854013792025,-1.4610088942883832,0.001060603934802118,0.006224359002677149,-0.06829588261337882,0,70,255.0,255.0,255.0
376,18.8,-10.91410971578312,-2.236826005714377,-14.921035922808455,-0.06819377929161187,0.12562696788646366,-1.4644301828652455,-0.0004981197206262334,0.005712750939059534,-0.06855566046111115,0,70,255.0,255.0,255.0
377,18.85,-10.917520676865541,-2.2305377295514064,-14.994343234768065,-0.06825765336902889,0.12589981523182622,-1.4678644603344946,-0.0020568433760545846,0.005201142875441918,-0.06881543830884347,0,70,255.0,255.0,255.0
378,18.900000000000002,-10.920936780056403,-2.224236450531247,-15.067822585323448,-0.06839946362921734,0.12614708217400786,-1.4713117266961298,-0.0036155670314829353,0.0046895348118243035,-0.0690752161565758,0,70,255.0,255.0,255.0
379,18.95,-10.924361922164842,-2.217923447674059,-15.141474623919214,-0.06861921007217718,0.12636876871300862,-1.474771981950152,-0.005174290686911176,0.004177926748206724,-0.0693349940043081,0,70,255.0,255.0,255.0
380,19.0,-10.9278,-2.2116,-15.2153,-0.06891689269790845,0.1265648748488285,-1.4782452260965604,-0.006733014342339749,0.0036663186845888873,-0.06959477185203156,0,70,255.0,255.0,255.0
381,19.05,-10.93125394386384,-2.205266819688571,-15.289298965624488,-0.06923452107614148,0.1267694110209295,-1.4817076159797944,-0.005972120786981183,0.004515128199451202,-0.06890082347733396,0,70,255.0,255.0,255.0
382,19.1,-10.934722818029652,-2.1989223515566447,-15.363470183307669,-0.06951410477660658,0.12701638766877363,-1.485135308444294,-0.0052112272316226175,0.005363937714313517,-0.06820687510263637,0,70,255.0,255.0,255.0
383,19.150000000000002,-10.938204720263538,-2.1925644735804317,-15.437811918178605,-0.06975564379930375,0.12730580479236087,-1.4885283034900583,-0.0044503336762640525,0.006212747229175833,-0.06751292672793878,0,70,255.0,255.0,255.0
384,19.200000000000003,-10.941697748331618,-2.1861910637361457,-15.512322435366363,-0.06995913814423298,0.12763766239169122,-1.491886601117088,-0.003689440120905486,0.007061556744038148,-0.06681897835324119,0,70,255.0,255.0,255.0
385,19.25,-10.9452,-2.1798,-15.587,-0.07012458781139429,0.1280119604667647,-1.4952102013253823,-0.0029285465655469745,0.00791036625890107,-0.06612502997853653,0,70,255.0,255.0,255.0
386,19.3,-10.948709708761513,-2.1733899155313368,-15.661842614693597,-0.07026013640382105,0.12838338802981447,-1.4984833532155852,-0.0024933971315230946,0.006946736263090023,-0.06480104562957789,0,70,255.0,255.0,255.0
387,19.35,-10.952225651015853,-2.166962464222015,-15.73684723200127,-0.07037392752454659,0.1287066340930737,-1.5016903058883402,-0.0020582476974992147,0.005983106267278976,-0.06347706128061925,0,70,255.0,255.0,255.0
388,19.400000000000002,-10.95574673888944,-2.1605200551470256,-15.812010541962144,-0.07046596117357096,0.12898169865654238,-1.5048310593436474,-0.0016230982634753348,0.00501947627146793,-0.062153076931660625,0,70,255.0,255.0,255.0
389,19.450000000000003,-10.959271884508683,-2.154065097381357,-15.887329234615345,-0.07053623735089413,0.12920858172022048,-1.5079056135815063,-0.0011879488294514549,0.004055846275656883,-0.060829092582701985,0,70,255.0,255.0,255.0
390,19.5,-10.9628,-2.1476,-15.9628,-0.0705847560565161,0.1293872832841081,-1.5109139686019175,-0.0007527993954277168,0.003092216279845683,-0.059505108233741666,0,70,255.0,255.0,255.0
391,19.55,-10.96633042109011,-2.1411263181860827,-16.038420175601125,-0.07063693330857394,0.1295690368598098,-1.513894971157869,-0.0013342906868862498,0.004177926748223208,-0.05973499400432552,0,70,255.0,255.0,255.0
392,19.6,-10.969864177906933,-2.1346421915552956,-16.11418968868726,-0.07071818512520472,0.12980507595893043,-1.51688746800235,-0.0019157819783447827,0.005263637216600734,-0.05996487977490937,0,70,255.0,255.0,255.0
393,19.650000000000002,-10.973402724178706,-2.128144905831466,-16.190109113972838,-0.07082851150640843,0.1300954005814699,-1.5198914591353603,-0.0024972732698033155,0.006349347684978259,-0.060194765545493224,0,70,255.0,255.0,255.0
394,19.700000000000003,-10.97694751363365,-2.1216317467384243,-16.266179026172278,-0.07096791245218506,0.13044001072742825,-1.5229069445568997,-0.0030787645612618485,0.007435058153355784,-0.06042465131607707,0,70,255.0,255.0,255.0
395,19.75,-10.9805,-2.1151,-16.3424,-0.0711363879625346,0.13083890639680545,-1.525933924266968,-0.003660255852720118,0.008520768621733676,-0.06065453708665913,0,70,255.0,255.0,255.0
396,19.8,-10.984061406878052,-2.108548011724331,-16.418771882901904,-0.0713201303618761,0.13122846453094955,-1.5289287621529644,-0.003689440120939525,0.007061556744030174,-0.05913897835318662,0,70,255.0,255.0,255.0
397,19.85,-10.987632037356411,-2.1019783695568033,-16.495291613249687,-0.07150533197462856,0.13154506207120847,-1.5318478221022869,-0.003718624389158932,0.005602344866326672,-0.057623419619714115,0,70,255.0,255.0,255.0
398,19.900000000000002,-10.991211964395738,-2.0953947215271085,-16.571955402146525,-0.071691992800792,0.13178869901758225,-1.5346911041149358,-0.003747808657378339,0.00414313298862317,-0.0561078608862416,0,70,255.0,255.0,255.0
399,19.950000000000003,-10.994801260956713,-2.0888007156649424,-16.648759460695572,-0.0718801128403664,0.1319593753700708,-1.537458608190911,-0.003776992925597746,0.002683921110919668,-0.05459230215276909,0,70,255.0,255.0,255.0
400,20.0,-10.9984,-2.0822,-16.7257,-0.07206969209335176,0.13205709112867423,-1.5401503343302125,-0.0038061771938167066,0.0012247092332164922,-0.05307674341929314,0,70,255.0,255.0,255.0
401,20.05,-11.002007951397674,-2.0755952349165905,-16.802773892791272,-0.07224254524393335,0.13214110501639573,-1.542805980230263,-0.0031079488294468395,0.0021358462756442837,-0.05314909258271925,0,70,255.0,255.0,255.0
402,20.1,-11.005623672667424,-2.068985130217491,-16.879980658313997,-0.07238048697629645,0.13227067575623866,-1.5454652435884846,-0.0024097204650769723,0.0030469833180720753,-0.05322144174614536,0,70,255.0,255.0,255.0
403,20.150000000000002,-11.009245418238335,-2.0623674080600973,-16.957320477441094,-0.07248351729044106,0.13244580334820294,-1.5481281244048775,-0.0017114921007071052,0.003958120360499867,-0.053293790909571474,0,70,255.0,255.0,255.0
404,20.200000000000003,-11.012871442539495,-2.055739790601802,-17.034793531045455,-0.07255163618636717,0.13266648779228865,-1.5507946226794418,-0.001013263736337238,0.004869257402927658,-0.05336614007299759,0,70,255.0,255.0,255.0
405,20.25,-11.0165,-2.0491,-17.1124,-0.07258484366407476,0.1329327290884957,-1.5534647384121771,-0.0003150353719666432,0.005780394445355386,-0.05343848923642369,0,70,255.0,255.0,255.0
406,20.3,-11.020129987531249,-2.0424462486093065,-17.190139745933024,-0.07262168866240473,0.1332151154034638,-1.556119316925991,-0.0011587645612319516,0.005515058153368853,-0.05274465131613012,0,70,255.0,255.0,255.0
407,20.35,-11.023762871973899,-2.0357787095732305,-17.268011353494334,-0.07270072012019796,0.1334842349038326,-1.5587392035437901,-0.00200249375049726,0.00524972186138232,-0.05205081339583655,0,70,255.0,255.0,255.0
408,20.400000000000002,-11.027400762650927,-2.0290980462325,-17.346013088089137,-0.07282193803745446,0.13374008758960207,-1.561324398265575,-0.002846222939762569,0.004984385569395788,-0.05135697547554298,0,70,255.0,255.0,255.0
409,20.450000000000003,-11.031045768885301,-2.0224049219278464,-17.42414321512263,-0.07298534241417422,0.1339826734607722,-1.5638749010913446,-0.003689952129027877,0.004719049277409256,-0.05066313755524941,0,70,255.0,255.0,255.0
410,20.5,-11.0347,-2.0157,-17.5024,-0.07319093325035722,0.134211992517343,-1.5663907120210996,-0.004533681318292793,0.004453712985422076,-0.04996929963495589,0,70,255.0,255.0,255.0
411,20.55,-11.038364898477338,-2.008983770646182,-17.580781523476652,-0.07339870010645448,0.13443843336975156,-1.5688607520657898,-0.0037769929255976444,0.004603921110919364,-0.04883230215264474,0,70,255.0,255.0,255.0
412,20.6,-11.042039239436987,-2.0022560314895865,-17.659285127708678,-0.07356863254291698,0.13467238462843495,-1.5712739422363642,-0.0030203045329024966,0.004754129236416653,-0.047695304670333595,0,70,255.0,255.0,255.0
413,20.650000000000002,-11.045721131157968,-1.9955164070099,-17.73790797020239,-0.07370073055974474,0.13491384629339323,-1.573630282532823,-0.0022636161402073483,0.0049043373619139415,-0.046558307188022445,0,70,255.0,255.0,255.0
414,20.700000000000003,-11.0494086819193,-1.9887645216868093,-17.816647208464065,-0.07379499415693773,0.13516281836462635,-1.5759297729551665,-0.0015069277475122005,0.00505454548741123,-0.0454213097057113,0,70,255.0,255.0,255.0
415,20.75,-11.0531,-1.982,-17.8955,-0.07385142333449596,0.1354193008421343,-1.578172413503394,-0.000750239354816884,0.005204753612907842,-0.044284312223400235,0,70,255.0,255.0,255.0
416,20.8,-11.05679361855941,-1.9752226688059644,-17.97446376016039,-0.0738955109117748,0.13567115111752998,-1.5803736748108064,-0.0010132637363368816,0.004869257402919076,-0.04376614007308816,0,70,255.0,255.0,255.0
417,20.85,-11.060489770278162,-1.9684331644684219,-18.053536935670955,-0.07395274970812965,0.1359062265824262,-1.582549027510703,-0.0012762881178568794,0.00453376119293031,-0.04324796792277608,0,70,255.0,255.0,255.0
418,20.900000000000002,-11.064189112717209,-1.9616323257278967,-18.132718231101332,-0.07402313972356049,0.13612452723682303,-1.584698471603084,-0.0015393124993768772,0.004198264982941543,-0.04272979577246401,0,70,255.0,255.0,255.0
419,20.950000000000003,-11.067892303437505,-1.9548209913249142,-18.212006351021145,-0.07410668095806734,0.13632605308072038,-1.5868220070879493,-0.0018023368808968748,0.003862768772952777,-0.04221162362215193,0,70,255.0,255.0,255.0
420,21.0,-11.0716,-1.948,-18.2914,-0.07420337341165019,0.1365108041141183,-1.5889196339652991,-0.0020653612624167428,0.0035272725629642565,-0.04169345147183279,0,70,255.0,255.0,255.0
421,21.05,-11.075312627285022,-1.9411703541299592,-18.37089783588181,-0.07429925624643642,0.13666896216012786,-1.5909885486909785,-0.0017699521290320333,0.0027990492774179537,-0.041063137555337186,0,70,255.0,255.0,255.0
422,21.1,-11.079029679450365,-1.9343337106367249,-18.450498329607502,-0.0743803686245534,0.1367907090418601,-1.5930259477208328,-0.0014745429956473238,0.0020708259918716513,-0.04043282363884158,0,70,255.0,255.0,255.0
423,21.150000000000002,-11.0827504179732,-1.927491890078511,-18.530199905392298,-0.07444671054600115,0.13687604475931503,-1.5950318310548626,-0.0011791338622626144,0.001342602706325349,-0.039802509722345975,0,70,255.0,255.0,255.0
424,21.200000000000003,-11.08647410433069,-1.9206467130135312,-18.610000987451393,-0.07449828201077965,0.13692496931249265,-1.5970061986930677,-0.0008837247288779047,0.0006143794207790461,-0.03917219580585037,0,70,255.0,255.0,255.0
425,21.25,-11.0902,-1.9138,-18.6899,-0.07453508301888892,0.13693748270139292,-1.5989490506354473,-0.0005883155954926611,-0.00011384386476787078,-0.03854188188935659,0,70,255.0,255.0,255.0
426,21.3,-11.093927872300501,-1.9069527146741978,-18.76989529631239,-0.07458746410246489,0.13696500024195887,-1.600856130425321,-0.0015069277475461404,0.0012145454874068228,-0.03774130970559603,0,70,255.0,255.0,255.0
427,21.35,-11.097659511920373,-1.900102392984677,-18.84998494589905,-0.07468577579364354,0.1370589372501336,-1.602723181606007,-0.0024255398995996196,0.0025429348395815165,-0.036940737521835465,0,70,255.0,255.0,255.0
428,21.400000000000002,-11.101397215389992,-1.8932457139580574,-18.93016694732951,-0.07483001809242486,0.13721929372591707,-1.6045502041775048,-0.003344152051653099,0.0038713241917562105,-0.0361401653380749,0,70,255.0,255.0,255.0
429,21.450000000000003,-11.105143279239744,-1.8863793566209583,-19.010439299173317,-0.07502019099880886,0.13744606966930922,-1.6063371981398145,-0.004262764203706578,0.005199713543930904,-0.03533959315431434,0,70,255.0,255.0,255.0
430,21.5,-11.1089,-1.8795,-19.0908,-0.0752562945127955,0.13773926508031012,-1.6080841634929364,-0.005181376355759992,0.006528102896105059,-0.03453902097056272,0,70,255.0,255.0,255.0
431,21.55,-11.11266868351297,-1.8726051871732488,-19.171247378868635,-0.07547888734371182,0.13804703687203657,-1.6098109296077532,-0.0037223368808924975,0.005782768772952752,-0.03453162362210094,0,70,255.0,255.0,255.0
432,21.6,-11.116446672868143,-1.8656959174245653,-19.25178108679632,-0.07562852820088475,0.1383175419576054,-1.6115373258551464,-0.0022632974060250027,0.005037434649800444,-0.03452422627363916,0,70,255.0,255.0,255.0
433,21.650000000000002,-11.12023032046683,-1.8587740540892574,-19.332401105289694,-0.07570521708431432,0.13855078033701662,-1.613263352235117,-0.0008042579311575079,0.004292100526648137,-0.03451682892517738,0,70,255.0,255.0,255.0
434,21.700000000000003,-11.124015978710347,-1.8518414605026328,-19.41310741585538,-0.0757089539940005,0.13874675201027023,-1.6149890087476644,0.0006547815437099869,0.003546766403495829,-0.0345094315767156,0,70,255.0,255.0,255.0
435,21.75,-11.1278,-1.8449,-19.4939,-0.07563973892994334,0.1389054569773662,-1.6167142953927884,0.0021138210185772666,0.00280143228034313,-0.03450203422825027,0,70,255.0,255.0,255.0
436,21.8,-11.131579793647619,-1.8379513366328062,-19.574778388213083,-0.07556098652269926,0.13903885226989424,-1.618412151143643,0.0010362752711861115,0.0025343794207783837,-0.033412195805928475,0,70,255.0,255.0,255.0
437,21.85,-11.13535699660706,-1.8309963373170601,-19.655740306915682,-0.07553611140282473,0.13915889491944405,-1.6200555149733813,-4.127047620504365e-05,0.0022673265612136373,-0.032322357383606684,0,70,255.0,255.0,255.0
438,21.900000000000002,-11.139134302742692,-1.824035669684911,-19.736783031511738,-0.07556511357031977,0.13926558492601562,-1.6216443868820036,-0.0011188162235961988,0.0020002737016488912,-0.031232518961284893,0,70,255.0,255.0,255.0
439,21.950000000000003,-11.14291440591888,-1.817070001368508,-19.817903837405197,-0.07564799302518435,0.13935892228960892,-1.62317876686951,-0.002196361970987354,0.0017332208420841448,-0.0301426805389631,0,70,255.0,255.0,255.0
440,22.0,-11.1467,-1.8101,-19.8991,-0.07578474976741849,0.139438907010224,-1.6246586549359,-0.0032739077183784326,0.0014661679825183072,-0.029052842116641386,0,70,255.0,255.0,255.0
441,22.05,-11.150492941896553,-1.8031262662955265,-19.980368668279045,-0.07592516656547157,0.13950955404838533,-1.6260764658176743,-0.0023427642037450714,0.0013597135439351133,-0.027659593154337594,0,70,255.0,255.0,255.0
442,22.1,-11.154291740703616,-1.7961491333071935,-20.061706485540967,-0.076019026187793,0.13957487836461752,-1.6274246142513336,-0.0014116206891117101,0.0012532591053519195,-0.026266344192033803,0,70,255.0,255.0,255.0
443,22.150000000000002,-11.158094068562404,-1.789168867171097,-20.143109968663374,-0.07606632863438274,0.13963487995892054,-1.6287031002368777,-0.00048047717447834886,0.001146804666768726,-0.02487309522973001,0,70,255.0,255.0,255.0
444,22.200000000000003,-11.161897597614127,-1.7821857340233331,-20.224575634523855,-0.07606707390524084,0.13968955883129436,-1.6299119237743067,0.0004506663401550124,0.001040350228185532,-0.02347984626742622,0,70,255.0,255.0,255.0
445,22.25,-11.1657,-1.7752,-20.3061,-0.07602126200036724,0.1397389149817391,-1.6310510848636204,0.0013818098547884183,0.000933895789603012,-0.02208659730511897,0,70,255.0,255.0,255.0
446,22.3,-11.169499638766162,-1.7682115981850868,-20.38768053867076,-0.07597034721540563,0.13980293153656648,-1.6321779855856653,0.000654781543675654,0.001626766403492007,-0.022989431576671406,0,70,255.0,255.0,255.0
447,22.35,-11.173297640578467,-1.7612191294541648,-20.46931855092046,-0.07595578384599967,0.1399015916220883,-1.6333500280212876,-7.224676743711037e-05,0.002319637017381002,-0.02389226584822384,0,70,255.0,255.0,255.0
448,22.400000000000002,-11.177095823007688,-1.7542208616306996,-20.551016293834785,-0.07597757189214935,0.1400348952383046,-1.6345672121704877,-0.0007992750785498748,0.003012507631269997,-0.024795100119776276,0,70,255.0,255.0,255.0
449,22.450000000000003,-11.180896003624605,-1.747215062538156,-20.63277602449941,-0.07603571135385466,0.1402028423852153,-1.635829538033265,-0.001526303389662639,0.0037053782451589917,-0.02569793439132871,0,70,255.0,255.0,255.0
450,22.5,-11.1847,-1.7402,-20.7146,-0.0761302022311156,0.1404054330628205,-1.6371370056096206,-0.0022533317007753517,0.0043982488590486035,-0.026600768662879304,0,70,255.0,255.0,255.0
451,22.55,-11.188509303038794,-1.7331745409641255,-20.796489177037927,-0.07624144457290882,0.1406067198053487,-1.6384115918396671,-0.002196361970953208,0.0036532208420790974,-0.02438268053897549,0,70,255.0,255.0,255.0
452,22.6,-11.192324096982516,-1.7261399488761457,-20.8784393107772,-0.07634983842821094,0.1407707551470284,-1.639575273663518,-0.0021393922411310647,0.0029081928251095913,-0.022164592415071675,0,70,255.0,255.0,255.0
453,22.650000000000002,-11.19614423940684,-1.7190980863061034,-20.960444855997512,-0.07645538379702194,0.14089753908785965,-1.6406280510811742,-0.002082422511308921,0.0021631648081400848,-0.01994650429116786,0,70,255.0,255.0,255.0
454,22.700000000000003,-11.199969587887443,-1.7120508158240404,-21.04250026747855,-0.07655808067934182,0.14098707162784244,-1.6415699240926351,-0.0020254527814867773,0.0014181367911705787,-0.017728416167264047,0,70,255.0,255.0,255.0
455,22.75,-11.2038,-1.705,-21.1246,-0.07665792907517062,0.1410393527669767,-1.6424008926979008,-0.001968483051664971,0.0006731087742011255,-0.015510328043362165,0,70,255.0,255.0,255.0
456,22.8,-11.207635149078659,-1.697947037958411,-21.206739553177542,-0.07674387449295911,0.1410821892420366,-1.643183647055669,-0.0014693336598746204,0.0010403502281943363,-0.015799846267374566,0,70,255.0,255.0,255.0
457,22.85,-11.211473971491468,-1.6908914750412514,-21.288918605970757,-0.07680486244115808,0.14114338778979615,-1.6439808773246383,-0.0009701842680842701,0.001407591682187547,-0.016089364491386968,0,70,255.0,255.0,255.0
458,22.900000000000002,-11.215315219364948,-1.683832393144886,-21.371137882175198,-0.07684089291976755,0.14122294841025534,-1.6447925835048078,-0.00047103487629391954,0.001774833136180758,-0.01637888271539937,0,70,255.0,255.0,255.0
459,22.950000000000003,-11.219157644825618,-1.6767688741656805,-21.45339810558643,-0.07685196592878749,0.1413208711034142,-1.6456187655961783,2.811451549643079e-05,0.0021420745901739686,-0.01666840093941177,0,70,255.0,255.0,255.0
460,23.0,-11.223,-1.6697,-21.5357,-0.07683808146821791,0.14143715586927275,-1.646459423598749,0.0005272639072870788,0.0025093160441667095,-0.01695791916342415,0,70,255.0,255.0,255.0
461,23.05,-11.226841300646567,-1.6626253072022306,-21.6180438102519,-0.07681505745527656,0.1415445232265058,-1.6472858199376201,0.0003936966103672982,0.0017853782451551121,-0.01609793439141923,0,70,255.0,255.0,255.0
462,23.1,-11.23068161705161,-1.6555461509588485,-21.700427865339783,-0.07679871180718119,0.14161569369378826,-1.648069217037891,0.0002601293134475175,0.001061440446143515,-0.015237949619414312,0,70,255.0,255.0,255.0
463,23.150000000000002,-11.234521283133367,-1.648464341114351,-21.78285001530172,-0.0767890445239318,0.14165066727112013,-1.6488096148995617,0.0001265620165277369,0.00033750264713191787,-0.014377964847409393,0,70,255.0,255.0,255.0
464,23.200000000000003,-11.238360632810082,-1.6413816875132352,-21.865308110175768,-0.07678605560552841,0.14164944395850146,-1.649507013522632,-7.005280392043817e-06,-0.0003864351518796795,-0.013517980075404473,0,70,255.0,255.0,255.0
465,23.25,-11.2422,-1.6343,-21.9478,-0.076789745051971,0.14161202375593215,-1.6501614129071023,-0.00014057257731181494,-0.0011103729508918914,-0.012657995303404945,0,70,255.0,255.0,255.0
466,23.3,-11.246039648335072,-1.6272205332326661,-22.03032360581485,-0.07679589568594024,0.14157171785193912,-1.6507770731938696,-0.00010545278145741526,-0.0005018632088292032,-0.011968416167280428,0,70,255.0,255.0,255.0
467,23.35,-11.249879560302098,-1.620142321123354,-22.11287713267011,-0.07680029033011675,0.14156183743504924,-1.6513582545238303,-7.03329856030156e-05,0.00010664653323348488,-0.011278837031155911,0,70,255.0,255.0,255.0
468,23.400000000000002,-11.253719648101587,-1.6130638423977093,-22.19545885661795,-0.07680292898450053,0.14158238250526248,-1.651904956896985,-3.5213189748615925e-05,0.000715156275296173,-0.010589257895031394,0,70,255.0,255.0,255.0
469,23.450000000000003,-11.25755982393405,-1.6059835757813763,-22.278067053710533,-0.0768038116490916,0.14163335306257885,-1.6524171803133336,-9.339389421626266e-08,0.0013236660173588611,-0.009899678758906877,0,70,255.0,255.0,255.0
470,23.5,-11.2614,-1.5989,-22.3607,-0.07680293832388994,0.14171474910699833,-1.6528949247728757,3.5026401960513986e-05,0.001932175759421284,-0.009210099622778856,0,70,255.0,255.0,255.0
471,23.55,-11.265240106013145,-1.5918117598671044,-22.443356166488723,-0.07680135980095437,0.1418166053657383,-1.6533498872869274,2.8114515462429504e-05,0.0021420745901782143,-0.008988400939290738,0,70,255.0,255.0,255.0
472,23.6,-11.26908014174,-1.5847181645477335,-22.52603480397979,-0.07680012687234371,0.14192895656601615,-1.6537937648668046,2.120262896434502e-05,0.002351973420935144,-0.008766702255802622,0,70,255.0,255.0,255.0
473,23.650000000000002,-11.272920124460285,-1.5776186892948103,-22.608735358226504,-0.07679923953805794,0.14205180270783183,-1.6542265575125077,1.4290742466260535e-05,0.0025618722516920745,-0.008545003572314504,0,70,255.0,255.0,255.0
474,23.700000000000003,-11.276760071453714,-1.570512809361258,-22.69145727498214,-0.07679869779809707,0.14218514379118538,-1.6546482652240364,7.378855968176052e-06,0.002771771082449005,-0.008323304888826388,0,70,255.0,255.0,255.0
475,23.75,-11.2806,-1.5634,-22.7742,-0.07679850165246113,0.14232897981607676,-1.6550588880013903,4.6696947042512704e-07,0.0029816699132052538,-0.008101606205341838,0,70,255.0,255.0,255.0
476,23.8,-11.284439927612347,-1.5562804272989148,-22.856962128230272,-0.07679866511023417,0.14244186068510964,-1.6554073776584095,-7.0052803919030635e-06,0.001533564848110848,-0.005837980075427719,0,70,255.0,255.0,255.0
477,23.85,-11.288279872737899,-1.5491570206857097,-22.939738851410734,-0.07679920218050032,0.14248233630088786,-1.655642686008933,-1.4477530254231254e-05,8.545978301644245e-05,-0.0035743539455135994,0,70,255.0,255.0,255.0
478,23.900000000000002,-11.292119854057274,-1.542033400423047,-23.02252451047606,-0.07680011286325959,0.1424504066634113,-1.655764813052961,-2.1949780116559445e-05,-0.0013626452820779626,-0.0013107278155994806,0,70,255.0,255.0,255.0
479,23.950000000000003,-11.2959598902511,-1.5349131867735892,-23.105313446360924,-0.07680139715851197,0.14234607177268005,-1.655773758790493,-2.9422029978887635e-05,-0.002810750347172369,0.0009528983143146392,0,70,255.0,255.0,255.0
480,24.0,-11.2998,-1.5278,-23.1881,-0.07680305506625747,0.14216933162869408,-1.6556695232215297,-3.689427984043814e-05,-0.004258855412267115,0.003216524444219715,0,70,255.0,255.0,255.0
481,24.05,-11.303640183537459,-1.520696130937235,-23.270880120590185,-0.07680397975810167,0.14199995189382147,-1.6555486020793992,-9.339392794630724e-08,-0.002516333982636729,0.001620321240997646,0,70,255.0,255.0,255.0
482,24.1,-11.307480367308404,-1.5135985527094264,-23.35365619037728,-0.07680306440565025,0.1419176982304304,-1.65550749109743,3.670749198454552e-05,-0.0007738125530063426,2.4118037775576993e-05,0,70,255.0,255.0,255.0
483,24.150000000000002,-11.311320459310622,-1.5065029090130004,-23.43643219986927,-0.07680030900890322,0.14192257063852085,-1.6555461902756219,7.350837789703737e-05,0.0009687088766240437,-0.0015720851654464924,0,70,255.0,255.0,255.0
484,24.200000000000003,-11.315160367541889,-1.4994048435443825,-23.519212139574176,-0.07679571356786057,0.14201456911809282,-1.6556646996139746,0.00011030926380952918,0.00271123030625443,-0.003168288368668561,0,70,255.0,255.0,255.0
485,24.25,-11.319,-1.4923,-23.602,-0.07678927808252226,0.14219369366914628,-1.6558630191124883,0.00014711014972257352,0.004453751735884248,-0.004764491571878082,0,70,255.0,255.0,255.0
486,24.3,-11.322839338237813,-1.4851854489521448,-23.684798189408976,-0.07678541585737914,0.14237433173960462,-1.6560462140240044,7.378856002347126e-06,0.0027717710824487467,-0.002563304888767317,0,70,255.0,255.0,255.0
487,24.35,-11.326678658028483,-1.4780639684765837,-23.767602787080165,-0.07678854019692202,0.14247087077739115,-1.656119349601365,-0.00013235243771787927,0.0010897904290132453,-0.0003621182056565515,0,70,255.0,255.0,255.0
488,24.400000000000002,-11.33051830870025,-1.4709397635249502,-23.850408290046875,-0.07679865110115093,0.14248331078250592,-1.65608242584457,-0.00027208373143810567,-0.0005921902244222562,0.0018390684774542134,0,70,255.0,255.0,255.0
489,24.450000000000003,-11.334358639581344,-1.4638170390488776,-23.933209195342393,-0.07681574857006583,0.14241165175494894,-1.6559354427536197,-0.00041181502515833207,-0.0022741708778577577,0.004040255160564979,0,70,255.0,255.0,255.0
490,24.5,-11.3382,-1.4567,-24.016,-0.07683983260366675,0.14225589369472016,-1.6556784003285139,-0.0005515463188787706,-0.0039561515312931395,0.006241441843677364,0,70,255.0,255.0,255.0
491,24.55,-11.342042463511296,-1.449591673254185,-24.098775921773925,-0.07685435681238734,0.14208672114775853,-1.6553545418245645,-2.942202994459615e-05,-0.0028107503471723585,0.006712898314295763,0,70,255.0,255.0,255.0
492,24.6,-11.345885000577667,-1.4424903733842374,-24.181535061302064,-0.07684277480666121,0.14197481866000292,-1.6550071104970843,0.0004927022589895783,-0.0016653491630515779,0.007184354784914162,0,70,255.0,255.0,255.0
493,24.650000000000002,-11.349726305888385,-1.4353932368871976,-24.264276239943243,-0.07680508658648838,0.14192018623145336,-1.654636106346073,0.001014826547923753,-0.0005199479789307969,0.007655811255532561,0,70,255.0,255.0,255.0
494,24.700000000000003,-11.353565074132739,-1.4282974002601048,-24.34699827905628,-0.07674129215186884,0.14192282386210986,-1.6542415293715311,0.0015369508368579272,0.0006254532051899837,0.00812726772615096,0,70,255.0,255.0,255.0
495,24.75,-11.3574,-1.4212,-24.4297,-0.07665139150280259,0.14198273155197236,-1.653823379573458,0.002059075125792287,0.001770854389310239,0.008598724196772878,0,70,255.0,255.0,255.0
496,24.8,-11.361230007717008,-1.414099058031116,-24.51238052349533,-0.07654915689306349,0.14204678366936158,-1.653399618677756,0.0020303092637713677,0.0007912303062584363,0.008351711631311784,0,70,255.0,255.0,255.0
497,24.85,-11.365054939660858,-1.4069961379864662,-24.59504016771158,-0.07644836057642544,0.1420618545825982,-1.652988208410327,0.002001543401750449,-0.00018839377679336642,0.00810469906585069,0,70,255.0,255.0,255.0
498,24.900000000000002,-11.368874867746204,-1.3998936889262583,-24.67767955018017,-0.07634900255288844,0.14202794429168222,-1.6525891487711708,0.00197277753972953,-0.0011680178598451694,0.007857686500389593,0,70,255.0,255.0,255.0
499,24.950000000000003,-11.372689863887699,-1.3927941599107003,-24.760299288432506,-0.07625108282245249,0.14194505279661368,-1.652202439760288,0.0019440116777086108,-0.002147641942896972,0.007610673934928499,0,70,255.0,255.0,255.0
500,25.0,-11.3765,-1.3857,-24.8429,-0.07615460138511758,0.14181318009739255,-1.651828081377678,0.001915245815688027,-0.003127266025949149,0.0073636613694674224,0,70,255.0,255.0,255.0
501,25.05,-11.380305505620672,-1.3786128946213507,-24.92548118424476,-0.07606901561535445,0.14167814417479718,-1.6513989834644258,0.0015081849748371286,-0.002274170877866265,0.009800255160618611,0,70,255.0,255.0,255.0
502,25.1,-11.384107240778903,-1.3715314746698968,-25.008037867851623,-0.07600378288763386,0.1415857630096059,-1.650848055861616,0.0011011241339862305,-0.001421075729783381,0.0122368489517698,0,70,255.0,255.0,255.0
503,25.150000000000002,-11.387906223126802,-1.3644536074077667,-25.090563959336098,-0.07595890320195584,0.14153603660181882,-1.650175298569249,0.0006940632931353324,-0.0005679805817004973,0.014673442742920987,0,70,255.0,255.0,255.0
504,25.200000000000003,-11.391703470316465,-1.3573771600970912,-25.17305336721372,-0.07593437655832033,0.14152896495143588,-1.649380711587324,0.00028700245228443404,0.0002851145663823871,0.017110036534072177,0,70,255.0,255.0,255.0
505,25.25,-11.3955,-1.3503,-25.2555,-0.07593020295672738,0.14156454805845706,-1.6484642949158417,-0.0001200583885662132,0.0011382097144647663,0.019546630325226744,0,70,255.0,255.0,255.0
506,25.3,-11.39929676980031,-1.3432205634834797,-25.33789953952564,-0.07594278064551997,0.1416086396314485,-1.6475324474645576,-0.0003830491631375203,0.0006254532051939082,0.017727267726131375,0,70,255.0,255.0,255.0
507,25.35,-11.403094497223531,-1.336139563333946,-25.420254760881956,-0.07596850787304113,0.14162709337897644,-1.6466915681432286,-0.0006460399377088274,0.00011269669592305011,0.015907905127036007,0,70,255.0,255.0,255.0
508,25.400000000000002,-11.406893839746594,-1.3290582814426728,-25.502570212475465,-0.07600738463929085,0.14161990930104085,-1.6459416569518541,-0.0009090307122801345,-0.0004000598133478081,0.01408854252794064,0,70,255.0,255.0,255.0
509,25.450000000000003,-11.410695454846438,-1.3219779997009327,-25.584850442712646,-0.07605941094426914,0.14158708739764167,-1.6452827138904345,-0.0011720214868514416,-0.000912816322618666,0.012269179928845271,0,70,255.0,255.0,255.0
510,25.5,-11.4145,-1.3149,-25.6671,-0.07612458678797598,0.14152862766877894,-1.6447147389589696,-0.001435012261422175,-0.001425572831890598,0.01044981732974648,0,70,255.0,255.0,255.0
511,25.55,-11.418307415178084,-1.3078256514447304,-25.749321457652705,-0.0761598618025687,0.14143929729940924,-1.6441192266773514,2.4011677713418802e-05,-0.0021476419428973262,0.013370673934981212,0,70,255.0,255.0,255.0
512,25.6,-11.422114770326976,-1.300756671994318,-25.83150948862057,-0.07612218562020465,0.14131386347448918,-1.6433776715654713,0.0014830356168490126,-0.0028697110539040544,0.016291530540215943,0,70,255.0,255.0,255.0
513,25.650000000000002,-11.425918417886821,-1.2936948668215404,-25.91365679076208,-0.07601155824088379,0.14115232619401882,-1.6424900736233299,0.002942059555984607,-0.0035917801649107827,0.019212387145450673,0,70,255.0,255.0,255.0
514,25.700000000000003,-11.429714710297782,-1.286642041099175,-25.995756061935733,-0.07582797966460618,0.14095468545799814,-1.6414564328509265,0.0044010834951202,-0.004313849275917511,0.022133243750685407,0,70,255.0,255.0,255.0
515,25.75,-11.4335,-1.2796,-26.0778,-0.0755714498913718,0.1407209412664271,-1.6402767492482613,0.00586010743425569,-0.0050359183869241875,0.025054100355919928,0,70,255.0,255.0,255.0
516,25.8,-11.437271969487352,-1.2725696307375984,-26.159782629863564,-0.07532177214420767,0.14050617117091355,-1.6390306458260135,0.004127002452309567,-0.0035548854336171732,0.024790036533988053,0,70,255.0,255.0,255.0
517,25.85,-11.441033621468574,-1.2655481486887807,-26.241703284635786,-0.07515874964614083,0.1403654527230654,-1.6377977455948622,0.002393897470363444,-0.002073852480310159,0.02452597271205618,0,70,255.0,255.0,255.0
518,25.900000000000002,-11.444789288706117,-1.258531851271164,-26.323562624476235,-0.07508238239717131,0.14029878592288256,-1.6365780485548078,0.0006607924884173208,-0.0005928195270031448,0.024261908890124306,0,70,255.0,255.0,255.0
519,25.950000000000003,-11.448543303962442,-1.2515170359023644,-26.405361309544453,-0.0750926703972991,0.14030617077036503,-1.63537155470585,-0.0010723124935288026,0.0008882134263038695,0.02399784506819243,0,70,255.0,255.0,255.0
520,26.0,-11.4523,-1.2445,-26.4871,-0.07518961364652418,0.1403876072655129,-1.634178264047989,-0.002805417475474359,0.002369246379611001,0.023733781246262353,0,70,255.0,255.0,255.0
521,26.05,-11.456062306872507,-1.2374782256048757,-26.568779222893063,-0.07528904962058316,0.14047201801693768,-1.6329901900186101,-0.0011720214868850432,0.001007183677380777,0.023789179928887096,0,70,255.0,255.0,255.0
522,26.1,-11.459827543798735,-1.2304539332505577,-26.650398972836292,-0.07530681579521269,0.14048832563325098,-1.6317993460551001,0.0004613745017042724,-0.00035487902484944694,0.023844578611511836,0,70,255.0,255.0,255.0
523,26.150000000000002,-11.463591627288706,-1.2234305280938023,-26.731959111333,-0.07524291217041273,0.14043653011445273,-1.630605732157459,0.002094770490293588,-0.0017169417270796712,0.02389997729413658,0,70,255.0,255.0,255.0
524,26.200000000000003,-11.467350473852452,-1.2164114152913643,-26.813459499886477,-0.07509733874618334,0.140316631460543,-1.6294093483256866,0.0037281664788829036,-0.0030790044293098947,0.023955375976761322,0,70,255.0,255.0,255.0
525,26.25,-11.4711,-1.2094,-26.8949,-0.07487009552252445,0.1401286296715218,-1.628210194559783,0.005361562467472436,-0.004441067131538912,0.02401077465938073,0,70,255.0,255.0,255.0
526,26.3,-11.474837203022613,-1.2023990668428983,-26.97627967856421,-0.07462602937345963,0.13990975676133527,-1.6269605940995318,0.004401083495120081,-0.004313849275921464,0.025973243750674897,0,70,255.0,255.0,255.0
527,26.35,-11.478563403336487,-1.1954089183089867,-27.057594424019044,-0.07442998717301243,0.13969724474392964,-1.6256128701847155,0.0034406045227677266,-0.004186631420304018,0.027935712841969062,0,70,255.0,255.0,255.0
528,26.400000000000002,-11.482281002139057,-1.1884292363536257,-27.138839330191775,-0.07428196892118286,0.13949109361930487,-1.6241670228153346,0.002480125550415372,-0.0040594135646865705,0.02989818193326323,0,70,255.0,255.0,255.0
529,26.450000000000003,-11.485992400627751,-1.1814597029321763,-27.220009490909675,-0.0741819746179709,0.13929130338746099,-1.6226230519913893,0.0015196465780630175,-0.003932195709069123,0.031860651024557395,0,70,255.0,255.0,255.0
530,26.5,-11.4897,-1.1745,-27.3011,-0.07413000426337656,0.139097874048398,-1.620980957712879,0.0005591676057107309,-0.0038049778534519074,0.03382312011585498,0,70,255.0,255.0,255.0
531,26.55,-11.493405681037036,-1.1675495070235304,-27.382106862850105,-0.07409483288557211,0.13892895493771948,-1.6192954335832783,0.0008476875064669361,-0.0029517865736877415,0.033597845068172205,0,70,255.0,255.0,255.0
532,26.6,-11.497109242855306,-1.160606393513495,-27.46302973108754,-0.07404523551272987,0.1388026953910292,-1.617621173206062,0.0011362074072231412,-0.0020985952939235756,0.03337257002048943,0,70,255.0,255.0,255.0
533,26.650000000000002,-11.500809964155058,-1.1536685264916942,-27.543869167899917,-0.07398121214484979,0.13871909540832714,-1.6159581765812294,0.0014247273079793467,-0.0012454040141594096,0.033147294972806655,0,70,255.0,255.0,255.0
534,26.700000000000003,-11.50450712363654,-1.1467337729799287,-27.62462573647487,-0.07390276278193192,0.13867815498961325,-1.614306443708781,0.0017132472087355518,-0.00039221273439524326,0.03292201992512388,0,70,255.0,255.0,255.0
535,26.75,-11.5082,-1.1398,-27.7053,-0.07380988742397625,0.13867987413488758,-1.612665974588717,0.0020017671094921807,0.0004609785453686399,0.032696744877448225,0,70,255.0,255.0,255.0
536,26.8,-11.511888072829242,-1.1328661050629798,-27.785892070035384,-0.07371463908426676,0.13866242348778895,-1.611009671567359,0.00180816647888766,-0.001159004429313649,0.033555375976874316,0,70,255.0,255.0,255.0
537,26.85,-11.515571625242286,-1.125935107637033,-27.866400251630825,-0.07362907077608748,0.1385639736919562,-1.6093104369910296,0.0016145658482831394,-0.002778987403995938,0.03441400707630041,0,70,255.0,255.0,255.0
538,26.900000000000002,-11.519251141240709,-1.1190110576795964,-27.94682239820857,-0.07355318249943843,0.13838452474738938,-1.607568270859729,0.0014209652176786188,-0.004398970378678226,0.03527263817572649,0,70,255.0,255.0,255.0
539,26.950000000000003,-11.522927104826088,-1.1120980051481062,-28.027156363190883,-0.07348697425431962,0.13812407665408838,-1.6057831731734569,0.001227364587074098,-0.006018953353360516,0.03613126927515258,0,70,255.0,255.0,255.0
540,27.0,-11.5266,-1.1052,-28.1074,-0.07343044604073103,0.13778262941205333,-1.6039551439322137,0.001033763956469369,-0.007638936328042689,0.036989900374585716,0,70,255.0,255.0,255.0
541,27.05,-11.530270027645999,-1.0983196727245494,-28.18755125700837,-0.07336661077736686,0.13744535111112544,-1.6020898801472387,0.0015196465780970073,-0.005852195709073069,0.037620651024410284,0,70,255.0,255.0,255.0
542,27.1,-11.533936256175553,-1.0914539759383712,-28.267608462389184,-0.07327848138292133,0.13719740984114603,-1.6001930788297727,0.0020055291997246455,-0.004065455090103447,0.03825140167423486,0,70,255.0,255.0,255.0
543,27.150000000000002,-11.537597470882107,-1.0845984427899187,-28.347570039265808,-0.0731660578573944,0.13703880560211507,-1.598264739979815,0.0024914118213522837,-0.0022787144711338267,0.03888215232405943,0,70,255.0,255.0,255.0
544,27.200000000000003,-11.541252457059107,-1.077748606427644,-28.427434410761627,-0.07302934020078608,0.13696953839403261,-1.5963048635973667,0.002977294442979922,-0.0004919738521642052,0.039512902973884004,0,70,255.0,255.0,255.0
545,27.25,-11.5449,-1.0709,-28.5072,-0.07286832841309641,0.13698960821689868,-1.5943134496824272,0.0034631770646077475,0.0012947667668055107,0.0401436536237032,0,70,255.0,255.0,255.0
546,27.3,-11.548539016586764,-1.0640496040388219,-28.586865301931137,-0.07269091780626379,0.13701217206770905,-1.5922948078437051,0.003633247208697268,-0.0003922127343913191,0.040602019925174565,0,70,255.0,255.0,255.0
547,27.35,-11.552168950055506,-1.05720018860948,-28.666429098812454,-0.07250500369222669,0.13695038694345957,-1.5902532476899096,0.0038033173527867886,-0.002079192235588149,0.04106038622664593,0,70,255.0,255.0,255.0
548,27.400000000000002,-11.555789375230866,-1.0503559711607267,-28.745890244728212,-0.0723105860709851,0.1368042528441502,-1.5881887692210406,0.003973387496876309,-0.003766171736784979,0.04151875252811729,0,70,255.0,255.0,255.0
549,27.450000000000003,-11.559399866937484,-1.0435211691413158,-28.825247593762647,-0.07210766494253905,0.13657376976978103,-1.5861013724370978,0.00414345764096583,-0.005453151237981809,0.04197711882958866,0,70,255.0,255.0,255.0
550,27.5,-11.563,-1.0367,-28.9045,-0.07189624030688853,0.13625893772035205,-1.583991057338082,0.004313527785055338,-0.0071401307391785185,0.042435485131058215,0,70,255.0,255.0,255.0
551,27.55,-11.566589906006946,-1.0298955111201622,-28.9836459352671,-0.07170971799758455,0.13592996061803855,-1.5818348884779254,0.0031473645871035903,-0.006018953353360452,0.04381126927520713,0,70,255.0,255.0,255.0
552,27.6,-11.570171943602425,-1.0231060696237078,-29.062682342361008,-0.07158150384817817,0.135657042385016,-1.5796099304105613,0.0019812013891518433,-0.004897775967542385,0.04518705341935604,0,70,255.0,255.0,255.0
553,27.650000000000002,-11.57374902819443,-1.0163288725671722,-29.14160578182137,-0.07151159785866937,0.13544018302128433,-1.5773161831359896,0.0008150381912000963,-0.0037765985817243184,0.04656283756350496,0,70,255.0,255.0,255.0
554,27.700000000000003,-11.577324075190955,-1.009561117007091,-29.22041281418782,-0.07150000002905815,0.13527938252684357,-1.5749536466542104,-0.0003511250067516512,-0.002655421195906252,0.047938621707653874,0,70,255.0,255.0,255.0
555,27.75,-11.5809,-1.0028,-29.2991,-0.07154671035934453,0.13517464090169368,-1.5725223209652242,-0.0015172882047033154,-0.0015342438100893752,0.049314405851804466,0,70,255.0,255.0,255.0
556,27.8,-11.584478959385452,-0.9960435514805286,-29.37766455700048,-0.07160621020338823,0.13507598546013727,-1.5700616382445842,-0.0008627055570451643,-0.0024119738521663284,0.04911290297379018,0,70,255.0,255.0,255.0
557,27.85,-11.588060075534798,-0.9892931328956878,-29.456106331743527,-0.07163298091504905,0.13493344351647704,-1.567611030667845,-0.0002081229093870132,-0.0032897038942432816,0.048911400095775895,0,70,255.0,255.0,255.0
558,27.900000000000002,-11.591641711991418,-0.9825509385705825,-29.53442582798633,-0.07162702249432694,0.13474701507071296,-1.5651704982350065,0.000446459738271138,-0.004167433936320235,0.048709897217761616,0,70,255.0,255.0,255.0
559,27.950000000000003,-11.59522223229869,-0.975819162830318,-29.61262354948609,-0.07158833494122194,0.134516700122845,-1.562740040946069,0.001101042385929289,-0.005045163978397188,0.04850839433974733,0,70,255.0,255.0,255.0
560,28.0,-11.5988,-0.9691,-29.6907,-0.07151691825573403,0.13424249867287325,-1.560319658801032,0.0017556250335872825,-0.005922894020474967,0.04830689146173306,0,70,255.0,255.0,255.0
561,28.05,-11.602373456451241,-0.9623950829577225,-29.76865503673099,-0.07141744118887008,0.1339580975414118,-1.5578705585437476,0.002223457640970323,-0.005453151237981839,0.04965711882963683,0,70,255.0,255.0,255.0
562,28.1,-11.605941354258382,-0.9557037987935398,-29.846485930664905,-0.071294572491637,0.13369718354907506,-1.5553539469180682,0.002691290248353364,-0.004983408455488712,0.05100734619754061,0,70,255.0,255.0,255.0
563,28.150000000000002,-11.6095025238399,-0.949024973150496,-29.924189306233323,-0.07114831216403475,0.13345975669586294,-1.5527698239239935,0.003159122855736405,-0.004513665672995584,0.05235757356544438,0,70,255.0,255.0,255.0
564,28.200000000000003,-11.613055795614278,-0.9423574316716347,-30.00176178786783,-0.07097866020606335,0.13324581698177548,-1.5501181895615237,0.003626955463119446,-0.004043922890502456,0.05370780093334816,0,70,255.0,255.0,255.0
565,28.25,-11.6166,-0.9357,-30.0792,-0.07078561661772283,0.13305536440681268,-1.5473990438306586,0.004094788070502564,-0.003574180108010916,0.055058028301253614,0,70,255.0,255.0,255.0
566,28.3,-11.620134414809579,-0.9290521166885808,-30.156500896075574,-0.07059602504112843,0.1328516243742148,-1.5446321275804364,0.0034888749932736962,-0.004575421195904875,0.055618621707637324,0,70,255.0,255.0,255.0
567,28.35,-11.623660107431677,-0.9224156719301516,-30.233662745596874,-0.07043672911839545,0.13259782228722217,-1.5418371816598948,0.002882961916044829,-0.005576662283798834,0.05617921511402103,0,70,255.0,255.0,255.0
568,28.400000000000002,-11.627178592648983,-0.9157931688274317,-30.31068414708039,-0.07030772884952394,0.1322939581458349,-1.539014206069034,0.0022770488388159614,-0.006577903371692793,0.05673980852040474,0,70,255.0,255.0,255.0
569,28.450000000000003,-11.630691385244194,-0.9091871104831412,-30.387563699042605,-0.07020902423451385,0.1319400319500529,-1.5361632008078543,0.0016711357615870935,-0.007579144459586752,0.05730040192678846,0,70,255.0,255.0,255.0
570,28.5,-11.6342,-0.9026,-30.4643,-0.07014061527336521,0.1315360436998762,-1.5332841658763554,0.00106522268435838,-0.008580385547481306,0.05786099533317213,0,70,255.0,255.0,255.0
571,28.55,-11.637705684310436,-0.8960332502879533,-30.54089177896674,-0.07008645864660888,0.1311474049617292,-1.5303849311345312,0.0011010423858949909,-0.006965163978399213,0.05810839433979283,0,70,255.0,255.0,255.0
572,28.6,-11.641208616014909,-0.8894839134858525,-30.617338286947618,-0.07003051103477571,0.13083952730203627,-1.527473326442376,0.0011368620874316014,-0.00534994240931712,0.058355793346413526,0,70,255.0,255.0,255.0
573,28.650000000000002,-11.644708705564165,-0.8829479515397752,-30.693638905445138,-0.06997277243786572,0.13061241072079746,-1.5245493517998898,0.0011726817889682122,-0.003734720840235026,0.058603192353034225,0,70,255.0,255.0,255.0
574,28.700000000000003,-11.648205863408945,-0.8764213263957984,-30.76979301596177,-0.06991324285587888,0.13046605521801277,-1.5216130072070724,0.0012085014905048228,-0.002119499271152933,0.058850591359654925,0,70,255.0,255.0,255.0
575,28.75,-11.6517,-0.8699,-30.8458,-0.06985192228881523,0.13040046079368217,-1.5186642926639247,0.001244321192041875,-0.0005042777020709543,0.059097990366277386,0,70,255.0,255.0,255.0
576,28.8,-11.655190847948672,-0.8633812821596052,-30.921659188057504,-0.06977814037243608,0.13033475577886783,-1.5157001478814343,0.0017069554631240335,-0.002123922890503339,0.059467800933338213,0,70,255.0,255.0,255.0
577,28.85,-11.658677428508684,-0.8568678741264367,-30.997369706612673,-0.06968122674250282,0.13018806850463185,-1.5127175125705907,0.002169589734206192,-0.0037435680789357235,0.05983761150039905,0,70,255.0,255.0,255.0
578,28.900000000000002,-11.662158585094364,-0.8503638250134656,-31.072930631139094,-0.06956118139901546,0.12996039897097422,-1.5097163867313943,0.0026322240052883503,-0.005363213267368108,0.060207422067459875,0,70,255.0,255.0,255.0
579,28.950000000000003,-11.665633161120027,-0.8438731839336628,-31.14834103711034,-0.06941800434197398,0.12965174717789502,-1.5066967703638448,0.0030948582763705088,-0.006982858455800493,0.0605772326345207,0,70,255.0,255.0,255.0
580,29.0,-11.6691,-0.8374,-31.2236,-0.0692516955713784,0.1292621131253942,-1.5036586634679423,0.0035574925474529673,-0.008602503644234094,0.06094704320158151,0,70,255.0,255.0,255.0
581,29.05,-11.672558123894879,-0.8309472210736253,-31.298705868803264,-0.06907297986365166,0.1288575719227987,-1.5005584773397334,0.0035911357616168487,-0.007579144459585482,0.06306040192677467,0,70,255.0,255.0,255.0
582,29.1,-11.676007269950354,-0.8245133900083994,-31.373654086601704,-0.06889258199521672,0.12850419867943566,-1.4973526232752647,0.00362477897578073,-0.00655578527493687,0.06517376065196784,0,70,255.0,255.0,255.0
583,29.150000000000002,-11.679447354058388,-0.8180959484063609,-31.448439369998518,-0.06871050196607358,0.12820199339530503,-1.4940411012745365,0.0036584221899446114,-0.005532426090288257,0.067287119377161,0,70,255.0,255.0,255.0
584,29.200000000000003,-11.68287829211095,-0.8116923378695482,-31.52305643559689,-0.06852673977622224,0.12795095607040682,-1.4906239113375486,0.0036920654041084928,-0.004509066905639645,0.06940047810235418,0,70,255.0,255.0,255.0
585,29.25,-11.6863,-0.8053,-31.5975,-0.06834129542566274,0.12775108670474103,-1.4871010534643012,0.003725708618272372,-0.003485707720991771,0.07151383682755075,0,70,255.0,255.0,255.0
586,29.3,-11.689712656471812,-0.7989170335458933,-31.67176613672946,-0.06816994017294427,0.12756295652993743,-1.4835539427596198,0.0031285014904663426,-0.004039499271152688,0.07037059135969732,0,70,255.0,255.0,255.0
587,29.35,-11.6931174916899,-0.7925441658399646,-31.745856346980517,-0.0680284452766161,0.12734713677762574,-1.4800639943283314,0.002531294362660313,-0.004593290821313605,0.0692273458918439,0,70,255.0,255.0,255.0
588,29.400000000000002,-11.69651599867208,-0.786182781361089,-31.81977348886685,-0.06791681073667823,0.12710362744780607,-1.4766312081704356,0.0019340872348542837,-0.005147082371474522,0.06808410042399049,0,70,255.0,255.0,255.0
589,29.450000000000003,-11.699909670436176,-0.7798342645881422,-31.89352042050212,-0.06783503655313067,0.1268324285404783,-1.4732555842859323,0.0013368801070482543,-0.0057008739216354385,0.06694085495613707,0,70,255.0,255.0,255.0
590,29.5,-11.7033,-0.7735,-31.9671,-0.06778312272597341,0.12653354005564255,-1.469937122674822,0.0007396729792422674,-0.006254665471795651,0.06579760948829083,0,70,255.0,255.0,255.0
591,29.55,-11.706688050217867,-0.7671814447428008,-32.0405135842789,-0.06773525944458297,0.12620260195745256,-1.4665857516217538,0.0011748582763751632,-0.0069828584558028085,0.06825723263443674,0,70,255.0,255.0,255.0
592,29.6,-11.710073163290044,-0.7608803466317412,-32.11375652547622,-0.06766563689833589,0.12583525421006225,-1.4631113994113782,0.001610043573508059,-0.007711051439809967,0.07071685578058265,0,70,255.0,255.0,255.0
593,29.650000000000002,-11.713454251253287,-0.754598526149281,-32.186822674534085,-0.06757425508723217,0.12543149681347157,-1.4595140660436954,0.002045228870640955,-0.008439244423817126,0.07317647892672856,0,70,255.0,255.0,255.0
594,29.700000000000003,-11.716830226144355,-0.7483378037778805,-32.25970588239464,-0.06746111401127179,0.12499132976768054,-1.4557937515187052,0.0024804141677738506,-0.009167437407824284,0.07563610207287447,0,70,255.0,255.0,255.0
595,29.75,-11.7202,-0.7421,-32.3324,-0.0673262136704548,0.12451475307268915,-1.4519504558364078,0.00291559946490616,-0.009895630391831722,0.07809572521902552,0,70,255.0,255.0,255.0
596,29.8,-11.723562342656717,-0.7358859874829027,-32.40490032615494,-0.06716102204872858,0.12405863564025231,-1.4480710507533718,0.0036920654041424526,-0.008349066905641989,0.07708047810240543,0,70,255.0,255.0,255.0
597,29.85,-11.726915455149925,-0.7296928476330695,-32.4772079511146,-0.06695700713004055,0.12367984638212494,-1.444242408026167,0.004468531343378745,-0.006802503419452256,0.07606523098578533,0,70,255.0,255.0,255.0
598,29.900000000000002,-11.730257396314771,-0.7235167140417849,-32.549325412996815,-0.06671416891439069,0.12337838529830707,-1.4404645276547932,0.0052449972826150385,-0.005255939933262522,0.07504998386916521,0,70,255.0,255.0,255.0
599,29.950000000000003,-11.733586224986414,-0.7173537203003334,-32.62125524991935,-0.06643250740177904,0.1231542523887987,-1.4367374096392507,0.00602146322185133,-0.003709376447072788,0.07403473675254511,0,70,255.0,255.0,255.0
600,30.0,-11.7369,-0.7112,-32.693,-0.0661120225922056,0.12300744765359979,-1.433061053979539,0.006797929161087013,-0.002162812960883387,0.07301948963592864,0,70,255.0,255.0,255.0
601,30.05,-11.740197779155265,-0.705053005325588,-32.764561111101386,-0.06581265236050245,0.12285885548153694,-1.4293700453647393,0.005176880107039272,-0.0037808739216310012,0.07462085495605424,0,70,255.0,255.0,255.0
602,30.1,-11.743482616110262,-0.6989154628359802,-32.83593567006537,-0.06559433458150166,0.12262936026143668,-1.4255989684839334,0.0035558310529915297,-0.005398934882378616,0.07622222027617984,0,70,255.0,255.0,255.0
603,30.150000000000002,-11.746758563487628,-0.6927914176835781,-32.907119673478675,-0.06545706925520328,0.12231896199329906,-1.4217478233371212,0.0019347819989437888,-0.00701699584312623,0.07782358559630545,0,70,255.0,255.0,255.0
604,30.200000000000003,-11.750029673909994,-0.686684915020784,-32.978109117927985,-0.06540085638160728,0.12192766067712406,-1.4178166099243028,0.00031373294489604655,-0.008635056803873845,0.07942495091643105,0,70,255.0,255.0,255.0
605,30.25,-11.7533,-0.6806,-33.0489,-0.06542569596071367,0.12145545631291171,-1.4138053282454786,-0.0013073161091511354,-0.010253117764621233,0.08102631623655832,0,70,255.0,255.0,255.0
606,30.3,-11.756572140722222,-0.6745395912147447,-33.119488829439554,-0.06544436850924884,0.12096994243360056,-1.4097447677877395,0.0005604141677442208,-0.009167437407824403,0.08139610207300159,0,70,255.0,255.0,255.0
607,30.35,-11.759842880409026,-0.6685021010230091,-33.189874168623916,-0.06536965454393925,0.12053871257212927,-1.4056657180381784,0.002428144444639577,-0.008081757051027573,0.08176588790944486,0,70,255.0,255.0,255.0
608,30.400000000000002,-11.76310754973472,-0.662484815223901,-33.26005509308851,-0.06520155406478488,0.12016176672849779,-1.4015681789967949,0.004295874721534933,-0.0069960766942307444,0.08213567374588815,0,70,255.0,255.0,255.0
609,30.450000000000003,-11.766361479373607,-0.6564850196165285,-33.330030678368736,-0.06494006707178573,0.11983910490270618,-1.3974521506635893,0.0061636049984302894,-0.005910396337433914,0.08250545958233142,0,70,255.0,255.0,255.0
610,30.5,-11.7696,-0.6505,-33.3998,-0.06458519356494186,0.1195707270947544,-1.3933176330385622,0.008031335275325846,-0.004824715980637495,0.08287524541877289,0,70,255.0,255.0,255.0
611,30.55,-11.772820057955844,-0.6445278298154323,-33.46936197114043,-0.06423387360251244,0.11930937478406153,-1.389154883484278,0.006021463221850947,-0.005629376447077117,0.08363473675259245,0,70,255.0,255.0,255.0
612,30.6,-11.776025062253629,-0.6385697330719823,-33.53871485543899,-0.06398304724275675,0.11900778945004668,-1.3849541593633028,0.0040115911683760485,-0.006434036913516739,0.08439422808641199,0,70,255.0,255.0,255.0
613,30.650000000000002,-11.779220037573495,-0.6326277214208161,-33.607856754167315,-0.06383271448567482,0.11866597109270985,-1.3807154606756367,0.0020017191149011493,-0.007238697379956361,0.08515371942023155,0,70,255.0,255.0,255.0
614,30.700000000000003,-11.782410008595575,-0.6267038065131,-33.67678576859711,-0.06378287533126663,0.11828391971205103,-1.3764387874212796,-8.152938573749088e-06,-0.008043357846395984,0.08591321075405109,0,70,255.0,255.0,255.0
615,30.75,-11.7856,-0.6208,-33.7455,-0.06383352977953219,0.11786163530807027,-1.372124139600232,-0.002018024992048506,-0.008848018312835326,0.08667270208786526,0,70,255.0,255.0,255.0
616,30.8,-11.78879322745441,-0.6149178895235254,-33.81399768599873,-0.06387613708071013,0.1174245584301526,-1.3677796982751285,0.0003137329449303893,-0.008635056803871352,0.08710495091627557,0,70,255.0,255.0,255.0
617,30.85,-11.791985670576457,-0.6090573666890605,-33.882277609620154,-0.06380215648503916,0.11699812962768312,-1.3634136445086042,0.0026454908819092847,-0.008422095294907377,0.08753719974468589,0,70,255.0,255.0,255.0
618,30.900000000000002,-11.7951714999713,-0.6032178990928329,-33.950338690242226,-0.06361158799251922,0.11658234890066185,-1.3590259783006597,0.00497724881888818,-0.008209133785943403,0.0879694485730962,0,70,255.0,255.0,255.0
619,30.950000000000003,-11.798344886244095,-0.5973989543310699,-34.01817984724287,-0.06330443160315032,0.11617721624908876,-1.3546166996512945,0.007309006755867075,-0.007996172276979428,0.08840169740150652,0,70,255.0,255.0,255.0
620,31.0,-11.8015,-0.5916,-34.0858,-0.06288068731693253,0.11578273167296392,-1.3501858085605092,0.009640764692846138,-0.0077832107680156914,0.08883394622991325,0,70,255.0,255.0,255.0
621,31.05,-11.804632632226522,-0.5858206120904655,-34.15319768486468,-0.06243757807465072,0.11539239149532772,-1.3457103234152,0.00808360499842602,-0.007830396337431968,0.09018545958244781,0,70,255.0,255.0,255.0
622,31.1,-11.807745055440545,-0.580060800171775,-34.2203699060804,-0.062072326817089914,0.11499969203922071,-1.3411672626022644,0.006526445304005901,-0.007877581906848242,0.09153697293498236,0,70,255.0,255.0,255.0
623,31.150000000000002,-11.810841162541308,-0.5743206822078513,-34.28731328486377,-0.06178493354425012,0.11460463330464289,-1.3365566261217017,0.004969285609585783,-0.007924767476264518,0.09288848628751693,0,70,255.0,255.0,255.0
624,31.200000000000003,-11.813924846428048,-0.5686003761626183,-34.35402444243144,-0.06157539825613133,0.11420721529159425,-1.3318784139735125,0.003412125915165665,-0.007971953045680793,0.09423999964005149,0,70,255.0,255.0,255.0
625,31.25,-11.817,-0.5629,-34.4205,-0.06144372095273355,0.11380743800007481,-1.327132626157697,0.0018549662207457684,-0.008019138615096955,0.09559151299258417,0,70,255.0,255.0,255.0
626,31.3,-11.820069843639512,-0.5572196621146114,-34.486737174542576,-0.06134955062067936,0.11340587558853743,-1.3223550080640332,0.0019118470614218682,-0.008043357846397826,0.09551321075395833,0,70,255.0,255.0,255.0
627,31.35,-11.823134907661366,-0.5515594326238388,-34.552735566058274,-0.06125253624659136,0.11300310221543501,-1.317581305082301,0.001968727902097968,-0.008067577077698696,0.0954349085153325,0,70,255.0,255.0,255.0
628,31.400000000000002,-11.82619504986347,-0.5459193720757606,-34.61849537030267,-0.06115267783046956,0.11259911788076757,-1.3128115172125,0.002025608742774068,-0.008091796308999567,0.09535660627670665,0,70,255.0,255.0,255.0
629,31.450000000000003,-11.829250128043714,-0.5402995410184546,-34.68401678303138,-0.06104997537231395,0.11219392258453505,-1.3080456444546302,0.002082489583450168,-0.008116015540300437,0.09527830403808081,0,70,255.0,255.0,255.0
630,31.5,-11.8323,-0.5347,-34.7493,-0.060944428872124555,0.11178751632673753,-1.3032836868086919,0.002139370424125875,-0.008140234771601085,0.09520000179945676,0,70,255.0,255.0,255.0
631,31.55,-11.835343993215439,-0.529120739451088,-34.81434481696501,-0.06080421944262537,0.11138410615052297,-1.298501644328668,0.003469006755841794,-0.007996172276981593,0.09608169740148718,0,70,255.0,255.0,255.0
632,31.6,-11.838379313913986,-0.5235614693328686,-34.879149429686535,-0.06059752819654037,0.11098789909903936,-1.293675517068543,0.004798643087557713,-0.0078521097823621,0.09696339300351763,0,70,255.0,255.0,255.0
633,31.650000000000002,-11.841402638004816,-0.5180218294891051,-34.94371163392553,-0.060324355133869585,0.11059889517228673,-1.2888053050283161,0.006128279419273631,-0.007708047287742608,0.09784508860554805,0,70,255.0,255.0,255.0
634,31.700000000000003,-11.844410641397097,-0.512501459763561,-35.008029225443025,-0.059984700254613,0.11021709437026508,-1.2838910082079882,0.00745791575098955,-0.007563984793123116,0.09872678420757848,0,70,255.0,255.0,255.0
635,31.75,-11.8474,-0.507,-35.0721,-0.059578563558770656,0.10984249669297445,-1.2789326266075587,0.00878755208270543,-0.007419922298503967,0.09960847980960885,0,70,255.0,255.0,255.0
636,31.8,-11.850368583498739,-0.5015173800810357,-35.135921957597354,-0.05917757160882324,0.10945769980936987,-1.2739424146213159,0.007252125915191066,-0.007971953045678933,0.09999999964010407,0,70,255.0,255.0,255.0
637,31.85,-11.85331903668269,-0.4960546900446855,-35.19949391519561,-0.05885335096725154,0.10904530138840654,-1.2689326266435481,0.005716699747676702,-0.0085239837928539,0.1003915194705993,0,70,255.0,255.0,255.0
638,31.900000000000002,-11.856255198117271,-0.4906133099678175,-35.262814893995184,-0.05860590163405555,0.10860530143008448,-1.263903262674256,0.004181273580162338,-0.009076014540028866,0.1007830393010945,0,70,255.0,255.0,255.0
639,31.950000000000003,-11.859180906367902,-0.48519461992729956,-35.32588391519651,-0.0584352236092353,0.10813769993440366,-1.2588543227134386,0.0026458474126479737,-0.009628045287203832,0.10117455913158972,0,70,255.0,255.0,255.0
640,32.0,-11.8621,-0.4798,-35.3887,-0.05834131689279076,0.10764249690136411,-1.2537858067610972,0.0011104212451340523,-0.010180076034378538,0.10156607896209024,0,70,255.0,255.0,255.0
641,32.050000000000004,-11.86501527278961,-0.47443054022476844,-35.45126175264558,-0.058261494122076145,0.10713709461199712,-1.2486726971860926,0.002082489583450181,-0.010036015540298903,0.10295830403806801,0,70,255.0,255.0,255.0
642,32.1,-11.86792533935526,-0.4690861704883884,-35.51356610953105,-0.05813306793444575,0.1066388953473342,-1.2434899763572902,0.003054557921766171,-0.009891955046219288,0.10435052911404558,0,70,255.0,255.0,255.0
643,32.15,-11.870827769526104,-0.46376653063962386,-35.575609590093734,-0.05795603832989955,0.10614789910737527,-1.238237644274689,0.004026626260082161,-0.009747894552139673,0.10574275419002316,0,70,255.0,255.0,255.0
644,32.2,-11.8737201331313,-0.458471260527239,-35.63738871377096,-0.057730405308437524,0.10566410589212022,-1.2329157009382876,0.00499869459839829,-0.009603834058060038,0.10713497926600092,0,70,255.0,255.0,255.0
645,32.25,-11.8766,-0.4532,-35.6989,-0.05745616887005973,0.10518751570156924,-1.2275241463480886,0.005970762936714447,-0.0094597735639802,0.1085272043419856,0,70,255.0,255.0,255.0
646,32.300000000000004,-11.879465525342827,-0.4479524590198882,-35.76014063182037,-0.057168451902867845,0.10471392174264157,-1.2221027966343478,0.005537915750959828,-0.009483984793125068,0.10832678420762604,0,70,255.0,255.0,255.0
647,32.35,-11.882317205896275,-0.44272862800175994,-35.821110446680215,-0.05690237729496374,0.10423911722225672,-1.216691467927326,0.005105068565205271,-0.009508196022269932,0.10812636407326649,0,70,255.0,255.0,255.0
648,32.4,-11.885156123778309,-0.4375285674736874,-35.881809945629875,-0.056657945046347344,0.10376310214041463,-1.2112901602270219,0.004672221379450715,-0.009532407251414798,0.10792594393890696,0,70,255.0,255.0,255.0
649,32.45,-11.8879833611069,-0.4323523379637426,-35.9422396297197,-0.056435155157018656,0.10328587649711522,-1.205898873533435,0.004239374193696097,-0.009556618480559666,0.10772552380454739,0,70,255.0,255.0,255.0
650,32.5,-11.8908,-0.4272,-36.0024,-0.05623400762697773,0.10280744029235865,-1.2005176078465667,0.0038065270079414293,-0.009580829709704974,0.10752510367019319,0,70,255.0,255.0,255.0
651,32.550000000000004,-11.893606625839087,-0.4220716236956761,-36.06229092007297,-0.056024698266462225,0.10232721841743592,-1.195108116276522,0.004565847412677813,-0.009628045287202873,0.10885455913157263,0,70,255.0,255.0,255.0
652,32.6,-11.896401837059642,-0.4169673175045709,-36.1219097037481,-0.05577742288570995,0.10184463576363835,-1.1896321519334094,0.005325167817414088,-0.009675260864700764,0.11018401459295188,0,70,255.0,255.0,255.0
653,32.65,-11.899183735360655,-0.4118871994656274,-36.18125302738676,-0.05549218148472085,0.1013596923309659,-1.1840897148172274,0.006084488222150365,-0.009722476442198657,0.11151347005433113,0,70,255.0,255.0,255.0
654,32.7,-11.90195042244111,-0.4068313876177887,-36.240317567350274,-0.0551689740634949,0.10087238811941847,-1.1784808049279758,0.006843808626886748,-0.009769692019696555,0.11284292551571057,0,70,255.0,255.0,255.0
655,32.75,-11.9047,-0.4018,-36.2991,-0.05480780062203217,0.10038272312899621,-1.1728054222656565,0.007603129031623468,-0.009816907597194557,0.11417238097708804,0,70,255.0,255.0,255.0
656,32.800000000000004,-11.907431171300825,-0.39679304619740496,-36.357597287887785,-0.05444475503128171,0.09989720458761481,-1.1670807382595791,0.006918694598393935,-0.009603834058059828,0.11481497926598513,0,70,255.0,255.0,255.0
657,32.85,-11.910145045865157,-0.39181010197995575,-36.41580753832739,-0.054115931162192765,0.0994223397231902,-1.1613239243390578,0.0062342601651644985,-0.009390760518925128,0.11545757755488213,0,70,255.0,255.0,255.0
658,32.9,-11.912843334779073,-0.38685063466380387,-36.47372914482311,-0.053821329014765294,0.09895812853572235,-1.1555349805040915,0.0055498257319350625,-0.009177686979790428,0.11610017584377912,0,70,255.0,255.0,255.0
659,32.95,-11.915527749128662,-0.38191411156510074,-36.531360500879224,-0.053560948588999256,0.09850457102521117,-1.1497139067546798,0.004865391298705529,-0.0089646134406557,0.11674277413267621,0,70,255.0,255.0,255.0
660,33.0,-11.9182,-0.377,-36.5887,-0.05333478988489472,0.09806166719165677,-1.1438607030908237,0.004180956865476482,-0.008751539901521221,0.11738537242157854,0,70,255.0,255.0,255.0
661,33.050000000000004,-11.92086148895761,-0.37210819151470154,-36.64574632837595,-0.05312428160841538,0.09760396323210467,-1.1379929306851686,0.004239374193696115,-0.009556618480561043,0.11732552380459786,0,70,255.0,255.0,255.0
662,33.1,-11.923512379479737,-0.36724027457560526,-36.70249934294237,-0.052910852465525106,0.09710600534360066,-1.1321281507103635,0.004297791521915741,-0.010361697059600751,0.11726567518761719,0,70,255.0,255.0,255.0
663,33.15,-11.926152525523054,-0.36239826187915797,-36.75895919332082,-0.052694502456223834,0.09656779352614465,-1.1262663631664078,0.004356208850135366,-0.011166775638640457,0.11720582657063652,0,70,255.0,255.0,255.0
664,33.2,-11.928781781044249,-0.35758416612180655,-36.81512602913286,-0.05247523158051156,0.09598932777973658,-1.1204075680532999,0.004414626178355,-0.011971854217680279,0.11714597795365585,0,70,255.0,255.0,255.0
665,33.25,-11.9314,-0.3528,-36.871,-0.05225303983838833,0.09537060810437661,-1.1145517653710417,0.0044730435065747365,-0.012776932796719764,0.1170861293366805,0,70,255.0,255.0,255.0
666,33.300000000000004,-11.934006872868736,-0.34804698774378623,-36.92658059860848,-0.05201811853505166,0.09475894248396619,-1.10865953899973,0.004923808626891363,-0.01168969201969516,0.11860292551576364,0,70,255.0,255.0,255.0
667,33.35,-11.936601436215906,-0.3433231997176224,-36.98186468990316,-0.051760658975699196,0.09420163890240708,-1.102691472819465,0.0053745737472079246,-0.010602451242670709,0.12011972169484655,0,70,255.0,255.0,255.0
668,33.4,-11.939182563128705,-0.33862591781956525,-37.0368484818936,-0.0514806611603309,0.09369869735969917,-1.0966475668302462,0.005825338867524486,-0.00951521046564626,0.12163651787392946,0,70,255.0,255.0,255.0
669,33.45,-11.941749126694338,-0.33395242394767155,-37.09152818258937,-0.05117812508894673,0.09325011785584243,-1.0905278210320721,0.006276103987841112,-0.008427969688621655,0.1231533140530126,0,70,255.0,255.0,255.0
670,33.5,-11.9443,-0.3293,-37.1459,-0.05085305076154679,0.092855900390837,-1.0843322354249447,0.006726869108157618,-0.007340728911597094,0.12467011023209906,0,70,255.0,255.0,255.0
671,33.550000000000004,-11.946834219567446,-0.32466705751015107,-37.199960877190165,-0.05051524425137529,0.09244826683203063,-1.0781049133158287,0.006785391298701276,-0.008964613440657071,0.12442277413252538,0,70,255.0,255.0,255.0
672,33.6,-11.949351475656645,-0.3200565265539043,-37.253710697445,-0.05017451163167665,0.0919594390467713,-1.071889958011692,0.006843913489244926,-0.010588497969716816,0.12417543803295174,0,70,255.0,255.0,255.0
673,33.65,-11.951851621962122,-0.3154724668425819,-37.30715007910475,-0.04983085290245083,0.091389417035059,-1.0656873695125342,0.0069024356797885746,-0.012212382498776563,0.1239281019333781,0,70,255.0,255.0,255.0
674,33.7,-11.954334512178399,-0.31091893808750587,-37.36027964050967,-0.04948426806369778,0.09073820079689361,-1.059497147818354,0.006960957870332233,-0.013836267027836538,0.12368076583380441,0,70,255.0,255.0,255.0
675,33.75,-11.9568,-0.3064,-37.4131,-0.0491347571154176,0.09000579033227533,-1.0533192929291533,0.007019480060876104,-0.015460151556896506,0.1234334297342361,0,70,255.0,255.0,255.0
676,33.800000000000004,-11.95924824886148,-0.30191838221560735,-37.46561109263087,-0.048800904459436904,0.08927199018791086,-1.0471128077369558,0.006334626178350608,-0.013891854217679911,0.12482597795364161,0,70,255.0,255.0,255.0
677,33.85,-11.96168066115751,-0.2974714940667595,-37.51781012031685,-0.04850129449758253,0.08861660491050732,-1.0408366951337888,0.005649772295825209,-0.012323556878463537,0.12621852617304694,0,70,255.0,255.0,255.0
678,33.9,-11.964098949022805,-0.2930554148101077,-37.56969360168739,-0.04823592722985441,0.08803963450006458,-1.034490955119652,0.00496491841329981,-0.010755259539247164,0.12761107439245226,0,70,255.0,255.0,255.0
679,33.95,-11.966504824592066,-0.28866622370230355,-37.62125805537196,-0.048004802656252545,0.08754107895658259,-1.0280755876945435,0.0042800645307743135,-0.009186962200030568,0.12900362261185777,0,70,255.0,255.0,255.0
680,34.0,-11.9689,-0.2843,-37.6725,-0.047807920776776966,0.0871209382800615,-1.0215905928584659,0.003595210648249192,-0.007618664860814195,0.13039617083126664,0,70,255.0,255.0,255.0
681,34.050000000000004,-11.971285584986637,-0.2799538136274175,-37.72341635228638,-0.04760913791087543,0.0867197724163256,-1.0150598557363553,0.004356103987811498,-0.008427969688620566,0.13083331405313284,0,70,255.0,255.0,255.0
682,34.1,-11.973660279713304,-0.27562869717905714,-37.774005621287614,-0.047372310377995816,0.08627814131119944,-1.0085072614531525,0.005116997327373695,-0.00923727451642682,0.13127045727499898,0,70,255.0,255.0,255.0
683,34.15,-11.976022181946654,-0.27132667391698784,-37.824266714145665,-0.04709743817813809,0.08579604496468296,-1.0019328100088563,0.005877890666935892,-0.010046579344233074,0.13170760049686514,0,70,255.0,255.0,255.0
684,34.2,-11.978369389453336,-0.26704976710327855,-37.87419853800249,-0.04678452131130221,0.08527348337677611,-0.9953365014034657,0.006638784006498198,-0.010855884172039445,0.13214474371873133,0,70,255.0,255.0,255.0
685,34.25,-11.9807,-0.2628,-37.9238,-0.04643355977748826,0.084710456547479,-0.9887183356369829,0.0073996773460604515,-0.01166518899984581,0.13258188694059392,0,70,255.0,255.0,255.0
686,34.300000000000004,-11.983012611191974,-0.25857916327472047,-37.973069898223635,-0.04607454389707756,0.08412092014678686,-0.9820717693176245,0.00696095787036632,-0.011916267027837811,0.13328076583371498,0,70,255.0,255.0,255.0
687,34.35,-11.985307819989272,-0.2543881172170111,-38.022006594532684,-0.045737463990451616,0.0835188298446952,-0.9753902590536112,0.006522238394672251,-0.012167345055829778,0.13397964472683593,0,70,255.0,255.0,255.0
688,34.4,-11.987586723190581,-0.25022748952194146,-38.070608341729915,-0.04542232005761038,0.08290418564120394,-0.9686738048449417,0.006083518918978183,-0.012418423083821743,0.13467852361995686,0,70,255.0,255.0,255.0
689,34.45,-11.989850417594596,-0.24609790788458066,-38.1188733926181,-0.045129112098553796,0.082276987536313,-0.9619224066916152,0.005644799443284052,-0.012669501111813744,0.13537740251307792,0,70,255.0,255.0,255.0
690,34.5,-11.9921,-0.242,-38.1668,-0.044857840113281956,0.08163723553002254,-0.9551360645936339,0.005206079967590094,-0.012920579139806043,0.1360762814061962,0,70,255.0,255.0,255.0
691,34.550000000000004,-11.994335970245471,-0.2379343332736984,-38.2143864548191,-0.04457268650082207,0.08098854699652656,-0.948317066993179,0.006200064530804246,-0.013026962200030821,0.13668362261197786,0,70,255.0,255.0,255.0
692,34.6,-11.996556440329613,-0.2339012339528974,-38.26163120058165,-0.04423783366020153,0.08033453931001944,-0.9414677023324359,0.007194049094018258,-0.013133345260255584,0.13729096381775943,0,70,255.0,255.0,255.0
693,34.65,-11.998758925291021,-0.2299009679952471,-38.30853271893466,-0.04385328159142029,0.07967521247050109,-0.9345879706114038,0.008188033657232268,-0.013239728320480345,0.13789830502354103,0,70,255.0,255.0,255.0
694,34.7,-12.000940940168288,-0.22593380135839736,-38.35508949152511,-0.04341903029447828,0.07901056647797139,-0.9276778718300815,0.009182018220446422,-0.013346111380705123,0.13850564622932268,0,70,255.0,255.0,255.0
695,34.75,-12.0031,-0.222,-38.4013,-0.04293507976937564,0.07834060133243055,-0.9207374059884712,0.010176002783660432,-0.013452494440929663,0.13911298743510336,0,70,255.0,255.0,255.0
696,34.800000000000004,-12.005234707826148,-0.21809950363048394,-38.44716268250001,-0.04246671009962261,0.07768489186710628,-0.9137639627096252,0.00855878400645947,-0.012775884172038551,0.1398247437187117,0,70,255.0,255.0,255.0
697,34.85,-12.007348018692277,-0.21423094697139852,-38.49267580314073,-0.04207920136872967,0.07706301291522667,-0.9067549316165999,0.006941565229258737,-0.012099273903147537,0.14053650000231993,0,70,255.0,255.0,255.0
698,34.9,-12.009443975645334,-0.21039263849707096,-38.53783758253143,-0.04177255357669677,0.07647496447679161,-0.899710312709394,0.005324346452058005,-0.011422663634256522,0.14124825628592813,0,70,255.0,255.0,255.0
699,34.95,-12.01152662173226,-0.2065828866818285,-38.58264624128144,-0.04154676672352388,0.075920746551801,-0.8926301059880067,0.0037071276748570437,-0.01074605336536541,0.14196001256953647,0,70,255.0,255.0,255.0
700,35.0,-12.0136,-0.2028,-38.6271,-0.04140184080921105,0.07540035914025506,-0.8855143114524402,0.002089908897656312,-0.010069443096474284,0.14267176885314292,0,70,255.0,255.0,255.0
701,35.050000000000004,-12.015666798449944,-0.19904285220436393,-38.67119721518086,-0.04125647310068741,0.07487988553504782,-0.878371082168288,0.0037247994432887347,-0.010749501111813733,0.14305740251292146,0,70,255.0,255.0,255.0
702,35.1,-12.01772428490128,-0.1953125781615079,-38.714936786855446,-0.04102936086488218,0.07432540902907367,-0.8712085712011478,0.005359689988920926,-0.011429559127153086,0.14344303617269993,0,70,255.0,255.0,255.0
703,35.15,-12.019768372127643,-0.19161087801646978,-38.75831775093959,-0.04072050410179535,0.07373692962233257,-0.8640267785510188,0.006994580534553116,-0.012109617142492438,0.14382866983247844,0,70,255.0,255.0,255.0
704,35.2,-12.021794972902672,-0.18793945191428732,-38.80133914334917,-0.04032990281142684,0.07311444731482442,-0.8568257042178998,0.00862947108018554,-0.012789675157831887,0.14421430349225697,0,70,255.0,255.0,255.0
705,35.25,-12.0238,-0.1843,-38.844,-0.03985755699377679,0.07245796210654937,-0.8496053482017929,0.010264361625817842,-0.013469733173171239,0.144599937152039,0,70,255.0,255.0,255.0
706,35.300000000000004,-12.025780498374075,-0.18069388755205848,-38.886298856776534,-0.03937139749762015,0.07178756599270239,-0.8423357086172552,0.009182018220446316,-0.013346111380705572,0.14618564622944324,0,70,255.0,255.0,255.0
707,35.35,-12.027738041702598,-0.17712114038256924,-38.9282322494375,-0.03893935517173214,0.07112335096847879,-0.8349867835788484,0.008099674815074944,-0.013222489588239924,0.1477713553068473,0,70,255.0,255.0,255.0
708,35.4,-12.029675335844086,-0.17358144943705064,-38.96979621371019,-0.0385614300161127,0.07046531703387847,-0.8275585730865713,0.007017331409703573,-0.013098867795774275,0.1493570643842513,0,70,255.0,255.0,255.0
709,35.45,-12.031595086657049,-0.17007450566102095,-39.010986785321926,-0.03823762203076178,0.06981346418890134,-0.820051077140423,0.005934988004332047,-0.01297524600330861,0.15094277346165558,0,70,255.0,255.0,255.0
710,35.5,-12.0335,-0.1666,-39.0518,-0.03796793121567948,0.0691677924335476,-0.8124642957404055,0.004852644598960898,-0.012851624210843071,0.1525284825390658,0,70,255.0,255.0,255.0
711,35.550000000000004,-12.035392008053755,-0.16315759758740025,-39.09223295771301,-0.037705936908834115,0.06852985049414233,-0.8048620833626886,0.0056271276748527934,-0.012666053365365755,0.1515600125695827,0,70,255.0,255.0,255.0
712,35.6,-12.03726994828832,-0.15974686030821444,-39.13228701539458,-0.037405218448194194,0.06790118709701101,-0.797308294483447,0.00640161075074458,-0.012480482519888465,0.15059154260009977,0,70,255.0,255.0,255.0
713,35.65,-12.039131884496012,-0.15636732423532831,-39.17196459421965,-0.037065775833759695,0.06728180224215356,-0.7898029291026795,0.007176093826636365,-0.012294911674411173,0.1496230726306168,0,70,255.0,255.0,255.0
714,35.7,-12.040975880469134,-0.15301852544162775,-39.211268115363154,-0.03668760906553054,0.06667169592956988,-0.7823459872203852,0.007950576902528261,-0.012109340828933857,0.14865460266113373,0,70,255.0,255.0,255.0
715,35.75,-12.0428,-0.1497,-39.2502,-0.03627071814350686,0.06607086815926014,-0.7749374688365658,0.00872505997842038,-0.011923769983457122,0.1476861326916552,0,70,255.0,255.0,255.0
716,35.800000000000004,-12.044602669410908,-0.1464117220983387,-39.28876131237146,-0.035836854867041676,0.06545303203072787,-0.7674959579319693,0.008629471080185571,-0.012789675157831523,0.1499743034921769,0,70,255.0,255.0,255.0
717,35.85,-12.046383765144121,-0.1431554183845724,-39.3269476889842,-0.03540777103548829,0.06479190064347697,-0.7599400384873479,0.008533882181950777,-0.0136555803322058,0.15226247429269832,0,70,255.0,255.0,255.0
718,35.9,-12.048143526171874,-0.13993325362163667,-39.3647534094112,-0.03498346664884664,0.06408747399750737,-0.7522697105027004,0.008438293283715984,-0.014521485506580077,0.15455064509321972,0,70,255.0,255.0,255.0
719,35.95,-12.04988219146642,-0.13674739257246693,-39.402172753225464,-0.03456394170711668,0.06333975209281895,-0.7444849739780257,0.008342704385481176,-0.015387390680954476,0.15683881589374143,0,70,255.0,255.0,255.0
720,36.0,-12.0516,-0.1336,-39.4392,-0.03414919621029851,0.0625487349294119,-0.7365858289133259,0.008247115487246437,-0.016253295855328642,0.15912698669426373,0,70,255.0,255.0,255.0
721,36.050000000000004,-12.053297314302608,-0.13049231401924327,-39.47583059280115,-0.03374664362300912,0.061770021382945905,-0.7286420849094276,0.007854988004327611,-0.014895246003308644,0.1586227734616395,0,70,255.0,255.0,255.0
722,36.1,-12.054974991135204,-0.12742186615349527,-39.51206462866863,-0.033363697409865736,0.06105921032908101,-0.7207235515671617,0.007462860521408843,-0.013537196151288839,0.15811856022901533,0,70,255.0,255.0,255.0
723,36.15,-12.056634010816497,-0.12438526127812553,-39.54790336813555,-0.03300035757086828,0.0604163017678171,-0.712830228886527,0.007070733038490073,-0.012179146299269033,0.15761434699639115,0,70,255.0,255.0,255.0
724,36.2,-12.058275353665195,-0.12137910426850348,-39.58334807173498,-0.03265662410601672,0.0598412956991541,-0.7049621168675223,0.0066786055555712485,-0.010821096447249035,0.15711013376376692,0,70,255.0,255.0,255.0
725,36.25,-12.0599,-0.1184,-39.6184,-0.03233249701531115,0.05933419212309217,-0.6971192155101501,0.006286478072652535,-0.009463046595229563,0.1566059205311463,0,70,255.0,255.0,255.0
726,36.300000000000004,-12.061508873378662,-0.11544542182468655,-39.65305951642396,-0.03202457064093064,0.05884288243748803,-0.6892477024303413,0.006030576902566954,-0.010189340828934319,0.1582546026611833,0,70,255.0,255.0,255.0
727,36.35,-12.063102670315068,-0.11251631700144586,-39.68732339634126,-0.03172943932505444,0.05831525804019873,-0.6812937552440316,0.005774675732481409,-0.010915635062638972,0.15990328479122007,0,70,255.0,255.0,255.0
728,36.4,-12.064682030562144,-0.10961450126586177,-39.721187518046584,-0.03144710306768253,0.0577513189312242,-0.6732573739512201,0.005518774562395863,-0.011641929296343624,0.16155196692125684,0,70,255.0,255.0,255.0
729,36.45,-12.066247593872811,-0.10674179035351812,-39.754647759834604,-0.03117756186881485,0.05715106511056434,-0.6651385585519056,0.005262873392310282,-0.012368223530048381,0.16320064905129383,0,70,255.0,255.0,255.0
730,36.5,-12.0678,-0.1039,-39.7877,-0.030920815728451494,0.05651449657821934,-0.6569373090460904,0.005006972222224654,-0.013094517763752977,0.1648493311813315,0,70,255.0,255.0,255.0
731,36.550000000000004,-12.069339192182744,-0.101090798682009,-39.820340941503034,-0.030635073813259563,0.05585044886710161,-0.6487031053692134,0.006422704385451698,-0.013467390680953971,0.16451881589372339,0,70,255.0,255.0,255.0
732,36.6,-12.070862327604525,-0.09831526584072077,-39.852570585966326,-0.03027854528990633,0.05516775751012393,-0.6404854274567178,0.00783843654867854,-0.013840263598154911,0.16418830060611533,0,70,255.0,255.0,255.0
733,36.65,-12.07236586693493,-0.0955743336584279,-39.88438975967811,-0.02985123015839175,0.05446642250728619,-0.6322842753086027,0.009254168711905385,-0.014213136515355851,0.16385778531850725,0,70,255.0,255.0,255.0
734,36.7,-12.073846270843559,-0.09286893431742306,-39.9157992889266,-0.029353128418715763,0.053746443858588316,-0.6240996489248669,0.01066990087513243,-0.014586009432556845,0.16352727003089915,0,70,255.0,255.0,255.0
735,36.75,-12.0753,-0.0902,-39.9468,-0.028784240070878507,0.05300782156403049,-0.6159315483055127,0.012085633038359245,-0.014958882349758007,0.1631967547432902,0,70,255.0,255.0,255.0
736,36.800000000000004,-12.076724757890366,-0.08756818344727607,-39.97739191756393,-0.028219134106030424,0.05226732209410524,-0.6077318760928325,0.010518605555562199,-0.01466109644724943,0.16479013376388701,0,70,255.0,255.0,255.0
737,36.85,-12.078123219266839,-0.08497301963567064,-40.00757185979344,-0.027732379515322262,0.051541711919305525,-0.5994525349291238,0.008951578072765375,-0.014363310544740895,0.16638351278448363,0,70,255.0,255.0,255.0
738,36.9,-12.079499301698132,-0.08241376410042707,-40.03733584324099,-0.027323976298753935,0.050830991039631235,-0.591093524814385,0.0073845505899685525,-0.01406552464223236,0.16797689180508021,0,70,255.0,255.0,255.0
739,36.95,-12.08085692275295,-0.07988967237678869,-40.06667988445902,-0.026993924456325407,0.050135159455082276,-0.5826548457486154,0.005817523107171507,-0.013767738739723784,0.16957027082567705,0,70,255.0,255.0,255.0
740,37.0,-12.0822,-0.0774,-40.0956,-0.026742223988036763,0.049454217165658836,-0.5741364977318172,0.004250495624374767,-0.013469952837215249,0.17116364984627364,0,70,255.0,255.0,255.0
741,37.050000000000004,-12.0835313762558,-0.07494446752888538,-40.12409298824128,-0.026504389762618763,0.04876026275647718,-0.565585390259381,0.005262873392344461,-0.014288223530048697,0.17088064905114048,0,70,255.0,255.0,255.0
742,37.1,-12.084849595328123,-0.07252465561659624,-40.152158774859934,-0.026215936648802316,0.04802539481265395,-0.5570484328267028,0.006275251160314011,-0.015106494222882029,0.17059764825600734,0,70,255.0,255.0,255.0
743,37.15,-12.086152126272541,-0.07014260993986428,-40.17979806735794,-0.025876864646587394,0.04724961333418906,-0.5485256254337814,0.007287628928283562,-0.01592476491571536,0.17031464746087419,0,70,255.0,255.0,255.0
744,37.2,-12.087436438144643,-0.0678003761754213,-40.2070115732373,-0.025487173755973945,0.046432918321082386,-0.5400169680806153,0.008300006696253255,-0.01674303560854881,0.17003164666574103,0,70,255.0,255.0,255.0
745,37.25,-12.0887,-0.0655,-40.2338,-0.025046863976962066,0.04557530977333416,-0.5315224607672069,0.009312384464222973,-0.017561306301382473,0.16974864587060878,0,70,255.0,255.0,255.0
746,37.300000000000004,-12.08994093708643,-0.06324274643718115,-40.26016332947096,-0.024595306843478885,0.04472362687998561,-0.5229985628696688,0.008749900875102691,-0.016506009432556878,0.17120727003088032,0,70,255.0,255.0,255.0
747,37.35,-12.091159999420672,-0.06102675789794402,-40.28609864076683,-0.02417187388945178,0.04392470883007844,-0.5144017337641187,0.00818741728598249,-0.015450712563731431,0.1726658941911517,0,70,255.0,255.0,255.0
748,37.4,-12.0923585932117,-0.05884939614011621,-40.31160228732723,-0.02377656511488068,0.04317855562361255,-0.5057319734505548,0.00762493369686229,-0.014395415694905985,0.174124518351423,0,70,255.0,255.0,255.0
749,37.45,-12.093538124668482,-0.056708022921525346,-40.336670622591754,-0.023409380519765547,0.04248516726058783,-0.49698928192897607,0.007062450107742009,-0.01334011882608039,0.17558314251169457,0,70,255.0,255.0,255.0
750,37.5,-12.0947,-0.0546,-40.3613,-0.02307032010410647,0.041844543741004485,-0.488173659199385,0.006499966518621864,-0.012284821957255054,0.17704176667196636,0,70,255.0,255.0,255.0
751,37.550000000000004,-12.095844875398479,-0.05252374672238887,-40.3854872938749,-0.022714382863461707,0.041193229723579965,-0.4793163582619402,0.007737523107167266,-0.013767738739723638,0.17725027082579523,0,70,255.0,255.0,255.0
752,37.6,-12.09697040698919,-0.05048191279162733,-40.40923146207273,-0.02229656779338974,0.04046776986703211,-0.4704486321168052,0.008975079695712491,-0.015250655522192012,0.17745877497962406,0,70,255.0,255.0,255.0
753,37.65,-12.098073500880659,-0.04847820549967128,-40.43253198333312,-0.021816874893890514,0.03966816417136085,-0.4615704807639788,0.010212636284257719,-0.016733572304660386,0.1776672791334529,0,70,255.0,255.0,255.0
754,37.7,-12.09915106318142,-0.046516332138476585,-40.455388336395664,-0.021275304164963944,0.03879441263656604,-0.45268190420345966,0.01145019287280312,-0.01821648908712897,0.17787578328728176,0,70,255.0,255.0,255.0
755,37.75,-12.1002,-0.0446,-40.4778,-0.020671855606610192,0.037846515262647935,-0.44378290243525037,0.012687749461348347,-0.019699405869597453,0.17808428744110882,0,70,255.0,255.0,255.0
756,37.800000000000004,-12.101218761319656,-0.04273186667326234,-40.49976589502945,-0.02009916170267022,0.03688745422569419,-0.4348400040825806,0.01022000669624857,-0.018663035608549018,0.17963164666565068,0,70,255.0,255.0,255.0
757,37.85,-12.102211972622571,-0.04091039093554632,-40.521282710942245,-0.019649854936985303,0.035980211701793,-0.42581973776868504,0.007752263931149141,-0.01762666534750073,0.1811790058901923,0,70,255.0,255.0,255.0
758,37.9,-12.103185803265658,-0.03913298186119904,-40.5423465793403,-0.01932393530955535,0.03512478769094422,-0.4167221034935624,0.005284521166049714,-0.01659029508645244,0.18272636511473395,0,70,255.0,255.0,255.0
759,37.95,-12.10414642260583,-0.03739704852456764,-40.56295363182558,-0.019121402820380343,0.03432118219314774,-0.40754710125721144,0.0028167784009499354,-0.015553924825404006,0.1842737243392758,0,70,255.0,255.0,255.0
760,38.0,-12.1051,-0.0357,-40.5831,-0.019042257469460335,0.03356939520840379,-0.39829473105963464,0.0003490356358505642,-0.014517554564355717,0.18582108356381788,0,70,255.0,255.0,255.0
761,38.050000000000004,-12.106048879322898,-0.03403998658456084,-40.60278352600731,-0.01885697032587049,0.03282495337364282,-0.38906762540774303,0.007062450107742658,-0.015260118826080457,0.18326314251181405,0,70,255.0,255.0,255.0
762,38.1,-12.106980102520527,-0.0324181234661871,-40.62200889415832,-0.01833601245868611,0.03204338332579573,-0.37996841680845295,0.013775864579633798,-0.01600268308780509,0.18070520145981056,0,70,255.0,255.0,255.0
763,38.15,-12.107876886056706,-0.030836267055532884,-40.640782499305686,-0.017479383867907188,0.031224685064862402,-0.37099710526176305,0.020489279051524936,-0.016745247349529726,0.1781472604078071,0,70,255.0,255.0,255.0
764,38.2,-12.108722446395259,-0.029296273763252265,-40.65911073630204,-0.01628708455353354,0.030368858590842724,-0.362153690767672,0.027202693523417032,-0.017487811611254466,0.17558931935580324,0,70,255.0,255.0,255.0
765,38.25,-12.1095,-0.0278,-40.677,-0.014759114515565492,0.029475903903736937,-0.35343817332618244,0.03391610799530827,-0.018230375872978988,0.1730313783037989,0,70,255.0,255.0,255.0
766,38.300000000000004,-12.110205721388754,-0.026348986988493486,-40.694450400941356,-0.013672956993861703,0.02856473227973416,-0.3444734942864085,0.009530192872839571,-0.01821648908712895,0.18555578328712735,0,70,255.0,255.0,255.0
767,38.35,-12.110887617295322,-0.02494351519970499,-40.71143691242448,-0.013806095228281348,0.027654254995024014,-0.33488259499746953,-0.014855722249625662,-0.018202602301278913,0.198080188270454,0,70,255.0,255.0,255.0
768,38.400000000000006,-12.111606652507517,-0.02358354991666951,-40.72792822343695,-0.015158529218824464,0.02674447204960624,-0.32466547545936275,-0.03924163737209435,-0.018188715515428874,0.21060459325378247,0,70,255.0,255.0,255.0
769,38.45,-12.112423791813141,-0.022269056422422783,-40.743893022966276,-0.017730258965490665,0.025835383443481102,-0.3138221356720911,-0.06362755249455959,-0.01817482872957884,0.22312899823710913,0,70,255.0,255.0,255.0
770,38.5,-12.1134,-0.021,-40.7593,-0.021521284468280062,0.024926989176648463,-0.3023525756356531,-0.08801346761702494,-0.018160941943728748,0.23565340322043582,0,70,255.0,255.0,255.0
771,38.550000000000004,-12.114593035122095,-0.019775265461464502,-40.77411887022729,-0.026339201698682937,0.024084117507420077,-0.290318397446656,-0.10470322159907365,-0.015553924825403876,0.2457137243394063,0,70,255.0,255.0,255.0
772,38.6,-12.116047828298187,-0.01858941573499268,-40.78832345614374,-0.03199160662818746,0.023371596694108036,-0.2777812032017122,-0.12139297558111999,-0.012946907707079373,0.2557740454583754,0,70,255.0,255.0,255.0
773,38.650000000000006,-12.117806103913233,-0.0174359332777884,-40.801888606946534,-0.03847849925679522,0.02278942673671214,-0.2647409929008181,-0.1380827295631687,-0.010339890588754501,0.2658343665773459,0,70,255.0,255.0,255.0
774,38.7,-12.119909586352184,-0.016308300547056166,-40.81478917183288,-0.045799879584504405,0.022337607635232553,-0.2511977665439773,-0.15477248354521503,-0.007732873470429998,0.275894687696315,0,70,255.0,255.0,255.0
775,38.75,-12.1224,-0.0152,-40.827,-0.05395574761131586,0.022016139389669186,-0.23715152413118815,-0.17146223752726142,-0.005125856352105301,0.28595500881528424,0,70,255.0,255.0,255.0
776,38.800000000000004,-12.125282138122872,-0.014106751165647892,-40.83851571814948,-0.060730236211411846,0.021690797690585163,-0.22378891592691075,-0.09951730647655466,-0.007887811611254455,0.24854931935576646,0,70,255.0,255.0,255.0
777,38.85,-12.128413069511932,-0.013033221860324075,-40.849410063000576,-0.06390747825897197,0.02122735822854375,-0.2122965921956109,-0.02757237542585811,-0.010649766870403216,0.21114362989625401,0,70,255.0,255.0,255.0
778,38.900000000000006,-12.13161293183956,-0.011986316972176116,-40.85977654877692,-0.06348747375399719,0.02062582100354481,-0.2026745529372853,0.04437255562484865,-0.01341172212955237,0.1737379404367362,0,70,255.0,255.0,255.0
779,38.95,-12.134701862778126,-0.010972941389352184,-40.86970868970218,-0.05947022269648755,0.01988618601558851,-0.19492279815193675,0.1163174866755452,-0.01617367738870113,0.13633225097722376,0,70,255.0,255.0,255.0
780,39.0,-12.1375,-0.01,-40.8793,-0.05185572508644332,0.019008453264674787,-0.1890413278395637,0.18826241772624183,-0.018935632647849893,0.09892656151771129,0,70,255.0,255.0,255.0
781,39.050000000000004,-12.139836812386424,-0.009072929875943384,-40.88863905717478,-0.041203853455650724,0.018080691730238987,-0.1847339388456944,0.23781244750542563,-0.01817482872957886,0.07336899823704596,0,70,255.0,255.0,255.0
782,39.1,-12.141579093654082,-0.008191296823710843,-40.897794691853974,-0.02807448033590077,0.017190970391716867,-0.18170442801585884,0.2873624772846024,-0.017414024811307934,0.04781143495638428,0,70,255.0,255.0,255.0
783,39.150000000000006,-12.14260296872853,-0.007353198833506452,-40.90683079794577,-0.012467605727189726,0.01633928924910818,-0.1799527953500561,0.33691250706378617,-0.016653220893036898,0.022253871675718948,0,70,255.0,255.0,255.0
784,39.2,-12.142784562535319,-0.006556733895534771,-40.91581126935837,0.005616770370477975,0.015525648302413151,-0.1794790408482867,0.38646253684296294,-0.015892416974765972,-0.0033036916049427323,0,70,255.0,255.0,255.0
785,39.25,-12.142,-0.0058,-40.9248,0.02617864795710437,0.014750047551631668,-0.18028316451055035,0.43601256662213994,-0.015131613056495005,-0.028861254885603982,0,70,255.0,255.0,255.0
786,39.300000000000004,-12.140122612331437,-0.005082329330578114,-40.93386085315139,0.04938565003402858,0.01393843538845847,-0.18236332869028063,0.4922675164547493,-0.017332873470430207,-0.05434531230360013,0,70,255.0,255.0,255.0
787,39.35,-12.137014555871735,-0.004407990844832407,-40.943057569583544,0.07540539960257961,0.013016760204588638,-0.18571769574091024,0.5485224662873507,-0.019534133884365094,-0.07982936972159266,0,70,255.0,255.0,255.0
788,39.400000000000006,-12.132535193246317,-0.003782487693797519,-40.95245385944,0.10423789666276484,0.011985022000021916,-0.19034626566244017,0.6047774161199602,-0.021735394298300296,-0.10531342713958881,0,70,255.0,255.0,255.0
789,39.45,-12.126543887080599,-0.0032113230285084693,-40.9621134328643,0.13588314121457606,0.010843220774758593,-0.19624903845486913,0.6610323659525615,-0.023936654712235182,-0.13079748455758133,0,70,255.0,255.0,255.0
790,39.5,-12.1189,-0.0027,-40.9721,0.17034113325801722,0.009591356528798535,-0.20342601411819758,0.7172873157851634,-0.026137915126169982,-0.15628154197557387,0,70,255.0,255.0,255.0
791,39.550000000000004,-12.109463138287829,-0.002252952801743805,-40.982481530219644,0.2075972533195391,0.008293566715926652,-0.21213274639316013,0.7729574866755845,-0.025773677388700927,-0.19198774902289883,0,70,255.0,255.0,255.0
792,39.6,-12.09809388285897,-0.001870339796959423,-40.993343029811854,0.2476368819255764,0.007013988789928403,-0.2226247890204875,0.8286276575659978,-0.025409439651231925,-0.22769395607021875,0,70,255.0,255.0,255.0
793,39.650000000000006,-12.084653058286195,-0.001551250391303073,-41.00477376429424,0.29046001907614044,0.005752622750803425,-0.23490214200018258,0.8842978284564189,-0.025045201913762874,-0.2634001631175437,0,70,255.0,255.0,255.0
794,39.7,-12.069001489142282,-0.0012947739904311728,-41.01686299918441,0.3360666647712191,0.004509468598552077,-0.24896480533224197,0.9399679993468322,-0.02468096417629387,-0.29910637016486363,0,70,255.0,255.0,255.0
795,39.75,-12.051,-0.0011,-41.0297,0.3844568190108183,0.003284526333174179,-0.2648127790166672,0.9956381702372434,-0.02431672643882486,-0.33481257721218327,0,70,255.0,255.0,255.0
796,39.800000000000004,-12.030532034517242,-0.000964259462446455,-41.043368225970006,0.43427333668782786,0.0021832977478343234,-0.2820976857370967,0.997022536842969,-0.01973241697476561,-0.3565836916049382,0,70,255.0,255.0,255.0
797,39.85,-12.007571512692378,-0.0008778499673298418,-41.05792791116903,0.4841590726951166,0.0013112846356975573,-0.30047114817716136,0.9984069034486945,-0.015148107510707016,-0.37835480599769006,0,70,255.0,255.0,255.0
798,39.900000000000006,-11.982114973608892,-0.0008293107409899869,-41.07343348338305,0.5341140270326988,0.000668486996763633,-0.31993316633686647,0.9997912700544201,-0.010563798046647768,-0.400125920390445,0,70,255.0,255.0,255.0
799,39.95,-11.95415895635027,-0.0008071810097667578,-41.08993937039805,0.58413819970056,0.0002549048310327329,-0.3404837402162063,1.0011756366601456,-0.005979488582589173,-0.42189703478319684,0,70,255.0,255.0,255.0
800,40.0,-11.9237,-0.0008,-41.1075,0.6342315906987075,7.053813850474974e-05,-0.36212286981518377,1.0025600032658701,-0.0013951791185305776,-0.4436681491759473,0,70,255.0,255.0,255.0
801,40.050000000000004,-11.890736723643192,-0.0007988093484703028,-41.12615916590031,0.6842693999291724,-3.475770726440242e-05,-0.38421251065852113,0.9989523659525557,-0.00281665471223515,-0.4399174845574723,0,70,255.0,255.0,255.0
802,40.1,-11.855276066371509,-0.000804660333721193,-41.145918125512,0.7341268272939645,-0.00021112733271875915,-0.40611461827093165,0.9953447286392417,-0.00423813030593952,-0.4361668199389978,0,70,255.0,255.0,255.0
803,40.150000000000006,-11.817327047278225,-0.0008211066447369344,-41.166767502173556,0.7838038727930979,-0.0004585707378583706,-0.42782919265242153,0.9917370913259272,-0.005659605899644093,-0.4324161553205228,0,70,255.0,255.0,255.0
804,40.2,-11.776898685456628,-0.0008517019705017826,-41.18869791922341,0.8333005364265587,-0.0007770879226831663,-0.44935623380298456,0.9881294540126132,-0.007081081493348462,-0.4286654907020483,0,70,255.0,255.0,255.0
805,40.25,-11.734,-0.0009,-41.2117,0.8826168181943538,-0.0011666788871931765,-0.4706957417226239,0.9845218166992984,-0.008502557087052828,-0.42491482608357023,0,70,255.0,255.0,255.0
806,40.300000000000004,-11.688639470909967,-0.000968503143672332,-41.235767110428775,0.9317850635955112,-0.001564266918776876,-0.4920122716288341,0.982207999346831,-0.00740096417629379,-0.42774637016476524,0,70,255.0,255.0,255.0
807,40.35,-11.640823421821574,-0.001055508697785388,-41.26090358678295,0.9808376181290382,-0.0019067753048225737,-0.513470378739101,0.9798941819943641,-0.006299371265534908,-0.43057791424595987,0,70,255.0,255.0,255.0
808,40.400000000000006,-11.590557637278188,-0.0011582626800622953,-41.28711650792275,1.029774481794949,-0.002194204045330368,-0.5350700630534307,0.9775803646418967,-0.005197778354775871,-0.43340945832715494,0,70,255.0,255.0,255.0
809,40.45,-11.537847901823206,-0.001274011108226127,-41.31441295270836,1.0785956545932294,-0.002426553140300176,-0.5568113245718171,0.9752665472894297,-0.004096185444016989,-0.43624100240834957,0,70,255.0,255.0,255.0
810,40.5,-11.4827,-0.0014,-41.3428,1.1273011365238863,-0.0026038225897320436,-0.5786941632942632,0.9729527299369618,-0.002994592533258098,-0.43907254648954197,0,70,255.0,255.0,255.0
811,40.550000000000004,-11.425119792716911,-0.001534378076840408,-41.372283592384605,1.1758863456888173,-0.002780174617628249,-0.6006504028260875,0.970455636660114,-0.0040594885825895235,-0.4391770347833598,0,70,255.0,255.0,255.0
812,40.6,-11.36511344634218,-0.0016789048751372703,-41.402865127356186,1.224346700189899,-0.003009771447990994,-0.6226118667725997,0.9679585433832666,-0.005124384631920798,-0.43928152307717755,0,70,255.0,255.0,255.0
813,40.650000000000006,-11.302687203608983,-0.0018362426350139564,-41.434544866135454,1.2726822000271454,-0.0032926130808203437,-0.6445785551338059,0.9654614501064188,-0.006189280681252223,-0.43938601137099537,0,70,255.0,255.0,255.0
814,40.7,-11.237847307250528,-0.00200905359659375,-41.46732306994314,1.3208928452005424,-0.003628699516116218,-0.6665504679097,0.9629643568295715,-0.0072541767305834975,-0.4394904996648132,0,70,255.0,255.0,255.0
815,40.75,-11.1706,-0.0022,-41.5012,1.368978635710097,-0.004018030753878653,-0.6885276051002848,0.9604672635527169,-0.008319072779914768,-0.43959498795863095,0,70,255.0,255.0,255.0
816,40.800000000000004,-11.100951758222356,-0.0024107845489661087,-41.53617692003278,1.4169255536492344,-0.004403034610710261,-0.7105701170668046,0.9574094540126141,-0.007081081493348263,-0.4421054907020846,0,70,255.0,255.0,255.0
817,40.85,-11.028909992809691,-0.002639271801665558,-41.57225910379229,1.4647195811113598,-0.004726138903213498,-0.7327381541704938,0.9543516444725116,-0.005843090206781932,-0.4446159934455379,0,70,255.0,255.0,255.0
818,40.900000000000006,-10.954482348285834,-0.0028823667798819957,-41.60945282753545,1.5123607180964869,-0.004987343631388454,-0.755031716411359,0.9512938349324088,-0.004605098920215427,-0.4471264961889916,0,70,255.0,255.0,255.0
819,40.95,-10.87767646917466,-0.0031369745053989365,-41.64776436751906,1.5598489646046019,-0.005186648795235055,-0.7774508037893937,0.9482360253923063,-0.003367107633649096,-0.4496369989324449,0,70,255.0,255.0,255.0
820,41.0,-10.7985,-0.0034,-41.6872,1.6071843206357121,-0.0053240543947533445,-0.7999954163046008,0.9451782158521969,-0.0021291163470827656,-0.45214750167589557,0,70,255.0,255.0,255.0
821,41.050000000000004,-10.716959574393627,-0.0036688837272952665,-41.7277647274843,1.6544274397142575,-0.005431686939530849,-0.822589128906708,0.944546547289465,-0.002176185444017052,-0.45160100240831186,0,70,255.0,255.0,255.0
822,41.1,-10.633057782419042,-0.003943207918200537,-41.76945845747461,1.70163897536466,-0.005541672939155052,-0.8451555165454326,0.9439148787267332,-0.002223254540951332,-0.45105450314072826,0,70,255.0,255.0,255.0
823,41.150000000000006,-10.546796203247627,-0.0042230902454582255,-41.81227982372278,1.7488189275869324,-0.005654012393625986,-0.8676945792207813,0.9432832101640013,-0.0022703236378856183,-0.45050800387314455,0,70,255.0,255.0,255.0
824,41.2,-10.458176416050815,-0.004508648381810587,-41.85622745998063,1.7959672963810616,-0.005768705302943617,-0.8902063169327478,0.9426515416012694,-0.002317392734819898,-0.4499615046055609,0,70,255.0,255.0,255.0
825,41.25,-10.3672,-0.0048,-41.9013,1.843084081747054,-0.0058857516671079625,-0.9126907296813349,0.9420198730385305,-0.00236446183175415,-0.4494150053379773,0,70,255.0,255.0,255.0
826,41.300000000000004,-10.273866744203096,-0.005096880541852961,-41.94749217003005,1.8902766874937607,-0.005982217631166409,-0.9349133673064066,0.9456843568295739,-0.0014941767305833749,-0.43949049966481285,0,70,255.0,255.0,255.0
827,41.35,-10.17816927751413,-0.00539749652553234,-41.99478306630924,1.9376525174300128,-0.006035169340166308,-0.956639779647817,0.9493488406206166,-0.0006238916294127237,-0.4295659939916498,0,70,255.0,255.0,255.0
828,41.400000000000006,-10.080098438723597,-0.005699672238285292,-42.04314787757343,1.9852115715558236,-0.0060446067941076756,-0.977869966705572,0.9530133244116599,0.0002463934717580516,-0.41964148831848536,0,70,255.0,255.0,255.0
829,41.45,-9.979645066622053,-0.006001231967358807,-42.092561792558406,2.0329538498711797,-0.006010529992990509,-0.9986039284796662,0.9566778082027027,0.0011166785729287026,-0.4097169826453223,0,70,255.0,255.0,255.0
830,41.5,-9.8768,-0.0063,-42.143,2.0808793523760887,-0.005932938936814812,-1.018841664970102,0.9603422919937401,0.0019869636740994095,-0.3997924769721646,0,70,255.0,255.0,255.0
831,41.550000000000004,-9.771556648793945,-0.006594794105293037,-42.19443859239554,2.1288338103107427,-0.005871442535803553,-1.0386374018677154,0.9578360253922452,0.0004728923663507398,-0.39203699893230604,0,70,255.0,255.0,255.0
832,41.6,-9.663918707524424,-0.006888405979670154,-42.246857277288406,2.1766629549153147,-0.0058856497001797264,-1.0580453648633332,0.9553297587907508,-0.0010411789413977148,-0.3842815208924486,0,70,255.0,255.0,255.0
833,41.650000000000006,-9.553892441857911,-0.007184620801400809,-42.30023666598351,2.224366786189819,-0.0059755604299433366,-1.0770655539569607,0.9528234921892559,-0.0025552502491463843,-0.37652604285259006,0,70,255.0,255.0,255.0
834,41.7,-9.441484117460941,-0.007487223748754286,-42.35455736978574,2.2719453041342415,-0.006141174725094359,-1.0956979691485929,0.9503172255877614,-0.004069321556894839,-0.3687705648127326,0,70,255.0,255.0,255.0
835,41.75,-9.3267,-0.0078,-42.4098,2.31939850874859,-0.0063824925856327975,-1.113942610438232,0.9478109589862775,-0.00558339286464328,-0.36101508677287875,0,70,255.0,255.0,255.0
836,41.800000000000004,-9.20954666062107,-0.008125543036975045,-42.46594546038781,2.3667080712632833,-0.006628012225619395,-1.1318170252226967,0.9445715416012992,-0.004237392734819771,-0.353961504605648,0,70,255.0,255.0,255.0
837,41.85,-9.090031892388156,-0.008461679555787095,-42.522975824537134,2.4138556629087216,-0.006806231859114791,-1.1493387608987973,0.9413321242163213,-0.0028913926049964544,-0.3469079224384183,0,70,255.0,255.0,255.0
838,41.900000000000006,-8.968163793844683,-0.008805044556111682,-42.58087345849255,2.460841283684917,-0.006917151486119035,-1.1665078174665389,0.9380927068313429,-0.0015453924751729457,-0.33985434027118755,0,70,255.0,255.0,255.0
839,41.95,-8.84395046353415,-0.009152273037624153,-42.639620728298645,2.507664933591857,-0.0069607711066320965,-1.1833241949259166,0.934853289446365,-0.00019939234534962873,-0.3328007581039578,0,70,255.0,255.0,255.0
840,42.0,-8.7174,-0.0095,-42.6992,2.5543266126295485,-0.006937090720653997,-1.1997878932769328,0.9316138720613907,0.0011466077844736952,-0.3257471759367281,0,70,255.0,255.0,255.0
841,42.050000000000004,-8.588519108721709,-0.009845433746806949,-42.75959316605323,2.6009099046361555,-0.006880508561718934,-1.2158704972414873,0.9317178082027227,0.0011166785729286603,-0.31755698264540194,0,70,255.0,255.0,255.0
842,42.1,-8.45730892292293,-0.010188075797181525,-42.82078022456307,2.647498393449822,-0.00682542286336113,-1.2315435915414734,0.9318217443440545,0.0010867493613836298,-0.30936678935407697,0,70,255.0,255.0,255.0
843,42.150000000000006,-8.323769182763272,-0.01052800097415269,-42.882740700046305,2.694092079070562,-0.00677183362558057,-1.2468071761768955,0.9319256804853865,0.001056820149838595,-0.3011765960627508,0,70,255.0,255.0,255.0
844,42.2,-8.187899628402418,-0.010865284100749212,-42.94545411701969,2.740690961498362,-0.006719740848377268,-1.261661251147749,0.9320296166267183,0.0010268909382935645,-0.29298640277142585,0,70,255.0,255.0,255.0
845,42.25,-8.0497,-0.0112,-43.0089,2.787295040733229,-0.0066691445317512196,-1.2761058164540362,0.932133552768061,0.0009969617267484993,-0.284796209480092,0,70,255.0,255.0,255.0
846,42.300000000000004,-7.909171304492025,-0.011532721975797338,-43.07305787539927,2.833828310192127,-0.006649953527504877,-1.2901409858113566,0.929197225587716,-0.00022932155689485336,-0.27661056481267327,0,70,255.0,255.0,255.0
847,42.35,-7.7663196159201,-0.011866017255486867,-43.13790727721058,2.880214763292002,-0.006692076687440696,-1.303766872935304,0.9262608984073715,-0.0014556048405380316,-0.26842492014525565,0,70,255.0,255.0,255.0
848,42.400000000000006,-7.621152275102138,-0.012202951547277787,-43.20342774132226,2.926454400032866,-0.0067955140115586905,-1.3169834778258824,0.9233245712270265,-0.0026818881241813843,-0.26023927547783693,0,70,255.0,255.0,255.0
849,42.45,-7.473676622856127,-0.012546590559379112,-43.269598803622614,2.972547220414706,-0.00696026549985883,-1.329790800483088,0.9203882440466818,-0.0039081714078245625,-0.2520536308104193,0,70,255.0,255.0,255.0
850,42.5,-7.3239,-0.0129,-43.3364,3.018493224437529,-0.007186331152341126,-1.3421888409069231,0.9174519168663302,-0.005134454691467748,-0.24386798614300353,0,70,255.0,255.0,255.0
851,42.550000000000004,-7.171829273310119,-0.013265278350003873,-43.403811332349676,3.064320854595351,-0.007415677328261579,-1.3542055595131004,0.9156532894463913,-0.004039392345349615,-0.23680075810404635,0,70,255.0,255.0,255.0
852,42.6,-7.017469413396645,-0.013640655180871068,-43.47181466659461,3.1100585533821694,-0.0075902703868761,-1.3658689167173281,0.9138546620264527,-0.0029443299992316383,-0.22973353006509017,0,70,255.0,255.0,255.0
853,42.650000000000006,-6.860824916828081,-0.014023392836736398,-43.54039233466471,3.1557063207979974,-0.007710110328184739,-1.3771789125196097,0.9120560346065139,-0.0018492676531135055,-0.22266630202613297,0,70,255.0,255.0,255.0
854,42.7,-6.701900280173024,-0.014410753661734454,-43.60952666848987,3.201264156842822,-0.007775197152187462,-1.388135546919942,0.9102574071865752,-0.0007542053069955288,-0.2155990739871768,0,70,255.0,255.0,255.0
855,42.75,-6.5407,-0.0148,-43.6792,3.2467320615166493,-0.007785530858884288,-1.3987388199183262,0.9084587797666188,0.00034085703912242055,-0.2085318459482135,0,70,255.0,255.0,255.0
856,42.800000000000004,-6.377228402267421,-0.015189364624187357,-43.74939439520204,3.2921202714264868,-0.007799337159448892,-1.4089727761363129,0.9070696166267281,-0.0008931090617065218,-0.20082640277122335,0,70,255.0,255.0,255.0
857,42.85,-6.211489130493297,-0.015580962021028925,-43.820090856410985,3.3374390231793236,-0.007874841765054933,-1.4188214601954487,0.9056804534868377,-0.002127075162535289,-0.1931209595942343,0,70,255.0,255.0,255.0
858,42.900000000000006,-6.043485657585433,-0.015977877105776885,-43.89127012001894,3.3826883167751722,-0.008012044675702433,-1.4282848720957366,0.904291290346947,-0.0033610412633642314,-0.18541551641724416,0,70,255.0,255.0,255.0
859,42.95,-5.873221456451724,-0.016383194793683203,-43.962912922417914,3.4278681522140193,-0.008210945891391352,-1.4373630118371736,0.9029021272070564,-0.004595007364192999,-0.1777100732402551,0,70,255.0,255.0,255.0
860,43.0,-5.7007,-0.0168,-44.035,3.4729785294958724,-0.008471545412121707,-1.4460558794197609,0.9015129640671518,-0.005828973465021772,-0.17000463006326072,0,70,255.0,255.0,255.0
861,43.050000000000004,-5.525925117620116,-0.017230063153246898,-44.10751188684221,3.517998059698722,-0.008714974033942882,-1.4543513359416071,0.8992682440466749,-0.003908171407824362,-0.16181363081056332,0,70,255.0,255.0,255.0
862,43.1,-5.348902064630141,-0.017669896735013298,-44.18042830776145,3.5629053539005415,-0.008862362552904162,-1.4622372425008174,0.8970235240261984,-0.0019873693506272253,-0.15362263155786712,0,70,255.0,255.0,255.0
863,43.150000000000006,-5.169636452830074,-0.01811469874015633,-44.25372878525959,3.607700412101343,-0.008913710969005593,-1.469713599097394,0.8947788040057216,-6.656729342981518e-05,-0.14543163230516973,0,70,255.0,255.0,255.0
864,43.2,-4.988133894020018,-0.018559667163532873,-44.32739284183848,3.6523832343011144,-0.008869019282247157,-1.4767804057313347,0.8925340839852451,0.0018542347637673217,-0.13724063305247353,0,70,255.0,255.0,255.0
865,43.25,-4.8044,-0.019,-44.4014,3.696953820499862,-0.008728287492628871,-1.4834376624026406,0.8902893639647296,0.003775036820964514,-0.1290496337997773,0,70,255.0,255.0,255.0
866,43.300000000000004,-4.618439927252026,-0.019432782762825257,-44.47573005742914,3.741439489778648,-0.008604766704779644,-1.4897018800973152,0.8891374071865619,0.001165794693004154,-0.1215190739871894,0,70,255.0,255.0,255.0
867,43.35,-4.430257010986113,-0.019862651038917944,-44.550363912543226,3.7858675612185193,-0.008611708023328436,-1.4955895698013597,0.8879854504083944,-0.0014434474349558349,-0.11398851417460257,0,70,255.0,255.0,255.0
868,43.400000000000006,-4.239854131094151,-0.020296127933598078,-44.62528273894276,3.8302380348194887,-0.008749111448275247,-1.5011007315147757,0.8868334936302267,-0.0040526895629161945,-0.10645795436201468,0,70,255.0,255.0,255.0
869,43.45,-4.04723416746814,-0.020739736552185445,-44.700467710228196,3.874550910581543,-0.009016976979620043,-1.5062353652375615,0.8856815368520592,-0.006661931690876184,-0.09892739454942784,0,70,255.0,255.0,255.0
870,43.5,-3.8524,-0.0212,-44.7759,3.9188061885046896,-0.009415304617362829,-1.510993470969718,0.8845295800738562,-0.009271173818836173,-0.09139683473683391,0,70,255.0,255.0,255.0
871,43.550000000000004,-3.655355173371684,-0.021681205795452293,-44.85156068344129,3.9629639811867152,-0.009809959146938583,-1.5153691436691423,0.8817821272070252,-0.006515007364192632,-0.08363007324012704,0,70,255.0,255.0,255.0
872,43.6,-3.456105891425379,-0.022178699109315,-44.92743044206566,4.0069844012253935,-0.010066805353782122,-1.5193564782937308,0.8790346743401947,-0.0037588409095494846,-0.07586331174342127,0,70,255.0,255.0,255.0
873,43.650000000000006,-3.254659022793194,-0.022685589525451653,-45.003489858969424,4.050867448620736,-0.010185843237893517,-1.5229554748434846,0.8762872214733637,-0.0010026744549059448,-0.0680965502467144,0,70,255.0,255.0,255.0
874,43.7,-3.051021436107355,-0.023194986627725497,-45.079719517248776,4.0946131233727305,-0.010167072799272736,-1.5261661333184025,0.8735397686065332,0.0017534919997372039,-0.060329788750008634,0,70,255.0,255.0,255.0
875,43.75,-2.8452,-0.0237,-45.1561,4.138221425481384,-0.010010494037919806,-1.528988453718485,0.8707923157396564,0.00450965845438038,-0.05256302725329931,0,70,255.0,255.0,255.0
876,43.800000000000004,-2.637200979261136,-0.02419599405536581,-45.23261200880575,4.18172858547451,-0.00985139670746611,-1.5314295452261315,0.8694940839852207,0.0018542347637669526,-0.04508063305255171,0,70,255.0,255.0,255.0
877,43.85,-2.427028223312339,-0.024687352523822134,-45.30923671919412,4.225170833879908,-0.009825070561543088,-1.5334965170237405,0.8681958522307851,-0.0008011889268460977,-0.03759823885180516,0,70,255.0,255.0,255.0
878,43.900000000000006,-2.2146849777329347,-0.025180713964595647,-45.38595542517963,4.268548170697589,-0.009931515600150738,-1.535189369111312,0.8668976204763494,-0.0034566126174595257,-0.030115844651057558,0,70,255.0,255.0,255.0
879,43.95,-2.0001744881023695,-0.025682716936912733,-45.46274942077675,4.311860595927543,-0.010170731823289028,-1.536508101488846,0.8655993887219139,-0.006112036308072576,-0.022633450450311017,0,70,255.0,255.0,255.0
880,44.0,-1.7835,-0.0262,-45.5396,4.355108109569775,-0.010542719230957962,-1.537452714156343,0.8643011569674215,-0.008767459998685598,-0.015151056249564476,0,70,255.0,255.0,255.0
881,44.050000000000004,-1.5646649095836647,-0.026737217983084715,-45.61648808133576,4.398281676915266,-0.01092845402319703,-1.5380006754263165,0.862641536852051,-0.006661931690875851,-0.006767394549367364,0,70,255.0,255.0,255.0
882,44.1,-1.3436732153252307,-0.027291090795396544,-45.69339308115788,4.441372263254982,-0.011208912400045571,-1.5381294536112797,0.8609819167366808,-0.004556403383066403,0.001616267150828559,0,70,255.0,255.0,255.0
883,44.150000000000006,-1.1205290662749228,-0.027856354616166114,-45.77029404031214,4.484379868588935,-0.011384094361503661,-1.5378390487112334,0.8593222966213103,-0.002450875075256655,0.009999928851025672,0,70,255.0,255.0,255.0
884,44.2,-0.8952366114830936,-0.02842774562462375,-45.84716999964426,4.527304492917113,-0.011453999907571255,-1.5371294607261774,0.8576626765059401,-0.00034534676744720806,0.018383590551221594,0,70,255.0,255.0,255.0
885,44.25,-0.6678,-0.029,-45.924,4.570146136239524,-0.011418629038248381,-1.5360006896561114,0.8560030563905485,0.0017601815403622684,0.026767252251424623,0,70,255.0,255.0,255.0
886,44.300000000000004,-0.43822338240409253,-0.029569534012295607,-46.00076366585125,4.6129047068644535,-0.011378787199745895,-1.5344877530685794,0.8543397686065047,-0.00016650800026295535,0.03375021124984474,0,70,255.0,255.0,255.0
887,44.35,-0.20651091538670166,-0.030139484294591797,-46.077442956174366,4.655580113100175,-0.011435279838274663,-1.5326256685311268,0.8526764808224612,-0.0020931975408879054,0.04073317024826386,0,70,255.0,255.0,255.0
888,44.400000000000006,0.027333242832778572,-0.03071466757074028,-46.154020413571864,4.698172354946701,-0.011588106953834701,-1.530414436043753,0.8510131930384175,-0.004019887081513129,0.047716129246683975,0,70,255.0,255.0,255.0
889,44.45,0.26330493403482147,-0.03129990056459247,-46.230478580646235,4.740681432404019,-0.011837268546425968,-1.5278540556064584,0.8493499052543739,-0.005946576622138079,0.0546990882451031,0,70,255.0,255.0,255.0
890,44.5,0.5014,-0.0319,-46.3068,4.783107345472134,-0.012182764616048477,-1.5249445272192432,0.8476866174703162,-0.007873266162763001,0.06168204724351689,0,70,255.0,255.0,255.0
891,44.550000000000004,0.7416136392001532,-0.032518245967733145,-46.38296685525929,4.825411495626942,-0.012532397177819392,-1.521664312299408,0.8444793887218875,-0.006112036308072391,0.06952654954988123,0,70,255.0,255.0,255.0
892,44.6,0.9839384768720771,-0.03315177202623637,-46.45895989414469,4.8675552843443235,-0.012793968246855737,-1.517991872264255,0.8412721599734595,-0.00435080645338203,0.07737105185624445,0,70,255.0,255.0,255.0
893,44.650000000000006,1.228366494943969,-0.033796175100873155,-46.53475950540046,4.90953871162429,-0.012967477823157587,-1.5139272071137835,0.8380649312250309,-0.00258957659869142,0.08521555416260879,0,70,255.0,255.0,255.0
894,44.7,1.474889675343889,-0.034447052117006584,-46.610346077770814,4.951361777466828,-0.013052925906724896,-1.5094703168479942,0.8348577024766028,-0.0008283467440010602,0.093060056468972,0,70,255.0,255.0,255.0
895,44.75,1.7235,-0.0351,-46.6857,4.993024481871945,-0.013050312497557687,-1.5046212014668867,0.8316504737281605,0.0009328831106893143,0.10090455877533167,0,70,255.0,255.0,255.0
896,44.800000000000004,1.9741912256036032,-0.03575188211677214,-46.76080091311164,5.034633310627801,-0.01303562408897664,-1.4993349977337245,0.8327026765059231,-0.00034534676744743336,0.11054359055114607,0,70,255.0,255.0,255.0
897,44.85,2.226964207898435,-0.0364046276004628,-46.83562546724689,5.076294749522538,-0.013084847174302422,-1.493566842411772,0.8337548792836856,-0.0016235766455839993,0.12018262232695909,0,70,255.0,255.0,255.0
898,44.900000000000006,2.4818215773915124,-0.037061432025767505,-46.91014956482634,5.11800879855617,-0.013197981753535051,-1.4873167355010282,0.8348070820614483,-0.0029018065237207467,0.1298216541027735,0,70,255.0,255.0,255.0
899,44.95,2.7387659645897067,-0.03772549096738143,-46.98434910827052,5.159775457728685,-0.01337502782667449,-1.4805846770014945,0.8358592848392107,-0.004180036401857313,0.1394606858785865,0,70,255.0,255.0,255.0
900,45.0,2.9978,-0.0384,-47.0582,5.201594727040087,-0.013615985393720758,-1.4733706669131703,0.8369114876170016,-0.005458266279993879,0.1490997176544031,0,70,255.0,255.0,255.0
901,45.050000000000004,3.2589230583855633,-0.039087025565178644,-47.13167509229419,5.243271261861874,-0.01385310646627407,-1.465491696765685,0.830149905254384,-0.00402657662213785,0.16605908824497997,0,70,255.0,255.0,255.0
902,45.1,3.522121491534225,-0.03978411757191254,-47.204735036867746,5.284609717565527,-0.014018643055934558,-1.456764758088672,0.8233883228917674,-0.0025948869642820264,0.18301845883555443,0,70,255.0,255.0,255.0
903,45.150000000000006,3.7873783954901548,-0.040487696796057245,-47.27733743529423,5.325610094151053,-0.014112595162702267,-1.4471898508821293,0.8166267405291499,-0.0011631973064259987,0.1999778294261313,0,70,255.0,255.0,255.0
904,45.2,4.05467686629737,-0.04119418401346791,-47.349439889147135,5.366272391618442,-0.01413496278657717,-1.436766975146059,0.8098651581665333,0.00026849235142982573,0.21693720001670574,0,70,255.0,255.0,255.0
905,45.25,4.324,-0.0419,-47.421,5.406596609967702,-0.014085745927559287,-1.4254961308804601,0.8031035758039451,0.0017001820092857334,0.23389657060728553,0,70,255.0,255.0,255.0
906,45.300000000000004,4.595329340854276,-0.04260241562251362,-47.49198111771166,5.446489641924719,-0.01401595004592717,-1.4137222152035491,0.7926177024766068,0.001091653255998757,0.23706005646911477,0,70,255.0,255.0,255.0
907,45.35,4.868640225964707,-0.04330210211188715,-47.56236958528214,5.4858583802153635,-0.013976580601959405,-1.4017901252335483,0.7821318291492698,0.0004831245027118673,0.24022354233094356,0,70,255.0,255.0,255.0
908,45.400000000000006,5.143906440648048,-0.04400058079000399,-47.63215749399679,5.524702824839647,-0.013967637595655984,-1.3896998609704545,0.7716459558219315,-0.0001254042505751088,0.2433870281927728,0,70,255.0,255.0,255.0
909,45.45,5.421101770220906,-0.04469937297874717,-47.701336935140965,5.5630229757975584,-0.013989121027016911,-1.3774514224142707,0.7611600824945947,-0.0007339330038619988,0.2465505140546016,0,70,255.0,255.0,255.0
910,45.5,5.7002,-0.0454,-47.7699,5.600818833089101,-0.014041030896042181,-1.3650448095649959,0.7506742091672649,-0.0013424617571488606,0.24971399991643217,0,70,255.0,255.0,255.0
911,45.550000000000004,5.981175578197468,-0.04610331194476724,-47.83783643685921,5.638130170439267,-0.014083093350017329,-1.3523394424201194,0.7417792848392288,-0.0003400364018569168,0.25850068587858427,0,70,255.0,255.0,255.0
912,45.6,6.264005604606994,-0.04680747398053901,-47.90512662200371,5.674996761573025,-0.01407503453622788,-1.339194740977137,0.732884360511194,0.0006623889534348843,0.26728737184073514,0,70,255.0,255.0,255.0
913,45.650000000000006,6.5486678419178395,-0.047509980043927307,-47.971748588718626,5.711418606490387,-0.014016854454673834,-1.3256107052360455,0.7239894361831578,0.001664814308726828,0.27607405780288724,0,70,255.0,255.0,255.0
914,45.7,6.835140052819101,-0.04820832407154367,-48.03768037028902,5.747395705191342,-0.013908553105355203,-1.3115873351968481,0.715094511855123,0.002667239664018629,0.28486074376503806,0,70,255.0,255.0,255.0
915,45.75,7.1234,-0.0489,-48.1029,5.782928057675895,-0.013750130488271983,-1.2971246308595432,0.7061995875270597,0.0036696650193104724,0.2936474297271925,0,70,255.0,255.0,255.0
916,45.800000000000004,7.413425146355994,-0.0495835365984178,-48.16738673485154,5.817997676318238,-0.013603676554003468,-1.2822960151159475,0.6965851581665226,0.0021884923514295758,0.2994972000165832,0,70,255.0,255.0,255.0
917,45.85,7.705191755607364,-0.05026160196595693,-48.23112472670302,5.852586573492549,-0.013531281253129012,-1.2671749108578845,0.6869707288059869,0.0007073196835488899,0.3053469703059731,0,70,255.0,255.0,255.0
918,45.900000000000006,7.998675791680792,-0.05093789903428729,-48.29409935112876,5.8866947491988375,-0.01353294458564859,-1.2517613180853497,0.6773562994454497,-0.0007738529843320067,0.31119674059536384,0,70,255.0,255.0,255.0
919,45.95,8.29385321850279,-0.051616130735078376,-48.35629598370298,5.920322203437094,-0.013608666551562204,-1.2360552367983477,0.667741870084914,-0.0022550256522126926,0.3170465108847537,0,70,255.0,255.0,255.0
920,46.0,8.5907,-0.0523,-48.4177,5.953468936207325,-0.013758447150869844,-1.2200566669968764,0.6581274407243782,-0.003736198320093309,0.32289628117413827,0,70,255.0,255.0,255.0
921,46.050000000000004,8.8891918363787,-0.0529921416615619,-48.478295823734676,5.986119124287802,-0.013918200433968742,-1.2037084971161547,0.6478800824945898,-0.0026539330038620377,0.33103051405467593,0,70,255.0,255.0,255.0
922,46.1,9.189303372963597,-0.05369091815563337,-48.53806407118422,6.018256944456785,-0.01402384045125606,-1.1869536155914084,0.6376327242648029,-0.0015716676876309202,0.3391647469352125,0,70,255.0,255.0,255.0
923,46.150000000000006,9.491008991359196,-0.05439362381892401,-48.596984406766424,6.049882396714283,-0.01407536720273183,-1.169792022422633,0.6273853660350144,-0.0004894023713996488,0.34729897981575014,0,70,255.0,255.0,255.0
924,46.2,9.794283073169844,-0.05509755298814304,-48.65503649489908,6.080995481060288,-0.014072780688396033,-1.1522237176098329,0.6171380078052274,0.0005928629448314687,0.3554332126962867,0,70,255.0,255.0,255.0
925,46.25,10.0991,-0.0558,-48.7122,6.111596197494802,-0.014016080908248683,-1.1342487011530062,0.6068906495754547,0.0016751282610625723,0.36356744557682674,0,70,255.0,255.0,255.0
926,46.300000000000004,10.405434708129352,-0.05649909675533493,-48.768455570209774,6.141717826530569,-0.013955521710121646,-1.1159259964194526,0.5979745118551342,0.000747239664018702,0.3693407437652544,0,70,255.0,255.0,255.0
927,46.35,10.7132643525383,-0.05719632541150972,-48.823787788560125,6.171393648680317,-0.013941356941846806,-1.0973146267764804,0.589058374134815,-0.0001806489330250364,0.3751140419536812,0,70,255.0,255.0,255.0
928,46.400000000000006,11.022566642882628,-0.057894005690017174,-48.8781822218056,6.200623663944051,-0.013973586603424156,-1.078414592224084,0.5801422364144945,-0.0011085375300689065,0.3808873401421088,0,70,255.0,255.0,255.0
929,46.45,11.333319288817945,-0.0585944573123497,-48.931624436700716,6.229407872321767,-0.014052210694853691,-1.0592258927622689,0.5712260986941752,-0.002036426127112645,0.3866606383305356,0,70,255.0,255.0,255.0
930,46.5,11.6455,-0.0593,-48.9841,6.257746273813467,-0.014177229216135411,-1.0397485283910326,0.5623099609738631,-0.002964314724156397,0.3924339365189695,0,70,255.0,255.0,255.0
931,46.550000000000004,11.959086131104046,-0.060012271317098714,-49.03559389542625,6.285617569589938,-0.014307712725544645,-1.0199475172059445,0.5525418700849051,-0.002255025652212506,0.3996065108844923,0,70,255.0,255.0,255.0
932,46.6,12.274053616883261,-0.06073018019832786,-49.08608877457529,6.313000460821958,-0.01440273178135667,-0.9997878773025829,0.5427737791959484,-0.001545736580268716,0.40677908525001405,0,70,255.0,255.0,255.0
933,46.650000000000006,12.590378037110511,-0.06145195342100778,-49.135566706011204,6.339894947509534,-0.014462286383571513,-0.9792696086809424,0.5330056883069904,-0.0008364475083248251,0.4139516596155368,0,70,255.0,255.0,255.0
934,46.7,12.908034971558484,-0.06217581776245842,-49.184009758298075,6.366301029652658,-0.014486376532189158,-0.9583927113410287,0.5232375974180338,-0.00012715843638103465,0.4211242339810586,0,70,255.0,255.0,255.0
935,46.75,13.227,-0.0629,-49.2314,6.392218707251335,-0.014475002227209615,-0.9371571852828388,0.5134695065290487,0.000582130635562797,0.42829680834658657,0,70,255.0,255.0,255.0
936,46.800000000000004,13.54724876745462,-0.06362301797627055,-49.277719248085226,6.417651895109693,-0.014445627387699764,-0.9155479347567663,0.5038580078052113,0.0005928629448311555,0.43607321269623733,0,70,255.0,255.0,255.0
937,46.85,13.868757179928709,-0.06434455379517895,-49.32294831313872,6.442604508031856,-0.0144157159327265,-0.8935498640132146,0.49424650908137524,0.0006035952540995124,0.44384961704588693,0,70,255.0,255.0,255.0
938,46.900000000000006,14.191501208675545,-0.06506458062595218,-49.367067754149595,6.467076546017831,-0.014385267862289811,-0.8711629730521769,0.48463501035753787,0.0006143275633678708,0.4516260213955377,0,70,255.0,255.0,255.0
939,46.95,14.515456824948231,-0.06578307163781688,-49.41005813010698,6.491068009067611,-0.01435428317638971,-0.8483872618736601,0.4750235116337018,0.0006250598726362278,0.4594024257451873,0,70,255.0,255.0,255.0
940,47.0,14.8406,-0.0665,-49.4519,6.5145788971812,-0.01432276187502619,-0.8252227304776609,0.4654120129098871,0.0006357921819046541,0.4671788300948361,0,70,255.0,255.0,255.0
941,47.050000000000004,15.166906799077637,-0.06721565677781942,-49.49257471223284,6.537614849971304,-0.014309777723656382,-0.8017167437670211,0.45602609869418764,-0.00011642612711233768,0.47306063833067724,0,70,255.0,255.0,255.0
942,47.1,15.494353663401961,-0.0679316046209565,-49.53206677286984,6.560181507050619,-0.014334404487737418,-0.7779166666445925,0.44664018447848947,-0.0008686444361292226,0.4789424465665176,0,70,255.0,255.0,255.0
943,47.150000000000006,15.822917128187527,-0.06864972407518402,-49.57036147739043,6.582278868419153,-0.01439664216726931,-0.7538224991103687,0.43725427026279,-0.0016208627451462145,0.4848242548023588,0,70,255.0,255.0,255.0
944,47.2,16.152573728648704,-0.0693718956862743,-49.607444121274014,6.603906934076899,-0.014496490762252038,-0.7294342411643561,0.42786835604709184,-0.0023730810541630993,0.49070606303819914,0,70,255.0,255.0,255.0
945,47.25,16.4833,-0.0701,-49.6433,6.62506570402386,-0.014633950272685606,-0.7047518928065514,0.4184824418313937,-0.0031252993631799286,0.49658787127404214,0,70,255.0,255.0,255.0
946,47.300000000000004,16.815072036235005,-0.07083515491245215,-49.67791390298344,6.645728705005098,-0.014763261717674643,-0.6797450901751714,0.4080375974180475,-0.002047158436381138,0.5036842339810748,0,70,255.0,255.0,255.0
947,47.35,17.14786416646351,-0.07157542772099515,-49.71126859538194,6.665869463765666,-0.01483866611632373,-0.6543834694084433,0.39759275300470276,-0.0009690175095825007,0.5107805966881064,0,70,255.0,255.0,255.0
948,47.400000000000006,17.481650278574573,-0.07231812307331222,-49.7433463362887,6.6854879803055685,-0.014860163468632889,-0.6286670305063599,0.38714790859135656,0.00010912341721628976,0.5178769593951389,0,70,255.0,255.0,255.0
949,47.45,17.816404260457062,-0.07306054561708612,-49.77412938479698,6.704584254624801,-0.01482775377460211,-0.6025957734689287,0.3767030641780118,0.0011872643440149272,0.5249733221021705,0,70,255.0,255.0,255.0
950,47.5,18.1521,-0.0738,-49.8036,6.7231582867233675,-0.0147414370342314,-0.576169698296146,0.3662582197646529,0.0022654052708135503,0.5320696848092012,0,70,255.0,255.0,255.0
951,47.550000000000004,18.488712255982517,-0.07453492357237236,-49.83174007583341,6.741262330008328,-0.014669175405645152,-0.5493668955322819,0.35790351163370887,0.0006250598726360984,0.5400424257452713,0,70,255.0,255.0,255.0
952,47.6,18.82621927074407,-0.07526828449506302,-49.85853004560246,6.758948637886738,-0.014678931046967778,-0.5221654557216181,0.349548803502766,-0.0010152855255411205,0.5480151666813401,0,70,255.0,255.0,255.0
953,47.650000000000006,19.16460015751442,-0.07600418363156763,-49.88394997745479,6.776217210358605,-0.014770703958199278,-0.49456537886414703,0.341194095371822,-0.002655630923718572,0.55598790761741,0,70,255.0,255.0,255.0
954,47.7,19.503834029523162,-0.07674672184538146,-49.907979939538095,6.793068047423922,-0.014944494139339628,-0.46656666495987636,0.33283938724087914,-0.004295976321895791,0.5639606485534789,0,70,255.0,255.0,255.0
955,47.75,19.8439,-0.0775,-49.9306,6.809501149082691,-0.015200301590388833,-0.43816931400880227,0.32448467910990786,-0.005936321720073037,0.5719333894895491,0,70,255.0,255.0,255.0
956,47.800000000000004,20.18477653983511,-0.07826675079805881,-49.95179139368293,6.825477974961617,-0.015456036659744748,-0.4094433276956094,0.31458835604704005,-0.004293081054162691,0.5771060630380681,0,70,255.0,255.0,255.0
957,47.85,20.526439550560287,-0.0790442342987529,-49.971540022208266,6.840959984687395,-0.01562960969580512,-0.3804587077049947,0.3046920329841737,-0.002649840388252578,0.5822787365865865,0,70,255.0,255.0,255.0
958,47.900000000000006,20.868864291367974,-0.07982834240041775,-49.98983295389215,6.855947178260034,-0.015721020698569996,-0.3512154540369499,0.29479570992130594,-0.0010065997223422324,0.5874514101351055,0,70,255.0,255.0,255.0
959,47.95,21.212026021450416,-0.08061496700138833,-50.006657257050676,6.870439555679527,-0.015730269668039355,-0.3217135666914833,0.2848993868584395,0.0006366409435678809,0.5926240836836237,0,70,255.0,255.0,255.0
960,48.0,21.5559,-0.0814,-50.022,6.884437116945877,-0.015657356604213215,-0.2919530456685908,0.27500306379558026,0.0022798816094779795,0.597796757232143,0,70,255.0,255.0,255.0
961,48.050000000000004,21.90046078467723,-0.08218047323539282,-50.035846349434856,6.897897770145217,-0.015570677955375896,-0.2618197936852335,0.26342306417800115,0.0011872643440145171,0.6075333221020457,0,70,255.0,255.0,255.0
962,48.1,22.24568012701485,-0.08295797830992549,-50.048173865564465,6.910779423363677,-0.015538630169811754,-0.23119971345838547,0.2518430645604237,9.464707855121003e-05,0.6172698869719471,0,70,255.0,255.0,255.0
963,48.150000000000006,22.591529077013924,-0.0837352467667619,-50.05895820697664,6.92308207660126,-0.01556121324752078,-0.2000928049880379,0.24026306494284466,-0.0009979701869122525,0.6270064518418498,0,70,255.0,255.0,255.0
964,48.2,22.937978684675304,-0.08451501014906548,-50.06817503225921,6.934805729857962,-0.015638427188502974,-0.16849906827419966,0.22868306532526722,-0.0020905874523755594,0.636743016711751,0,70,255.0,255.0,255.0
965,48.25,23.285,-0.0853,-50.0758,6.945950383133787,-0.015770271992758326,-0.1364185033168664,0.2171030657077111,-0.003183204717838811,0.6464795815816525,0,70,255.0,255.0,255.0
966,48.300000000000004,23.63256032145616,-0.08609215626037031,-50.081812008577636,6.956290944457503,-0.015909251518751697,-0.10404549756348003,0.19651938724091417,-0.00237597632189556,0.6484406485536917,0,70,255.0,255.0,255.0
967,48.35,23.980611941380367,-0.08689025246154523,-50.086202915533875,6.965602321857879,-0.016007869624947893,-0.07157443846149632,0.17593570877412018,-0.0015687479259524231,0.6504017155257306,0,70,255.0,255.0,255.0
968,48.400000000000006,24.329103400576567,-0.08769227053253517,-50.0889678182013,6.973884515334915,-0.016066126311346938,-0.039005326010906026,0.15535203030732325,-0.000761519530009172,0.6523627824977697,0,70,255.0,255.0,255.0
969,48.45,24.677983239848487,-0.08849619240235,-50.09010181391249,6.981137524888611,-0.016084021577948814,-0.006338160211718447,0.13476835184052927,4.570886593396493e-05,0.6543238494698085,0,70,255.0,255.0,255.0
970,48.5,25.0272,-0.0893,-50.0896,6.9873613505189685,-0.016061555424753536,0.026427058936071102,0.1141846733737566,0.0008529372618771291,0.6562849164418475,0,70,255.0,255.0,255.0
971,48.550000000000004,25.376706729498316,-0.09010210172312637,-50.087460016254624,6.992826452024774,-0.016024315969617405,0.05913778393920891,0.10441938685845772,0.0006366409435680047,0.6521440836835533,0,70,255.0,255.0,255.0
972,48.6,25.726474507463724,-0.0909026118438937,-50.08368967230004,6.997803289204814,-0.015997891330396734,0.09164146730442739,0.09465410034316023,0.000420344625258911,0.6480032509252597,0,70,255.0,255.0,255.0
973,48.650000000000006,26.076478920680042,-0.09170207110309798,-50.07829932021815,7.00229186205909,-0.015982281507091512,0.12393810903173576,0.08488881382786136,0.00020404830694978652,0.6438624181669654,0,70,255.0,255.0,255.0
974,48.7,26.42669555593088,-0.0925010202415348,-50.07129931209084,7.006292170587601,-0.01597748649970175,0.1560277091211249,0.07512352731256386,-1.2248011359307126e-05,0.6397215854086717,0,70,255.0,255.0,255.0
975,48.75,26.7771,-0.0933,-50.0627,7.009804214790346,-0.01598350630822745,0.1879102675725993,0.06535824079726638,-0.00022854432966837313,0.6355807526503796,0,70,255.0,255.0,255.0
976,48.800000000000004,27.127666360550766,-0.09409943684712466,-50.052511126403864,7.012739247443408,-0.01599348460277855,0.21962236180665207,0.052043065325209456,-0.0001705874523756596,0.6329030167116235,0,70,255.0,255.0,255.0
977,48.85,27.47836282876479,-0.09489930016288013,-50.040739995265945,7.0150085213228675,-0.016000565053465015,0.25120056924376255,0.038727889853154424,-0.00011263057508295428,0.6302252807728678,0,70,255.0,255.0,255.0
978,48.900000000000006,27.8291561167035,-0.09569944505507344,-50.0273933009261,7.016612036428723,-0.016004747660286846,0.2826448898839397,0.02541271438109751,-5.4673697790240747e-05,0.6275475448341117,0,70,255.0,255.0,255.0
979,48.95,28.180012936428113,-0.09649972663151109,-50.012477737724176,7.017549792760978,-0.016006032423244037,0.3139553237271746,0.012097538909042478,3.283179502464571e-06,0.6248698088953559,0,70,255.0,255.0,255.0
980,49.0,28.5309,-0.0973,-49.996,7.017821790319628,-0.016004419342336602,0.3451318707734718,-0.0012176365630267583,6.124005679503108e-05,0.6221920729566013,0,70,255.0,255.0,255.0
981,49.050000000000004,28.881784628298806,-0.09810015088837544,-49.97796747812992,7.017464558201568,-0.016001745619268388,0.3761327688341385,-0.013071648159391758,4.570886593363444e-05,0.6178438494699613,0,70,255.0,255.0,255.0
982,49.1,29.23263657747717,-0.09890018750458592,-49.95839034663616,7.016514625503689,-0.01599984845574324,0.4069162557204688,-0.024925659755755072,3.017767507224001e-05,0.613495625983322,0,70,255.0,255.0,255.0
983,49.150000000000006,29.58342621250619,-0.09970014867660883,-49.93727947607745,7.014971992225992,-0.01599872785176116,0.4374823314324715,-0.036779671352120076,1.4646484210843366e-05,0.6091474024966821,0,70,255.0,255.0,255.0
984,49.2,29.934123898356784,-0.1005000732324211,-49.914645737012485,7.012836658368477,-0.015998383807322155,0.46783099597013794,-0.04863368294848339,-8.847066505510631e-07,0.6047991790100428,0,70,255.0,255.0,255.0
985,49.25,30.2847,-0.1013,-49.8905,7.010108623931143,-0.01599881632242622,0.49796224933347244,-0.06048769454486802,-1.6415897512028765e-05,0.6004509555234057,0,70,255.0,255.0,255.0
986,49.300000000000004,30.63512472625418,-0.10209995959937403,-49.86485176107647,7.006778519750335,-0.015999532920147996,0.5279585628567777,-0.07271647268743456,-1.2248011359022515e-05,0.5994015854086986,0,70,255.0,255.0,255.0
987,49.35,30.985367661326595,-0.10289994981877636,-49.83770501818942,7.0028369766624,-0.016000041123562122,0.5579024078743431,-0.08494525082999935,-8.080125206016857e-06,0.5983522152939917,0,70,255.0,255.0,255.0
988,49.400000000000006,31.335398233271977,-0.1036999602384918,-49.80906239476413,6.998283994667335,-0.016000340932668597,0.5877937843861776,-0.09717402897256588,-3.912239053010606e-06,0.5973028451792847,0,70,255.0,255.0,255.0
989,49.45,31.685185870144885,-0.10449998043880479,-49.7789265142259,6.993119573765142,-0.016000432347467425,0.6176326923922725,-0.10940280711513067,2.5564709999505153e-07,0.5962534750645777,0,70,255.0,255.0,255.0
990,49.5,32.0347,-0.1053,-49.7473,6.9873437139558225,-0.016000315367958595,0.6474191318926321,-0.12163158525770967,4.4235332530284666e-06,0.5952041049498735,0,70,255.0,255.0,255.0
991,49.550000000000004,32.383910066684656,-0.10610001071412883,-49.714187077564205,6.980957362797102,-0.0160001227001397,0.677056979738764,-0.13382246109110232,3.2831795026665583e-06,0.5903098088953004,0,70,255.0,255.0,255.0
992,49.6,32.73278557721653,-0.10690001322030879,-49.67959838060617,6.973961467846712,-0.015999987050008328,0.7064501127821631,-0.14601333692449323,2.142825752304812e-06,0.585415512840728,0,70,255.0,255.0,255.0
993,49.650000000000006,33.08129605440614,-0.10770001036942449,-49.64354614486603,6.966356029104652,-0.015999908417564473,0.7355985310228376,-0.15820421275788588,1.0024720019429036e-06,0.580521216786155,0,70,255.0,255.0,255.0
994,49.7,33.42941102106381,-0.10850000501236005,-49.60604260608393,6.9581410465709235,-0.015999886802808134,0.7645022344607794,-0.17039508859127678,-1.378817484188428e-07,0.5756269207315825,0,70,255.0,255.0,255.0
995,49.75,33.7771,-0.1093,-49.5671,6.9493165202455245,-0.01599992220573931,0.7931612230959926,-0.18258596442473163,-1.2782354986973221e-06,0.5707326246770119,0,70,255.0,255.0,255.0
996,49.800000000000004,34.12433260700738,-0.11009999754411105,-49.52672952866672,6.939888029061196,-0.01599997627929305,0.8216375181881719,-0.19455368294837955,-8.847066508554599e-07,0.5683191790100609,0,70,255.0,255.0,255.0
997,49.85,34.47107882980736,-0.11089999729998862,-49.48493825938591,6.9298611519506865,-0.016000010676404396,0.8499931409969994,-0.2065214014720258,-4.911778030136536e-07,0.5659057333431103,0,70,255.0,255.0,255.0
998,49.900000000000006,34.817308749103695,-0.1116999982838108,-49.44173222577174,6.919235888913993,-0.01600002539707335,0.8782280915224836,-0.21848911999567372,-9.764895517179157e-08,0.5634922876761593,0,70,255.0,255.0,255.0
999,49.95,35.1629924456,-0.11249999951175527,-49.397117461438384,6.908012239951119,-0.016000020441299913,0.9063423697646162,-0.23045683851931995,2.958798926700148e-07,0.5610788420092088,0,70,255.0,255.0,255.0
1000,50.0,35.5081,-0.1133,-49.3511,6.896190205062063,-0.015999995809084084,0.9343359757234013,-0.2424245570430017,6.894087405673321e-07,0.5586653963422581,0,70,255.0,255.0,255.0
1001,50.050000000000004,35.85260110528597,-0.11409999910942735,-49.30368600776894,6.88374652095811,-0.015999972182688074,0.9622009475085753,-0.2553228071150752,2.556470997616319e-07,0.5559334750646046,0,70,255.0,255.0,255.0
1002,50.1,36.1964639035541,-0.11489999757973686,-49.254882181850206,6.870657924350556,-0.015999970244374107,0.9899293232298626,-0.2682210571871469,-1.781145410440067e-07,0.5532015537869515,0,70,255.0,255.0,255.0
1003,50.150000000000006,36.53965614917931,-0.11569999649533284,-49.20469535204701,6.856924415239394,-0.01599998999414218,1.0175211028872713,-0.2811193072592204,-6.118761818497069e-07,0.5504696325092979,0,70,255.0,255.0,255.0
1004,50.2,36.88214559653632,-0.11649999694061913,-49.15313234816254,6.842545993624633,-0.016000031431992294,1.0449762864807932,-0.2940175573312921,-1.0456378226553456e-06,0.5477377112316448,0,70,255.0,255.0,255.0
1005,50.25,37.2239,-0.1173,-49.1002,6.827522659506267,-0.01600009455792445,1.0722948740104328,-0.3069158074033709,-1.4793994634887397e-06,0.5450057899540006,0,70,255.0,255.0,255.0
1006,50.300000000000004,37.56488777184893,-0.1181000060181799,-49.04590564025754,6.811893887106395,-0.01600013498995474,1.0994466917775731,-0.3182350885914313,-1.3788174810780088e-07,0.5410669207315298,0,70,255.0,255.0,255.0
1007,50.35,37.905079955976326,-0.11890001238106408,-48.990258613213264,6.795699150647123,-0.01600010834609926,1.1264015660835867,-0.3295543697794901,1.2036359672729474e-06,0.5371280515090595,0,70,255.0,255.0,255.0
1008,50.400000000000006,38.24444825417933,-0.11970001573485843,-48.9332687660402,6.778938450128445,-0.01600001462635801,1.15315949692848,-0.3408736509675505,2.545153682653886e-06,0.5331891822865887,0,70,255.0,255.0,255.0
1009,50.45,38.582964368254856,-0.12050001272576846,-48.87494594591143,6.761611785550367,-0.015999853830730996,1.1797204843122462,-0.3521929321556093,3.8866713980346345e-06,0.5292503130641184,0,70,255.0,255.0,255.0
1010,50.5,38.9206,-0.1213,-48.8153,6.743719156912888,-0.015999625959218205,1.2060845282348889,-0.36351221334367523,5.228189113498649e-06,0.5253114438416553,0,70,255.0,255.0,255.0
1011,50.550000000000004,39.257326207318506,-0.12209997681785344,-48.75434023120088,6.725221930616309,-0.01599948785749304,1.2322842853811615,-0.3763768385194052,2.958798929804342e-07,0.5226788420091628,0,70,255.0,255.0,255.0
1012,50.6,39.59311147254066,-0.12289995289600703,-48.69207376529674,6.706081473060946,-0.015999596371228907,1.2583524124358059,-0.3892414636951333,-4.636429327537079e-06,0.5200462401766707,0,70,255.0,255.0,255.0
1013,50.650000000000006,39.927923634103635,-0.12369994056523402,-48.62850718379216,6.686297784246795,-0.015999951500425796,1.2842889093988294,-0.4021060888708633,-9.568738548055295e-06,0.5174136383441781,0,70,255.0,255.0,255.0
1014,50.7,40.26173053044437,-0.1244999521563073,-48.56364706819172,6.6658708641738595,-0.016000553245083714,1.3100937762702245,-0.4149707140465914,-1.4501047768572808e-05,0.5147810365116859,0,70,255.0,255.0,255.0
1015,50.75,40.5945,-0.1253,-48.4975,6.644800712842138,-0.01600140160520265,1.3357670130499952,-0.42783533922236217,-1.9433356989062567e-05,0.512148434679192,0,70,255.0,255.0,255.0
1016,50.800000000000004,40.926200198877225,-0.1261000867104068,-48.43007263493892,6.623106390428299,-0.01600191358007295,1.3613041666977705,-0.43993755733111145,-1.0456378229701678e-06,0.5093377112317357,0,70,255.0,255.0,255.0
1017,50.85,41.256800553861076,-0.12690017603490802,-48.36137192559976,6.600806957109026,-0.01600150616898495,1.3867007841731693,-0.45203977543985907,1.7342081343119622e-05,0.5065269877842797,0,70,255.0,255.0,255.0
1018,50.900000000000006,41.58627080940638,-0.127700222004206,-48.29140489879114,6.577902412884312,-0.01600017937193864,1.4119568654761994,-0.46414199354860836,3.572980050921202e-05,0.5037162643368234,0,70,255.0,255.0,255.0
1019,50.95,41.914580709967765,-0.1285001786490026,-48.22017858132168,6.554392757754165,-0.015997933188934027,1.4370724106068526,-0.476244211657356,5.411751967530181e-05,0.5009055408893675,0,70,255.0,255.0,255.0
1020,51.0,42.2417,-0.1293,-48.1477,6.530277991718579,-0.015994767619971113,1.462047419565133,-0.48834642976613907,7.250523884130833e-05,0.49809481744190975,0,70,255.0,255.0,255.0
1021,51.050000000000004,42.567598597172754,-0.13009967634051983,-48.07397642904343,6.505568507670533,-0.015992857822215135,1.4868670478277846,-0.5000329321556062,3.886671397790008e-06,0.4946903130640661,0,70,255.0,255.0,255.0
1022,51.1,42.89224711201507,-0.13089934296436107,-47.9990161323042,6.480274698503018,-0.015994378952831335,1.5115164508715402,-0.5117194345450716,-6.473189604571855e-05,0.49128580868622285,0,70,255.0,255.0,255.0
1023,51.150000000000006,43.21561632827107,-0.13169917141794252,-47.92282762104325,6.454396564216025,-0.015999331011819707,1.5359956286964074,-0.5234059369345387,-0.0001333504634892369,0.4878813043083791,0,70,255.0,255.0,255.0
1024,51.2,43.53767702968469,-0.1324993332476826,-47.845419406521536,6.427934104809563,-0.016007713999180256,1.5603045813023788,-0.5350924393240042,-0.00020196903093274544,0.48447679993053594,0,70,255.0,255.0,255.0
1025,51.25,43.8584,-0.1333,-47.7668,6.400887320283627,-0.01601952791491298,1.584443308689458,-0.5467789417134625,-0.0002705875983761985,0.4810722955526874,0,70,255.0,255.0,255.0
1026,51.300000000000004,44.17775501243193,-0.13410120792751426,-47.686978448887345,6.373195578889619,-0.016026655131066592,1.6083796419910716,-0.5608907140468004,-1.4501047768217647e-05,0.4763810365117748,0,70,255.0,255.0,255.0
1027,51.35,44.4957077980787,-0.13490245210764787,-47.60596594518343,6.344798248878947,-0.016020978019689804,1.6320814123406362,-0.5750024863801362,0.0002415855028397269,0.47168977747086294,0,70,255.0,255.0,255.0
1028,51.400000000000006,44.812223077509564,-0.13570309232402444,-47.52377421703582,6.315695330251604,-0.016002496580782614,1.6555486197381586,-0.5891142587134739,0.0004976720534477077,0.46699851842995044,0,70,255.0,255.0,255.0
1029,51.45,45.127265571293584,-0.1365024883602673,-47.440414992592146,6.285886823007599,-0.015971210814345035,1.6787812641836322,-0.6032260310468097,0.0007537586040556523,0.46230725938903855,0,70,255.0,255.0,255.0
1030,51.5,45.4408,-0.1373,-47.3559,6.255372727146927,-0.015927120720377053,1.7017793456770596,-0.6173378033801384,0.00100984515466368,0.4576160003481178,0,70,255.0,255.0,255.0
1031,51.550000000000004,45.752793353099705,-0.1380954919494235,-47.27024657540715,6.224289176770989,-0.01590052165351858,1.7242063842079987,-0.6260042116573011,5.4117519675174865e-05,0.4394655408893696,0,70,255.0,255.0,255.0
1032,51.6,46.06322169567021,-0.13889084860504772,-47.183494486962076,6.192772305981196,-0.01592170896840953,1.7457258997659972,-0.6346706199344626,-0.0009016101153131945,0.4213150814306241,0,70,255.0,255.0,255.0
1033,51.650000000000006,46.37206336169094,-0.1396884592859603,-47.095689110813424,6.160822114777542,-0.015990682665049907,1.7663378923510615,-0.6433370282116253,-0.0018573377503016994,0.40316462197187597,0,70,255.0,255.0,255.0
1034,51.7,46.67929668514108,-0.14049071331124857,-47.00687582310986,6.128438603160032,-0.016107442743439695,1.7860423619631856,-0.6520034364887868,-0.002813065385290069,0.3850141625131304,0,70,255.0,255.0,255.0
1035,51.75,46.9849,-0.1413,-46.9171,6.095621771128667,-0.016271989203578897,1.8048393086023726,-0.6606698447659554,-0.003768793020278327,0.3668637030543831,0,70,255.0,255.0,255.0
1036,51.800000000000004,47.28885477516944,-0.14211762427479213,-46.82640164948402,6.062559714026416,-0.016419258254859178,1.8230508211769905,-0.661812439323991,-0.0021219690309323396,0.36159679993027316,0,70,255.0,255.0,255.0
1037,51.85,47.591155019240524,-0.1429405534721615,-46.734799306968235,6.029440527196267,-0.016484186106672145,1.8409989885954003,-0.6629550338820266,-0.00047514504158658634,0.35632989680616395,0,70,255.0,255.0,255.0
1038,51.900000000000006,47.89179787572695,-0.14376467053213493,-46.64230613971041,5.996264210638212,-0.016466772759017822,1.8586838108576074,-0.6640976284400624,0.0011716789477594011,0.351062993682054,0,70,255.0,255.0,255.0
1039,51.95,48.19078048814222,-0.14458585839473884,-46.5489353149684,5.96303076435226,-0.016367018211896216,1.8761052879636064,-0.6652402229980979,0.0028185029371051544,0.34579609055794486,0,70,255.0,255.0,255.0
1040,52.0,48.4881,-0.1454,-46.4547,5.929740188338406,-0.016184922465307325,1.8932634199134,-0.6663828175561477,0.004465326926450963,0.3405291874338321,0,70,255.0,255.0,255.0
1041,52.050000000000004,48.78375234622271,-0.14620441095140838,-46.35961562665671,5.896319967123328,-0.016006445327044653,1.910022331083979,-0.6704260310468545,0.002673758604055323,0.32982725938927276,0,70,255.0,255.0,255.0
1042,52.1,49.07772862736777,-0.1470021375063065,-46.263706685164976,5.86269758523372,-0.015917546604901776,1.926246145852328,-0.6744692445375606,0.0008821902816599381,0.31912533134471494,0,70,255.0,255.0,255.0
1043,52.150000000000006,49.370018735401516,-0.14779765858550056,-46.16699993034485,5.828873042669571,-0.01591822629887867,1.9419348642184509,-0.6785124580282674,-0.0009093780407357019,0.3084234033001556,0,70,255.0,255.0,255.0
1044,52.2,49.66061256229016,-0.14859545310979638,-46.0695221170165,5.794846339430891,-0.016008484408975336,1.9570884861823439,-0.6825556715189736,-0.002700946363131087,0.2977214752555978,0,70,255.0,255.0,255.0
1045,52.25,49.9495,-0.1494,-45.9713,5.760617475517678,-0.016188320935191767,1.971707011744009,-0.6865988850097011,-0.004492514685526444,0.2870195472110364,0,70,255.0,255.0,255.0
1046,52.300000000000004,50.236671039939864,-0.1502143319195748,-45.87235904388907,5.726192417480215,-0.01637096043696219,1.9858678544871153,-0.6904034364887056,-0.0028130653852898105,0.2794141625131719,0,70,255.0,255.0,255.0
1047,52.35,50.522116071288465,-0.15103569650261273,-45.77271955237187,5.691577131868807,-0.01646962747372076,1.9996484279953266,-0.6942079879677097,-0.0011336160850534149,0.27180877781530854,0,70,255.0,255.0,255.0
1048,52.400000000000006,50.80582558266719,-0.1518598951258634,-45.67240053891011,5.656771618683443,-0.01648432204546752,2.0130487322686466,-0.6980125394467142,0.0005458332151832192,0.26420339311744406,0,70,255.0,255.0,255.0
1049,52.45,51.08779006269725,-0.15268272916607595,-45.57142101696558,5.621775877924134,-0.016415044152202452,2.0260687673070716,-0.7018170909257182,0.0022252825154196144,0.25659800841958064,0,70,255.0,255.0,255.0
1050,52.5,51.368,-0.1535,-45.4698,5.5865899095908755,-0.01626179379392557,2.0387085331106034,-0.7056216424047506,0.003904731815656065,0.24899262372172615,0,70,255.0,255.0,255.0
1051,52.550000000000004,51.646446694017975,-0.15430866137029284,-45.36755699778696,5.5512623629558,-0.01609371292510653,2.0509382509675906,-0.7074802229981488,0.002818502937105007,0.2401960905577148,0,70,255.0,255.0,255.0
1052,52.6,51.92312468747843,-0.1551102764832428,-45.26471350534754,5.515841887291059,-0.01597994350021506,2.062728142166375,-0.7093388035915468,0.0017322740585541032,0.23139955739370469,0,70,255.0,255.0,255.0
1053,52.650000000000006,52.19802933392993,-0.1559075609110465,-45.16129151401462,5.4803284825966445,-0.015920485519251126,2.0740782067069614,-0.711197384184945,0.0006460451800030451,0.2226030242296933,0,70,255.0,255.0,255.0
1054,52.7,52.47115598692094,-0.15670323022590008,-45.057313015121146,5.444722148872564,-0.015915338982214745,2.084988444589345,-0.713055964778343,-0.0004401836985478587,0.2138064910656832,0,70,255.0,255.0,255.0
1055,52.75,52.7425,-0.1575,-44.9528,5.409022886118813,-0.01596450388910591,2.0954588558135283,-0.7149145453717622,-0.001526412577098707,0.2050099579016731,0,70,255.0,255.0,255.0
1056,52.800000000000004,53.01205578398836,-0.15829982259925424,-44.84777456496304,5.373174130696542,-0.01602218786261166,2.105483141642465,-0.7190356715189598,-0.0007809463631311273,0.19596147525576335,0,70,255.0,255.0,255.0
1057,52.85,53.27981397879787,-0.15910159756441622,-44.742259226237955,5.3371193189669155,-0.016042598525419026,2.115055003339105,-0.7231567976661567,-3.5480149163653494e-05,0.18691299260985492,0,70,255.0,255.0,255.0
1058,52.900000000000006,53.545764281613266,-0.1599034612299512,-44.636276605031334,5.300858450929925,-0.01602573587752802,2.1241744409034506,-0.7272779238133542,0.0007099860648039262,0.17786450996394518,0,70,255.0,255.0,255.0
1059,52.95,53.809896389619084,-0.16070354993032407,-44.529849322549815,5.26439152658558,-0.01597159991893864,2.1328414543355,-0.7313990499605512,0.0014554522787714,0.16881602731803674,0,70,255.0,255.0,255.0
1060,53.0,54.0722,-0.1615,-44.423,5.227718545933875,-0.015880190649650884,2.141056043635254,-0.735520176107741,0.002200918492738957,0.15976754467213894,0,70,255.0,255.0,255.0
1061,53.050000000000004,54.33266537002874,-0.1622912482326906,-44.31575114236083,5.190873114258036,-0.015769535624446898,2.1488251824625486,-0.7382970909257099,0.0022252825154200815,0.15099800841962857,0,70,255.0,255.0,255.0
1062,53.1,54.591284997330135,-0.16307693325909248,-44.20812478970062,5.153888836841303,-0.01565766239810887,2.156155844477217,-0.7410740057436784,0.0022496465381012026,0.14222847216711945,0,70,255.0,255.0,255.0
1063,53.150000000000006,54.84805193961719,-0.16385699416914923,-44.10014286585998,5.116765713683667,-0.015544570970636775,2.163048029679261,-0.7438509205616473,0.0022740105607823276,0.13345893591460906,0,70,255.0,255.0,255.0
1064,53.2,55.10295925460282,-0.16463137005280395,-43.991827294679574,5.079503744785137,-0.015430261342030637,2.169501738068678,-0.7466278353796157,0.0022983745834634487,0.12468939966209994,0,70,255.0,255.0,255.0
1065,53.25,55.356,-0.1654,-43.8832,5.042102930145709,-0.015314733512290441,2.1755169696454706,-0.749404750197634,0.0023227386061446392,0.11591986340959437,0,70,255.0,255.0,255.0
1066,53.300000000000004,55.60716673589682,-0.16616318446998385,-43.77428246559361,5.004533412271303,-0.015219669639600518,2.1811201285073505,-0.7533759647784837,0.0014798163014519447,0.10820649106558525,0,70,255.0,255.0,255.0
1067,53.35,55.85645003188166,-0.166922669399214,-43.66509441495955,4.966765333667859,-0.01516675188214524,2.1863376187520296,-0.7573471793593328,0.0006368939967593701,0.10049311872157722,0,70,255.0,255.0,255.0
1068,53.400000000000006,56.103839959918126,-0.1676805620934523,-43.55565513152869,4.928798694335368,-0.015155980239924587,2.1911694403795083,-0.7613183939401826,-0.0002060283079333247,0.09277974637756811,0,70,255.0,255.0,255.0
1069,53.45,56.349326591969714,-0.16843896985846035,-43.44598389873189,4.89063349427384,-0.015187354712938564,2.1956155933897867,-0.7652896085210318,-0.0010489506126258991,0.08506637403356009,0,70,255.0,255.0,255.0
1070,53.5,56.5929,-0.1692,-43.3361,4.852269733483269,-0.01526087530118717,2.1996760777828634,-0.7692608231018809,-0.0018918729173184184,0.0773530016895414,0,70,255.0,255.0,255.0
1071,53.550000000000004,56.83455088638412,-0.16996481388737436,-43.22602379526473,4.813745236656707,-0.015319785817150856,2.203286303508054,-0.7717190499605083,-0.000464547721228784,0.06705602731807245,0,70,255.0,255.0,255.0
1072,53.6,57.07427247514329,-0.17073078914405168,-43.11577995046117,4.775097828487217,-0.015307330073310059,2.206381680514671,-0.7741772768191354,0.0009627774748606479,0.056759052946604945,0,70,255.0,255.0,255.0
1073,53.650000000000006,57.31205862071047,-0.17149435745704197,-43.00539420802523,4.736327508974792,-0.01522350806966478,2.2089622088027148,-0.7766355036777628,0.002390102670950282,0.046462078575135984,0,70,255.0,255.0,255.0
1074,53.7,57.5479031775184,-0.1722519505133548,-42.89489231039287,4.69743427811944,-0.01506831980621504,2.2110278883721843,-0.7790937305363899,0.0038174278670397143,0.03616510420366849,0,70,255.0,255.0,255.0
1075,53.75,57.7818,-0.173,-42.7843,4.658418135921157,-0.014841765282960832,2.2125787192230812,-0.7815519573950311,0.005244753063129104,0.025868129832179676,0,70,255.0,255.0,255.0
1076,53.800000000000004,58.01374251856683,-0.17373595998051902,-42.67364155334745,4.619253641101789,-0.014605187091796005,2.2137026574604395,-0.7850278353795562,0.004218374583463165,0.019089399662138497,0,70,255.0,255.0,255.0
1077,53.85,58.24372246754519,-0.17446137402457934,-42.562935383195764,4.579915352383201,-0.014419927824614502,2.2144876591892952,-0.7885037133640809,0.0031919961037973716,0.012310669492098277,0,70,255.0,255.0,255.0
1078,53.900000000000006,58.471731157240185,-0.17517880807838024,-42.452198436370324,4.54040326976538,-0.014285987481416271,2.2149337244096494,-0.791979591348606,0.0021656176241314326,0.005531939322057096,0,70,255.0,255.0,255.0
1079,53.95,58.69775989795675,-0.1758908280881207,-42.3414476596966,4.500717393248339,-0.014203366062201348,2.215040853121501,-0.7954554693331305,0.0011392391444656393,-0.0012467908479831223,0,70,255.0,255.0,255.0
1080,54.0,58.9218,-0.1766,-42.2307,4.460857722832071,-0.014172063566969713,2.214809045324851,-0.7989313473176551,0.00011286066479990198,-0.008025521018016235,0,70,255.0,255.0,255.0
1081,54.050000000000004,59.14384303934864,-0.1773081461905498,-42.11997399134542,4.4208401989361015,-0.01414746581566535,2.2141430666502386,-0.8017696085210121,0.0008710493873745875,-0.018613625966470884,0,70,255.0,255.0,255.0
1082,54.1,59.36388165467594,-0.17801411475763107,-42.00929451675576,4.38068076197997,-0.014084958628232258,2.2129476827282035,-0.8046078697243687,0.0016292381099491653,-0.02920173091492403,0,70,255.0,255.0,255.0
1083,54.150000000000006,59.58190875032897,-0.1787160102294376,-41.89868804649338,4.340379411963664,-0.013984542004670425,2.211222893558746,-0.8074461309277257,0.002387426832523851,-0.03978983586337868,0,70,255.0,255.0,255.0
1084,54.2,59.79791723065465,-0.17941193713416267,-41.788181050820675,4.299936148887195,-0.013846215944979876,2.208968699141866,-0.8102843921310823,0.0031456155550984286,-0.05037794081183183,0,70,255.0,255.0,255.0
1085,54.25,60.0119,-0.1801,-41.6778,4.25935097275056,-0.0136699804491606,2.206185099477563,-0.8131226533344531,0.0039038042776730897,-0.060966045760292076,0,70,255.0,255.0,255.0
1086,54.300000000000004,60.2238493240387,-0.1807786552572821,-41.567569681270825,4.218585563153784,-0.013476949645542751,2.202973075938643,-0.8174937305364484,0.0038174278670401554,-0.06751489579651192,0,70,255.0,255.0,255.0
1087,54.35,60.433754913751045,-0.1814477669448965,-41.457508149781155,4.177601599696914,-0.013288237662456579,2.199433609897912,-0.8218648077384431,0.0037310514564072336,-0.07406374583273082,0,70,255.0,255.0,255.0
1088,54.400000000000006,60.64160584144407,-0.18210755100387,-41.34763177765606,4.136399082379938,-0.013103844499902022,2.1955667013553692,-0.8262358849404383,0.0036446750457742993,-0.08061259586895066,0,70,255.0,255.0,255.0
1089,54.45,60.84739117942471,-0.18275822337522893,-41.23795693702065,4.094978011202869,-0.012923770157879141,2.1913723503110165,-0.830606962142433,0.0035582986351413775,-0.08716144590516955,0,70,255.0,255.0,255.0
1090,54.5,61.0511,-0.1834,-41.1285,4.0533383861657,-0.012748014636387904,2.186850556764853,-0.8349780393444135,0.003471922224508525,-0.09371029594138136,0,70,255.0,255.0,255.0
1091,54.550000000000004,61.25272286449662,-0.18403323278032216,-41.019280083571225,4.011569548448759,-0.01258473560216354,2.181836629595123,-0.8357754693331004,0.003059239144465476,-0.10684679084779886,0,70,255.0,255.0,255.0
1092,54.6,61.452256290319895,-0.1846588174627831,-40.910327284119575,3.9697608392323893,-0.01244209072194135,2.176165877680073,-0.8365728993217871,0.002646556064422486,-0.11998328575421448,0,70,255.0,255.0,255.0
1093,54.650000000000006,61.64969828389488,-0.18527778575508302,-40.8016744428823,3.9279122585165793,-0.012320079995721291,2.1698383010197015,-0.8373703293104741,0.002233872984379437,-0.13311978066063196,0,70,255.0,255.0,255.0
1094,54.7,61.84504685164656,-0.18589116936492195,-40.69335440109669,3.8860238063013406,-0.0122187034235034,2.1628538996140096,-0.8381677592991608,0.001821189904336447,-0.1462562755670476,0,70,255.0,255.0,255.0
1095,54.75,62.0383,-0.1865,-40.5854,3.844095482586668,-0.012137961005287657,2.1552126734629975,-0.8389651892878547,0.0014085068242934845,-0.15939277047347034,0,70,255.0,255.0,255.0
1096,54.800000000000004,62.22946081797489,-0.18710521362142957,-40.47784358444424,3.80243224305119,-0.012072107945802862,2.146944405680866,-0.8275643921311204,0.001225615555098079,-0.17133794081176207,0,70,255.0,255.0,255.0
1097,54.85,62.41855272496942,-0.18770736320397133,-40.37071551374052,3.7613390433735545,-0.012015399449777846,2.1380788793818213,-0.8161635949743878,0.0010427242859026996,-0.1832831111500521,0,70,255.0,255.0,255.0
1098,54.900000000000006,62.605604222976545,-0.18830690597579838,-40.264045650814666,3.7208158835537497,-0.011967835517212592,2.1286160945658605,-0.8047627978176537,0.000859833016707294,-0.19522828148834387,0,70,255.0,255.0,255.0
1099,54.95,62.7906438139891,-0.18890429916508358,-40.15786385859255,3.680862763591788,-0.011929416148107113,2.1185560512329866,-0.7933620006609211,0.0006769417475119146,-0.2071734518266339,0,70,255.0,255.0,255.0
1100,55.0,62.9737,-0.1895,-40.0522,3.6414796834876624,-0.011900141342461404,2.107898749383198,-0.7819612035041814,0.0004940504783165628,-0.21911862216493105,0,70,255.0,255.0,255.0
1101,55.050000000000004,63.15479706360392,-0.1900947127339599,-39.947079178651755,3.6024134793464913,-0.011894832614624958,2.0969297476814406,-0.7806869621425349,-0.0002817013648587519,-0.21964144590533655,0,70,255.0,255.0,255.0
1102,55.1,63.33394240980246,-0.1906901297213318,-39.842507460918306,3.563410987273408,-0.011928311478947273,2.085934604792664,-0.7794127207808884,-0.0010574532080339565,-0.22016426964574196,0,70,255.0,255.0,255.0
1103,55.150000000000006,63.51113922419906,-0.19128819034172395,-39.73848615385894,3.5244722072684014,-0.012000577935428362,2.074913320716866,-0.7781384794192417,-0.0018332050512092713,-0.22068709338614745,0,70,255.0,255.0,255.0
1104,55.2,63.686390692397104,-0.191890833974744,-39.63501656453305,3.485597139331482,-0.0121116319840682,2.0638658954540494,-0.7768642380575954,-0.0026089568943844757,-0.22120991712655286,0,70,255.0,255.0,255.0
1105,55.25,63.8597,-0.1925,-39.5321,3.446785783462646,-0.012261473624866794,2.0527923290042116,-0.7755899966959703,-0.0033847087375596524,-0.22173274086697603,0,70,255.0,255.0,255.0
1106,55.300000000000004,64.03107172760953,-0.1931167354427312,-39.42973890094866,3.4081218395627686,-0.012396561595697372,2.0416246035933594,-0.7709677592989888,-0.0020188100956629734,-0.2249762755670747,0,70,255.0,255.0,255.0
1107,55.35,64.20051603582078,-0.19373851791070149,-39.327940242586244,3.369689007532746,-0.012463354634433104,2.030294701447504,-0.7663455219020078,-0.0006529114537664887,-0.22821981026717292,0,70,255.0,255.0,255.0
1108,55.400000000000006,64.3680444802273,-0.1943619326573063,-39.22671213374949,3.331487287372567,-0.01246185274107401,2.018802622566642,-0.7617232845050262,0.0007129871881301902,-0.23146334496727158,0,70,255.0,255.0,255.0
1109,55.45,64.53366861642255,-0.19498356493594066,-39.12606268327516,3.2935166790822423,-0.012392055915620093,2.0071483669507764,-0.7571010471080453,0.002078885830026675,-0.23470687966736978,0,70,255.0,255.0,255.0
1110,55.5,64.6974,-0.1956,-39.026,3.2557771826617663,-0.012253964158071355,1.995331934599906,-0.7524788097110751,0.0034447844719231596,-0.2379504143674751,0,70,255.0,255.0,255.0
1111,55.550000000000004,64.85924962595806,-0.19620874549511558,-38.926531617553565,3.2182351624024625,-0.012102921002585473,1.983387837945056,-0.7492020006609512,0.0025969417475116465,-0.23981345182649125,0,70,255.0,255.0,255.0
1112,55.6,65.01922624691446,-0.19681099863586224,-38.827662768736715,3.18085698259567,-0.011994269983320182,1.9713505894172567,-0.7459251916108278,0.0017490990231002544,-0.2416764892855071,0,70,255.0,255.0,255.0
1113,55.650000000000006,65.17733805489186,-0.19740887902905127,-38.729398111143055,3.1436426432413787,-0.01192801110027545,1.9592201890165049,-0.742648382560704,0.0009012562986887413,-0.24353952674452323,0,70,255.0,255.0,255.0
1114,55.7,65.33359324191282,-0.1980045062814935,-38.63174230236628,3.1065921443395985,-0.0119041443534513,1.946996636742804,-0.7393715735105806,5.3413574277349184e-05,-0.2454025642035391,0,70,255.0,255.0,255.0
1115,55.75,65.488,-0.1986,-38.5347,3.069705485890325,-0.011922669742847716,1.9346799325961523,-0.7360947644604536,-0.0007944291501340434,-0.24726560166256206,0,70,255.0,255.0,255.0
1116,55.800000000000004,65.64056656855827,-0.19919708257680688,-38.43827622883704,3.03298551082737,-0.011959754393960687,1.922248044626423,-0.732704238057637,-0.0006889568943846229,-0.2500099171265648,0,70,255.0,255.0,255.0
1117,55.85,65.79130137652142,-0.19979588754584965,-38.34247748246691,2.9964350620845606,-0.01199156543228618,1.9096789408834955,-0.7293137116548208,-0.0005834846386352175,-0.2527542325905672,0,70,255.0,255.0,255.0
1118,55.900000000000006,65.94021290020541,-0.20039615122648904,-38.247310621678245,2.9600541396618865,-0.012018102857824208,1.8969726213673659,-0.7259231852520042,-0.00047801238288579706,-0.2554985480545699,0,70,255.0,255.0,255.0
1119,55.95,66.08730961592626,-0.20099760993808563,-38.15278250725972,2.923842743559359,-0.01203936667057476,1.8841290860780382,-0.7225326588491879,-0.0003725401271363916,-0.2582428635185723,0,70,255.0,255.0,255.0
1120,56.0,66.2326,-0.2016,-38.0589,2.887800873776972,-0.012055356870537845,1.87114833501551,-0.7191421324463718,-0.00026706787138693067,-0.26098717898258705,0,70,255.0,255.0,255.0
1121,56.050000000000004,66.37609289980887,-0.20220292419765726,-37.965669867098235,2.851950794288106,-0.012058061421571847,1.8580359835492564,-0.7148610471081508,0.00015888583002686722,-0.2635068796675127,0,70,255.0,255.0,255.0
1122,56.1,66.51779864699995,-0.20280545118073937,-37.873098501395646,2.816314769066156,-0.012039468287535162,1.8447976470487584,-0.7105799617699303,0.0005848395314406045,-0.2660265803524379,0,70,255.0,255.0,255.0
1123,56.150000000000006,66.65772794428659,-0.20340651606499294,-37.78119220214392,2.780892798111112,-0.011999577468427782,1.8314333255140123,-0.7062988764317093,0.0010107932328544025,-0.26854628103736355,0,70,255.0,255.0,255.0
1124,56.2,66.79589149438216,-0.2040050539661643,-37.68995726859481,2.745684881422984,-0.011938388964249721,1.8179430189450216,-0.7020177910934888,0.0014367469342681397,-0.2710659817222888,0,70,255.0,255.0,255.0
1125,56.25,66.9323,-0.2046,-37.5994,2.7106910190017666,-0.011855902775000975,1.8043267273417847,-0.6977367057552861,0.0018627006356819187,-0.2735856824072158,0,70,255.0,255.0,255.0
1126,56.300000000000004,67.06696343220634,-0.2051904206325644,-37.509526702769996,2.6758673120201197,-0.011759999919751974,1.7905840211765198,-0.6952115735104802,0.0019734135742777255,-0.2761225642033312,0,70,255.0,255.0,255.0
1127,56.35,67.19988883547889,-0.2057759077311931,-37.42034371195051,2.6411698616507175,-0.0116585614175732,1.776714470921451,-0.6926864412656747,0.002084126512873516,-0.2786594459994462,0,70,255.0,255.0,255.0
1128,56.400000000000006,67.33108252264829,-0.20635618451353963,-37.33185736974602,2.6065986678935507,-0.011551587268464619,1.7627180765765749,-0.6901613090208688,0.002194839451469323,-0.2811963277955616,0,70,255.0,255.0,255.0
1129,56.45,67.46055080654511,-0.20693097419725737,-37.24407401836101,2.5721537307486297,-0.011439077472426265,1.7485948381418945,-0.6876361767760634,0.0023055523900651137,-0.2837332095916766,0,70,255.0,255.0,255.0
1130,56.5,67.5883,-0.2075,-37.157,2.5378350502159486,-0.011321032029458122,1.7343447556174088,-0.6851110445312578,0.002416265328660988,-0.28627009138778803,0,70,255.0,255.0,255.0
1131,56.550000000000004,67.71433737136586,-0.20806339327208537,-37.07064172182174,2.5036999576314356,-0.011221938899420003,1.7199639317447433,-0.6802926588491462,0.001547459872863364,-0.28896286351877787,0,70,255.0,255.0,255.0
1132,56.6,67.83867401108455,-0.2086229178944885,-36.985005850802295,2.469805784331033,-0.011166286042171777,1.7054484692655305,-0.6754742731670353,0.0006786544170658635,-0.2916556356497673,0,70,255.0,255.0,255.0
1133,56.650000000000006,67.96132196512035,-0.20918074588084906,-36.90009911887196,2.436152530314731,-0.011154073457713423,1.6907983681797663,-0.6706558874849238,-0.0001901510387317608,-0.2943484077807571,0,70,255.0,255.0,255.0
1134,56.7,68.08229327943744,-0.20973904924480635,-36.81592825796108,2.4027401955825396,-0.011185301146044947,1.6760136284874545,-0.6658375018028129,-0.001058956494529261,-0.29704117991174656,0,70,255.0,255.0,255.0
1135,56.75,68.2016,-0.2103,-36.7325,2.369568780134454,-0.011259969107166343,1.6610942501885932,-0.6610191161206984,-0.0019277619503266785,-0.29973395204273245,0,70,255.0,255.0,255.0
1136,56.800000000000004,68.31925348233034,-0.21086480627909437,-36.64982080994299,2.3365968574540923,-0.01132024448256783,1.6460562518444646,-0.6578577910936698,-0.000483253065732574,-0.3017859817223547,0,70,255.0,255.0,255.0
1137,56.85,68.43526232018293,-0.21143082069085298,-36.56789608484029,2.303783001025086,-0.011308294413739612,1.6309156520163572,-0.6546964660666418,0.0009612558188613249,-0.3038380114019767,0,70,255.0,255.0,255.0
1138,56.900000000000006,68.54963441687038,-0.2119944319630645,-36.48673095476608,2.271127210847427,-0.011224118900681685,1.6156724507042668,-0.6515351410396132,0.0024057647034554297,-0.30589004108159895,0,70,255.0,255.0,255.0
1139,56.95,68.6623776757052,-0.2125520288235173,-36.40633054979458,2.238629486921124,-0.011067717943394076,1.600326647908197,-0.6483738160125851,0.0038502735880493284,-0.3079420707612209,0,70,255.0,255.0,255.0
1140,57.0,68.7735,-0.2131,-36.3267,2.2062898292461717,-0.010839091541876775,1.5848782436281466,-0.6452124909855819,0.0052947824726432835,-0.30999410044083753,0,70,255.0,255.0,255.0
1141,57.050000000000004,68.88300949931283,-0.2136357816115375,-36.247844638406285,2.1741206125521315,-0.010601083170309025,1.5693150608773392,-0.6415561767759063,0.00422555239006591,-0.3125332095914031,0,70,255.0,255.0,255.0
1142,57.1,68.99091510818373,-0.21416099934209973,-36.16977060983656,2.14213421156858,-0.01041653630287017,1.5536249226690058,-0.6378998625662311,0.0031563223074886878,-0.31507231874196834,0,70,255.0,255.0,255.0
1143,57.150000000000006,69.09722596739822,-0.21467832626689332,-36.09248426206367,2.110330626295508,-0.010285450939560159,1.5378078290031418,-0.6342435483565555,0.002087092224911314,-0.31761142789253394,0,70,255.0,255.0,255.0
1144,57.2,69.2019512177418,-0.2151904354611246,-36.01599194286054,2.0787098567329236,-0.010207827080379029,1.5218637798797519,-0.6305872341468804,0.001017862142334092,-0.32015053704309915,0,70,255.0,255.0,255.0
1145,57.25,69.3051,-0.2157,-35.9403,2.047271902880823,-0.010183664725326756,1.5057927752988336,-0.6269309199372302,-5.1367940243102206e-05,-0.32268964619367324,0,70,255.0,255.0,255.0
1146,57.300000000000004,69.40668132041834,-0.21620886727475597,-35.86541503643184,2.01600869233732,-0.010163422836196052,1.4895795046461933,-0.6235975018027742,0.0008610435054712208,-0.3258411799118863,0,70,255.0,255.0,255.0
1147,57.35,69.50670364708216,-0.21671558194074822,-35.79134467581348,1.9849121527005447,-0.01009756037477964,1.4732086573076446,-0.6202640836683186,0.0017734549511854141,-0.32899271363009897,0,70,255.0,255.0,255.0
1148,57.400000000000006,69.60517531353685,-0.21721786296936252,-35.718096796979175,1.9539822839704872,-0.0099860773410775,1.4566802332831827,-0.6169306655338627,0.002685866396899737,-0.33214424734831205,0,70,255.0,255.0,255.0
1149,57.45,69.70210465332767,-0.2177134293319845,-35.645679278763254,1.9232190861471574,-0.009828973735089667,1.4399942325728128,-0.6135972473994071,0.0035982778426139304,-0.3352957810665247,0,70,255.0,255.0,255.0
1150,57.5,69.7975,-0.2182,-35.5741,1.8926225592305501,-0.00962624955681613,1.4231506551765323,-0.6102638292649658,0.004510689288328137,-0.33844731478473733,0,70,255.0,255.0,255.0
1151,57.550000000000004,69.8913700190138,-0.21867594928943887,-35.5033664158663,1.8622126180986094,-0.00941722548490669,1.4061749205378822,-0.6061338160125598,0.003850273588048688,-0.3405820707612081,0,70,255.0,255.0,255.0
1152,57.6,69.98372470348757,-0.2191422728949076,-35.433484286909525,1.8320091776292933,-0.00924122219801125,1.389092448100411,-0.6020038027601543,0.0031898578877693324,-0.3427168267376786,0,70,255.0,255.0,255.0
1153,57.650000000000006,70.07457437845446,-0.21960062185565693,-35.364458950019575,1.8020122378225931,-0.009098239696129757,1.3719032378641138,-0.5978737895077482,0.002529442187489883,-0.3448515827141494,0,70,255.0,255.0,255.0
1154,57.7,70.16392936894754,-0.22005264721093748,-35.29629574208643,1.7722217986785176,-0.008988277979262254,1.3546072898289956,-0.5937437762553427,0.0018690264872105273,-0.3469863386906199,0,70,255.0,255.0,255.0
1155,57.75,70.2518,-0.2205,-35.229,1.7426378601970625,-0.008911337047408714,1.3372046039950536,-0.589613763002939,0.0012086107869312412,-0.34912109466709573,0,70,255.0,255.0,255.0
1156,57.800000000000004,70.33819620352646,-0.2209441355674887,-35.1625769001029,1.7132368352683098,-0.008855675224177073,1.3197048132022955,-0.5864272341470624,0.0010178621423341642,-0.3508705370431697,0,70,255.0,255.0,255.0
1157,57.85,70.42312633896755,-0.22138572647962157,-35.09703097654842,1.6839951367823554,-0.008809550833175294,1.3021175502907363,-0.5832407052911864,0.0008271134977371143,-0.35261997941924333,0,70,255.0,255.0,255.0
1158,57.900000000000006,70.50659837264543,-0.22182524960801012,-35.03236660294247,1.6549127647391904,-0.008772963874403364,1.2844428152603706,-0.5800541764353099,0.0006363648531400373,-0.3543694217953173,0,70,255.0,255.0,255.0
1159,57.95,70.58862027088217,-0.22226318182426572,-34.968588152891016,1.6259897191388235,-0.008745914347861289,1.2666806081112039,-0.5768676475794339,0.0004456162085429874,-0.35611886417139094,0,70,255.0,255.0,255.0
1160,58.0,70.6692,-0.2227,-34.9057,1.5972259999812501,-0.008728402253549067,1.2488309288432335,-0.5736811187235595,0.0002548675639459652,-0.35786830654746815,0,70,255.0,255.0,255.0
1161,58.050000000000004,70.74834596688038,-0.22313550844060648,-34.84370758372207,1.568648040828169,-0.008680073618385058,1.2308298266528839,-0.569437247399583,0.0016782778426142058,-0.3621757810664626,0,70,255.0,255.0,255.0
1162,58.1,70.82606834064227,-0.22356682118660628,-34.78262060689681,1.540282275241291,-0.008560574469287655,1.2126133507365868,-0.5651933760756072,0.003101688121282244,-0.3664832555854564,0,70,255.0,255.0,255.0
1163,58.150000000000006,70.90237773096396,-0.223990379712303,-34.722449838210515,1.5121287032206074,-0.00836990480625682,1.1941815010943377,-0.5609495047516306,0.004525098399950484,-0.37079073010445085,0,70,255.0,255.0,255.0
1164,58.2,70.97728474752377,-0.22440262549199977,-34.66320604634947,1.484187324766127,-0.00810806462929261,1.1755342777261413,-0.5567056334276548,0.005948508678618522,-0.3750982046234447,0,70,255.0,255.0,255.0
1165,58.25,71.0508,-0.2248,-34.6049,1.4564581398778456,-0.007775053938395,1.1566716806319952,-0.5524617621036771,0.0073719189572865815,-0.37940567914244205,0,70,255.0,255.0,255.0
1166,58.300000000000004,71.12293352895202,-0.22518023067008572,-34.547540765008804,1.4289070014188772,-0.007448030302282544,1.1376958801861705,-0.5495837762549678,0.005709026487210568,-0.37962633869047946,0,70,255.0,255.0,255.0
1167,58.35,71.19369309846343,-0.2255461887739533,-34.491130595864334,1.401499762252348,-0.007204151289673923,1.1187090467629466,-0.5467057904062588,0.00404613401713479,-0.3798469982385168,0,70,255.0,255.0,255.0
1168,58.400000000000006,71.26308590349882,-0.22590203154277816,-34.43567004421546,1.3742364223782506,-0.007043416900569071,1.0997111803623183,-0.5438278045575494,0.002383241547058777,-0.38006765778655416,0,70,255.0,255.0,255.0
1169,58.45,71.33111913902279,-0.2262519162077353,-34.38115966171106,1.3471169817965922,-0.006965827134968031,1.0807022809842908,-0.5409498187088405,0.0007203490769829993,-0.3802883173345915,0,70,255.0,255.0,255.0
1170,58.5,71.3978,-0.2266,-34.3276,1.3201414405073695,-0.006971381992870776,1.0616823486288611,-0.5380718328601315,-0.0009425433930927984,-0.38050897688263063,0,70,255.0,255.0,255.0
1171,58.550000000000004,71.46313591731149,-0.2269491688790509,-34.27499335624269,1.293323953496379,-0.006983805172484532,1.0425466526025022,-0.5346276475793978,0.00044561620854258644,-0.3849188641716655,0,70,255.0,255.0,255.0
1172,58.6,71.52713526550404,-0.22729722371758046,-34.22334900964582,1.266678675749429,-0.006926820372016526,1.023190462211694,-0.5311834622986648,0.001833775810177774,-0.38932875146069973,0,70,255.0,255.0,255.0
1173,58.650000000000006,71.58980665504085,-0.22764069411658455,-34.17267798492759,1.2402056072665117,-0.006800427591466742,1.0036137774564315,-0.5277392770179311,0.0032219354118131587,-0.3937386387497346,0,70,255.0,255.0,255.0
1174,58.7,71.6511586963851,-0.22797610967705909,-34.12299130680624,1.2139047480476348,-0.006604626830835216,0.9838165983367201,-0.5242950917371979,0.004610095013448346,-0.3981485260387688,0,70,255.0,255.0,255.0
1175,58.75,71.7112,-0.2283,-34.0743,1.1877760980927952,-0.006339418090121934,0.9637989248525571,-0.5208509064564595,0.005998254615083548,-0.4025584133277995,0,70,255.0,255.0,255.0
1176,58.800000000000004,71.769940401802,-0.2286094938137108,-34.0266138100204,1.1618931845956775,-0.006040749007779345,0.9436375094037777,-0.5144656334281594,0.0059485086786189925,-0.40389820462330994,0,70,255.0,255.0,255.0
1177,58.85,71.82739463952043,-0.22890411635572497,-33.97993736555237,1.1363295347499784,-0.005744567222260025,0.9234091043902256,-0.5080803603998602,0.005898762742154444,-0.40523799591882015,0,70,255.0,255.0,255.0
1178,58.900000000000006,71.88357867633788,-0.22918399199088385,-33.93427401607413,1.1110851485556907,-0.005450872733563893,0.9031137098118951,-0.5016950873715601,0.005849016805689888,-0.4065777872143306,0,70,255.0,255.0,255.0
1179,58.95,71.93850847543685,-0.22944924508402847,-33.88962711106392,1.0861600260128217,-0.005159665541691029,0.8827513256687919,-0.4953098143432609,0.00579927086922534,-0.4079175785098408,0,70,255.0,255.0,255.0
1180,59.0,71.9922,-0.2297,-33.846,1.0615541671213675,-0.004870945646641392,0.8623219519609133,-0.48892454131496343,0.005749524932760784,-0.40925736980535277,0,70,255.0,255.0,255.0
1181,59.050000000000004,72.04466407548051,-0.22993685586610604,-33.80339780367567,1.0369593081207813,-0.004613198796397787,0.8417193097824115,-0.49486981870840463,0.004560349076982556,-0.41484831733465105,0,70,255.0,255.0,255.0
1182,59.1,72.09589097641425,-0.23016231085951958,-33.761832728144704,1.0120671852505265,-0.004414910738943121,0.8208371202274477,-0.5008150961018449,0.003371173221204497,-0.42043926486394856,0,70,255.0,255.0,255.0
1183,59.150000000000006,72.14586583960774,-0.23037933791988013,-33.72131875077587,0.986877798510596,-0.004276081474277341,0.799675383296016,-0.5067603734952861,0.0021819973654262684,-0.42603021239324684,0,70,255.0,255.0,255.0
1184,59.2,72.19457380186748,-0.23059090998682716,-33.68186984893803,0.9613911479009972,-0.004196711002400483,0.7782340989881225,-0.5127056508887264,0.0009928215096482096,-0.4316211599225443,0,70,255.0,255.0,255.0
1185,59.25,72.242,-0.2308,-33.6435,0.9356072334217262,-0.004176799323312525,0.7565132673037641,-0.5186509282821685,-0.00019635434612986363,-0.43721210745184447,0,70,255.0,255.0,255.0
1186,59.300000000000004,72.28812649627598,-0.23100868272186514,-33.60622297527687,0.9093415829212402,-0.004162455806629565,0.7345252514664978,-0.5319750917371785,0.0007700950134482415,-0.44230852603873305,0,70,255.0,255.0,255.0
1187,59.35,72.33292305482259,-0.2312154402061967,-33.57005172186884,0.8824097242480077,-0.004099789821967707,0.7122824146998902,-0.5452992551921867,0.0017365443730262091,-0.4474049446256209,0,70,255.0,255.0,255.0
1188,59.400000000000006,72.37635636523123,-0.23141785632959563,-33.53499898082237,0.8548116574020208,-0.003988801369326935,0.689784757003935,-0.5586234186471967,0.0027029937326043143,-0.45250136321250956,0,70,255.0,255.0,255.0
1189,59.45,72.41839311709323,-0.23161351496866303,-33.501077493183935,0.8265473823832873,-0.0038294904487072784,0.6670322783786387,-0.5719475821022049,0.003669443092182282,-0.4575977817993974,0,70,255.0,255.0,255.0
1190,59.5,72.459,-0.2318,-33.4683,0.7976168991918035,-0.0036218570601087275,0.6440249788239979,-0.5852717455572156,0.004635892451760253,-0.4626942003862906,0,70,255.0,255.0,255.0
1191,59.550000000000004,72.49815633941566,-0.23197561324643348,-33.43667349521683,0.7687783601942831,-0.0034089779770840527,0.6211076843515952,-0.5682698143434999,0.0038792708692260217,-0.4539975785097349,0,70,255.0,255.0,255.0
1192,59.6,72.53589200429543,-0.23214152831569387,-33.40618198437995,0.7407899177574525,-0.0032339299731861146,0.5986252209730237,-0.5512678831297866,0.0031226492866918976,-0.44530095663318037,0,70,255.0,255.0,255.0
1193,59.650000000000006,72.57224949946742,-0.23229963676173757,-33.37680372593463,0.7136515718813038,-0.0030967130484148638,0.5765775886882767,-0.5342659519160708,0.002366027704157666,-0.43660433475662463,0,70,255.0,255.0,255.0
1194,59.7,72.60727132975958,-0.2324518301385208,-33.34851697832622,0.6873633225658446,-0.002997327202770339,0.5549647874973606,-0.5172640207023576,0.0016094061216235418,-0.4279077128800701,0,70,255.0,255.0,255.0
1195,59.75,72.641,-0.2326,-33.3213,0.6619251698110709,-0.0029357724362525186,0.5337868174002721,-0.5002620894886451,0.0008527845390894247,-0.4192110910035156,0,70,255.0,255.0,255.0
1196,59.800000000000004,72.67347614606146,-0.23274566429240104,-33.29513184385579,0.6372249763016348,-0.0028896322850340854,0.5129960111271143,-0.48774565088871497,0.0009928215096477527,-0.41242115992272405,0,70,255.0,255.0,255.0
1197,59.85,72.70473292799566,-0.23288884653102793,-33.26999474061139,0.6131506047221986,-0.0028364902852877428,0.49254470140799905,-0.47522921228878656,0.0011328584802060607,-0.4056312288419335,0,70,255.0,255.0,255.0
1198,59.900000000000006,72.73480163689918,-0.23302919662345437,-33.245871715439094,0.5897020550727555,-0.0027763464370134765,0.4724328882429205,-0.46271277368885644,0.0012728954507643885,-0.3988412977611419,0,70,255.0,255.0,255.0
1199,59.95,72.76371356386845,-0.23316636447725386,-33.222745793511194,0.5668793273533121,-0.0027092007402113034,0.4526605716318843,-0.45019633508892803,0.0014129324213226966,-0.3920513666803513,0,70,255.0,255.0,255.0
1200,60.0,72.7915,-0.2333,-33.2006,0.5446824215638653,-0.0026350531948812145,0.43322775157488763,-0.4376798964890014,0.001552969391881022,-0.3852614355995594,0,70,255.0,255.0,255.0
1201,60.050000000000004,72.81819187633857,-0.23342972958396244,-33.17941752936,0.5230897345990816,-0.0025524928827796206,0.414124271139916,-0.42602758210227243,0.0017494430921824581,-0.37887778179924086,0,70,255.0,255.0,255.0
1202,60.1,72.84381868372189,-0.2335550855601944,-33.15918225317451,0.5020796633536374,-0.0024601088856629674,0.39533997339496296,-0.4143752677155451,0.0019459167924838663,-0.37249412799892323,0,70,255.0,255.0,255.0
1203,60.150000000000006,72.86840955293593,-0.23367557674444517,-33.13987821230901,0.48165220782752655,-0.0023579012035312296,0.3768748583400232,-0.40272295332881614,0.0021423904927853027,-0.36611047419860465,0,70,255.0,255.0,255.0
1204,60.2,72.89199361476665,-0.23379071195246393,-33.12148944762901,0.46180736802075506,-0.002245869836384436,0.3587289259751019,-0.3910706389420888,0.0023388641930867106,-0.359726820398287,0,70,255.0,255.0,255.0
1205,60.25,72.9146,-0.2339,-33.104,0.44254514393331995,-0.0021240147842225715,0.3409021763001966,-0.37941832455536284,0.0025353378933881433,-0.35334316659796805,0,70,255.0,255.0,255.0
1206,60.300000000000004,72.93625794858424,-0.23400341737174932,-33.08739403870418,0.42387208530188364,-0.0020203961838472714,0.32338690431324285,-0.36750402070202576,0.0016094061216235128,-0.3472677128801216,0,70,255.0,255.0,255.0
1207,60.35,72.95699713711672,-0.2341028112281945,-33.07165624669057,0.40579474186311676,-0.001963074172060211,0.3061754050121839,-0.35558971684869034,0.0006834743498590138,-0.341192259162276,0,70,255.0,255.0,255.0
1208,60.400000000000006,72.9768473513571,-0.2342004963987651,-33.05677143532486,0.3883131136170142,-0.0019520487488613753,0.28926767839701484,-0.34367541299535326,-0.00024245742190561652,-0.33511680544442957,0,70,255.0,255.0,255.0
1209,60.45,72.99583837706497,-0.23429878771289048,-33.04272441597278,0.3714272005635809,-0.0019873199142507667,0.2726637244677404,-0.3317611091420179,-0.0011683891936701157,-0.329041351726584,0,70,255.0,255.0,255.0
1210,60.5,73.014,-0.2344,-33.0295,0.3551370027028143,-0.00206888766822838,0.2563635432243583,-0.31984680528868337,-0.002094320965434597,-0.32296589800873754,0,70,255.0,255.0,255.0
1211,60.550000000000004,73.03136272932444,-0.2345054009290404,-33.01708231582324,0.3394859241933762,-0.0021339223818311877,0.24040811160712866,-0.30619633508878646,-0.0005070675786774885,-0.3152513666803927,0,70,255.0,255.0,255.0
1212,60.6,73.04795996781117,-0.23461206952702748,-33.00545276006318,0.32451736919393515,-0.002119594426096141,0.2248384065563185,-0.29254586488889156,0.0010801858080793946,-0.307536835352049,0,70,255.0,255.0,255.0
1213,60.650000000000006,73.06382584163568,-0.23471603766049437,-32.99459204639149,0.31023133770448674,-0.0020259038010232355,0.2096544280719234,-0.27889539468899466,0.0026674391948365034,-0.2998223040237042,0,70,255.0,255.0,255.0
1214,60.7,73.07899447697345,-0.2348133371959742,-32.98448088847987,0.29662782972503515,-0.0018528505066124981,0.1948561761539476,-0.26524492448909975,0.004254692581593386,-0.2921077726953604,0,70,255.0,255.0,255.0
1215,60.75,73.0935,-0.2349,-32.9751,0.28370684525557827,-0.0016004345428639209,0.18044365080238903,-0.2515944542892048,0.005841945968350276,-0.2843932413670165,0,70,255.0,255.0,255.0
1216,60.800000000000004,73.10737513411799,-0.2349733789120891,-32.96643109800285,0.27138421792478273,-0.00134791428882797,0.16635664925825397,-0.24131063894257415,0.004258864193086897,-0.2790868203983379,0,70,255.0,255.0,255.0
1217,60.85,73.12064699163861,-0.2350361106636955,-32.9584599130567,0.2595757813613204,-0.0011745481235552139,0.15253496876255482,-0.23102682359594498,0.0026757824178237433,-0.27378039942966,0,70,255.0,255.0,255.0
1218,60.900000000000006,73.13334128210023,-0.2350921529592574,-32.95117317910912,0.24828153556518798,-0.0010803360470456032,0.1389786093152876,-0.22074300824931434,0.0010927006425603646,-0.26847397846098137,0,70,255.0,255.0,255.0
1219,60.95,73.14548371504124,-0.2351454635032128,-32.944557630107695,0.23750148053638862,-0.0010652780592991648,0.12568757091645624,-0.21045919290268514,-0.0004903811327027895,-0.2631675574923035,0,70,255.0,255.0,255.0
1220,61.0,73.1571,-0.2352,-32.9386,0.22723561627492067,-0.001129374160315879,0.11266185356605876,-0.20017537755605597,-0.0020734629079659315,-0.25786113652362586,0,70,255.0,255.0,255.0
1221,61.050000000000004,73.16821753420365,-0.23525868342260312,-32.93328609216535,0.21758520410746632,-0.0012104204628567837,0.09995729135980298,-0.1858411091420849,-0.0011683891936699743,-0.25032135172656234,0,70,255.0,255.0,255.0
1222,61.1,73.17887046563442,-0.2353202878181904,-32.92859798771003,0.2086515053607118,-0.0012462130796828848,0.08762971839340211,-0.1715068407281159,-0.0002633154793741457,-0.24278156692949984,0,70,255.0,255.0,255.0
1223,61.150000000000006,73.1890946299634,-0.23538255050247617,-32.92451683717201,0.20043452003465462,-0.0012367520107941922,0.07567913466685271,-0.15717257231414483,0.0006417582349218117,-0.2352417821324363,0,70,255.0,255.0,255.0
1224,61.2,73.19892586286157,-0.2354432087911746,-32.92102379108934,0.192934248129297,-0.001182037256190709,0.0641055401801581,-0.14283830390017582,0.00154683194921764,-0.22770199733537383,0,70,255.0,255.0,255.0
1225,61.25,73.2084,-0.2355,-32.9181,0.1861506896446378,-0.0010820688158724372,0.052908934933316616,-0.12850403548620792,0.0024519056635134637,-0.2201622125383112,0,70,255.0,255.0,255.0
1226,61.300000000000004,73.21755152906745,-0.23555108739749836,-32.91572693333573,0.1800029656452613,-0.0009624038597447663,0.04207018530247785,-0.11740492448883051,0.0023346925815929636,-0.2133877726952024,0,70,255.0,255.0,255.0
1227,61.35,73.22640954582369,-0.23559633806354274,-32.91388733610322,0.1744101971957545,-0.0008485995577131366,0.03157015766379602,-0.10630581349145468,0.0022174794996724805,-0.20661333285209457,0,70,255.0,255.0,255.0
1228,61.400000000000006,73.2350017980462,-0.23563604503083793,-32.91256427220282,0.16937238429611579,-0.0007406559097775159,0.02140885201726815,-0.09520670249407728,0.0021002664177519805,-0.19983889300898577,0,70,255.0,255.0,255.0
1229,61.45,73.24335603351246,-0.23567050133208875,-32.911740805534954,0.16488952694634654,-0.0006385729159379348,0.011586268362897112,-0.08410759149670145,0.0019830533358314974,-0.19306445316587795,0,70,255.0,255.0,255.0
1230,61.5,73.2515,-0.2357,-32.9114,0.1609616251464461,-0.0005423505761943775,0.002102406700681452,-0.07300848049932651,0.0018658402539110134,-0.18629001332277012,0,70,255.0,255.0,255.0
1231,61.550000000000004,73.25946194952652,-0.23572496698740342,-32.91152537449169,0.15761893331139706,-0.0004599640981641687,-0.007070032569699274,-0.06069919290262457,0.0014296188672970587,-0.18060755749242766,0,70,255.0,255.0,255.0
1232,61.6,73.2672721510708,-0.2357463599276386,-32.91210226787711,0.15489170585618348,-0.0003993886894646665,-0.01595834904856161,-0.04838990530592438,0.000993397480683166,-0.17492510166208597,0,70,255.0,255.0,255.0
1233,61.650000000000006,73.27496137785181,-0.23576526937417208,-32.91311647401669,0.15277994278080462,-0.00036062435009585376,-0.02456254273590808,-0.03608061770922244,0.0005571760940692116,-0.1692426458317435,0,70,255.0,255.0,255.0
1234,61.7,73.28256040308854,-0.23578278588047036,-32.914553786770846,0.1512836440852611,-0.0003436710800577415,-0.032882613631736245,-0.02377133011252225,0.00012095470745531888,-0.16356019000140182,0,70,255.0,255.0,255.0
1235,61.75,73.2901,-0.2358,-32.9164,0.1504028097695525,-0.0003485288793503225,-0.04091856173604733,-0.011462042515824056,-0.00031526667915857424,-0.15787773417106016,0,70,255.0,255.0,255.0
1236,61.800000000000004,73.29761107282643,-0.235817844652888,-32.9186403686975,0.150145301109156,-0.00036573974759883024,-0.04863805502370649,0.0011616960999652481,-0.00037316805078167515,-0.1509019973352797,0,70,255.0,255.0,255.0
1237,61.85,73.30512504989309,-0.2358366222259029,-32.92125799238834,0.15051897937954892,-0.0003858456844284901,-0.05600876146957556,0.013785434715752758,-0.0004310694224047678,-0.14392626049950025,0,70,255.0,255.0,255.0
1238,61.900000000000006,73.31267349054656,-0.23585647747247385,-32.92423543173044,0.1515238445807314,-0.000408846689839308,-0.06303068107365666,0.02640917333154206,-0.0004889707940278688,-0.1369505236637198,0,70,255.0,255.0,255.0
1239,61.95,73.32028795413335,-0.23587755514602987,-32.927555247381676,0.1531598967127031,-0.0004347427638312773,-0.06970381383594779,0.03903291194732957,-0.0005468721656509614,-0.12997478682794034,0,70,255.0,255.0,255.0
1240,62.0,73.328,-0.2359,-32.9312,0.15542713577546413,-0.00046353390640440105,-0.07602815975644996,0.05165665056311708,-0.0006047735372740541,-0.12299904999216016,0,70,255.0,255.0,255.0
1241,62.050000000000004,73.3358409591678,-0.23592365440104468,-32.9351523507183,0.15831186225211788,-0.00047707691144045924,-0.08200974733540248,0.06373240850302266,6.305333583177177e-05,-0.11626445316592007,0,70,255.0,255.0,255.0
1242,62.1,73.34384124935683,-0.23594715116874979,-32.93939536256951,0.1618003766257664,-0.00045722857282122845,-0.08765460507304218,0.07580816644292651,0.0007308802089375029,-0.10952985633968094,0,70,255.0,255.0,255.0
1243,62.150000000000006,73.35203105996199,-0.23596882073593256,-32.94391219906158,0.1658926788964107,-0.0004039888905467032,-0.09296273296937069,0.08788392438283207,0.0013987070820433286,-0.10279525951344085,0,70,255.0,255.0,255.0
1244,62.2,73.36044058037808,-0.2359869935354102,-32.94868602370243,0.17058876906404963,-0.00031735786461689836,-0.09793413102438646,0.09995968232273593,0.00206653395514906,-0.09606066268720172,0,70,255.0,255.0,255.0
1245,62.25,73.3691,-0.236,-32.9537,0.17588864712868377,-0.00019733549503180898,-0.10256879923809029,0.11203544026264045,0.0027343608282547915,-0.08932606586096203,0,70,255.0,255.0,255.0
1246,62.300000000000004,73.37803949050245,-0.23600673774293326,-32.95893742842929,0.1817912498824303,-7.79526066390655e-05,-0.10687495563465443,0.12406866988720094,0.0020409547074545405,-0.08292019000158952,0,70,255.0,255.0,255.0
1247,62.35,73.38728915267959,-0.2360083730990979,-32.96438215733358,0.18829551411740394,6.759975713652879e-06,-0.1108608182382494,0.13610189951175972,0.0013475485866543883,-0.07651431414221793,0,70,255.0,255.0,255.0
1248,62.400000000000006,73.39687906960553,-0.23600663958379592,-32.97001817202323,0.19540143983360655,5.680225202637029e-05,-0.1145263870488763,0.1481351291363202,0.0006541424658541373,-0.07010843828284544,0,70,255.0,255.0,255.0
1249,62.45,73.40683932435431,-0.23600327071232927,-32.97582945780859,0.20310902703103612,7.217422229907242e-05,-0.1178716620665341,0.16016835876087898,-3.926365494601484e-05,-0.06370256242347384,0,70,255.0,255.0,255.0
1250,62.5,73.4172,-0.236,-32.9818,0.21141827570969352,5.287588653176904e-05,-0.12089664329122331,0.1722015883854371,-0.0007326697757461672,-0.05729668656410147,0,70,255.0,255.0,255.0
1251,62.550000000000004,73.42799227882244,-0.23599819462722219,-32.98791313556455,0.220395138218027,2.0887337996838575e-05,-0.12356243012601903,0.18687291194787203,-0.0005468721656509425,-0.04933478682771827,0,70,255.0,255.0,255.0
1252,62.6,73.43925173992476,-0.23599775643485854,-32.99414960809616,0.23010556690448086,-1.8113300333272968e-06,-0.12583012197399526,0.2015442355103049,-0.0003610745555557441,-0.04137288709133619,0,70,255.0,255.0,255.0
1253,62.650000000000006,73.45101506161586,-0.23599822092888378,-33.0004895128455,0.2405495617690579,-1.5220117558735031e-05,-0.12769971883515266,0.21621555907273987,-0.00017527694546051937,-0.03341098735495299,0,70,255.0,255.0,255.0
1254,62.7,73.46331892220465,-0.2359991236152727,-33.00691294506322,0.2517271228117551,-1.9339024579380793e-05,-0.12917122070949066,0.23088688263517274,1.0520664634678972e-05,-0.025449087618570912,0,70,255.0,255.0,255.0
1255,62.75,73.4762,-0.236,-33.0134,0.26363825003257385,-1.416805109526719e-05,-0.13024462759700958,0.24555820619760516,0.0001963182747298772,-0.017487187882188282,0,70,255.0,255.0,255.0
1256,62.800000000000004,73.48968979420778,-0.23600048374817784,-33.019933229312535,0.2759721972455765,-5.5967453482888e-06,-0.1310673238612457,0.24779968232245944,0.00014653395514922915,-0.015420662687253152,0,70,255.0,255.0,255.0
1257,62.85,73.50379908762133,-0.23600060116146782,-33.026505010281795,0.2884182182648201,4.853444196562859e-07,-0.13178669386573494,0.25004115844731345,9.674963556858815e-05,-0.013354137492318317,0,70,255.0,255.0,255.0
1258,62.900000000000006,73.51853348393101,-0.23600047670066884,-33.03311017659478,0.3009763130903082,4.0782182085698e-06,-0.13240273761047752,0.2522826345721677,4.696531598794007e-05,-0.011287612297383186,0,70,255.0,255.0,255.0
1259,62.95,73.53389858682714,-0.23600023482657992,-33.039743561938515,0.31364648172203724,5.181876018450715e-06,-0.13291545509547328,0.2545241106970217,-2.819003592700913e-06,-0.00922108710244835,0,70,255.0,255.0,255.0
1260,63.0,73.5499,-0.236,-33.0464,0.32642872416000895,3.796317849299727e-06,-0.13332484632072228,0.25676558682187567,-5.260332317334189e-05,-0.007154561907512846,0,70,255.0,255.0,255.0
1261,63.050000000000004,73.5665269443465,-0.23599987038006637,-33.053078747185296,0.3383400727995804,1.4996433963166263e-06,-0.13389627442899812,0.21968835876094073,-3.9263654945974306e-05,-0.015702562423518193,0,70,255.0,255.0,255.0
1262,63.1,73.5837031095899,-0.23599983891927018,-33.05979675077666,0.3483975600361036,-1.3004764529785443e-07,-0.13489510256307408,0.1826111307000111,-2.592398671860862e-05,-0.024250562939522324,0,70,255.0,255.0,255.0
1263,63.150000000000006,73.60133580266006,-0.23599987226844074,-33.066575380775376,0.3566011858695815,-1.0927552755441772e-06,-0.1363213307229504,0.14553390263907617,-1.2584318491241037e-05,-0.032798563455527674,0,70,255.0,255.0,255.0
1264,63.2,73.6193323304868,-0.23599993707840755,-33.07343600718272,0.3629509503000117,-1.3884794944220704e-06,-0.1381749589086268,0.1084566745781465,7.553497361246521e-07,-0.0413465639715318,0,70,255.0,255.0,255.0
1265,63.25,73.6376,-0.236,-33.0804,0.3674468533273955,-1.0172203019317179e-06,-0.14045598712010338,0.07137944651721506,1.4095017963490328e-05,-0.04989456448753549,0,70,255.0,255.0,255.0
1266,63.300000000000004,73.65606482840623,-0.23600003473155653,-33.087483781946254,0.37121151155620924,-4.018282369777054e-07,-0.1428675784227567,0.07920688263532054,1.0520664634668073e-05,-0.04656908761858974,0,70,255.0,255.0,255.0
1267,63.35,73.67472767401907,-0.23600004316145146,-33.09468398661155,0.37536754159092767,3.48461615351296e-08,-0.14511289588196244,0.0870343187534249,6.9463113058463245e-06,-0.04324361074964446,0,70,255.0,255.0,255.0
1268,63.400000000000006,73.69360810542878,-0.23600003422556814,-33.10199230030372,0.3799149434315519,2.928028936069117e-07,-0.1471919394977212,0.0948617548715304,3.3719579770240697e-06,-0.03991813388069872,0,70,255.0,255.0,255.0
1269,63.45,73.71272569122564,-0.23600001685978986,-33.10940040933059,0.38485371707808075,3.7204195923756654e-07,-0.1491047092700324,0.10268919098963476,-2.023953517976786e-07,-0.03659265701175344,0,70,255.0,255.0,255.0
1270,63.5,73.7321,-0.236,-33.1169,0.39018386253051474,2.725633584271448e-07,-0.15085120519889633,0.11051662710773869,-3.7767486806194265e-06,-0.03326718014280727,0,70,255.0,255.0,255.0
1271,63.550000000000004,73.75174494202857,-0.23599999069370747,-33.124484525029686,0.3955658809756259,1.0766955159419548e-07,-0.15253741188002812,0.10476411069668842,-2.819003592697984e-06,-0.034181087102457916,0,70,255.0,255.0,255.0
1272,63.6,73.77165179433389,-0.2359999884349239,-33.13215450277714,0.40066027360018375,-9.3370008426644e-09,-0.15426931390914217,0.09901159428563898,-1.8612585047766777e-06,-0.035094994062108434,0,70,255.0,255.0,255.0
1273,63.650000000000006,73.79180617562493,-0.23599999082928666,-33.13991221800974,0.40546704040418985,-7.845629888346812e-08,-0.15604691128623902,0.09325907787458873,-9.035134168552351e-07,-0.036008901021759084,0,70,255.0,255.0,255.0
1274,63.7,73.81219370461064,-0.23599999548243292,-33.14775995549489,0.4099861813876428,-9.968834252819591e-08,-0.15787020401131813,0.08750656146353929,5.423167106607117e-08,-0.036922807981409594,0,70,255.0,255.0,255.0
1275,63.75,73.8328,-0.236,-33.1557,0.41421769655054325,-7.30331317768613e-08,-0.15973919208437973,0.08175404505249029,1.0119767589873778e-06,-0.037836714941059446,0,70,255.0,255.0,255.0
1276,63.800000000000004,73.85361300347948,-0.23600000249361355,-33.163733317935,0.4183009645413145,-2.8849969399076493e-08,-0.16157477405718984,0.08157667457834748,7.553497361238635e-07,-0.035586563971339774,0,70,255.0,255.0,255.0
1277,63.85,73.87462994864542,-0.23600000309885277,-33.17185560227992,0.42237536400837816,2.5018418355279473e-09,-0.16329784848151377,0.0813993041042047,4.987227132603858e-07,-0.03333641300162043,0,70,255.0,255.0,255.0
1278,63.900000000000006,73.8958503920716,-0.23600000245728522,-33.18006122765734,0.42644089495173515,2.102230192696097e-08,-0.16490841535735196,0.0812219336300619,2.420956903968715e-07,-0.031086262031900756,0,70,255.0,255.0,255.0
1279,63.95,73.91727389033186,-0.23600000121047843,-33.188344568689836,0.4304975573713844,2.6711410875217266e-08,-0.1664064746847039,0.08104456315591911,-1.4531332466606283e-08,-0.028836111062181407,0,70,255.0,255.0,255.0
1280,64.0,73.9389,-0.236,-33.1967,0.43454535126732663,1.9569168680300387e-08,-0.1677920264635699,0.08086719268177855,-2.7115835533008415e-07,-0.026585960092461836,0,70,255.0,255.0,255.0
1281,64.05,73.96072704405351,-0.23599999933183827,-33.20512300323035,0.43851026085910466,7.73032600211197e-09,-0.16913149189117743,0.07772919098935169,-2.0239535179747944e-07,-0.02699265701184401,0,70,255.0,255.0,255.0
1282,64.10000000000001,73.98274841108451,-0.23599999916966488,-33.21361348810323,0.4423182703662624,-6.703664994483075e-10,-0.17049129216475453,0.07459118929692395,-1.336323482648552e-07,-0.027399353931226302,0,70,255.0,255.0,255.0
1283,64.15,74.00495625608875,-0.2359999993415724,-33.22217247136091,0.44596937978879775,-5.632908824375668e-09,-0.17187142728430033,0.07145318760449708,-6.486934473225048e-08,-0.02780605085060848,0,70,255.0,255.0,255.0
1284,64.2,74.02734273406197,-0.23599999967565327,-33.23080096974575,0.44946358912671175,-7.157300972672979e-09,-0.17327189724981523,0.06831518591207023,3.893658800354231e-09,-0.028212747769990654,0,70,255.0,255.0,255.0
1285,64.25,74.0499,-0.236,-33.2395,0.45280089838000437,-5.243542944340259e-09,-0.17469270206129925,0.06517718421964158,7.265666233295894e-08,-0.02861944468937261,0,70,255.0,255.0,255.0
1286,64.3,74.07262122030644,-0.2360000001790334,-33.248269869143634,0.45604199202209184,-2.0713346093660188e-09,-0.176091258378071,0.06446656146386495,5.423167106601786e-08,-0.027322807981499626,0,70,255.0,255.0,255.0
1287,64.35000000000001,74.09550360701658,-0.2360000002224876,-33.25710804530722,0.4592475545263914,1.7962416226172786e-10,-0.17742498285944944,0.06375593870808813,3.5806679799071544e-08,-0.026026171273626275,0,70,255.0,255.0,255.0
1288,64.4,74.11854538357346,-0.23600000017642514,-33.26601128689899,0.4624175858929012,1.509333370541702e-09,-0.17869387550543386,0.0630453159523115,1.7381688532130466e-08,-0.024729534565753296,0,70,255.0,255.0,255.0
1289,64.45,74.14174477342023,-0.23600000008690844,-33.27497635232717,0.4655520861216222,1.9177930154746744e-09,-0.1798979363160246,0.06233469319653487,-1.0433027348106126e-09,-0.023432897857880313,0,70,255.0,255.0,255.0
1290,64.5,74.1651,-0.236,-33.284,0.4686510552125543,1.405003097060649e-09,-0.1810371652912217,0.06162407044075513,-1.946829400175169e-08,-0.022136261150006664,0,70,255.0,255.0,255.0
1291,64.55,74.18860807472063,-0.2359999999520281,-33.29307912019513,0.4716417710524791,5.550124353521032e-10,-0.1821194745965268,0.05800456315624641,-1.4531332466592072e-08,-0.021156111062199178,0,70,255.0,255.0,255.0
1292,64.60000000000001,74.21226116084918,-0.23599999994038462,-33.302211130667914,0.4744515115281794,-4.813014959861202e-11,-0.18315277639744182,0.05438505587173666,-9.59437093143105e-09,-0.020175960974391415,0,70,255.0,255.0,255.0
1293,64.65,74.23605020961739,-0.235999999952727,-33.31139358104313,0.47708027663965336,-4.0442465779115357e-10,-0.18413707069396612,0.05076554858722794,-4.657409396271432e-09,-0.019195810886583932,0,70,255.0,255.0,255.0
1294,64.7,74.25996617225708,-0.23599999997671295,-33.32062402094557,0.47952806638690193,-5.138710892257284e-10,-0.1850723574861001,0.04714604130271922,2.795521388881869e-10,-0.018215660798776446,0,70,255.0,255.0,255.0
1295,64.75,74.284,-0.236,-33.3299,0.48179488076992494,-3.7646944390233665e-10,-0.18595863677384367,0.043526534018208274,5.216513674047803e-09,-0.01723551071096807,0,70,255.0,255.0,255.0
1296,64.8,74.30814408081098,-0.236000000012854,-33.339219250075864,0.48396692376816786,-1.487151320423942e-10,-0.18680684323586486,0.04335518591151396,3.893658800350412e-09,-0.01669274776988091,0,70,255.0,255.0,255.0
1297,64.85000000000001,74.33239654958673,-0.23600000001597388,-33.348580232021135,0.48613039936107666,1.2896436132718996e-11,-0.1876279115508319,0.043183837804819596,2.5708039266526455e-09,-0.016149984828793592,0,70,255.0,255.0,255.0
1298,64.9,74.35675697795699,-0.23600000001266674,-33.357981588928496,0.48828530754865024,1.0836526062291109e-10,-0.18842184171874435,0.04301248969812528,1.247949052955255e-09,-0.015607221887706428,0,70,255.0,255.0,255.0
1299,64.95,74.3812249375515,-0.23600000000623975,-33.367421963890564,0.490431648330889,1.3769134142823728e-10,-0.18918863373960243,0.042841141591430966,-7.490582074213579e-11,-0.015064458946619265,0,70,255.0,255.0,255.0
1300,65.0,74.4058,-0.236,-33.3769,0.492569421707793,1.008746785486979e-10,-0.1899282876134062,0.04266979348473532,-1.397760694439527e-09,-0.014521696005531215,0,70,255.0,255.0,255.0
1301,65.05,74.43048040203546,-0.23599999999655577,-33.386414279501444,0.49461853387482596,3.984809281747367e-11,-0.1906371524599903,0.03929469319658746,-1.043302734809581e-09,-0.013832897857834009,0,70,255.0,255.0,255.0
1302,65.10000000000001,74.45525904080391,-0.2359999999957198,-33.39596314124754,0.49649889102745204,-3.4555949322640443e-12,-0.1913115773991897,0.03591959290843865,-6.888447751795341e-10,-0.013144099710136609,0,70,255.0,255.0,255.0
1303,65.15,74.48012747855465,-0.23599999999660595,-33.40554486324291,0.4982104931656702,-2.9036384700490642e-11,-0.19195156243100409,0.03254449262029079,-3.34386815549588e-10,-0.012455301562439403,0,70,255.0,255.0,255.0
1304,65.2,74.5050772775369,-0.23599999999832805,-33.41515772349219,0.499753340289481,-3.6894276487220937e-11,-0.19255710755543357,0.029169392332142937,2.0071144080358118e-11,-0.011766503414742197,0,70,255.0,255.0,255.0
1305,65.25,74.5301,-0.236,-33.4248,0.5011274323988844,-2.7029270292454922e-11,-0.1931282127724782,0.025794292043997302,3.7452910371030434e-10,-0.011077705267045435,0,70,255.0,255.0,255.0
1306,65.3,74.5551879110472,-0.2360000000009229,-33.434470031918345,0.5023749407325536,-1.0677239227500474e-11,-0.19366854692412758,0.024106041302772947,2.7955213888791073e-10,-0.010535660798930854,0,70,255.0,255.0,255.0
1307,65.35000000000001,74.58033608719764,-0.23600000000114685,-33.444166402988685,0.5035380365291617,9.259435963371841e-13,-0.19418177885237137,0.022417790561548114,1.8457517406549015e-10,-0.009993616330816121,0,70,255.0,255.0,255.0
1308,65.4,74.60554030782448,-0.2360000000009094,-33.45388775809986,0.5046167197887086,7.780278179051464e-12,-0.19466790855720928,0.02072953982032376,8.959820924309657e-11,-0.009451571862701541,0,70,255.0,255.0,255.0
1309,65.45,74.63079635230089,-0.23600000000044796,-33.463632742140675,0.5056109905111941,9.885764520646336e-12,-0.19512693603864148,0.019041289079099404,-5.3787555792969915e-12,-0.00890952739458696,0,70,255.0,255.0,255.0
1310,65.5,74.6561,-0.236,-33.4734,0.5065208486966184,7.242402621121799e-12,-0.19555886129666794,0.017353038337873272,-1.0035572040169055e-10,-0.008367482926471936,0,70,255.0,255.0,255.0
1311,65.55,74.68144715377576,-0.2359999999997527,-33.483187992825165,0.5073537031948491,2.860864092528227e-12,-0.19595265984349564,0.015961141591355324,-7.49058207420623e-11,-0.00738445894663663,0,70,255.0,255.0,255.0
1312,65.60000000000001,74.70683421040553,-0.23599999999969268,-33.4929944467977,0.508116962855754,-2.481794530847083e-13,-0.19629730719133165,0.014569244844836977,-4.945592108242681e-11,-0.006401434966801044,0,70,255.0,255.0,255.0
1313,65.65,74.73225769014739,-0.23599999999975635,-33.502816904357644,0.5088106276793328,-2.08472801571524e-12,-0.1965928033401758,0.013177348098319028,-2.400602142279856e-11,-0.005418410986965738,0,70,255.0,255.0,255.0
1314,65.7,74.7577141132595,-0.23599999999987997,-33.51265290794507,0.5094346976655858,-2.648781595364426e-12,-0.19683914829002822,0.011785451351801078,1.4438782368296932e-12,-0.004435387007130431,0,70,255.0,255.0,255.0
1315,65.75,74.7832,-0.236,-33.5225,0.5099891728145128,-1.9403401920322784e-12,-0.19703634204088882,0.01039355460528224,2.689377789645794e-11,-0.0034523630272955685,0,70,255.0,255.0,255.0
1316,65.8,74.80871147384968,-0.2360000000000662,-33.532355596780995,0.5104502464879582,-7.662171426124341e-13,-0.19717681370193862,0.008049392332535233,2.0071144080338498e-11,-0.002166503414696914,0,70,255.0,255.0,255.0
1317,65.85000000000001,74.83424307118024,-0.23600000000008228,-33.54221660982052,0.5107941120477665,6.67742160016457e-14,-0.19725299238235852,0.005705230059787558,1.324851026421712e-11,-0.0008806438020978941,0,70,255.0,255.0,255.0
1318,65.9,74.85978893158592,-0.2360000000000652,-33.55207982446955,0.5110207694939372,5.586338838094877e-13,-0.19726487808214843,0.0033610677870405505,6.425876448097682e-12,0.00040521581050076026,0,70,255.0,255.0,255.0
1319,65.95,74.88534319466106,-0.23600000000003213,-33.56194202607905,0.5111302188264705,7.093618608113774e-13,-0.19721247080130844,0.001016905514293542,-3.9675736802175543e-13,0.001691075423099415,0,70,255.0,255.0,255.0
1320,66.0,74.9109,-0.236,-33.5718,0.5111224600453664,5.189581470073143e-13,-0.19709577053983854,-0.0013272567584534656,-7.219391184141196e-12,0.0029769350356987356,0,70,255.0,255.0,255.0
1321,66.05,74.93645335082542,-0.23599999999998228,-33.58165122005088,0.5109893108533771,2.0400447792151003e-13,-0.196956085348808,-0.0039987109211200335,-5.3787555792916916e-12,0.0026104726055232717,0,70,255.0,255.0,255.0
1322,66.10000000000001,74.96199670487354,-0.23599999999997806,-33.59149591392024,0.5107225889532544,-1.891741092187455e-14,-0.1968347232792862,-0.006670165083787361,-3.5381199744416647e-12,0.0022440101753477036,0,70,255.0,255.0,255.0
1323,66.15,74.98752338350894,-0.23599999999998264,-33.60133499776416,0.5103222943449983,-1.4980751952271263e-13,-0.19673168433127322,-0.009341619246453929,-1.6974843695921604e-12,0.0018775477451722395,0,70,255.0,255.0,255.0
1324,66.2,75.01302670809623,-0.23599999999999152,-33.611169387738734,0.509788427028609,-1.886658478810808e-13,-0.19664696850476898,-0.012013073409120497,1.431512352573447e-13,0.0015110853149967753,0,70,255.0,255.0,255.0
1325,66.25,75.0385,-0.236,-33.621,0.5091209870040865,-1.3549239599697924e-13,-0.19658057579977353,-0.0146845275717844,1.9837868401068473e-12,0.0011446228848213114,0,70,255.0,255.0,255.0
1326,66.3,75.06393752284862,-0.2360000000000045,-33.63082672301551,0.5083765100985851,-4.980076907360618e-14,-0.19647084490283173,-0.015094548648272954,1.44387823682827e-12,0.003244612992851184,0,70,255.0,255.0,255.0
1327,66.35000000000001,75.08933730932563,-0.23600000000000543,-33.64064533449853,0.507611532139259,8.895427685852403e-15,-0.19625611450048835,-0.015504569724761622,9.039696335495393e-13,0.005344603100881654,0,70,255.0,255.0,255.0
1328,66.4,75.11469833437832,-0.23600000000000407,-33.6504505844738,0.5068260531261087,4.059619428136315e-14,-0.19593638459274357,-0.015914590801250173,3.6406103027096223e-13,0.007444593208911526,0,70,255.0,255.0,255.0
1329,66.45,75.14001957295402,-0.23600000000000182,-33.66023722296605,0.5060200730591342,4.530153071294652e-14,-0.19551165517959723,-0.016324611877738728,-1.7584757300761525e-13,0.009544583316941399,0,70,255.0,255.0,255.0
1330,66.5,75.1653,-0.236,-33.67,0.505193591938335,2.301143698060258e-14,-0.19498192626104943,-0.016734632954225503,-7.157561762861925e-13,0.011644573424971494,0,70,255.0,255.0,255.0
1331,66.55,75.19053735778007,-0.2359999999999996,-33.679734687887105,0.5042726487523329,-4.801401627085338e-15,-0.19440853503984995,-0.02010309448586137,-3.967573680213876e-13,0.011291075423008865,0,70,255.0,255.0,255.0
1332,66.60000000000001,75.21572445782397,-0.2360000000000002,-33.689441148085656,0.5031832824897486,-1.6664299821535023e-14,-0.19385281871874843,-0.023471556017498195,-7.775855975649196e-14,0.010937577421046136,0,70,255.0,255.0,255.0
1333,66.65,75.24085287897779,-0.23600000000000101,-33.69912026434066,0.501925493150583,-1.2577257602739742e-14,-0.19331477729774527,-0.02684001754913406,2.412402485083131e-13,0.010584079419083507,0,70,255.0,255.0,255.0
1334,66.7,75.26591420008775,-0.2360000000000012,-33.7087729203971,0.5004992807348354,7.45972502929493e-15,-0.19279441077684017,-0.030208479080769925,5.602390567731179e-13,0.010230581417120879,0,70,255.0,255.0,255.0
1335,66.75,75.2909,-0.236,-33.7184,0.4989046452425062,4.344664807456889e-14,-0.19229171915603324,-0.033576940612404904,8.79237865037923e-13,0.00987708341515714,0,70,255.0,255.0,255.0
1336,66.8,75.31580264603103,-0.23599999999999702,-33.72800172543607,0.4971888948919764,6.900637558194753e-14,-0.19176701493777829,-0.03505307340879265,1.4315123525728047e-13,0.011111085315042209,0,70,255.0,255.0,255.0
1337,66.85000000000001,75.34061765937854,-0.2359999999999937,-33.737575673158865,0.49539933790162666,5.77617716002877e-14,-0.1911806106245289,-0.03652920620518082,-5.929353945235713e-13,0.012345087214927629,0,70,255.0,255.0,255.0
1338,66.9,75.36534134971052,-0.23599999999999186,-33.747118758163616,0.493535974271458,9.712836129595797e-15,-0.19053250621628542,-0.038005339001568564,-1.329022024304214e-12,0.0135790891148127,0,70,255.0,255.0,255.0
1339,66.95,75.38997002669502,-0.23599999999999333,-33.756627895445575,0.49159880400147,-7.514043083012614e-14,-0.18982270171304771,-0.03948147179795631,-2.0651086540848565e-12,0.01481309101469777,0,70,255.0,255.0,255.0
1340,67.0,75.4145,-0.236,-33.7661,0.4895878270916626,-1.9679802927887816e-13,-0.18905119711481574,-0.04095760459434583,-2.8011952838654984e-12,0.01604709291458284,0,70,255.0,255.0,255.0
1341,67.05,75.4389272580958,-0.23600000000001226,-33.7755320103686,0.48748377167985874,-2.7122410070070475e-13,-0.18821940520902813,-0.043204611877812535,-1.758475730077332e-13,0.01722458331692376,0,70,255.0,255.0,255.0
1342,67.10000000000001,75.46324650466192,-0.23600000000002494,-33.78492095927891,0.4852673659038809,-2.143827865796157e-13,-0.1873287387831232,-0.04545161916127987,2.4495001378507776e-12,0.018402073719265014,0,70,255.0,255.0,255.0
1343,67.15,75.48745212218013,-0.2360000000000315,-33.79426390300491,0.4829386097637304,-2.627408691564333e-14,-0.1863791978371015,-0.047698626444746574,5.074847848708543e-12,0.01957956412160593,0,70,255.0,255.0,255.0
1344,67.2,75.5115384931322,-0.23600000000002536,-33.80355789782062,0.4804975032594066,2.931019982912097e-13,-0.18537078237096272,-0.04994563372821327,7.70019555956631e-12,0.020757054523946848,0,70,255.0,255.0,255.0
1345,67.25,75.5355,-0.236,-33.8128,0.47794404639090937,7.437454690409437e-13,-0.18430349238470692,-0.0521926410116782,1.032554327042407e-11,0.021934544926288213,0,70,255.0,255.0,255.0
1346,67.3,75.55933152158575,-0.23599999999995397,-33.821987833089544,0.4753080183885929,1.0158900272208713e-12,-0.18321136422611903,-0.05324847908098687,5.602390567736527e-13,0.021750581417230085,0,70,255.0,255.0,255.0
1347,67.35000000000001,75.58302992197379,-0.23599999999990653,-33.83112128972554,0.47261919848281025,7.997693747181749e-13,-0.18212843424298372,-0.05430431715029585,-9.205065156879541e-12,0.021566617908171905,0,70,255.0,255.0,255.0
1348,67.4,75.60659256156897,-0.23599999999988214,-33.840200829816766,0.4698775866735629,9.538351153297735e-14,-0.18105470243530164,-0.05536015521960452,-1.8970369370529956e-11,0.021382654399113778,0,70,255.0,255.0,255.0
1349,67.45,75.6300168007761,-0.23599999999990515,-33.84922691327199,0.4670831829608501,-1.0972675623347125e-12,-0.17999016880307248,-0.0564159932889132,-2.8735673584180374e-11,0.02119869089005565,0,70,255.0,255.0,255.0
1350,67.5,75.6533,-0.236,-33.8582,0.4642359873446719,-2.7781838468848964e-12,-0.1789348333462962,-0.057471831358222314,-3.8500977797830795e-11,0.021014727380997966,0,70,255.0,255.0,255.0
1351,67.55,75.67643865556118,-0.23600000000017185,-33.86711985727324,0.4612841547657705,-3.79233600818278e-12,-0.1778471378864077,-0.060601471797840124,-2.065108654086884e-12,0.02249309101454338,0,70,255.0,255.0,255.0
1352,67.60000000000001,75.69942580744289,-0.23600000000034885,-33.87598348181895,0.4581758401648873,-2.984694712293084e-12,-0.17668552424484166,-0.06373111223745882,3.437076048966738e-11,0.023971454648089217,0,70,255.0,255.0,255.0
1353,67.65,75.72225363154398,-0.23600000000043994,-33.884787177728036,0.45491104354202416,-3.5525995921626687e-13,-0.17544999242159864,-0.06686075267707663,7.080662963341129e-11,0.02544981828163463,0,70,255.0,255.0,255.0
1354,67.7,75.7449143037634,-0.23600000000035404,-33.893527249091406,0.45148976489718007,4.095968251047642e-12,-0.17414054241667834,-0.06999039311669444,1.0724249877715521e-10,0.026928181915180045,0,70,255.0,255.0,255.0
1355,67.75,75.7674,-0.236,-33.9022,0.4479120042303551,1.0368989918498643e-11,-0.17275717423008075,-0.07312003355631314,1.4367836792089915e-10,0.028406545548726125,0,70,255.0,255.0,255.0
1356,67.8,75.78970345616949,-0.23599999999935858,-33.91080233781749,0.44421136254824195,1.4153454005510253e-11,-0.17133608422826446,-0.07490563372822263,7.700195559573906e-12,0.028437054523929105,0,70,255.0,255.0,255.0
1357,67.85000000000001,75.81181964825467,-0.23599999999869795,-33.91933358299868,0.4404214408575322,1.1139009474454167e-11,-0.1699134687776876,-0.07669123390013266,-1.2827797680178996e-10,0.02846756349913209,0,70,255.0,255.0,255.0
1358,67.9,75.83374411225512,-0.23599999999835802,-33.92779365927112,0.43654223915822804,1.3256563253320897e-12,-0.168489327878351,-0.07847683407204216,-2.642561491631152e-10,0.02849807247433507,0,70,255.0,255.0,255.0
1359,67.95,75.85547238417035,-0.2359999999986787,-33.93618249036237,0.4325737574503284,-1.5286605441855854e-11,-0.16706366153025426,-0.08026243424395166,-4.002343215244405e-10,0.02852858144953805,0,70,255.0,255.0,255.0
1360,68.0,75.877,-0.236,-33.9445,0.42851599573383337,-3.8697775827109676e-11,-0.16563646973339735,-0.08204803441586073,-5.362124938857656e-10,0.028559090424741473,0,70,255.0,255.0,255.0
1361,68.05,75.8983227197608,-0.2360000000023937,-33.95274519145678,0.4243823950412193,-5.282148001385823e-11,-0.16415252520052637,-0.08329599328871382,-2.8735673584208637e-11,0.030798690890101593,0,70,255.0,255.0,255.0
1362,68.10000000000001,75.9194371995384,-0.2360000000048592,-33.960913386186334,0.4201863964049613,-4.157134318552357e-11,-0.16255660064438687,-0.08454395216156727,4.787411467174925e-10,0.03303829135546235,0,70,255.0,255.0,255.0
1363,68.15,75.94034031943558,-0.23600000000612792,-33.96899898518749,0.4159279998250618,-4.947365342112082e-12,-0.16084869606497987,-0.08579191103442035,9.862179670190495e-10,0.03527789182082247,0,70,255.0,255.0,255.0
1364,68.2,75.96102895955516,-0.2360000000049311,-33.9769963894591,0.4116072053015197,5.7050453516375765e-11,-0.15902881146230483,-0.08703986990727344,1.4936947873206066e-09,0.03751749228618259,0,70,255.0,255.0,255.0
1365,68.25,75.9815,-0.236,-33.9849,0.40722401283433496,1.4442211338994005e-10,-0.1570969468363618,-0.08828782878012831,2.0011716076221634e-09,0.03975709275154338,0,70,255.0,255.0,255.0
1366,68.3,76.00174966478725,-0.23599999999106655,-33.992705696355394,0.40273905728691073,1.9713246604992263e-10,-0.15514181496969448,-0.09111039311685067,1.0724249877726049e-10,0.03844818191515363,0,70,255.0,255.0,255.0
1367,68.35000000000001,76.02177155359175,-0.235999999981865,-34.000415272256,0.39811297352264907,1.5514636326764016e-10,-0.15325212864484614,-0.09393295745357383,-1.7866866100681801e-09,0.03713927107876351,0,70,255.0,255.0,255.0
1368,68.4,76.04155861000258,-0.2359999999771302,-34.00803199997891,0.3933457615415526,1.8463805043116324e-11,-0.1514278878618178,-0.0967555217902962,-3.6806157189130826e-09,0.035830360242373765,0,70,255.0,255.0,255.0
1369,68.45,76.06110377760893,-0.2359999999815969,-34.01555915180122,0.38843742134362,-2.1291520862364724e-10,-0.14966909262060896,-0.09957808612701856,-5.574544827757986e-09,0.03452144940598402,0,70,255.0,255.0,255.0
1370,68.5,76.0804,-0.236,-34.023,0.3833879529288513,-5.389906777326505e-10,-0.14797574292121962,-0.10240065046374092,-7.468473936602886e-09,0.03321253856959405,0,70,255.0,255.0,255.0
1371,68.55,76.09944102109012,-0.23600000003334,-34.030356023121655,0.37824537581116063,-7.357083841858323e-10,-0.14624021492073505,-0.10330243424389701,-4.002343215248332e-10,0.036208581449792915,0,70,255.0,255.0,255.0
1372,68.60000000000001,76.11822378609463,-0.23600000006768065,-34.03762152478968,0.3730577095044607,-5.790141098850368e-10,-0.14435488477623998,-0.10420421802405337,6.66800529355523e-09,0.03920462432999263,0,70,255.0,255.0,255.0
1373,68.65,76.13674604055409,-0.2360000000853512,-34.04478901489688,0.3678249540087545,-6.890785483035289e-11,-0.14231975248773548,-0.10510600180420947,1.3736244908633282e-08,0.0422006672101915,0,70,255.0,255.0,255.0
1374,68.7,76.15500553000903,-0.23600000006868121,-34.05185100333605,0.3625471093240404,7.946103809782131e-10,-0.14013481805522104,-0.10600778558436558,2.0804484523711334e-08,0.04519671009039036,0,70,255.0,255.0,255.0
1375,68.75,76.173,-0.236,-34.0588,0.3572241754503184,2.011540597540662e-09,-0.13780008147869674,-0.106909569364523,2.7872724138789375e-08,0.04819275297058989,0,70,255.0,255.0,255.0
1376,68.8,76.19072625085225,-0.23599999987557332,-34.065630211158,0.3517994394685183,2.7457010706934062e-09,-0.1354173253472832,-0.11007986990749331,1.493694787322076e-09,0.04711749228595636,0,70,255.0,255.0,255.0
1377,68.85000000000001,76.20817730202972,-0.2359999997474124,-34.0723426285853,0.3462161884595681,2.160910076272507e-09,-0.13308833225010072,-0.11325017045046454,-2.488533456415272e-08,0.04604223160132252,0,70,255.0,255.0,255.0
1378,68.9,76.22534522778108,-0.23599999968146484,-34.078939940433585,0.3404744224234709,2.57167614278297e-10,-0.13081310218715056,-0.11642047099343485,-5.126436391562002e-08,0.044966970916688984,0,70,255.0,255.0,255.0
1379,68.95,76.24222210235496,-0.23599999974367816,-34.085424834854585,0.3345741413602253,-2.965526315289204e-09,-0.12859163515843208,-0.11959077153640517,-7.764339326708733e-08,0.04389171023205545,0,70,255.0,255.0,255.0
1380,69.0,76.2588,-0.236,-34.0918,0.32851534526983117,-7.507171712429996e-09,-0.12642393116394526,-0.12276107207937681,-1.0402242261855462e-07,0.04281644954742325,0,70,255.0,255.0,255.0
1381,69.05,76.27507157550086,-0.23600000046436664,-34.09806713224632,0.32233286631467817,-1.0247095898587792e-08,-0.12425048369011246,-0.12453808612675601,-5.574544827763473e-09,0.04412144940589361,0,70,255.0,255.0,255.0
1382,69.10000000000001,76.29103180578642,-0.2360000009426697,-34.10422396086913,0.31606153665715453,-8.064626195204994e-09,-0.12201178622335551,-0.12631510017413575,9.287333296305566e-08,0.045426449264364344,0,70,255.0,255.0,255.0
1383,69.15,76.30667624832155,-0.2360000011887894,-34.11026722336877,0.3097013562972636,-9.597626022828336e-10,-0.11970783876367566,-0.12809211422151495,1.913212107538468e-07,0.0467314491228347,0,70,255.0,255.0,255.0
1384,69.2,76.3220004605711,-0.23600000095660603,-34.11619365724561,0.3032523252350037,1.1067494880178605e-08,-0.11733864131107231,-0.12986912826889416,2.89769088544638e-07,0.04803644898130507,0,70,255.0,255.0,255.0
1385,69.25,76.337,-0.236,-34.122,0.29671444347037484,2.801714625217932e-08,-0.11490419386554541,-0.1316461423162747,3.8821696633542915e-07,0.04934144883977665,0,70,255.0,255.0,255.0
1386,69.3,76.35167064714426,-0.23599999826696,-34.127682859856705,0.2901010952728573,3.824268252365776e-08,-0.1123967398922866,-0.13288778558444003,2.080448452373184e-08,0.0509567100905816,0,70,255.0,255.0,255.0
1387,69.35000000000001,76.36600907482458,-0.2359999964819088,-34.13323832793818,0.2834256649119297,3.009759470454746e-08,-0.10980852285648679,-0.1341294288526057,-3.4660799728806997e-07,0.05257197134138701,0,70,255.0,255.0,255.0
1388,69.4,76.38001217893273,-0.23599999556337758,-34.13866236609132,0.27668815238759564,3.5818827948530383e-09,-0.10713954275814747,-0.13537107212077104,-7.140204790997673e-07,0.054187232592191964,0,70,255.0,255.0,255.0
1389,69.45,76.3936768553606,-0.23599999642989758,-34.14395093616296,0.26988855769985337,-4.130445320542522e-08,-0.10438979959726791,-0.13661271538893638,-1.0814329609114645e-06,0.05580249384299692,0,70,255.0,255.0,255.0
1390,69.5,76.407,-0.236,-34.1491,0.2630268808487028,-1.0456141329628728e-07,-0.10155929337384809,-0.1378543586571026,-1.4488454427231619e-06,0.057417755093802425,0,70,255.0,255.0,255.0
1391,69.55,76.41997783592208,-0.2360000064677933,-34.154106228326846,0.25606275259386163,-1.4272363419604323e-07,-0.09869055674070429,-0.14071077153656059,-7.76433932671638e-08,0.05733171023195643,0,70,255.0,255.0,255.0
1392,69.60000000000001,76.4326038949153,-0.23600001312969504,-34.158969127378114,0.2489558036950455,-1.1232575262298481e-07,-0.09582612235065195,-0.1435671844160194,1.293558656189224e-06,0.05724566537011041,0,70,255.0,255.0,255.0
1393,69.65,76.44487103594751,-0.23600001655770014,-34.16368891226597,0.2417060341522585,-1.336776857712931e-08,-0.09296599020369276,-0.14642359729547738,2.664760705645222e-06,0.05715962050826441,0,70,255.0,255.0,255.0
1394,69.7,76.45677211798647,-0.2360000133238035,-34.16826579810254,0.23431344396549858,1.541503179415223e-07,-0.09011016029982585,-0.14928001017493536,4.03596275510122e-06,0.05707357564641841,0,70,255.0,255.0,255.0
1395,69.75,76.4683,-0.236,-34.1727,0.2267780331347658,3.902285069329698e-07,-0.08725863263905125,-0.15213642305439334,5.407164804557217e-06,0.05698753078457208,0,70,255.0,255.0,255.0
1396,69.8,76.47944840916742,-0.23599997586186686,-34.17699142683589,0.2191518943516922,5.326518542605152e-07,-0.08439303314490675,-0.1529091282685681,2.897690885449224e-07,0.05763644898121475,0,70,255.0,255.0,255.0
1397,69.85000000000001,76.49021454551416,-0.23599995099931098,-34.181138762549324,0.21148712030790767,4.1920541578739187e-07,-0.08149498774092927,-0.15368183348274306,-4.827626627468825e-06,0.058285367177857594,0,70,255.0,255.0,255.0
1398,69.9,76.50059647727718,-0.2359999382058217,-34.185140384844814,0.2037837110034166,4.988919151366408e-08,-0.07856449642712049,-0.15445453869691778,-9.94502234348112e-06,0.05893428537450026,0,70,255.0,255.0,255.0
1399,69.95,76.5105922726935,-0.23599995027488826,-34.188994671426876,0.19604166643821677,-5.752968185606637e-07,-0.07560155920347958,-0.15522724391109252,-1.5062418059493415e-05,0.05958320357114292,0,70,255.0,255.0,255.0
1400,70.0,76.5202,-0.236,-34.1927,0.1882609866123082,-1.4563526144355918e-06,-0.07260617607000654,-0.15599994912526882,-2.0179813775505716e-05,0.060232121767785585,0,70,255.0,255.0,255.0
1401,70.05,76.52941652740827,-0.23600009008473927,-34.19625446432959,0.180369669999448,-1.9878837828460177e-06,-0.06956131067973237,-0.1596527153891561,-1.0814329609125328e-06,0.06156249384318832,0,70,255.0,255.0,255.0
1402,70.10000000000001,76.53823392302806,-0.2360001828730609,-34.19965502242458,0.1722957150733912,-1.5644959105265824e-06,-0.06644992668568715,-0.16330548165304443,1.8016947853686078e-05,0.06289286591859143,0,70,255.0,255.0,255.0
1403,70.15,76.54664305494371,-0.23600023061901296,-34.20289834835477,0.16403912183414224,-1.8618899747752818e-07,-0.0632720240878727,-0.1669582479169317,3.7115328668279265e-05,0.06422323799399415,0,70,255.0,255.0,255.0
1404,70.2,76.5546347912396,-0.23600018557664335,-34.205981116189975,0.15559989028169896,2.1470369563011327e-06,-0.06002760288628811,-0.17061101418081898,5.621370948287245e-05,0.06555361006939689,0,70,255.0,255.0,255.0
1405,70.25,76.5622,-0.236,-34.2089,0.14697802041606128,5.435181950809398e-06,-0.05671666308093339,-0.17426378044470692,7.531209029746562e-05,0.06688398214479946,0,70,255.0,255.0,255.0
1406,70.3,76.56933108119954,-0.23599966379917606,-34.21165231584574,0.13826542565057046,7.4188832771235555e-06,-0.053377724136151994,-0.17424001017494506,4.035962755105196e-06,0.06667357564646403,0,70,255.0,255.0,255.0
1407,70.35000000000001,76.57602656237361,-0.23599931750844522,-34.214237947752366,0.1295540193985653,5.838778226318939e-06,-0.050049305516286426,-0.1742162399051832,-6.724016478727547e-05,0.06646316914812855,0,70,255.0,255.0,255.0
1408,70.4,76.58228650294795,-0.23599913931812638,-34.21665742173612,0.12084380166005067,6.948667983964436e-07,-0.04673140722133857,-0.17419246963542134,-0.0001385162923296359,0.06625276264979313,0,70,255.0,255.0,255.0
1409,70.45,76.58811096234818,-0.23599930741853836,-34.21891126381325,0.11213477243502415,-8.012851006643867e-06,-0.04342402925130749,-0.17416869936565949,-0.00020979241987199634,0.0660423561514577,0,70,255.0,255.0,255.0
1410,70.5,76.5935,-0.236,-34.221,0.10342693172348573,-2.0284375188801997e-05,-0.04012717160619318,-0.17414492909589774,-0.0002810685474143568,0.06583194965312228,0,70,255.0,255.0,255.0
1411,70.55,76.59845114779364,-0.23600125471855649,-34.22292267228744,0.09456862739831122,-2.7687649325648203e-05,-0.03675179277559242,-0.1801872439111029,-1.5062418059508275e-05,0.06918320357091574,0,70,255.0,255.0,255.0
1412,70.60000000000001,76.60295182747748,-0.23600254709315807,-34.224672386565956,0.08540820733237382,-2.179061699474917e-05,-0.033208851249100974,-0.1862295587263098,0.0002509437112954159,0.07253445748871018,0,70,255.0,255.0,255.0
1413,70.65,76.60698693326452,-0.23600321210848146,-34.226240764700755,0.07594567152567873,-2.5932781961082537e-06,-0.02949834702672083,-0.19227187354151498,0.0005169498406502644,0.07588571140650364,0,70,255.0,255.0,255.0
1414,70.7,76.6105413593677,-0.23600258474920324,-34.227619428557034,0.0661810199782234,2.9904367070274327e-05,-0.02562028010845104,-0.19831418835672016,0.0007829559700051129,0.07923696532429711,0,70,255.0,255.0,255.0
1415,70.75,76.6136,-0.236,-34.2288,0.05611425269000783,7.570231880439859e-05,-0.021574650494291574,-0.20435650317192566,0.0010489620993599613,0.08258821924209056,0,70,255.0,255.0,255.0
1416,70.8,76.61615472762595,-0.23599531732659804,-34.22977779500449,0.04616406475618428,0.00010333171402546923,-0.017583104761505285,-0.19365101418103897,5.6213709482927756e-05,0.07707361006937018,0,70,255.0,255.0,255.0
1417,70.85000000000001,76.61822532771644,-0.23599049411892234,-34.230562905983795,0.03674915127190243,8.132368975267771e-05,-0.013867289487353978,-0.18294552519014923,-0.0009365346803943881,0.07155900089664821,0,70,255.0,255.0,255.0
1418,70.9,76.61983856399398,-0.23598801224794766,-34.231169119460866,0.027869512237167646,9.678245986036524e-06,-0.010427204671839772,-0.17224003619926254,-0.0019292830702714219,0.06604439172392783,0,70,255.0,255.0,255.0
1419,70.95,76.62102120018099,-0.23599035358464862,-34.231610221958626,0.01952514765197716,-0.00011160461727445351,-0.007262850314961569,-0.16153454720837584,-0.0029220314601484556,0.06052978255120744,0,70,255.0,255.0,255.0
1420,71.0,76.6218,-0.236,-34.2319,0.011716057516330975,-0.00028252490002879236,-0.004374226416719374,-0.1508290582174892,-0.003914779850025489,0.05501517337848702,0,70,255.0,255.0,255.0
1421,71.05,76.62221314170256,-0.2360174759750514,-34.23205574769463,0.005127113576762642,-0.0003856392067762288,-0.0019717881784643027,-0.11272869936525906,-0.0002097924198722033,0.04108235615172128,0,70,255.0,255.0,255.0
1422,71.10000000000001,76.62234446165672,-0.2360354764311525,-34.232108789498874,0.00044318757980464987,-0.0003035041420159619,-0.0002659908015470928,-0.07462834051301807,0.003495195010282136,0.02714953892495158,0,70,255.0,255.0,255.0
1423,71.15,76.62228921075959,-0.23604473889972785,-34.2320939574558,-0.002335720474540344,-3.6119705748037956e-05,0.0007431657140312851,-0.036527981660787925,0.007200182440435422,0.013216721698185843,0,70,255.0,255.0,255.0
1424,71.2,76.62214263990832,-0.23603600091220214,-34.232046083608495,-0.0032096105862739355,0.0004165141020275394,0.0010556813682714161,0.0015723771914422369,0.010905169870588708,-0.0007160955285798951,0,70,255.0,255.0,255.0
1425,71.25,76.622,-0.236,-34.232,-0.002178482755396126,0.0010543972813107708,0.0006715561611732987,0.0396727360436724,0.014610157300741994,-0.014648912755345645,0,70,255.0,255.0,255.0
1426,71.3,76.6219351055638,-0.23593477877319632,-34.231982414217015,-0.0005285190632201319,0.001439225113079446,7.825747539543104e-05,0.026325811643371125,0.000782955970005883,-0.009083034675770409,0,70,255.0,255.0,255.0
1427,71.35000000000001,76.62193602565667,-0.23586760015646765,-34.23198753602073,0.0004540984089410208,0.001132692878311169,-0.00023674730640374053,0.012978887243066055,-0.013044245360734156,-0.0035171565961935897,0,70,255.0,255.0,255.0
1428,71.4,76.62196939296769,-0.2358330321531408,-34.23200145071593,0.0007693696610867741,0.00013480057700611522,-0.0002734581842240367,-0.0003680371572352195,-0.02687144669147027,0.002048721483381649,0,70,255.0,255.0,255.0
1429,71.45,76.62200184018579,-0.23586564276654262,-34.23201024360741,0.0004172946932174994,-0.0015544517908357043,-3.1875158065587314e-05,-0.0137149615575365,-0.04069864802220638,0.007614599562956884,0,70,255.0,255.0,255.0
1430,71.5,76.622,-0.236,-34.232,-0.000602126494666798,-0.003935064225214291,0.0004880017720716083,-0.02706188595783778,-0.05452584935294249,0.013180477642532119,0,70,255.0,255.0,255.0
1431,71.55,76.62194403604231,-0.2362434089321632,-34.2319633954373,-0.0014770373238310818,-0.0053712612455415545,0.0008907582769116312,-0.007934547208735567,-0.0029220314601513322,0.0029297825510697095,0,70,255.0,255.0,255.0
1432,71.60000000000001,76.62186823571656,-0.23649412294297686,-34.23191946641822,-0.0013955812155401505,-0.004227267371228716,0.0007809800271784586,0.011192791540372077,0.04868178643265449,-0.007320912540395611,0,70,255.0,255.0,255.0
1433,71.65,76.62182041736969,-0.2366231324877088,-34.23189383968049,-0.00035775816979405003,-0.0005030826022764234,0.00015866702287215288,0.03032013028947429,0.10028560432544564,-0.01757160763185802,0,70,255.0,255.0,255.0
1434,71.7,76.62184839934855,-0.23650142802162719,-34.231912141961836,0.0016364318134071063,0.005801293061315282,-0.000976180736007244,0.04944746903857651,0.15188942221823679,-0.027822302723320425,0,70,255.0,255.0,255.0
1435,71.75,76.622,-0.236,-34.232,0.004586988734063318,0.014685859619546392,-0.0026235632494597317,0.06857480778767872,0.20349324011102787,-0.038072997814782863,0,70,255.0,255.0,255.0
1436,71.8,76.62233835026703,-0.23498918549815082,-34.23219440403379,0.009412668358547418,0.02618981986908606,-0.005465290583040908,0.12445237719169622,0.256665169870585,-0.07559609552847069,0,70,255.0,255.0,255.0
1437,71.85000000000001,76.62298783147702,-0.23333670807162465,-34.232577798306394,0.017032226453234794,0.04035237660660784,-0.010183172802307978,0.18032994659572962,0.30983709963015726,-0.11311919324216918,0,70,255.0,255.0,255.0
1438,71.9,76.62408813755351,-0.2309096378960236,-34.233243990562116,0.027445663018121125,0.05717352983210367,-0.016777209907258256,0.23620751599974713,0.36300902938971435,-0.15064229095585702,0,70,255.0,255.0,255.0
1439,71.95,76.62577896242001,-0.22757504514694832,-34.23428678854522,0.040652978053208166,0.07665327954557721,-0.025247401897892822,0.29208508540376465,0.4161809591492715,-0.1881653886695448,0,70,255.0,255.0,255.0
1440,72.0,76.6282,-0.2232,-34.2358,0.056654171558495926,0.09879162574702846,-0.03559374877421167,0.34796265480778205,0.46935288890882876,-0.22568848638323274,0,70,255.0,255.0,255.0
1441,72.05,76.63146336288962,-0.21773024907523417,-34.23786218842754,0.07379436388974259,0.11886798176919312,-0.04690159594472133,0.3376450384421234,0.33370135197780304,-0.22662540043717963,0,70,255.0,255.0,255.0
1442,72.10000000000001,76.63557083837534,-0.211426244770522,-34.240490940356175,0.09041867540271101,0.1321617609448097,-0.05825628881793157,0.3273274220764618,0.1980498150467388,-0.22756231449112677,0,70,255.0,255.0,255.0
1443,72.15,76.64049663241626,-0.20462711592819477,-34.243688598071046,0.10652710609739172,0.13867296327387063,-0.06965782739383594,0.3170098057108032,0.06239827811571308,-0.22849922854507365,0,70,255.0,255.0,255.0
1444,72.2,76.64621495097144,-0.19767199139057823,-34.247457503857284,0.12211965597378951,0.13840158875638062,-0.08110621167243764,0.3066921893451446,-0.07325325881531264,-0.22943614259902054,0,70,255.0,255.0,255.0
1445,72.25,76.6527,-0.1909,-34.2518,0.13719632503190443,0.13134763739233976,-0.0926014416537367,0.2963745729794858,-0.20890479574633902,-0.2303730566529677,0,70,255.0,255.0,255.0
1446,72.3,76.6599321981745,-0.18462981820091434,-34.25672164225603,0.1521298760823592,0.11873825305413796,-0.10433632563814113,0.3009674690387392,-0.2954705777817618,-0.2390223027232365,0,70,255.0,255.0,255.0
1447,72.35000000000001,76.66791681502163,-0.1790983128462816,-34.26224084026887,0.167293071935781,0.10180057961415982,-0.1165036719260625,0.30556036509799395,-0.3820363598172092,-0.24767154879350772,0,70,255.0,255.0,255.0
1448,72.4,76.67666533278147,-0.17452189839119342,-34.268379217153694,0.18268591259216113,0.08053461707241502,-0.1291034805174939,0.3101532611572474,-0.468602141852632,-0.25632079486377646,0,70,255.0,255.0,255.0
1449,72.45,76.68618923369421,-0.17111698929073674,-34.27515839602569,0.19830839805150396,0.054940365428899296,-0.1421357514124387,0.31474615721650084,-0.5551679238880547,-0.26497004093404525,0,70,255.0,255.0,255.0
1450,72.5,76.6965,-0.1691,-34.2826,0.21416052831380944,0.02501782468361269,-0.1556004846108969,0.3193390532757534,-0.6417337059234778,-0.27361928700431437,0,70,255.0,255.0,255.0
1451,72.55,76.70760864441233,-0.16869367812111002,-34.290725642548324,0.2302141317808014,-0.009612993985740444,-0.16949710150273875,0.32280508540396213,-0.7434990408507264,-0.2822453886693913,0,70,255.0,255.0,255.0
1452,72.60000000000001,76.7195243015382,-0.1701461038443474,-34.29955689856833,0.24644103685420846,-0.04933207940146772,-0.18382502347783858,0.3262711175321719,-0.8452643757780038,-0.29087149033447074,0,70,255.0,255.0,255.0
1453,72.65,76.73225563645786,-0.17371169050702936,-34.309115333314175,0.26284124353402133,-0.0941394315635466,-0.19858425053618817,0.32973714966038065,-0.9470297107052523,-0.2994975919995477,0,70,255.0,255.0,255.0
1454,72.7,76.7458113142517,-0.1796448514464742,-34.31942251204,0.2794147518202446,-0.14403505047198759,-0.2137747826777916,0.33320318178858943,-1.048795045632501,-0.30812369366462466,0,70,255.0,255.0,255.0
1455,72.75,76.7602,-0.1882,-34.3305,0.29616156171287833,-0.19901893612679072,-0.2293966199026489,0.3366692139167977,-1.15056038055975,-0.3167497953297007,0,70,255.0,255.0,255.0
1456,72.8,76.77542922417612,-0.199628269314645,-34.34236858755066,0.31301359679442414,-0.25889427711116353,-0.24540326835086904,0.3374121893450738,-1.244453258815299,-0.32351614259914163,0,70,255.0,255.0,255.0
1457,72.85000000000001,76.79150197882562,-0.21416767177633242,-34.35504596545781,0.3299027806473886,-0.32346426200833256,-0.2617482341625659,0.33815516477335,-1.3383461370708745,-0.33028248986858444,0,70,255.0,255.0,255.0
1458,72.9,76.80842012138706,-0.232052939580693,-34.36854904958963,0.346829113271762,-0.39272889081826107,-0.2784315173377302,0.33889814020162606,-1.4322390153264235,-0.33704883713802536,0,70,255.0,255.0,255.0
1459,72.95,76.826185509299,-0.25351880492336926,-34.382894755814306,0.3637925946675493,-0.4666881635409667,-0.2954531178763665,0.33964111562990207,-1.5261318935819723,-0.3438151844074663,0,70,255.0,255.0,255.0
1460,73.0,76.8448,-0.2788,-34.3981,0.3807932248347503,-0.5453420801764497,-0.31281303577847486,0.34038409105817724,-1.6200247718375156,-0.3505815316769052,0,70,255.0,255.0,255.0
1461,73.05,76.86426805888313,-0.3081380446203053,-34.41418160724904,0.39798748104160925,-0.6290978975695838,-0.33050582509374904,0.34738615721621885,-1.730207923888041,-0.35713004093410206,0,70,255.0,255.0,255.0
1462,73.10000000000001,76.8846045831593,-0.34180160905034046,-34.431156039600424,0.41553184055637526,-0.7183628725652701,-0.3485260398718882,0.35438822337426246,-1.840391075938598,-0.36367855019130074,0,70,255.0,255.0,255.0
1463,73.15,76.9058270779939,-0.3800661511702126,-34.44903966832728,0.4334263033790384,-0.8131370051634578,-0.36687368011288213,0.3613902895323041,-1.9505742279891234,-0.3702270594484976,0,70,255.0,255.0,255.0
1464,73.2,76.92795304855233,-0.423207128860057,-34.46784886470276,0.4516708695096036,-0.9134202953641714,-0.3855487458167358,0.36839235569034573,-2.060757380039649,-0.3767755687056944,0,70,255.0,255.0,255.0
1465,73.25,76.951,-0.4715,-34.4876,0.4702655389480709,-1.019212743167411,-0.4045512369834494,0.3753944218483882,-2.1709405320901745,-0.38332407796289036,0,70,255.0,255.0,255.0
1466,73.3,76.97496254029134,-0.5251795522041227,-34.508302583453165,0.48783647903899646,-1.1280741326104715,-0.42346943127413583,0.32744318178867365,-2.183515045632496,-0.3734036936646087,0,70,255.0,255.0,255.0
1467,73.35000000000001,76.99974368853718,-0.5843178920223435,-34.5299386761405,0.5030098571269404,-1.2375642477306794,-0.44189160634991337,0.2794919417289455,-2.1960895591748213,-0.3634833093663242,0,70,255.0,255.0,255.0
1468,73.4,77.02522356663732,-0.6489464557384849,-34.55248347710125,0.515785673211894,-1.3476830885279723,-0.4598177622107715,0.2315407016692309,-2.2086640727171427,-0.35356292506804254,0,70,255.0,255.0,255.0
1469,73.45,77.05128229649165,-0.7190966796364184,-34.57591218537466,0.5261639272938621,-1.4584306550023811,-0.47724789885671554,0.18358946160951634,-2.2212385862594646,-0.34364254076976086,0,70,255.0,255.0,255.0
1470,73.5,77.0778,-0.7948,-34.6002,0.5341446193728447,-1.5698069471539062,-0.4941820162877456,0.1356382215498062,-2.2338130998017895,-0.3337221564714783,0,70,255.0,255.0,255.0
1471,73.55,77.10465217995144,-0.8760709465631845,-34.62532805893828,0.5394506028023509,-1.680797571988494,-0.5109764498097168,0.07660111563045094,-2.2058118935819695,-0.3380551844074098,0,70,255.0,255.0,255.0
1472,73.60000000000001,77.13169586269198,-0.9628564228603487,-34.651301255837595,0.5418047309358897,-1.7903881365121215,-0.5279875347284895,0.017564009711078896,-2.1778106873621415,-0.34238821234334244,0,70,255.0,255.0,255.0
1473,73.65,77.15878345545677,-1.0550864258758939,-34.67813042326775,0.5412070037734598,-1.898578640724727,-0.5452152710440539,-0.04147309620827638,-2.149809481142321,-0.3467212402792739,0,70,255.0,255.0,255.0
1474,73.7,77.18576736548106,-1.152690952594294,-34.7058263937986,0.5376574213150622,-2.005369084626342,-0.562659658756415,-0.10051020212763165,-2.121808274922501,-0.35105426821520536,0,70,255.0,255.0,255.0
1475,73.75,77.2125,-1.2556,-34.7344,0.5311559835606972,-2.110759468216965,-0.5803206978655724,-0.1595473080469878,-2.093807068702663,-0.3553872961511324,0,70,255.0,255.0,255.0
1476,73.8,77.23883513990287,-1.3637478615431107,-34.763860380793695,0.521785109751768,-2.2150075794355164,-0.5980967694869915,-0.21528764431020203,-2.0761173800396353,-0.3556555687056736,0,70,255.0,255.0,255.0
1477,73.85000000000001,77.26463206069496,-1.4770860165363529,-34.79420990050917,0.5096272191296743,-2.3183712062209456,-0.6158862547361428,-0.2710279805734321,-2.058427691376602,-0.3559238412602149,0,70,255.0,255.0,255.0
1478,73.9,77.28975141153563,-1.5955702407580046,-34.825449229827775,0.4946823116944232,-2.420850348573195,-0.6336891536130161,-0.3267683168366463,-2.0407380027135744,-0.35619211381475613,0,70,255.0,255.0,255.0
1479,73.95,77.31405384158418,-1.7191563099864393,-34.85757903943093,0.47695038744601154,-2.522445006492292,-0.6515054661176164,-0.38250865309986054,-2.0230483140505466,-0.35646038636929733,0,70,255.0,255.0,255.0
1480,74.0,77.3374,-1.8478,-34.8906,0.45643144638443933,-2.623155179978238,-0.6693351922499438,-0.43824898936307743,-2.005358625387508,-0.35672865892383854,0,70,255.0,255.0,255.0
1481,74.05,77.3596504604371,-1.9814560072643352,-34.92451361788692,0.43312095819059865,-2.7229161102694066,-0.6872284722422852,-0.4941705383906021,-1.9850785862594575,-0.35900254076986243,0,70,255.0,255.0,255.0
1482,74.10000000000001,77.38066549452822,-2.1200747109943587,-34.95932474212578,0.40701439254537414,-2.8216630386042008,-0.7052354463269331,-0.5500920874181426,-1.964798547131401,-0.361276422615887,0,70,255.0,255.0,255.0
1483,74.15,77.40030529840078,-2.2636054110921715,-34.99503905742116,0.3781117494487805,-2.919395964982564,-0.723356114503877,-0.6060136364456672,-1.9445185080033502,-0.3635503044619109,0,70,255.0,255.0,255.0
1484,74.2,77.41843006818223,-2.4119974074599915,-35.031662248477694,0.3464130289008108,-3.0161148894045247,-0.7415904767731222,-0.6619351854731919,-1.9242384688752994,-0.36582418630793484,0,70,255.0,255.0,255.0
1485,74.25,77.4349,-2.5652,-35.0692,0.31191823090146503,-3.111819811870083,-0.7599385331346683,-0.7178567345007192,-1.9039584297472345,-0.36809806815395785,0,70,255.0,255.0,255.0
1486,74.3,77.44957421834877,-2.723163309399502,-35.10765714765862,0.2745630574857638,-3.206559979486821,-0.7783493415438936,-0.7763502021274147,-1.8856482749224976,-0.3683342682150945,0,70,255.0,255.0,255.0
1487,74.35000000000001,77.46230756119222,-2.8858407394863566,-35.14703513098778,0.23428321068871613,-3.3003846393623486,-0.7967719599561809,-0.8348436697541269,-1.8673381200977557,-0.36857046827623124,0,70,255.0,255.0,255.0
1488,74.4,77.47295379486128,-3.0531865148734094,-35.187334540487626,0.19107869051034482,-3.393293791496612,-0.8152063883715198,-0.8933371373808224,-1.8490279652730188,-0.36880666833736786,0,70,255.0,255.0,255.0
1489,74.45,77.4813666856869,-3.2251548601736446,-35.22855596665831,0.1449494969506389,-3.4852874358896395,-0.8336526267899156,-0.951830605007518,-1.830717810448282,-0.36904286839850453,0,70,255.0,255.0,255.0
1490,74.5,77.4874,-3.4017,-35.2707,0.09589563000959844,-3.5763655725414307,-0.8521106752113682,-1.010324072634214,-1.8124076556235558,-0.3692790684596412,0,70,255.0,255.0,255.0
1491,74.55,77.49091026616782,-3.582773955137602,-35.313768191478594,0.044082811866251743,-3.6663959717832784,-0.8706381615820897,-1.0621886530997717,-1.7888083140505648,-0.37182038636926157,0,70,255.0,255.0,255.0
1492,74.60000000000001,77.49176506070289,-3.768319931060383,-35.35776593392314,-0.010323235300388534,-3.755246403946502,-0.8892927138482976,-1.1140532335653444,-1.7652089724775673,-0.3743617042788826,0,70,255.0,255.0,255.0
1493,74.65,77.48983472215406,-3.958278929414305,-35.402699580628365,-0.06732251149029146,-3.8429168690310505,-0.9080743320099811,-1.165917814030902,-1.7416096309045765,-0.37690302218850297,0,70,255.0,255.0,255.0
1494,74.7,77.48498958907014,-4.152591951845489,-35.448575484889055,-0.1269150167034721,-3.92940736703695,-0.9269830160671457,-1.2177823944964599,-1.7180102893315856,-0.3794443400981233,0,70,255.0,255.0,255.0
1495,74.75,77.4771,-4.3512,-35.4954,-0.1891007509399305,-4.014717897964199,-0.9460187660197913,-1.2696469749620176,-1.6944109477586053,-0.3819856580077383,0,70,255.0,255.0,255.0
1496,74.8,77.46602791697991,-4.554051270050029,-35.54317888642695,-0.25438230495080477,-4.099280133380041,-0.9651460121276861,-1.3416151854731024,-1.6880784688752744,-0.38310418630809595,0,70,255.0,255.0,255.0
1497,74.85000000000001,77.45160179599615,-4.761122736272304,-35.591915533319685,-0.32326226948725323,-4.183525744851741,-0.9843291846506041,-1.4135833959842077,-1.6817459899919416,-0.384222714608454,0,70,255.0,255.0,255.0
1498,74.9,77.43364171652243,-4.972398567469502,-35.64161273699894,-0.39574064454923663,-4.2674547323792495,-1.0035682835885347,-1.4855516064952927,-1.6754135111086108,-0.3853412429088116,0,70,255.0,255.0,255.0
1499,74.95,77.41196775803247,-5.187862932444469,-35.692273293785455,-0.471817430136774,-4.351067095962593,-1.0228633089414831,-1.5575198170063775,-1.6690810322252798,-0.3864597712091693,0,70,255.0,255.0,255.0
1500,75.0,77.3864,-5.4075,-35.7439,-0.5514926262498655,-4.434362835601769,-1.0422142607094493,-1.6294880275174632,-1.662748553341956,-0.38757829950951894,0,70,255.0,255.0,255.0
1501,75.05,77.35675486591249,-5.631273764662214,-35.79649466281355,-0.6349855920629869,-4.516131494696521,-1.0615617899071494,-1.7102306050075848,-1.6079978104482964,-0.3863228683985309,0,70,255.0,255.0,255.0
1502,75.10000000000001,77.32283415531245,-5.859067523850613,-35.85005513279813,-0.7225156867506397,-4.595162616646612,-1.0808465475493056,-1.7909731824977293,-1.5532470675546213,-0.3850674372875426,0,70,255.0,255.0,255.0
1503,75.15,77.28443601175617,-6.090744400707835,-35.90457827137591,-0.814082910312774,-4.671456201451997,-1.100068533635907,-1.871715759987851,-1.498496324660962,-0.3838120061765546,0,70,255.0,255.0,255.0
1504,75.2,77.24135857879993,-6.326167518376708,-35.96006093996912,-0.9096872627494142,-4.745012249112699,-1.119227748166959,-1.9524583374779725,-1.4437455817673024,-0.3825565750655666,0,70,255.0,255.0,255.0
1505,75.25,77.1934,-6.5652,-36.0165,-1.00932874406056,-4.815830759628719,-1.1383241911424615,-2.0332009149680967,-1.388994838873657,-0.38130114395457504,0,70,255.0,255.0,255.0
1506,75.3,77.14038301937012,-6.807688871301038,-36.07389046231879,-1.1115313267971672,-4.882945887833847,-1.157246828243775,-2.054902394496416,-1.295610289331611,-0.37560434009799404,0,70,255.0,255.0,255.0
1507,75.35000000000001,77.08222878275399,-7.053416768325476,-36.13221993548784,-1.2148189835102194,-4.94539178856189,-1.1758846251522639,-2.0766038740247414,-1.2022257397895384,-0.3699075362414114,0,70,255.0,255.0,255.0
1508,75.4,77.01888303645282,-7.302150229699317,-36.19147417749748,-1.3191917141996587,-5.0031684618128125,-1.1942375818679192,-2.098305353553061,-1.1088411902474924,-0.3642107323848305,0,70,255.0,255.0,255.0
1509,75.45,76.95029152676777,-7.553655794048777,-36.25163894633808,-1.4246495188655137,-5.056275907586633,-1.2123056983907452,-2.12000683308138,-1.0154566407054464,-0.3585139285282495,0,70,255.0,255.0,255.0
1510,75.5,76.8764,-7.8077,-36.3127,-1.5311923975077846,-5.104714125883351,-1.2300889747207417,-2.1417083126096887,-0.9220720911633862,-0.3528171246716596,0,70,255.0,255.0,255.0
1511,75.55,76.79714745660704,-8.06405315013355,-36.374643487911264,-1.6392251007481846,-5.1487089539680655,-1.2476108971177602,-2.179599817006554,-0.837721032225277,-0.348059771209117,0,70,255.0,255.0,255.0
1512,75.60000000000001,76.7124459136715,-8.322500602847736,-36.43745712525057,-1.7491523792084591,-5.188486229105885,-1.2648949518416563,-2.2174913214034304,-0.7533699732871438,-0.34330241774657316,0,70,255.0,255.0,255.0
1513,75.65,76.6222006424325,-8.582831480495067,-36.501129018634224,-1.860974232888546,-5.224045951296787,-1.2819411388924205,-2.2553828258002957,-0.6690189143490347,-0.3385450642840306,0,70,255.0,255.0,255.0
1514,75.7,76.526316914129,-8.84483490542827,-36.56564727467858,-1.9746906617884759,-5.255388120540784,-1.2987494582700576,-2.293274330197161,-0.5846678554109255,-0.33378771082148806,0,70,255.0,255.0,255.0
1515,75.75,76.4247,-9.1083,-36.631,-2.0903016659082487,-5.282512736837876,-1.3153199099745676,-2.3311658345940245,-0.500316796472795,-0.3290303573589508,0,70,255.0,255.0,255.0
1516,75.8,76.31725755420182,-9.373015328164676,-36.69717558603613,-2.2076642702100417,-5.305386296293877,-1.3316695832851828,-2.3633383374779666,-0.41462558176730857,-0.3249565750657026,0,70,255.0,255.0,255.0
1517,75.85000000000001,76.20390676255992,-9.638767220283846,-36.76416356350995,-2.3266354996560663,-5.323975295014609,-1.3478155674811405,-2.3955108403619176,-0.32893436706179774,-0.32088279277245313,0,70,255.0,255.0,255.0
1518,75.9,76.08456719381712,-9.905341448320593,-36.831953747965684,-2.4472153542462536,-5.338279733000061,-1.3637578625624311,-2.4276833432458598,-0.24324315235631128,-0.3168090104792049,0,70,255.0,255.0,255.0
1519,75.95,75.95915841671622,-10.172523784238232,-36.90053595494761,-2.569403833980638,-5.348299610250239,-1.3794964685290594,-2.4598558461298015,-0.15755193765082476,-0.3127352281859566,0,70,255.0,255.0,255.0
1520,76.0,75.8276,-10.4401,-36.9699,-2.6932009388592197,-5.354034926765142,-1.3950313853810248,-2.492028349013758,-0.07186072294532408,-0.30866144589271016,0,70,255.0,255.0,255.0
1521,76.05,75.68981032658576,-10.707855137207657,-37.04003496794418,-2.818677818411588,-5.355441860856413,-1.4103187697415458,-2.5270468330812488,0.01558335929451786,-0.30283392852817137,0,70,255.0,255.0,255.0
1522,76.10000000000001,75.54570303608877,-10.975571316017152,-37.1109270207097,-2.9459056221673663,-5.352476590835689,-1.4253147782338444,-2.562065317148749,0.10302744153438467,-0.29700641116363086,0,70,255.0,255.0,255.0
1523,76.15,75.39519058229894,-11.243029926222738,-37.18256158950311,-3.0748843501264838,-5.345139116702974,-1.4400194108579116,-2.59708380121624,0.1904715237742266,-0.29117889379909206,0,70,255.0,255.0,255.0
1524,76.2,75.23818541900607,-11.510012357618887,-37.254924105531,-3.205614002288976,-5.333429438458268,-1.454432667613752,-2.6321022852837306,0.27791560601406856,-0.2853513764345532,0,70,255.0,255.0,255.0
1525,76.25,75.0746,-11.7763,-37.328,-3.338094578654842,-5.31734755610157,-1.4685545485013654,-2.6671207693512144,0.3653596882539034,-0.279523859070018,0,70,255.0,255.0,255.0
1526,76.3,74.90434833945523,-12.041676923004607,-37.401775742187134,-3.4722324561435456,-5.297054260280496,-1.482447337748649,-2.6983943301972286,0.4463721445891121,-0.2761877108213541,0,70,255.0,255.0,255.0
1527,76.35000000000001,74.72735069308492,-12.305937915647815,-37.47624195365134,-3.607934011674588,-5.272710341642654,-1.496173319583503,-2.7296678910432517,0.5273846009243438,-0.2728515625726894,0,70,255.0,255.0,255.0
1528,76.4,74.54352887698704,-12.56888044678864,-37.55139029402195,-3.7451992452478935,-5.244315800188058,-1.5097324940059202,-2.7609414518892654,0.6083970572595525,-0.26951541432402554,0,70,255.0,255.0,255.0
1529,76.45,74.35280470725944,-12.830301985286313,-37.62721242292839,-3.8840281568634993,-5.211870635916702,-1.523124861015904,-2.7922150127352796,0.6894095135947612,-0.26617926607536174,0,70,255.0,255.0,255.0
1530,76.5,74.1551,-13.09,-37.7037,-4.024420746521406,-5.175374848828587,-1.5363504206134548,-2.823488573581315,0.7704219699299486,-0.26284311782668723,0,70,255.0,255.0,255.0
1531,76.55,73.9503307155934,-13.347761970773828,-37.780843663307266,-4.166728357014175,-5.134229098021611,-1.549347879263775,-2.8688158461297464,0.8754080623491813,-0.25705522818614984,0,70,255.0,255.0,255.0
1532,76.60000000000001,73.73838939157143,-13.603335421391856,-37.85862996468502,-4.311302331134406,-5.08783404259366,-1.562055943432072,-2.9141431186781905,0.9803941547684439,-0.25126733854561084,0,70,255.0,255.0,255.0
1533,76.65,73.5191627097528,-13.856457886622888,-37.937044434409124,-4.458142668882017,-5.03618968254476,-1.5744746131183383,-2.9594703912266223,1.0853802471876768,-0.24547944890507345,0,70,255.0,255.0,255.0
1534,76.7,73.29253735195613,-14.106866901235952,-38.01607260275547,-4.60724937025705,-4.979296017874899,-1.586603888322578,-3.0047976637750535,1.1903663396069095,-0.23969155926453606,0,70,255.0,255.0,255.0
1535,76.75,73.0584,-14.3543,-38.0957,-4.758622435259507,-4.917153048584074,-1.5984437690447906,-3.050124936323506,1.295352432026121,-0.23390366962399156,0,70,255.0,255.0,255.0
1536,76.80000000000001,72.81668079817116,-14.598487193900064,-38.175910404583796,-4.909654115799726,-4.8493093476330555,-1.609889145196257,-2.991142285283899,1.4183956060140441,-0.22391137643455877,0,70,255.0,255.0,255.0
1537,76.85000000000001,72.5674837406292,-14.839128398785025,-38.25668058760865,-5.057736663787923,-4.775313487982659,-1.6208349066882486,-2.9321596342443086,1.5414387800019322,-0.21391908324512884,0,70,255.0,255.0,255.0
1538,76.9,72.31095628400162,-15.07591600671998,-38.337985568341615,-5.20287007922414,-4.69516546963287,-1.6312810535207687,-2.873176983204718,1.6644819539898206,-0.2039267900556989,0,70,255.0,255.0,255.0
1539,76.95,72.04724588491601,-15.308542409769961,-38.41980036604973,-5.345054362108378,-4.608865292583688,-1.6412275856938172,-2.814194332165128,1.787525127977709,-0.19393449686626896,0,70,255.0,255.0,255.0
1540,77.0,71.7765,-15.5367,-38.5021,-5.484289512440636,-4.516412956835111,-1.6506745032073944,-2.755211681125502,1.9105683019655757,-0.183942203676839,0,70,255.0,255.0,255.0
1541,77.05000000000001,71.49887889172166,-15.760110053626171,-38.584859518357646,-5.619807179787183,-4.419541511446081,-1.6596235399511998,-2.665495012735138,1.964289513594752,-0.17401926607529875,0,70,255.0,255.0,255.0
1542,77.10000000000001,71.21459404591157,-15.978609383468289,-38.66805408488047,-5.750839013714174,-4.319984005475619,-1.668076429814926,-2.5757783443447995,2.0180107252239132,-0.16409632847376132,0,70,255.0,255.0,255.0
1543,77.15,70.9238697542406,-16.19206368649735,-38.75165889222446,-5.877385014221648,-4.2177404389237,-1.676033172798575,-2.486061675954461,2.0717319368530744,-0.15417339087222387,0,70,255.0,255.0,255.0
1544,77.2,70.62693030837976,-16.400338659684277,-38.83564913304564,-5.999445181309605,-4.1128108117903235,-1.6834937689021474,-2.3963450075641224,2.125453148482235,-0.14425045327068645,0,70,255.0,255.0,255.0
1545,77.25,70.324,-16.6033,-38.92,-6.117019514978048,-4.00519512407549,-1.690458218125643,-2.3066283391738054,2.179174360111375,-0.13432751566915613,0,70,255.0,255.0,255.0
1546,77.30000000000001,70.01530043494182,-16.80080779159556,-39.00468672198572,-6.230269165051788,-3.8945566065825075,-1.6969286949989866,-2.2233576637747627,2.246366339606909,-0.12449155926452977,0,70,255.0,255.0,255.0
1547,77.35000000000001,69.70104247572426,-16.99269966734204,-39.08968467286957,-6.3393552813555445,-3.780558490114781,-1.702907374052097,-2.1400869883757436,2.313558319102424,-0.11465560285990622,0,70,255.0,255.0,255.0
1548,77.4,69.38143429903579,-17.178807647290768,-39.17496926276058,-6.44427786388935,-3.663200774672278,-1.7083942552849765,-2.056816312976725,2.3807502985979387,-0.10481964645528266,0,70,255.0,255.0,255.0
1549,77.45,69.05668408156485,-17.358963751492997,-39.26051590176773,-6.545036912653205,-3.542483460255,-1.7133893386976247,-1.9735456375777058,2.447942278093454,-0.09498369005065913,0,70,255.0,255.0,255.0
1550,77.5,68.727,-17.533,-39.3463,-6.64163242764711,-3.4184065468629474,-1.7178926242900419,-1.8902749621786796,2.515134257588958,-0.08514773364603911,0,70,255.0,255.0,255.0
1551,77.55000000000001,68.39258976851069,-17.70074837999187,-39.43229679369959,-6.734092160005736,-3.2909680622237496,-1.7218936800528506,-1.8081143321655173,2.5824051279777978,-0.07489449686627177,0,70,255.0,255.0,255.0
1552,77.60000000000001,68.05365925119105,-17.862040747163746,-39.51848082364131,-6.822443860863678,-3.1601660340651465,-1.7253820739766699,-1.7259537021523785,2.649675998366619,-0.06464126008650734,0,70,255.0,255.0,255.0
1553,77.65,67.71041384961603,-18.01670892433971,-39.604826456733264,-6.906687530220964,-3.0260004623871026,-1.728357806061501,-1.6437930721392398,2.7169468687554397,-0.054388023306742896,0,70,255.0,255.0,255.0
1554,77.7,67.36305896536066,-18.164584734343784,-39.69130805988347,-6.986823168077593,-2.888471347189618,-1.7308208763073438,-1.5616324421261008,2.784217739144261,-0.044134786526978456,0,70,255.0,255.0,255.0
1555,77.75,67.0118,-18.3055,-39.7779,-7.062850774433565,-2.747578688472693,-1.7327712847141987,-1.479471812112962,2.851488609533085,-0.03388154974722646,0,70,255.0,255.0,255.0
1556,77.80000000000001,66.65684369101498,-18.439287488437184,-39.86457650321605,-7.134690194925502,-2.603379144522279,-1.7342005847896456,-1.3941050075638661,2.9164931484821697,-0.023290453270631496,0,70,255.0,255.0,255.0
1557,77.85000000000001,66.29840211951118,-18.565783744003124,-39.95131123256525,-7.202261275189965,-2.4559293736244516,-1.7351003300412622,-1.3087382030147947,2.981497687431236,-0.012699356794039544,0,70,255.0,255.0,255.0
1558,77.9,65.93668870249982,-18.68482625535049,-40.03807771030643,-7.265564015226974,-2.305229375779172,-1.7354705204690493,-1.223371398465723,3.0465022263803023,-0.0021082603174475897,0,70,255.0,255.0,255.0
1559,77.95,65.5719168569923,-18.796252511131904,-40.124849458698414,-7.32459841503653,-2.151279150986439,-1.735311156073007,-1.1380045939166514,3.1115067653293687,0.008482836159144358,0,70,255.0,255.0,255.0
1560,78.0,65.2043,-18.8999,-40.2116,-7.379364474618633,-1.9940786992462531,-1.734622236853135,-1.0526377893675942,3.1765113042784368,0.019073932635725654,0,70,255.0,255.0,255.0
1561,78.05000000000001,64.83404986742885,-18.99560566625956,-40.29830359343633,-7.429963060292273,-1.8335953596869212,-1.7334479807885086,-0.9713056375775793,3.2428222780933806,0.0278963099493256,0,70,255.0,255.0,255.0
1562,78.10000000000001,64.46137147076388,-19.083204276823864,-40.384937446097766,-7.476495038376401,-1.6697964714368885,-1.7318326058582023,-0.8899734857875874,3.3091332519083054,0.03671868726292304,0,70,255.0,255.0,255.0
1563,78.15,64.08646814038443,-19.162530054258394,-40.47147950204105,-7.518960408871028,-1.5026820344961094,-1.7297761120622164,-0.8086413339975955,3.3754442257232307,0.045541064576520476,0,70,255.0,255.0,255.0
1564,78.2,63.70954320666997,-19.233417221128615,-40.55790770532289,-7.557359171776155,-1.3322520488645844,-1.7272784994005506,-0.7273091822076037,3.4417551995381555,0.054363441890117915,0,70,255.0,255.0,255.0
1565,78.25,63.3308,-19.2957,-40.6442,-7.591691327091783,-1.1585065145423137,-1.724339767873205,-0.645977030417562,3.5080661733530754,0.06318581920372068,0,70,255.0,255.0,255.0
1566,78.30000000000001,62.9504464392691,-19.34921304652469,-40.730333123038726,-7.621681563905393,-0.9814714167298381,-1.7208874920562893,-0.5536324421265735,3.5733377391443404,0.0749052134728819,0,70,255.0,255.0,255.0
1567,78.35000000000001,62.568708797432976,-19.3937927487015,-40.816278983043745,-7.647054571304446,-0.80117274062785,-1.7168492465259164,-0.4612878538356112,3.6386093049355868,0.0866246077420398,0,70,255.0,255.0,255.0
1568,78.4,62.18581793596227,-19.429275927615976,-40.90200828152942,-7.667810349288952,-0.6176104862363001,-1.7122250312820857,-0.36894326554464896,3.7038808707268336,0.09834400201119768,0,70,255.0,255.0,255.0
1569,78.45,61.8020047163277,-19.455499404353635,-40.98749172001006,-7.683948897858909,-0.4307846535551878,-1.7070148463247972,-0.2765986772536867,3.76915243651808,0.11006339628035558,0,70,255.0,255.0,255.0
1570,78.5,61.4175,-19.4723,-41.0727,-7.695470217014318,-0.24069524258451352,-1.7012186916540508,-0.1842540889626889,3.8344240023093263,0.12178279054952057,0,70,255.0,255.0,255.0
1571,78.55000000000001,61.03254917549425,-19.47957014764175,-41.15760631440886,-7.701502684086292,-0.050678973393502316,-1.6949860509863295,-0.0570445939162193,3.7662267653293933,0.12752283615927443,0,70,255.0,255.0,255.0
1572,78.60000000000001,60.64745573950384,-19.47742472837017,-41.242193821727305,-7.701174676405942,0.1359274339484589,-1.6884664080381222,0.07016490113021412,3.69802952834948,0.13326288176902662,0,70,255.0,255.0,255.0
1573,78.65,60.26253771576625,-19.46603423527772,-41.32644817184133,-7.694486193973271,0.3191239794414247,-1.6816597628094276,0.1973743961766476,3.6298322913695666,0.13900292737877884,0,70,255.0,255.0,255.0
1574,78.7,59.8781131280191,-19.445569161456845,-41.41035501463689,-7.681437236788278,0.49891066308539483,-1.6745661153002451,0.32458389122308107,3.561635054389653,0.14474297298853106,0,70,255.0,255.0,255.0
1575,78.75,59.4945,-19.4162,-41.4939,-7.662027804850966,0.6752874848803697,-1.6671854655105751,0.4517933862695358,3.4934378174097374,0.1504830185982886,0,70,255.0,255.0,255.0
1576,78.80000000000001,59.112001658753336,-19.378090362908324,-41.577067219325926,-7.63713969974941,0.848667310304106,-1.6594243039983676,0.5437308177924816,3.441755199538136,0.15996344188994238,0,70,255.0,255.0,255.0
1577,78.85000000000001,58.73086264455127,-19.33137633781781,-41.65983453004711,-7.607654723071714,1.0194630048342135,-1.6511891213215797,0.6356682493154011,3.3900725816665496,0.16944386518159346,0,70,255.0,255.0,255.0
1578,78.9,58.35131280097248,-19.276187131273133,-41.74217823110533,-7.573572874817874,1.1876745684707417,-1.6424799174802092,0.7276056808383208,3.338389963794963,0.17892428847324454,0,70,255.0,255.0,255.0
1579,78.95,57.973581971595785,-19.212651949818973,-41.82407462144237,-7.534894154987886,1.3533020012136907,-1.6332966924742562,0.8195431123612404,3.2867073459233764,0.18840471176489562,0,70,255.0,255.0,255.0
1580,79.0,57.5979,-19.1409,-41.9055,-7.491618563581754,1.5163453030630605,-1.6236394463037207,0.9114805438841884,3.2350247280517745,0.19788513505655025,0,70,255.0,255.0,255.0
1581,79.05000000000001,57.22449938949188,-19.0610612007249,-41.98643120828755,-7.443586516915986,1.6767617321773411,-1.613540733020291,1.0098013227460865,3.1816324365179955,0.2060633962805455,0,70,255.0,255.0,255.0
1582,79.10000000000001,56.85362328229072,-18.97326832035853,-42.06684725808436,-7.390638431307138,1.8345085467148878,-1.6030331066756645,1.1081221016079565,3.1282401449842316,0.21424165750453844,0,70,255.0,255.0,255.0
1583,79.15,56.48551748034359,-18.8776548396297,-42.146727703737405,-7.332774306755196,1.9895857466757465,-1.5921165672698383,1.2064428804698264,3.0748478534504677,0.22241991872853134,0,70,255.0,255.0,255.0
1584,79.2,56.120427785597634,-18.774354239267243,-42.22605209959365,-7.2699941432601625,2.141993332059917,-1.5807911148028126,1.3047636593316965,3.021455561916704,0.23059817995252427,0,70,255.0,255.0,255.0
1585,79.25,55.7586,-18.6635,-42.3048,-7.202297940822033,2.2917313028673996,-1.569056749274587,1.4030844381935452,2.968063270382924,0.23877644117652608,0,70,255.0,255.0,255.0
1586,79.30000000000001,55.40027918327865,-18.545225634191954,-42.382951147524025,-7.129730232586598,2.4387977609867475,-1.556924763920455,1.4996238912232078,2.914595054389649,0.24650297298864138,0,70,255.0,255.0,255.0
1587,79.35000000000001,55.04570742628547,-18.419664780747965,-42.46048603761555,-7.052335551699701,2.5831908083063904,-1.5444064519757208,1.5961633442528431,2.861126838396389,0.25422950480075446,0,70,255.0,255.0,255.0
1588,79.4,54.695126077652915,-18.28695111020799,-42.53738535394507,-6.970113898161323,2.72491044482637,-1.5315018134403813,1.6927027972824784,2.807658622403129,0.26195603661286754,0,70,255.0,255.0,255.0
1589,79.45,54.34877648601356,-18.147218293112008,-42.61362978018307,-6.883065271971463,2.863956670546687,-1.5182108483144356,1.7892422503121137,2.7541904064098692,0.2696825684249807,0,70,255.0,255.0,255.0
1590,79.5,54.0069,-18.0006,-42.6892,-6.7911896731301225,3.0003294854673417,-1.5045335565978846,1.8857817033417419,2.700722190416613,0.27740910023709375,0,70,255.0,255.0,255.0
1591,79.55000000000001,53.66974227739302,-17.847230662507116,-42.764076201616476,-6.694228552737523,3.1339832238758714,-1.4904402112978357,1.9926631123613392,2.6454273459233564,0.2863247117647368,0,70,255.0,255.0,255.0
1592,79.60000000000001,53.33756621256704,-17.687247756649462,-42.83823659145352,-6.591923361893973,3.2648722200597007,-1.4759010854214085,2.099544521380906,2.5901325014301158,0.2952403232923772,0,70,255.0,255.0,255.0
1593,79.65,53.01063900904451,-17.52078951953824,-42.911658880482335,-6.484274100599444,3.3929964740188683,-1.4609161789685996,2.206425930400473,2.5348376569368747,0.3041559348200177,0,70,255.0,255.0,255.0
1594,79.7,52.68922787034798,-17.347994188284673,-42.9843207796741,-6.371280768853938,3.5183559857533737,-1.4454854919394085,2.3133073394200396,2.4795428124436336,0.31307154634765816,0,70,255.0,255.0,255.0
1595,79.75,52.3736,-17.169,-43.0562,-6.252943366657454,3.6409507552632174,-1.4296090243338355,2.4201887484396067,2.4242479679504143,0.32198715787529864,0,70,255.0,255.0,255.0
1596,79.80000000000001,52.063986907148816,-16.983962915779372,-43.12727684601016,-6.131403556463148,3.759717343509923,-1.4134423908881366,2.4414036593314994,2.326415561916736,0.3246781799525144,0,70,255.0,255.0,255.0
1597,79.85000000000001,51.76047732344605,-16.793109792654004,-43.19754199657042,-6.008803000724283,3.8735923114549125,-1.3971412063385815,2.4626185702233863,2.2285831558830855,0.3273692020297294,0,70,255.0,255.0,255.0
1598,79.9,51.46312428616883,-16.59668521163893,-43.26698872412561,-5.885141699440824,3.982575659098219,-1.3807054706851656,2.483833481115273,2.130750749849435,0.33006022410694447,0,70,255.0,255.0,255.0
1599,79.95,51.17198083259441,-16.394933753749235,-43.33561030112054,-5.76041965261277,4.086667386439843,-1.3641351839278888,2.5050483920071596,2.0329183438157843,0.33275124618415947,0,70,255.0,255.0,255.0
1600,80.0,50.8871,-16.1881,-43.4034,-5.634636860240121,4.185867493479786,-1.3474303460667516,2.526263302899082,1.9350859377821124,0.3354422682613798,0,70,255.0,255.0,255.0
1601,80.05000000000001,50.60852449401131,-15.976427274375139,-43.47035161434295,-5.508413221409808,4.280251402084605,-1.330622225149591,2.522682250312311,1.8402704064098228,0.33688256842489533,0,70,255.0,255.0,255.0
1602,80.10000000000001,50.33625569364848,-15.760153872734314,-43.53646102226483,-5.382368635208868,4.369894534120785,-1.3137420892242593,2.519101197725541,1.7454548750375602,0.3383228685884105,0,70,255.0,255.0,255.0
1603,80.15,50.070284646279966,-15.539516833905893,-43.601724623015244,-5.256503101637268,4.454796889588351,-1.2967899382907517,2.5155201451387708,1.6506393436652977,0.33976316875192564,0,70,255.0,255.0,255.0
1604,80.2,49.810602399274295,-15.314753196718312,-43.66613881584377,-5.130816620695006,4.534958468487306,-1.2797657723490685,2.5119390925520007,1.555823812293035,0.34120346891544073,0,70,255.0,255.0,255.0
1605,80.25,49.5572,-15.0861,-43.7297,-5.005309192382083,4.610379270817646,-1.2626695913992096,2.508358039965252,1.4610082809207228,0.342643769078963,0,70,255.0,255.0,255.0
1606,80.30000000000001,49.310071916805576,-14.85379438671978,-43.7924038966181,-4.87977555789742,4.681053048151769,-1.2454607085135367,2.5129873394201208,1.3659428124435817,0.3457115463477887,0,70,255.0,255.0,255.0
1607,80.35000000000001,49.06922630195976,-14.618073916408514,-43.85424351437031,-4.7540104584400495,4.746973552062016,-1.2280984367644279,2.5176166388749883,1.2708773439664676,0.3487793236166135,0,70,255.0,255.0,255.0
1608,80.4,48.83467472871114,-14.379176252737336,-43.915211183813476,-4.628013894009936,4.808140782548409,-1.2105827761518775,2.5222459383298563,1.1758118754893536,0.35184710088543836,0,70,255.0,255.0,255.0
1609,80.45,48.60642877030834,-14.137339059377432,-43.97529923550443,-4.501785864607078,4.864554739610946,-1.192913726675886,2.526875237784724,1.0807464070122395,0.3549148781542632,0,70,255.0,255.0,255.0
1610,80.5,48.3845,-13.8928,-44.0345,-4.375326370231478,4.916215423249627,-1.175091288336453,2.5315045372395915,0.9856809385351397,0.3579826554231005,0,70,255.0,255.0,255.0
1611,80.55000000000001,48.168898238766076,-13.645796778745426,-44.09280639918474,-4.248740547000288,4.963120405308412,-1.1571509407962655,2.5319283920068374,0.8905183438158115,0.35963124618423703,0,70,255.0,255.0,255.0
1612,80.60000000000001,47.95962629851224,-13.396567261631382,-44.150213720254,-4.122133531030772,5.005267257631217,-1.1391281637180264,2.532352246774083,0.7953557490965104,0.3612798369453731,0,70,255.0,255.0,255.0
1613,80.65,47.756685238875335,-13.145349355144598,-44.20671784173091,-3.9955053223228942,5.042655980218058,-1.1210229571017303,2.532776101541329,0.7001931543772093,0.3629284277065091,0,70,255.0,255.0,255.0
1614,80.7,47.56007611949229,-12.892380965771872,-44.262314642138534,-3.8688559208766544,5.075286573068934,-1.1028353209473774,2.5331999563085743,0.6050305596579082,0.3645770184676452,0,70,255.0,255.0,255.0
1615,80.75,47.3698,-12.6379,-44.317,-3.742185326692052,5.103159036183845,-1.0845652552549678,2.533623811075813,0.5098679649385787,0.3662256092287848,0,70,255.0,255.0,255.0
1616,80.80000000000001,47.18585912812981,-12.382143298298178,-44.370769706643024,-3.615422254101324,5.126337330614638,-1.0662075283013597,2.5368990925521535,0.4172638122929402,0.36808346891538024,0,70,255.0,255.0,255.0
1617,80.85000000000001,47.00826050399106,-12.125343437065698,-44.42361920461374,-3.4884954174368152,5.1448854174131435,-1.0477569083634266,2.5401743740284934,0.324659659647328,0.36994132860197515,0,70,255.0,255.0,255.0
1618,80.9,46.83701231578738,-11.867731926684097,-44.475543849262955,-3.361404816698489,5.15880329657937,-1.029213395441164,2.543449655504833,0.23205550700171584,0.37179918828857006,0,70,255.0,255.0,255.0
1619,80.95,46.67212275172246,-11.609540277534995,-44.52653899594144,-3.234150451886346,5.168090968113313,-1.010576989534572,2.546724936981173,0.13945135435610367,0.37365704797516497,0,70,255.0,255.0,255.0
1620,81.0,46.5136,-11.351,-44.5766,-3.1067323230003865,5.172748432014979,-0.9918476906436497,2.5500002184575337,0.046847201710491504,0.3755149076617599,0,70,255.0,255.0,255.0
1621,81.05000000000001,46.3614500487144,-11.092346828061512,-44.62572197424325,-2.979282436594297,5.172522272233048,-0.9730109459982461,2.5479952377848885,-0.05589359298771006,0.37795487815421525,0,70,255.0,255.0,255.0
1622,81.10000000000001,46.215670085523314,-10.833833390105566,-44.67389906129108,-2.851932799221876,5.167159072716208,-0.9540522028282251,2.5459902571122437,-0.15863438768588242,0.3803948486466699,0,70,255.0,255.0,255.0
1623,81.15,46.076255097975,-10.575716538118836,-44.72112516121732,-2.724683410883087,5.15665883346446,-0.9349714611335812,2.543985276439599,-0.26137518238405477,0.38283481913912454,0,70,255.0,255.0,255.0
1624,81.2,45.94320007361779,-10.318253124088065,-44.76739417409569,-2.5975342715779304,5.141021554477804,-0.9157687209143147,2.5419802957669546,-0.36411597708222715,0.3852747896315792,0,70,255.0,255.0,255.0
1625,81.25,45.8165,-10.0617,-44.8127,-2.470485381306406,5.120247235756241,-0.8964439821704254,2.539975315094324,-0.46685677178040663,0.38771476012404005,0,70,255.0,255.0,255.0
1626,81.30000000000001,45.69611987701236,-9.806293389455421,-44.857039196384065,-2.345335999521307,5.0955735804531725,-0.8771566877056299,2.465999956308504,-0.5200894403421209,0.3837770184676028,0,70,255.0,255.0,255.0
1627,81.35000000000001,45.58190475391552,-9.552187002511774,-44.90041895022195,-2.2238853856755334,5.068238291722025,-0.8580662803236618,2.392024597522705,-0.5733221089038202,0.3798392768111667,0,70,255.0,255.0,255.0
1628,81.4,45.47366969231249,-9.299513920840385,-44.94284910586781,-2.1061335397690497,5.038241369562794,-0.8391727600245155,2.3180492387369056,-0.6265547774655194,0.37590153515473057,0,70,255.0,255.0,255.0
1629,81.45,45.371229753806304,-9.048407226112657,-44.98433950767578,-1.9920804618018562,5.005582813975477,-0.8204761268081909,2.244073879951107,-0.6797874460272185,0.37196379349829445,0,70,255.0,255.0,255.0
1630,81.5,45.2744,-8.799,-45.0249,-1.881726151773952,4.970262624960076,-0.8019763806746882,2.1700985211653148,-0.7330201145889319,0.3680260518418592,0,70,255.0,255.0,255.0
1631,81.55000000000001,45.183002443236,-8.551418814116449,-45.06453964022055,-1.7746535653202677,4.9326714059542445,-0.7836263031792546,2.112804936981088,-0.7706286456439486,0.3659770479753184,0,70,255.0,255.0,255.0
1632,81.60000000000001,45.09688689881446,-8.30576419984708,-45.10326433782115,-1.6704456580758245,4.8931997603956745,-0.7653786758771532,2.055511352796877,-0.8082371766989546,0.3639280441087781,0,70,255.0,255.0,255.0
1633,81.65,45.015910132774934,-8.062130178519455,-45.141079215311485,-1.5691024300405916,4.851847688284354,-0.747233498768379,1.9982177686126668,-0.8458457077539606,0.3618790402422378,0,70,255.0,255.0,255.0
1634,81.7,44.93992891115694,-7.820610771461216,-45.177989395201216,-1.470623881214569,4.808615189620284,-0.7291907718529316,1.9409241844284562,-0.8834542388089666,0.35983003637569755,0,70,255.0,255.0,255.0
1635,81.75,44.8688,-7.5813,-45.214,-1.3750100115977568,4.7635022644034635,-0.7112504951308112,1.883630600244258,-0.9210627698639797,0.35778103250915905,0,70,255.0,255.0,255.0
1636,81.80000000000001,44.80237915004354,-7.344292954078444,-45.249116642733775,-1.2823217391974546,4.716444795729798,-0.6934420995772902,1.8239002957669856,-0.961235977082223,0.35455478963151704,0,70,255.0,255.0,255.0
1637,81.85000000000001,44.74051805082651,-7.10968899809966,-45.28334689849346,-1.1926199820210417,4.6673786666952335,-0.6757950161676564,1.7641699912897302,-1.0014091843004547,0.3513285467538759,0,70,255.0,255.0,255.0
1638,81.9,44.68306737658771,-6.877588565081629,-45.316698832886274,-1.1059047400684916,4.6163038772997576,-0.6583092449019047,1.704439686812475,-1.0415823915186866,0.3481023038762348,0,70,255.0,255.0,255.0
1639,81.95,44.62987780156594,-6.648092088042393,-45.349180511519386,-1.0221760133398041,4.563220427543371,-0.6409847857800349,1.6447093823352197,-1.0817555987369185,0.34487606099859375,0,70,255.0,255.0,255.0
1640,82.0,44.5808,-6.4213,-45.3808,-0.941433801834979,4.508128317426072,-0.6238216388020471,1.5849790778579607,-1.1219288059551644,0.3416498181209535,0,70,255.0,255.0,255.0
1641,82.05000000000001,44.53568495658977,-6.197312569569453,-45.41156498884438,-0.8636594778897374,4.451037411126499,-0.6067972985115653,1.5259938799509964,-1.1617074460272367,0.3393237934981649,0,70,255.0,255.0,255.0
1642,82.10000000000001,44.494384897879435,-5.976229407754038,-45.441481668205014,-0.7888344138398656,4.3919575728233395,-0.5898892594522277,1.467008682044049,-1.201486086099298,0.33699776887537686,0,70,255.0,255.0,255.0
1643,82.15,44.456752360874205,-5.758149961153871,-45.47055585314346,-0.7169586096853409,4.330888802516576,-0.5730975216240295,1.4080234841371018,-1.241264726171359,0.3346717442525889,0,70,255.0,255.0,255.0
1644,82.2,44.42263988257932,-5.543173676369132,-45.498793358721265,-0.6480320654261634,4.267831100206211,-0.5564220850269708,1.3490382862301542,-1.2810433662434202,0.33234571962980086,0,70,255.0,255.0,255.0
1645,82.25,44.3919,-5.3314,-45.5262,-0.5820547810623332,4.202784465892242,-0.5398629496610513,1.290053088323206,-1.320822006315474,0.3300196950070129,0,70,255.0,255.0,255.0
1646,82.30000000000001,44.36438422359733,-5.122928767643441,-45.552781801888734,-0.5190883492435285,4.135725559764117,-0.5234327063764762,1.2286041844284072,-1.361534238808948,0.3271900363758418,0,70,255.0,255.0,255.0
1647,82.35000000000001,44.33993995765573,-4.917861370883964,-45.57854562868652,-0.4591943626194811,4.066631042011336,-0.5071439460234642,1.1671552805336258,-1.4022464713024105,0.3243603777446716,0,70,255.0,255.0,255.0
1648,82.4,44.318413579915465,-4.716299590302742,-45.60349855453993,-0.4023728211901726,3.995500912633884,-0.49099666860201086,1.1057063766388444,-1.4429587037958729,0.32153071911350134,0,70,255.0,255.0,255.0
1649,82.45,44.2996514681168,-4.518345206481009,-45.62764765359557,-0.348623724955603,3.9223351716317576,-0.474990874112116,1.0442574727440632,-1.4836709362893354,0.31870106048233104,0,70,255.0,255.0,255.0
1650,82.5,44.2835,-4.3241,-45.651,-0.2979470739157722,3.847133819004959,-0.45912656255377954,0.9828085688492831,-1.5243831687828013,0.31587140185116125,0,70,255.0,255.0,255.0
1651,82.55000000000001,44.26980854902089,-4.1336659598565015,-45.673563003600734,-0.2501631251361431,3.7698843498169476,-0.4434238759825319,0.9285493823354463,-1.5655955987369425,0.31223606099860174,0,70,255.0,255.0,255.0
1652,82.60000000000001,44.25843847149762,-3.9471459087099,-45.69534541704897,-0.20509213568221885,3.690574259131252,-0.4279029564539166,0.8742901958216248,-1.606808028691072,0.3086007201460433,0,70,255.0,255.0,255.0
1653,82.65,44.249254119463906,-3.764642877635026,-45.71635632869684,-0.16273410555398557,3.60920354694785,-0.4125638039679293,0.8200310093078034,-1.6480204586452016,0.30496537929348483,0,70,255.0,255.0,255.0
1654,82.7,44.24211984495346,-3.586259897706764,-45.736604826896475,-0.1230890347514432,3.525772213266741,-0.3974064185245699,0.7657718227939819,-1.689232888599331,0.3013300384409263,0,70,255.0,255.0,255.0
1655,82.75,44.2369,-3.4121,-45.7561,-0.08615692327459176,3.4402802580879266,-0.3824308001238384,0.7115126362801605,-1.7304453185534499,0.29769469758836964,0,70,255.0,255.0,255.0
1656,82.80000000000001,44.233449580319096,-3.242261792930295,-45.77484858370836,-0.052499150211825926,3.3529930409679847,-0.3674957896933805,0.6347982862301667,-1.7610433662434302,0.29970571962980996,0,70,255.0,255.0,255.0
1657,82.85000000000001,44.23158615635378,-3.0768261942762467,-45.79284790311765,-0.0226770946515686,3.264175921463569,-0.35246022816085487,0.5580839361801946,-1.7916414139334018,0.3017167416712497,0,70,255.0,255.0,255.0
1658,82.9,44.2311179422289,-2.9158696991570316,-45.810092930672745,0.0033092434061903486,3.173828899574655,-0.33732411552625724,0.4813695861302225,-1.8222394616233735,0.30372776371268945,0,70,255.0,255.0,255.0
1659,82.95,44.23185315206935,-2.7594688026918743,-45.82657863881857,0.02545986396145092,3.0819519753012417,-0.32208745178958764,0.4046552360802505,-1.8528375093133451,0.30573878575412916,0,70,255.0,255.0,255.0
1660,83.0,44.2336,-2.6077,-45.8423,0.043774767014213116,2.9885451486433308,-0.30675023695084613,0.32794088603027843,-1.883435557003331,0.3077498077955685,0,70,255.0,255.0,255.0
1661,83.05000000000001,44.23617472970271,-2.4606172684220904,-45.85725066156585,0.058735725983570464,2.8949594863109933,-0.2912329652438964,0.2704974727438795,-1.8599909362893148,0.31294106048227777,0,70,255.0,255.0,255.0
1662,83.10000000000001,44.23942570308729,-2.318184514184946,-45.87141897048049,0.07082451428860417,2.8025460550143833,-0.2754561309026157,0.2130540594574969,-1.836546315575305,0.3181323131689856,0,70,255.0,255.0,255.0
1663,83.15,44.243209311620504,-2.18034312573674,-45.884791948612204,0.08004113192931894,2.711304854753473,-0.2594197339269997,0.1556106461711143,-1.8131016948612955,0.32332356585569344,0,70,255.0,255.0,255.0
1664,83.2,44.247381946769146,-2.047034491525686,-45.89735661782928,0.08638557890571473,2.621235885528264,-0.24312377431704826,0.0981672328847317,-1.7896570741472857,0.3285148185424013,0,70,255.0,255.0,255.0
1665,83.25,44.2518,-1.9182,-45.9091,0.08985785521779155,2.5323391473387553,-0.22656825207276138,0.04072381959834881,-1.7662124534332726,0.3337060712291109,0,70,255.0,255.0,255.0
1666,83.30000000000001,44.25634350087006,-1.7937995333811452,-45.920017570028264,0.0918762462775983,2.4435050137879197,-0.2102603493310061,0.0400118227939026,-1.7871528885993397,0.3186100384409523,0,70,255.0,255.0,255.0
1667,83.35000000000001,44.2609870312971,-1.6738669489838243,-45.93013861496043,0.09385903749718216,2.353623858478806,-0.19470724822866323,0.0392998259894566,-1.8080933237654009,0.30351400565279796,0,70,255.0,255.0,255.0
1668,83.4,44.2657288112891,-1.5584545978959163,-45.93950087487846,0.09580622887654373,2.26269568141139,-0.179908948765728,0.03858782918501059,-1.829033758931462,0.28841797286464366,0,70,255.0,255.0,255.0
1669,83.45,44.27056706085408,-1.4476148312053365,-45.94814208986433,0.097717820415683,2.1707204825856707,-0.16586545094220048,0.037875832380564585,-1.8499741940975232,0.27332194007648936,0,70,255.0,255.0,255.0
1670,83.5,44.2755,-1.3414,-45.9561,0.09959381211459997,2.0776982620016478,-0.15257675475808063,0.03716383557611813,-1.8709146292635985,0.2582259072883357,0,70,255.0,255.0,255.0
1671,83.55000000000001,44.280520066817076,-1.2398589980531618,-45.9634102583211,0.10108728890601305,1.9838364585372028,-0.13991763743201624,0.022575236080391574,-1.8835575093133528,0.24813878575412407,0,70,255.0,255.0,255.0
1672,83.60000000000001,44.285596571724355,-1.143026889879636,-45.97010016967781,0.10185133572263953,1.8893425110702966,-0.12776287618266596,0.007986636584669159,-1.8962003893631036,0.23805166421991528,0,70,255.0,255.0,255.0
1673,83.65,44.290693043223094,-1.050935282679518,-45.97619495187398,0.10188595256447992,1.794216419600903,-0.1161124710100261,-0.0066019629110532566,-1.9088432694128543,0.22796454268570648,0,70,255.0,255.0,255.0
1674,83.7,44.29577300981456,-0.963615783652931,-45.98171982271343,0.10119113943153424,1.698458184129022,-0.10496642191409661,-0.021190562406775665,-1.921486149462605,0.2178774211514977,0,70,255.0,255.0,255.0
1675,83.75,44.3008,-0.8811,-45.9867,0.09976689632380248,1.6020678046546535,-0.09432472889487756,-0.035779161902498746,-1.9341290295123592,0.20779029961728934,0,70,255.0,255.0,255.0
1676,83.80000000000001,44.305739431861646,-0.8034156744060719,-45.99116139668733,0.09772659809835772,1.5052771520631405,-0.08422910094088384,-0.04583276711527311,-1.9374970741472815,0.19603481854236704,0,70,255.0,255.0,255.0
1677,83.85000000000001,44.3105642818055,-0.7305750914975342,-45.99513270632831,0.09518361961227492,1.408318097239909,-0.07472124704063902,-0.05588637232804461,-1.940865118782203,0.18427933746744807,0,70,255.0,255.0,255.0
1678,83.9,44.31524941581853,-0.6625866713859514,-45.99864331762563,0.09213796086555358,1.3111906401849311,-0.0658011671941401,-0.06593997754081612,-1.9442331634171244,0.1725238563925291,0,70,255.0,255.0,255.0
1679,83.95,44.31976969988771,-0.5994588341829109,-46.001722619281956,0.08858962185819368,1.2138947808982075,-0.057468861401387086,-0.07599358275358763,-1.9476012080520457,0.16076837531761012,0,70,255.0,255.0,255.0
1680,84.0,44.3241,-0.5412,-46.0044,0.08453860259019524,1.1164305193797377,-0.04972432966237999,-0.08604718796635935,-1.950969252686967,0.14901289424269132,0,70,255.0,255.0,255.0
1681,84.05000000000001,44.32821260573637,-0.487836704322448,-46.00670415492955,0.07983031870054885,1.0177109332101026,-0.04252595880440127,-0.10228416761945361,-1.9978141940975385,0.1389219400763921,0,70,255.0,255.0,255.0
1682,84.10000000000001,44.332069501053674,-0.4394679441301551,-46.00866100500892,0.07431018582824923,0.9166490999699675,-0.03583213565473945,-0.11852114727254326,-2.0446591355080965,0.12883098591009573,0,70,255.0,255.0,255.0
1683,84.15,44.335630093502814,-0.3962108317766319,-46.01029577762349,0.0679782039732952,0.8132450196593046,-0.029642860213392425,-0.13475812692563288,-2.091504076918654,0.11874003174379938,0,70,255.0,255.0,255.0
1684,84.2,44.33885379063464,-0.3581824796154048,-46.01163370015872,0.06083437313568671,0.7074986922781139,-0.02395813248036019,-0.15099510657872256,-2.138349018329212,0.10864907757750303,0,70,255.0,255.0,255.0
1685,84.25,44.3417,-0.3255,-46.0127,0.0528786933154238,0.5994101178263955,-0.01877795245564274,-0.16723208623181218,-2.185193959739773,0.09855812341120684,0,70,255.0,255.0,255.0
1686,84.30000000000001,44.34413574519291,-0.2982127083040672,-46.01352118359446,0.04456812709945711,0.49304711509631244,-0.014179063841571532,-0.16519056240678004,-2.069326149462581,0.0853974211515996,0,70,255.0,255.0,255.0
1687,84.35000000000001,44.34615851397981,-0.2760987319817988,-46.01412887363604,0.03635963707474436,0.3924775028801181,-0.010238210340481864,-0.1631490385817485,-1.9534583391854223,0.0722367188919961,0,70,255.0,255.0,255.0
1688,84.4,44.34777341017024,-0.25886840150749335,-46.01455597188039,0.028253223241283185,0.29770128117778133,-0.006955391952372334,-0.16110751475671695,-1.8375905289082635,0.05907601663239259,0,70,255.0,255.0,255.0
1689,84.45,44.34898553757378,-0.246232047355458,-46.01483538008317,0.020248885599073584,0.20871844998930222,-0.00433060867724294,-0.1590659909316854,-1.7217227186311046,0.04591531437278909,0,70,255.0,255.0,255.0
1690,84.5,44.3498,-0.2379,-46.015,0.01234662414811555,0.12552900931468067,-0.0023638605150936853,-0.15702446710665385,-1.6058549083539462,0.0327546121131856,0,70,255.0,255.0,255.0
1691,84.55000000000001,44.35023721349201,-0.23346526246124863,-46.015080710692615,0.005465172901607231,0.055172606404517134,-0.000933785829320669,-0.11823358275361631,-1.208401208051955,0.024448375317722044,0,70,255.0,255.0,255.0
1692,84.60000000000001,44.350378843027116,-0.23205152794262862,-46.01510030044693,0.0005232658727523576,0.004688888509469191,8.097701667884568e-05,-0.0794426984005898,-0.810947507750077,0.01614213852226085,0,70,255.0,255.0,255.0
1693,84.65,44.35032186581624,-0.23266516219338357,-46.015079534854934,-0.002479096938451296,-0.025922144370485956,0.0006804280229053242,-0.040651814047563295,-0.41349380744819886,0.007835901726799651,0,70,255.0,255.0,255.0
1694,84.7,44.35016325907024,-0.2343125309627589,-46.01503917950863,-0.003541915532003741,-0.03666049223534831,0.0008645671893587658,-0.0018609296945368003,-0.01604010714632076,-0.000470335068661544,0,70,255.0,255.0,255.0
1695,84.75,44.35,-0.236,-46.015,-0.002665189907904964,-0.027526155085117927,0.0006333945160391707,0.03692995465848972,0.38141359315555734,-0.008776571864122751,0,70,255.0,255.0,255.0
1696,84.80000000000001,44.349909000839084,-0.2369398418509302,-46.0149783736351,-0.0010528187059089145,-0.01087354071445603,0.0002502071588700995,0.02756489342133759,0.284690981670767,-0.006550922422636614,0,70,255.0,255.0,255.0
1697,84.85000000000001,44.34988691391172,-0.23716795624768322,-46.014973124576244,9.129943422916302e-05,0.000942943081962579,-2.1697726224578187e-05,0.018199832184188115,0.18796837018600418,-0.00432527298115111,0,70,255.0,255.0,255.0
1698,84.9,44.34991032656481,-0.23692614971897125,-46.01497868869985,0.0007671645125097932,0.007923296304143311,-0.00018232013924498677,0.008834770947038644,0.09124575870124135,-0.002099623539665605,0,70,255.0,255.0,255.0
1699,84.95,44.34995582614526,-0.23645622879350622,-46.014989501882305,0.0009747765289329774,0.010067518952086192,-0.00023166008019112692,-0.000530290290110827,-0.005476852783521502,0.0001260259018199001,0,70,255.0,255.0,255.0
1700,85.0,44.35,-0.236,-46.015,0.0007141354834987133,0.007375611025791189,-0.0001697175490629976,-0.009895351527260295,-0.10219946426828436,0.002351675343305404,0,70,255.0,255.0,255.0
1701,85.05000000000001,44.350024383151684,-0.23574817013503027,-46.015005794767006,0.00028210192202467334,0.0029135564533054274,-6.704280615972877e-05,-0.0073859909316973706,-0.07628271863110556,0.0017553143728244146,0,70,255.0,255.0,255.0
1702,85.10000000000001,44.35003030132603,-0.23568704706663837,-46.01500720124809,-2.446360967112241e-05,-0.00025266083732038494,5.813888219467296e-06,-0.0048766303361351595,-0.050365972993934124,0.0011589534023435943,0,70,255.0,255.0,255.0
1703,85.15,44.35002402792454,-0.23575183893073132,-46.01500571034567,-0.00020556111158881473,-0.0021230408460876987,4.885253407462407e-05,-0.0023672697405729484,-0.024449227356762693,0.000562592431862774,0,70,255.0,255.0,255.0
1704,85.2,44.350011836348706,-0.2358777538632162,-46.01500281296216,-0.00026119058372840384,-0.0026975835729965165,6.207313140574146e-05,0.00014209085498926265,0.0014675182804087389,-3.3768538618046424e-05,0,70,255.0,255.0,255.0
1705,85.25,44.35,-0.236,-46.015,-0.00019135202608988957,-0.001976289018046834,4.5475680212819645e-05,0.002651451450551473,0.027384263917580177,-0.0006301295090988663,0,70,255.0,255.0,255.0
1706,85.30000000000001,44.3499934665542,-0.23606747760894867,-46.01499844729686,-7.558898218977876e-05,-0.0007806850987656755,1.796406576881562e-05,0.0019790703054519063,0.020439892853655293,-0.00047033506866104446,0,70,255.0,255.0,255.0
1707,85.35000000000001,44.34999188078416,-0.23608385548576316,-46.01499807043139,6.555004455327499e-06,6.770026731896836e-05,-1.5578266532910758e-06,0.0013066891603525307,0.013495521789732384,-0.0003105406282232681,0,70,255.0,255.0,255.0
1708,85.4,44.34999356173702,-0.23606649455810338,-46.014998469917494,5.5079933845466835e-05,0.0005688670802074865,-1.308999705350942e-05,0.0006343080152531552,0.006551150725809474,-0.0001507461877854917,0,70,255.0,255.0,255.0
1709,85.45,44.34999682845992,-0.23603275575362906,-46.01499924626906,6.998580598063938e-05,0.0007228153398998781,-1.663244543183939e-05,-3.8073129846220594e-05,-0.00039322033811343624,9.048252652284617e-06,0,70,255.0,255.0,255.0
1710,85.5,44.35,-0.236,-46.015,5.1272620860845035e-05,0.0005295450463961456,-1.2185171788281011e-05,-0.0007104542749455961,-0.00733759140203634,0.000168842693090061,0,70,255.0,255.0,255.0
1711,85.55000000000001,44.35000175063153,-0.235981919429175,-46.01500041604555,2.0254006734441732e-05,0.0002091839417572739,-4.813456915533722e-06,-0.0005302902901102536,-0.005476852783515612,0.00012602590181976352,0,70,255.0,255.0,255.0
1712,85.60000000000001,44.35000217553733,-0.23597753099030883,-46.01500051702635,-1.7564081501874195e-06,-1.8140231955488765e-05,4.1741839369702567e-07,-0.00035012630527496246,-0.0036161141649954124,8.32091105494782e-05,0,70,255.0,255.0,255.0
1713,85.65,44.35000172512737,-0.23598218283685513,-46.015000409984374,-1.4758623793052514e-05,-0.00015242747474224677,3.507454139413626e-06,-0.00016996232043967117,-0.0017553755464752132,4.039231927919289e-05,0,70,255.0,255.0,255.0
1714,85.7,44.3500008498116,-0.2359912231222676,-46.0150002019616,-1.8752640194153548e-05,-0.00019367778660300003,4.45665032161608e-06,1.0201664395620056e-05,0.00010536307204498611,-2.4244719910924257e-06,0,70,255.0,255.0,255.0
1715,85.75,44.35,-0.236,-46.015,-1.373845735349056e-05,-0.00014189116753774862,3.2650069403043964e-06,0.00019036564923091123,0.001966101690565187,-4.5241263261377754e-05,0,70,255.0,255.0,255.0
1716,85.80000000000001,44.349999530919696,-0.23600484467435123,-46.014999888520926,-5.427044747988186e-06,-5.605066826342056e-05,1.2897618933192637e-06,0.0001420908549891082,0.0014675182804071549,-3.37685386180096e-05,0,70,255.0,255.0,255.0
1717,85.85000000000001,44.349999417066535,-0.23600602055300146,-46.0149998614632,4.706281454221571e-07,4.8606605029864766e-06,-1.1184692149701393e-07,9.381606074731889e-05,0.0009689348702492644,-2.22958139746447e-05,0,70,255.0,255.0,255.0
1718,85.9,44.34999953775352,-0.23600477409447607,-46.01499989014502,3.9545613267431705e-06,4.08428187615004e-05,-9.398195041450801e-07,4.5541266505529576e-05,0.000470351460091374,-1.0823089331279808e-05,0,70,255.0,255.0,255.0
1719,85.95,44.34999977229367,-0.23600235175730044,-46.014999945884554,5.024754795974859e-06,5.189580651212113e-05,-1.194155854624933e-06,-2.7335277362597376e-06,-2.8231950066516433e-05,6.49635312085092e-07,0,70,255.0,255.0,255.0
1720,86.0,44.35,-0.236,-46.015,3.681208553117215e-06,3.801962375484887e-05,-8.748559729365738e-07,-5.1008321978049044e-05,-0.0005268153602244069,1.2122359955449989e-05,0,70,255.0,255.0,255.0
1721,86.05000000000001,44.35000012568969,-0.23599870187341998,-46.015000029870734,1.454172257511e-06,1.5018731296408291e-05,-3.455906577433324e-07,-3.8073129846179307e-05,-0.000393220338113007,9.048252652274851e-06,0,70,255.0,255.0,255.0
1722,86.10000000000001,44.35000015619656,-0.23599838679768526,-46.01500003712082,-1.2610443150122458e-07,-1.302410056457079e-06,2.996929229103207e-08,-2.5137937714313252e-05,-0.000259625316001645,5.974145349100588e-06,0,70,255.0,255.0,255.0
1723,86.15,44.35000012385858,-0.23599872078524053,-46.015000029435555,-1.0596215139201827e-06,-1.0943800303754734e-05,2.5182387716669224e-07,-1.220274558244719e-05,-0.0001260302938902831,2.9000380459263246e-06,0,70,255.0,255.0,255.0
1724,86.2,44.35000006101373,-0.23599936984853054,-46.01500001450019,-1.3463789897458738e-06,-1.3905439445484663e-05,3.19973096883648e-07,7.324465494188673e-07,7.564728221078868e-06,-1.7406925724794044e-07,0,70,255.0,255.0,255.0
1725,86.25,44.35,-0.236,-46.015,-9.863768589782994e-07,-1.0187327481646883e-05,2.3441695144189906e-07,1.3667638681284929e-05,0.00014115975033244081,-3.2481765604222046e-06,0,70,255.0,255.0,255.0
1726,86.30000000000001,44.34999996632155,-0.23600034783196877,-46.014999991996156,-3.8964428205581503e-07,-4.024256922212631e-06,9.260073765406645e-08,1.020166439560902e-05,0.00010536307204487323,-2.42447199108981e-06,0,70,255.0,255.0,255.0
1727,86.35000000000001,44.349999958147265,-0.23600043225625744,-46.01499999005351,3.378958058273887e-08,3.48979722841846e-07,-8.030247667114317e-09,6.735690109934096e-06,6.956639375731582e-05,-1.6007674217576497e-06,0,70,255.0,255.0,255.0
1728,86.4,44.3499999668122,-0.23600034276456172,-46.01499999211276,2.8392472893755617e-07,2.932382453518555e-06,-6.747600452168945e-08,3.2697158242591735e-06,3.376971546975841e-05,-7.770628524254893e-07,0,70,255.0,255.0,255.0
1729,86.45,44.34999998365143,-0.2360001688485773,-46.01499999611468,3.6076116300863745e-07,3.7259512698174907e-06,-8.57365329096588e-08,-1.9625846141575015e-07,-2.02696281779901e-06,4.6641716906671085e-08,0,70,255.0,255.0,255.0
1730,86.5,44.35,-0.236,-46.015,2.642988827959827e-07,2.7296861717386655e-06,-6.281183283102256e-08,-3.6622327470906712e-06,-3.782364110535642e-05,8.703462862388316e-07,0,70,255.0,255.0,255.0
1731,86.55000000000001,44.350000009024114,-0.23599990679870486,-46.015000002144625,1.0440487071226022e-07,1.07829639244223e-06,-2.4812292872933363e-08,-2.7335277362567746e-06,-2.823195006648598e-05,6.496353120843908e-07,0,70,255.0,255.0,255.0
1732,86.60000000000001,44.35000001121441,-0.23599988417728487,-46.015000002665154,-9.053890829731235e-09,-9.350883491030959e-08,2.1516983774251838e-09,-1.8048227254231415e-06,-1.8640259027618268e-05,4.289243379300127e-07,0,70,255.0,255.0,255.0
1733,86.65,44.35000000889265,-0.23599990815651248,-46.01500000211338,-7.607740183004364e-08,-7.857295103194907e-07,1.8080140920065463e-08,-8.761177145895087e-07,-9.048567988750555e-06,2.082133637756346e-07,0,70,255.0,255.0,255.0
1734,86.7,44.35000000438059,-0.23599995475716004,-46.01500000104107,-9.666566228867705e-08,-9.983656337853128e-07,2.297303475498746e-08,5.258729624412443e-08,5.431230501171585e-07,-1.2497610378743475e-08,0,70,255.0,255.0,255.0
1735,86.75,44.35,-0.236,-46.015,-7.081867220563152e-08,-7.314172053077784e-07,1.6830379882191175e-08,9.812923070777576e-07,1.0134814088984872e-05,-2.332085845331217e-07,0,70,255.0,255.0,255.0
1736,86.80000000000001,44.349999997582,-0.23600002497321174,-46.01499999942535,-2.7975200793225896e-08,-2.889286475562884e-07,6.648433837666995e-09,7.324465494180778e-07,7.5647282210707005e-06,-1.7406925724775288e-07,0,70,255.0,255.0,255.0
1737,86.85000000000001,44.34999999699511,-0.236000031034603,-46.01499999928587,2.425982736186039e-09,2.5055616799392816e-08,-5.765458425864376e-10,4.836007917584688e-07,4.99464235315726e-06,-1.1492992996240086e-07,0,70,255.0,255.0,255.0
1738,86.9,44.349999997617225,-0.2360000246093883,-46.01499999943372,2.0384878382618237e-08,2.1053558775940915e-07,-4.844559158572436e-09,2.3475503409885976e-07,2.42455648524382e-06,-5.579060267704885e-08,0,70,255.0,255.0,255.0
1739,86.95,44.34999999882623,-0.2360000121227824,-46.01499999972105,2.5901486146070677e-08,2.6751126532376127e-07,-6.155606110291001e-09,-1.4090723560749276e-08,-1.4552938266961913e-07,3.3487246083031602e-09,0,70,255.0,255.0,255.0
1740,87.0,44.35,-0.236,-46.015,1.897580602654336e-08,1.959826494924479e-07,-4.509686697742138e-09,-2.6293648122035836e-07,-2.715615250583061e-06,6.248805189365515e-08,0,70,255.0,255.0,255.0
1741,87.05000000000001,44.3500000006479,-0.23599999330844806,-46.015000000153975,7.495932460643383e-09,7.741819778292397e-08,-1.7814424777346216e-09,-1.9625846141553633e-07,-2.026962817796818e-06,4.664171690662071e-08,0,70,255.0,255.0,255.0
1742,87.10000000000001,44.35000000080516,-0.23599999168430316,-46.01500000019135,-6.500401150128926e-10,-6.713632287260932e-09,1.5448499292055613e-10,-1.295804416107332e-07,-1.3383103850107705e-06,3.0795381919590787e-08,0,70,255.0,255.0,255.0
1743,87.15,44.35000000063847,-0.23599999340593425,-46.01500000015173,-5.462111700429198e-09,-5.6412840718145495e-08,1.2980957142242815e-09,-6.290242180593013e-08,-6.496579522247232e-07,1.494904693256086e-08,0,70,255.0,255.0,255.0
1744,87.2,44.350000000314516,-0.2359999967517102,-46.01500000007474,-6.940282295605544e-09,-7.167942750972961e-08,1.6493896861765577e-09,3.775597998872987e-09,3.8994480561324346e-08,-8.972880544690597e-10,0,70,255.0,255.0,255.0
1745,87.25,44.35,-0.236,-46.015,-5.084551900541925e-09,-5.2513392662013186e-08,1.2083669087773825e-09,7.045361780367609e-08,7.276469133473719e-07,-1.6743623041498986e-08,0,70,255.0,255.0,255.0
1746,87.30000000000001,44.349999999826395,-0.2360000017929959,-46.01499999995875,-2.008529049347633e-09,-2.0744143575407414e-08,4.7733607327149e-10,5.2587296244067615e-08,5.431230501165701e-07,-1.2497610378730065e-08,0,70,255.0,255.0,255.0
1747,87.35000000000001,44.34999999978425,-0.2360000022281842,-46.01499999994873,1.7417772386553897e-10,1.7989123496510715e-09,-4.139412909579087e-11,3.472097468446422e-08,3.5859918688582066e-07,-8.251597715962352e-09,0,70,255.0,255.0,255.0
1748,87.4,44.349999999828924,-0.23600000176687458,-46.01499999995934,1.4635684190985916e-09,1.5115775113172607e-08,-3.4782369832469817e-10,1.6854653124860822e-08,1.7407532365507126e-07,-4.0055850531946366e-09,0,70,255.0,255.0,255.0
1749,87.45,44.34999999991573,-0.2360000008703766,-46.01499999997997,1.859643036351525e-09,1.92064447151572e-08,-4.4195263441523166e-10,-1.0116684347425812e-09,-1.044853957567804e-08,2.404276095730785e-10,0,70,255.0,255.0,255.0
1750,87.5,44.35,-0.236,-46.015,1.3624015756243388e-09,1.4070921155604878e-08,-3.2378093736739176e-10,-1.8877989994345978e-08,-1.9497240280642744e-07,4.486440272340792e-09,0,70,255.0,255.0,255.0
1751,87.55000000000001,44.35000000004652,-0.23599999951956815,-46.01500000001106,5.381837367471486e-10,5.558376518705677e-09,-1.2790181535133898e-10,-1.409072356073413e-08,-1.4552938266946315e-07,3.348724608299539e-09,0,70,255.0,255.0,255.0
1752,87.60000000000001,44.35000000005781,-0.23599999940295985,-46.01500000001374,-4.667078044926233e-11,-4.820171113433795e-10,1.109152346260681e-11,-9.303457127123643e-09,-9.608636253251292e-08,2.2110089442586087e-09,0,70,255.0,255.0,255.0
1753,87.65,44.350000000045846,-0.2359999995265674,-46.01500000001089,-3.9216197596516243e-10,-4.050259734545067e-09,9.319907907450932e-11,-4.516190693513157e-09,-4.664334239556269e-08,1.0732932802176786e-09,0,70,255.0,255.0,255.0
1754,87.7,44.35000000002258,-0.2359999997667833,-46.01500000000537,-4.982898498005526e-10,-5.146351350899384e-09,1.1842085148436858e-10,2.7107574009733094e-10,2.7996777413875486e-09,-6.442238382325187e-11,0,70,255.0,255.0,255.0
1755,87.75,44.35,-0.236,-46.015,-3.6505440195543067e-10,-3.770291960406327e-09,8.675684069218455e-11,5.058342173707817e-09,5.2242697878337795e-08,-1.2021380478641816e-09,0,70,255.0,255.0,255.0
1756,87.80000000000001,44.34999999998754,-0.2360000001287313,-46.01499999999704,-1.4420589764096245e-10,-1.4893624994153015e-09,3.427118813386584e-11,3.775597998868903e-09,3.899448056128248e-08,-8.972880544680892e-10,0,70,255.0,255.0,255.0
1757,87.85000000000001,44.349999999984504,-0.2360000001599764,-46.01499999999632,1.2505397931510024e-11,1.29156095722441e-10,-2.9719647546363624e-12,2.4928538240303517e-09,2.5746263244230925e-08,-5.924380610720835e-10,0,70,255.0,255.0,255.0
1758,87.9,44.349999999987716,-0.23600000012685587,-46.01499999999708,1.0507948476205854e-10,1.085263825007644e-09,-2.4972617973339133e-11,1.2101096491918015e-09,1.2498045927179372e-08,-2.8758806767607776e-10,0,70,255.0,255.0,255.0
1759,87.95,44.349999999993955,-0.23600000006249022,-46.014999999998565,1.3351636285068327e-10,1.3789606884403083e-09,-3.1730771522242485e-11,-7.263452564674913e-11,-7.50171389872181e-10,1.7261925719927954e-11,0,70,255.0,255.0,255.0
1760,88.0,44.35,-0.236,-46.015,9.781603219738411e-11,1.0102466860204298e-09,-2.3246425401346413e-11,-1.3553787004852998e-09,-1.3998388706923739e-08,3.2211191911593377e-10,0,70,255.0,255.0,255.0
1761,88.05000000000001,44.35000000000334,-0.23599999996550652,-46.015000000000796,3.863985381670102e-11,3.9907347895552854e-10,-9.182937184124427e-12,-1.0116684347414856e-09,-1.0448539575666752e-08,2.4042760957281774e-10,0,70,255.0,255.0,255.0
1762,88.10000000000001,44.35000000000415,-0.23599999995713444,-46.01500000000098,-3.350811276777938e-12,-3.460727154638488e-11,7.963355559385745e-13,-6.679581689977691e-10,-6.898690444410774e-09,1.5874330002972492e-10,0,70,255.0,255.0,255.0
1763,88.15,44.35000000000329,-0.23599999996600904,-46.01500000000078,-2.8155963083072093e-11,-2.907955654855094e-10,6.691392818847163e-12,-3.242479032540526e-10,-3.3488413131547953e-09,7.70589904866321e-11,0,70,255.0,255.0,255.0
1764,88.2,44.35000000000162,-0.23599999998325577,-46.015000000000384,-3.577560160218135e-11,-3.694914028618453e-10,8.502234604601335e-12,1.9462362489663945e-11,2.0100781810118387e-10,-4.6253190564607186e-12,0,70,255.0,255.0,255.0
1765,88.25,44.35,-0.236,-46.015,-2.6209726834105768e-11,-2.7069478367539214e-10,6.228860913201108e-12,3.6317262823338057e-10,3.750856949357164e-09,-8.630962859955354e-11,0,70,255.0,255.0,255.0
1766,88.30000000000001,44.34999999999911,-0.23600000000924246,-46.01499999999979,-1.0353517625841675e-11,-1.0693141640681252e-10,2.4605606026318687e-12,2.71075740097039e-10,2.799677741384532e-09,-6.442238382318174e-11,0,70,255.0,255.0,255.0
1767,88.35000000000001,44.34999999999889,-0.2360000000114858,-46.01499999999974,8.978471756017531e-13,9.272990463098415e-12,-2.1337746911792775e-13,1.7897885196072357e-10,1.84849853341217e-09,-4.253513904681619e-11,0,70,255.0,255.0,255.0
1768,88.4,44.34999999999912,-0.23600000000910784,-46.014999999999795,7.544367570229668e-12,7.791843693439398e-11,-1.7929533020495078e-12,8.688196382440815e-11,8.97319325439808e-10,-2.0647894270450618e-11,0,70,255.0,255.0,255.0
1769,88.45,44.34999999999956,-0.23600000000448657,-46.0149999999999,9.586043558042065e-12,9.9004923007074e-11,-2.2781668961628715e-12,-5.214924311907216e-12,-5.385988253255442e-11,1.2393505059149459e-12,0,70,255.0,255.0,255.0
1770,88.5,44.35,-0.236,-46.015,7.022875139038966e-12,7.253244868113878e-11,-1.6690182514580226e-12,-9.731181244822266e-11,-1.0050390905049168e-09,2.312659528228051e-11,0,70,255.0,255.0,255.0
1771,88.55000000000001,44.350000000000236,-0.23599999999752347,-46.01500000000006,2.7742166866656708e-12,2.8652186671721514e-11,-6.593052264030458e-13,-7.263452564667049e-11,-7.50171389871375e-10,1.7261925719909378e-11,0,70,255.0,255.0,255.0
1772,88.60000000000001,44.35000000000031,-0.23599999999692237,-46.01500000000007,-2.405774256290534e-13,-2.484690306008731e-12,5.717432053314575e-14,-4.795723884512533e-11,-4.953036892379056e-10,1.1397256157539916e-11,0,70,255.0,255.0,255.0
1773,88.65,44.350000000000236,-0.23599999999755952,-46.01500000000005,-2.021507197846588e-12,-2.0878182252066225e-11,4.804203893508812e-13,-2.3279952043580173e-11,-2.4043598860443626e-10,5.532586595170454e-12,0,70,255.0,255.0,255.0
1774,88.7,44.35000000000012,-0.2359999999987978,-46.01500000000003,-2.5685726299869375e-12,-2.652828916645098e-11,6.104329800501597e-13,1.3973347579649972e-12,1.4431712029032981e-11,-3.3208296719900993e-13,0,70,255.0,255.0,255.0
1775,88.75,44.35,-0.236,-46.015,-1.8817737220500996e-12,-1.9435011049162987e-11,4.472120926309816e-13,2.6074621559510135e-11,2.6929941266250243e-10,-6.196752529568474e-12,0,70,255.0,255.0,255.0
1776,88.80000000000001,44.349999999999945,-0.23600000000066357,-46.014999999999986,-7.433491208210116e-13,-7.677330280073558e-12,1.7666030298031468e-13,1.9462362489643027e-11,2.010078181009678e-10,-4.625319056455743e-12,0,70,255.0,255.0,255.0
1777,88.85000000000001,44.34999999999992,-0.23600000000082463,-46.01499999999998,6.446252691446293e-14,6.657707609364763e-13,-1.5319813014654518e-14,1.2850103419777799e-11,1.3271622353945256e-10,-3.05388558334346e-12,0,70,255.0,255.0,255.0
1778,88.9,44.34999999999994,-0.23600000000065388,-46.01499999999999,5.41661221156695e-13,5.594292073870944e-12,-1.2872825535401396e-13,6.237844349912571e-12,6.442462897793731e-11,-1.4824521102311769e-12,0,70,255.0,255.0,255.0
1779,88.95,44.349999999999966,-0.2360000000003221,-46.014999999999986,6.882469619056847e-13,7.10823365872984e-12,-1.635650240377637e-13,-3.744147199526563e-13,-3.86696558357792e-12,8.898136288110678e-14,0,70,255.0,255.0,255.0
1780,89.0,44.35,-0.236,-46.015,5.042197491614321e-13,5.207595515513169e-12,-1.1983011906590395e-13,-6.986673789817882e-12,-7.21585601450932e-11,1.6604148359933892e-12,0,70,255.0,255.0,255.0
1781,89.05000000000001,44.35000000000002,-0.23599999999982219,-46.01500000000001,1.991797966183751e-13,2.0571344485727147e-12,-4.733598551821277e-14,-5.214924311901625e-12,-5.3859882532496335e-11,1.2393505059135989e-12,0,70,255.0,255.0,255.0
1782,89.10000000000001,44.35000000000002,-0.23599999999977903,-46.01500000000001,-1.7272682028799982e-14,-1.7839273773718351e-13,4.104931525472478e-15,-3.4431748339858703e-12,-3.556120491990467e-11,8.182861758339282e-13,0,70,255.0,255.0,255.0
1783,89.15,44.35000000000002,-0.23599999999982477,-46.01500000000001,-1.4513768678019227e-13,-1.4989860434175503e-12,3.4492632065175403e-14,-1.671425356070116e-12,-1.726252730731301e-11,3.9722184575425746e-13,0,70,255.0,255.0,255.0
1784,89.2,44.35000000000001,-0.23599999999991367,-46.015,-1.8441521763580195e-13,-1.904645468468385e-12,4.3827116100895956e-14,1.003241218456385e-13,1.0361503052786478e-12,-2.3842484325413337e-14,0,70,255.0,255.0,255.0
1785,89.25,44.35,-0.236,-46.015,-1.35105274595629e-13,-1.3953710128896896e-12,3.2108383632634244e-14,1.8720735997613933e-12,1.9334827917870314e-11,-4.4490681440508374e-13,0,70,255.0,255.0,255.0
1786,89.30000000000001,44.349999999999994,-0.23600000000004764,-46.015,-5.337006565248888e-14,-5.512075142173019e-13,1.2683639092536428e-14,1.3973347579634687e-12,1.443171202901752e-11,-3.3208296719865223e-13,0,70,255.0,255.0,255.0
1787,89.35000000000001,44.349999999999994,-0.2360000000000592,-46.015,4.6282012007365156e-15,4.7800190012255225e-14,-1.0999130872354113e-15,9.22595916165679e-13,9.52859614016612e-12,-2.192591199922528e-13,0,70,255.0,255.0,255.0
1788,89.4,44.349999999999994,-0.23600000000004692,-46.015,3.8889525964073793e-14,4.0165209979925584e-13,-9.242272906687607e-15,4.478570743678894e-13,4.625480251314721e-12,-1.0643527278585338e-13,0,70,255.0,255.0,255.0
1789,89.45,44.349999999999994,-0.23600000000002314,-46.015,4.941390863752289e-14,5.103482151437011e-13,-1.1743440365820135e-14,-2.6881767429900515e-14,-2.776356375366774e-13,6.388574420546068e-15,0,70,255.0,255.0,255.0
1790,89.5,44.35,-0.236,-46.015,3.620134922108386e-14,3.7388853604559005e-13,-8.603415464633024e-15,-5.0162060922769e-13,-5.180751526388076e-12,1.1921242162694557e-13,0,70,255.0,255.0,255.0
1791,89.55000000000001,44.35,-0.2359999999999872,-46.015,1.430046599158039e-14,1.476956082964926e-13,-3.3985708519329547e-15,-3.744147199522497e-13,-3.866965583573764e-12,8.898136288100987e-14,0,70,255.0,255.0,255.0
1792,89.60000000000001,44.35000000000001,-0.2359999999999841,-46.015,-1.240122774146101e-15,-1.2808022311838017e-14,2.9472082346914997e-16,-2.472088306768454e-13,-2.553179640759825e-12,5.875030413508275e-14,0,70,255.0,255.0,255.0
1793,89.65,44.35,-0.2359999999999874,-46.015,-1.0420417076102751e-14,-1.0762235577947534e-13,2.4764595615749853e-15,-1.200029414014412e-13,-1.2393936979458861e-12,2.851924538915564e-14,0,70,255.0,255.0,255.0
1794,89.7,44.35,-0.2359999999999938,-46.015,-1.3240416914289533e-14,-1.367473921064196e-13,3.1466453623845538e-15,7.202947873963059e-15,7.439224486805287e-14,-1.7118133567714652e-15,0,70,255.0,255.0,255.0
1795,89.75,44.35,-0.236,-46.015,-9.700122288706474e-15,-1.0018313129267057e-13,2.3052782258978513e-15,1.3440883714936732e-13,1.3881781876819915e-12,-3.194287210269858e-14,0,70,255.0,255.0,255.0
1796,89.80000000000001,44.35,-0.23600000000000337,-46.015,-3.8317983138327004e-15,-3.957491896866862e-14,9.106443151953878e-16,1.0032412184553025e-13,1.0361503052775355e-12,-2.3842484325387273e-14,0,70,255.0,255.0,255.0
1797,89.85000000000001,44.35,-0.23600000000000423,-46.015,3.322898958478923e-16,3.4318992350968032e-15,-7.897020664119478e-17,6.623940654170288e-14,6.841224228731793e-13,-1.5742096548078275e-14,0,70,255.0,255.0,255.0
1798,89.9,44.35,-0.23600000000000335,-46.015,2.7921423403372136e-15,2.883732331864542e-14,-6.635653396123505e-16,3.2154691237875505e-14,3.3209454046882316e-13,-7.641708770769275e-15,0,70,255.0,255.0,255.0
1799,89.95,44.35,-0.23600000000000165,-46.015,3.5477590196352584e-15,3.6641353281977243e-14,-8.431410837180785e-16,-1.93002406595187e-15,-1.9933341935532887e-14,4.586790065397231e-16,0,70,255.0,255.0,255.0
1800,90.0,44.35,-0.236,-46.015,2.5991399337420334e-15,2.6843989125092214e-14,-6.176974389583804e-16,-3.601473936977926e-14,-3.7196122433988903e-13,8.559066783848721e-15,0,70,255.0,255.0,255.0
1801,90.05000000000001,44.35,-0.2359999999999991,-46.015,1.0267272637504097e-15,1.0604067578181876e-14,-2.4400640884859687e-16,-2.6881767429871384e-14,-2.776356375363768e-13,6.3885744205392215e-15,0,70,255.0,255.0,255.0
1802,90.10000000000001,44.35,-0.23599999999999885,-46.015,-8.903680924546396e-17,-9.195746285491696e-16,2.1160003095627092e-17,-1.774879548996611e-14,-1.8331005073289134e-13,4.218082057230339e-15,0,70,255.0,255.0,255.0
1803,90.15,44.35,-0.2359999999999991,-46.015,-7.481522852461007e-16,-7.726937495106214e-15,1.77801796874413e-16,-8.615823550060835e-15,-8.89844639294059e-14,2.047589693921456e-15,0,70,255.0,255.0,255.0
1804,90.2,44.35,-0.23599999999999954,-46.015,-9.506191642514986e-16,-9.818021021489258e-15,2.2591897248776104e-16,5.17148389844441e-16,5.341122874079535e-15,-1.2290266938742584e-16,0,70,255.0,255.0,255.0
1805,90.25,44.35,-0.236,-46.015,-6.964374462616597e-16,-7.192825207698298e-15,1.6551152993567076e-16,9.650120329749714e-15,9.966670967756491e-14,-2.2933950326963114e-15,0,70,255.0,255.0,255.0
1806,90.30000000000001,44.35,-0.23600000000000024,-46.015,-2.7511074116893864e-16,-2.8413513440588847e-15,6.538132019899991e-17,7.202947873955296e-15,7.439224486797204e-14,-1.7118133567696117e-15,0,70,255.0,255.0,255.0
1807,90.35000000000001,44.35,-0.2360000000000003,-46.015,2.3857341133966146e-17,2.46399279099901e-16,-5.6698057413132875e-18,4.755775418161573e-15,4.9117780058386365e-14,-1.1302316808430777e-15,0,70,255.0,255.0,255.0
1808,90.4,44.35,-0.23600000000000024,-46.015,2.004668006471917e-16,2.0704266617794744e-15,-4.764184788530142e-17,2.3086029623678504e-15,2.384331524880069e-14,-5.486500049165432e-16,0,70,255.0,255.0,255.0
1809,90.45,44.35,-0.2360000000000001,-46.015,2.54717637370738e-16,2.630730803979833e-15,-6.053480623296449e-17,-1.3856949342587332e-16,-1.4311495607849999e-15,3.2931671009990864e-17,0,70,255.0,255.0,255.0
1810,90.5,44.35,-0.236,-46.015,1.866098513046051e-16,1.9273117057009813e-15,-4.434868078430257e-17,-2.5857419492195946e-15,-2.670561437037068e-14,6.145133469365249e-16,0,70,255.0,255.0,255.0
1811,90.55000000000001,44.35,-0.23599999999999993,-46.015,7.371570092534473e-17,7.613377980536632e-16,-1.7518871947402676e-17,-1.930024065949793e-15,-1.9933341935511442e-14,4.5867900653922685e-16,0,70,255.0,255.0,255.0
1812,90.60000000000001,44.35,-0.2359999999999999,-46.015,-6.3925552904e-18,-6.602248785042896e-17,1.519219869626246e-18,-1.2743061826801779e-15,-1.3161069500654129e-14,3.028446661419731e-16,0,70,255.0,255.0,255.0
1813,90.65,44.35,-0.23599999999999993,-46.015,-5.3714917342665825e-17,-5.547691520116747e-16,1.2765594666792919e-17,-6.185882994105627e-16,-6.3887970657968155e-15,1.4701032574471934e-16,0,70,255.0,255.0,255.0
1814,90.7,44.35,-0.23599999999999993,-46.015,-6.825138523145275e-17,-7.049021944300741e-16,1.6220252444097334e-17,3.712958385905228e-17,3.8347536906049636e-16,-8.824014652534362e-18,0,70,255.0,255.0,255.0
1815,90.75,44.35,-0.236,-46.015,-5.000195895676082e-17,-5.164216151056277e-16,1.1883193201539523e-17,6.928474671286675e-16,7.155747803917811e-15,-1.646583550497882e-16,0,70,255.0,255.0,255.0
1816,90.80000000000001,44.35,-0.23600000000000002,-46.015,-1.9752062532440283e-17,-2.0399984815576828e-16,4.6941675906107966e-18,5.171483898438789e-16,5.341122874073726e-15,-1.229026693872955e-16,0,70,255.0,255.0,255.0
1817,90.85000000000001,44.35,-0.23600000000000002,-46.015,1.7128800276339763e-18,1.7690672301816126e-17,-4.070737371916661e-19,3.414493125591404e-16,3.526497944230155e-15,-8.114698372481468e-17,0,70,255.0,255.0,255.0
1818,90.9,44.35,-0.23600000000000002,-46.015,1.4392868723471815e-17,1.4864994626722711e-16,-3.4205307818702098e-18,1.6575023527440185e-16,1.7118730143865843e-15,-3.939129806233385e-17,0,70,255.0,255.0,255.0
1819,90.95,44.35,-0.23600000000000002,-46.015,1.8287903555073215e-17,1.8887797374046493e-16,-4.346203543424827e-18,-9.948842010336785e-18,-1.0275191545698712e-16,2.3643876001469784e-18,0,70,255.0,255.0,255.0
1820,91.0,44.35,-0.236,-46.015,1.3397984522438205e-17,1.38374754721529e-16,-3.1840920218555227e-18,-1.856479192950753e-16,-1.917376845300557e-15,4.412007326262782e-17,0,70,255.0,255.0,255.0
1821,91.05000000000001,44.35,-0.236,-46.015,5.292549204416409e-18,5.4661594569409753e-17,-1.2577984150405119e-18,-1.385694934257228e-16,-1.4311495607834514e-15,3.2931671009955094e-17,0,70,255.0,255.0,255.0
1822,91.10000000000001,44.35,-0.236,-46.015,-4.589648201359239e-19,-4.740201356835265e-18,1.0907507914042626e-19,-9.149106755638369e-17,-9.449222762664842e-16,2.1743268757285543e-17,0,70,255.0,255.0,255.0
1823,91.15,44.35,-0.236,-46.015,-3.856557551221438e-18,-3.9830633057233294e-17,9.165284606879188e-19,-4.441264168704458e-17,-4.586949917495168e-16,1.0554866504615999e-17,0,70,255.0,255.0,255.0
1824,91.2,44.35,-0.236,-46.015,-4.900228988840124e-18,-5.060970053178435e-17,1.1645617296019657e-18,2.6657841822945403e-18,2.7532292767450527e-17,-6.335357480535516e-19,0,70,255.0,255.0,255.0
1825,91.25,44.35,-0.236,-46.015,-3.589979132991998e-18,-3.707740378048838e-17,8.53174885882568e-19,4.9744210051633666e-17,5.137595772844179e-16,-1.1821938000723093e-17,0,70,255.0,255.0,255.0
1826,91.30000000000001,44.35,-0.236,-46.015,-1.418134285225358e-18,-1.464653012187079e-17,3.370260695512513e-19,3.712958385901219e-17,3.834753690600817e-16,-8.824014652524882e-18,0,70,255.0,255.0,255.0
1827,91.35000000000001,44.35,-0.236,-46.015,1.2297925290971688e-19,1.270133125524917e-18,-2.922657937003803e-20,2.4514957666394296e-17,2.531911608357826e-16,-5.826091304327523e-18,0,70,255.0,255.0,255.0
1828,91.4,44.35,-0.236,-46.015,1.033361481413933e-18,1.067258596170603e-17,-2.45583060881468e-19,1.1900331473776403e-17,1.2290695261148347e-16,-2.828167956130165e-18,0,70,255.0,255.0,255.0
1829,91.45,44.35,-0.236,-46.015,1.313012400287289e-18,1.3560828386672555e-17,-3.120433749830383e-19,-7.142947188414934e-19,-7.377255612815683e-18,1.6975539206719411e-19,0,70,255.0,255.0,255.0
1830,91.5,44.35,-0.236,-46.015,9.61932009529788e-19,9.934860400424516e-18,-2.286075216747494e-19,-1.3328920911459379e-17,-1.3766146383711473e-16,3.1676787402645544e-18,0,70,255.0,255.0,255.0
1831,91.55000000000001,44.35,-0.236,-46.015,3.799879364850221e-19,3.92452591807339e-18,-9.030586316449318e-20,-9.948842010325966e-18,-1.0275191545687563e-16,2.364387600144436e-18,0,70,255.0,255.0,255.0
1832,91.60000000000001,44.35,-0.236,-46.015,-3.2952191502941463e-20,-3.403311452644192e-19,7.831238339725784e-21,-6.568763109193512e-18,-6.784236707664644e-17,1.5610964600245463e-18,0,70,255.0,255.0,255.0
1833,91.65,44.35,-0.236,-46.015,-2.768883744342919e-19,-2.859710789590868e-18,6.580378283795259e-20,-3.1886842080610584e-18,-3.2932818696417274e-17,7.578053199046565e-19,0,70,255.0,255.0,255.0
1834,91.7,44.35,-0.236,-46.015,-3.5182061230902923e-19,-3.6336130149059616e-18,8.36117703301871e-20,1.9139469307139465e-19,1.9767296838119093e-18,-4.548582021523372e-20,0,70,255.0,255.0,255.0
1835,91.75,44.35,-0.236,-46.015,-2.5774890512715366e-19,-2.662037821209689e-18,6.125520081642948e-20,3.571473594203843e-18,3.688627806404109e-17,-8.4877696033512355e-19,0,70,255.0,255.0,255.0
1836,91.80000000000001,44.35,-0.236,-46.015,-1.0181746071473041e-19,-1.0515735504227752e-18,2.419738310672142e-20,2.6657841822916684e-18,2.7532292767420816e-17,-6.33535748052862e-19,0,70,255.0,255.0,255.0
1837,91.85000000000001,44.35,-0.236,-46.015,8.829513102048796e-21,9.119145553275977e-20,-2.098373988865175e-21,1.7600947703797514e-18,1.8178307470803198e-17,-4.1829453577066164e-19,0,70,255.0,255.0,255.0
1838,91.9,44.35,-0.236,-46.015,7.419201632323474e-20,7.662571966574413e-19,-1.7632070470342373e-20,8.544053584678344e-19,8.82432217418558e-18,-2.0305332348846125e-19,0,70,255.0,255.0,255.0
1839,91.95,44.35,-0.236,-46.015,9.427004894882732e-20,9.73623672951267e-19,-2.2403706337710132e-20,-5.128405344408216e-20,-5.296631224320344e-19,1.2187888793739031e-20,0,70,255.0,255.0,255.0
1840,92.0,44.35,-0.236,-46.015,6.906361097882688e-20,7.132908844142415e-19,-1.6413281590968525e-20,-9.569734653559991e-19,-9.883648419049646e-18,2.2742910107593936e-19,0,70,255.0,255.0,255.0
1841,92.05000000000001,44.35,-0.236,-46.015,2.7281906373899565e-20,2.8176828361771107e-19,-6.483669262392494e-21,-7.142947188407136e-19,-7.377255612807648e-18,1.6975539206701154e-19,0,70,255.0,255.0,255.0
1842,92.10000000000001,44.35,-0.236,-46.015,-2.365860905254014e-21,-2.443467686662185e-20,5.622576157348974e-22,-4.71615972325497e-19,-4.870862806566362e-18,1.1208168305810013e-19,0,70,255.0,255.0,255.0
1843,92.15,44.35,-0.236,-46.015,-1.987969085864745e-20,-2.053179970388975e-19,4.724499043416883e-21,-2.289372258102804e-19,-2.3644700003250762e-18,5.440797404918869e-20,0,70,255.0,255.0,255.0
1844,92.2,44.35,-0.236,-46.015,-2.525958348628075e-20,-2.608816768991158e-19,6.0030550206534605e-21,1.37415207049361e-20,1.4192280591620976e-19,-3.265734959722741e-21,0,70,255.0,255.0,255.0
1845,92.25,44.35,-0.236,-46.015,-1.8505538788153887e-20,-1.9112571644727732e-19,4.397925547444628e-21,2.56420267220153e-19,2.6483156121574953e-18,-6.093944396863411e-20,0,70,255.0,255.0,255.0
1846,92.30000000000001,44.35,-0.236,-46.015,-7.310164780867888e-21,-7.549958404806924e-20,1.737293942848562e-21,1.913946930711851e-19,1.9767296838097766e-18,-4.5485820215184344e-20,0,70,255.0,255.0,255.0
1847,92.35000000000001,44.35,-0.236,-46.015,6.339305189671775e-22,6.547251933726742e-21,-1.5065647407441365e-22,1.2636911892223566e-19,1.3051437554622487e-18,-3.0032196461738966e-20,0,70,255.0,255.0,255.0
1848,92.4,44.35,-0.236,-46.015,5.326747111354954e-21,5.501479149814821e-20,-1.2659257033251642e-21,6.134354477328623e-20,6.335578271147208e-19,-1.457857270829359e-20,0,70,255.0,255.0,255.0
1849,92.45,44.35,-0.236,-46.015,6.768284996295449e-21,6.99030346451952e-20,-1.6085137449036905e-21,-3.682029375663203e-21,-3.802810123280735e-20,8.750510451517887e-22,0,70,255.0,255.0,255.0
1850,92.5,44.35,-0.236,-46.015,4.95854417378865e-21,5.1211981374867705e-20,-1.1784205988099916e-21,-6.870760352461266e-20,-7.096140295803353e-19,1.6328674798597166e-20,0,70,255.0,255.0,255.0
1851,92.55000000000001,44.35,-0.236,-46.015,1.9587527495719866e-21,2.0230052574565827e-20,-4.6550650900175325e-22,-5.128405344402662e-20,-5.296631224314582e-19,1.2187888793725883e-20,0,70,255.0,255.0,255.0
1852,92.60000000000001,44.35,-0.236,-46.015,-1.6986117061469712e-22,-1.7543308682851882e-21,4.03682805627597e-23,-3.386050336344553e-20,-3.497122152826322e-19,8.047102788855779e-21,0,70,255.0,255.0,255.0
1853,92.65,44.35,-0.236,-46.015,-1.4272975867723734e-21,-1.4741168953695405e-20,3.392037698837791e-22,-1.6436953282864445e-20,-1.6976130813380624e-19,3.906316783985674e-21,0,70,255.0,255.0,255.0
1854,92.7,44.35,-0.236,-46.015,-1.8135564989010457e-21,-1.873046168166484e-20,4.309999589613049e-22,9.86596797716639e-22,1.0189599015019727e-20,-2.3446922088442877e-22,0,70,255.0,255.0,255.0
1855,92.75,44.35,-0.236,-46.015,-1.3286379070007174e-21,-1.3722209052193497e-20,3.1575684779533726e-22,1.8410146878297723e-20,1.9014050616384564e-19,-4.3752552257545356e-21,0,70,255.0,255.0,255.0
1856,92.80000000000001,44.35,-0.236,-46.015,-5.248462174200549e-22,-5.4206262501940665e-21,1.247320931584509e-22,1.3741520704921472e-20,1.4192280591605607e-19,-3.265734959719181e-21,0,70,255.0,255.0,255.0
1857,92.85000000000001,44.35,-0.236,-46.015,4.551416349161329e-23,4.70071539414005e-22,-1.0816648176624482e-23,9.072894531546546e-21,9.370510566828022e-20,-2.1562146936841413e-21,0,70,255.0,255.0,255.0
1858,92.9,44.35,-0.236,-46.015,3.824432357345483e-22,3.949884316633424e-21,-9.0889376209951e-23,4.40426835817162e-21,4.548740542050436e-20,-1.046694427649102e-21,0,70,255.0,255.0,255.0
1859,92.95,44.35,-0.236,-46.015,4.8594099930875e-22,5.0188120814641816e-21,-1.1548609094152863e-22,-2.643578152033048e-22,-2.7302948272714857e-21,6.28258383859377e-23,0,70,255.0,255.0,255.0
1860,93.0,44.35,-0.236,-46.015,3.560074542142193e-22,3.6768548339062896e-21,-8.460679237135754e-23,-4.932983988578229e-21,-5.0947995075047355e-20,1.1723461044209772e-21,0,70,255.0,255.0,255.0
1861,93.05000000000001,44.35,-0.236,-46.015,1.406321201082331e-22,1.4524524262104448e-21,-3.342186363205049e-23,-3.68202937565926e-21,-3.8028101232766194e-20,8.750510451508395e-22,0,70,255.0,255.0,255.0
1862,93.10000000000001,44.35,-0.236,-46.015,-1.2195483351755813e-23,-1.2595528937083754e-22,2.8983121437381003e-24,-2.4310747627406458e-21,-2.5108207390488707e-20,5.777559858807862e-22,0,70,255.0,255.0,255.0
1863,93.15,44.35,-0.236,-46.015,-1.0247535616581763e-22,-1.058368312838282e-21,2.4353734956024858e-23,-1.1801201498220318e-21,-1.218831354821122e-20,2.80460926610733e-22,0,70,255.0,255.0,255.0
1864,93.2,44.35,-0.236,-46.015,-1.3020749833395235e-22,-1.3447866441918902e-21,3.0944404804809766e-23,7.083446309658254e-23,7.315802940662644e-22,-1.6834132659320136e-23,0,70,255.0,255.0,255.0
1865,93.25,44.35,-0.236,-46.015,-9.539190985615994e-23,-9.852102834316601e-22,2.2670321690092926e-23,1.321789076015195e-21,1.3651474136343754e-20,-3.1412919192937355e-22,0,70,255.0,255.0,255.0
1866,93.30000000000001,44.35,-0.236,-46.015,-3.76822630128777e-23,-3.8918345464771366e-22,8.955361369751034e-24,9.865967977155695e-22,1.0189599015008683e-20,-2.3446922088417736e-22,0,70,255.0,255.0,255.0
1867,93.35000000000001,44.35,-0.236,-46.015,3.267769915410195e-24,3.3749618069344136e-23,-7.766003983279399e-25,6.514045194160393e-22,6.727723893674595e-21,-1.5480924983900383e-22,0,70,255.0,255.0,255.0
1868,93.4,44.35,-0.236,-46.015,2.745818892872251e-23,2.835889347197073e-22,-6.525563614148467e-24,3.1621224111650913e-22,3.265848772340507e-21,-7.51492787938303e-23,0,70,255.0,255.0,255.0
1869,93.45,44.35,-0.236,-46.015,3.488899402705928e-23,3.6033449530337644e-22,-8.291528277710543e-24,-1.8980037183021237e-23,-1.960263489935809e-22,4.510692251343268e-24,0,70,255.0,255.0,255.0
1870,93.5,44.35,-0.236,-46.015,2.556018521042051e-23,2.6398629982035086e-22,-6.0744943890141635e-24,-3.541723154825513e-22,-3.657901470327668e-21,8.417066329651677e-23,0,70,255.0,255.0,255.0
1871,93.55000000000001,44.35,-0.236,-46.015,1.0096931943277748e-23,1.0428139238040933e-22,-2.399581846953663e-24,-2.6435781520301854e-22,-2.7302948272685404e-21,6.282583838586985e-23,0,70,255.0,255.0,255.0
1872,93.60000000000001,44.35,-0.236,-46.015,-8.755963098848742e-25,-9.043182906539638e-24,2.0808944957365987e-25,-1.745433149235113e-22,-1.8026881842096765e-21,4.148101347522898e-23,0,70,255.0,255.0,255.0
1873,93.65,44.35,-0.236,-46.015,-7.357399549072395e-24,-7.598742604054808e-23,1.748519500568999e-24,-8.472881464400404e-23,-8.750815411508126e-22,2.013618856458812e-23,0,70,255.0,255.0,255.0
1874,93.7,44.35,-0.236,-46.015,-9.348477774284799e-24,-9.655133702161589e-23,2.2217083060323566e-24,5.085685635503206e-24,5.252510190805093e-23,-1.2086363460527493e-24,0,70,255.0,255.0,255.0
1875,93.75,44.35,-0.236,-46.015,-6.848830985522102e-24,-7.073491584974323e-23,1.6276558659637313e-24,9.490018591501046e-23,9.801317449669148e-22,-2.2553461256693607e-23,0,70,255.0,255.0,255.0
1876,93.80000000000001,44.35,-0.236,-46.015,-2.7054647602332788e-24,-2.7942114873923704e-23,6.42966018063616e-25,7.08344630965048e-23,7.31580294065477e-22,-1.683413265930205e-23,0,70,255.0,255.0,255.0
1877,93.85000000000001,44.35,-0.236,-46.015,2.3461532412932352e-25,2.4231135568142415e-24,-5.575739996669879e-26,4.676874027800599e-23,4.830288431641098e-22,-1.111480406191212e-23,0,70,255.0,255.0,255.0
1878,93.9,44.35,-0.236,-46.015,1.9714092675670538e-24,2.036076944248454e-23,-4.685143881275331e-25,2.2703017459507173e-23,2.344773922627427e-22,-5.395475464522191e-24,0,70,255.0,255.0,255.0
1879,93.95,44.35,-0.236,-46.015,2.5049170700799128e-24,2.5870852783087163e-23,-5.953049464188868e-25,-1.362705358991633e-24,-1.4074058638624518e-23,3.2385313286773783e-25,0,70,255.0,255.0,255.0
1880,94.0,44.35,-0.236,-46.015,1.8351387316678975e-24,1.8953363578622124e-23,-4.361290748407615e-25,-2.5428428177490456e-23,-2.62625509539992e-22,6.0431817302576664e-24,0,70,255.0,255.0,255.0
1881,94.05000000000001,44.35,-0.236,-46.015,7.249270976553681e-25,7.487067115285521e-24,-1.7228222530080054e-25,-1.8980037183000625e-23,-1.9602634899336785e-22,4.510692251338373e-24,0,70,255.0,255.0,255.0
1882,94.10000000000001,44.35,-0.236,-46.015,-6.286498663241852e-26,-6.4927132071727915e-25,1.4940150293136036e-26,-1.2531646188512623e-23,-1.2942718844676267e-22,2.978202772419516e-24,0,70,255.0,255.0,255.0
1883,94.15,44.35,-0.236,-46.015,-5.282375211958234e-25,-5.4556517293900104e-24,1.2553805194113406e-25,-6.0832551940246246e-24,-6.282802790015745e-23,1.4457132935006586e-24,0,70,255.0,255.0,255.0
1884,94.2,44.35,-0.236,-46.015,-6.711905060348461e-25,-6.932074110732662e-24,1.5951147964319366e-25,3.6513580046337575e-25,3.771132646447753e-24,-8.677618541819905e-26,0,70,255.0,255.0,255.0
1885,94.25,44.35,-0.236,-46.015,-4.917239411494879e-25,-5.078538464745252e-24,1.168604333993147e-25,6.813526794951373e-24,7.037029319305296e-23,-1.6192656643370563e-24,0,70,255.0,255.0,255.0
1886,94.30000000000001,44.35,-0.236,-46.015,-1.9424363038819348e-25,-2.0061535872183706e-24,4.616288313958623e-26,5.085685635497699e-24,5.252510190799433e-23,-1.2086363460514397e-24,0,70,255.0,255.0,255.0
1887,94.35000000000001,44.35,-0.236,-46.015,1.6844622400349807e-26,1.7397172605488282e-25,-4.00320120584539e-27,3.357844476044515e-24,3.4679910622940786e-23,-7.980070277659397e-25,0,70,255.0,255.0,255.0
1888,94.4,44.35,-0.236,-46.015,1.415408172162388e-25,1.4618374750755095e-24,-3.3637819637003184e-26,1.6300033165913312e-24,1.683471933788724e-23,-3.873777094804399e-25,0,70,255.0,255.0,255.0
1889,94.45,44.35,-0.236,-46.015,1.7984495405947362e-25,1.8574436598435112e-24,-4.274097215388717e-26,-9.783784286185246e-26,-1.0104719471663175e-24,2.3251608805060035e-26,0,70,255.0,255.0,255.0
1890,94.5,44.35,-0.236,-46.015,1.317570329300542e-25,1.3607902803588839e-24,-3.131265875649737e-26,-1.825679002315036e-24,-1.885566323221987e-23,4.338809270905596e-25,0,70,255.0,255.0,255.0
1891,94.55000000000001,44.35,-0.236,-46.015,5.204742389740595e-26,5.375472335879624e-25,-1.2369307257544418e-26,-1.3627053589901694e-24,-1.40740586386095e-23,3.238531328673862e-25,0,70,255.0,255.0,255.0
1892,94.60000000000001,44.35,-0.236,-46.015,-4.513502968980918e-27,-4.661558350225441e-26,1.0726545302455764e-27,-8.99731715665434e-25,-9.292454045000494e-24,2.138253386442441e-25,0,70,255.0,255.0,255.0
1893,94.65,44.35,-0.236,-46.015,-3.792574766913234e-26,-3.9169817091203427e-25,9.013226606878777e-27,-4.3675807234069875e-25,-4.510849451391487e-24,1.0379754442110197e-25,0,70,255.0,255.0,255.0
1894,94.7,44.35,-0.236,-46.015,-4.818931020304829e-26,-4.977005286413771e-25,1.145240897235518e-26,2.6215570984036673e-26,2.707551422175229e-25,-6.2302498020401704e-27,0,70,255.0,255.0,255.0
1895,94.75,44.35,-0.236,-46.015,-3.5304190570728867e-26,-3.6462265669028394e-25,8.390201626674793e-27,4.891892143087718e-25,5.052359735826526e-24,-1.1625804402518226e-25,0,70,255.0,255.0,255.0
1896,94.80000000000001,44.35,-0.236,-46.015,-1.3946065201430239e-26,-1.4403534713347856e-25,3.314345890591452e-27,3.651358004629791e-25,3.771132646443682e-24,-8.677618541810521e-26,0,70,255.0,255.0,255.0
1897,94.85000000000001,44.35,-0.236,-46.015,1.209389475573917e-27,1.2490607954134644e-26,-2.8741691513688627e-28,2.410823866172216e-25,2.489905557061202e-24,-5.729432681103654e-26,0,70,255.0,255.0,255.0
1898,94.9,44.35,-0.236,-46.015,1.0162173460290552e-26,1.0495520857262744e-25,-2.415086790511875e-27,1.1702897277146413e-25,1.2086784676787219e-24,-2.7812468203967853e-26,0,70,255.0,255.0,255.0
1899,94.95,44.35,-0.236,-46.015,1.2912286752719665e-26,1.3335845472199993e-25,-3.0686637355335157e-27,-7.024441074293402e-27,-7.254862170375862e-26,1.669390403100807e-27,0,70,255.0,255.0,255.0
1900,95.0,44.35,-0.236,-46.015,9.459729352861255e-27,9.770034640225208e-26,-2.248147750201803e-27,-1.310778549200508e-25,-1.3537757110862384e-24,3.11512490101695e-26,0,70,255.0,255.0,255.0
1901,95.05000000000001,44.35,-0.236,-46.015,3.7368369083150146e-27,3.8594154945952005e-26,-8.880763048213897e-28,-9.783784286174678e-26,-1.0104719471652272e-24,2.325160880503466e-26,0,70,255.0,255.0,255.0
1902,95.10000000000001,44.35,-0.236,-46.015,-3.240549333147292e-28,-3.3468483142841425e-27,7.701313030197356e-29,-6.459783080345223e-26,-6.671681832443139e-25,1.5351968599902065e-26,0,70,255.0,255.0,255.0
1903,95.15,44.35,-0.236,-46.015,-2.7229461720298406e-27,-2.812266337847561e-26,6.47120555168729e-28,-3.1357818745157656e-26,-3.2386441932340038e-25,7.452328394769468e-27,0,70,255.0,255.0,255.0
1904,95.2,44.35,-0.236,-46.015,-3.4598368078303175e-27,-3.573329024662233e-26,8.222459697788774e-28,1.882193313136914e-27,1.9439344597513054e-26,-4.473118103631266e-28,0,70,255.0,255.0,255.0
1905,95.25,44.35,-0.236,-46.015,-2.53472684071616e-27,-2.6178728918724386e-26,6.023893741324184e-28,3.512220537143147e-26,3.6274310851842635e-25,-8.346952015495727e-27,0,70,255.0,255.0,255.0
1906,95.30000000000001,44.35,-0.236,-46.015,-1.0012824318298214e-27,-1.0341272650329461e-26,2.3795932869410686e-28,2.621557098400813e-26,2.7075514221722667e-25,-6.230249802033418e-27,0,70,255.0,255.0,255.0
1907,95.35000000000001,44.35,-0.236,-46.015,8.683025768500339e-29,8.967853030018955e-28,-2.0635606071006653e-29,1.7308936596587324e-26,1.7876717591605315e-25,-4.11354758857171e-27,0,70,255.0,255.0,255.0
1908,95.4,44.35,-0.236,-46.015,7.2961122782881255e-28,7.535444941274832e-27,-1.7339543016304088e-28,8.402302209166512e-27,8.677920961487963e-26,-1.996845375110003e-27,0,70,255.0,255.0,255.0
1909,95.45,44.35,-0.236,-46.015,9.27060478601607e-28,9.574706264489364e-27,-2.203201435819955e-28,-5.043321782542936e-28,-5.2087566862938745e-27,1.1985683835170364e-28,0,70,255.0,255.0,255.0
1910,95.5,44.35,-0.236,-46.015,6.791780100033861e-28,7.014569272645478e-27,-1.6140974632787095e-28,-9.410966565675104e-27,-9.719672298746746e-26,2.236559051813412e-27,0,70,255.0,255.0,255.0
1911,95.55000000000001,44.35,-0.236,-46.015,2.682928190042713e-28,2.770935655365835e-27,-6.376100995503805e-29,-7.024441074285751e-27,-7.254862170367967e-26,1.6693904030990162e-27,0,70,255.0,255.0,255.0
1912,95.60000000000001,44.35,-0.236,-46.015,-2.3266097425282975e-29,-2.4029289772345835e-28,5.529293982052968e-30,-4.637915582897079e-27,-4.7900520419898896e-26,1.102221754384782e-27,0,70,255.0,255.0,255.0
1913,95.65,44.35,-0.236,-46.015,-1.9549873928541022e-28,-2.0191163866237824e-27,4.646116548343389e-29,-2.251390091508406e-27,-2.3252419136118117e-26,5.350531056705475e-28,0,70,255.0,255.0,255.0
1914,95.7,44.35,-0.236,-46.015,-2.484051065761107e-28,-2.5655348113351352e-27,5.903460454910467e-29,1.3513539988026754e-28,1.3956821476626616e-27,-3.211554304368689e-29,0,70,255.0,255.0,255.0
1915,95.75,44.35,-0.236,-46.015,-1.8198519929738426e-28,-1.8795481718575236e-27,4.3249611179065396e-29,2.5216608912689396e-27,2.6043783431443446e-26,-5.992841917579213e-28,0,70,255.0,255.0,255.0
1916,95.80000000000001,44.35,-0.236,-46.015,-7.188884418726388e-29,-7.424699711338791e-28,1.708471112604522e-29,1.882193313134875e-27,1.943934459749199e-26,-4.473118103626479e-28,0,70,255.0,255.0,255.0
1917,95.85000000000001,44.35,-0.236,-46.015,6.234132016128346e-30,6.43862878919351e-29,-1.4815698572053596e-30,1.2427257350009916e-27,1.2834905763542413e-26,-2.9533942896741755e-28,0,70,255.0,255.0,255.0
1918,95.9,44.35,-0.236,-46.015,5.238372931282823e-29,5.410206052202892e-28,-1.2449231770694858e-29,6.032581568671087e-28,6.2304669295928335e-27,-1.4336704757218733e-28,0,70,255.0,255.0,255.0
1919,95.95,44.35,-0.236,-46.015,6.655994770283585e-29,6.874329808511824e-28,-1.5818274614423266e-29,-3.620942126677441e-29,-3.739719043567431e-28,8.60533382304294e-30,0,70,255.0,255.0,255.0
1920,96.0,44.35,-0.236,-46.015,4.8762787186151033e-29,5.036234147846165e-28,-1.1588698388390628e-29,-6.756769994006576e-28,-6.978410738306325e-27,1.6057771521827307e-28,0,70,255.0,255.0,255.0
1921,96.05000000000001,44.35,-0.236,-46.015,1.9262557744784158e-29,1.9894422916968185e-28,-4.577834549142833e-30,-5.04332178253749e-28,-5.2087566862882876e-27,1.19856838351575e-28,0,70,255.0,255.0,255.0
1922,96.10000000000001,44.35,-0.236,-46.015,-1.6704306392306115e-30,-1.7252253844281852e-29,3.969854467684704e-31,-3.329873571068892e-28,-3.4391026342707526e-27,7.913596148488848e-29,0,70,255.0,255.0,255.0
1923,96.15,44.35,-0.236,-46.015,-1.4036177965902875e-29,-1.4496603425737382e-28,3.3357615993455634e-30,-1.6164253596002934e-28,-1.669448582253217e-27,3.841508461820196e-29,0,70,255.0,255.0,255.0
1924,96.2,44.35,-0.236,-46.015,-1.7834684235232613e-29,-1.8419711206959402e-28,4.238493908588448e-30,9.702285186830542e-30,1.0020546976431799e-28,-2.305792248484552e-30,0,70,255.0,255.0,255.0
1925,96.25,44.35,-0.236,-46.015,-1.3065949447219868e-29,-1.3494548728094236e-28,3.1051823744971222e-30,1.8104710633369034e-28,1.8698595217818544e-27,-4.3026669115171066e-29,0,70,255.0,255.0,255.0
1926,96.30000000000001,44.35,-0.236,-46.015,-5.1613867918727845e-30,-5.330694554484851e-29,1.2266270705261153e-30,1.3513539988012106e-28,1.395682147661157e-27,-3.211554304365213e-29,0,70,255.0,255.0,255.0
1927,96.35000000000001,44.35,-0.236,-46.015,4.475905407940446e-31,4.622727485191987e-30,-1.0637192986851923e-31,8.922369342656484e-29,9.215047735405946e-28,-2.1204416972136293e-29,0,70,255.0,255.0,255.0
1928,96.4,44.35,-0.236,-46.015,3.76098255078319e-30,3.88435318092057e-29,-8.93814626687393e-31,4.3311986973008625e-29,4.473273994200321e-28,-1.0293290900620458e-29,0,70,255.0,255.0,255.0
1929,96.45,44.35,-0.236,-46.015,4.7787892380946604e-30,4.935546742719269e-29,-1.135701019930506e-30,-2.5997194805476037e-30,-2.684997470053031e-29,6.178351708953747e-31,0,70,255.0,255.0,255.0
1930,96.5,44.35,-0.236,-46.015,3.501010602728442e-30,3.615853433915289e-29,-8.32031109597861e-31,-4.8511425934103866e-29,-5.010273488210926e-28,1.1528961242411203e-29,0,70,255.0,255.0,255.0
1931,96.55000000000001,44.35,-0.236,-46.015,1.3829894227069822e-30,1.4283553009712053e-29,-3.2867373296162775e-31,-3.620942126673527e-29,-3.73971904356342e-28,8.605333823033549e-30,0,70,255.0,255.0,255.0
1932,96.60000000000001,44.35,-0.236,-46.015,-1.1993152394556835e-31,-1.2386560964863039e-30,2.850227270560891e-32,-2.3907416599370172e-29,-2.469164598916275e-28,5.6817064036567265e-30,0,70,255.0,255.0,255.0
1933,96.65,44.35,-0.236,-46.015,-1.0077522372298983e-30,-1.0408092979449294e-29,2.394969074040126e-31,-1.1605411932005073e-29,-1.19861015426913e-28,2.7580789842799037e-30,0,70,255.0,255.0,255.0
1934,96.7,44.35,-0.236,-46.015,-1.2804727171460093e-30,-1.3224757639176914e-29,3.0431017113358343e-31,6.965927353600299e-31,7.194429037801451e-30,-1.65548435096919e-31,0,70,255.0,255.0,255.0
1935,96.75,44.35,-0.236,-46.015,-9.380929636939007e-31,-9.688650075669205e-30,2.2294206389432164e-31,1.299859740272513e-29,1.3424987350251583e-28,-3.0891758544737403e-30,0,70,255.0,255.0,255.0
1936,96.80000000000001,44.35,-0.236,-46.015,-3.7057089895514274e-31,-3.827266493999706e-30,8.806786132039591e-32,9.702285186820025e-30,1.0020546976421078e-28,-2.3057922484820618e-30,0,70,255.0,255.0,255.0
1937,96.85000000000001,44.35,-0.236,-46.015,3.213555498823139e-32,3.3189690075321075e-31,-7.63716095391533e-33,6.405972970915858e-30,6.616106602591539e-29,-1.5224086424906062e-30,0,70,255.0,255.0,255.0
1938,96.9,44.35,-0.236,-46.015,2.700263981364066e-31,2.7888401085914573e-30,-6.417300292865603e-32,3.1096607550116916e-30,3.211666228762001e-29,-7.390250364991503e-31,0,70,255.0,255.0,255.0
1939,96.95,44.35,-0.236,-46.015,3.4310163048938286e-31,3.543563129515032e-30,-8.153966460382614e-32,-1.8665146089247665e-31,-1.9277414506753828e-30,4.4358569492305495e-32,0,70,255.0,255.0,255.0
1940,97.0,44.35,-0.236,-46.015,2.513612520471601e-31,2.5960659635239295e-30,-5.973714597942573e-32,-3.482963676796642e-30,-3.597214518897078e-29,8.277421754837614e-31,0,70,255.0,255.0,255.0
1941,97.05000000000001,44.35,-0.236,-46.015,9.929417311358887e-32,1.0255129662867752e-30,-2.359771231995597e-32,-2.5997194805448243e-30,-2.68499747005011e-29,6.1783517089470035e-31,0,70,255.0,255.0,255.0
1942,97.10000000000001,44.35,-0.236,-46.015,-8.61069600735708e-33,-8.893150652653896e-32,2.0463711100525533e-33,-1.716475284293258e-30,-1.7727804212034011e-29,4.07928166305699e-31,0,70,255.0,255.0,255.0
1943,97.15,44.35,-0.236,-46.015,-7.235335531572719e-32,-7.472674549165245e-31,1.7195104310611605e-32,-8.332310880416914e-31,-8.605633723566922e-30,1.980211617166976e-31,0,70,255.0,255.0,255.0
1944,97.2,44.35,-0.236,-46.015,-9.193380481152141e-32,-9.494948788831818e-31,2.184848728172119e-32,5.001310820987528e-32,5.165367649001697e-31,-1.1885842872303851e-32,0,70,255.0,255.0,255.0
1945,97.25,44.35,-0.236,-46.015,-6.735204449473997e-32,-6.9561377842651125e-31,1.600652002338129e-32,9.332573044614412e-31,9.638707253367253e-30,-2.217928474613053e-31,0,70,255.0,255.0,255.0
1946,97.30000000000001,44.35,-0.236,-46.015,-2.660579349921281e-32,-2.7478537114739427e-31,6.322987959427968e-33,6.965927353592745e-31,7.194429037793598e-30,-1.655484350967395e-31,0,70,255.0,255.0,255.0
1947,97.35000000000001,44.35,-0.236,-46.015,2.3072290411967887e-33,2.3829125352944716e-32,-5.483234862948745e-34,4.599281662571751e-31,4.7501508222206395e-30,-1.0930402273218974e-31,0,70,255.0,255.0,255.0
1948,97.4,44.35,-0.236,-46.015,1.9387023126502097e-32,2.002297110746427e-31,-4.607414313790386e-33,2.2326359715507573e-31,2.3058726066476795e-30,-5.305961036763995e-32,0,70,255.0,255.0,255.0
1949,97.45,44.35,-0.236,-46.015,2.4633588756703085e-32,2.5441638601769954e-31,-5.8542845230585644e-33,-1.340097194702379e-32,-1.384056089252791e-31,3.1848019969098206e-33,0,70,255.0,255.0,255.0
1950,97.5,44.35,-0.236,-46.015,1.804692593179978e-32,1.8638915018211577e-31,-4.288934114099418e-33,-2.5006554104912323e-31,-2.5826838244982374e-30,5.942921436145959e-32,0,70,255.0,255.0,255.0
1951,97.55000000000001,44.35,-0.236,-46.015,7.129000883262371e-33,7.362851830280165e-32,-1.6942395177558978e-33,-1.866514608922738e-31,-1.9277414506733018e-30,4.435856949225761e-32,0,70,255.0,255.0,255.0
1952,97.60000000000001,44.35,-0.236,-46.015,-6.1822015743009335e-34,-6.384994885240117e-33,1.4692283512693582e-34,-1.232373807354424e-31,-1.2727990768485521e-30,2.9287924623059917e-32,0,70,255.0,255.0,255.0
1953,97.65,44.35,-0.236,-46.015,-5.1947371902811644e-33,-5.365138938204633e-32,1.2345529445499272e-33,-5.982330057861099e-32,-6.178567030238024e-31,1.4217279753862223e-32,0,70,255.0,255.0,255.0
1954,97.7,44.35,-0.236,-46.015,-6.600550215290847e-33,-6.817066518761683e-32,1.5686508105130756e-33,3.590779578220403e-33,3.7085670800947075e-32,-8.533651153354644e-34,0,70,255.0,255.0,255.0
1955,97.75,44.35,-0.236,-46.015,-4.835659232459153e-33,-4.994282230195187e-32,1.1492164330163863e-33,6.70048597350518e-32,6.920280446256961e-31,-1.5924009984533163e-32,0,70,255.0,255.0,255.0
1956,97.80000000000001,44.35,-0.236,-46.015,-1.910210033836673e-33,-1.9728702063812415e-32,4.539701115956241e-34,5.001310820982079e-32,5.165367648996075e-31,-1.1885842872291001e-32,0,70,255.0,255.0,255.0
1957,97.85000000000001,44.35,-0.236,-46.015,1.656515885235939e-34,1.7108541880157753e-33,-3.936785421287271e-35,3.3021356684594614e-32,3.410454851735688e-31,-7.847675760049988e-33,0,70,255.0,255.0,255.0
1958,97.9,44.35,-0.236,-46.015,1.3919256346226013e-33,1.4375846453542526e-32,-3.3079746440933025e-34,1.602960515936844e-32,1.6555420544753016e-31,-3.8095086478089743e-33,0,70,255.0,255.0,255.0
1959,97.95,44.35,-0.236,-46.015,1.7686121044603463e-33,1.8266274732767843e-32,-4.203187189937484e-34,-9.621463658577448e-34,-9.937074278508589e-33,2.2865846443203967e-34,0,70,255.0,255.0,255.0
1960,98.0,44.35,-0.236,-46.015,1.295710998036831e-33,1.3382139025691735e-32,-3.0793161796612742e-34,-1.7953897891083927e-32,-1.8542835400454727e-31,4.2668255766730516e-33,0,70,255.0,255.0,255.0
1961,98.05000000000001,44.35,-0.236,-46.015,5.118392520843214e-34,5.286289952447998e-33,-1.216409286265991e-34,-1.3400971947009323e-32,-1.3840560892512855e-31,3.1848019969063864e-33,0,70,255.0,255.0,255.0
1962,98.10000000000001,44.35,-0.236,-46.015,-4.438619666428039e-35,-4.584218668229681e-34,1.0548581724553758e-35,-8.848046002936016e-33,-9.138286384572317e-32,2.102778417140028e-33,0,70,255.0,255.0,255.0
1963,98.15,44.35,-0.236,-46.015,-3.7296534820923e-34,-3.8519964321238e-33,8.863691308739172e-35,-4.295120058862708e-33,-4.4360118766317804e-32,1.0207548373736705e-33,0,70,255.0,255.0,255.0
1964,98.2,44.35,-0.236,-46.015,-4.738982025505263e-34,-4.8944337434544944e-33,1.1262406546191496e-34,2.578058852106009e-34,2.6626263130875448e-33,-6.126874239268744e-35,0,70,255.0,255.0,255.0
1965,98.25,44.35,-0.236,-46.015,-3.4718475968817106e-34,-3.5857338008150594e-33,8.25100388481234e-35,4.81073182928391e-33,4.96853713924929e-32,-1.143292322159045e-33,0,70,255.0,255.0,255.0
1966,98.30000000000001,44.35,-0.236,-46.015,-1.3714697450061288e-34,-1.416457745979579e-33,3.259360291077231e-35,3.590779578216508e-33,3.708567080090658e-32,-8.533651153345444e-34,0,70,255.0,255.0,255.0
1967,98.35000000000001,44.35,-0.236,-46.015,1.1893198133527672e-35,1.2283327927609455e-34,-2.826472685342427e-36,2.3708273271494525e-33,2.448597020932384e-32,-5.63437908510126e-34,0,70,255.0,255.0,255.0
1968,98.4,44.35,-0.236,-46.015,9.99357582143189e-35,1.0321392749526658e-33,-2.375018794023709e-35,1.1508750760823972e-33,1.18862696177411e-32,-2.7351070168570773e-34,0,70,255.0,255.0,255.0
1969,98.45,44.35,-0.236,-46.015,1.269807057417608e-34,1.3114602410501364e-33,-3.0177542853911635e-35,-6.907717498465871e-35,-7.1343097384163355e-34,1.6416505138710618e-35,0,70,255.0,255.0,255.0
1970,98.5,44.35,-0.236,-46.015,9.302804071585339e-35,9.60796177568506e-34,-2.2108537426366148e-35,-1.2890294260517143e-33,-1.331313156542438e-32,3.063437119631287e-34,0,70,255.0,255.0,255.0
1971,98.55000000000001,44.35,-0.236,-46.015,3.674864591813004e-35,3.7954103147031898e-34,-8.733483016490105e-36,-9.621463658567077e-34,-9.937074278497814e-33,2.286584644317913e-34,0,70,255.0,255.0,255.0
1972,98.60000000000001,44.35,-0.236,-46.015,-3.186595869830219e-36,-3.291125028140809e-35,7.573090168160352e-37,-6.352633056617939e-34,-6.561016991572205e-33,1.50973216900476e-34,0,70,255.0,255.0,255.0
1973,98.65,44.35,-0.236,-46.015,-2.6777684648045733e-35,-2.765606676868641e-34,6.363838673556634e-36,-3.083802454668801e-34,-3.184959704646597e-33,7.328796936916067e-35,0,70,255.0,255.0,255.0
1974,98.7,44.35,-0.236,-46.015,-3.4024620416516486e-35,-3.514072207460496e-34,8.086105953731682e-36,1.8502814728033633e-35,1.9109758227901133e-34,-4.397278162154645e-36,0,70,255.0,255.0,255.0
1975,98.75,44.35,-0.236,-46.015,-2.492740317524248e-35,-2.574509094589643e-34,5.924110857341205e-36,3.453858749229473e-34,3.5671548692046186e-33,-8.208252569346989e-35,0,70,255.0,255.0,255.0
1976,98.80000000000001,44.35,-0.236,-46.015,-9.847609171907292e-36,-1.0170637990169668e-34,2.3403291551881176e-36,2.578058852103229e-34,2.6626263130846703e-33,-6.126874239262101e-35,0,70,255.0,255.0,255.0
1977,98.85000000000001,44.35,-0.236,-46.015,8.531853457932533e-37,8.81172184953828e-36,-2.027633819217138e-37,1.7022589549772339e-34,1.7580977569649792e-33,-4.045495909177804e-35,0,70,255.0,255.0,255.0
1978,98.9,44.35,-0.236,-46.015,7.174980377864072e-36,7.410339579479126e-35,-1.7051667539894564e-36,8.264590578512386e-35,8.535692008452878e-34,-1.9641175790935074e-35,0,70,255.0,255.0,255.0
1979,98.95,44.35,-0.236,-46.015,9.117775924305168e-36,9.416864193406216e-35,-2.1668809610151117e-36,-4.934083927475647e-36,-5.095935527440357e-35,1.1726075099078876e-36,0,70,255.0,255.0,255.0
1980,99.0,44.35,-0.236,-46.015,6.68157198511654e-36,6.900746026735126e-35,-1.5879060029986734e-36,-9.251407364007517e-35,-9.554879113940943e-34,2.1986390810750863e-35,0,70,255.0,255.0,255.0
1981,99.05000000000001,44.35,-0.236,-46.015,2.641790769499139e-36,2.72844881364677e-35,-6.2783360426236575e-37,-6.907717498458413e-35,-7.1343097384086875e-34,1.641650513869271e-35,0,70,255.0,255.0,255.0
1982,99.10000000000001,44.35,-0.236,-46.015,-2.261455133427952e-37,-2.3356371167451294e-36,5.374451087081692e-38,-4.5640276329099753e-35,-4.713740362877119e-34,1.0846619466636141e-35,0,70,255.0,255.0,255.0
1983,99.15,44.35,-0.236,-46.015,-1.9222368634105766e-36,-1.9852915492300814e-35,4.568283424011868e-37,-2.2203377673615373e-35,-2.293170987345551e-34,5.276733794579571e-36,0,70,255.0,255.0,255.0
1984,99.2,44.35,-0.236,-46.015,-2.4464832807042053e-36,-2.5267346990199325e-35,5.8141789032874385e-37,1.233520981869008e-36,1.2739838818601748e-35,-2.9315187747699594e-37,0,70,255.0,255.0,255.0
1985,99.25,44.35,-0.236,-46.015,-1.7988847652236835e-36,-1.8578931610440725e-35,4.27513154653489e-37,2.467041963735337e-35,2.5479677637175852e-34,-5.863037549533564e-36,0,70,255.0,255.0,255.0
1986,99.30000000000001,44.35,-0.236,-46.015,-7.195539060892631e-37,-7.431572644174116e-36,1.7100526186134564e-37,1.8502814728013627e-35,1.910975822788044e-34,-4.3972781621498395e-36,0,70,255.0,255.0,255.0
1987,99.35000000000001,44.35,-0.236,-46.015,5.139670757792469e-38,5.308266174422491e-37,-1.2214661561553254e-38,1.2335209818675636e-35,1.273983881858684e-34,-2.9315187747665316e-36,0,70,255.0,255.0,255.0
1988,99.4,44.35,-0.236,-46.015,5.1396707577823045e-37,5.3082661744119976e-36,-1.221466156152909e-37,6.167604909337642e-36,6.369919409293238e-35,-1.4657593873832237e-36,0,70,255.0,255.0,255.0
1989,99.45,44.35,-0.236,-46.015,6.6815719851165365e-37,6.900746026735131e-36,-1.5879060029986724e-37,-3.474594123119854e-49,-3.634960005725386e-48,8.352389719038111e-50,0,70,255.0,255.0,255.0
1990,99.5,44.35,-0.236,-46.015,5.139670757781953e-37,5.308266174411635e-36,-1.2214661561528257e-37,-6.167604909338344e-36,-6.369919409293962e-35,1.4657593873833908e-36,0,70,255.0,255.0,255.0
1991,99.55000000000001,44.35,-0.236,-46.015,2.364248548579137e-37,2.4418024402287726e-36,-5.618744318301666e-38,-4.934083927470395e-36,-5.09593552743488e-35,1.172607509906646e-36,0,70,255.0,255.0,255.0
1992,99.60000000000001,44.35,-0.236,-46.015,2.0558683031096138e-38,2.1233064697613994e-37,-4.8858646246038095e-39,-3.700562945602796e-36,-3.82195164557616e-35,8.794556324299845e-37,0,70,255.0,255.0,255.0
1993,99.65,44.35,-0.236,-46.015,-1.3363143970234491e-37,-1.38014920534717e-36,3.175812005997678e-38,-2.4670419637351975e-36,-2.54796776371744e-35,5.86303754953323e-37,0,70,255.0,255.0,255.0
1994,99.7,44.35,-0.236,-46.015,-2.2614551334240955e-37,-2.335637116741157e-36,5.374451087072515e-38,-1.2335209818675987e-36,-1.2739838818587197e-35,2.931518774766615e-37,0,70,255.0,255.0,255.0
1995,99.75,44.35,-0.236,-46.015,-2.569835378890976e-37,-2.6541330872058174e-36,6.107330780764129e-38,0.0,5.345529420184391e-51,-1.6704779438076223e-52,0,70,255.0,255.0,255.0
1996,99.80000000000001,44.35,-0.236,-46.015,-2.261455133423919e-37,-2.3356371167409743e-36,5.374451087072099e-38,1.2335209818679489e-36,1.273983881859082e-35,-2.931518774767449e-37,0,70,255.0,255.0,255.0
1997,99.85000000000001,44.35,-0.236,-46.015,-1.3363143970230973e-37,-1.3801492053468075e-36,3.1758120059968455e-38,2.467041963735547e-36,2.547967763717802e-35,-5.863037549534063e-37,0,70,255.0,255.0,255.0
1998,99.9,44.35,-0.236,-46.015,2.055868303114882e-38,2.1233064697668267e-37,-4.885864624616307e-39,3.700562945603145e-36,3.8219516455765215e-35,-8.794556324300677e-37,0,70,255.0,255.0,255.0
1999,99.95,44.35,-0.236,-46.015,2.364248548579838e-37,2.441802440229497e-36,-5.618744318303332e-38,4.934083927470744e-36,5.09593552743524e-35,-1.1726075099067292e-36,0,70,255.0,255.0,255.0
