idx,t,px,py,pz,vx,vy,vz,ax,ay,az,yaw,mode,ledr,ledg,ledb
0,0.0,1.5,-3.0,0.0,5.597446534703077e-19,2.6939854456527574e-19,0.019030436778708193,-6.716935841643693e-18,-3.232782534783309e-18,-0.5155652413444983,0,70,255.0,255.0,255.0
1,0.05,1.5,-3.0,0.00030909572403349495,2.574825405963415e-19,1.2392333050002683e-19,-0.006625999081794231,-5.373548673314954e-18,-2.5862260278266472e-18,-0.5106921930755987,0,70,255.0,255.0,255.0
2,0.1,1.5,-3.0,-0.000658539034622007,2.238978613881223e-20,1.0775941782611029e-20,-0.03203878252885167,-4.0301615049862155e-18,-1.9396695208699855e-18,-0.505819144806699,0,70,255.0,255.0,255.0
3,0.15000000000000002,1.5,-3.0,-0.002890721655294257,-1.455336099022801e-19,-7.00436215869717e-20,-0.05720791356246414,-2.6867743366574768e-18,-1.2931130139133234e-18,-0.5009460965377992,0,70,255.0,255.0,255.0
4,0.2,1.5,-3.0,-0.006375269517311004,-2.462876475269355e-19,-1.185353596087213e-19,-0.08213339218263159,-1.343387168328738e-18,-6.465565069566617e-19,-0.49607304826889953,0,70,255.0,255.0,255.0
5,0.25,1.5,-3.0,-0.0111,-2.7987232673515386e-19,-1.3469927228263787e-19,-0.1068152183893541,0.0,0.0,-0.4912000000000001,0,70,255.0,255.0,255.0
6,0.30000000000000004,1.5,-3.0,-0.017052730482689002,-2.4628764752693534e-19,-1.185353596087213e-19,-0.13125339218263163,1.3433871683287397e-18,6.465565069566624e-19,-0.48632695173110047,0,70,255.0,255.0,255.0
7,0.35000000000000003,1.5,-3.0,-0.02422127834470575,-1.455336099022799e-19,-7.004362158697165e-20,-0.15544791356246415,2.6867743366574783e-18,1.293113013913324e-18,-0.48145390346220085,0,70,255.0,255.0,255.0
8,0.4,1.5,-3.0,-0.032593460965378,2.23897861388124e-20,1.0775941782611065e-20,-0.1793987825288517,4.030161504986216e-18,1.9396695208699855e-18,-0.4765808551933012,0,70,255.0,255.0,255.0
9,0.45,1.5,-3.0,-0.042157095724033505,2.574825405963417e-19,1.2392333050002688e-19,-0.20310599908179428,5.373548673314955e-18,2.5862260278266472e-18,-0.47170780692440156,0,70,255.0,255.0,255.0
10,0.5,1.5,-3.0,-0.0529,5.597446534703077e-19,2.6939854456527574e-19,-0.22656956322129185,6.716935841643694e-18,3.232782534783309e-18,-0.4668347586555024,0,70,255.0,255.0,255.0
11,0.55,1.5,-3.0,-0.06480937379327753,7.276680495114001e-19,3.502181079348585e-19,-0.24975243218767942,-4.622231866529366e-33,-2.6963019221421302e-33,-0.4604799999999999,0,70,255.0,255.0,255.0
12,0.6000000000000001,1.5,-3.0,-0.07786994758655505,5.597446534703073e-19,2.693985445652755e-19,-0.2726175632212919,-6.716935841643703e-18,-3.2327825347833143e-18,-0.45412524134449744,0,70,255.0,255.0,255.0
13,0.65,1.5,-3.0,-0.09206583448319379,5.597446534703069e-20,2.693985445652746e-20,-0.2951649563221292,-1.3433871683287386e-17,-6.465565069566619e-18,-0.44777048268899494,0,70,255.0,255.0,255.0
14,0.7000000000000001,1.5,-3.0,-0.10738114758655504,-7.836425148584323e-19,-3.7715796239138673e-19,-0.3173946114901913,-2.0150807524931087e-17,-9.698347604349931e-18,-0.44141572403349244,0,70,255.0,255.0,255.0
15,0.75,1.5,-3.0,-0.1238,-1.959106287146077e-18,-9.428949059784651e-19,-0.33930652872547834,-2.686774336657477e-17,-1.2931130139133236e-17,-0.4350609653779922,0,70,255.0,255.0,255.0
16,0.8,1.5,-3.0,-0.14130657434420096,-2.6643845505186648e-18,-1.2823370721307127e-18,-0.3609048790666507,-1.3433871683287118e-18,-6.465565069566528e-19,-0.4288730482689007,0,70,255.0,255.0,255.0
17,0.8500000000000001,1.5,-3.0,-0.1598853313090742,-2.0934450039789485e-18,-1.0075505566741306e-18,-0.3821938335523684,2.4180969029917346e-17,1.163801712521993e-17,-0.4226851311598092,0,70,255.0,255.0,255.0
18,0.9,1.5,-3.0,-0.1795208011018469,-2.4628764752693394e-19,-1.1853535960872097e-19,-0.4031733921826316,4.970532522816335e-17,2.392259075739649e-17,-0.4164972140507177,0,70,255.0,255.0,255.0
19,0.9500000000000001,1.5,-3.0,-0.2001975139297464,2.877087518837389e-18,1.3847085190655198e-18,-0.42384355495744025,7.52296814264094e-17,3.620716438957307e-17,-0.4103092969416262,0,70,255.0,255.0,255.0
20,1.0,1.5,-3.0,-0.2219,7.276680495114e-18,3.502181079348585e-18,-0.44420432187679426,1.0075403762465538e-16,4.849173802174963e-17,-0.40412137983253693,0,70,255.0,255.0,255.0
21,1.05,1.5,-3.0,-0.24461232882991865,9.929870152563259e-18,4.7791301805879916e-18,-0.4642280515457178,5.3735486733148596e-18,2.5862260278266052e-18,-0.3968278069244027,0,70,255.0,255.0,255.0
22,1.1,1.5,-3.0,-0.26831672717714833,7.814035362445488e-18,3.7608036821312466e-18,-0.48388710256923456,-9.000694027802566e-17,-4.331928596609642e-17,-0.38953423401626847,0,70,255.0,255.0,255.0
23,1.1500000000000001,1.5,-3.0,-0.29299496110941875,9.291761247606839e-19,4.472015839783466e-19,-0.5031814749473447,-1.8538742922936618e-16,-8.922479796001943e-17,-0.38224066110813426,0,70,255.0,255.0,255.0
24,1.2000000000000002,1.5,-3.0,-0.3186287966944594,-1.0724707560491144e-17,-5.161676113870705e-18,-0.522111168680048,-2.807679181807067e-16,-1.3513030995394246e-16,-0.37494708820000006,0,70,255.0,255.0,255.0
25,1.25,1.5,-3.0,-0.3452,-2.7147615693309924e-17,-1.3065829411415873e-17,-0.5406761837673446,-3.761484071320468e-16,-1.810358219478653e-16,-0.36765351529187207,0,70,255.0,255.0,255.0
26,1.3,1.5,-3.0,-0.37269131033612446,-3.705509605973437e-17,-1.7834183650221252e-17,-0.5589349147504787,-2.015080752493076e-17,-9.698347604349797e-18,-0.3626957240334942,0,70,255.0,255.0,255.0
27,1.35,1.5,-3.0,-0.40108935998233264,-2.9162696445802996e-17,-1.403566417185085e-17,-0.5769457561706941,3.3584679208218525e-16,1.616391267391657e-16,-0.35773793277511634,0,70,255.0,255.0,255.0
28,1.4000000000000001,1.5,-3.0,-0.43038175446047855,-3.470416851515805e-18,-1.6702709763046643e-18,-0.5947087080279905,6.918443916893013e-16,3.3297660108268123e-16,-0.3527801415167385,0,70,255.0,255.0,255.0
29,1.4500000000000002,1.5,-3.0,-0.46055609929241637,4.002174272312719e-17,1.9261995936417303e-17,-0.612223770322368,1.0478419912964173e-15,5.043140754261967e-16,-0.3478223502583606,0,70,255.0,255.0,255.0
30,1.5,1.5,-3.0,-0.4916,1.013137822781257e-16,4.876113656631491e-17,-0.6294909430538266,1.4038395909035317e-15,6.756515497697117e-16,-0.3428645589999837,0,70,255.0,255.0,255.0
31,1.55,1.5,-3.0,-0.5235000298255836,1.3829051408637422e-16,6.655760442029704e-17,-0.6464482894523669,7.522968142640833e-17,3.6207164389572596e-17,-0.3354292969416262,0,70,255.0,255.0,255.0
32,1.6,1.5,-3.0,-0.5562386328935215,1.0883675042076653e-16,5.2381853005272176e-17,-0.6630338727479892,-1.253380228050715e-15,-6.032372209905665e-16,-0.32799403488326867,0,70,255.0,255.0,255.0
33,1.6500000000000001,1.5,-3.0,-0.5897972210486674,1.2952491281302581e-17,6.233882321240318e-18,-0.6792476929406938,-2.5819901375278385e-15,-1.2426816063707058e-15,-0.3205587728249112,0,70,255.0,255.0,255.0
34,1.7000000000000002,1.5,-3.0,-0.6241572061358756,-1.4936226333201757e-16,-7.188630763179851e-17,-0.6950897500304803,-3.910600047004962e-15,-1.882125991750845e-15,-0.3131235107665537,0,70,255.0,255.0,255.0
35,1.75,1.5,-3.0,-0.6593,-3.7810751341919285e-16,-1.8197871685384377e-16,-0.7105600440173492,-5.239209956482079e-15,-2.5215703771309815e-15,-0.30568824870819533,0,70,255.0,255.0,255.0
36,1.8,1.5,-3.0,-0.6952077703615409,-5.161069602857625e-16,-2.4839623403096685e-16,-0.7257039274400541,-2.8076791818070177e-16,-1.3513030995394022e-16,-0.3000670882000012,0,70,255.0,255.0,255.0
37,1.85,1.5,-3.0,-0.731865708443582,-4.0618430523726307e-16,-1.9549174784923782e-16,-0.7405667528373493,4.677674120120675e-15,2.251309757223101e-15,-0.29444592769180705,0,70,255.0,255.0,255.0
38,1.9000000000000001,1.5,-3.0,-0.7692597613448525,-4.833954827369446e-17,-2.3265258308656627e-17,-0.7551485202092348,9.636116158422053e-15,4.637749824400141e-15,-0.28882476718361294,0,70,255.0,255.0,255.0
39,1.9500000000000002,1.5000000000000002,-3.0,-0.807375876164082,5.574273106049429e-16,2.6828323459077673e-16,-0.7694492295557107,1.459455819672343e-14,7.024189891577183e-15,-0.28320360667541883,0,70,255.0,255.0,255.0
40,2.0,1.5,-3.0,-0.8462,1.4111162713986457e-15,6.791537308490602e-16,-0.7834688808767766,1.9553000235024792e-14,9.410629958754213e-15,-0.2775824461672256,0,70,255.0,255.0,255.0
41,2.0500000000000003,1.5,-3.0,-0.8857176887282526,1.9261373270566762e-15,9.270273317035707e-16,-0.7971840007874164,1.0478419912963206e-15,5.043140754261503e-16,-0.2710223502583636,0,70,255.0,255.0,255.0
42,2.1,1.5000000000000002,-3.0,-0.925912933332151,1.515900470528286e-15,7.295851383916792e-16,-0.810571115902613,-1.7457316252431987e-14,-8.402001807901834e-15,-0.2644622543495016,0,70,255.0,255.0,255.0
43,2.15,1.5000000000000002,-3.0,-0.966769333571923,1.8040570181348324e-16,8.682715091339009e-17,-0.8236302262223664,-3.5962474496160297e-14,-1.730831769122982e-14,-0.25790215844063963,0,70,255.0,255.0,255.0
44,2.2,1.5000000000000002,-3.0000000000000004,-1.008270489207797,-2.0803469790877547e-15,-1.001246630731308e-15,-0.8363613317466769,-5.4467632739888765e-14,-2.621463357455788e-14,-0.2513420625317776,0,70,255.0,255.0,255.0
45,2.25,1.5,-3.0,-1.0504,-5.26635757217539e-15,-2.534636206542397e-15,-0.8487644324755442,-7.297279098361708e-14,-3.5120949457885874e-14,-0.24478196662292095,0,70,255.0,255.0,255.0
46,2.3000000000000003,1.4999999999999998,-3.0,-1.0931414747254495,-7.188442347940942e-15,-3.4597130927833156e-15,-0.8608400694102812,-3.910600047004585e-15,-1.8821259917506697e-15,-0.2382435107665566,0,70,255.0,255.0,255.0
47,2.35,1.4999999999999993,-3.0000000000000004,-1.1364785582278145,-5.6574175768758804e-15,-2.722848805717479e-15,-0.8725887835521999,6.515159088960727e-14,3.1356697474384244e-14,-0.2317050549101923,0,70,255.0,255.0,255.0
48,2.4000000000000004,1.499999999999999,-3.0000000000000004,-1.1803949043674558,-6.732832589801772e-16,-3.2404334534487325e-16,-0.8840105749013005,1.3421378182621975e-13,6.459552094051945e-14,-0.22516659905382794,0,70,255.0,255.0,255.0
49,2.45,1.4999999999999991,-3.0000000000000004,-1.224874167004731,7.763960605746075e-15,3.736703288334456e-15,-0.8951054434575827,2.0327597276283164e-13,9.783434440665436e-14,-0.21862814319746365,0,70,255.0,255.0,255.0
50,2.5,1.5,-3.0,-1.2699,1.9654314017302913e-14,9.459391095320528e-15,-0.9058733892210468,2.7233816369944347e-13,1.3107316787278928e-13,-0.2120896873411029,0,70,255.0,255.0,255.0
51,2.5500000000000003,1.5000000000000013,-2.9999999999999996,-1.3154564123699517,2.6827632064707087e-14,1.2911825039429691e-14,-0.9163357215714597,1.459455819672201e-14,7.0241898915765285e-15,-0.20640360667541466,0,70,255.0,255.0,255.0
52,2.6,1.5000000000000024,-2.999999999999999,-1.3615288337565914,2.1113769836975234e-14,1.0161810084478234e-14,-0.9265137498885883,-2.4314904730599713e-13,-1.1702478808963516e-13,-0.20071752600972648,0,70,255.0,255.0,255.0
53,2.6500000000000004,1.500000000000003,-2.9999999999999987,-1.4081030489582558,2.5127273341072325e-15,1.209346230466114e-15,-0.9364074741724324,-5.008926528087186e-13,-2.410737660708479e-13,-0.1950314453440382,0,70,255.0,255.0,255.0
54,2.7,1.5000000000000027,-2.9999999999999987,-1.45516484277328,-2.8975495443896553e-14,-1.394556652260652e-14,-0.9460168944229921,-7.586362583114377e-13,-3.651227440520596e-13,-0.18934536467835003,0,70,255.0,255.0,255.0
55,2.75,1.5,-3.0,-1.5027,-7.335089849703627e-14,-3.5302928174739716e-14,-0.9553420106402674,-1.016379863814157e-12,-4.891717220332711e-13,-0.1836592840126654,0,70,255.0,255.0,255.0
56,2.8000000000000003,1.4999999999999953,-3.000000000000002,-1.5506936757947458,-1.0012208591088742e-13,-4.8187587064935445e-14,-0.9643450443038787,-5.4467632739883666e-14,-2.621463357455533e-14,-0.1764620625317823,0,70,255.0,255.0,255.0
57,2.85,1.4999999999999907,-3.000000000000005,-1.5991285067458205,-7.879766177102505e-14,-3.792439153219547e-14,-0.9729882168934456,9.074445983343812e-13,4.367424548841562e-13,-0.16926484105089923,0,70,255.0,255.0,255.0
58,2.9000000000000004,1.4999999999999885,-3.0000000000000053,-1.647986499799523,-9.37762607744879e-15,-4.513341576519564e-15,-0.9812715284089685,1.8693568294086544e-12,8.996995433428721e-13,-0.16206761957001609,0,70,255.0,255.0,255.0
59,2.95,1.4999999999999907,-3.0000000000000044,-1.6972496619021498,1.0813802116984014e-13,5.20455628020916e-14,-0.9891949788504473,2.8312690604829194e-12,1.3626566318015835e-12,-0.15487039808913303,0,70,255.0,255.0,255.0
60,3.0,1.5,-3.0,-1.7469,2.7374927997084213e-13,1.3175232160363833e-13,-0.9967585682178819,3.793181291557184e-12,1.825613720260295e-12,-0.1476731766082544,0,70,255.0,255.0,255.0
61,3.0500000000000003,1.5000000000000169,-2.999999999999992,-1.7969200844510667,3.7366071157884255e-13,1.7983852322031208e-13,-1.0039961012130252,2.032759727628121e-13,9.783434440664477e-14,-0.14182814319746978,0,70,255.0,255.0,255.0
62,3.1,1.5000000000000342,-2.999999999999983,-1.8472947392601269,2.9407687724712495e-13,1.415357560443036e-13,-1.0109413825376288,-3.3866293460315276e-12,-1.6299450314469903e-12,-0.1359831097866852,0,70,255.0,255.0,255.0
63,3.1500000000000004,1.5000000000000433,-2.999999999999979,-1.898009351843654,3.4997776975687855e-14,1.684402007561212e-14,-1.0175944121916936,-6.9765346648259e-12,-3.3577244073006404e-12,-0.13013807637590058,0,70,255.0,255.0,255.0
64,3.2,1.500000000000035,-2.9999999999999836,-1.9490493096181205,-4.0357658923546393e-13,-1.9423668468576e-13,-1.023955190175219,-1.056643998362024e-11,-5.085503783154276e-12,-0.12429304296511601,0,70,255.0,255.0,255.0
65,3.25,1.5,-3.0,-2.0004,-1.0216462213863323e-12,-4.917063582398136e-13,-1.0300237164882053,-1.4156345302414579e-11,-6.8132831590079125e-12,-0.11844800955433321,0,70,255.0,255.0,255.0
66,3.3000000000000003,1.4999999999999367,-3.00000000000003,-2.052046786400988,-1.394520760404483e-12,-6.711665058163131e-13,-1.0357985508440224,-7.586362583113641e-13,-3.6512274405202445e-13,-0.11254536467834587,0,70,255.0,255.0,255.0
67,3.35,1.4999999999998717,-3.000000000000062,-2.1039749362136724,-1.0975098472174746e-12,-5.282186326450191e-13,-1.0412782529560398,1.2639072785791731e-11,6.0830376709038054e-12,-0.1066427198023586,0,70,255.0,255.0,255.0
68,3.4000000000000004,1.4999999999998384,-3.000000000000078,-2.1561696928258627,-1.3061348182530268e-13,-6.286273872592909e-14,-1.0464628228242583,2.6036781829894945e-11,1.2531198085859694e-11,-0.10074007492637124,0,70,255.0,255.0,255.0
69,3.45,1.4999999999998699,-3.0000000000000626,-2.208616299625368,1.5061683357720157e-12,7.249011759409488e-13,-1.0513522604486771,3.943449087399804e-11,1.8979358500815522e-11,-0.09483743005038396,0,70,255.0,255.0,255.0
70,3.5,1.5,-3.0,-2.2613,3.812835605574487e-12,1.835073111355616e-12,-1.0559465658292966,5.283219991810114e-11,2.5427518915771354e-11,-0.08893478517439668,0,70,255.0,255.0,255.0
71,3.5500000000000003,1.5000000000002358,-2.9999999999998863,-2.314205569944981,5.204422330039089e-12,2.50482750004494e-12,-1.060217695410885,2.831269060482652e-12,1.3626566318014573e-12,-0.08191039808913447,0,70,255.0,255.0,255.0
72,3.6,1.5000000000004787,-2.99999999999977,-2.367315915885184,4.095962511622775e-12,1.9713387745357732e-12,-1.0641376056382101,-4.7169661797135385e-11,-2.2702205652168226e-11,-0.07488601100387235,0,70,255.0,255.0,255.0
73,3.6500000000000004,1.500000000000604,-2.9999999999997096,-2.4206134768528975,4.874561503255245e-13,2.346069348281034e-13,-1.067706296511272,-9.717059265475388e-11,-4.6767067936138126e-11,-0.06786162391861014,0,70,255.0,255.0,255.0
74,3.7,1.5000000000004858,-2.9999999999997664,-2.474080691880407,-5.6210967538525974e-12,-2.7053680190780333e-12,-1.0709237680300712,-1.471715235123719e-10,-7.08319302201078e-11,-0.060837236833348005,0,70,255.0,255.0,255.0
75,3.75,1.5,-3.0,-2.5277,-1.4229696200911616e-11,-6.848586087182652e-12,-1.0737900201946067,-1.971724543699899e-10,-9.489679250407749e-11,-0.05381284974808409,0,70,255.0,255.0,255.0
76,3.8000000000000003,1.4999999999991198,-3.0000000000004237,-2.581454133819089,-1.942316855975187e-11,-9.348143494363447e-12,-1.0763226675124369,-1.0566439983619196e-11,-5.085503783153796e-12,-0.04749304296512232,0,70,255.0,255.0,255.0
77,3.85,1.4999999999982132,-3.0000000000008598,-2.6353270002455913,-1.5286340199273616e-11,-7.357136465498073e-12,-1.078539324491119,1.7603957440274987e-10,8.47257849377691e-11,-0.04117323618216061,0,70,255.0,255.0,255.0
78,3.9000000000000004,1.4999999999977465,-3.0000000000010845,-2.6893027997625487,-1.8192111194767884e-12,-8.755650005864905e-13,-1.0804399911306528,3.626455887891206e-10,1.745370736586928e-10,-0.034853429399198846,0,70,255.0,255.0,255.0
79,3.95,1.4999999999981868,-3.0000000000008726,-2.743365732853004,2.0978218679638384e-11,1.0096570900371185e-11,-1.0820246674310388,5.492516031754896e-10,2.6434836237961567e-10,-0.028533622616237132,0,70,255.0,255.0,255.0
80,4.0,1.5,-3.0,-2.7975,5.310594919807197e-11,2.555927123737499e-11,-1.0832933533922766,7.358576175618587e-10,3.541596511005386e-10,-0.02221381583327542,0,70,255.0,255.0,255.0
81,4.05,1.500000000003285,-2.9999999999984186,-2.8516898947786617,7.248825190896838e-11,3.488774647740884e-11,-1.0842516345393682,3.9434490874000464e-11,1.8979358500816682e-11,-0.01611743005038877,0,70,255.0,255.0,255.0
82,4.1000000000000005,1.5000000000066684,-2.999999999996791,-2.9059200831324516,5.704939828547142e-11,2.745720708745637e-11,-1.0849050963973155,-6.5698863581387e-10,-3.1620093409891125e-10,-0.010021044267502012,0,70,255.0,255.0,255.0
83,4.15,1.5000000000084095,-2.9999999999959526,-2.9601753240969084,6.789388327581635e-12,3.267653067517856e-12,-1.0852537389661183,-1.3534117625017281e-09,-6.513812266986332e-10,-0.003924658484615363,0,70,255.0,255.0,255.0
84,4.2,1.500000000006767,-2.999999999996743,-3.014440376707577,-7.829177796470092e-11,-3.76809155824067e-11,-1.085297562245777,-2.0498348891895866e-09,-9.865615192983551e-10,0.0021717272982712844,0,70,255.0,255.0,255.0
85,4.25,1.5,-3.0,-3.0687,-1.9819410059137627e-10,-9.53884988623173e-11,-1.085036566236291,-2.746258015877445e-09,-1.3217418118980768e-09,0.008268113081159711,0,70,255.0,255.0,255.0
86,4.3,1.4999999999877405,-3.0000000000059,-3.122939087066261,-2.7052983907612167e-10,-1.302028424152719e-10,-1.0844787943300955,-1.471715235123811e-10,-7.083193022011211e-11,0.01404276316666644,0,70,255.0,255.0,255.0
87,4.3500000000000005,1.4999999999751128,-3.000000000011978,-3.177143067224606,-2.1291125294261218e-10,-1.0247169188432743e-10,-1.0836322899196245,2.451914968852729e-09,1.180077951457875e-09,0.019817413252173274,0,70,255.0,255.0,255.0
88,4.4,1.499999999968615,-3.000000000015105,-3.2312975038498193,-2.533834219084967e-11,-1.2195047269484908e-11,-1.082497053004878,5.051001461217793e-09,2.4309878331358398e-09,0.02559206333768,0,70,255.0,255.0,255.0
89,4.45,1.499999999974745,-3.0000000000121547,-3.2853879603166884,2.921888931791653e-10,1.4062709142925562e-10,-1.0810730835858564,7.650087953582856e-09,3.6818977148138043e-09,0.031366713423186726,0,70,255.0,255.0,255.0
90,4.5,1.5,-3.0,-3.3394,7.396704531674331e-10,3.559947242118942e-10,-1.0793603816625594,1.024917444594792e-08,4.93280759649177e-09,0.03714136350869701,0,70,255.0,255.0,255.0
91,4.55,1.5000000000457534,-2.9999999999779794,-3.393318556956294,1.0096311043955181e-09,4.859236231836788e-10,-1.0773211881402478,5.492516031755228e-10,2.643483623796323e-10,0.04442637738376438,0,70,255.0,255.0,255.0
92,4.6000000000000005,1.50000000009288,-2.999999999955298,-3.447126047969129,7.945956134849771e-10,3.824295604498535e-10,-1.074917743924183,-9.150671239597046e-09,-4.404110871732588e-09,0.051711391258831875,0,70,255.0,255.0,255.0
93,4.65,1.5000000001171299,-2.999999999943627,-3.5008042605038168,9.456398043581756e-11,4.55125360104218e-11,-1.0721500490143647,-1.885059408236944e-08,-9.072570105844726e-09,0.05899640513389924,0,70,255.0,255.0,255.0
94,4.7,1.500000000094253,-2.999999999954637,-3.5543349820256696,-1.09046379475196e-09,-5.248274501346159e-10,-1.069018103410793,-2.855051692514184e-08,-1.3741029339956863e-08,0.06628141900896661,0,70,255.0,255.0,255.0
95,4.75,1.5,-3.0,-3.6077,-2.760487712078356e-09,-1.3285903979852595e-09,-1.065521907113468,-3.825043976791422e-08,-1.8409488574069003e-08,0.07356643288404108,0,70,255.0,255.0,255.0
96,4.800000000000001,1.499999999829246,-3.000000000082182,-3.660881885108563,-3.767994578505953e-09,-1.8134916503194441e-09,-1.0617084531089107,-2.049834889189064e-09,-9.865615192981088e-10,0.07897172729825827,0,70,255.0,255.0,255.0
97,4.8500000000000005,1.4999999996533677,-3.00000000016683,-3.7138663408988797,-2.9654712009972958e-09,-1.4272465499150863e-09,-1.057624734383642,3.415076998953544e-08,1.643636553547248e-08,0.08437702171247535,0,70,255.0,255.0,255.0
98,4.9,1.4999999995628663,-3.0000000002103873,-3.766639854134915,-3.529175795524213e-10,-1.6985509677220162e-10,-1.0532707509376629,7.035137486825996e-08,3.3859292590243063e-08,0.08978231612669245,0,70,255.0,255.0,255.0
99,4.95,1.4999999996482432,-3.0000000001692966,-3.819188911580634,4.0696662858286745e-09,1.9586827091092083e-09,-1.048646502770973,1.0655197974698448e-07,5.1282219645013646e-08,0.09518761054090955,0,70,255.0,255.0,255.0
100,5.0,1.5,-3.0,-3.8715,1.030228039514599e-08,4.958366867729144e-09,-1.0437519898835719,1.42752584625709e-07,6.870514669978424e-08,0.1005929049551284,0,70,255.0,255.0,255.0
101,5.050000000000001,1.500000000637262,-2.9999999996932933,-3.923558702609457,1.4062347209628292e-08,6.768042978094098e-09,-1.0385329994241135,7.650087953580921e-09,3.6818977148128807e-09,0.10816671342320358,0,70,255.0,255.0,255.0
102,5.1000000000000005,1.5000000012936492,-2.9999999993773816,-3.9753469884353554,1.1067289190504208e-08,5.3265566392104914e-09,-1.0329353185412515,-1.2745240871854477e-07,-6.134135127015732e-08,0.11574052189127863,0,70,255.0,255.0,255.0
103,5.15,1.5000000016314055,-2.999999999214824,-4.026845922956525,1.3171063377738614e-09,6.339078510783892e-10,-1.0269589472349856,-2.625549053906704e-07,-1.2636460025512753e-07,0.12331433035935367,0,70,255.0,255.0,255.0
104,5.2,1.5000000013127746,-2.999999999368177,-4.078036571651797,-1.5188201348562738e-08,-7.309903386302213e-09,-1.0206038855053163,-3.976574020627961e-07,-1.913878492400977e-07,0.13088813882742872,0,70,255.0,255.0,255.0
105,5.25,1.5,-3.0,-4.1289,-3.8448633868505604e-08,-1.8504877072931317e-08,-1.0138701333522426,-5.327598987349218e-07,-2.564110982250679e-07,0.13846194729550554,0,70,255.0,255.0,255.0
106,5.300000000000001,1.4999999976217055,-3.0000000011446453,-4.179418504453612,-5.248139426000722e-08,-2.5258680262056944e-08,-1.0068315491946307,-2.8550516925134672e-08,-1.3741029339953381e-08,0.14308141900896884,0,70,255.0,255.0,255.0
107,5.3500000000000005,1.4999999951720353,-3.000000002323643,-4.229579305359702,-4.130368556101954e-08,-1.9878980006926876e-08,-0.9995619914513456,4.7565886488464356e-07,2.289290395451568e-07,0.14770089072243206,0,70,255.0,255.0,255.0
108,5.4,1.4999999939115116,-3.000000002930318,-4.279370854038986,-4.9155077715430425e-09,-2.365776307541342e-09,-0.9920614601223875,9.798682466944217e-07,4.71599108430267e-07,0.1523203624358953,0,70,255.0,255.0,255.0
109,5.45,1.4999999951006586,-3.0000000023579956,-4.32878160181218,5.6683139108422315e-08,2.7280930836099647e-08,-0.9843299552077562,1.4840776285042e-06,7.142691773153772e-07,0.15693983414935853,0,70,255.0,255.0,255.0
110,5.5,1.5,-3.0,-4.3778,1.4349225507887642e-07,6.906114142399613e-08,-0.9763674767074518,1.9882870103139784e-06,9.569392462004876e-07,0.16155930586282263,0,70,255.0,255.0,255.0
111,5.550000000000001,1.5000000088759153,-2.999999995728126,-4.426412879576095,1.9586322983040058e-07,9.42666780701337e-08,-0.9680768037973587,1.0655197974695806e-07,5.128221964500079e-08,0.17006761054089944,0,70,255.0,255.0,255.0
112,5.6000000000000005,1.5000000180182105,-2.999999991328046,-4.474600590125837,1.5414745305357397e-07,7.418936338849703e-08,-0.9593607156533618,-1.7751830508200288e-06,-8.543748069104699e-07,0.1785759152189761,0,70,255.0,255.0,255.0
113,5.65,1.500000022722548,-2.9999999890639035,-4.522341860887533,1.8344924748398302e-08,8.829197379087007e-09,-0.9502192122754611,-3.6569180813870156e-06,-1.7600318334659408e-06,0.18708421989705273,0,70,255.0,255.0,255.0
114,5.7,1.5000000182845903,-2.999999991199841,-4.569615421099486,-2.1154435508512636e-07,-1.018138199580964e-07,-0.9406522936636565,-5.538653111954002e-06,-2.6656888600214113e-06,0.1955925245751294,0,70,255.0,255.0,255.0
115,5.75,1.5,-3.0,-4.6164,-5.355203864470001e-07,-2.577396886230532e-07,-0.9306599598179481,-7.420388142520989e-06,-3.571345886576882e-06,0.2041008292532105,0,70,255.0,255.0,255.0
116,5.800000000000001,1.499999966874633,-3.000000015942851,-4.662676377242009,-7.30971525061595e-07,-3.518080320184778e-07,-0.9203652356159322,-3.9765740206269555e-07,-1.913878492400494e-07,0.20768813882742312,0,70,255.0,255.0,255.0
117,5.8500000000000005,1.4999999327551232,-3.0000000323641713,-4.708433534136948,-5.752861266532762e-07,-2.768784735470613e-07,-0.9098911459352057,6.625073338395473e-06,3.1885701880967232e-06,0.2112754484016357,0,70,255.0,255.0,255.0
118,5.9,1.4999999151982963,-3.0000000408140663,-4.753662502410885,-6.846419122204998e-08,-3.2951013208806654e-08,-0.8992376907757686,1.364780407885364e-05,6.5685282254334955e-06,0.21486275797584825,0,70,255.0,255.0,255.0
119,5.95,1.4999999317609796,-3.0000000328426415,-4.798354313789879,7.894942812320829e-07,3.7997434899628616e-07,-0.8884048701376209,2.067053481931181e-05,9.948486262770267e-06,0.21845006755006083,0,70,255.0,255.0,255.0
120,6.0,1.5,-3.0,-4.8425,1.998589290709124e-06,9.618976130682166e-07,-0.8773926840207625,2.7693265559769976e-05,1.3328444300107037e-05,0.22203737712427962,0,70,255.0,255.0,255.0
121,6.050000000000001,1.5000001236255516,-2.9999999405004707,-4.886088011455874,2.7280228704159793e-06,1.3129654500037776e-06,-0.8660462537389211,1.4840776285038258e-06,7.142691773151966e-07,0.2318198341493726,0,70,255.0,255.0,255.0
122,6.1000000000000005,1.5000002509612969,-2.9999998792152676,-4.929096473326372,2.1469970535595306e-06,1.0333245307997481e-06,-0.8542107006058252,-2.4725110302761863e-05,-1.189990594547642e-05,0.2416022911744654,0,70,255.0,255.0,255.0
123,6.15,1.500000316484267,-2.9999998476798297,-4.9715009294689345,2.5551184013980204e-07,1.229748554561394e-07,-0.8418860246214747,-5.093429823402755e-05,-2.4514081068268034e-05,0.2513847481995582,0,70,255.0,255.0,255.0
124,6.2,1.5000002546714912,-2.9999998774295946,-5.013276923740998,-2.9464327698432052e-06,-1.4180835760270472e-06,-0.8290722257858694,-7.714348616529322e-05,-3.712825619105965e-05,0.26116720522465103,0,70,255.0,255.0,255.0
125,6.25,1.5,-3.0,-5.0544,-7.458836776389495e-06,-3.589850763649813e-06,-0.8157693040990095,-0.00010335267409655892,-4.9742431313851265e-05,0.27094966224974826,0,70,255.0,255.0,255.0
126,6.300000000000001,1.4999995386231606,-3.000000222055268,-5.094849976934503,-1.018111995660232e-05,-4.900053767996632e-06,-0.8022337494283869,-5.538653111952622e-06,-2.6656888600207315e-06,0.27047252457514476,0,70,255.0,255.0,255.0
127,6.3500000000000005,1.4999990633996885,-3.000000450774758,-5.1346237725575685,-8.012702087584846e-06,-3.8564196496519296e-06,-0.7887220516414949,9.227536787265194e-05,4.441105359380896e-05,0.26999538690054126,0,70,255.0,255.0,255.0
128,6.4,1.499998818864636,-3.0000005684666142,-5.173722579713381,-9.535831693371605e-07,-4.589484086157508e-07,-0.775234210738333,0.0001900893888572565,9.148779604763867e-05,0.2695182492259377,0,70,255.0,255.0,255.0
129,6.45,1.4999990495530557,-3.00000045743898,-5.21214759124613,1.0996236798140738e-05,5.292359955111903e-06,-0.7617702267189012,0.0002879034098418611,0.00013856453850146833,0.2690411115513342,0,70,255.0,255.0,255.0
130,6.5,1.5,-3.0,-5.2499,2.7836757814848853e-05,1.3397505441531035e-05,-0.7483300995831995,0.00038571743082646564,0.00018564128095529804,0.26856397387673336,0,70,255.0,255.0,255.0
131,6.550000000000001,1.5000017218818058,-2.999999171278458,-5.286969680806117,3.79964569559933e-05,1.828724962198275e-05,-0.7342347485475297,2.0670534819306602e-05,9.948486262767757e-06,0.2952500675500554,0,70,255.0,255.0,255.0
132,6.6000000000000005,1.500003495439949,-2.9999983176857,-5.323301236443359,2.990381129677986e-05,1.4392354067807975e-05,-0.7188050928281938,-0.00034437636118784604,-0.00016574430842975944,0.321936161223377,0,70,255.0,255.0,255.0
133,6.65,1.500004408057189,-2.999997878453713,-5.358827951677543,3.5588208372088273e-06,1.7128187790068681e-06,-0.702041132425192,-0.0007094232571949986,-0.00034143710312228663,0.3486222548966985,0,70,255.0,255.0,255.0
134,6.7,1.500003547116286,-2.999998292814485,-5.393483111274484,-4.103851442271978e-05,-1.9751356244420568e-05,-0.683942867338524,-0.0010744701532021512,-0.0005171298978148138,0.3753083485700201,0,70,255.0,255.0,255.0
135,6.75,1.5,-3.0,-5.4272,-0.00010388819448300592,-5.000017100247433e-05,-0.66451029756819,-0.0014395170492093037,-0.0006928226925073415,0.40199444224334613,0,70,255.0,255.0,255.0
136,6.800000000000001,1.4999935738496157,-3.0000038928309003,-5.45990809984103,-0.0001418047078673709,-0.00011624894472003705,-0.6435152563814898,-7.714348616527362e-05,-0.001957128256195129,0.4378072052246521,0,70,255.0,255.0,255.0
137,6.8500000000000005,1.4999869548405158,-3.000012678482442,-5.491521681668998,-0.00011160254309953451,-0.00024571299662198723,-0.6207295770457246,0.0012852300768787322,-0.0032214338198828948,0.4736199682059574,0,70,255.0,255.0,255.0
138,6.9,1.4999835489066082,-3.000029517718532,-5.521951213576451,-1.3281700179498118e-05,-0.00043839232670832545,-0.5961532595608943,0.002647603639922738,-0.00448573938357066,0.5094327311872628,0,70,255.0,255.0,255.0
139,6.95,1.4999867619818006,-3.0000575713030826,-5.551107163655936,0.0001531578208927383,-0.0006942869349790516,-0.5697863039269986,0.004009977202966745,-0.005750044947258426,0.5452454941685682,0,70,255.0,255.0,255.0
140,7.0,1.5,-3.0001,-5.5789,0.0003877160201171748,-0.001013396821434166,-0.5416287101440375,0.005372350766010751,-0.007014350510946191,0.5810582571498761,0,70,255.0,255.0,255.0
141,7.050000000000001,1.5000255827197315,-3.00015885739794,-5.605267519829765,0.0006252223745134824,-0.0013292914707451655,-0.5133202259265071,0.004127903409841421,-0.0056214354614936134,0.5512811115513253,0,70,255.0,255.0,255.0
142,7.1000000000000005,1.500061485197988,-3.000231768384533,-5.63025683688065,0.0008005063611013202,-0.0015755403675835316,-0.48650059898890463,0.0028834560536721123,-0.0042285204120410605,0.5215039659527749,0,70,255.0,255.0,255.0
143,7.15,1.5001045963163784,-3.0003152506721573,-5.653942394016654,0.0009135679798806928,-0.0017521435119492701,-0.46116982933122974,0.0016390086975028042,-0.0028356053625885084,0.49172682035422455,0,70,255.0,255.0,255.0
144,7.2,1.5001518049565123,-3.000405821973187,-5.676398634101772,0.0009644072308516,-0.0018591009038423814,-0.4373279169534823,0.00039456134133349606,-0.0014426903131359555,0.4619496747556742,0,70,255.0,255.0,255.0
145,7.25,1.5002,-3.0005,-5.6977,0.0009530241140140423,-0.0018964125432628656,-0.4149748618556625,-0.0008498860148358116,-4.977526368339473e-05,0.43217252915712434,0,70,255.0,255.0,255.0
146,7.300000000000001,1.5002464952714576,-3.0005950775773402,-5.717914620839915,0.0009049152098130924,-0.001910585172300108,-0.39373183991248345,-0.0010744701532021535,-0.0005171298978062892,0.41754834857002593,0,70,255.0,255.0,255.0
147,7.3500000000000005,1.5002903043675326,-3.000691447979425,-5.737085370808404,0.0008455770986938266,-0.0019481255330434943,-0.3732200269986597,-0.0012990542915684916,-0.0009844845319291755,0.40292416798292774,0,70,255.0,255.0,255.0
148,7.4,1.5003308658278784,-3.00079027959284,-5.755248810356936,0.0007750097806562438,-0.002009033625493025,-0.3534394231141908,-0.0015236384299348294,-0.0014518391660520618,0.38829998739582955,0,70,255.0,255.0,255.0
149,7.45,1.5003676181921497,-3.00089274080417,-5.7724414999369795,0.0006932132557003441,-0.0020933094496487,-0.3343900282590769,-0.0017482225683011676,-0.001919193800174948,0.3736758068087314,0,70,255.0,255.0,255.0
150,7.5,1.5004,-3.001,-5.7887,0.0006001875238261276,-0.0022009530055105194,-0.3160718424333179,-0.0019728067066675055,-0.0023865484342978395,0.3590516262216328,0,70,255.0,255.0,255.0
151,7.550000000000001,1.500427636194437,-3.0011120322926987,-5.804061996810579,0.0005071167862336231,-0.0022603678400497616,-0.29855241442356223,-0.001750022797032623,9.955052728185393e-06,0.3417254941685832,0,70,255.0,255.0,255.0
152,7.6000000000000005,1.5004508973318815,-3.001224039697766,-5.8185696798857345,0.0004251852441228642,-0.002199957500237703,-0.28189929301645933,-0.0015272388873977447,0.002406458539754168,0.324399362115534,0,70,255.0,255.0,255.0
153,7.65,1.5004703403721074,-3.0013300309564834,-5.8322663645556005,0.00035439289749384913,-0.002019721986074346,-0.26611247821200895,-0.0013044549777628661,0.00480296202678015,0.30707323006248477,0,70,255.0,255.0,255.0
154,7.7,1.5004865222748889,-3.001424014810134,-5.845195366150312,0.00029473974634657804,-0.0017196612975596897,-0.251191970010211,-0.0010816710681279878,0.0071994655138061334,0.28974709800943554,0,70,255.0,255.0,255.0
155,7.75,1.5005,-3.0015,-5.8574,0.0002462257906810508,-0.001299775434693735,-0.2371377684110655,-0.0008588871584931106,0.009595969000832117,0.2724209659563861,0,70,255.0,255.0,255.0
156,7.800000000000001,1.500510959950794,-3.001553593251865,-5.8689237919177755,0.00018661764525206473,-0.0008559434675012449,-0.22396250239326368,-0.0015254386586662973,0.00815730968686723,0.2545896747556799,0,70,255.0,255.0,255.0
157,7.8500000000000005,1.5005181063049415,-3.001586793229512,-5.879811109648661,9.36819248144208e-05,-0.00048404446600700646,-0.21167880093549737,-0.0021919901588394724,0.006718650372902367,0.23675838355497406,0,70,255.0,255.0,255.0
158,7.9,1.500519772683692,-3.0016031965812267,-5.890106531420659,-3.258137063188172e-05,-0.0001840784302110108,-0.20028666403776635,-0.0028585416590126474,0.0052799910589375046,0.21892709235426822,0,70,255.0,255.0,255.0
159,7.95,1.500514292708295,-3.0016063999552944,-5.899854635461772,-0.0001921722410868429,4.395463988674214e-05,-0.18978609170007063,-0.0035250931591858225,0.0038413317449726416,0.20109580115356235,0,70,255.0,255.0,255.0
160,8.0,1.5005,-3.0016,-5.9091,-0.00038509068655046274,0.00020005474428625203,-0.1801770839224102,-0.0041916446593589975,0.002402672431007778,0.18326450995285648,0,70,255.0,255.0,255.0
161,8.05,1.5004757240023863,-3.0015863946998427,-5.917886835518323,-0.0005815873672419641,0.0003561417100571662,-0.1714375760033711,-0.003668222568300947,0.0038408061998286987,0.16631580680870248,0,70,255.0,255.0,255.0
162,8.1,1.5004422774483517,-3.001563187384187,-5.926257881519624,-0.0007519129433805571,0.000584135364269118,-0.16354550324153996,-0.003144800477242916,0.005278939968649568,0.14936710366454908,0,70,255.0,255.0,255.0
163,8.15,1.500400968893124,-3.0015267827186083,-5.934255509761764,-0.0008960674149662537,0.0008840357069221237,-0.1565008656369163,-0.002621378386184865,0.00671707373747049,0.1324184005203951,0,70,255.0,255.0,255.0
164,8.200000000000001,1.500353106891931,-3.001473585368687,-5.941922092002602,-0.0010140507819990474,0.0012558427380161765,-0.15030366318950025,-0.002097956295126815,0.00815520750629141,0.1154696973762411,0,70,255.0,255.0,255.0
165,8.25,1.5003,-3.0014,-5.9493,-0.0011058630444789354,0.0016995564575512593,-0.14495389589929214,-0.00157453420406878,0.009593341275112273,0.09852099423208793,0,70,255.0,255.0,255.0
166,8.3,1.500242144039661,-3.001302427948762,-5.956432066008935,-0.0012202681762838515,0.0022153766272740034,-0.14047919359325375,-0.0030016710681277964,0.011039465513797194,0.08046709800944535,0,70,255.0,255.0,255.0
167,8.35,1.5001767839016513,-3.0011772572337403,-5.963362964272844,-0.0014060301512917113,0.0028035030089309724,-0.13690718609834762,-0.004428807932186762,0.012485589752482063,0.0624132017868034,0,70,255.0,255.0,255.0
168,8.4,1.5001003517438116,-3.0010208725443372,-5.9701378295322876,-0.0016631489695025287,0.0034639356025222075,-0.13423787341457344,-0.005855944796245779,0.013931713991166984,0.04435930556416082,0,70,255.0,255.0,255.0
169,8.450000000000001,1.500009279723981,-3.000829658569956,-5.976801796527821,-0.0019916246309162975,0.00419667440804769,-0.13247125554193145,-0.0072830816603047955,0.015377838229851903,0.026305409341518232,0,70,255.0,255.0,255.0
170,8.5,1.4999,-3.0006,-5.9834,-0.002391457135533003,0.00500171942550739,-0.13160733248042164,-0.008710218524363753,0.016823962468536763,0.00825151311887562,0,70,255.0,255.0,255.0
171,8.55,1.49977009983897,-3.0003294935051072,-5.989976900445941,-0.002793339927621737,0.005806351780845317,-0.13160564962361043,-0.007365093159185376,0.015361331744979882,-0.008184198846427748,0,70,255.0,255.0,255.0
172,8.6,1.4996217869450421,-3.0000205836808522,-5.996574261388998,-0.00312796645145154,0.0065378526000053755,-0.13242575236506438,-0.006019967794007049,0.013898701021423054,-0.024619910811730532,0,70,255.0,255.0,255.0
173,8.65,1.4994584241316293,-2.9996769271040424,-6.003233172109086,-0.0033953367070224372,0.007196221882987615,-0.13406764070478353,-0.0046748424288286725,0.012436070297866173,-0.0410556227770339,0,70,255.0,255.0,255.0
174,8.700000000000001,1.499283374212144,-2.999302180351489,-6.009994721886115,-0.003595450694334414,0.0077814596297920095,-0.13653131464276783,-0.003329717063650297,0.010973439574309293,-0.057491334742337266,0,70,255.0,255.0,255.0
175,8.75,1.4991,-2.9989,-6.0169,-0.0037283084133874684,0.008293565840418543,-0.13981677417901722,-0.001984591698471965,0.00951080885075245,-0.07392704670764028,0,70,255.0,255.0,255.0
176,8.8,1.498910256604459,-2.998472398030809,-6.0239907322073005,-0.0038783721132275425,0.008831216249344636,-0.14396220791230296,-0.004017956295130904,0.011995207506290986,-0.09189030262378671,0,70,255.0,255.0,255.0
177,8.85,1.4987104683181802,-2.998014808042852,-6.031311190171159,-0.004130104042900554,0.009493086591047634,-0.14900580444139583,-0.00605132089178977,0.014479606161829433,-0.1098535585399325,0,70,255.0,255.0,255.0
178,8.9,1.4984955517296719,-2.997521019039491,-6.03890628203137,-0.004483504202406521,0.010279176865527578,-0.1549475637662962,-0.00808468548844871,0.01696400481736797,-0.12781681445607895,0,70,255.0,255.0,255.0
179,8.950000000000001,1.4982604234274424,-2.996984820024087,-6.046820915927721,-0.004938572591745436,0.011189487072784454,-0.16178748588700392,-0.010118050085107648,0.0194484034729065,-0.1457800703722254,0,70,255.0,255.0,255.0
180,9.0,1.498,-2.9964,-6.0551,-0.005495309210917278,0.012224017212818218,-0.16952557080351868,-0.012151414681766497,0.021932802128444895,-0.1637433262883714,0,70,255.0,255.0,255.0
181,9.05,1.497710473743194,-2.9957617143716564,-6.063788170724858,-0.006077171619469057,0.01330078322177553,-0.17814551872718956,-0.011123081660304318,0.02113783822984694,-0.1810545906584591,0,70,255.0,255.0,255.0
182,9.1,1.4973931397822378,-2.995070584147738,-6.07292897792636,-0.006607617376947708,0.014337801035802906,-0.1876310298693645,-0.010094748638842178,0.02034287433124901,-0.1983658550285462,0,70,255.0,255.0,255.0
183,9.15,1.497050568949684,-2.994328596737992,-6.0825656997654365,-0.007086646483353269,0.015335070654900421,-0.19798210423004414,-0.009066415617379999,0.019547910432651056,-0.21567711939863388,0,70,255.0,255.0,255.0
184,9.200000000000001,1.4966853320780866,-2.993537739552163,-6.092741614403008,-0.0075142589386857205,0.01629259207906804,-0.20919874180922818,-0.00803808259591782,0.0187529465340531,-0.2329883837687216,0,70,255.0,255.0,255.0
185,9.25,1.4963,-2.9927,-6.1035,-0.007890454742945049,0.017210365308305726,-0.2212809426069162,-0.007009749574455618,0.01795798263545506,-0.2502996481388087,0,70,255.0,255.0,255.0
186,9.3,1.495896648422764,-2.991817544482566,-6.114874984893271,-0.008244941408897585,0.018077650863550152,-0.2336797171789447,-0.007169717063645625,0.016733439574321423,-0.24565133474232484,0,70,255.0,255.0,255.0
187,9.35,1.4954753725528693,-2.990893255366196,-6.126864098123397,-0.008607426449309608,0.018883709265737864,-0.2458460760811486,-0.007329684552835627,0.015508896513187828,-0.24100302134584117,0,70,255.0,255.0,255.0
188,9.4,1.4950357724715921,-2.9899301940085428,-6.139455718906889,-0.008977909864181146,0.019628540514868925,-0.25778001931352873,-0.007489652042025633,0.01428435345205419,-0.2363547079493573,0,70,255.0,255.0,255.0
189,9.450000000000001,1.49457744826021,-2.98893142176726,-6.152638226460254,-0.009356391653512182,0.020312144610943307,-0.26948154687608467,-0.007649619531215641,0.013059810390920553,-0.23170639455287348,0,70,255.0,255.0,255.0
190,9.5,1.4941,-2.9879,-6.1664,-0.009742871817302707,0.02093452155396098,-0.28095065876881603,-0.0078095870204056145,0.011835267329786958,-0.22705808115639092,0,70,255.0,255.0,255.0
191,9.55,1.493602932565749,-2.98683770769808,-6.180731889702059,-0.010143062744940548,0.021572613324028017,-0.2923356125570319,-0.008198050085107813,0.013688403472894321,-0.22834007037223777,0,70,255.0,255.0,255.0
192,9.600000000000001,1.4930853700062854,-2.9857411943874776,-6.19563462958005,-0.010562676825813501,0.022303361901250433,-0.30378466580604013,-0.008586513149810012,0.015541539616001684,-0.22962205958808463,0,70,255.0,255.0,255.0
193,9.65,1.4925463411639472,-2.9846058272278357,-6.211111424607011,-0.011001714059921544,0.02312676728562818,-0.3152978185158403,-0.008974976214512199,0.017394675759108982,-0.23090404880393145,0,70,255.0,255.0,255.0
194,9.700000000000001,1.4919848748810727,-2.9834269733787955,-6.227165479755981,-0.011460174447264717,0.024042829477161326,-0.3268750706864332,-0.009363439279214398,0.019247811902216347,-0.2321860380197783,0,70,255.0,255.0,255.0
195,9.75,1.4914,-2.9822,-6.2438,-0.011938057987842983,0.025051548475849804,-0.338516422317818,-0.009751902343916596,0.021100948045323642,-0.23346802723562377,0,70,255.0,255.0,255.0
196,9.8,1.4907908213142396,-2.9809220247251145,-6.261016656298492,-0.012430807611338952,0.026047895840334234,-0.35012983259292685,-0.009958082595921871,0.018752946534053037,-0.23106838376872518,0,70,255.0,255.0,255.0
197,9.850000000000001,1.4901567474219894,-2.9795971670838926,-6.278810983556405,-0.012933866247435184,0.026926843129255137,-0.3616232606946908,-0.010164262847927147,0.016404945022782436,-0.22866874030182657,0,70,255.0,255.0,255.0
198,9.9,1.4894972628726193,-2.9782312970801144,-6.297176982665071,-0.013447233896131663,0.027688390342612477,-0.37299670662310946,-0.010370443099932415,0.014056943511511915,-0.22626909683492807,0,70,255.0,255.0,255.0
199,9.950000000000001,1.4888118522154998,-2.9768302847175576,-6.316108654515825,-0.013970910557428422,0.028332537480406317,-0.38425017037818354,-0.010576623351937691,0.011708942000241312,-0.22386945336802946,0,70,255.0,255.0,255.0
200,10.0,1.4881,-2.9754,-6.3356,-0.014504896231325429,0.02885928454263661,-0.3953836519599123,-0.010782803603943,0.009360940488970876,-0.22146980990113008,0,70,255.0,255.0,255.0
201,10.05,1.4873617821772924,-2.9739445934014648,-6.355646285103977,-0.015013706809704397,0.02937180331463423,-0.4064730570712623,-0.009569619531215403,0.011139810390933622,-0.22210639455286235,0,70,255.0,255.0,255.0
202,10.100000000000001,1.4865996403057566,-2.9724613372769517,-6.376247836194337,-0.015461858184446984,0.02997326558172999,-0.4175942914151989,-0.008356435458487806,0.012918680292896369,-0.22274297920459463,0,70,255.0,255.0,255.0
203,10.15,1.485816607345575,-2.9709457844517067,-6.397406244732707,-0.015849350355553175,0.03066367134392386,-0.4287473549917217,-0.007143251385760252,0.014697550194859051,-0.22337956385632687,0,70,255.0,255.0,255.0
204,10.200000000000001,1.4850157162569286,-2.969393487750974,-6.419123102180719,-0.016176183323023004,0.03144302060121589,-0.4399322478008315,-0.005930067313032654,0.016476420096821796,-0.22401614850805915,0,70,255.0,255.0,255.0
205,10.25,1.4842,-2.9678,-6.4414,-0.016442357086856443,0.03231131335360603,-0.45114896984252745,-0.004716883240305059,0.01825528999878434,-0.22465273315979006,0,70,255.0,255.0,255.0
206,10.3,1.4833716499765905,-2.9661620016690278,-6.464237403285602,-0.016698365149844338,0.03320089090113074,-0.4623299391220169,-0.005523439279210541,0.017327811902203658,-0.22258603801978266,0,70,255.0,255.0,255.0
207,10.350000000000001,1.4825294913549831,-2.9644806838083007,-6.487631271666252,-0.016994701014777507,0.03404409454382642,-0.47340757364450603,-0.006329995318116023,0.016400333805622974,-0.22051934287977526,0,70,255.0,255.0,255.0
208,10.4,1.4816715077450804,-2.9627583651130593,-6.511576438404101,-0.017331364681655935,0.03484092428169303,-0.4843818734099944,-0.007136551357021476,0.015472855709042325,-0.21845264773976794,0,70,255.0,255.0,255.0
209,10.450000000000001,1.480795682756785,-2.960997364278545,-6.536067736761301,-0.01770835615047965,0.03559138011473064,-0.4952528384184827,-0.007943107395926957,0.014545377612461642,-0.21638595259976054,0,70,255.0,255.0,255.0
210,10.5,1.4799,-2.9592,-6.5611,-0.018125675421248624,0.036295462042939194,-0.5060204686699703,-0.008749663434832383,0.013617899515880993,-0.21431925745974922,0,70,255.0,255.0,255.0
211,10.55,1.4789828179163451,-2.957368199922423,-6.586668901753618,-0.01856083259091789,0.03697663308084236,-0.5167351864406654,-0.008656623351937936,0.013628942000245493,-0.21426945336805048,0,70,255.0,255.0,255.0
212,10.600000000000001,1.4780439942743104,-2.9555023274898455,-6.612773477140657,-0.01899133775644243,0.03765835624296376,-0.5274474140067756,-0.008563583269043487,0.01363998448460999,-0.21421964927635173,0,70,255.0,255.0,255.0
213,10.65,1.4770837616741035,-2.953602355096056,-6.639413601650886,-0.019417190917822232,0.03834063152930336,-0.5381571513683006,-0.008470543186149043,0.01365102696897449,-0.21416984518465298,0,70,255.0,255.0,255.0
214,10.700000000000001,1.4761023527159307,-2.951668255134845,-6.666589150774078,-0.01983839207505733,0.03902345893986121,-0.5488643985252408,-0.008377503103254594,0.013662069453338989,-0.21412004109295424,0,70,255.0,255.0,255.0
215,10.75,1.4751,-2.9497,-6.6943,-0.02025494122814769,0.03970683847463725,-0.559569155477596,-0.00828446302036015,0.01367311193770332,-0.21407023700125283,0,70,255.0,255.0,255.0
216,10.8,1.4740770783580286,-2.9476971986412797,-6.722545389699927,-0.020658304486482617,0.040412576775500496,-0.5702333151153283,-0.007850067313036724,0.014556420096826141,-0.2124961485080332,0,70,255.0,255.0,255.0
217,10.850000000000001,1.4730345315477746,-2.945658006232317,-6.751322019771123,-0.021039947959451376,0.041162480484319884,-0.5808187703283997,-0.007415671605713297,0.015439728255948961,-0.21092206001481356,0,70,255.0,255.0,255.0
218,10.9,1.471973445558506,-2.943580214502715,-6.780625954992355,-0.021399871647053946,0.04195654960109538,-0.5913255211168096,-0.006981275898389885,0.01632303641507175,-0.209347971521594,0,70,255.0,255.0,255.0
219,10.950000000000001,1.4708949063794918,-2.9414616151820754,-6.810453260142393,-0.02173807554929036,0.04279478412582705,-0.6017535674805589,-0.006546880191066458,0.017206344574194572,-0.20777388302837438,0,70,255.0,255.0,255.0
220,11.0,1.4698,-2.9393,-6.8408,-0.022054559666160593,0.043677184058514826,-0.612102909419647,-0.006112484483743075,0.018089652733317196,-0.2061997945351548,0,70,255.0,255.0,255.0
221,11.05,1.4686896686515405,-2.937094205512458,-6.871663139446678,-0.022357949463152355,0.04454105981715898,-0.6224275530980201,-0.006023107395927117,0.01646537761244864,-0.2067859525997646,0,70,255.0,255.0,255.0
222,11.100000000000001,1.4675642795345913,-2.934847247580884,-6.903043243774857,-0.022656870405753312,0.04532372181975971,-0.6327815046796237,-0.00593373030811116,0.01484110249158008,-0.20737211066437436,0,70,255.0,255.0,255.0
223,11.15,1.4664240560918718,-2.932563186893083,-6.934941778379694,-0.022951322493963467,0.04602517006631699,-0.6431647641644574,-0.005844353220295206,0.01321682737071158,-0.20795826872898412,0,70,255.0,255.0,255.0
224,11.200000000000001,1.4652692217661014,-2.930246084136854,-6.967360208656356,-0.023241305727782834,0.04664540455683086,-0.653577331552522,-0.005754976132479248,0.011592552249843024,-0.20854442679359392,0,70,255.0,255.0,255.0
225,11.25,1.4641,-2.9279,-7.0003,-0.02352682010721139,0.04718442529130129,-0.6640192068438168,-0.005665599044663183,0.009968277128974412,-0.20913058485820368,0,70,255.0,255.0,255.0
226,11.3,1.462916247035809,-2.9255275793088886,-7.033761252513362,-0.023829897660909236,0.047727183955859245,-0.6744084724925958,-0.006457503103250506,0.011742069453343376,-0.20644004109295452,0,70,255.0,255.0,255.0
227,11.350000000000001,1.4617163503138602,-2.923125803444144,-7.067738605129456,-0.024172570417536447,0.04835863223663565,-0.6846632109531126,-0.007249407161837829,0.013515861777712341,-0.20374949732770534,0,70,255.0,255.0,255.0
228,11.4,1.4604983300740064,-2.920690237924955,-7.102225331488868,-0.024554838377093016,0.04907877013363047,-0.6947834222253664,-0.008041311220425123,0.015289654102081243,-0.20105895356245626,0,70,255.0,255.0,255.0
229,11.450000000000001,1.459260206556102,-2.91821644827051,-7.137214705232188,-0.02497670153957896,0.04988759764684377,-0.7047691063093581,-0.008833215279012447,0.017063446426450204,-0.1983684097972071,0,70,255.0,255.0,255.0
230,11.5,1.458,-2.9157,-7.1727,-0.025438159904994255,0.05078511477627548,-0.714620263205087,-0.009625119337599686,0.018837238750819107,-0.19567786603195803,0,70,255.0,255.0,255.0
231,11.55,1.4567165432052227,-2.9131378772519883,-7.208675850499877,-0.025890459893210913,0.05168620435940126,-0.7244185569315952,-0.008466880191066267,0.017206344574211507,-0.19625388302836716,0,70,255.0,255.0,255.0
232,11.600000000000001,1.4554119192099677,-2.910532738642541,-7.245142335707325,-0.026284847924100893,0.05250574923369665,-0.734245651507924,-0.007308641044532849,0.015575450397603906,-0.1968299000247763,0,70,255.0,255.0,255.0
233,11.65,1.4540890236121011,-2.907888661407099,-7.282100895664832,-0.026621323997664197,0.05324374939916164,-0.7441015469340728,-0.0061504018979994714,0.013944556220996362,-0.1974059170211854,0,70,255.0,255.0,255.0
234,11.700000000000001,1.45275075200949,-2.905209722781105,-7.319552970414895,-0.026899888113900837,0.05390020485579628,-0.7539862432100425,-0.004992162751466054,0.012313662044388761,-0.19798193401759454,0,70,255.0,255.0,255.0
235,11.75,1.4514,-2.9025,-7.3575,-0.0271205402728108,0.05447511560360053,-0.7638997403358323,-0.003833923604932732,0.010682767867781162,-0.19855795101400453,0,70,255.0,255.0,255.0
236,11.8,1.4500391801433001,-2.899762511683159,-7.395942545487135,-0.027312262766246213,0.05503199860654071,-0.7737892997810226,-0.003834976132483714,0.011592552249825918,-0.1970244267936035,0,70,255.0,255.0,255.0
237,11.850000000000001,1.448668772846269,-2.8969960419856937,-7.434877652041253,-0.027504037886059176,0.055634370828583135,-0.783602183015193,-0.003836028660034696,0.012502336631870673,-0.19549090257320248,0,70,255.0,255.0,255.0
238,11.9,1.4472887754775878,-2.894198316446649,-7.474301485851803,-0.027695865632249683,0.05628223226972777,-0.7933383900383428,-0.003837081187585678,0.013412121013915396,-0.1939573783528015,0,70,255.0,255.0,255.0
239,11.950000000000001,1.4458991854059378,-2.8913670606050696,-7.514210213108237,-0.027887746004817745,0.05697558292997467,-0.8029979208504731,-0.00383813371513666,0.014321905395960153,-0.19242385413240048,0,70,255.0,255.0,255.0
240,12.0,1.4445,-2.8885,-7.5546,-0.02807967900376335,0.05771442280932379,-0.8125807754515828,-0.0038391862426875034,0.015231689778004931,-0.19089032991199595,0,70,255.0,255.0,255.0
241,12.05,1.4430907362215766,-2.885595276015375,-7.595467567551588,-0.028300489041805755,0.05847380121443507,-0.822120243944313,-0.0049932152790085,0.015143446426446116,-0.1906884097972064,0,70,255.0,255.0,255.0
242,12.100000000000001,1.4416689894049557,-2.8826526934146828,-7.63681185612767,-0.028579000531664206,0.05922876745196842,-0.8316496164313038,-0.0061472443153294965,0.015055203074887299,-0.19048648968241685,0,70,255.0,255.0,255.0
243,12.15,1.4402318744775464,-2.8796724728063037,-7.678632360927956,-0.0289152134733387,0.059979321521923805,-0.8411688929125546,-0.007301273351650452,0.014966959723328488,-0.19028456956762732,0,70,255.0,255.0,255.0
244,12.200000000000001,1.4387765063667584,-2.8766548347986167,-7.720928577152163,-0.02930912786682925,0.06072546342430127,-0.8506780733880663,-0.00845530238797145,0.014878716371769673,-0.19008264945283776,0,70,255.0,255.0,255.0
245,12.25,1.4373,-2.8736,-7.7637,-0.029760743712135836,0.06146719315910076,-0.8601771578578383,-0.009609331424292211,0.01479047302021047,-0.18988072933804823,0,70,255.0,255.0,255.0
246,12.3,1.4358002749703933,-2.870508384255343,-7.806945584306514,-0.03022178106652979,0.06219279653571606,-0.8696337244417297,-0.008832162751465634,0.014233662044401244,-0.18838193401760142,0,70,255.0,255.0,255.0
247,12.350000000000001,1.4342784695339075,-2.867381184355575,-7.850662123448075,-0.030643959987282414,0.0628905593635409,-0.8790153512595987,-0.008054994078639055,0.013676851068592018,-0.18688313869715462,0,70,255.0,255.0,255.0
248,12.4,1.4327365266122256,-2.8642197923281354,-7.894845870436374,-0.031027280474393692,0.06356048164257526,-0.8883220383114451,-0.007277825405812505,0.01312004009278281,-0.18538434337670784,0,70,255.0,255.0,255.0
249,12.450000000000001,1.431176389127029,-2.8610256002004637,-7.9394930782831175,-0.03137174252786366,0.06420256337281918,-0.8975537855972695,-0.006500656732985927,0.012563229116973584,-0.18388554805626103,0,70,255.0,255.0,255.0
250,12.5,1.4296,-2.8578,-7.9846,-0.031677346147692284,0.0648168045542726,-0.9067105931170713,-0.005723488060159432,0.012006418141164099,-0.1823867527358134,0,70,255.0,255.0,255.0
251,12.55,1.4280089638968505,-2.854543986963254,-8.030163695222358,-0.03196438669207479,0.06542701264270062,-0.9158408582887764,-0.005758133715140734,0.012401905395956142,-0.18282385413238647,0,70,255.0,255.0,255.0
252,12.600000000000001,1.426403532459413,-2.851256969163017,-8.076184450080042,-0.03225315951920636,0.06605699509386824,-0.9249929785303102,-0.005792779370122038,0.012797392650748186,-0.18326095552895955,0,70,255.0,255.0,255.0
253,12.65,1.4247836190735508,-2.8479379578811543,-8.122663357326552,-0.03254366462908699,0.06670675190777543,-0.9341669538416723,-0.005827425025103339,0.013192879905540213,-0.18369805692553262,0,70,255.0,255.0,255.0
254,12.700000000000001,1.4231491371251255,-2.8445859643995277,-8.169601509715374,-0.0328359020217167,0.06737628308442226,-0.9433627842228633,-0.005862070680084642,0.013588367160332257,-0.1841351583221057,0,70,255.0,255.0,255.0
255,12.75,1.4215,-2.8412,-8.217,-0.03312987169709546,0.06806558862380864,-0.9525804696738828,-0.00589671633506611,0.013983854415123953,-0.18457225971868052,0,70,255.0,255.0,255.0
256,12.8,1.4198358694422042,-2.8377796678916423,-8.264858834804066,-0.033440672165171305,0.06873915289348109,-0.9617548424031709,-0.00653530238796731,0.012958716371773933,-0.18240264945283946,0,70,255.0,255.0,255.0
257,12.850000000000001,1.4181554006284387,-2.834326938992355,-8.313173676231765,-0.03378340193589221,0.06936146026098605,-0.970820734619167,-0.00717388844086851,0.011933578328423915,-0.18023303918699843,0,70,255.0,255.0,255.0
258,12.9,1.416456997093571,-2.8308443761472466,-8.361939100257427,-0.03415806100925815,0.06993251072632349,-0.9797781463218708,-0.007812474493769688,0.010908440285073932,-0.17806342892115745,0,70,255.0,255.0,255.0
259,12.950000000000001,1.414739062372469,-2.827334542201425,-8.411149682855395,-0.034564649385269174,0.07045230428949345,-0.9886270775112826,-0.008451060546670889,0.009883302241723912,-0.17589381865531642,0,70,255.0,255.0,255.0
260,13.0,1.413,-2.8238,-8.4608,-0.03500316706392524,0.07092084095049586,-0.9973675281874023,-0.009089646599572121,0.008858164198373819,-0.17372420838947367,0,70,255.0,255.0,255.0
261,13.05,1.4112387583343322,-2.820242141470178,-8.510885765561387,-0.0354409246472393,0.07140837578337945,-1.0060677720985454,-0.008420656732989962,0.010643229116969513,-0.17428554805624846,0,70,255.0,255.0,255.0
262,13.100000000000001,1.4094564650268315,-2.8166576748675634,-8.561407244992914,-0.03584523273722425,0.07198516386219284,-1.0147960829930274,-0.007751666866407806,0.012428294035565208,-0.17484688772302326,0,70,255.0,255.0,255.0
263,13.15,1.4076547925521652,-2.8130421375298598,-8.612365841643744,-0.036216091333880075,0.07265120518693596,-1.0235524608708477,-0.0070826769998256715,0.01421335895416084,-0.17540822738979803,0,70,255.0,255.0,255.0
264,13.200000000000001,1.405835413384999,-2.8093910667947704,-8.663762958863051,-0.03655350043720681,0.0734064997576089,-1.032336905732007,-0.006413687133243515,0.01599842387275653,-0.17596956705657282,0,70,255.0,255.0,255.0
265,13.25,1.404,-2.8057,-8.7156,-0.03685746004720442,0.07425104757421162,-1.0411494175765048,-0.005744697266661103,0.017783488791352053,-0.1765309067233467,0,70,255.0,255.0,255.0
266,13.3,1.4021498972204673,-2.8019661662276465,-8.767877302950396,-0.03714762924587297,0.07508334397300341,-1.049926069202641,-0.005862070680080391,0.015508367160318927,-0.17453515832209515,0,70,255.0,255.0,255.0
267,13.350000000000001,1.4002851392642348,-2.798193561537392,-8.8205909437966,-0.03744366711521247,0.07580188429024354,-1.0586029334087146,-0.005979444093499678,0.0132332455292858,-0.1725394099208436,0,70,255.0,255.0,255.0
268,13.4,1.3984054326977682,-2.7943878737333145,-8.8737359331676,-0.03774557365522293,0.07640666852593199,-1.0671800101947253,-0.006096817506918962,0.010958123898252754,-0.17054366151959213,0,70,255.0,255.0,255.0
269,13.450000000000001,1.3965104840875344,-2.7905547906194914,-8.927307281692404,-0.03805334886590436,0.07689769668006881,-1.0756572995606737,-0.00621419092033825,0.008683002267219627,-0.16854791311834058,0,70,255.0,255.0,255.0
270,13.5,1.3946,-2.7867,-8.9813,-0.03836699274725675,0.07727496875265395,-1.0840348015065593,-0.006331564333757422,0.00640788063618658,-0.16655216471708556,0,70,255.0,255.0,255.0
271,13.55,1.3926736527837977,-2.7828275936192366,-9.035709822637031,-0.03868855836926747,0.07763424832460204,-1.0923559510908707,-0.006531060546671155,0.007963302241736869,-0.166293818655371,0,70,255.0,255.0,255.0
272,13.600000000000001,1.3907309779162293,-2.778935278982869,-9.090535379820704,-0.03902009880192388,0.07807129897682766,-1.1006641833720967,-0.006730556759584888,0.009518723847287159,-0.1660354725936564,0,70,255.0,255.0,255.0
273,13.65,1.3887714766567614,-2.7750191675368825,-9.145776025685857,-0.03936161404522596,0.07858612070933076,-1.1089594983502364,-0.006930052972498614,0.011074145452837391,-0.16577712653194182,0,70,255.0,255.0,255.0
274,13.700000000000001,1.3867946502648623,-2.771075370727264,-9.20143111436734,-0.03971310409917373,0.0791787135221114,-1.1172418960252908,-0.007129549185412347,0.012629567058387681,-0.16551878047022725,0,70,255.0,255.0,255.0
275,13.75,1.3848,-2.7671,-9.2575,-0.04007456896376719,0.07984907741516951,-1.1255113763972593,-0.007329045398326073,0.014184988663937914,-0.16526043440851446,0,70,255.0,255.0,255.0
276,13.8,1.3827874916443408,-2.763089859295408,-9.313981806501477,-0.04041813727705654,0.080555662728587,-1.1337541264338864,-0.006413687133247656,0.014078423872760992,-0.164449567056565,0,70,255.0,255.0,255.0
277,13.850000000000001,1.3807589490708485,-2.7590445225311337,-9.370874736920596,-0.04071593767709196,0.08125691980244563,-1.1419563331029159,-0.005498328868169241,0.013971859081584067,-0.16363869970461556,0,70,255.0,255.0,255.0
278,13.9,1.378716660675186,-2.754964256119156,-9.428176764088974,-0.04096797016387346,0.0819528486367454,-1.150117996404348,-0.004582970603090857,0.013865294290407148,-0.16282783235266612,0,70,255.0,255.0,255.0
279,13.950000000000001,1.3766629148530154,-2.7508493264714518,-9.485885860838238,-0.04117423473740105,0.08264344923148635,-1.1582391163381824,-0.0036676123380124407,0.013758729499230224,-0.1620169650007167,0,70,255.0,255.0,255.0
280,14.0,1.3746,-2.7467,-9.544,-0.04133473139767471,0.08332872158666843,-1.1663196929044195,-0.0027522540729341127,0.013652164708053416,-0.16120609764876725,0,70,255.0,255.0,255.0
281,14.05,1.3725291806388384,-2.742516969199132,-9.602517351357063,-0.04151089252250642,0.08398310076105026,-1.1743715431735962,-0.004294190920334162,0.012523002267219214,-0.16086791311828855,0,70,255.0,255.0,255.0
282,14.100000000000001,1.3704476258003766,-2.738302630892596,-9.66143687249692,-0.041764150489708135,0.08458102181339036,-1.1824064842162485,-0.005836127767734211,0.011393839826385012,-0.1605297285878098,0,70,255.0,255.0,255.0
283,14.15,1.368351480642495,-2.7340598079864935,-9.720757717958245,-0.042094505299279834,0.08512248474368875,-1.190424516032377,-0.007378064615134205,0.01026467738555085,-0.1601915440573311,0,70,255.0,255.0,255.0
284,14.200000000000001,1.3662368903230757,-2.7297913233869275,-9.780479042279715,-0.04250195695122155,0.08560748955194544,-1.1984256386219816,-0.008920001462534254,0.009135514944716648,-0.1598533595268524,0,70,255.0,255.0,255.0
285,14.25,1.3641,-2.7255,-9.8406,-0.04298650544553325,0.0860360362381604,-1.206409851985062,-0.010461938309934082,0.008006352503882153,-0.15951517499637546,0,70,255.0,255.0,255.0
286,14.3,1.3619381858003046,-2.721187863908064,-9.901119188070282,-0.04347429263291702,0.08645593422721695,-1.2143437008717275,-0.00904954918541633,0.008789567058379466,-0.15783878047024869,0,70,255.0,255.0,255.0
287,14.350000000000001,1.3597537477276453,-2.7168537538984823,-9.962032973091736,-0.043891460364074895,0.08691499294399836,-1.222193730032087,-0.007637160060898578,0.00957278161287678,-0.1561623859441219,0,70,255.0,255.0,255.0
288,14.4,1.357550216754834,-2.712495711934869,-10.023337164078052,-0.04423800863900687,0.08741321238850462,-1.2299599394661398,-0.006224770936380876,0.010355996167374065,-0.15448599141799518,0,70,255.0,255.0,255.0
289,14.450000000000001,1.3553311238546817,-2.7081117799808365,-10.08502757004291,-0.04451393745771298,0.08795059256073577,-1.2376423291738865,-0.004812381811863123,0.011139210721871379,-0.1528095968918684,0,70,255.0,255.0,255.0
290,14.5,1.3531,-2.7037,-10.1471,-0.04471924682019318,0.08852713346069174,-1.2452408991553265,-0.0033999926873451436,0.011922425276368331,-0.15113320236573102,0,70,255.0,255.0,255.0
291,14.55,1.3508596761599432,-2.69925877516861,-10.209550696361822,-0.04489593694582702,0.08912116233008162,-1.2527816533394884,-0.003667612338008212,0.011838729499226285,-0.15049696500073892,0,70,255.0,255.0,255.0
292,14.600000000000001,1.3486101832890418,-2.6947879535134724,-10.272377635136145,-0.04508600805399401,0.08971100641061439,-1.2602905956554007,-0.00393523198867128,0.011755033722084238,-0.14986072763574682,0,70,255.0,255.0,255.0
293,14.65,1.3463508523381682,-2.69028774427403,-10.335579225729557,-0.04528946014469414,0.09029666570229003,-1.267767726103063,-0.0042028516393343394,0.011671337944942194,-0.1492244902707547,0,70,255.0,255.0,255.0
294,14.700000000000001,1.3440810142581967,-2.6857583566897247,-10.399153877548647,-0.04550629321792744,0.0908781402051086,-1.275213044682476,-0.004470471289997408,0.011587642167800147,-0.1485882529057626,0,70,255.0,255.0,255.0
295,14.75,1.3418,-2.6812,-10.4631,-0.04573650727369389,0.09145542991907005,-1.2826265513936392,-0.004738090940660633,0.011503946390658326,-0.14795201554077053,0,70,255.0,255.0,255.0
296,14.8,1.339507109559922,-2.676613035417494,-10.527416426482437,-0.045981959583773775,0.09201941645245475,-1.290033685770329,-0.005080001462534638,0.0110555149447292,-0.1483333595268128,0,70,255.0,255.0,255.0
297,14.850000000000001,1.3372015191161877,-2.671998432047626,-10.592103686363691,-0.046244507419947366,0.09256098141354299,-1.2974598873463208,-0.005421911984408644,0.010607083498800072,-0.1487147035128551,0,70,255.0,255.0,255.0
298,14.9,1.3348823738924924,-2.6673573109690114,-10.657162733003723,-0.04652415078221464,0.09308012480233475,-1.3049051561216143,-0.0057638225062826365,0.010158652052870962,-0.14909604749889738,0,70,255.0,255.0,255.0
299,14.950000000000001,1.3325488191125316,-2.662690793260264,-10.722594519762506,-0.04682088967057562,0.09357684661883008,-1.3123694920962103,-0.006105733028156642,0.009710220606941834,-0.14947739148493966,0,70,255.0,255.0,255.0
300,15.0,1.3302,-2.658,-10.7884,-0.0471347240850303,0.09405114686302894,-1.319852895270108,-0.006447643550030524,0.009261789161012612,-0.14985873547098372,0,70,255.0,255.0,255.0
301,15.05,1.3278350856003684,-2.6532858831614132,-10.854578797708436,-0.04746422471907774,0.09451317186010094,-1.3272756035791797,-0.006732381811866987,0.009219210721866954,-0.14704959689187933,0,70,255.0,255.0,255.0
302,15.100000000000001,1.3254533402462072,-2.648548718296022,-10.921125219409102,-0.047807962266217,0.09497306793521565,-1.3345578549592962,-0.00701712007370345,0.009176632282721297,-0.14424045831277496,0,70,255.0,255.0,255.0
303,15.15,1.323054052091862,-2.6437886118499243,-10.98803224225555,-0.04816593672644809,0.09543083508837306,-1.3416996494104574,-0.007301858335539904,0.00913405384357564,-0.14143131973367068,0,70,255.0,255.0,255.0
304,15.200000000000001,1.3206365092916776,-2.6390056702692175,-11.055292843401332,-0.048538148099771,0.0958864733195732,-1.3487009869326632,-0.007586596597376366,0.009091475404429982,-0.1386221811545663,0,70,255.0,255.0,255.0
305,15.25,1.3182,-2.6342,-11.1229,-0.048924596386185716,0.09633998262881605,-1.3555618675259136,-0.00787133485921282,0.00904889696528377,-0.13581304257545668,0,70,255.0,255.0,255.0
306,15.3,1.3157445480386039,-2.629371431936851,-11.190848382683821,-0.04928114153991587,0.09680789610714305,-1.3623838999129456,-0.006390471289993028,0.009667642167796062,-0.13706825290582217,0,70,255.0,255.0,255.0
307,15.350000000000001,1.3132731198989829,-2.6245186947682835,-11.259139435999904,-0.049563643515185024,0.09730674684559568,-1.369268692816496,-0.004909607720773237,0.010286387370308354,-0.1383234632361877,0,70,255.0,255.0,255.0
308,15.4,1.3107894177400596,-2.61964024163129,-11.327776297974076,-0.049772102311993194,0.09783653484417389,-1.3762162462365644,-0.003428744151553498,0.010905132572820624,-0.13957867356655315,0,70,255.0,255.0,255.0
309,15.450000000000001,1.3082971437207578,-2.614734525662864,-11.396762106632169,-0.04990651793034037,0.09839726010287772,-1.3832265601731513,-0.0019478805823337072,0.011523877775332916,-0.14083388389691864,0,70,255.0,255.0,255.0
310,15.5,1.3058,-2.6098,-11.4661,-0.049966890370226565,0.09898892262170715,-1.3902996346262562,-0.00046701701311396837,0.012142622977844852,-0.14208909422728055,0,70,255.0,255.0,255.0
311,15.55,1.303300322245216,-2.6048355890911803,-11.535791671556288,-0.050035209121258445,0.09958324371132672,-1.3973487967690597,-0.002265733028161302,0.01163022060693743,-0.13987739148485898,0,70,255.0,255.0,255.0
312,15.600000000000001,1.3007949801578615,-2.5998421026308427,-11.60583303659129,-0.05019346367304269,0.1001519446824009,-1.4042873737747423,-0.004064449043208636,0.011117818236030004,-0.1376656887424374,0,70,255.0,255.0,255.0
313,15.65,1.2982794769478994,-2.5948208216249156,-11.676218565848144,-0.05044165402557931,0.1006950255349297,-1.4111153656433035,-0.005863165058255905,0.010605415865122599,-0.13545398600001587,0,70,255.0,255.0,255.0
314,15.700000000000001,1.295749315825291,-2.5897730270793256,-11.74694273007,-0.05077978017886829,0.10121248626891316,-1.4178327723747437,-0.007661881073303239,0.010093013494215175,-0.1332422832575943,0,70,255.0,255.0,255.0
315,15.75,1.2932,-2.5847,-11.818,-0.05120784213290962,0.10170432688435124,-1.4244395939690626,-0.009460597088350453,0.009580611123307436,-0.13103058051516747,0,70,255.0,255.0,255.0
316,15.8,1.2906285629805319,-2.579603011698428,-11.88938573109103,-0.05163402197505269,0.1021711290475449,-1.4309889130108064,-0.007586596597372082,0.00909147540443808,-0.1309421811545807,0,70,255.0,255.0,255.0
317,15.850000000000001,1.2880381594695705,-2.5744832947083447,-11.96109881763495,-0.051966501792646835,0.10261347442479506,-1.437533812084521,-0.00571259610639371,0.008602339685568724,-0.13085378179399393,0,70,255.0,255.0,255.0
318,15.9,1.285433474468343,-2.5693420718690474,-12.03313903863335,-0.05220528158569206,0.10303136301610176,-1.4440742911902056,-0.0038385956154154055,0.008113203966699387,-0.13076538243340713,0,70,255.0,255.0,255.0
319,15.950000000000001,1.282819192978077,-2.5641805660198336,-12.105506173087836,-0.05235036135418837,0.10342479482146501,-1.4506103503278616,-0.001964595124437034,0.00762406824783003,-0.13067698307282036,0,70,255.0,255.0,255.0
320,16.0,1.2802,-2.559,-12.1782,-0.052401741098135765,0.10379376984088476,-1.4571419894974875,-9.059463345872931e-05,0.007134932528960247,-0.1305885837122318,0,70,255.0,255.0,255.0
321,16.05,1.2775790258326558,-2.5538011641151086,-12.251219804079593,-0.05245270297853057,0.10416424009849232,-1.4636395511877172,-0.0019478805823337762,0.007683877775341549,-0.12931388389694545,0,70,255.0,255.0,255.0
322,16.1,1.2749531819638562,-2.548583118535779,-12.32456289286893,-0.05259652915636915,0.10456215761841892,-1.4700733778871824,-0.003805166531208823,0.008232823021722851,-0.1280391840816591,0,70,255.0,255.0,255.0
323,16.150000000000002,1.2723178251787282,-2.5433444908988943,-12.398226079618468,-0.05283321963165147,0.10498752240066461,-1.476443469595883,-0.0056624524800838695,0.008781768268104152,-0.12676448426637274,0,70,255.0,255.0,255.0
324,16.2,1.2696683122624002,-2.5380839088413407,-12.472206177578666,-0.053162774404377514,0.10544033444522931,-1.4827498263138192,-0.007519738428958785,0.009330713514485415,-0.12548978445108647,0,70,255.0,255.0,255.0
325,16.25,1.267,-2.5328,-12.5465,-0.05358519347454734,0.10592059375211313,-1.4889924480409917,-0.009377024377833554,0.009879658760866938,-0.12421508463580544,0,70,255.0,255.0,255.0
326,16.3,1.2643097336888438,-2.5274915318411377,-12.621104652590605,-0.05401116611082576,0.10641991055848998,-1.4951888822383257,-0.007661881073302976,0.010093013494206774,-0.12364228325754673,0,70,255.0,255.0,255.0
327,16.35,1.2616003126750044,-2.5221578311485398,-12.696018410889353,-0.054351381581877654,0.10692989510153382,-1.5013566763667467,-0.005946737768772399,0.01030636822754661,-0.12306948187928801,0,70,255.0,255.0,255.0
328,16.400000000000002,1.258876024816743,-2.516798364535373,-12.771239842892799,-0.05460583988770301,0.10745054738124465,-1.5074958304262545,-0.004231594464241821,0.010519722960886444,-0.12249668050102931,0,70,255.0,255.0,255.0
329,16.45,1.2561411579723214,-2.511412598614804,-12.846767516597493,-0.05477454102830183,0.10798186739762244,-1.5136063444168493,-0.002516451159711366,0.010733077694226264,-0.12192387912277064,0,70,255.0,255.0,255.0
330,16.5,1.2534,-2.506,-12.9226,-0.05485748500367413,0.10852385515066726,-1.5196882183385312,-0.0008013078551806219,0.010946432427565878,-0.12135107774450304,0,70,255.0,255.0,255.0
331,16.55,1.2506556394119683,-2.5005607085203403,-12.998735985557994,-0.054926632578164575,0.10903611766755184,-1.5257489198589655,-0.001964595124437113,0.009544068247816707,-0.12107698307287151,0,70,255.0,255.0,255.0
332,16.6,1.247906367336126,-2.4950975568700606,-13.07517466357367,-0.05505394451611784,0.10947826197544894,-1.5317959166458186,-0.0031278823936936036,0.008141704068067539,-0.12080288840123997,0,70,255.0,255.0,255.0
333,16.650000000000002,1.2451492755542988,-2.4896140509596116,-13.151915348810352,-0.05523942081753394,0.10985028807435859,-1.53782920869909,-0.004291169662950095,0.00673933988831837,-0.12052879372960844,0,70,255.0,255.0,255.0
334,16.7,1.2423814558483148,-2.484113696699442,-13.228957356031351,-0.05548306148241284,0.11015219596428077,-1.543848796018779,-0.005454456932206503,0.0053369757085693,-0.12025469905797692,0,70,255.0,255.0,255.0
335,16.75,1.2396,-2.4786,-13.3063,-0.05578486651075458,0.1103839856452155,-1.549854678604887,-0.006617744201462772,0.003934611528819354,-0.11998060438633296,0,70,255.0,255.0,255.0
336,16.8,1.2368029086632821,-2.473075234077501,-13.383941805177422,-0.05609030357651523,0.11061961877129833,-1.5557994383258222,-0.0055997384289631375,0.0054907135144942835,-0.11780978445107128,0,70,255.0,255.0,255.0
337,16.85,1.233991817980492,-2.4675367413712155,-13.461878134815974,-0.05634484035365091,0.11093305699666493,-1.5616356570499943,-0.004581732656463504,0.007046815500169212,-0.1156389645158096,0,70,255.0,255.0,255.0
338,16.900000000000002,1.2311692729660608,-2.4619806316261794,-13.540103561865811,-0.05654847684216159,0.11132430032131527,-1.5673633347774034,-0.00356372688396387,0.00860291748584414,-0.11346814458054792,0,70,255.0,255.0,255.0
339,16.95,1.2283378186344198,-2.45640301458743,-13.618612659277096,-0.05670121304204729,0.11179334874524932,-1.572982471508049,-0.002545721111464308,0.010159019471518961,-0.1112973246452864,0,70,255.0,255.0,255.0
340,17.0,1.2255,-2.4508,-13.6974,-0.05680304895330801,0.11234020226846715,-1.5784930672419315,-0.0015277153389648968,0.011715121457193667,-0.10912650471002294,0,70,255.0,255.0,255.0
341,17.05,1.2226575259349024,-2.4451687551696564,-13.776461593732323,-0.05690415311577481,0.11290140724725288,-1.5839813268377505,-0.0025164511597071254,0.010733077694234757,-0.1104038791227275,0,70,255.0,255.0,255.0
342,17.1,1.2198087607419053,-2.4395106776450772,-13.855799197162455,-0.057054694069278725,0.11341351003789064,-1.5895334551542044,-0.0035051869804493545,0.009751033931275849,-0.11168125353543207,0,70,255.0,255.0,255.0
343,17.150000000000002,1.216951232581457,-2.43382822253567,-13.935416003726424,-0.057254671813819755,0.11387651064038047,-1.595149452191294,-0.004493922801191583,0.00876899016831694,-0.11295862794813663,0,70,255.0,255.0,255.0
344,17.2,1.214082469614006,-2.428123844950842,-14.015315206860258,-0.057504086349397875,0.11429040905472232,-1.6008293179490178,-0.005482658621933742,0.0077869464053581,-0.11423600236084111,0,70,255.0,255.0,255.0
345,17.25,1.2112,-2.4224,-14.0955,-0.05780293767601312,0.11465520528091624,-1.6065730524273778,-0.006471394442676082,0.006804902642398858,-0.115513376773551,0,70,255.0,255.0,255.0
346,17.3,1.2083021875971087,-2.4166585452438736,-14.175971819893288,-0.058101083960385186,0.11500675223969033,-1.6122752543231673,-0.005454456932206416,0.007256975708564413,-0.11257469905802427,0,70,255.0,255.0,255.0
347,17.35,1.2053907390518868,-2.4108989480484757,-14.256725076534222,-0.05834838336923377,0.1153809028517727,-1.6178305223331804,-0.004437519421736751,0.007709048774729967,-0.10963602134249753,0,70,255.0,255.0,255.0
348,17.400000000000002,1.2024681967081108,-2.4051200782311413,-14.337752423228512,-0.05854483590255887,0.11577765711716334,-1.6232388564574172,-0.0034205819112670855,0.008161121840895522,-0.1066973436269708,0,70,255.0,255.0,255.0
349,17.45,1.1995371029095565,-2.3993208056092046,-14.419046513281865,-0.058690441560360476,0.11619701503586223,-1.6285002566958773,-0.0024036444007974923,0.008613194907061044,-0.10375866591144427,0,70,255.0,255.0,255.0
350,17.5,1.1966,-2.3935,-14.5006,-0.058785200342638615,0.11663897660786943,-1.6336147230485616,-0.0013867068903279933,0.009065267973225932,-0.10081998819591931,0,70,255.0,255.0,255.0
351,17.55,1.193658523676663,-2.3876570638548493,-14.58240712669453,-0.05888351104268353,0.11707158379398795,-1.6386776558695915,-0.0025457211114686736,0.00823901947151463,-0.10169732464527145,0,70,255.0,255.0,255.0
352,17.6,1.1907106830505474,-2.381793530161019,-14.66446849670067,-0.059039772453785486,0.1174628785550209,-1.643784455513089,-0.0037047353326093544,0.007412770969803327,-0.10257466109462358,0,70,255.0,255.0,255.0
353,17.650000000000002,1.1877535805861,-2.3759114645397648,-14.74678630335955,-0.059253984575944475,0.11781286089096829,-1.648935121979054,-0.004863749553750034,0.006586522468092024,-0.10345199754397573,0,70,255.0,255.0,255.0
354,17.7,1.184784318747769,-2.370012932612341,-14.82936274001228,-0.05952614740916048,0.11812153080183009,-1.6541296552674862,-0.006022763774890633,0.005760273966380781,-0.1043293339933278,0,70,255.0,255.0,255.0
355,17.75,1.1818,-2.3641,-14.9122,-0.05985626095343353,0.11838888828760637,-1.6593680553783863,-0.007181777996030869,0.004934025464669811,-0.10520667044268173,0,70,255.0,255.0,255.0
356,17.8,1.1787989176962392,-2.35817399933673,-14.995298873328606,-0.06017287186888253,0.11865891258435718,-1.6645661221984736,-0.005482658621929302,0.005866946405362574,-0.10271600236080435,0,70,255.0,255.0,255.0
357,17.85,1.1757841287459234,-2.3522333313074473,-15.078654536663116,-0.06040452681562647,0.11897558292814263,-1.6696396556144668,-0.0037835392478277347,0.0067998673460553365,-0.10022533427892696,0,70,255.0,255.0,255.0
358,17.900000000000002,1.1727598809474882,-2.3462756636097986,-15.16226076333332,-0.060551225793665314,0.11933889931896272,-1.6745886556263663,-0.0020844198737261675,0.0077327882867481,-0.09773466619704958,0,70,255.0,255.0,255.0
359,17.95,1.1697304220993685,-2.3402986639414336,-15.246111326669013,-0.06061296880299909,0.11974886175681743,-1.6794131222341715,-0.0003853004996247208,0.008665709227440796,-0.09524399811517238,0,70,255.0,255.0,255.0
360,18.0,1.1667,-2.3343,-15.3302,-0.06058975584362778,0.12020547024170679,-1.6841130554378834,0.0013138188744770685,0.00959863016813356,-0.09275333003329855,0,70,255.0,255.0,255.0
361,18.05,1.1636714055383803,-2.32827813879823,-15.414522179991053,-0.060569001481785796,0.12066076586858665,-1.6887858553365034,-0.00048364440079781473,0.008613194907060704,-0.09415866591150357,0,70,255.0,255.0,255.0
362,18.1,1.1606416019657586,-2.322234744609192,-15.499079756646884,-0.06063812028370757,0.12106678973241287,-1.6935289220290337,-0.002281107676072698,0.007627759645987847,-0.09556400178970859,0,70,255.0,255.0,255.0
363,18.150000000000002,1.157606095623947,-2.316172281021039,-15.583876243307191,-0.060797112249393076,0.12142354183318545,-1.6983422555154744,-0.004078570951347581,0.00664232438491499,-0.0969693376679136,0,70,255.0,255.0,255.0
364,18.2,1.154560392854757,-2.3100932116219246,-15.668915153311659,-0.061045977378842306,0.12173102217090437,-1.703225855795825,-0.005876034226622337,0.005656889123842205,-0.09837467354611851,0,70,255.0,255.0,255.0
365,18.25,1.1515,-2.304,-15.7542,-0.06138471567205529,0.12198923074556965,-1.708179722870086,-0.007673497501897053,0.00467145386276846,-0.09978000942432175,0,70,255.0,255.0,255.0
366,18.3,1.1484218601502392,-2.2978942454703497,-15.83973240670719,-0.06172712220397509,0.12225002394129816,-1.7130904564555267,-0.006022763774894723,0.005760273966372103,-0.09664933399331085,0,70,255.0,255.0,255.0
367,18.35,1.1453286633910413,-2.291774090255784,-15.925506436749364,-0.061986992049544776,0.12256525814220687,-1.7178446562694172,-0.004372030047892392,0.006849094069975746,-0.09351865856229997,0,70,255.0,255.0,255.0
368,18.400000000000002,1.142224536556724,-2.2856368123060427,-16.01151426343794,-0.06216432520876434,0.12293493334829576,-1.7224423223117569,-0.0027212963208900617,0.007937914173579388,-0.09038798313128908,0,70,255.0,255.0,255.0
369,18.45,1.1391136064816045,-2.2794796895708678,-16.097748060084342,-0.06225912168163378,0.1233590495595648,-1.726883454582546,-0.0010705625938878484,0.009026734277182952,-0.08725730770027842,0,70,255.0,255.0,255.0
370,18.5,1.136,-2.2733,-16.1842,-0.062271381468153114,0.12383760677601402,-1.7311680530817843,0.0005801711331148152,0.010115554380785818,-0.0841266322692622,0,70,255.0,255.0,255.0
371,18.55,1.1328867538606617,-2.2670960793203707,-16.270864193180195,-0.06226650970231565,0.12430713836621969,-1.7354123188413948,-0.00038530049961599516,0.008665709227440723,-0.08564399811516135,0,70,255.0,255.0,255.0
372,18.6,1.1297725444700746,-2.2608704943676723,-16.35774249635568,-0.06230991151811471,0.1247041776987581,-1.7397324528933007,-0.0013507721323468055,0.007215864074095627,-0.08716136396106049,0,70,255.0,255.0,255.0
373,18.650000000000002,1.126654958149156,-2.2546268697547887,-16.44483870294107,-0.062401586915550325,0.12502872477362925,-1.7441284552375012,-0.002316243765077616,0.005766018920750531,-0.08867872980695964,0,70,255.0,255.0,255.0
374,18.7,1.1235315812188253,-2.248368830094604,-16.532156606350966,-0.06254153589462247,0.12528077959083317,-1.7486003258739964,-0.0032817153978083576,0.004316173767405539,-0.09019609565285866,0,70,255.0,255.0,255.0
375,18.75,1.1204,-2.2421,-16.6197,-0.06272975845533114,0.1254603421503698,-1.753148064802787,-0.004247187030539279,0.0028663286140606647,-0.09171346149875959,0,70,255.0,255.0,255.0
376,18.8,1.1172583244071135,-2.235823037248168,-16.707470820572034,-0.0629348389867603,0.1256254225938177,-1.7576602681789089,-0.003956034226626911,0.003736889123855093,-0.08877467354610569,0,70,255.0,255.0,255.0
377,18.85,1.1141067587286606,-2.2295367322735267,-16.795463577827935,-0.06312536187799385,0.1258340310627553,-1.7620255321573979,-0.0036648814227145414,0.004607449633649521,-0.08583588559345179,0,70,255.0,255.0,255.0
378,18.900000000000002,1.1109460308466508,-2.223238908674801,-16.883670924797816,-0.06330132712903176,0.12608616755718266,-1.7662438567382541,-0.003373728618802173,0.00547801014344395,-0.0828970976407979,0,70,255.0,255.0,255.0
379,18.95,1.1077768686430942,-2.216927390050717,-16.972085514511797,-0.06346273473987404,0.1263818320770997,-1.7703152419214774,-0.0030825758148898246,0.006348570653238315,-0.07995830968814421,0,70,255.0,255.0,255.0
380,19.0,1.1046,-2.2106,-17.0607,-0.06360958471052075,0.1267210246225065,-1.7742396877070683,-0.0027914230109775673,0.007219131163032966,-0.07701952173549387,0,70,255.0,255.0,255.0
381,19.05,1.101415948510884,-2.2042549716869564,-17.149508524531676,-0.06375413435064249,0.1270791712585118,-1.7781066084429613,-0.002990562593891702,0.0071067342771784486,-0.07765730770023041,0,70,255.0,255.0,255.0
382,19.1,1.0982244206152834,-2.19789217653822,-17.238511192332606,-0.06390864096990992,0.12743169805022436,-1.7820054184770915,-0.0031897021768058365,0.006994337391323931,-0.07829509366496695,0,70,255.0,255.0,255.0
383,19.150000000000002,1.0950249184642404,-2.1915118955460056,-17.327709597867692,-0.06407310456832307,0.12777860499764418,-1.7859361178094582,-0.003388841759719971,0.006881940505469414,-0.07893287962970351,0,70,255.0,255.0,255.0
384,19.200000000000003,1.0918169442087986,-2.1851144097025266,-17.417105335601853,-0.06424752514588193,0.12811989210077132,-1.789898706440062,-0.0035879813426341056,0.006769543619614898,-0.07957066559444005,0,70,255.0,255.0,255.0
385,19.25,1.0886,-2.1787,-17.5067,-0.06443190270258649,0.12845555935960568,-1.793893184368902,-0.0037871209255485594,0.006657146733761277,-0.080208451559173,0,70,255.0,255.0,255.0
386,19.3,1.0853738815493503,-2.1722690760040053,-17.596494281301265,-0.06460862361067031,0.12877789237213474,-1.7978652980492054,-0.003281715397804123,0.006236173767401437,-0.07867609565295337,0,70,255.0,255.0,255.0
387,19.35,1.082139558810206,-2.1658225615735915,-17.686485252841667,-0.0647600742423669,0.12907917673634584,-1.8017607939341975,-0.002776309870059687,0.005815200801041597,-0.07714373974673375,0,70,255.0,255.0,255.0
388,19.400000000000002,1.0788982952963866,-2.1593615091411755,-17.77666908373143,-0.06488625459767629,0.12935941245223892,-1.8055796720238788,-0.0022709043423152506,0.0053942278346817574,-0.07561138384051411,0,70,255.0,255.0,255.0
389,19.450000000000003,1.0756513545217115,-2.1528869711391727,-17.867041943080803,-0.06498716467659843,0.129618599519814,-1.809321932318249,-0.001765498814570814,0.004973254868321918,-0.07407902793429448,0,70,255.0,255.0,255.0
390,19.5,1.0724,-2.1464,-17.9576,-0.06506280447913337,0.12985673793907113,-1.8129875748173079,-0.0012600932868265247,0.004552281901963218,-0.07254667202806964,0,70,255.0,255.0,255.0
391,19.55,1.069145325291715,-2.1399015242970227,-18.04833995026326,-0.06512337120667629,0.1300812592529513,-1.8166081993602137,-0.0011625758148900531,0.004428570653243156,-0.07227830968816314,0,70,255.0,255.0,255.0
392,19.6,1.0658877441438923,-2.133391977167412,-18.13926059630074,-0.06517906206062239,0.13029959500439545,-1.8202154057861244,-0.0010650583429535816,0.004304859404523095,-0.07200994734825662,0,70,255.0,255.0,255.0
393,19.650000000000002,1.0626275003502126,-2.12687166788929,-18.230361267206593,-0.06522987704097165,0.1305117451934036,-1.8238091940950394,-0.0009675408710171099,0.004181148155803033,-0.07174158500835012,0,70,255.0,255.0,255.0
394,19.700000000000003,1.059364837704355,-2.120340905740778,-18.321641292074965,-0.0652758161477241,0.13071770981997577,-1.8273895642869595,-0.0008700233990806383,0.0040574369070829714,-0.07147322266844361,0,70,255.0,255.0,255.0
395,19.75,1.0561,-2.1138,-18.4131,-0.0653168793808797,0.1309174888841119,-1.8309565163618837,-0.0007725059271440626,0.003933725658362919,-0.07120486032853357,0,70,255.0,255.0,255.0
396,19.8,1.0528328172837906,-2.107248826807904,-18.5047363176457,-0.06537789156262416,0.13113707061606106,-1.8344859045099569,-0.0016679813426345187,0.004849543619602472,-0.06997066559439238,0,70,255.0,255.0,255.0
397,19.85,1.0495614646142246,-2.1006855297567593,-18.596547561955386,-0.06548367751514315,0.13140244324607214,-1.8379535829213232,-0.0025634567581249747,0.005765361580842025,-0.0687364708602512,0,70,255.0,255.0,255.0
398,19.900000000000002,1.0462837033027632,-2.0941078193016622,-18.688530647442224,-0.06563423723843666,0.13171360677414526,-1.841359551595982,-0.0034589321736154303,0.006681179542081578,-0.06750227612611001,0,70,255.0,255.0,255.0
399,19.950000000000003,1.0429972946608677,-2.08751340589771,-18.780682488619373,-0.0658295707325047,0.13207056120028032,-1.8447038105339342,-0.004354407589105887,0.007596997503321131,-0.06626808139196882,0,70,255.0,255.0,255.0
400,20.0,1.0397,-2.0809,-18.873,-0.06606967799734724,0.1324733065244773,-1.8479863597351789,-0.005249883004596501,0.008512815464559953,-0.06503388665782417,0,70,255.0,255.0,255.0
401,20.05,1.036390605573123,-2.0742663684713607,-18.965480379153952,-0.06629306254282653,0.13285845828279969,-1.8512241825999807,-0.0036854988145750946,0.006893254868334941,-0.06447902793424481,0,70,255.0,255.0,255.0
402,20.1,1.0330719973992089,-2.06761550380555,-19.058121955877734,-0.06643822787880475,0.13316263201131082,-1.8544342625286034,-0.002121114624553688,0.005273694272109929,-0.06392416921066546,0,70,255.0,255.0,255.0
403,20.150000000000002,1.029748086438734,-2.060951454904059,-19.150923343024544,-0.06650517400528191,0.1333858277100107,-1.8576165995210472,-0.0005567304345322818,0.003654133675884916,-0.06336931048708612,0,70,255.0,255.0,255.0
404,20.200000000000003,1.0264227836521724,-2.0542782706683793,-19.243883153447566,-0.06649390092225797,0.13352804537889928,-1.8607711935773121,0.0010076537554891242,0.002034573079659904,-0.06281445176350677,0,70,255.0,255.0,255.0
405,20.25,1.0231,-2.0476,-19.337,-0.066404408629733,0.13358928501797668,-1.8638980446973978,0.002572037945510419,0.00041501248343500663,-0.062259593039916794,0,70,255.0,255.0,255.0
406,20.3,1.0197823604237182,-2.040919299306654,-19.430272565738516,-0.06631385826607215,0.13365309625273974,-1.8670013650901074,0.0010499766009235418,0.002137436907087611,-0.06187322266846102,0,70,255.0,255.0,255.0
407,20.35,1.0164673457889388,-2.03423325502104,-19.523699814533703,-0.06629941096964065,0.13380302870868546,-1.8700853669642439,-0.00047208474366333556,0.003859861330740215,-0.06148685229700525,0,70,255.0,255.0,255.0
408,20.400000000000002,1.0131511509423001,-2.0275375610820987,-19.617280780459634,-0.06636106674043848,0.13403908238581375,-1.873150050319808,-0.001994146088250213,0.005582285754392819,-0.06110048192554947,0,70,255.0,255.0,255.0
409,20.450000000000003,1.009829970730441,-2.0208279114287713,-19.71101449759038,-0.06649882557846566,0.13436125728412474,-1.876195415156799,-0.0035162074328370903,0.007304710178045424,-0.060714111554093696,0,70,255.0,255.0,255.0
410,20.5,1.0065,-2.0141,-19.8049,-0.06671268748372217,0.1347695534036183,-1.879221461475217,-0.005038268777423749,0.009027134601697462,-0.06032774118262907,0,70,255.0,255.0,255.0
411,20.55,1.0031583527320038,-2.0073508343020245,-19.89893575789199,-0.06694750439288531,0.1351851567062435,-1.8821943570395825,-0.004354407589101673,0.007596997503311955,-0.058588081391984986,0,70,255.0,255.0,255.0
412,20.6,0.9998058194450349,-2.0005826761102905,-19.993117985987467,-0.06714812824263233,0.1355292531539495,-1.8850802696144155,-0.003670546400779598,0.006166860404926448,-0.05684842160134091,0,70,255.0,255.0,255.0
413,20.650000000000002,0.9964441097920641,-1.9937991007675446,-20.087442335136945,-0.06731455903296327,0.13580184274673618,-1.8878791991997164,-0.0029866852124575223,0.004736723306540941,-0.05510876181069683,0,70,255.0,255.0,255.0
414,20.700000000000003,0.9930749334260621,-1.9870036836165323,-20.181904456190953,-0.0674467967638781,0.1360029254846036,-1.8905911457954854,-0.002302824024135447,0.003306586208155434,-0.05336910202005275,0,70,255.0,255.0,255.0
415,20.75,0.9897,-1.9802,-20.2765,-0.0675448414353768,0.1361325013675517,-1.8932161094017215,-0.001618962835813087,0.0018764491097698066,-0.05162944222939991,0,70,255.0,255.0,255.0
416,20.8,0.9863210286482661,-1.9733909634852478,-20.371225202693513,-0.06760812416238506,0.13623027692228745,-1.8957892067515447,-0.0009123462445170937,0.0020345730796601314,-0.05129445176352867,0,70,255.0,255.0,255.0
417,20.85,0.9829397764309209,-1.966576840537796,-20.466078641516436,-0.0676360760598285,0.1363359586755177,-1.8983455545780745,-0.00020572965322110046,0.002192697049550456,-0.05095946129765742,0,70,255.0,255.0,255.0
418,20.900000000000002,0.9795580098894425,-1.9597572358477207,-20.561059478992597,-0.06762869712770717,0.1364495466272425,-1.9008851528813104,0.0005008869380748928,0.002350821019440781,-0.05062447083178617,0,70,255.0,255.0,255.0
419,20.950000000000003,0.9761774955653094,-1.9529317541050966,-20.656166877645845,-0.06758598736602102,0.13657104077746182,-1.9034080016612531,0.001207503529370886,0.0025089449893311057,-0.05028948036591492,0,70,255.0,255.0,255.0
420,21.0,0.9728,-1.9461,-20.7514,-0.06750794677477008,0.1367004411261756,-1.905914100917902,0.0019141201206674952,0.002667068959221419,-0.0499544899000437,0,70,255.0,255.0,255.0
421,21.05,0.9694263326749316,-1.9392613117569841,-20.84675783133396,-0.06745199895757432,0.13685373560460726,-1.9083928159542543,0.0003237925671628612,0.003464710178045627,-0.0491941115540495,0,70,255.0,255.0,255.0
422,21.1,0.9660534748312812,-1.9324139617385232,-20.942238647946805,-0.0674755675180538,0.13704691214398018,-1.9108335120733069,-0.0012665349863417727,0.004262351396869835,-0.04843373320805531,0,70,255.0,255.0,255.0
423,21.150000000000002,0.9626774506501649,-1.9255559558415702,-21.037840548892675,-0.0675786524562085,0.13727997074429427,-1.9132361892750598,-0.0028568625398464062,0.005059992615694043,-0.04767335486206111,0,70,255.0,255.0,255.0
424,21.200000000000003,0.959294284312699,-1.9186852999630781,-21.133561633225693,-0.06776125377203844,0.1375529114055496,-1.9156008475595132,-0.004447190093351041,0.005857633834518251,-0.04691297651606692,0,70,255.0,255.0,255.0
425,21.25,0.9559,-1.9118,-21.2294,-0.06802337146554358,0.13786573412774605,-1.9179274869266665,-0.00603751764685545,0.00665527505334218,-0.04615259817007633,0,70,255.0,255.0,255.0
426,21.3,0.952492040652007,-1.9048989894868147,-21.325353871970652,-0.06827988000731829,0.13816278065928347,-1.92022352943142,-0.004222824024133072,0.005226586208155106,-0.04568910202006755,0,70,255.0,255.0,255.0
427,21.35,0.9490735242439537,-1.897984912508109,-21.42142196669635,-0.06844565386795688,0.13838839274856157,-1.9224963971286733,-0.0024081304014106947,0.0037978973629680317,-0.045225605870058756,0,70,255.0,255.0,255.0
428,21.400000000000002,0.9456489875098968,-1.891061340785996,-21.51760312543673,-0.06852069304745936,0.13854257039558032,-1.9247460900184261,-0.0005934367786883171,0.0023692085177809573,-0.04476210972004997,0,70,255.0,255.0,255.0
429,21.450000000000003,0.9422229671838932,-1.8841318460425884,-21.613896189451406,-0.06850499754582572,0.13862531360033967,-1.9269726081006784,0.001221256844034061,0.0009405196725938833,-0.04429861357004119,0,70,255.0,255.0,255.0
430,21.5,0.9388,-1.8772,-21.7103,-0.06839856736305598,0.13863662236283966,-1.9291759513754303,0.0030359504667564208,-0.0004881691725933113,-0.04383511742003776,0,70,255.0,255.0,255.0
431,21.55,0.93538310471704,-1.8702683302957561,-21.806813080783442,-0.06829248101315279,0.13863914175825812,-1.9313370663200795,0.0012075035293711751,0.0005889449893314122,-0.04260948036593318,0,70,255.0,255.0,255.0
432,21.6,0.9319692281929034,-1.863335188229039,-21.9034326852678,-0.06827781701011885,0.1386955168617728,-1.9334368994120237,-0.0006209434080140705,0.0016660591512561358,-0.041383843311828594,0,70,255.0,255.0,255.0
433,21.650000000000002,0.9285537993102468,-1.8563978810144437,-22.000155749360438,-0.0683545753539542,0.13880574767338374,-1.9354754506512626,-0.002449390345399316,0.002743173313180859,-0.04015820625772401,0,70,255.0,255.0,255.0
434,21.700000000000003,0.9251322469517267,-1.8494537158665656,-22.096979208968715,-0.0685227560446588,0.1389698341930909,-1.937452720037796,-0.004277837282784562,0.003820287475105583,-0.03893256920361943,0,70,255.0,255.0,255.0
435,21.75,0.9217,-1.8425,-22.1939,-0.06878235908223264,0.13918777642089428,-1.9393687075716244,-0.0061062842201692336,0.00489740163703023,-0.037706932149511374,0,70,255.0,255.0,255.0
436,21.8,0.9182539404798327,-1.8355348893301597,-22.29091540489559,-0.06904619594007064,0.13940865230768298,-1.9412442052882626,-0.00444719009335066,0.003937633834518226,-0.03731297651602005,0,70,255.0,255.0,255.0
437,21.85,0.9147967629844318,-1.8285599345757335,-22.388024092232467,-0.06922707809156772,0.13958153980434612,-1.9431000052232266,-0.0027880959665320866,0.0029778660320062215,-0.03691902088252873,0,70,255.0,255.0,255.0
438,21.900000000000002,0.9113326152491148,-1.8215775351562273,-22.48522507712155,-0.06932500553672385,0.1397064389108836,-1.9449361073765157,-0.0011290018397135133,0.0020180982294942173,-0.03652506524903741,0,70,255.0,255.0,255.0
439,21.950000000000003,0.9078656450091984,-1.8145900904911472,-22.58251737467376,-0.06933997827553906,0.13978334962729552,-1.9467525117481301,0.0005300922871050604,0.0010583304269822136,-0.03613110961554609,0,70,255.0,255.0,255.0
440,22.0,0.9044,-1.8076,-22.6799,-0.06927199630801335,0.13981227195358187,-1.9485492183380702,0.0021891864139239603,9.856262446961139e-05,-0.03573715398204769,0,70,255.0,255.0,255.0
441,22.05,0.9009387333636293,-1.8006089123836035,-22.77737169963421,-0.0691867352265644,0.13983824901100855,-1.9503101125268731,0.0012212568440340106,0.0009405196725976181,-0.03469861357006464,0,70,255.0,255.0,255.0
442,22.1,0.8974805198693685,-1.7936154734680256,-22.874930145802345,-0.06914987062360996,0.13990632392084162,-1.9520190796950765,0.000253327274144061,0.0017824767207256249,-0.03366007315808159,0,70,255.0,255.0,255.0
443,22.150000000000002,0.8940229396932933,-1.786617578360646,-22.972572742153375,-0.06916140249915,0.1400164966830811,-1.953676119842681,-0.0007146022957458887,0.0026244337688536316,-0.03262153274609854,0,70,255.0,255.0,255.0
444,22.200000000000003,0.8905635730114786,-1.7796131221688436,-23.070296892336277,-0.06922133085318455,0.14016876729772698,-1.9552812329696867,-0.0016825318656358383,0.0034663908169816383,-0.03158299233411549,0,70,255.0,255.0,255.0
445,22.25,0.8871,-1.7726,-23.1681,-0.06932965568571359,0.14036313576477927,-1.956834419076093,-0.0026504614355258305,0.004308347865109585,-0.03054445192212718,0,70,255.0,255.0,255.0
446,22.3,0.8836303260656502,-1.7655766611354253,-23.265979396567577,-0.06945486315367135,0.14056635164828454,-1.958331344604237,-0.0023578372827845542,0.003820287475101385,-0.029332569203638654,0,70,255.0,255.0,255.0
447,22.35,0.8801547575380934,-1.7585437715521632,-23.363932124558158,-0.06956543941399206,0.1407451645122894,-1.9597676759964568,-0.002065213130043278,0.003332227085093184,-0.028120686485150124,0,70,255.0,255.0,255.0
448,22.400000000000002,0.8766740259777115,-1.751502551401188,-23.461955154264956,-0.06966138446667568,0.14089957435679387,-1.961143413252752,-0.0017725889773020018,0.0028441666950849835,-0.026908803766661597,0,70,255.0,255.0,255.0
449,22.450000000000003,0.8731888629448863,-1.744454220833475,-23.56004545598117,-0.06974269831172224,0.1410295811817979,-1.962458556373123,-0.0014799648245607255,0.0023561063050767826,-0.025696921048173067,0,70,255.0,255.0,255.0
450,22.5,0.8697,-1.7374,-23.6582,-0.06980938094913174,0.14113518498730154,-1.9637131053575694,-0.001187340671819137,0.0018680459150686168,-0.024485038329677522,0,70,255.0,255.0,255.0
451,22.55,0.8662079623737698,-1.7303412430746945,-23.756416314095496,-0.06987381215874963,0.1412083443958528,-1.9649405090561987,-0.0013899077128966904,0.0010583304269821234,-0.02461110961550013,0,70,255.0,255.0,255.0
452,22.6,0.8627124499782574,-1.7232798403233212,-23.854694155965028,-0.06994837172042141,0.14124101802999975,-1.9661742163191194,-0.0015924747539742437,0.00024861493889562973,-0.024737180901322733,0,70,255.0,255.0,255.0
453,22.650000000000002,0.85921295639586,-1.7162178160346009,-23.953033840786816,-0.07003305963414706,0.14123320588974236,-1.967414227146331,-0.0017950417950517968,-0.0005611005491908639,-0.02486325218714534,0,70,255.0,255.0,255.0
454,22.700000000000003,0.8557089752089749,-1.7091571944972537,-24.05143568373907,-0.07012787589992658,0.14118490797508068,-1.968660541537834,-0.0019976088361293503,-0.0013708160372773574,-0.024989323472967947,0,70,255.0,255.0,255.0
455,22.75,0.8522,-1.7021,-24.1499,-0.07023282051775999,0.14109612428601465,-1.9699131594936277,-0.002200175877207111,-0.0021805315253637936,-0.025115394758774556,0,70,255.0,255.0,255.0
456,22.8,0.8486858244392702,-1.6950471665657965,-24.248426547050457,-0.07032988821133102,0.1410322707683051,-1.9711386191709503,-0.001682531865633911,-0.00037360918301796104,-0.023902992334128452,0,70,255.0,255.0,255.0
457,22.85,0.8451674425488765,-1.6879952671545504,-24.34701285158174,-0.07040107370432337,0.14105876336771284,-1.9723034587270405,-0.0011648878540607107,0.0014333131593278715,-0.022690589909482348,0,70,255.0,255.0,255.0
458,22.900000000000002,0.8416461484388474,-1.6809397844604064,-24.445655882587808,-0.07044637699673709,0.14117560208423788,-1.9734076781618985,-0.0006472438424875106,0.0032402355016737045,-0.021478187484836247,0,70,255.0,255.0,255.0
459,22.950000000000003,0.8381232362192121,-1.6738762011775081,-24.54435260906258,-0.07046579808857213,0.14138278691788023,-1.974451277475524,-0.00012959983091431022,0.005047157844019537,-0.020265785060190143,0,70,255.0,255.0,255.0
460,23.0,0.8346,-1.6668,-24.6431,-0.07045933697982851,0.14168031786863983,-1.9754342566679173,0.00038804418065896407,0.006854080186365241,-0.019053382635538796,0,70,255.0,255.0,255.0
461,23.05,0.8310775398691489,-1.659708490662119,-24.7418950977027,-0.07043863499592605,0.14195857253092586,-1.9763610142600105,0.00044003517543926915,0.004276106305076563,-0.01801692104819031,0,70,255.0,255.0,255.0
462,23.1,0.8275561798262363,-1.6526062910584751,-24.840735237708014,-0.07041533346228458,0.1421079284991475,-1.9772359487727362,0.0004920261702195742,0.001698132423787884,-0.016980459460841826,0,70,255.0,255.0,255.0
463,23.150000000000002,0.8240360498487492,-1.6454998461237718,-24.939617828861984,-0.07038943237890409,0.14212838577330467,-1.9780590602060948,0.0005440171649998793,-0.0008798414575007952,-0.01594399787349334,0,70,255.0,255.0,255.0
464,23.200000000000003,0.8205172799141748,-1.6383956007927118,-25.038540280010636,-0.07036093174578459,0.1420199443533974,-1.9788303485600856,0.0005960081597801844,-0.0034578153387894734,-0.014907536286144859,0,70,255.0,255.0,255.0
465,23.25,0.817,-1.6313,-25.1375,-0.07032983156292608,0.14178260423942574,-1.9795498138347094,0.0006479991545607078,-0.0060357892200779695,-0.01387107469879112,0,70,255.0,255.0,255.0
466,23.3,0.813484016084134,-1.6242172707857276,-25.236494662138767,-0.0703155718049653,0.14154943910799186,-1.980233323789002,-7.760883612958273e-05,-0.003290816037277061,-0.013469323472916978,0,70,255.0,255.0,255.0
467,23.35,0.8099678381461777,-1.617142768611548,-25.335522997586217,-0.07033759244653903,0.14145352263569802,-1.980896746182001,-0.0008032168268198732,-0.0005458428544761525,-0.013067572247042835,0,70,255.0,255.0,255.0
468,23.400000000000002,0.8064496521661545,-1.610069631044505,-25.43458400196428,-0.0703958934876473,0.14149485482254426,-1.9815400810137065,-0.0015288248175101635,0.002199130328324755,-0.012665821021168693,0,70,255.0,255.0,255.0
469,23.450000000000003,0.8029276441240875,-1.6029909956516415,-25.5336766708949,-0.07049047492829005,0.1416734356685305,-1.982163328284118,-0.0022544328082004543,0.004944103511125664,-0.012264069795294551,0,70,255.0,255.0,255.0
470,23.5,0.7994,-1.5959,-25.6328,-0.07062133676846732,0.14198926517365681,-1.982766487993236,-0.002980040798890471,0.007689076693927044,-0.011862318569425767,0,70,255.0,255.0,255.0
471,23.55,0.7958655957943146,-1.5887920261949706,-25.731952653742248,-0.07074707778421244,0.14230767103710548,-1.983329690583977,-0.0020495998309139596,0.00504715784401953,-0.010665785060211501,0,70,255.0,255.0,255.0
472,23.6,0.792326067589052,-1.5816714344953309,-25.83113197194714,-0.07082629675155873,0.1424939809580588,-1.9838330664992574,-0.0011191588629374484,0.0024052389941120163,-0.009469251550997237,0,70,255.0,255.0,255.0
473,23.650000000000002,0.788783741486632,-1.574544829698206,-25.930334963280917,-0.07085899367050617,0.1425481949365167,-1.9842766157390768,-0.0001887178949609371,-0.00023667985579549876,-0.008272718041782971,0,70,255.0,255.0,255.0
474,23.700000000000003,0.7852409435894746,-1.5674188166007206,-26.029558636409796,-0.07084516854105481,0.14247031297247922,-1.9846603383034354,0.0007417230730155742,-0.0028785987057030112,-0.007076184532568706,0,70,255.0,255.0,255.0
475,23.75,0.7817,-1.5603,-26.1288,-0.07078482136320464,0.14226033506594638,-1.9849842341923336,0.0016721640409921301,-0.00552051755561056,-0.005879651023343868,0,70,255.0,255.0,255.0
476,23.8,0.7781624007386071,-1.5531930244343901,-26.228056322892257,-0.07072811705818532,0.14203587674358648,-1.9852639138750712,0.0005960081597803214,-0.0034578153387851236,-0.005307536286160888,0,70,255.0,255.0,255.0
477,23.85,0.7746262914976136,-1.5460946934071271,-26.327325914625224,-0.07072522054722662,0.14191455353206786,-1.9855149878209497,-0.00048014772143148724,-0.001395113121959687,-0.004735421548977908,0,70,255.0,255.0,255.0
478,23.900000000000002,0.7710889818873167,-1.538999850162669,-26.42660734491207,-0.07077613183032848,0.14189636543139053,-1.985737456029969,-0.0015563036026432957,0.0006675890948657495,-0.004163306811794929,0,70,255.0,255.0,255.0
479,23.950000000000003,0.7675477815180131,-1.531903337945474,-26.525899183465945,-0.07088085090749094,0.14198131244155443,-1.9859313185021292,-0.0026324594838551046,0.002730291311691186,-0.0035911920746119494,0,70,255.0,255.0,255.0
480,24.0,0.764,-1.5248,-26.6252,-0.07103937777871398,0.14216939456255961,-1.9860965752374302,-0.0037086153650668363,0.004792993528516476,-0.003019077337418352,0,70,255.0,255.0,255.0
481,24.05,0.7604440012512567,-1.5176862760674685,-26.724508454688735,-0.07118845398304567,0.1423648219885505,-1.9862386539157486,-0.0022544328082003255,0.003024103511117612,-0.0026640697953180087,0,70,255.0,255.0,255.0
482,24.1,0.7568823664204927,-1.5105649918761592,-26.82382356955196,-0.07126482105953402,0.14247180491367137,-1.986362982216962,-0.0008002502513338146,0.0012552134937187484,-0.0023090622532176653,0,70,255.0,255.0,255.0
483,24.150000000000002,0.7533187309641005,-1.5034405696511157,-26.923144457070816,-0.07126847900817905,0.14249034333792235,-1.9864695601410705,0.0006539323055326958,-0.0005136765236801151,-0.0019540547111173215,0,70,255.0,255.0,255.0
484,24.200000000000003,0.7497567303384721,-1.4963174316173813,-27.022470229726448,-0.07119942782898074,0.14242043726130338,-1.9865583876880737,0.002108114862399207,-0.002282566541078979,-0.001599047169016978,0,70,255.0,255.0,255.0
485,24.25,0.7462,-1.4892,-27.1218,-0.07105766752193914,0.1422620866838145,-1.9866294648579719,0.0035622974192656143,-0.004051456558477495,-0.0012440396269219889,0,70,255.0,255.0,255.0
486,24.3,0.742651194256366,-1.4820914712957354,-27.22113225835281,-0.07090206700963211,0.1420888353022101,-1.9866454704619578,0.0026617230730152748,-0.0028785987056988483,0.0006038154674804994,0,70,255.0,255.0,255.0
487,24.35,0.7391090428204148,-1.4749901390882347,-27.320463007166953,-0.07079149521463761,0.1419742268132446,-1.9865690833112237,0.001761148726764935,-0.0017057408529202013,0.0024516705618829876,0,70,255.0,255.0,255.0
488,24.400000000000002,0.7355712942562804,-1.4678930712328668,-27.419787626804688,-0.07072595213695561,0.14191826121691806,-1.9864003034057696,0.0008605743805145953,-0.0005328830001415539,0.004299525656285476,0,70,255.0,255.0,255.0
489,24.450000000000003,0.7320356971280974,-1.4607973355849988,-27.519101497628288,-0.07070543777658614,0.14192093851323043,-1.9861391307455953,-3.9999965735744176e-05,0.0006399748526370926,0.006147380750687964,0,70,255.0,255.0,255.0
490,24.5,0.7285,-1.4537,-27.6184,-0.07072995213352917,0.14198225870218176,-1.985785565330701,-0.0009405743119854648,0.001812832705416545,0.007995235845092097,0,70,255.0,255.0,255.0
491,24.55,0.7249624217232786,-1.4465990387495897,-27.71767931190003,-0.0707712779784252,0.14204783680260957,-1.9853874642364377,-0.0007124594838550958,0.00081029131169584,0.007928807925436486,0,70,255.0,255.0,255.0
492,24.6,0.7214230622978475,-1.4394960517709001,-27.816938801780246,-0.07080119808191468,0.14206328783335134,-1.9849926845381574,-0.0004843446557247268,-0.0001922500820248649,0.007862380005780876,0,70,255.0,255.0,255.0
493,24.650000000000002,0.7178824920107771,-1.432393545417416,-27.91617863571045,-0.07081971244399766,0.1420286117944071,-1.9846012262358599,-0.0002562298275943578,-0.0011947914757455698,0.007795952086125266,0,70,255.0,255.0,255.0
494,24.700000000000003,0.7143412811491378,-1.4252940260426208,-28.015398979760437,-0.07082682106467413,0.1419438086857768,-1.9842130893295449,-2.8114999463988767e-05,-0.0021973328694662748,0.0077295241664696555,0,70,255.0,255.0,255.0
495,24.75,0.7108,-1.4182,-28.1146,-0.07082252394394407,0.1418088785074605,-1.9838282738192126,0.00019999982866647503,-0.003199874263186686,0.007663096246822931,0,70,255.0,255.0,255.0
496,24.8,0.7072591188505193,-1.4111131737059048,-28.21378169404708,-0.07081282107666743,0.14167181748735364,-1.9834366725922679,0.00018811486239933545,-0.002282566541087392,0.0080009528309617,0,70,255.0,255.0,255.0
497,24.85,0.7037187079881946,-1.4040320538281625,-28.312943385712074,-0.07080371245770414,0.14158062185335174,-1.9830281785361163,0.00017622989613219587,-0.0013652588189880983,0.008338809415100467,0,70,255.0,255.0,255.0
498,24.900000000000002,0.7001787377006102,-1.3969543470974677,-28.41208423035354,-0.0707951980870542,0.14153529160545483,-1.982602791650758,0.00016434492986505626,-0.0004479510968888041,0.008676665999239233,0,70,255.0,255.0,255.0
499,24.950000000000003,0.6966391782753505,-1.3898777602445151,-28.51120338333,-0.07078727796471763,0.14153582674366288,-1.9821605119361925,0.00015245996359791668,0.0004693566252104895,0.009014522583378001,0,70,255.0,255.0,255.0
500,25.0,0.6931,-1.3828,-28.6103,-0.07077995209069442,0.14158222726797584,-1.9817013393924203,0.00014057499733099998,0.0013866643473094964,0.00935237916751852,0,70,255.0,255.0,255.0
501,25.05,0.689561102874644,-1.37571946642679,-28.709372311911668,-0.07077743771490452,0.1416328932479746,-1.9811698453944673,-3.999996573534039e-05,0.0006399748526416342,0.011907380750605902,0,70,255.0,255.0,255.0
502,25.1,0.6860221057493736,-1.3686373329164478,-28.808414855371463,-0.07078395208726795,0.14164622475324,-1.98051060131736,-0.00022057492880168077,-0.00010671464202622791,0.014462382333693286,0,70,255.0,255.0,255.0
503,25.150000000000002,0.6824825571867812,-1.3615554661927112,-28.907421242875422,-0.0707994952077847,0.14162222178377198,-1.9797236071610977,-0.0004011498918680211,-0.00085340413669409,0.01701738391678067,0,70,255.0,255.0,255.0
504,25.200000000000003,0.6789420057494592,-1.354475732979316,-29.00638508691959,-0.07082406707645475,0.1415608843395706,-1.9788088629256817,-0.0005817248549343615,-0.0016000936313619522,0.01957238549986805,0,70,255.0,255.0,255.0
505,25.25,0.6754,-1.3474,-29.1053,-0.07085766769327811,0.1414622124206358,-1.9777663686111113,-0.000762299818000578,-0.002346783126029761,0.02212738708296058,0,70,255.0,255.0,255.0
506,25.3,0.6718564696509046,-1.3403297605869353,-29.20416105830625,-0.07087742806371479,0.1413486095207484,-1.9766839458298746,-2.8114999466211815e-05,-0.002197332869465949,0.021169524166513996,0,70,255.0,255.0,255.0
507,25.35,0.6683128690143105,-1.3332650145060445,-29.302969192802088,-0.07086047919322473,0.1412424791336892,-1.9756494161944598,0.0007060698190681544,-0.0020478826129021366,0.02021166125006741,0,70,255.0,255.0,255.0
508,25.400000000000002,0.6647710335522641,-1.3262053881316858,-29.4017267981448,-0.07080682108180797,0.14114382125945818,-1.9746627797048677,0.0014402546376025209,-0.0018984323563383245,0.019253798333620824,0,70,255.0,255.0,255.0
509,25.450000000000003,0.6612327987268117,-1.319150507838218,-29.500436268991674,-0.07071645372946449,0.1410526358980554,-1.9737240363610977,0.0021744394561368867,-0.0017489820997745125,0.01829593541717424,0,70,255.0,255.0,255.0
510,25.5,0.6577,-1.3121,-29.5991,-0.0705893771361943,0.14096892304948075,-1.9728331861631503,0.002908624274670868,-0.0015995318432102668,0.017338072500734825,0,70,255.0,255.0,255.0
511,25.55,0.6541738185217373,-1.3050534912254679,-29.69771945486333,-0.07046485003023747,0.14089266866903075,-1.9719343712860462,0.0020724599636019574,-0.0014506433747893933,0.01861452258342526,0,70,255.0,255.0,255.0
512,25.6,0.6506528181933836,-1.298010609059373,-29.796292373420204,-0.0703821311398341,0.14082385871200181,-1.9709717339048078,0.0012362956525330466,-0.0013017549063685198,0.019890972666115694,0,70,255.0,255.0,255.0
513,25.650000000000002,0.6471349086041612,-1.2909709812805439,-29.89481556454541,-0.07034122046498417,0.1407624931783939,-1.9699452740194348,0.0004001313414641358,-0.0011528664379476465,0.02116742274880613,0,70,255.0,255.0,255.0
514,25.700000000000003,0.6436179993432924,-1.2839342356678098,-29.99328583711375,-0.07034211800568768,0.14070857206820703,-1.968854991629927,-0.00043603296960477477,-0.001003977969526773,0.022443872831496563,0,70,255.0,255.0,255.0
515,25.75,0.6401,-1.2769,-30.0917,-0.07038482376194465,0.1406620953814412,-1.9677008867362853,-0.001272197280673626,-0.0008550895011070203,0.023720322914174474,0,70,255.0,255.0,255.0
516,25.8,0.6365794562621458,-1.2698682745111918,-30.19005472224043,-0.07043117181533484,0.14060071580312947,-1.9664745690259346,-0.0005817248549341638,-0.00160009363136232,0.02533238549985024,0,70,255.0,255.0,255.0
517,25.85,0.6330574582121545,-1.262840549256462,-30.288346113517107,-0.07044299624743806,0.14050208601830497,-1.9651676481863,0.0001087475708052984,-0.0023450977616176196,0.02694444808552601,0,70,255.0,255.0,255.0
518,25.900000000000002,0.6295357320310901,-1.2558186867461363,-30.386570143673573,-0.07042029705825431,0.1403662060269677,-1.963780124217382,0.0007992199965447607,-0.003090101891872919,0.028556510671201775,0,70,255.0,255.0,255.0
519,25.950000000000003,0.6260160039000171,-1.2488045494905402,-30.48472278255336,-0.07036307424778358,0.1401930758291177,-1.96231199711918,0.0014896924222842227,-0.0038351060221282185,0.030168573256877544,0,70,255.0,255.0,255.0
520,26.0,0.6225,-1.2418,-30.5828,-0.0702713278160259,0.13998269542475486,-1.9607632668916943,0.0021801648480236357,-0.0045801101523841314,0.031780635842563854,0,70,255.0,255.0,255.0
521,26.05,0.6189891564296788,-1.234806210729764,-30.68079845617496,-0.07016246270842198,0.13977646811845082,-1.9591753526102014,0.002174439456132382,-0.003668982099778293,0.03173593541715256,0,70,255.0,255.0,255.0
522,26.1,0.6154837489579978,-1.2278215939147776,-30.77871757251138,-0.07005388387041266,0.13961579721477702,-1.9575896733499791,0.0021687140642411284,-0.002757854047172455,0.031691234991741264,0,70,255.0,255.0,255.0
523,26.150000000000002,0.6119837632714774,-1.2208438717349088,-30.876557460760317,-0.06994559130199787,0.13950068271373356,-1.9560062291110272,0.0021629886723498744,-0.001846725994566617,0.03164653456632997,0,70,255.0,255.0,255.0
524,26.200000000000003,0.6084891850566382,-1.2138707663700268,-30.974318232672832,-0.06983758500317766,0.13943112461532037,-1.954425019893346,0.0021572632804586207,-0.0009355979419607787,0.03160183414091868,0,70,255.0,255.0,255.0
525,26.25,0.605,-1.2069,-31.072,-0.06972986497395202,0.13940712291953744,-1.9528460456969352,0.0021515378885671455,-2.4469889356115715e-05,0.03155713371550917,0,70,255.0,255.0,255.0
526,26.3,0.6015159180191388,-1.1999300825697514,-31.169602653059737,-0.0696389773509779,0.13938141172306556,-1.9512560205332607,0.0014839670303970947,-0.0010039779695190237,0.0320438728314656,0,70,255.0,255.0,255.0
527,26.35,0.5980355459558536,-1.1929626750844269,-31.267125196437398,-0.06958146827091231,0.13930672512258552,-1.9496416584137886,0.0008163961722270441,-0.0019834860496819318,0.03253061194742203,0,70,255.0,255.0,255.0
528,26.400000000000002,0.5945572148829991,-1.1860002263142262,-31.36456641328519,-0.0695573377337552,0.13918306311809736,-1.9480029593385184,0.00014882531405699308,-0.00296299412984484,0.03301735106337846,0,70,255.0,255.0,255.0
529,26.450000000000003,0.5910792558734295,-1.1790451850293504,-31.461925086755322,-0.06956658573950661,0.13901042570960104,-1.9463399233074508,-0.0005187455441130573,-0.003942502210007748,0.033504090179334894,0,70,255.0,255.0,255.0
530,26.5,0.5876,-1.1721,-31.5592,-0.0696092122881665,0.1387888128970966,-1.944652550320585,-0.0011863164022829498,-0.004922010290171475,0.033990829295303726,0,70,255.0,255.0,255.0
531,26.55,0.5841183714937658,-1.1651662589912295,-31.656389331586098,-0.0696496278876664,0.138569884989289,-1.9429045652567771,-0.00043030757771344056,-0.003835106022132957,0.035928573257008295,0,70,255.0,255.0,255.0
532,26.6,0.5806356672185871,-1.158242105747514,-31.753488841739046,-0.06965224304593784,0.13840530229488332,-1.941059692994884,0.00032570124685606864,-0.0027482017540944393,0.037866317218712864,0,70,255.0,255.0,255.0
533,26.650000000000002,0.5771537771965257,-1.151324823008184,-31.85049368609895,-0.0696170577629808,0.13829506481387954,-1.9391179335349058,0.0010817100714255777,-0.001661297486055922,0.03980406118041743,0,70,255.0,255.0,255.0
534,26.700000000000003,0.5736745914496426,-1.1444116935125694,-31.947399020305905,-0.06954407203879527,0.13823917254627768,-1.9370792868768423,0.001837718895995087,-0.0005743932180174039,0.041741805142122,0,70,255.0,255.0,255.0
535,26.75,0.5702,-1.1375,-32.0442,-0.06943328587338128,0.13823762549207777,-1.9349437530206937,0.0025937277205653197,0.00051251105002037,0.043679549103829984,0,70,255.0,255.0,255.0
536,26.8,0.5667313960057984,-1.1305880814653302,-32.14089282059588,-0.06931451109835578,0.13822704831977914,-1.932773718439579,0.0021572632804544847,-0.0009355979419656474,0.04312183414075611,0,70,255.0,255.0,255.0
537,26.85,0.5632681851697975,-1.1236785019255153,-32.23747783660642,-0.06921755954533583,0.1381440656978812,-1.930631569606618,0.00172079884034365,-0.002383706933951665,0.04256411917768224,0,70,255.0,255.0,255.0
538,26.900000000000002,0.5598092763308978,-1.1167748816530352,-32.33395644231902,-0.06914243121432141,0.13798867762638398,-1.9285173065218109,0.0012843344002328152,-0.003831815925937682,0.04200640421460837,0,70,255.0,255.0,255.0
539,26.950000000000003,0.5563535783279987,-1.1098808409203698,-32.43033003202108,-0.06908912610531254,0.13776088410528742,-1.926430929185157,0.0008478699601219804,-0.0052799249179237,0.0414486892515345,0,70,255.0,255.0,255.0
540,27.0,0.5529,-1.103,-32.5266,-0.0690576442183092,0.13746068513459164,-1.9243724375966575,0.0004114055200112876,-0.006728033909909392,0.04089097428845179,0,70,255.0,255.0,255.0
541,27.05,0.5494480444830411,-1.0961350151474496,-32.62276658603036,-0.06901232771891169,0.13714592173159382,-1.9222725609849631,0.0014012544558888482,-0.0058625022100034715,0.043104090179315366,0,70,255.0,255.0,255.0
542,27.1,0.5459995921022219,-1.0892846865504238,-32.71882541183526,-0.06891751877272032,0.13687443491359128,-1.920062028578726,0.0023911033917664087,-0.004996970510097551,0.045317206070178945,0,70,255.0,255.0,255.0
543,27.150000000000002,0.5425571174798821,-1.0824468503796736,-32.81477094462499,-0.06877321737973506,0.13664622468058407,-1.9177408403779452,0.0033809523276439692,-0.00413143881019163,0.047530321961042524,0,70,255.0,255.0,255.0
544,27.200000000000003,0.5391230952383615,-1.0756193428059486,-32.91059765160982,-0.06857942353995593,0.13646129103257212,-1.9153089963826218,0.00437080126352153,-0.0032659071102857104,0.0497434378519061,0,70,255.0,255.0,255.0
545,27.25,0.5357,-1.0688,-33.0063,-0.06833613725338293,0.1363196339695555,-1.9127664965927547,0.005360650199399131,-0.0024003754103794073,0.05195655374277841,0,70,255.0,255.0,255.0
546,27.3,0.5322892260620369,-1.0619870579448716,-33.10187363528271,-0.06810817802599796,0.13619726475384555,-1.9101840376206256,0.0037577188959995395,-0.002494393218017522,0.051341805142378044,0,70,255.0,255.0,255.0
547,27.35,0.5288878464213139,-1.0551803518727882,-33.197318916052566,-0.06796036536378297,0.13607019464775374,-1.9076323160785167,0.0021547875925999483,-0.0025884110256556374,0.05072705654197767,0,70,255.0,255.0,255.0
548,27.400000000000002,0.5254918537495723,-1.0483801168282691,-33.292637379181066,-0.06789269926673797,0.13593842365128,-1.905111331966428,0.0005518562892003571,-0.0026824288332937523,0.050112307941577304,0,70,255.0,255.0,255.0
549,27.450000000000003,0.5220972407185538,-1.0415865878558332,-33.387830561539715,-0.06790517973486293,0.13580195176442433,-1.902621085284359,-0.001051075014199234,-0.0027764466409318676,0.04949755934117693,0,70,255.0,255.0,255.0
550,27.5,0.5187,-1.0348,-33.4829,-0.06799780676815789,0.13566077898718681,-1.9001615760323103,-0.0026540063175992668,-0.00287046444857042,0.04888281074078371,0,70,255.0,255.0,255.0
551,27.55,0.5152974512688109,-1.0280207530730634,-33.57784607283882,-0.06809096017709493,0.13550501925302444,-1.8976632885325047,-0.0010721300398820908,-0.0033599249179238804,0.051048689251440425,0,70,255.0,255.0,255.0
552,27.6,0.5118922222125218,-1.021249905958422,-33.672664523954495,-0.06810501977214611,0.13532478649539442,-1.8950567071071662,0.0005097462378350851,-0.0038493853872773407,0.05321456776209714,0,70,255.0,255.0,255.0
553,27.650000000000002,0.5084882675218276,-1.0144886823072483,-33.767349938650774,-0.06803998555331142,0.1351200807142967,-1.8923418317562948,0.002091622515552261,-0.0043388458566308,0.05538044627275385,0,70,255.0,255.0,255.0
554,27.700000000000003,0.5050895418874222,-1.0077383057707163,-33.86189690223137,-0.06789585752059087,0.13489090190973135,-1.8895186624798908,0.003673498793269437,-0.004828306325984261,0.05754632478341056,0,70,255.0,255.0,255.0
555,27.75,0.5017,-1.001,-33.9563,-0.0676726356739845,0.13463725008169827,-1.886587199277954,0.00525537507098639,-0.005317766795337464,0.059712203294070676,0,70,255.0,255.0,255.0
556,27.8,0.49832256886271975,-0.9942747297628737,-34.050554873362046,-0.06743198126562186,0.13437465823405761,-1.8836108082493066,0.00437080126351944,-0.005185907110289321,0.05934343785182001,0,70,255.0,255.0,255.0
557,27.85,0.4949560647285982,-0.987562424293523,-34.14466138812947,-0.06723555554763255,0.13411865937066933,-1.880652855492772,0.00348622745605249,-0.005054047425241178,0.05897467240956934,0,70,255.0,255.0,255.0
558,27.900000000000002,0.4915982761631168,-0.9808627539427356,-34.23862046621586,-0.06708335852001661,0.13386925349153347,-1.8777133410083495,0.00260165364858554,-0.004922187740193035,0.058605906967318676,0,70,255.0,255.0,255.0
559,27.950000000000003,0.4882469917317569,-0.9741753890612986,-34.33243302953484,-0.06697539018277399,0.13362644059665002,-1.87479226479604,0.0017170798411185904,-0.004790328055144891,0.058237141525068,0,70,255.0,255.0,255.0
560,28.0,0.4849,-0.9675,-34.4261,-0.06691165053590474,0.13339022068601902,-1.8718896268558427,0.0008325060336519252,-0.004658468370096536,0.05786837608282269,0,70,255.0,255.0,255.0
561,28.05,0.4815554732803102,-0.9608363278754412,-34.519621633712994,-0.06686911476041835,0.13315634781074334,-1.8689654784702447,0.0008689249858036657,-0.004696446640929786,0.059097559341089595,0,70,255.0,255.0,255.0
562,28.1,0.4782131188730849,-0.9541843968674846,-34.61299552352765,-0.06682475803732436,0.13292057602192606,-1.8659798709217337,0.0009053439379554061,-0.004734424911763037,0.0603267425993565,0,70,255.0,255.0,255.0
563,28.150000000000002,0.4748730278257044,-0.9475443019218073,-34.70621859648579,-0.0667785803666228,0.13268290531956706,-1.862932804210309,0.0009417628901071467,-0.004772403182596287,0.0615559258576234,0,70,255.0,255.0,255.0
564,28.200000000000003,0.47153529118554927,-0.9409161379840866,-34.79928777962929,-0.06673058174831366,0.1324433357036664,-1.8598242783359713,0.000978181842258887,-0.004810381453429538,0.0627851091158903,0,70,255.0,255.0,255.0
565,28.25,0.4682,-0.9343,-34.8922,-0.06668076218239692,0.13220186717422408,-1.8566542932987202,0.001014600794410403,-0.004848359724263451,0.06401429237417133,0,70,255.0,255.0,255.0
566,28.3,0.4648675380160393,-0.9276959587353614,-34.98495219178597,-0.06661155969270494,0.13195995052296797,-1.8534232778697777,0.0017534987932693253,-0.004828306325980192,0.06522632478353502,0,70,255.0,255.0,255.0
567,28.35,0.4615394597790618,-0.9211039882365378,-35.07754131775997,-0.06650541230306999,0.13171903654162606,-1.8501316608203666,0.0024923967921282476,-0.004808252927696931,0.06643835719289871,0,70,255.0,255.0,255.0
568,28.400000000000002,0.4582176125340646,-0.9145240383700335,-35.169964347841,-0.0663623200134921,0.13147912523019828,-1.8467794421504875,0.0032312947909871694,-0.004788199529413672,0.0676503896022624,0,70,255.0,255.0,255.0
569,28.450000000000003,0.4549038435260449,-0.9079560590023525,-35.26221825194801,-0.06618228282397126,0.13124021658868468,-1.84336662186014,0.003970192789846092,-0.004768146131130412,0.0688624220116261,0,70,255.0,255.0,255.0
570,28.5,0.4516,-0.9014,-35.3543,-0.0659653007345075,0.13100231061708523,-1.839893199949325,0.0047090907887047395,-0.004748092732848264,0.0700744544209897,0,70,255.0,255.0,255.0
571,28.55,0.44830717465553227,-0.8948558371831126,-35.44620719914315,-0.06575664646876195,0.13076385009738528,-1.8363974100506708,0.0036370798411173924,-0.004790328055149119,0.06975714152517795,0,70,255.0,255.0,255.0
572,28.6,0.44502344201066735,-0.8883236501863633,-35.53794000543249,-0.06560159275039575,0.1305232778115703,-1.8329174857968074,0.0025650688935300453,-0.004832563377449973,0.06943982862936621,0,70,255.0,255.0,255.0
573,28.650000000000002,0.4417461220380363,-0.8818035445980573,-35.62949921215025,-0.06550013957940894,0.13028059375964027,-1.829453427187734,0.0014930579459426982,-0.004874798699750828,0.06912251573355446,0,70,255.0,255.0,255.0
574,28.700000000000003,0.4384725347102701,-0.8752956260065009,-35.72088561257867,-0.06545228695580149,0.13003579794159523,-1.8260052342234516,0.0004210469983553511,-0.004917034022051683,0.06880520283774272,0,70,255.0,255.0,255.0
575,28.75,0.4352,-0.8688,-35.8121,-0.0654580348795734,0.1297888903574351,-1.82257290690396,-0.0006509639492314756,-0.004959269344353201,0.06848788994193811,0,70,255.0,255.0,255.0
576,28.8,0.4319269633618312,-0.8623166925321875,-35.90314221164145,-0.06544985443224767,0.1295446490874905,-1.819099081927518,0.0009781818422601072,-0.004810381453429844,0.07046510911574447,0,70,255.0,255.0,255.0
577,28.85,0.428656372178268,-0.8558454110180084,-35.994008260510114,-0.06536021669534739,0.12930785221209212,-1.8155263959923855,0.00260732763375169,-0.004661493562506487,0.07244232828955083,0,70,255.0,255.0,255.0
578,28.900000000000002,0.4253922993137892,-0.8493857832377355,-36.08469320355805,-0.0651891216688725,0.12907849973123986,-1.8118548490985629,0.004236473425243273,-0.0045126056715831305,0.07441954746335719,0,70,255.0,255.0,255.0
579,28.950000000000003,0.4221388176328736,-0.8429374369716417,-36.17519209773732,-0.06493656935282306,0.1288565916449338,-1.8080844412460495,0.005865619216734856,-0.004363717780659773,0.07639676663716355,0,70,255.0,255.0,255.0
580,29.0,0.4189,-0.8365,-36.2655,-0.06460255974719904,0.12864212795317387,-1.8042151724348465,0.007494765008226101,-0.004214829889737093,0.07837398581096977,0,70,255.0,255.0,255.0
581,29.05,0.4156785718971426,-0.8300733926881373,-36.355612754291066,-0.06426793580224724,0.12841755355265222,-1.8002942622392806,0.005890192789845549,-0.0047681461311288665,0.07846242201167045,0,70,255.0,255.0,255.0
582,29.1,0.4124718692762599,-0.8236587057416025,-36.4455293525271,-0.06401354046821447,0.12816531334006098,-1.7963689302336794,0.004285620571464997,-0.00532146237252064,0.07855085821237111,0,70,255.0,255.0,255.0
583,29.150000000000002,0.40927588070680576,-0.8172573224509988,-36.5352495736176,-0.06383937374510074,0.12788540731540016,-1.7924391764180434,0.0026810483530844455,-0.005874778613912414,0.07863929441307178,0,70,255.0,255.0,255.0
584,29.200000000000003,0.4060865947582344,-0.8108706261069301,-36.62477319647207,-0.06374543563290604,0.12757783547866974,-1.788505000792372,0.0010764761347038937,-0.006428094855304187,0.07872773061377246,0,70,255.0,255.0,255.0
585,29.25,0.4029,-0.8045,-36.7141,-0.06373172613163036,0.12724259782986974,-1.7845664033566662,-0.0005280960836768767,-0.006981411096697254,0.07881616681448378,0,70,255.0,255.0,255.0
586,29.3,0.399713149049598,-0.7981465367152629,-36.80322917119431,-0.06373440235876339,0.12689713670190092,-1.7805878691153576,0.00042104699835558105,-0.006837034022054398,0.08032520283785945,0,70,255.0,255.0,255.0
587,29.35,0.39652735071669193,-0.7918101660155809,-36.89215752938152,-0.06368962143179481,0.1265588944276643,-1.77653388307288,0.0013701900803880388,-0.0066926569474115415,0.08183423886123511,0,70,255.0,255.0,255.0
588,29.400000000000002,0.39334497785898676,-0.7854905269582674,-36.98088130197158,-0.06359738335072458,0.12622787100715976,-1.7724044452292338,0.0023193331624204966,-0.006548279872768686,0.08334327488461077,0,70,255.0,255.0,255.0
589,29.450000000000003,0.39016840333418773,-0.7791872586006359,-37.06939671637443,-0.06345768811555276,0.12590406644038743,-1.768199555584419,0.003268476244452954,-0.00640390279812583,0.08485231090798644,0,70,255.0,255.0,255.0
590,29.5,0.387,-0.7729,-37.1577,-0.0632705357262793,0.12558748072734718,-1.7639192141384357,0.004217619326485789,-0.006259525723483872,0.08636134693136022,0,70,255.0,255.0,255.0
591,29.55,0.3838416319044651,-0.7666284604508107,-37.24578816093172,-0.06306645476269877,0.12527389963974359,-1.7596102612992248,0.003945619216735126,-0.006283717780659926,0.08599676663707106,0,70,255.0,255.0,255.0
592,29.6,0.3806931278569719,-0.7603726301960732,-37.33366132994683,-0.06287597380460579,0.1249591089492812,-1.7553195374747286,0.0036736191069844638,-0.00630790983783598,0.08563218634278193,0,70,255.0,255.0,255.0
593,29.650000000000002,0.3775538078572463,-0.7541325697159301,-37.4213204184961,-0.06269909285200033,0.12464310865595998,-1.7510470426649465,0.003401618997233801,-0.006332101895012033,0.08526760604849278,0,70,255.0,255.0,255.0
594,29.700000000000003,0.37442299190501366,-0.7479083394905246,-37.50876633803024,-0.0625358119048824,0.12432589875977997,-1.746792776869879,0.003129618887483139,-0.006356293952188087,0.08490302575420364,0,70,255.0,255.0,255.0
595,29.75,0.3713,-0.7417,-37.596,-0.06238613096325201,0.12400747926074118,-1.7425567400895263,0.0028576187777325512,-0.006380486009363917,0.08453844545992517,0,70,255.0,255.0,255.0
596,29.8,0.3681843233325416,-0.7355076214814937,-37.68302138507884,-0.062239778590441136,0.12368726473912452,-1.7382830856876874,0.0029964761347024103,-0.006428094855302291,0.08640773061362704,0,70,255.0,255.0,255.0
597,29.85,0.3650761378554199,-0.7293313132001257,-37.76982675083114,-0.062086483349781764,0.12336466977521095,-1.7339159670281634,0.0031353334916722694,-0.006475703701240666,0.0882770157673289,0,70,255.0,255.0,255.0
598,29.900000000000002,0.36197579071202746,-0.7231711941780108,-37.85641142404403,-0.06192624524127391,0.12303969436900045,-1.7294553841109543,0.003274190848642128,-0.006523312547179041,0.09014630092103076,0,70,255.0,255.0,255.0
599,29.950000000000003,0.3588836290457566,-0.7170273834372637,-37.94277073150461,-0.06175906426491755,0.12271233852049303,-1.7249013369360604,0.003413048205611987,-0.006570921393117416,0.09201558607473263,0,70,255.0,255.0,255.0
600,30.0,0.3558,-0.7109,-38.0289,-0.06158494042071271,0.12238260222968872,-1.7202538255034814,0.0035519055625819473,-0.0066185302390557865,0.09388487122844502,0,70,255.0,255.0,255.0
601,30.05,0.3527250747653683,-0.7047890536232139,-38.114795098752936,-0.06141443087553681,0.1220570414037591,-1.7155453959500693,0.0032684762444541732,-0.0064039027981284994,0.09445231090803255,0,70,255.0,255.0,255.0
602,30.1,0.3496583207213478,-0.6986941170034232,-38.20045406672861,-0.061258092796267295,0.12174221194987586,-1.7108085944126779,0.0029850469263263987,-0.006189275357201212,0.09501975058762008,0,70,255.0,255.0,255.0
603,30.150000000000002,0.34659902929464304,-0.6926146535720253,-38.28587548532781,-0.061115926182904165,0.12143811386803897,-1.7060434208913071,0.002701617608198624,-0.005974647916273925,0.09558719026720762,0,70,255.0,255.0,255.0
604,30.200000000000003,0.34354649191195885,-0.6865501267604183,-38.37105793595135,-0.060987931035447425,0.12114474715824845,-1.701249875385957,0.00241818829007085,-0.005760020475346638,0.09615462994679515,0,70,255.0,255.0,255.0
605,30.25,0.3405,-0.6805,-38.456,-0.06087410735389708,0.12086211182050431,-1.696427957896628,0.002134758971943318,-0.005545393034419699,0.09672206962638263,0,70,255.0,255.0,255.0
606,30.3,0.3374593776059849,-0.6744641640256502,-38.540700619909416,-0.060742497907411416,0.12056456964583911,-1.691599330512107,0.0031296188874832907,-0.006356293952188075,0.09642302575445177,0,70,255.0,255.0,255.0
607,30.35,0.33442657925918834,-0.6684442187861808,-38.62516018225444,-0.06056114546514874,0.1202264824252855,-1.6867856553211826,0.004124478803023263,-0.007167194869956451,0.09612398188252093,0,70,255.0,255.0,255.0
608,30.400000000000002,0.33140409210939953,-0.6624421915338862,-38.70937943464477,-0.06033005002710909,0.11984785015884346,-1.6819869323238548,0.005119338718563236,-0.007978095787724827,0.09582493801059007,0,70,255.0,255.0,255.0
609,30.450000000000003,0.32839440330640707,-0.6564601095210609,-38.793359124690056,-0.06004921159329242,0.119428672846513,-1.6772031615201235,0.006114198634103209,-0.008788996705493202,0.09552589413865922,0,70,255.0,255.0,255.0
610,30.5,0.3254,-0.6505,-38.8771,-0.05971863016369878,0.11896895048829417,-1.672434342909989,0.007109058549643443,-0.009599897623261633,0.09522685026672484,0,70,255.0,255.0,255.0
611,30.55,0.3224222148106921,-0.644563090274185,-38.96060162160941,-0.05940757749481741,0.11851668001288469,-1.6676092820014545,0.00533304820561081,-0.00849092139311723,0.09777558607465377,0,70,255.0,255.0,255.0
612,30.6,0.31945776224189815,-0.6386474078518528,-39.04385880425364,-0.05918532534313769,0.11811985834898243,-1.6626567843025237,0.0035570378615781767,-0.007381945162972827,0.1003243218825827,0,70,255.0,255.0,255.0
613,30.650000000000002,0.3165022022677582,-0.6327501802924282,-39.12686517609316,-0.059051873708659594,0.1177784854965874,-1.6575768498131962,0.0017810275175455439,-0.006272968932828424,0.10287305769051162,0,70,255.0,255.0,255.0
614,30.700000000000003,0.3135510948624121,-0.6268686351553355,-39.20961436528845,-0.059007222591383135,0.11749256145569958,-1.6523694785334722,5.0171735129101586e-06,-0.00516399270268402,0.10542179349844055,0,70,255.0,255.0,255.0
615,30.75,0.3106,-0.621,-39.2921,-0.05905137199130829,0.117262086226319,-1.647034670463352,-0.0017709931705195414,-0.004055016472540363,0.10797052930637818,0,70,255.0,255.0,255.0
616,30.8,0.30764616315124665,-0.6151426748776092,-39.37431689365293,-0.05908319211331947,0.11701671030262183,-1.6416435414820267,0.0004981882900721869,-0.005760020475347119,0.10767462994663503,0,70,255.0,255.0,255.0
617,30.85,0.3046935717732184,-0.6092997498064067,-39.456264600731004,-0.05900155316230107,0.11668608417878429,-1.6362672074686884,0.002767369750663915,-0.007465024478153874,0.10737873058689189,0,70,255.0,255.0,255.0
618,30.900000000000002,0.30174789881956693,-0.6034754872963995,-39.53794386098261,-0.05880645513825308,0.11627020785480642,-1.6309056684233374,0.005036551211255643,-0.00917002848096063,0.10708283122714873,0,70,255.0,255.0,255.0
619,30.950000000000003,0.29881481724394354,-0.5976741498575949,-39.61935541415613,-0.0584978980411755,0.11576908133068821,-1.6255589243459734,0.007305732671847372,-0.010875032483767385,0.10678693186740558,0,70,255.0,255.0,255.0
620,31.0,0.2959,-0.5919,-39.7005,-0.05807588187106837,0.1151827046064297,-1.620226975236597,0.009574914132439216,-0.012580036486574353,0.10649103250766245,0,70,255.0,255.0,255.0
621,31.05,0.2930075325843211,-0.5861558102153779,-39.781378003778855,-0.05763565405190478,0.11460047877662802,-1.6148885520704395,0.008034198634104251,-0.010708996705492831,0.10704589413862921,0,70,255.0,255.0,255.0
622,31.1,0.2901351506652275,-0.5804383929225194,-39.861988392822354,-0.05727246200765793,0.1141118049358804,-1.609522385822734,0.006493483135769285,-0.008837956924411307,0.10760075576959595,0,70,255.0,255.0,255.0
623,31.150000000000002,0.2872790024539733,-0.574743070521972,-39.94232977997643,-0.056986305738327844,0.11371668308418686,-1.60412847649348,0.00495276763743432,-0.006966917143329785,0.1081556174005627,0,70,255.0,255.0,255.0
624,31.200000000000003,0.2844352361618127,-0.5690651654142831,-40.022400778087004,-0.056777185243914494,0.1134151132215474,-1.5987068240826774,0.003412052139099354,-0.005095877362248262,0.10871047903152944,0,70,255.0,255.0,255.0
625,31.25,0.2816,-0.5634,-40.1022,-0.056645100524417916,0.11320709534796203,-1.593257428590327,0.0018713366407643317,-0.003224837581166984,0.10926534066250149,0,70,255.0,255.0,255.0
626,31.3,0.27877010651146866,-0.5577444842608789,-40.18172549123168,-0.056550191679061015,0.11299737459086574,-1.5877462502362985,0.0019250171735117013,-0.005163992702684288,0.11118179349863733,0,70,255.0,255.0,255.0
627,31.35,0.27594502556587114,-0.5521018785035146,-40.2609730279796,-0.05645259880706674,0.1126906960776936,-1.5821392492404631,0.001978697706259071,-0.007103147824201594,0.11309824633477318,0,70,255.0,255.0,255.0
628,31.400000000000002,0.2731248913645392,-0.5464770306157106,-40.3399378191117,-0.05635232190843511,0.11228705980844557,-1.576436425602821,0.0020323782390064406,-0.0090423029457189,0.11501469917090902,0,70,255.0,255.0,255.0
629,31.450000000000003,0.2703098381088048,-0.5408747884852712,-40.41861507349586,-0.056249360983166095,0.1117864657831217,-1.570637779323372,0.00208605877175381,-0.010981458067236204,0.11693115200704486,0,70,255.0,255.0,255.0
630,31.5,0.2675,-0.5353,-40.497,-0.05614371603125973,0.111188914001722,-1.564743310402117,0.002139739304501287,-0.012920613188753483,0.1188476048431859,0,70,255.0,255.0,255.0
631,31.55,0.264696041369804,-0.529755852741106,-40.575088831294465,-0.05600357923185103,0.11059402285990896,-1.5588144469843526,0.003465732671846774,-0.010875032483767548,0.11830693186738088,0,70,255.0,255.0,255.0
632,31.6,0.2619007470712876,-0.5242388930634215,-40.652881895259256,-0.05579714276407504,0.11010141075334523,-1.5529126172153784,0.004791726039192261,-0.008829451778781614,0.11776625889157584,0,70,255.0,255.0,255.0
633,31.650000000000002,0.2591174320878692,-0.5187440070151839,-40.730380543576814,-0.055524406627931795,0.1097110776820308,-1.547037821095195,0.0061177194065377485,-0.006783871073795679,0.11722558591577081,0,70,255.0,255.0,255.0
634,31.700000000000003,0.25634941140296713,-0.5132660806446308,-40.80758612792958,-0.05518537082342126,0.10942302364596565,-1.5411900586238014,0.007443712773883235,-0.004738290368809744,0.11668491293996579,0,70,255.0,255.0,255.0
635,31.75,0.2536,-0.5078,-40.8845,-0.054780035350543495,0.1092372486451498,-1.5353693298011986,0.008769706141228906,-0.0026927096638247328,0.1161442399641679,0,70,255.0,255.0,255.0
636,31.8,0.2508713280093151,-0.5023425047746967,-40.9611223835905,-0.05437949139353525,0.10904253396949795,-1.5295079618263083,0.007252052139100618,-0.005095877362248737,0.11831047903144383,0,70,255.0,255.0,255.0
637,31.85,0.24816078614897796,-0.4968977492427987,-41.03744899098342,-0.054054830136633425,0.10872766090892493,-1.523538281898054,0.005734398136972331,-0.00749904506067274,0.12047671809871978,0,70,255.0,255.0,255.0
638,31.900000000000002,0.2454645802839832,-0.49147174132355265,-41.11347440658108,-0.05380605157983801,0.10829262946343067,-1.517460290016436,0.004216744134844044,-0.009902212759096743,0.12264295716599571,0,70,255.0,255.0,255.0
639,31.950000000000003,0.24277891627932563,-0.4860704889362042,-41.18919321478583,-0.053633155723149015,0.10773743963301524,-1.5112739861814541,0.0026990901327157563,-0.012305380457520746,0.12480919623327166,0,70,255.0,255.0,255.0
640,32.0,0.2401,-0.4807,-41.2646,-0.05353614256656643,0.10706209141767864,-1.5049793703931091,0.001181436130587854,-0.014708548155944134,0.12697543530055455,0,70,255.0,255.0,255.0
641,32.050000000000004,0.2374250465929352,-0.4753645281601069,-41.339690434343574,-0.05345445519400787,0.10637184126209913,-1.498641705710414,0.0020860587717539507,-0.012901458067234308,0.12653115200722947,0,70,255.0,255.0,255.0
642,32.1,0.2347553083328001,-0.47006130996538265,-41.414464540807124,-0.05332753668939104,0.10577194561095518,-1.4923262551923862,0.002990681412919919,-0.011094367978524738,0.12608686871390445,0,70,255.0,255.0,255.0
643,32.15,0.23209304677619735,-0.4647858276906048,-41.488923430098886,-0.0531553870527159,0.10526240446424671,-1.4860330188390243,0.0038953040540858873,-0.009287277889815166,0.12564258542057943,0,70,255.0,255.0,255.0
644,32.2,0.2294405234797294,-0.45953356361055064,-41.5630682129271,-0.05293800628398244,0.10484321782197366,-1.479761996650328,0.004799926695251984,-0.007480187801105339,0.12519830212725436,0,70,255.0,255.0,255.0
645,32.25,0.2268,-0.4543,-41.6369,-0.052675394383190695,0.10451438568413615,-1.4735131886262984,0.005704549336418119,-0.005673097712395547,0.12475401883392756,0,70,255.0,255.0,255.0
646,32.300000000000004,0.22417328561894304,-0.4490817825848734,-41.71041907903523,-0.05239468783043316,0.10420610098210592,-1.4672372153319562,0.005523712773882345,-0.006658290368812243,0.1262849129397386,0,70,255.0,255.0,255.0
647,32.35,0.22156038051982116,-0.44388021089566965,-41.783622445788104,-0.05212302310580245,0.10384855664725492,-1.4608846973323244,0.005342876211346598,-0.007643483025228798,0.12781580704554937,0,70,255.0,255.0,255.0
648,32.4,0.21896083261122765,-0.4386977479140289,-41.85650627302337,-0.05186040020929853,0.1034417526795831,-1.454455634627402,0.005162039648810851,-0.008628675681645354,0.12934670115136018,0,70,255.0,255.0,255.0
649,32.45,0.2163741898017558,-0.43353685662159147,-41.92906673350576,-0.051606819140921356,0.10298568907909038,-1.4479500272171881,0.004981203086275077,-0.009613868338062048,0.1308775952571712,0,70,255.0,255.0,255.0
650,32.5,0.2138,-0.4284,-42.0013,-0.051362279900671014,0.10248036584577688,-1.4413678751016847,0.004800366523739108,-0.01059906099447816,0.13240848936298555,0,70,255.0,255.0,255.0
651,32.550000000000004,0.21123781093129132,-0.42328914150039676,-42.073202849515525,-0.0511267934842596,0.10195575480947688,-1.4347454329617781,0.004619090132716703,-0.010385380457520492,0.13248919623325825,0,70,255.0,255.0,255.0
652,32.6,0.20868716958791475,-0.418204246451938,-42.14477447604046,-0.050900370887399335,0.10144182780002482,-1.4281189554783587,0.0044378137416943245,-0.010171699920562854,0.13256990310353095,0,70,255.0,255.0,255.0
653,32.65,0.20614762277889248,-0.4131447806532807,-42.21601467780763,-0.050683012110090186,0.10093858481742064,-1.4214884426514258,0.004256537350671946,-0.009958019383605216,0.13265060997380368,0,70,255.0,255.0,255.0
654,32.7,0.20361871731324652,-0.40811020990308167,-42.28692325304988,-0.050474717152332135,0.10044602586166428,-1.414853894480978,0.004075260959649541,-0.009744338846647547,0.13273131684407638,0,70,255.0,255.0,255.0
655,32.75,0.2011,-0.4031,-42.3575,-0.05027548601412523,0.09996415093275589,-1.4082153109670181,0.0038939845686271624,-0.009530658309689799,0.13281202371435086,0,70,255.0,255.0,255.0
656,32.800000000000004,0.19859147065589042,-0.39811365141353705,-42.427743922902714,-0.05005813823252823,0.099490879779986,-1.4015250528209728,0.004799926695252154,-0.009400187801104177,0.13479830212743824,0,70,255.0,255.0,255.0
657,32.85,0.19609494112851927,-0.3931508032965774,-42.49765085005009,-0.04979549334460002,0.09902413215264545,-1.3947354807542742,0.005705868821877017,-0.009269717292518572,0.13678458054052534,0,70,255.0,255.0,255.0
658,32.9,0.1936126762732029,-0.3882111294728492,-42.56721581574612,-0.04948755135034056,0.09856390805073419,-1.387846594766921,0.00661181094850188,-0.009139246783932967,0.1387708589536124,0,70,255.0,255.0,255.0
659,32.95,0.19114694094525736,-0.38329430376608004,-42.63643385429477,-0.04913431224974981,0.09811020747425216,-1.3808583948589126,0.007517753075126872,-0.009008776275347345,0.14075713736669979,0,70,255.0,255.0,255.0
660,33.0,0.1887,-0.3784,-42.7053,-0.048735776042827875,0.09766303042319945,-1.373770881030251,0.00842369520175168,-0.00887830576676174,0.14274341577979044,0,70,255.0,255.0,255.0
661,33.050000000000004,0.18627310644514583,-0.37352825284545277,-42.77381025887368,-0.048352653585627195,0.09720072607057882,-1.3666423557543268,0.006901203086274136,-0.0096138683380619,0.1423975952571467,0,70,255.0,255.0,255.0
662,33.1,0.18386346589800764,-0.3686805403617514,-42.8419645237592,-0.048045655734200436,0.09670164358939325,-1.359531121504536,0.0053787109707968085,-0.010349430909361955,0.14205177473450303,0,70,255.0,255.0,255.0
663,33.15,0.1814672721282965,-0.36385870145532345,-42.9097636592079,-0.04781478248854755,0.09616578297964268,-1.3524371782808775,0.003856218855319481,-0.01108499348066201,0.1417059542118594,0,70,255.0,255.0,255.0
664,33.2,0.17908071890572327,-0.3590645750325964,-42.97720852977106,-0.0476600338486685,0.09559314424132703,-1.3453605260833499,0.0023337267398419372,-0.01182055605196217,0.14136013368921566,0,70,255.0,255.0,255.0
665,33.25,0.1767,-0.3543,-43.0443,-0.047581409814563345,0.09498372737444645,-1.3383011649119558,0.0008112346243646651,-0.01255611862326289,0.1410143131665702,0,70,255.0,255.0,255.0
666,33.300000000000004,0.17432250356352513,-0.34956613720464946,-43.111038241602614,-0.04750724742496298,0.09437821593769861,-1.3312175241616915,0.002155260959649944,-0.011664338846648494,0.1423313168439852,0,70,255.0,255.0,255.0
667,33.35,0.1719503952794497,-0.34486143525641616,-43.17742065491311,-0.04736588371859836,0.09381729348978157,-1.3240680332275572,0.0034992872949350324,-0.010772559070034224,0.1436483205214,0,70,255.0,255.0,255.0
668,33.4,0.16958703521361163,-0.340183664705858,-43.24344394742229,-0.04715731869546949,0.09330096003069525,-1.3168526921095522,0.00484331363022012,-0.009880779293419954,0.14496532419881478,0,70,255.0,255.0,255.0
669,33.45,0.16723578343184878,-0.3355305961035327,-43.309104826621,-0.04688155235557633,0.09282921556043958,-1.3095715008076754,0.0061873399655054,-0.008988999516805556,0.14628232787622977,0,70,255.0,255.0,255.0
670,33.5,0.1649,-0.3309,-43.3744,-0.04653858469891895,0.09240206007901466,-1.302224459321929,0.007531366300790598,-0.008097219740191619,0.14759933155364457,0,70,255.0,255.0,255.0
671,33.550000000000004,0.16258247930075245,-0.32629039833594714,-43.43932637471591,-0.04616235671452097,0.09197441017862618,-1.2948235475989203,0.00751775307512733,-0.009008776275346297,0.14843713736668362,0,70,255.0,255.0,255.0
672,33.6,0.1602837529841931,-0.3217033186125832,-43.50388165658838,-0.045786809391406204,0.09150118245148003,-1.2873807455852604,0.007504139849464064,-0.009920332810500846,0.14927494317972256,0,70,255.0,255.0,255.0
673,33.65,0.1580037870172574,-0.3171410397212456,-43.56806375110291,-0.04541194272957461,0.09098237689757614,-1.2798960532809487,0.007490526623800797,-0.010831889345655396,0.1501127489927615,0,70,255.0,255.0,255.0
674,33.7,0.15574254736688087,-0.31260584055327145,-43.63187056374497,-0.045037756729026115,0.09041799351691447,-1.272369470685984,0.00747691339813753,-0.011743445880810074,0.15095055480580055,0,70,255.0,255.0,255.0
675,33.75,0.1535,-0.3081,-43.6953,-0.04466425138976084,0.08980803230949513,-1.2648009978003687,0.007463300172474319,-0.012655002415964844,0.15178836061883771,0,70,255.0,255.0,255.0
676,33.800000000000004,0.15127557923346377,-0.3036250694515598,-43.75834985953381,-0.04432332571695291,0.08919614334779691,-1.257184285442664,0.006173726739841446,-0.011820556051962345,0.15288013368932393,0,70,255.0,255.0,255.0
677,33.85,0.14906659278377743,-0.29917969029325014,-43.821017518733385,-0.04404687871577667,0.08862597670429888,-1.249512984431436,0.004884153307208757,-0.010986109687959964,0.15397190675980998,0,70,255.0,255.0,255.0
678,33.9,0.14686981671735916,-0.2947617764091604,-43.883300248166044,-0.043834910386232065,0.08809753237900096,-1.241787094766684,0.0035945798745760683,-0.010151663323957585,0.155063679830296,0,70,255.0,255.0,255.0
679,33.95,0.144682027100627,-0.29036924168337996,-43.94519531839916,-0.04368742072831907,0.0876108103719031,-1.2340066164484063,0.0023050064419431956,-0.009317216959955086,0.15615545290078223,0,70,255.0,255.0,255.0
680,34.0,0.1425,-0.286,-44.0067,-0.04360440974203774,0.08716581068300544,-1.2261715494766057,0.0010154330093105624,-0.008482770595952704,0.15724722597126295,0,70,255.0,255.0,255.0
681,34.050000000000004,0.14032160376539132,-0.2816525238578113,-44.06781178714891,-0.04352034041766732,0.08672901643018639,-1.2182953106304184,0.002347339965505948,-0.008988999516807938,0.1578023278762022,0,70,255.0,255.0,255.0
682,34.1,0.1381490758806967,-0.27732752021441526,-44.12852906847812,-0.04336967574548715,0.08626691073132464,-1.2103913166889853,0.003679246921701145,-0.009495228437663098,0.15835742978114134,0,70,255.0,255.0,255.0
683,34.15,0.13598574611330633,-0.2730262546421134,-44.18885045623288,-0.04315241572549723,0.08577949358642013,-1.202459567652305,0.0050111538778963415,-0.010001457358518259,0.15891253168608052,0,70,255.0,255.0,255.0
684,34.2,0.1338349442306104,-0.26874999271320715,-44.24877456265843,-0.042868560357697504,0.0852667649954728,-1.1945000635203769,0.006343060834091727,-0.010507686279373492,0.15946763359101976,0,70,255.0,255.0,255.0
685,34.25,0.1317,-0.2645,-44.3083,-0.042518109642088055,0.08472872495848278,-1.1865128042932027,0.007674967790287035,-0.011013915200228763,0.16002273549595714,0,70,255.0,255.0,255.0
686,34.300000000000004,0.12958360570496988,-0.26027763511719265,-44.36742539187058,-0.04213931261237742,0.0841597909314568,-1.178498472035657,0.0074769133981373356,-0.011743445880808685,0.1605505548058439,0,70,255.0,255.0,255.0
687,34.35,0.1274859036934354,-0.25608462884908806,-44.426149407354146,-0.041770418302274306,0.0835543803704019,-1.1704577488126182,0.007278859005987665,-0.012472976561388504,0.1610783741157306,0,70,255.0,255.0,255.0
688,34.4,0.12540639882941587,-0.25192280502238684,-44.484470726902416,-0.04141142671177869,0.08291249327531802,-1.1623906346240849,0.007080804613837993,-0.01320250724196832,0.1616061934256173,0,70,255.0,255.0,255.0
689,34.45,0.1233445959769307,-0.24779398746378994,-44.54238803096713,-0.0410623378408905,0.08223412964620505,-1.1542971294700561,0.006882750221688294,-0.013932037922548244,0.16213401273550407,0,70,255.0,255.0,255.0
690,34.5,0.1213,-0.2437,-44.5999,-0.040723151689609854,0.08151928948306317,-1.1461772333505342,0.006684695829538456,-0.014661568603128394,0.1626618320453943,0,70,255.0,255.0,255.0
691,34.550000000000004,0.1192719734147281,-0.23964173567341573,-44.65700504536878,-0.04040240913282281,0.08082381984398604,-1.1380148012268831,0.006145006441942467,-0.013157216959954626,0.1638354529006265,0,70,255.0,255.0,255.0
692,34.6,0.11725930934556134,-0.23561636438923197,-44.71370050210531,-0.0401086510454156,0.08020356778706768,-1.1297936880604713,0.005605317054346555,-0.01165286531678107,0.16500907375585858,0,70,255.0,255.0,255.0
693,34.65,0.11526065856903044,-0.2316201252683401,-44.769983436157446,-0.039841877427388185,0.07965853331230799,-1.121513893851298,0.005065627666750642,-0.010148513673607515,0.16618269461109061,0,70,255.0,255.0,255.0
694,34.7,0.11327467186166615,-0.22764925743163175,-44.82585091347306,-0.039602088278740524,0.07918871641970693,-1.113175418599362,0.004525938279154654,-0.008644162030433746,0.16735631546632285,0,70,255.0,255.0,255.0
695,34.75,0.1113,-0.2237,-44.8813,-0.039389283599472705,0.0787941171092646,-1.1047782623046654,0.00398624889155863,-0.007139810387260415,0.1685299363215531,0,70,255.0,255.0,255.0
696,34.800000000000004,0.10933570063611671,-0.21976982218914223,-44.936328026654316,-0.03917905085633141,0.0784009296925987,-1.0963383230568493,0.0044230608340924665,-0.00858768627937433,0.16906763359106347,0,70,255.0,255.0,255.0
697,34.85,0.1073824589243189,-0.21586111359398347,-44.990933384224626,-0.03894697751606346,0.07793534848132716,-1.087871498945559,0.004859872776626241,-0.01003556217148804,0.16960533086057375,0,70,255.0,255.0,255.0
698,34.9,0.10544136689446268,-0.2119774939042534,-45.0451147284678,-0.038693063578668814,0.07739737347544995,-1.0793777899707928,0.005296684719160015,-0.011483438063601751,0.17014302813008406,0,70,255.0,255.0,255.0
699,34.95,0.1035135165764041,-0.2081225828096818,-45.09887071514065,-0.038417309044147446,0.07678700467496695,-1.0708571961325501,0.005733496661693852,-0.012931313955715666,0.17068072539959442,0,70,255.0,255.0,255.0
700,35.0,0.1016,-0.2043,-45.1522,-0.03811971391249943,0.07610424207987836,-1.0623097174308334,0.006170308604227459,-0.01437918984782971,0.17121842266910292,0,70,255.0,255.0,255.0
701,35.050000000000004,0.09970202404080408,-0.20051257557001337,-45.20510124801402,-0.03779338744185151,0.07539646138561885,-1.0537359065457128,0.0068827502216882545,-0.013932037922547852,0.17173401273568847,0,70,255.0,255.0,255.0
702,35.1,0.09782125495716266,-0.19675998123483363,-45.25757316099619,-0.037431438890330605,0.07471103828762356,-1.0451363161572642,0.007595191839148949,-0.01348488599726606,0.17224960280227394,0,70,255.0,255.0,255.0
703,35.15,0.09595947385311912,-0.19304109911464704,-45.30961444997135,-0.037033868257936656,0.07404797278589233,-1.0365109462654865,0.008307633456609644,-0.013037734071984265,0.1727651928688594,0,70,255.0,255.0,255.0
704,35.2,0.09411846183271684,-0.18935481132963985,-45.361223825964345,-0.03660067554466962,0.0734072648804251,-1.0278597968703782,0.00902007507407044,-0.012590582146702408,0.17328078293544497,0,70,255.0,255.0,255.0
705,35.25,0.0923,-0.1857,-45.4124,-0.03613186075052961,0.07278891457122207,-1.0191828679719417,0.009732516691531079,-0.012143430221420837,0.173796373002034,0,70,255.0,255.0,255.0
706,35.300000000000004,0.09050500320066596,-0.18207587553080246,-45.46314138128965,-0.03567939937626243,0.07217322476492564,-1.010462050760239,0.008365938279154678,-0.012484162030434082,0.17503631546603426,0,70,255.0,255.0,255.0
707,35.35,0.08873092124703005,-0.1784829614666815,-45.513445171790636,-0.03529526692261412,0.07154049836817865,-1.001679236425338,0.00699935986677847,-0.012824893839447281,0.17627625793003435,0,70,255.0,255.0,255.0
708,35.4,0.0869743376930611,-0.17492210963715915,-45.56330827164679,-0.034979463389584624,0.07089073538098098,-0.9928344249672368,0.005632781454402264,-0.013165625648460478,0.17751620039403446,0,70,255.0,255.0,255.0
709,35.45,0.08523183609272789,-0.1713941718717575,-45.612727581001984,-0.03473198877717389,0.07022393580333257,-0.9839276163859343,0.0042662030420258625,-0.013506357457473726,0.17875614285803473,0,70,255.0,255.0,255.0
710,35.5,0.0835,-0.1679,-45.6617,-0.034552843085382014,0.0695400996352336,-0.9749588106814331,0.002899624629649822,-0.013847089266487145,0.17999608532203837,0,70,255.0,255.0,255.0
711,35.550000000000004,0.08177636315653117,-0.16443992230677495,-45.71022282682739,-0.03438501505309842,0.06887063955467845,-0.9659518904133869,0.0038134966616935276,-0.012931313955716284,0.1802807253997756,0,70,255.0,255.0,255.0
712,35.6,0.08006226005471681,-0.16101217289843975,-45.75829495184128,-0.03417149341921266,0.06824696823966195,-0.9569307381414554,0.004727368693737103,-0.012015538644945553,0.18056536547751278,0,70,255.0,255.0,255.0
713,35.65,0.0783599753746368,-0.15761446233671683,-45.80591566344147,-0.03391227818372473,0.06766908569018396,-0.9478953538656367,0.005641240725780679,-0.011099763334174822,0.18085000555525,0,70,255.0,255.0,255.0
714,35.7,0.076671793796371,-0.15424450118332894,-45.853084250027784,-0.03360736934663458,0.06713699190624445,-0.9388457375859299,0.006555112757824385,-0.010183988023403959,0.18113464563298723,0,70,255.0,255.0,255.0
715,35.75,0.075,-0.1509,-45.8998,-0.03325676690794229,0.06665068688784354,-0.9297818893023378,0.007468984789868072,-0.009268212712633339,0.18141928571072707,0,70,255.0,255.0,255.0
716,35.800000000000004,0.0733463441732085,-0.14757963524209586,-45.9460617114008,-0.0328925404113438,0.0661522170163601,-0.9206743875861816,0.007100075074070269,-0.010670582146702254,0.1828807829354932,0,70,255.0,255.0,255.0
717,35.85,0.0717104385341024,-0.14428594693955896,-45.99186622084426,-0.03254675940053525,0.0655836286731733,-0.9114938110087882,0.006731165358272518,-0.01207295158077097,0.18434228016025914,0,70,255.0,255.0,255.0
718,35.9,0.07009136080839198,-0.14102244101597397,-46.037209874587326,-0.03221942387551659,0.06494492185828309,-0.9022401595701567,0.006362255642474767,-0.013475321014839685,0.18580377738502504,0,70,255.0,255.0,255.0
719,35.95,0.06848818872178754,-0.13779262339492562,-46.082089018886926,-0.031910533836287766,0.06423609657168931,-0.8929134332702855,0.005993345926676964,-0.0148776904489086,0.18726527460979117,0,70,255.0,255.0,255.0
720,36.0,0.0669,-0.1346,-46.1265,-0.03162008928284887,0.06345715281339222,-0.8835136321091773,0.005624436210879269,-0.016280059882977205,0.1887267718345571,0,70,255.0,255.0,255.0
721,36.050000000000004,0.065326260150634,-0.1314471367248399,-46.170439927569404,-0.03132482330152621,0.06266449237988089,-0.8740865592418674,0.006186203042026376,-0.01542635745747351,0.1883561428578085,0,70,255.0,255.0,255.0
722,36.1,0.0637679858088733,-0.1283328393433239,-46.213908964781666,-0.03100146897864623,0.061914517067644836,-0.8646780178233963,0.006747969873173403,-0.014572655031969937,0.18798551388105994,0,70,255.0,255.0,255.0
723,36.15,0.0622265813917955,-0.12525497359938784,-46.256908038209225,-0.030650026314208902,0.06120722687668397,-0.8552880078537625,0.007309736704320431,-0.013718952606466363,0.18761488490431139,0,70,255.0,255.0,255.0
724,36.2,0.060703451316478314,-0.12221140523696748,-46.29943807442453,-0.03027049530821417,0.06054262180699819,-0.8459165293329648,0.007871503535467537,-0.012865250180962668,0.18724425592756277,0,70,255.0,255.0,255.0
725,36.25,0.0592,-0.1192,-46.3415,-0.029862875960662144,0.05992070185858768,-0.836563582261006,0.008433270366614565,-0.012011547755459318,0.18687362695081333,0,70,255.0,255.0,255.0
726,36.300000000000004,0.057717415224254706,-0.116219017858543,-46.38309377832159,-0.029440166382551144,0.05931781346411603,-0.8271713754464037,0.008475112757824026,-0.012103988023404563,0.18881464563324302,0,70,255.0,255.0,255.0
727,36.35,0.05625601823040419,-0.11326829568714492,-46.42421552002907,-0.02901536468487973,0.05871030305624721,-0.8176821176976814,0.00851695514903348,-0.012196428291349795,0.19075566431567245,0,70,255.0,255.0,255.0
728,36.4,0.05481591362442624,-0.11034806458647523,-46.46486037257578,-0.028588470867647844,0.05809817063498112,-0.8080958090148377,0.008558797540242934,-0.012288868559295027,0.19269668299810186,0,70,255.0,255.0,255.0
729,36.45,0.053397206012298706,-0.10745855565720336,-46.505023483414995,-0.028159484930855423,0.057481416200317687,-0.798412449397871,0.008600639931452395,-0.012381308827240272,0.19463770168053157,0,70,255.0,255.0,255.0
730,36.5,0.052,-0.1046,-46.5447,-0.027728406874502592,0.05686003975225707,-0.7886320388467841,0.008642482322661738,-0.012473749095186004,0.19657872036296364,0,70,255.0,255.0,255.0
731,36.550000000000004,0.05062407895234642,-0.1017727918409866,-46.58388575914428,-0.027314511168269086,0.056224253763654655,-0.7787959389724667,0.007913345926677123,-0.012957690448908517,0.19686527460970124,0,70,255.0,255.0,255.0
732,36.6,0.04926794126950972,-0.0989779779080959,-46.62257935510204,-0.026937072281834864,0.055564270707366206,-0.7689455113858137,0.00718420953069261,-0.013441631802630962,0.1971518288564388,0,70,255.0,255.0,255.0
733,36.65,0.04792976411049976,-0.09621676805471174,-46.66078007148766,-0.026596090215199868,0.05488009058339163,-0.7590807560868239,0.006455073134708099,-0.013925573156353408,0.19743838310317638,0,70,255.0,255.0,255.0
734,36.7,0.04660772463432638,-0.09349037213421808,-46.69848719191552,-0.02629156496836405,0.05417171339173084,-0.7492016730754958,0.0057259367387234835,-0.01440951451007592,0.19772493734991398,0,70,255.0,255.0,255.0
735,36.75,0.0453,-0.0908,-46.7357,-0.026023496541327504,0.053439139132384024,-0.7393082623518321,0.004996800342738972,-0.014893455863798366,0.19801149159665243,0,70,255.0,255.0,255.0
736,36.800000000000004,0.04400546896635891,-0.08814661477750914,-46.772417585101294,-0.025749788944372312,0.05269717148126494,-0.7293888686637265,0.005951503535467688,-0.014785250180962486,0.1987642559275344,0,70,255.0,255.0,255.0
737,36.85,0.04272581669155667,-0.08553019268047107,-46.80863825956276,-0.025428346187780733,0.051960614114287755,-0.7194318367590783,0.006906206728196267,-0.01467704449812662,0.19951702025841628,0,70,255.0,255.0,255.0
738,36.9,0.04146342993357492,-0.0829504631946783,-46.844360141473594,-0.025059168271552728,0.05122946703145236,-0.7094371666378861,0.007860909920924848,-0.014568838815290756,0.20026978458929817,0,70,255.0,255.0,255.0
739,36.95,0.040220695450395305,-0.0804071558059234,-46.87958134892295,-0.02464225519568823,0.050503730232758656,-0.6994048583001483,0.008815613113653562,-0.014460633132454874,0.20102254892018015,0,70,255.0,255.0,255.0
740,37.0,0.039,-0.0779,-46.9143,-0.024177606960187368,0.04978340371820685,-0.6893349117458678,0.00977031630638206,-0.014352427449619343,0.20177531325106202,0,70,255.0,255.0,255.0
741,37.050000000000004,0.03780284518221729,-0.0754287490489755,-46.94851430045055,-0.023718333054241477,0.04906706031128529,-0.6792325863725774,0.008600639931452098,-0.014301308827240684,0.20231770168051502,0,70,255.0,255.0,255.0
742,37.1,0.036627191964263374,-0.07299325137001943,-46.9822228066469,-0.023317542967042137,0.04835327283548276,-0.669103141577816,0.007430963556522303,-0.014250190204862033,0.20286009010996794,0,70,255.0,255.0,255.0
743,37.15,0.035470116155200765,-0.0705933791665755,-47.015424162617975,-0.022975236698589287,0.04764204129079917,-0.6589465773615819,0.006261287181592506,-0.014199071582483382,0.20340247853942087,0,70,255.0,255.0,255.0
744,37.2,0.034328693564091975,-0.06822900464208745,-47.0481170123927,-0.022691414248882887,0.046933365677234405,-0.6487628937238736,0.005091610806662545,-0.014147952960104723,0.20394486696887387,0,70,255.0,255.0,255.0
745,37.25,0.0332,-0.0659,-47.0803,-0.022466075617923017,0.04622724599478868,-0.6385520906646943,0.003921934431732693,-0.014096834337725905,0.20448725539832413,0,70,255.0,255.0,255.0
746,37.300000000000004,0.03208235030477133,-0.06360638902658768,-47.11197161309651,-0.022224878838661588,0.045514587273593574,-0.6283047858459879,0.005725936738723673,-0.014409514510076087,0.2054049373498965,0,70,255.0,255.0,255.0
747,37.35,0.030979015451389633,-0.061348801839450864,-47.14312971384964,-0.021893481944050653,0.04478629454378106,-0.6180115969297044,0.007529939045714397,-0.014722194682426224,0.20632261930146875,0,70,255.0,255.0,255.0
748,37.4,0.029894505445622215,-0.059128020139020125,-47.17377200805452,-0.02147188493409019,0.044042367805351035,-0.6076725239158423,0.00933394135270512,-0.015034874854776361,0.20724030125304096,0,70,255.0,255.0,255.0
749,37.45,0.028833330293236415,-0.056944825625725996,-47.20389620150627,-0.020960087808780115,0.043282807058303396,-0.5972875668044,0.0111379436596961,-0.015347555027126543,0.20815798320461334,0,70,255.0,255.0,255.0
750,37.5,0.0278,-0.0548,-47.2335,-0.02035809056812058,0.04250761230263836,-0.5868567255953806,0.012941945966686796,-0.01566023519947679,0.20907566515618736,0,70,255.0,255.0,255.0
751,37.550000000000004,0.02679735359869681,-0.05269449484467265,-47.26258084716343,-0.019766151591112027,0.04170659059434,-0.5763642702434694,0.010735613113653342,-0.01638063313245481,0.2106225489202273,0,70,255.0,255.0,255.0
752,37.6,0.025821546230177905,-0.05062994127217675,-47.29113513795454,-0.019284529256755216,0.04086954898939286,-0.5657944707033576,0.008529280260620203,-0.017101031065432724,0.21216943268426705,0,70,255.0,255.0,255.0
753,37.65,0.02486706206231054,-0.04860814027734442,-47.319159005163954,-0.018913223565050055,0.03999648748779683,-0.5551473269750438,0.006322947407587061,-0.01782142899841064,0.21371631644830677,0,70,255.0,255.0,255.0
754,37.7,0.02392838526296201,-0.04663089285500783,-47.346648581582244,-0.018652234515996517,0.03908740608955176,-0.5444228390585266,0.004116614554553607,-0.018541826931388658,0.21526320021234674,0,70,255.0,255.0,255.0
755,37.75,0.023,-0.0447,-47.3736,-0.018501562109594676,0.03814230479465793,-0.5336210069538089,0.0019102817015204943,-0.01926222486436674,0.21681008397638823,0,70,255.0,255.0,255.0
756,37.800000000000004,0.0220778353004409,-0.042817231594720624,-47.400010598249814,-0.018374514796890083,0.03716305034904606,-0.5228141331801771,0.003171610806662741,-0.019907952960104856,0.21546486696884562,0,70,255.0,255.0,255.0
757,37.85,0.021163599627898582,-0.04098423307184178,-47.42588253433219,-0.018184401028928408,0.03615150949864742,-0.512074520256924,0.004432939911804809,-0.020553681055842883,0.21411964996130323,0,70,255.0,255.0,255.0
758,37.9,0.02026044630513578,-0.03920261875160253,-47.45121917128967,-0.01793122080570963,0.035107682243461884,-0.5014021681840479,0.005694269016946876,-0.02119940915158091,0.2127744329537608,0,70,255.0,255.0,255.0
759,37.95,0.019371528654915215,-0.037474002954242,-47.476023872164774,-0.017614974127233705,0.0340315685834893,-0.4907970769615476,0.006955598122089123,-0.021845137247319027,0.21142921594621822,0,70,255.0,255.0,255.0
760,38.0,0.0185,-0.0358,-47.5003,-0.017235660993500716,0.03292316851872996,-0.4802592465894258,0.008216927227231191,-0.02249086534305683,0.21008399893867802,0,70,255.0,255.0,255.0
761,38.050000000000004,0.017648105199539126,-0.03418137877644389,-47.524048759837356,-0.016847789221327503,0.03183320800947528,-0.4696591970358378,0.0072979436596958425,-0.021107555027126426,0.21391798320480582,0,70,255.0,255.0,255.0
762,38.1,0.01681445525822761,-0.03261552644045581,-47.5472627247167,-0.016505866627531115,0.030812413016017275,-0.45886744826894493,0.006378960092160626,-0.019724244711196222,0.21775196747093306,0,70,255.0,255.0,255.0
763,38.15,0.015996752717146494,-0.031098984716245722,-47.56993230967736,-0.01620989321211148,0.02986078353835577,-0.44788400028874575,0.005459976524625407,-0.01834093439526601,0.2215859517370603,0,70,255.0,255.0,255.0
764,38.2,0.015192700117376827,-0.029628295328023586,-47.59204792975869,-0.015959868975068573,0.028978319576490656,-0.4367088530952386,0.00454099295709006,-0.01695762407933561,0.2254199360031881,0,70,255.0,255.0,255.0
765,38.25,0.0144,-0.0282,-47.6136,-0.01575579391640246,0.02816502113042218,-0.42534200668842664,0.003622009389554842,-0.015574313763405623,0.22925392026931535,0,70,255.0,255.0,255.0
766,38.300000000000004,0.013618543901402172,-0.026813253299503025,-47.63458716240077,-0.015466328317799713,0.027264117613052235,-0.4142770786763892,0.00795661455455414,-0.02046182693138912,0.2133432002121454,0,70,255.0,255.0,255.0
767,38.35,0.012856979339190836,-0.02547766116633472,-47.65504096680102,-0.014960132460947066,0.02611883843728327,-0.4040076866672117,0.012291219719552821,-0.025349340099371925,0.1974324801549777,0,70,255.0,255.0,255.0
768,38.400000000000006,0.012126142826278278,-0.02420544238341466,-47.67500119000088,-0.014237206345844381,0.02472918360311497,-0.39453383066089126,0.01662582488455212,-0.030236853267355424,0.18152176009780774,0,70,255.0,255.0,255.0
769,38.45,0.011436870875577205,-0.023008815733663156,-47.69450760880049,-0.013297549972491862,0.02309515311054772,-0.38585551065743057,0.0209604300495508,-0.03512436643533823,0.16561104004064003,0,70,255.0,255.0,255.0
770,38.5,0.0108,-0.0219,-47.7136,-0.01214116334088942,0.021216746959581343,-0.3779727266568282,0.025295035214549483,-0.040011879603321227,0.14970031998347322,0,70,255.0,255.0,255.0
771,38.550000000000004,0.01021611919485181,-0.02088000802554333,-47.73228659055954,-0.011382897507473438,0.019766321538315264,-0.36899248825858655,0.00503559812208727,-0.018005137247317067,0.20950921594616115,0,70,255.0,255.0,255.0
772,38.6,0.00964482738500892,-0.019905028894205104,-47.75044940807923,-0.011637603528680544,0.019416233234849454,-0.3570218050622122,-0.015223838970372064,0.00400160510868397,0.2693181119088406,0,70,255.0,255.0,255.0
773,38.650000000000006,0.009035475977740015,-0.01892004575009502,-47.76793893031913,-0.012905281404510811,0.020166482049183823,-0.34206067706770166,-0.03548327606283428,0.026008347464688122,0.32912700787152854,0,70,255.0,255.0,255.0
774,38.7,0.008337416380314117,-0.017870041737323365,-47.78460563503936,-0.015185931134963878,0.022017067981318146,-0.3241091042750593,-0.05574271315529361,0.048015089820689166,0.38893590383420795,0,70,255.0,255.0,255.0
775,38.75,0.0075,-0.0167,-47.8003,-0.018479552720039854,0.024967991031252464,-0.3031670866842831,-0.07600215024775295,0.07002183217669009,0.44874479979688653,0,70,255.0,255.0,255.0
776,38.800000000000004,0.006488179319190241,-0.015377114598323072,-47.81492807536105,-0.021850081652306678,0.027686596233686488,-0.28256896828927813,-0.058819007042908406,0.038722375920661516,0.3751799360032413,0,70,255.0,255.0,255.0
777,38.85,0.005329311120773359,-0.013957423256844681,-47.82861820088209,-0.0243614534243309,0.028840228623318896,-0.2656490930839579,-0.041635863838066306,0.007422919664637387,0.3016150722096066,0,70,255.0,255.0,255.0
778,38.900000000000006,0.004066353262761138,-0.012519174616204496,-47.841554288722605,-0.02601366803611324,0.028428888200150014,-0.2524074610683176,-0.024452720633221764,-0.02387653659139119,0.22805020841596135,0,70,255.0,255.0,255.0
779,38.95,0.0027422636031660423,-0.011140617317042988,-47.853920251042084,-0.026806725487653234,0.026452574964179965,-0.24284407224236093,-0.007269577428379664,-0.05517599284741531,0.1544853446223266,0,70,255.0,255.0,255.0
780,39.0,0.0014,-0.0099,-47.8659,-0.026740625778951168,0.0229112889154088,-0.23695892660608583,0.00991356577646249,-0.08647544910343946,0.0809204808286903,0,70,255.0,255.0,255.0
781,39.050000000000004,0.00011276352838670404,-0.008855533581163736,-47.87763230799627,-0.024000775883300417,0.019007293526939067,-0.23204363858434915,0.09968043004955826,-0.06968436643533657,0.11569104004076028,0,70,255.0,255.0,255.0
782,39.1,-0.0009252718681025346,-0.007985278078415958,-47.88907538839243,-0.01677258277399584,0.015942852271874922,-0.22538982260200988,0.18944729432264126,-0.05289328376723608,0.15046159925282532,0,70,255.0,255.0,255.0
783,39.150000000000006,-0.0014896890287852593,-0.007247255785086155,-47.90014231479046,-0.005056046451035384,0.013717965150215502,-0.21699747865906616,0.27921415859573706,-0.03610220109913319,0.18523215846489532,0,70,255.0,255.0,255.0
784,39.2,-0.0013560707929786025,-0.0065994889945042885,-47.91074616079232,0.011148833085577622,0.012332632161961433,-0.20686660675552035,0.36898102286882006,-0.019311118431032698,0.22000271767696036,0,70,255.0,255.0,255.0
785,39.25,-0.0003,-0.006,-47.9208,0.03184205583584453,0.011786853307112339,-0.1949972068913714,0.45874788714190307,-0.0025200357629323045,0.2547732768890243,0,70,255.0,255.0,255.0
786,39.300000000000004,0.0018943665672626812,-0.005415151077021491,-47.930238692653894,0.05650918518551204,0.011580229658556202,-0.18269647737328937,0.5279372868447134,-0.0057449101793124215,0.23725590383421516,0,70,255.0,255.0,255.0
787,39.35,0.00540857635163677,-0.004844664429491345,-47.93908424554821,0.08463578452031613,0.011212362289181111,-0.17127161650794942,0.597126686547514,-0.008969784595692079,0.21973853077940853,0,70,255.0,255.0,255.0
788,39.400000000000006,0.0104156028523803,-0.004296602243450349,-47.947380452115574,0.11622185384026479,0.01068325119898696,-0.16072262429534834,0.6663160862503243,-0.012194659012072196,0.20222115772459942,0,70,255.0,255.0,255.0
789,39.45,0.01708841956874885,-0.0037790267049396123,-47.95517110578862,0.151267393145349,0.009992896387973897,-0.15104950073548906,0.7355054859531249,-0.015419533428451853,0.1847037846697928,0,70,255.0,255.0,255.0
790,39.5,0.0256,-0.0033,-47.9625,0.1897724024355731,0.00914129785614186,-0.14225224582837012,0.8046948856559253,-0.018644407844831547,0.1671864116149855,0,70,255.0,255.0,255.0
791,39.550000000000004,0.03612817020256442,-0.002866262110749987,-47.96940332138815,0.2320280351412655,0.008207787838835653,-0.13387445192244243,0.8855304225716262,-0.018695992847413554,0.1679253446220942,0,70,255.0,255.0,255.0
792,39.6,0.048870166461556314,-0.002479264203618568,-47.97588682941474,0.27832544469273646,0.007271698571400479,-0.12545971136616046,0.9663659594873156,-0.018747577849995554,0.16866427762920286,0,70,255.0,255.0,255.0
793,39.650000000000006,0.06402807761926856,-0.0021391352411120877,-47.98194867674726,0.328664631089999,0.00633303005383607,-0.11700802415952188,1.0472014964030165,-0.01879916285257756,0.1694032106363116,0,70,255.0,255.0,255.0
794,39.7,0.08180399251798606,-0.001846004185737097,-47.98758701605318,0.383045594333039,0.005391782286142697,-0.10851939030252906,1.128037033318706,-0.01885074785515956,0.17014214364342023,0,70,255.0,255.0,255.0
795,39.75,0.1024,-0.0016,-47.9928,0.4414683344218632,0.004447955268320222,-0.09999380979518083,1.2088725702343934,-0.018902332857741573,0.17088107665052887,0,70,255.0,255.0,255.0
796,39.800000000000004,0.126008952622486,-0.001400600479978356,-47.99759362179352,0.5033786742494487,0.003540618986100766,-0.09190171493698739,1.267541022868819,-0.017391118431033564,0.15280271767718123,0,70,255.0,255.0,255.0
797,39.85,0.1527867578021405,-0.001244678756034322,-48.00200523679285,0.5682224367087465,0.00270884342521683,-0.08471353802746236,1.3262094755032365,-0.01587990400432577,0.13472435870383614,0,70,255.0,255.0,255.0
798,39.900000000000006,0.18288008667055725,-0.0011284567921010847,-48.006080040895405,0.6359996217997747,0.001952628585668177,-0.07842927906660371,1.3848779281376622,-0.014368689577617763,0.11664599973048849,0,70,255.0,255.0,255.0
799,39.95,0.21643561035931372,-0.0010481565521119067,-48.00986322999865,0.7067102295225143,0.0012719744674550228,-0.07304893805441322,1.4435463807720796,-0.012857475150909969,0.09856764075714342,0,70,255.0,255.0,255.0
800,40.0,0.2536,-0.001,-48.0134,0.7803542598769746,0.0006668810705772537,-0.06857251499088994,1.5022148334064909,-0.011346260724202176,0.08048928178379844,0,70,255.0,255.0,255.0
801,40.050000000000004,0.29446881930750485,-0.0009801359693364933,-48.01674219143778,0.853865267860971,0.00014173621676086585,-0.06539868832955213,1.4382254859531132,-0.009659533428451545,0.046463784669703495,0,70,255.0,255.0,255.0
802,40.1,0.33893320232988666,-0.0009844207722441176,-48.01996822341388,0.9241768084722884,-0.0002990722722679266,-0.06392613652391928,1.3742361384997448,-0.007972806132701155,0.012438287555613395,0,70,255.0,255.0,255.0
803,40.150000000000006,0.38683317569852443,-0.0010086375904834971,-48.0231631596711,0.991288881710947,-0.0006555443965092489,-0.064154859573991,1.310246791046367,-0.006286078836950523,-0.02158720955848155,0,70,255.0,255.0,255.0
804,40.2,0.4380087660447711,-0.0010485696058152492,-48.0264120639522,1.0552014875769276,-0.0009276801559629998,-0.06608485747976722,1.2462574435929987,-0.004599351541200132,-0.05561270667257165,0,70,255.0,255.0,255.0
805,40.25,0.4923,-0.0011,-48.0298,1.1159146260702397,-0.001115479550629236,-0.06971613024124786,1.1822680961396355,-0.0029126242454497447,-0.08963820378666132,0,70,255.0,255.0,255.0
806,40.300000000000004,0.5495757701475161,-0.0011596556426756587,-48.03339121245536,1.1751602543067032,-0.0012755638531444836,-0.07379953174483032,1.1875570333187035,-0.003490747855159614,-0.0736978563566239,0,70,255.0,255.0,255.0
807,40.35,0.6098204328783208,-0.0012280381549892073,-48.03716666955163,1.2346703294021117,-0.0014645543361451981,-0.07708591587691047,1.192845970497771,-0.004068871464869401,-0.05775750892658876,0,70,255.0,255.0,255.0
808,40.400000000000006,0.6730472105353787,-0.0013065928459649401,-48.0410865204202,1.2944448513564821,-0.0016824509996314334,-0.07957528263748918,1.198134907676839,-0.004646995074579271,-0.041817161496551354,0,70,255.0,255.0,255.0
809,40.45,0.7392693254616197,-0.0013967650246271095,-48.04511091419251,1.3544838201697973,-0.0019292538436031278,-0.08126763202656577,1.2034238448559065,-0.005225118684289057,-0.025876814066516207,0,70,255.0,255.0,255.0
810,40.5,0.8085,-0.0015,-48.0492,1.4147872358420661,-0.00220496286806031,-0.08216296404414065,1.208712782034974,-0.00580324229399886,-0.009936466636480623,0,70,255.0,255.0,255.0
811,40.550000000000004,0.8807457001024604,-0.0016172414599609044,-48.05332015874075,1.4749497149122472,-0.002479480804183055,-0.08263518469112124,1.1977863807720717,-0.005177475150910006,-0.008952359242741252,0,70,255.0,255.0,255.0
812,40.6,0.9559858661568407,-0.0017474266077990666,-48.05746269837962,1.5345658739192751,-0.002722710383151322,-0.0830581999684148,1.1868599795091712,-0.00455170800782124,-0.007968251849002022,0,70,255.0,255.0,255.0
813,40.650000000000006,1.034193182160005,-0.0018889910256568011,-48.0616251586481,1.5936357128631662,-0.0029346516049651807,-0.08343200987602144,1.175933578246269,-0.003925940864732386,-0.006984144455262652,0,70,255.0,255.0,255.0
814,40.7,1.1153403321087734,-0.002040370295676347,-48.06580507927772,1.6521592317439036,-0.0031153044696245703,-0.08375661441394108,1.1650071769833685,-0.00330017372164362,-0.0060000370615234215,0,70,255.0,255.0,255.0
815,40.75,1.1994,-0.0022,-48.07,1.7101364305614963,-0.0032646689771295245,-0.08403201358217374,1.1540807757204714,-0.0026744065785548644,-0.005015929667783636,0,70,255.0,255.0,255.0
816,40.800000000000004,1.28634702944268,-0.0023665785174807868,-48.07420495258162,1.7676968860443383,-0.0033985129301234134,-0.08410772949068591,1.1483374435930065,-0.002679351541200224,0.0019872933272968773,0,70,255.0,255.0,255.0
817,40.85,1.3761649024943297,-0.0025398554138145496,-48.07840493692991,1.8249701749207987,-0.0035326041312495507,-0.08383328424944411,1.1425941114655425,-0.0026842965038455825,0.008990516322376395,0,70,255.0,255.0,255.0
818,40.900000000000006,1.4688392608246563,-0.0027198430514079525,-48.08258244498739,1.881956297190894,-0.0036669425805079753,-0.08320867785844822,1.1368507793380775,-0.002689241466490942,0.015993739317456908,0,70,255.0,255.0,255.0
819,40.95,1.564355746103315,-0.0029065537926675562,-48.086719968696585,1.938655252854608,-0.0038015282778986487,-0.08223391031769843,1.1311074472106135,-0.002694186429136301,0.022996962312536427,0,70,255.0,255.0,255.0
820,41.0,1.6627,-0.0031,-48.0908,1.995067041911949,-0.0039363612234215905,-0.08090898162719472,1.125364115083153,-0.002699131391781691,0.030000185307615834,0,70,255.0,255.0,255.0
821,41.050000000000004,1.7638565821268655,-0.0033004444701160355,-48.0948064309328,2.0511267409104303,-0.0040864674753233726,-0.07931789734616546,1.117023844855907,-0.003305118684289091,0.0336431859335492,0,70,255.0,255.0,255.0
822,41.1,1.8678057238658563,-0.003509151736942765,-48.098728753900765,2.106769426397541,-0.0042668730918504994,-0.07754466303383978,1.1086835746286625,-0.003911105976796405,0.03728618655948205,0,70,255.0,255.0,255.0
823,41.150000000000006,1.9745265745414338,-0.0037276367687115153,-48.10255786140233,2.161995098373298,-0.004477578073003023,-0.07558927869021717,1.1003433044014168,-0.004517093269303805,0.04092918718541542,0,70,255.0,255.0,255.0
824,41.2,2.0839982834779995,-0.003957414533653494,-48.10628464593593,2.2168037568376846,-0.004718582418780883,-0.07345174431529819,1.092003034174172,-0.005123080561811119,0.04457218781134827,0,70,255.0,255.0,255.0
825,41.25,2.1962,-0.0042,-48.1099,2.271195401790709,-0.004989886129184107,-0.0711320599090826,1.0836627639469114,-0.005729067854318495,0.0482151884372809,0,70,255.0,255.0,255.0
826,41.300000000000004,2.311111442049911,-0.0044564436020551774,-48.1133941236872,2.32520415031397,-0.005263617168583184,-0.06858868112468679,1.0766871769833566,-0.005220173721643646,0.053519962938543116,0,70,255.0,255.0,255.0
827,41.35,2.428714602042264,-0.0047259376384144285,-48.11675444746706,2.378864119489046,-0.005511903501348482,-0.06578006361522826,1.0697115900198026,-0.004711279588968869,0.058824737439804584,0,70,255.0,255.0,255.0
828,41.400000000000006,2.5489920410096834,-0.00500720987374614,-48.11996770940331,2.4321753093159515,-0.005734745127480074,-0.0627062073807062,1.0627360030562478,-0.004202385456294019,0.06412951194106681,0,70,255.0,255.0,255.0
829,41.45,2.6719263199847254,-0.005298988072718546,-48.123020647559706,2.4851377197946722,-0.005932142046977894,-0.05936711242112152,1.0557604160926939,-0.0036934913236192427,0.06943428644232827,0,70,255.0,255.0,255.0
830,41.5,2.7975,-0.0056,-48.1259,2.5377513509252148,-0.006104094259841977,-0.05576277873647377,1.0487848291291435,-0.003184597190944452,0.07473906094358973,0,70,255.0,255.0,255.0
831,41.550000000000004,2.925695249673551,-0.005908981121663386,-48.12859227431841,2.5899926578337134,-0.006251063850344006,-0.05187937815507023,1.0408674472106314,-0.002694186429136247,0.08059696231253864,0,70,255.0,255.0,255.0
832,41.6,3.0564926679651094,-0.006224697709399569,-48.13108305623104,2.6418380956462792,-0.006373512902755609,-0.04770308250521983,1.0329500652921202,-0.002203775667328112,0.08645486368148672,0,70,255.0,255.0,255.0
833,41.650000000000006,3.1898724614199168,-0.006545923736304117,-48.13335770098446,2.6932876643629267,-0.006471441417076817,-0.04323389178692139,1.025032683373608,-0.0017133649055199067,0.09231276505043565,0,70,255.0,255.0,255.0
834,41.7,3.32581483658314,-0.006871433175472418,-48.13540156382525,2.744341363983642,-0.006544849393307606,-0.03847180600017618,1.0171153014550969,-0.0012229541437117713,0.09817066641938373,0,70,255.0,255.0,255.0
835,41.75,3.4643,-0.0072,-48.1372,2.794999194508431,-0.006593736831447989,-0.033416825144983585,1.009197919536593,-0.0007325433819036567,0.1040285677883317,0,70,255.0,255.0,255.0
836,41.800000000000004,3.605308359255954,-0.007530831911291435,-48.13873917903917,2.8452732183512044,-0.006644127430040864,-0.02811780625499312,1.0017630341741723,-0.0012830805618111658,0.10793218781126884,0,70,255.0,255.0,255.0
837,41.85,3.7488211260973223,-0.00786487152398735,-48.140008527608806,2.8951754979258495,-0.006722044887629103,-0.022623606363856574,0.9943281488117526,-0.0018336177417185965,0.11183580783420544,0,70,255.0,255.0,255.0
838,41.900000000000006,3.8948197133107407,-0.008203495181037614,-48.14099828665887,2.944706033232381,-0.00682748920421273,-0.01693422547157239,0.9868932634493318,-0.0023841549216261056,0.11573942785714258,0,70,255.0,255.0,255.0
839,41.95,4.043285533682762,-0.008548079225391891,-48.14169869713928,2.993864824270784,-0.006960460379791714,-0.01104966357814218,0.979458378086912,-0.0029346921015335364,0.11964304788007918,0,70,255.0,255.0,255.0
840,42.0,4.1942,-0.0089,-48.1421,3.042651871041067,-0.007120958414366068,-0.00496992068356515,0.9720234927245244,-0.0034852292814409463,0.12354666790301583,0,70,255.0,255.0,255.0
841,42.050000000000004,4.347544913302709,-0.009260491233171042,-48.14219180952491,3.091090468761501,-0.007300426429492589,0.0013426031750672332,0.9655204160926738,-0.003693491323619284,0.12895428644225795,0,70,255.0,255.0,255.0
842,42.1,4.503303627645628,-0.009630216194651084,-48.14196123333371,3.139203912650336,-0.0074903075467279995,0.007925507960660792,0.9590173394608241,-0.003901753365797592,0.13436190498149933,0,70,255.0,255.0,255.0
843,42.150000000000006,4.661459885337221,-0.010009695539545671,-48.14139475238006,3.186992202707585,-0.007690601766072355,0.014778793673217397,0.9525142628289736,-0.00411001540797593,0.13976952352074146,0,70,255.0,255.0,255.0
844,42.2,4.821997428685863,-0.010399449922960144,-48.1404788476176,3.234455338933235,-0.007901309087525597,0.021902460312735097,0.9460111861971239,-0.004318277450154237,0.14517714205998283,0,70,255.0,255.0,255.0
845,42.25,4.9849,-0.0108,-48.1392,3.2815933213272923,-0.008122429511087754,0.02929650787921485,0.9395081095652706,-0.004526539492332518,0.15058476059922402,0,70,255.0,255.0,255.0
846,42.300000000000004,5.15015038753329,-0.011211203156024582,-48.137544782861205,3.328348906602806,-0.008314166851988875,0.03695539355468416,0.9307153014551118,-0.0031429541437116583,0.15577066641952228,0,70,255.0,255.0,255.0
847,42.35,5.317727563320193,-0.011630263697408381,-48.13550013905635,3.3746648514728053,-0.008436724925458935,0.04487357452116726,0.9219224933449544,-0.0017593687950909955,0.16095657223981982,0,70,255.0,255.0,255.0
848,42.400000000000006,5.487609545340483,-0.01205372266077997,-48.133053103820906,3.4205411559373022,-0.008490103731497967,0.05305105077866641,0.9131296852347955,-0.00037578344647013536,0.1661424780601181,0,70,255.0,255.0,255.0
849,42.45,5.659774351573836,-0.012478121082767673,-48.1301907123903,3.4659778199962856,-0.008474303270105957,0.061487822327179274,0.9043368771246381,0.001007801902150527,0.17132838388041563,0,70,255.0,255.0,255.0
850,42.5,5.8342,-0.0129,-48.1269,3.5109748436497616,-0.00838932354128292,0.070183889166707,0.895544069014484,0.0023913872507711625,0.17651428970071292,0,70,255.0,255.0,255.0
851,42.550000000000004,6.010865536564218,-0.013317096142730843,-48.123168259030294,3.555593904827301,-0.008306906162551975,0.0791238226062274,0.8892183780869412,0.0009053078984663657,0.18108304788007257,0,70,255.0,255.0,255.0
852,42.6,6.189754119073629,-0.013731929015715464,-48.11898381044089,3.599896681458457,-0.008298792751436272,0.08829219395471448,0.8828926871593991,-0.0005807714538382199,0.18565180605943155,0,70,255.0,255.0,255.0
853,42.650000000000006,6.370849933300963,-0.014148213817334738,-48.114335232336344,3.643883173543242,-0.008364983307935808,0.09768900321217085,0.8765669962318562,-0.0020668508061430163,0.1902205642387912,0,70,255.0,255.0,255.0
854,42.7,6.554137165018852,-0.01456966574596931,-48.1092111028212,3.6875533810816443,-0.008505477832050565,0.10731425037859382,0.8702413053043141,-0.0035529301584476024,0.19478932241815017,0,70,255.0,255.0,255.0
855,42.75,6.7396,-0.015,-48.1036,3.7309073040736687,-0.008720276323780548,0.11716793545398475,0.863915614376765,-0.00503900951075216,0.19935808059750915,0,70,255.0,255.0,255.0
856,42.800000000000004,6.927221866209929,-0.015442012273052256,-48.09749018101761,3.7738994740880187,-0.008954208497803226,0.12726931602042116,0.8557711861970922,-0.00431827745015417,0.20469714205991243,0,70,255.0,255.0,255.0
857,42.85,7.116983160385325,-0.015894820239729837,-48.09086861918008,3.816484422693379,-0.009152104068795977,0.13763764965997624,0.8476267580174207,-0.003597545389556283,0.21003620352231497,0,70,255.0,255.0,255.0
858,42.900000000000006,7.308863521455789,-0.01635662206988137,-48.08372196683373,3.8586621498897617,-0.009313963036758854,0.14827293637265299,0.839482329837748,-0.0028768133289582927,0.21537526498471826,0,70,255.0,255.0,255.0
859,42.95,7.5028425883508225,-0.016825615933355235,-48.07603687632492,3.900432655677155,-0.009439785401691814,0.15917517615844834,0.8313379016580763,-0.0021560812683604053,0.2207143264471208,0,70,255.0,255.0,255.0
860,43.0,7.6989,-0.0173,-48.0678,3.941795940055565,-0.009529571163594881,0.17034436901736383,0.8231934734783977,-0.0014353492077624763,0.22605338790952345,0,70,255.0,255.0,255.0
861,43.050000000000004,7.897015798596163,-0.017778054765060357,-48.058998216899255,3.9827761988206443,-0.009588259846235186,0.18176691331211492,0.8160168771246412,-0.0009121980978495035,0.23084838388048154,0,70,255.0,255.0,255.0
862,43.1,8.097171639385108,-0.01825839002536527,-48.04961931283881,4.023397627768031,-0.009620790973379836,0.19342920740541228,0.8088402807708858,-0.000389046987936605,0.23564337985143893,0,70,255.0,255.0,255.0
863,43.150000000000006,8.29934958087601,-0.018739697903140094,-48.039651300328735,4.063660226897734,-0.009627164545028844,0.20533125129725918,0.8016636844171293,0.00013410412197636793,0.24043837582239702,0,70,255.0,255.0,255.0
864,43.2,8.503531681577925,-0.019220670520609905,-48.02908219187911,4.103563996209744,-0.009607380561182204,0.2174730449876523,0.794487088063374,0.0006572552318892663,0.24523337179335442,0,70,255.0,255.0,255.0
865,43.25,8.7097,-0.0197,-48.0179,4.143108935704067,-0.00956143902183992,0.22985458847659324,0.7873104917096185,0.0011804063418021926,0.2500283677643118,0,70,255.0,255.0,255.0
866,43.300000000000004,8.917836539405522,-0.020176968666706555,-48.006092951385355,4.182291730629419,-0.009524752117256053,0.2424630307311541,0.7800013053043352,0.00028706984155236353,0.25430932241807974,0,70,255.0,255.0,255.0
867,43.35,9.127923082074275,-0.020653219658809157,-47.99365012946467,4.221109066234502,-0.009532732037684677,0.25528552071840155,0.7726921188990529,-0.0006062666586973385,0.25859027707184706,0,70,255.0,255.0,255.0
868,43.400000000000006,9.339941355040308,-0.021130986317558578,-47.9805608318513,4.259560942519325,-0.009585378783125795,0.2683220584383392,0.7653829324937695,-0.0014996031589471675,0.262871231725615,0,70,255.0,255.0,255.0
869,43.45,9.553873085337544,-0.021612501984205296,-47.96681435615862,4.29764735948388,-0.00968269235357939,0.28157264389096337,0.7580737460884872,-0.0023929396591968696,0.2671521863793823,0,70,255.0,255.0,255.0
870,43.5,9.7697,-0.0221,-47.9524,4.33536831712817,-0.00982467274904547,0.29503727707627597,0.7507645596831907,-0.003286276159446558,0.27143314103315097,0,70,255.0,255.0,255.0
871,43.550000000000004,9.987403643781853,-0.022594870568113674,-47.937305177559296,4.372712878661704,-0.00996073168474065,0.30882896376328217,0.7430179016580518,-0.00215608126836025,0.28023432644705115,0,70,255.0,255.0,255.0
872,43.6,10.206964832317823,-0.023095131339398178,-47.92150976930249,4.409670107293976,-0.010040280875881505,0.32306070972098144,0.735271243632914,-0.0010258863772741027,0.28903551186095,0,70,255.0,255.0,255.0
873,43.650000000000006,10.428364198962905,-0.02359795682662593,-47.90499177226602,4.446240003024997,-0.010063320322468055,0.33773251494937767,0.7275245856077751,0.00010430851381220503,0.2978366972748502,0,70,255.0,255.0,255.0
874,43.7,10.651582377071975,-0.02410052154256909,-47.88772918348638,4.482422565854755,-0.010029850024500292,0.35284437944846675,0.7197779275826373,0.0012345034048983523,0.3066378826887491,0,70,255.0,255.0,255.0
875,43.75,10.8766,-0.0246,-47.8697,4.518217795783255,-0.009939869981978227,0.36839630321825084,0.7120312695574924,0.002364698295984527,0.3154390681026471,0,70,255.0,255.0,255.0
876,43.800000000000004,11.103396085467173,-0.025094749060839014,-47.85088073837743,4.5535287547237795,-0.009864321143781378,0.384477114215656,0.7004070880633582,0.0006572552318891772,0.3277933717935032,0,70,255.0,255.0,255.0
877,43.85,11.331943188654472,-0.02558785498359823,-47.83124199332536,4.588258504589592,-0.009874144458789296,0.4011756403976015,0.6887829065692256,-0.0010501878322059302,0.3401476754843576,0,70,255.0,255.0,255.0
878,43.900000000000006,11.562212249108226,-0.026083586375938037,-47.81075287908458,4.622407045380703,-0.009969339927001985,0.4184918817640923,0.6771587250750912,-0.0027576308963012802,0.3525019791752137,0,70,255.0,255.0,255.0
879,43.95,11.794174206374635,-0.026586211845518525,-47.78938250989588,4.655974377097102,-0.010149907548419415,0.4364258383151233,0.6655345435809586,-0.004465073960396387,0.3648562828660681,0,70,255.0,255.0,255.0
880,44.0,12.0278,-0.0271,-47.7671,4.688960499738795,-0.0104158473230416,0.4549775100506971,0.6539103620868261,-0.006172517024491536,0.3772105865569211,0,70,255.0,255.0,255.0
881,44.050000000000004,12.263060014349568,-0.027627733188530533,-47.74387986893101,4.721332102443181,-0.01067798374013383,0.47382257937410843,0.6409537460885164,-0.004312939659196799,0.3765921863794682,0,70,255.0,255.0,255.0
882,44.1,12.499922413064326,-0.02816624872620898,-47.71971825739607,4.753055874347647,-0.010847141288961299,0.49263672868864444,0.6279971300902086,-0.0024533622939023254,0.3759737862020154,0,70,255.0,255.0,255.0
883,44.150000000000006,12.738354804604342,-0.028710897669622266,-47.69461671139562,4.784131815452203,-0.010923319969524052,0.5114199579943105,0.6150405140918991,-0.0005937849286075875,0.37535538602456253,0,70,255.0,255.0,255.0
884,44.2,12.978324797429554,-0.02925703107535699,-47.668576776930124,4.814559925756838,-0.01090651978182207,0.5301722672911012,0.6020838980935913,0.0012657924366868854,0.37473698584710974,0,70,255.0,255.0,255.0
885,44.25,13.2198,-0.0298,-47.6416,4.84434020526156,-0.010796740725855371,0.5488936565790193,0.5891272820952764,0.0031253698019814424,0.3741185856696534,0,70,255.0,255.0,255.0
886,44.300000000000004,13.462748657134672,-0.03033671818503912,-47.61368618589854,4.87351083550351,-0.01068774389568337,0.5676885682879751,0.5776979275826467,0.0012345034048981793,0.3776778826885136,0,70,255.0,255.0,255.0
887,44.35,13.707141559088264,-0.03087035011156592,-47.58482817709035,4.902109998019825,-0.010673290385365538,0.5866614448478712,0.5662685730700187,-0.000656362992184815,0.3812371797073733,0,70,255.0,255.0,255.0
888,44.400000000000006,13.952950132474566,-0.03140562294557326,-47.55501707533289,4.930137692810513,-0.010753380194901867,0.6058122862587131,0.5548392185573889,-0.0025472293892680785,0.3847964767262335,0,70,255.0,255.0,255.0
889,44.45,14.200145803907228,-0.031947263853053694,-47.524243982383624,4.957593919875565,-0.010928013324292336,0.6251410925204951,0.5434098640447609,-0.004438095786351072,0.3883557737450932,0,70,255.0,255.0,255.0
890,44.5,14.4487,-0.0325,-47.4925,4.984478679214986,-0.011197189773536948,0.6446478636332201,0.5319805095321044,-0.006328962183434053,0.39191507076395293,0,70,255.0,255.0,255.0
891,44.550000000000004,14.698583757111875,-0.033066994071313256,-47.45977698747484,5.010768555542813,-0.011467040677132724,0.6642871474739723,0.5196145435809132,-0.004465073960396109,0.393656282866069,0,70,255.0,255.0,255.0
892,44.6,14.949766550582664,-0.03364515082752742,-47.42606983424251,5.036440133573079,-0.011643697169576578,0.6840134919198276,0.5072485776297239,-0.0026011857373584297,0.3953974949681849,0,70,255.0,255.0,255.0
893,44.650000000000006,15.202217465497561,-0.03422981054808507,-47.39137418727277,5.0614934133057865,-0.01172715925086856,0.7038268969707914,0.4948826116785327,-0.000737297514320486,0.39713870707030097,0,70,255.0,255.0,255.0
894,44.7,15.455905586941622,-0.03481631351242843,-47.35568569353535,5.0859283947409315,-0.011717426921008642,0.7237273626268582,0.48251664572734326,0.0011265907087171937,0.39887991917241683,0,70,255.0,255.0,255.0
895,44.75,15.7108,-0.0354,-47.319,5.109745077878518,-0.011614500179996845,0.743714888888031,0.47015067977613967,0.0029904789317548724,0.4006211312745336,0,70,255.0,255.0,255.0
896,44.800000000000004,15.966869914417968,-0.03597770552970814,-47.281313064202095,5.132950942325263,-0.011508093395785797,0.7637708418160789,0.45808389809358696,0.0012657924366866636,0.4016169858473185,0,70,255.0,255.0,255.0
897,44.85,16.22408503858113,-0.03655224657832448,-47.24262208593959,5.155553467687877,-0.011487920936328165,0.7838765874727633,0.446017116411036,-0.0004588940583813003,0.4026128404201032,0,70,255.0,255.0,255.0
898,44.900000000000006,16.48241520553536,-0.03712793486208687,-47.202924575576006,5.177552653966368,-0.01155398280162394,0.8040321258580898,0.4339503347284833,-0.0021835805534495094,0.4036086949928881,0,70,255.0,255.0,255.0
899,44.95,16.741830248326377,-0.03770908209723279,-47.162218043474965,5.198948501160727,-0.011706278991673107,0.8242374569720528,0.42188355304593234,-0.003908267048517473,0.4046045495656728,0,70,255.0,255.0,255.0
900,45.0,17.0023,-0.0383,-47.1205,5.219741009270958,-0.011944809506475668,0.8444925808146547,0.40981677136339556,-0.0056329535435854505,0.4056004041384549,0,70,255.0,255.0,255.0
901,45.050000000000004,17.263794185216394,-0.03890378380985447,-47.07776675571675,5.239923675156164,-0.012196585739724097,0.8648694852617421,0.39748986404475667,-0.004438095786350847,0.40947577374497524,0,70,255.0,255.0,255.0
902,45.1,17.52628209509286,-0.039518662859174734,-47.03400982199915,5.259489995675435,-0.012388619085110767,0.8854401581891528,0.38516295672611955,-0.0032432380291164123,0.413351143351495,0,70,255.0,255.0,255.0
903,45.150000000000006,17.78973291236118,-0.040141650003567876,-46.98921951042316,5.278439970828776,-0.012520909542635733,0.9062045995968923,0.37283604940748066,-0.0020483802718818086,0.4172265129580153,0,70,255.0,255.0,255.0
904,45.2,18.05411581975298,-0.04076975809864063,-46.94338613256479,5.296773600616183,-0.012593457112298959,0.927162809484955,0.3605091420888435,-0.000853522514647374,0.42110188256453507,0,70,255.0,255.0,255.0
905,45.25,18.3194,-0.0414,-46.8965,5.314490885037658,-0.012606261794100465,0.9483147878533434,0.34818223477019217,0.0003413352425871291,0.42497725217104954,0,70,255.0,255.0,255.0
906,45.300000000000004,18.585554944716602,-0.04203035923087429,-46.848552712930875,5.331610357050097,-0.012617563645317863,0.9695832171369337,0.3365966457272937,-0.0007934092912830423,0.4257599191724899,0,70,255.0,255.0,255.0
907,45.35,18.852551381047483,-0.042662701984976695,-46.7995410260638,5.348150549610388,-0.012685602723228762,0.990890779770593,0.3250110566843969,-0.0019281538251530524,0.4265425861739301,0,70,255.0,255.0,255.0
908,45.400000000000006,19.120360345020114,-0.04329986512364207,-46.74946298273131,5.364111462718538,-0.01281037902783318,1.0122374757543273,0.3134254676414984,-0.0030628983590232236,0.42732525317537046,0,70,255.0,255.0,255.0
909,45.45,19.388952872661807,-0.04394468550820492,-46.69831662626588,5.379493096374539,-0.012991892559131081,1.0336233050881307,0.30183987859860156,-0.004197642892893234,0.42810792017681065,0,70,255.0,255.0,255.0
910,45.5,19.6583,-0.0446,-46.6461,5.394295450578395,-0.013230143317122479,1.0550482677720059,0.29025428955568344,-0.0053323874267632715,0.42889058717825,0,70,255.0,255.0,255.0
911,45.550000000000004,19.928372435917343,-0.045267579266648705,-46.59281039255976,5.408498896643437,-0.013461159679004513,1.0765576461906041,0.27788355304596485,-0.003908267048517293,0.43148454956561,0,70,255.0,255.0,255.0
912,45.6,20.199139580717258,-0.0459449292009186,-46.538442073745614,5.422083805882991,-0.013620970021974224,1.0981967227285676,0.26551281653624803,-0.0024841466702715154,0.4340785119529696,0,70,255.0,255.0,255.0
913,45.650000000000006,20.47057050755856,-0.04662848950186427,-46.48298855865157,5.435050178297062,-0.013709574346031657,1.119965497385902,0.2531420800265295,-0.001060026292025536,0.4366724743403295,0,70,255.0,255.0,255.0
914,45.7,20.742634289599884,-0.04731469986853991,-46.4264433623717,5.447398013885645,-0.013726972651176788,1.141863970162601,0.24077134351681267,0.0003640940862202407,0.4392664367276891,0,70,255.0,255.0,255.0
915,45.75,21.0153,-0.048,-46.3688,5.459127312648742,-0.013673164937409636,1.1638921410586685,0.22840060700709586,0.0017882144644660175,0.4418603991150505,0,70,255.0,255.0,255.0
916,45.800000000000004,21.28853691161417,-0.04868172370253126,-46.310052116830065,5.470250056376143,-0.013601797638664164,1.1860421981006584,0.21650914208890454,0.0010664774853525929,0.44414188256447906,0,70,255.0,255.0,255.0
917,45.85,21.562315096083523,-0.049360781211349035,-46.25019387895372,5.480778226857633,-0.01356651718887437,1.208306329315117,0.2046176771707149,0.0003447405062392706,0.4464233660139073,0,70,255.0,255.0,255.0
918,45.900000000000006,21.83660482474584,-0.050038976868901304,-46.189219582662346,5.490711824093215,-0.013567323588040242,1.2306845347020499,0.19272621225252357,-0.000376996472874154,0.4487048494633359,0,70,255.0,255.0,255.0
919,45.95,22.111376368938753,-0.050718115017635665,-46.12712352424731,5.500050848082886,-0.013604216836161781,1.2531768142614512,0.18083474733433394,-0.0010987334519874763,0.45098633291276413,0,70,255.0,255.0,255.0
920,46.0,22.3866,-0.0514,-46.0639,5.508795298826647,-0.013677196933238983,1.2757831679933236,0.16894328241617274,-0.0018204704311007708,0.45326781636219415,0,70,255.0,255.0,255.0
921,46.050000000000004,22.66224551762612,-0.05208632592322663,-45.99954354011995,5.516916877852016,-0.013779649766338841,1.2984895614068024,0.15591987859853051,-0.0022776428928931534,0.4549879201768851,0,70,255.0,255.0,255.0
922,46.1,22.938280834948696,-0.05277834595368539,-45.934049610439466,5.5243872866865,-0.013904961222528298,1.3212819600110128,0.14289647478089015,-0.0027348153546854705,0.4567080239915758,0,70,255.0,255.0,255.0
923,46.150000000000006,23.214673393458266,-0.05347720302253098,-45.867413910699,5.531206525330104,-0.014053131301807395,1.3441603638059607,0.12987307096324793,-0.0031919878164778526,0.45842812780626674,0,70,255.0,255.0,255.0
924,46.2,23.4913906346452,-0.054184040060917656,-45.799632140639034,5.537374593782825,-0.014224160004176086,1.36712477279164,0.11684966714560754,-0.00364916027827017,0.4601482316209574,0,70,255.0,255.0,255.0
925,46.25,23.7684,-0.0549,-45.7307,5.5428914920446655,-0.014418047329634393,1.390175186968054,0.10382626332797429,-0.004106332740062557,0.4618683354356534,0,70,255.0,255.0,255.0
926,46.300000000000004,24.045669817881496,-0.05562577260456257,-45.66061292269009,5.547810432215786,-0.014607603295980471,1.4133275562721366,0.09293134351680883,-0.0034759059137799216,0.46422643672756525,0,70,255.0,255.0,255.0
927,46.35,24.323171964121745,-0.0563602349739095,-45.58936527928837,5.552184626396347,-0.014765637921012393,1.4365978306408114,0.08203642370564493,-0.0028454790874973754,0.4665845380194768,0,70,255.0,255.0,255.0
928,46.400000000000006,24.600879201421296,-0.05710181104097527,-45.516951174541596,5.55601407458635,-0.014892151204730208,1.459986010074085,0.07114150389447946,-0.00221505226121474,0.46894263931138863,0,70,255.0,255.0,255.0
929,46.45,24.878764292480547,-0.05784892473869397,-45.44336471319656,5.559298776785795,-0.014987143147133876,1.4834920945719507,0.06024658408331556,-0.001584625434932194,0.4713007406033002,0,70,255.0,255.0,255.0
930,46.5,25.1568,-0.0586,-45.3686,5.562038732994681,-0.015050613748223418,1.5071160841344122,0.049351664272180074,-0.0009541986086496479,0.4736588418952081,0,70,255.0,255.0,255.0
931,46.550000000000004,25.434958410848044,-0.05935378365852344,-45.292651169119644,5.564193393284846,-0.015101937049739349,1.530856213504617,0.03683474733441763,-0.0010987334519874227,0.47594633291290783,0,70,255.0,255.0,255.0
932,46.6,25.71320890856438,-0.06011031415067673,-45.21551247240702,5.565722207728124,-0.015160487093422161,1.5547107174257038,0.02431783039665696,-0.001243268295325177,0.4782338239306072,0,70,255.0,255.0,255.0
933,46.650000000000006,25.991520200856748,-0.060869952813568454,-45.137178191134566,5.5666251763245125,-0.015226263879271871,1.5786795958976785,0.011800913458894509,-0.0013878031386629517,0.48052131494830685,0,70,255.0,255.0,255.0
934,46.7,26.269860995432722,-0.06163306098430672,-45.05764260657474,5.5669022990740125,-0.015299267407288458,1.602762848920535,-0.0007160034788661548,-0.001532337982000706,0.4828088059660062,0,70,255.0,255.0,255.0
935,46.75,26.5482,-0.0624,-44.9769,5.566553575976626,-0.015379497677471933,1.6269604764942767,-0.013232920416633931,-0.0016768728253384463,0.4850962969837038,0,70,255.0,255.0,255.0
936,46.800000000000004,26.826505338726488,-0.06317109276134406,-44.89494480083128,5.565543994644849,-0.015464648505062156,1.6512635897093937,-0.027150332854472246,-0.001729160278270116,0.487028231620897,0,70,255.0,255.0,255.0
937,46.85,27.104742801620798,-0.06394650842338366,-44.81177203108352,5.56383854269118,-0.015552413705298947,1.6756632996563672,-0.04106774529230858,-0.0017814477312017782,0.4889601662580898,0,70,255.0,255.0,255.0
938,46.900000000000006,27.382877595151918,-0.06472637770475143,-44.72737686092011,5.561437220115617,-0.015642793278182337,1.7001596063352036,-0.0549851577301469,-0.001833735184133448,0.49089210089528296,0,70,255.0,255.0,255.0
939,46.95,27.660874925788665,-0.06551083132407937,-44.64175446050448,5.558340026918164,-0.015735787223712296,1.724752509745896,-0.06890257016798323,-0.0018860226370651103,0.4928240355324758,0,70,255.0,255.0,255.0
940,47.0,27.9387,-0.0663,-44.5549,5.55454696309882,-0.015831395541888834,1.7494420098884482,-0.08281998260586221,-0.0019383100899967587,0.4947559701696722,0,70,255.0,255.0,255.0
941,47.050000000000004,28.21631623424616,-0.06709384529610073,-44.46681202755518,5.549950628135754,-0.01591946893001207,1.7740254276577754,-0.10103341591672303,-0.0015846254349323383,0.4885807406033278,0,70,255.0,255.0,255.0
942,47.1,28.493679884952492,-0.06789165215578867,-44.37750260325887,5.544443621507147,-0.015989858085382072,1.798300083948782,-0.11924684922758128,-0.0012309407798679682,0.48240551103698426,0,70,255.0,255.0,255.0
943,47.150000000000006,28.770745418535792,-0.06869253636742641,-44.28698716518494,5.538025943212996,-0.016042563007998865,1.8222659787614743,-0.1374602825384421,-0.000877256124803548,0.47623028147063984,0,70,255.0,255.0,255.0
944,47.2,29.047467301412706,-0.06949561371937603,-44.19528115140735,5.5306975932533025,-0.01607758369786243,1.8459231120958464,-0.15567371584930034,-0.0005235714697391779,0.4700550519042963,0,70,255.0,255.0,255.0
945,47.25,29.3238,-0.0703,-44.1024,5.522458571628066,-0.01609492015497278,1.8692714839519016,-0.17388714916016568,-0.0001698868146746968,0.46387982233795455,0,70,255.0,255.0,255.0
946,47.300000000000004,29.599702524289007,-0.07110472605425344,-44.00835988894797,5.513581492812092,-0.01608947577488966,1.8922666996595041,-0.18119600347877513,0.0003876620179994437,0.4559288059660674,0,70,255.0,255.0,255.0
947,47.35,29.87515205856928,-0.07190848295346176,-43.91317995588103,5.5043389712801885,-0.016056153953172836,1.9148643645485088,-0.18850485779738357,0.0009452108506735049,0.44797778959418133,0,70,255.0,255.0,255.0
948,47.400000000000006,30.150130330705103,-0.07270987682554352,-43.816880078340084,5.494731007032353,-0.015994954689822306,1.9370644786189228,-0.19581371211599302,0.0015027596833476454,0.4400267732222941,0,70,255.0,255.0,255.0
949,47.45,30.424619068560595,-0.0735075137984168,-43.719480133866114,5.484757600068589,-0.015905877984838078,1.9588670418707392,-0.20312256643460144,0.0020603085160217065,0.43207575685040805,0,70,255.0,255.0,255.0
950,47.5,30.6986,-0.0743,-43.621,5.474418750388894,-0.015788923838220146,1.980272054303961,-0.21043142075320986,0.0026178573486958234,0.42412474047851667,0,70,255.0,255.0,255.0
951,47.550000000000004,30.972054468597936,-0.07508645048688593,-43.52145881665293,5.463691400615865,-0.01567462797042937,2.001323773704237,-0.2186625701679226,0.00195397736293496,0.417944035532445,0,70,255.0,255.0,255.0
952,47.6,31.244962280770412,-0.07586801603036443,-43.42087277321703,5.452552493372102,-0.015593526101926642,2.022066457857206,-0.22689371958263416,0.0012900973771741908,0.41176333058637427,0,70,255.0,255.0,255.0
953,47.650000000000006,31.517302858643976,-0.0766463563304001,-43.319257321454664,5.441002028657602,-0.01554561823271195,2.0425001067628745,-0.23512486899734691,0.0006262173914133272,0.4055826256403027,0,70,255.0,255.0,255.0
954,47.7,31.789055624345004,-0.07742313108695711,-43.21662791312819,5.429040006472366,-0.015530904362785305,2.062624720421237,-0.24335601841205848,-3.766259434744186e-05,0.3994019206942319,0,70,255.0,255.0,255.0
955,47.75,32.0602,-0.0782,-43.113,5.416666426816397,-0.015549384492146693,2.0824402988322954,-0.25158716782678425,-0.0007015425801081693,0.3932212157481523,0,70,255.0,255.0,255.0
956,47.800000000000004,32.33071480131939,-0.07897827199820322,-43.00838964444029,5.403844904724489,-0.015580012343392879,2.1019102055236067,-0.26127371584947606,-0.0005235714697391412,0.3855750519042204,0,70,255.0,255.0,255.0
957,47.85,32.60057641834911,-0.07975785292508067,-42.90281535125084,5.390539055231449,-0.01560174163912061,2.120997804022718,-0.27096026387216654,-0.00034560035937013835,0.3779288880602896,0,70,255.0,255.0,255.0
958,47.900000000000006,32.869760634719185,-0.08053829785285667,-42.79629623584122,5.376748878337272,-0.015614572379329892,2.1397030943296356,-0.28064681189485835,-0.0001676292490011103,0.3702827242163578,0,70,255.0,255.0,255.0
959,47.95,33.138243234059495,-0.08131916185375504,-42.68885141362107,5.3624743740419625,-0.01561850456402072,2.1580260764443544,-0.29033335991754883,1.0341861367892569e-05,0.362636560372427,0,70,255.0,255.0,255.0
960,48.0,33.406,-0.0821,-42.5805,5.347715542345519,-0.0156135381931931,2.1759667503668765,-0.30001990794025346,0.00018831297173702022,0.3549903965285033,0,70,255.0,255.0,255.0
961,48.050000000000004,33.673007126124666,-0.0828804615203016,-42.47126100558585,5.332496980486146,-0.015605322655999126,2.193531404201352,-0.30872256643456314,0.00014030851602193787,0.3475957568504698,0,70,255.0,255.0,255.0
962,48.1,33.93924244583321,-0.08366057226931303,-42.3611530217796,5.3168432857020616,-0.015599507341590905,2.2107263260519243,-0.3174252249288716,9.23040603068623e-05,0.3402011171724373,0,70,255.0,255.0,255.0
963,48.150000000000006,34.20468420247947,-0.08444045225817381,-42.250194535180384,5.300754457993259,-0.015596092249968439,2.2275515159185963,-0.3261278834231813,4.429960459177994e-05,0.3328064774944038,0,70,255.0,255.0,255.0
964,48.2,34.46931063941713,-0.085220221498023,-42.138404032387456,5.284230497359744,-0.015595077381131726,2.2440069738013646,-0.3348305419174897,-3.7048511232956117e-06,0.3254118378163713,0,70,255.0,255.0,255.0
965,48.25,34.7331,-0.086,-42.0258,5.267271403801513,-0.015596462735080769,2.2600926997002317,-0.34353320041180524,-5.170930683842667e-05,0.31801719813833884,0,70,255.0,255.0,255.0
966,48.300000000000004,34.996030294182084,-0.08677988192059077,-41.91240073321623,5.249863173330915,-0.015598697032610423,2.2758201776710454,-0.3527960184120183,-3.7662594347691505e-05,0.31108192069415863,0,70,255.0,255.0,255.0
967,48.35,35.2580785983181,-0.08755985799766733,-41.79822376163076,5.23199180196031,-0.015600228994515538,2.2912008917696483,-0.3620588364122301,-2.3615881856958334e-05,0.30414664324997936,0,70,255.0,255.0,255.0
968,48.400000000000006,35.51922175536312,-0.08833989311444862,-41.68328642343714,5.213657289689693,-0.015601058620796117,2.3062348419960434,-0.3713216544124432,-9.569169366223163e-06,0.29721136580579915,0,70,255.0,255.0,255.0
969,48.45,35.77943660827208,-0.0891199521541532,-41.567606056829014,5.194859636519066,-0.015601185911452162,2.3209220283502283,-0.3805844724126549,4.4775431245100045e-06,0.2902760883616199,0,70,255.0,255.0,255.0
970,48.5,36.0387,-0.0899,-41.4512,5.175598842448429,-0.015600610866483669,2.3352624508322046,-0.3898472904128667,1.8524255615146035e-05,0.28334081091744423,0,70,255.0,255.0,255.0
971,48.550000000000004,36.29698929714713,-0.09068001079733566,-41.33408566154913,5.155906326190166,-0.0155998892135591,2.3492518851144526,-0.3978533599175755,1.0341861367654105e-05,0.27623656037242567,0,70,255.0,255.0,255.0
972,48.6,36.55428396089444,-0.09145999574001779,-41.21628073169734,5.135813506456671,-0.015599576680346902,2.3628861068694476,-0.4058594294222831,2.159467120163338e-06,0.2691323098274081,0,70,255.0,255.0,255.0
973,48.650000000000006,36.81056397606822,-0.09223997528403224,-41.09780297107096,5.115320383247937,-0.015599673266847082,2.376165116097194,-0.41386549892699187,-6.022927127328591e-06,0.2620280592823895,0,70,255.0,255.0,255.0
974,48.7,37.06580932749465,-0.09301996988536441,-40.9786701402964,5.0944269565639715,-0.015600178973059636,2.389088912797687,-0.4218715684316995,-1.4205321374819359e-05,0.2549238087373719,0,70,255.0,255.0,255.0
975,48.75,37.32,-0.0938,-40.8589,5.07313322640477,-0.015601093798984566,2.40165749697093,-0.4298776379364071,-2.2387715622324e-05,0.2478195581923579,0,70,255.0,255.0,255.0
976,48.800000000000004,37.57311491722951,-0.09458007489006695,-40.73851022058719,5.051375521908422,-0.0156017461131532,2.4138762818711506,-0.4404305419174472,-3.704851123024839e-06,0.24093183781643018,0,70,255.0,255.0,255.0
977,48.85,37.825128758104206,-0.09536015904226158,-40.617518111579855,5.029090172213025,-0.015601464284096868,2.4257506807525733,-0.4509834458984858,1.4978013376271666e-05,0.23404411744050344,0,70,255.0,255.0,255.0
978,48.900000000000006,38.07601514036417,-0.09614020574942289,-40.49594089227891,5.006277177318572,-0.015600248311815572,2.437280693615201,-0.4615363498795259,3.366087787557083e-05,0.22715639706457572,0,70,255.0,255.0,255.0
979,48.95,38.32574768174941,-0.09692016830438942,-40.37379578198532,4.982936537225071,-0.015598098196309312,2.448466320459031,-0.47208925386056455,5.234374237486733e-05,0.220268676688649,0,70,255.0,255.0,255.0
980,49.0,38.5743,-0.0977,-40.2511,4.9590682519325195,-0.015595013937578084,2.459307561284065,-0.48264215784159603,7.102660687423323e-05,0.21338095631272225,0,70,255.0,255.0,255.0
981,49.050000000000004,38.82164703393494,-0.09847968964239694,-40.12787105610204,4.9347515861761595,-0.015593126333828117,2.4697869874009224,-0.49002447241274244,4.477543124478556e-06,0.20579608836154656,0,70,255.0,255.0,255.0
982,49.1,39.06776900668881,-0.09925936809093597,-40.004127621983194,4.910065804691245,-0.015594566183265636,2.47988717012022,-0.49740678698388785,-6.207152062526666e-05,0.19821122041037192,0,70,255.0,255.0,255.0
983,49.150000000000006,39.312647462475255,-0.10003920171827665,-39.87988865981331,4.88501090747777,-0.015599333485890644,2.48960810944196,-0.5047891015550343,-0.00012862058437502135,0.1906263524591962,0,70,255.0,255.0,255.0
984,49.2,39.556263945507794,-0.10081935689707816,-39.75517313176229,4.859586894535741,-0.015607428241703138,2.49894980536614,-0.5121714161261797,-0.00019516964812476656,0.1830414845080216,0,70,255.0,255.0,255.0
985,49.25,39.7986,-0.1016,-39.63,4.8337937658651535,-0.015618850450703119,2.507912257892761,-0.5195537306973463,-0.0002617187118744563,0.17545661655684697,0,70,255.0,255.0,255.0
986,49.300000000000004,40.03963614703085,-0.10238116654034568,-39.50438795500458,4.807570133386925,-0.01562574855153435,2.5165117685251204,-0.5293915684317279,-1.4205321374803333e-05,0.16852380873750844,0,70,255.0,255.0,255.0
987,49.35,40.27934881514059,-0.1031623685939947,-39.378354600487334,4.78085460902198,-0.015620270982840601,2.5247646387665124,-0.5392294061661079,0.00023330806912481438,0.16159100091817089,0,70,255.0,255.0,255.0
988,49.400000000000006,40.51771340973494,-0.10394298737747101,-39.25191726846778,4.7536471927703134,-0.015602417744621866,2.532670868616938,-0.5490672439004893,0.0004808214596244674,0.15465819309883236,0,70,255.0,255.0,255.0
989,49.45,40.754705336219516,-0.10472240410729818,-39.12509329096549,4.72594788463193,-0.015572188836878156,2.540230458076396,-0.5589050816348694,0.000728334850124085,0.14772538527949483,0,70,255.0,255.0,255.0
990,49.5,40.9903,-0.1055,-38.9979,4.697756684606828,-0.015529584259609463,2.5474434071448866,-0.5687429193692566,0.0009758482406237862,0.14079257746014306,0,70,255.0,255.0,255.0
991,49.550000000000004,41.224473177941775,-0.10627564419622068,-38.87035472387957,4.669095880276085,-0.015503879460034497,2.5543099384986068,-0.577689253860374,5.2343742374845784e-05,0.13386867668863983,0,70,255.0,255.0,255.0
992,49.6,41.45720213274887,-0.10705115753308535,-38.742474776067446,4.63998775922079,-0.015524349885371972,2.5608302748137506,-0.5866355883514902,-0.0008711607558739632,0.12694477591713757,0,70,255.0,255.0,255.0
993,49.650000000000006,41.68846449858512,-0.10782884877183979,-38.6142774663155,4.610432321440935,-0.015590995535621899,2.5670044160903207,-0.5955819228426076,-0.0017946652541229037,0.12002087514563434,0,70,255.0,255.0,255.0
994,49.7,41.91823790961423,-0.10861102667372943,-38.48578010437572,4.5804295669365285,-0.015703816410784256,2.5728323623283145,-0.6045282573337237,-0.0027181697523717126,0.11309697437413209,0,70,255.0,255.0,255.0
995,49.75,42.1465,-0.1094,-38.357,4.549979495707567,-0.015862812510859053,2.5783141135277328,-0.613474591824847,-0.0036416742506204525,0.10617307360261918,0,70,255.0,255.0,255.0
996,49.800000000000004,42.37322874120216,-0.11019705667477192,-38.22795474947706,4.519102345508785,-0.016006733608327692,2.583432477480497,-0.6216114161262843,-0.0021151696481246625,0.09856148450794612,0,70,255.0,255.0,255.0
997,49.85,42.598403453863966,-0.11099940127366403,-38.09866309524286,4.487818354094938,-0.01607432947567153,2.5881702619785276,-0.6297482404277206,-0.0005886650456290899,0.09094989541327414,0,70,255.0,255.0,255.0
998,49.900000000000006,42.822003795924736,-0.11180321753517035,-37.96914406627011,4.456127521466013,-0.016065600112890592,2.5925274670218252,-0.6378850647291581,0.0009378395568666997,0.08333830631860109,0,70,255.0,255.0,255.0
999,49.95,43.04400942532366,-0.11260468919778438,-37.83941669153159,4.4240298476220214,-0.015980545519984873,2.5965040926103877,-0.6460218890305943,0.0024643441593622728,0.07572671722392911,0,70,255.0,255.0,255.0
1000,50.0,43.2644,-0.1134,-37.7095,4.391525332562957,-0.01581916569695438,2.6001001387442173,-0.6541587133320164,0.003990848761857901,0.06811512812925002,0,70,255.0,255.0,255.0
1001,50.050000000000004,43.48315425724971,-0.11418652910469203,-37.57941347821213,4.358558737688776,-0.015653186106654816,2.6032881515794344,-0.6645050816351011,0.002648334850124053,0.05940538527942106,0,70,255.0,255.0,255.0
1002,50.1,43.7002472517953,-0.11496643737225862,-37.449178442961085,4.325074824399446,-0.015554332211941961,2.6060406772721594,-0.6748514499381844,0.0013058209383903958,0.050695642429593346,0,70,255.0,255.0,255.0
1003,50.150000000000006,43.91565311771608,-0.11574308108747935,-37.31881666860396,4.291073592694957,-0.015522604012815784,2.608357715822394,-0.6851978182412691,-3.669297334345234e-05,0.04198589957976438,0,70,255.0,255.0,255.0
1004,50.2,44.12934598909121,-0.11651981653513332,-37.188349929497896,4.256555042575318,-0.015558001509276297,2.610239267230136,-0.6955441865443523,-0.0013792068850771097,0.03327615672993666,0,70,255.0,255.0,255.0
1005,50.25,44.3413,-0.1173,-37.0578,4.221519174040526,-0.015660524701323487,2.611685331495387,-0.7058905548474499,-0.0027217207968107116,0.02456641388010894,0,70,255.0,255.0,255.0
1006,50.300000000000004,44.55149422979911,-0.11808642690646041,-36.927192937674334,4.186262703735999,-0.01579652196505306,2.6124389162017456,-0.7043682573334975,-0.002718169752371613,0.005576974374240054,0,70,255.0,255.0,255.0
1007,50.35,44.75992753895486,-0.11887964923730164,-36.79657193291274,4.151082348307176,-0.015932341676560654,2.612243028932811,-0.7028459598195453,-0.0027146187079325145,-0.013412465131626132,0,70,255.0,255.0,255.0
1008,50.400000000000006,44.966603733211095,-0.1196796581149128,-36.66598445931397,4.115978107754044,-0.016067983835846313,2.6110976696885833,-0.701323662305593,-0.0027110676634934158,-0.032401904637495024,0,70,255.0,255.0,255.0
1009,50.45,45.17152661831153,-0.12048644466168258,-36.5354779904768,4.080949982076614,-0.01620344844291,2.609002838469062,-0.6998013647916408,-0.0027075166190543174,-0.0513913441433612,0,70,255.0,255.0,255.0
1010,50.5,45.3747,-0.1213,-36.4051,4.045997971274884,-0.016338735497751725,2.605958535274248,-0.6982790672777028,-0.002703965574615136,-0.07038078364924516,0,70,255.0,255.0,255.0
1011,50.550000000000004,45.57612802355393,-0.12211976326946677,-36.27489157109047,4.0111424473671775,-0.016440726033133055,2.602348183613613,-0.6959418890304787,-0.0013756558406377828,-0.0740332827761431,0,70,255.0,255.0,255.0
1012,50.6,45.775816192385264,-0.12294296567853502,-36.1448682253879,3.9764037823718357,-0.016476301081815515,2.598555206996634,-0.6936047107832549,-4.7346106660618465e-05,-0.07768578190304051,0,70,255.0,255.0,255.0
1013,50.650000000000006,45.97377034943966,-0.12376628645287004,-36.01503909414008,3.9417819762888504,-0.016445460643799106,2.5945796054233083,-0.6912675325360309,0.0012809636273167346,-0.08133828102993845,0,70,255.0,255.0,255.0
1014,50.7,46.169996337662695,-0.12458640481813664,-35.88541330859484,3.9072770291182315,-0.01634820471908385,2.590421378893639,-0.6889303542888071,0.002609273361293899,-0.08499078015683587,0,70,255.0,255.0,255.0
1015,50.75,46.3645,-0.1254,-35.756,3.8728889408599736,-0.01618453330766973,2.586080527407625,-0.6865931760416188,0.003937583095271202,-0.08864327928376525,0,70,255.0,255.0,255.0
1016,50.800000000000004,46.55728647598525,-0.12620492001567296,-35.62681037796371,3.8385755067953187,-0.016024573902414848,2.5814323493437796,-0.6859441865444594,0.0024607931149235283,-0.09728384327003925,0,70,255.0,255.0,255.0
1017,50.85,46.74835809150412,-0.12700368804855847,-35.49786396553561,3.804294522205527,-0.01593845399617736,2.576352143080621,-0.6852951970473,0.0009840031345760636,-0.10592440725631203,0,70,255.0,255.0,255.0
1018,50.900000000000006,46.93771646903039,-0.12779999607360767,-35.36918236412563,3.7700459870905876,-0.015926173588957253,2.570839908618148,-0.6846462075501406,-0.0004927868457716101,-0.11456497124258602,0,70,255.0,255.0,255.0
1019,50.95,47.12536323103776,-0.12859753606577115,-35.24078717514378,3.735829901450512,-0.015987732680754516,2.5648956459563625,-0.6839972180529812,-0.001969576826119075,-0.1232055352288588,0,70,255.0,255.0,255.0
1020,51.0,47.3113,-0.1294,-35.1127,3.701646265285293,-0.016123131271569145,2.5585193550952625,-0.6833482285558325,-0.0034463668064664554,-0.13184609921514223,0,70,255.0,255.0,255.0
1021,51.050000000000004,47.49552927250516,-0.13021015666784183,-34.98494131705463,3.667547525451599,-0.016276978357207192,2.5517784190112995,-0.6806013647918182,-0.0027075166190550152,-0.1377913441433646,0,70,255.0,255.0,255.0
1022,51.1,47.67805704159831,-0.1310270821272312,-34.85752711246963,3.6335861288061104,-0.016393882933474654,2.544740220680926,-0.6778545010278043,-0.00196866643164368,-0.14373658907158615,0,70,255.0,255.0,255.0
1023,51.150000000000006,47.85889017443891,-0.13184892925269984,-34.730472249357305,3.5997620753488175,-0.01647384500037156,2.5374047601041405,-0.6751076372637901,-0.0012298162442322394,-0.14968183399980856,0,70,255.0,255.0,255.0
1024,51.2,48.03803553818633,-0.1326738509187789,-34.60379159082999,3.56607536507973,-0.016516864557897887,2.529772037280945,-0.6723607734997762,-0.0004909660568209041,-0.1556270789280301,0,70,255.0,255.0,255.0
1025,51.25,48.2155,-0.1335,-34.4775,3.5325259979988433,-0.016522941606053648,2.5218420522113383,-0.6696139097357658,0.00024788413059048664,-0.16157232385625164,0,70,255.0,255.0,255.0
1026,51.300000000000004,48.391290033994224,-0.13432565331296006,-34.3516131538177,3.4990903913982296,-0.016499512668756537,2.513565974611008,-0.667810354288663,0.0006892733612938838,-0.16947078015692507,0,70,255.0,255.0,255.0
1027,51.35,48.5654105421027,-0.13514958344251676,-34.22614998458581,3.465744962569976,-0.01645401426992426,2.504894974195645,-0.6660067988415604,0.0011306625919972183,-0.1773692364575974,0,70,255.0,255.0,255.0
1028,51.400000000000006,48.7378660332141,-0.1359706869155936,-34.10113023844505,3.4324897115140725,-0.016386446409556808,2.495829050965248,-0.6642032433944577,0.0015720518227006154,-0.18526769275827082,0,70,255.0,255.0,255.0
1029,51.45,48.90866101621699,-0.13678786025911358,-33.9765736615362,3.3993246382305293,-0.016296809087654202,2.486368204919818,-0.662399687947355,0.00201344105340395,-0.19316614905894314,0,70,255.0,255.0,255.0
1030,51.5,49.0778,-0.1376,-33.8525,3.3662497427193414,-0.016185102304216426,2.476512436059355,-0.6605961325002276,0.00245483028410734,-0.20106460535962256,0,70,255.0,255.0,255.0
1031,51.550000000000004,49.24528739151804,-0.13840643008031833,-33.72892846767449,3.3332589089555085,-0.01607697096776669,2.4662936825446433,-0.659037218052969,0.0018704231738816636,-0.20768553522880764,0,70,255.0,255.0,255.0
1032,51.6,49.411127189990935,-0.1392081841027019,-33.60587614918709,3.3003460209140436,-0.015998059986828253,2.455743882536474,-0.6574783036057106,0.0012860160636560703,-0.21430646509799178,0,70,255.0,255.0,255.0
1033,51.650000000000006,49.57532329270483,-0.14000672308492637,-33.48335959686241,3.2675110785949366,-0.015948369361401087,2.444863036034844,-0.6559193891584518,0.0007016089534303939,-0.2209273949671769,0,70,255.0,255.0,255.0
1034,51.7,49.737879596945795,-0.1408035080447672,-33.36139536302515,3.2347540819981973,-0.01592789909148521,2.4336511430397563,-0.6543604747111934,0.00011720184320480062,-0.22754832483636103,0,70,255.0,255.0,255.0
1035,51.75,49.8988,-0.1416,-33.24,3.2020750311238215,-0.015936649177080608,2.422108203551209,-0.6528015602639243,-0.00046720526702062615,-0.23416925470555228,0,70,255.0,255.0,255.0
1036,51.800000000000004,50.0580883999337,-0.14239742636576697,-33.11919057548424,3.1694739727797234,-0.01596060346017666,2.4102032952103682,-0.6512407734999001,-0.0004909660568214034,-0.24202707892803513,0,70,255.0,255.0,255.0
1037,51.85,50.21574869793361,-0.14319608014667584,-32.998986218665806,3.1369509537738307,-0.01598574578276275,2.397905495658405,-0.649679986735876,-0.0005147268466221773,-0.24988490315051687,0,70,255.0,255.0,255.0
1038,51.900000000000006,50.371784795966725,-0.14399602074470141,-32.879406574105246,3.1045059741061345,-0.016012076144838877,2.385214804895316,-0.6481191999718516,-0.0005384876364229545,-0.2577427273729997,0,70,255.0,255.0,255.0
1039,51.95,50.52620059599987,-0.14479730756181794,-32.76047128636313,3.0721390337766445,-0.016039594546405047,2.3721312229211047,-0.6465584132078276,-0.0005622484262237284,-0.26560055159548146,0,70,255.0,255.0,255.0
1040,52.0,50.679,-0.1456,-32.6422,3.0398501327853555,-0.016068300987461245,2.3586547497357695,-0.6449976264437964,-0.0005860092160244745,-0.2734583758179774,0,70,255.0,255.0,255.0
1041,52.050000000000004,50.83018700874727,-0.1464038644566142,-32.5246116303885,3.007645199925576,-0.016080615191526756,2.3448291366138485,-0.6431996879472506,9.344105340417766e-05,-0.27956614905881716,0,70,255.0,255.0,255.0
1042,52.1,50.979766018274645,-0.14720749531059485,-32.407722176149655,2.9755301639906295,-0.016058956882120834,2.3306981348298876,-0.6414017494507049,0.0007728913228327331,-0.2856739222996561,0,70,255.0,255.0,255.0
1043,52.150000000000006,51.12774152342841,-0.1480091939362685,-32.29154690671653,2.9435050249805053,-0.016003326059243476,2.3162617443838824,-0.6396038109541591,0.0014523415922613856,-0.2917816955404959,0,70,255.0,255.0,255.0
1044,52.2,51.274118019054775,-0.14880726170796138,-32.17610109152229,2.9115697828952127,-0.015913722722894697,2.3015199652758374,-0.6378058724576134,0.002131791861689941,-0.29788946878133477,0,70,255.0,255.0,255.0
1045,52.25,51.4189,-0.1496,-32.0614,2.8797244377347475,-0.01579014687307449,2.2864727975057506,-0.6360079339610678,0.0028112421311185243,-0.3039972420221808,0,70,255.0,255.0,255.0
1046,52.300000000000004,51.56209236507732,-0.15038631580777653,-31.947459702961734,2.847993227517939,-0.015668935773716388,2.271072158334282,-0.6332404747111693,0.002037201843205145,-0.31202832483650833,0,70,255.0,255.0,255.0
1047,52.35,51.703701628967835,-0.15116753861094495,-31.834299476735577,2.8164003902636296,-0.015586426688753966,2.2552699650220993,-0.6304730154612712,0.0012631615552918753,-0.32005940765083474,0,70,255.0,255.0,255.0
1048,52.400000000000006,51.84373471031973,-0.1519456035102252,-31.721939399028532,2.784945925971811,-0.015542619618187203,2.239066217569198,-0.6277055562113727,0.000489121267378496,-0.32809049046516225,0,70,255.0,255.0,255.0
1049,52.45,51.98219852778107,-0.1527224456063369,-31.61039954754767,2.7536298346424917,-0.015537514562016111,2.222460915975583,-0.6249380969614746,-0.00028491902053477377,-0.33612157327948866,0,70,255.0,255.0,255.0
1050,52.5,52.1191,-0.1535,-31.4997,2.7224521162756665,-0.015571111520240679,2.2054540602412507,-0.622170637711573,-0.001058959308448043,-0.34415265609383283,0,70,255.0,255.0,255.0
1051,52.550000000000004,52.25444513094354,-0.15427967231228007,-31.389859957764507,2.6913578900026756,-0.015611641713607488,2.188098230049016,-0.6215984132079476,-0.0005622484262241954,-0.3500805515954985,0,70,255.0,255.0,255.0
1052,52.6,52.388236265854026,-0.15506075024562557,-31.280895116908013,2.660292274954871,-0.015627336362863103,2.1704460050817,-0.6210261887043224,-6.553754400041834e-05,-0.3560084470971633,0,70,255.0,255.0,255.0
1053,52.650000000000006,52.520474835292774,-0.15584199202283122,-31.17282029716925,2.6292552711322426,-0.015618195468007526,2.152497385339299,-0.620453964200697,0.00043117333822342927,-0.36193634259882895,0,70,255.0,255.0,255.0
1054,52.7,52.65116226982101,-0.15662215586669115,-31.065650318287,2.5982468785348005,-0.015584219029040763,2.1342523708218173,-0.6198817396970717,0.0009278842204472064,-0.36786423810049373,0,70,255.0,255.0,255.0
1055,52.75,52.7803,-0.1574,-30.9594,2.5672670971625395,-0.015525407045962811,2.1157109615292518,-0.6193095151934287,0.0014245951026710668,-0.3737921336021657,0,70,255.0,255.0,255.0
1056,52.800000000000004,52.90789031114861,-0.15817419494310364,-30.854085265980185,2.536367212471265,-0.015436497371853777,2.096806921469664,-0.6166858724574537,0.0021317918616900237,-0.38236946878127687,0,70,255.0,255.0,255.0
1057,52.85,53.033938907616076,-0.1589430604065529,-30.749726455632345,2.5055985099167932,-0.01531222785979381,2.0774740146511235,-0.614062229721479,0.00283898862070888,-0.3909468039603868,0,70,255.0,255.0,255.0
1058,52.900000000000006,53.15845234850925,-0.1597048283984505,-30.64634501229439,2.474960989499116,-0.015152598509782879,2.0577122410736246,-0.6114385869855039,0.0035461853797278367,-0.39952413913949797,0,70,255.0,255.0,255.0
1059,52.95,53.28143719293493,-0.1604577309268987,-30.543962379304293,2.444454651218242,-0.014957609321821027,2.0375216007371733,-0.6088149442495292,0.004253382138746693,-0.4081014743186079,0,70,255.0,255.0,255.0
1060,53.0,53.4029,-0.1612,-30.4426,2.4140794950741666,-0.014727260295908234,2.0169020936417663,-0.6061913015135687,0.004960578897765522,-0.41667880949771785,0,70,255.0,255.0,255.0
1061,53.050000000000004,53.52284642446206,-0.16193074791530593,-30.342278178314682,2.3837812601122867,-0.014514368798977434,1.9959220840723324,-0.6057380969615295,0.003555080979465766,-0.422521573279568,0,70,255.0,255.0,255.0
1062,53.1,53.6412785036817,-0.162652608128163,-30.24301266056258,2.3535056853780127,-0.014371752197961643,1.974649936313809,-0.6052848924094902,0.0021495830611662093,-0.42836433706141736,0,70,255.0,255.0,255.0
1063,53.150000000000006,53.758197370670324,-0.16336909438336733,-30.144818053653115,2.3232527708713366,-0.01429941049286082,1.95308565036619,-0.604831687857451,0.0007440851428664533,-0.4342071008432675,0,70,255.0,255.0,255.0
1064,53.2,53.87360415843929,-0.1640837204257144,-30.047708964495776,2.293022516592267,-0.014297343683674987,1.9312292262294817,-0.6043784833054119,-0.0006614127754331033,-0.44004986462511686,0,70,255.0,255.0,255.0
1065,53.25,53.9875,-0.1648,-29.9517,2.2628149225407985,-0.014365551770404128,1.9090806639036808,-0.6039252787533904,-0.0020669106937326737,-0.4458926284069662,0,70,255.0,255.0,255.0
1066,53.300000000000004,54.09988879100321,-0.1655204133956732,-29.85680762076102,2.232795747079533,-0.014442027432236276,1.8865287422409922,-0.5968417396971177,-0.00099211577955301,-0.45618423810049596,0,70,255.0,255.0,255.0
1067,53.35,54.21078547765717,-0.16624330708079518,-29.76305570211731,2.203130748571086,-0.014464763348359439,1.8634622400936307,-0.589758200640846,8.267913462650092e-05,-0.46647584779402423,0,70,255.0,255.0,255.0
1068,53.400000000000006,54.32020776880954,-0.16696599406808066,-29.67046997309307,2.173819927015448,-0.014433759518773619,1.8398811574615892,-0.5826746615845735,0.0011574740488061648,-0.476767457487554,0,70,255.0,255.0,255.0
1069,53.45,54.428173373307935,-0.16768578737024406,-29.579076162712557,2.1448632824126275,-0.014349015943478828,1.8157854943448748,-0.5755911225283018,0.0022322689629856755,-0.4870590671810823,0,70,255.0,255.0,255.0
1070,53.5,54.5347,-0.1684,-29.4889,2.116260814762621,-0.014210532622475064,1.791175250743484,-0.5685075834720372,0.003307063877165242,-0.49735067687461587,0,70,255.0,255.0,255.0
1071,53.550000000000004,54.63981121152514,-0.1691067985020017,-29.399967338641183,2.0883637515695823,-0.014069521472077264,1.7660429469636518,-0.5473749442494028,0.0023333821387462625,-0.5079414743185835,0,70,255.0,255.0,255.0
1072,53.6,54.74355398568965,-0.16980776354865643,-29.312304530968174,2.0615233203376797,-0.013977194408600428,1.7403811033116248,-0.5262423050267715,0.001359700400327421,-0.5185322717625496,0,70,255.0,255.0,255.0
1073,53.650000000000006,54.8459811540916,-0.17050532934431045,-29.225938053974552,2.0357395210669047,-0.013933551432044528,1.714189719787396,-0.5051096658041371,0.0003860186619084414,-0.5291230692065172,0,70,255.0,255.0,255.0
1074,53.7,54.947145548329026,-0.17120193009330956,-29.14089438465396,2.0110123537572653,-0.013938592542409575,1.6874687963909727,-0.4839770265815057,-0.0005876630765104,-0.5397138666504833,0,70,255.0,255.0,255.0
1075,53.75,55.0471,-0.1719,-29.0572,1.9873418184087568,-0.013992317739695566,1.6602183331223508,-0.4628443873588832,-0.001561344814929172,-0.5503046640944564,0,70,255.0,255.0,255.0
1076,53.800000000000004,55.145887962896275,-0.17260119259632037,-28.974873424674215,1.9641652466421442,-0.014047886679454624,1.6329154699043615,-0.4642184833055443,-0.0006614127754329356,-0.5418098646250168,0,70,255.0,255.0,255.0
1077,53.85,55.24351537958426,-0.17330403872457922,-28.893901374010007,1.9409199700782018,-0.014058459017238865,1.606037346659848,-0.4655925792522052,0.00023851926406317277,-0.5333150651555785,0,70,255.0,255.0,255.0
1078,53.900000000000006,55.339978814824136,-0.17400628855467803,-28.814262611008672,1.9176059887169228,-0.014024034753048299,1.5795839633888031,-0.46696667519886625,0.0011384513035594093,-0.5248202656861388,0,70,255.0,255.0,255.0
1079,53.95,55.435274833376006,-0.17470569225651783,-28.735935898671563,1.8942233025583144,-0.013944613886882931,1.5535553200912335,-0.46834077114552713,0.0020383833430555175,-0.5163254662167005,0,70,255.0,255.0,255.0
1080,54.0,55.5294,-0.1754,-28.6589,1.8707719116023729,-0.013820196418742759,1.5279514167671362,-0.469714867092188,0.0029383153825515984,-0.5078306667472603,0,70,255.0,255.0,255.0
1081,54.050000000000004,55.622353736889835,-0.17608763111271716,-28.58313656266192,1.847423261861859,-0.013690931810104306,1.5025991734189232,-0.46423112252828946,0.0022322689629860845,-0.5062590671811732,0,70,255.0,255.0,255.0
1082,54.1,55.71414689597333,-0.17676968155302675,-28.508638772991798,1.8243487993495433,-0.013596969522444142,1.4773255100490184,-0.4587473779643917,0.001526222543420671,-0.5046874676150863,0,70,255.0,255.0,255.0
1083,54.150000000000006,55.80479318661193,-0.1774479164369779,-28.435402701990707,1.8015485240654192,-0.013538309555762242,1.4521304266574138,-0.45326363340049314,0.0008201761238551572,-0.5031158680489993,0,70,255.0,255.0,255.0
1084,54.2,55.894306318167004,-0.1781241008806193,-28.36342442065975,1.7790224360094933,-0.013514951910058621,1.4270139232441175,-0.44777988883659536,0.00011412970428974342,-0.5015442684829124,0,70,255.0,255.0,255.0
1085,54.25,55.9827,-0.1788,-28.2927,1.7567705351817624,-0.01352689658533327,1.4019759998091257,-0.4422961442726958,-0.000591916715275656,-0.4999726689168238,0,70,255.0,255.0,255.0
1086,54.300000000000004,56.06998668954446,-0.17947708295281134,-28.223223524678072,1.7347177059104046,-0.013556386080127934,1.3771358364199398,-0.43981702658154637,-0.0005876630765108383,-0.49363386665052483,0,70,255.0,255.0,255.0
1087,54.35,56.156173836522456,-0.18015563506331383,-28.154981134022783,1.7127888325236071,-0.013585662892984355,1.3526126131440726,-0.4373379088903973,-0.0005834094377460213,-0.48729506438422676,0,70,255.0,255.0,255.0
1088,54.400000000000006,56.241267638728225,-0.1808356456974108,-28.087956981028444,1.6909839150213641,-0.013614727023902536,1.3284063299815165,-0.4348587911992479,-0.0005791557989812036,-0.4809562621179278,0,70,255.0,255.0,255.0
1089,54.45,56.325274293956,-0.18151710422100512,-28.022135218689407,1.6693029534036816,-0.013643578472882476,1.304516986932279,-0.4323796735080988,-0.0005749021602163865,-0.4746174598516298,0,70,255.0,255.0,255.0
1090,54.5,56.4082,-0.1822,-27.9575,1.647745947670557,-0.013672217239924173,1.2809445839963562,-0.4299005558169515,-0.0005706485214515972,-0.4682786575853317,0,70,255.0,255.0,255.0
1091,54.550000000000004,56.49005150493238,-0.18288403707603787,-27.894037338625754,1.626345914496494,-0.013683523869384071,1.2575774809013038,-0.4261007711454909,0.00011838334305571178,-0.4664054662166793,0,70,255.0,255.0,255.0
1092,54.6,56.570837757936886,-0.183567778193718,-27.831740690917062,1.6051358705560073,-0.013660378905618607,1.2343040373746876,-0.4223009864740308,0.0008074152075629227,-0.4645322748480271,0,70,255.0,255.0,255.0
1093,54.650000000000006,56.650568258475204,-0.18424950077337932,-27.770605373895478,1.5841158158490904,-0.013602782348627772,1.2111242534165008,-0.41850120180257017,0.0014964470720702319,-0.4626590834793747,0,70,255.0,255.0,255.0
1094,54.7,56.72925250600901,-0.18492748223536037,-27.7106267045826,1.5632857503757496,-0.013510734198411586,1.1880381290267494,-0.41470141713111003,0.0021854789365774426,-0.4607858921107225,0,70,255.0,255.0,255.0
1095,54.75,56.8069,-0.1856,-27.6518,1.542645674135982,-0.013384234454970043,1.1650456642054308,-0.4109016324596446,0.0028745108010846954,-0.45891270074207924,0,70,255.0,255.0,255.0
1096,54.800000000000004,56.883520090726066,-0.18626596874303752,-27.594119120818878,1.5221866361035772,-0.013261518442335677,1.1422342399748044,-0.40745988883648154,0.0020341297042895286,-0.4535442684828882,0,70,255.0,255.0,255.0
1097,54.85,56.95912153173005,-0.18692685216181423,-27.53757210230897,1.5018996852523332,-0.013180821484541081,1.1196912373571413,-0.4040181452133189,0.0011937486074944808,-0.44817583622369794,0,70,255.0,255.0,255.0
1098,54.900000000000006,57.03371292737099,-0.18758475120907234,-27.48214552338961,1.4817848215822447,-0.013142143581586234,1.0974166563524343,-0.4005764015901558,0.00035336751069931383,-0.4428074039645069,0,70,255.0,255.0,255.0
1099,54.95,57.10730288200796,-0.18824176683755353,-27.427825962980176,1.461842045093317,-0.013145484733471142,1.07541049696069,-0.3971346579669932,-0.0004870135860957337,-0.43743897170531665,0,70,255.0,255.0,255.0
1100,55.0,57.1799,-0.1889,-27.3746,1.4420713557855476,-0.013190844940195802,1.053672759181905,-0.39369291434384124,-0.0013273946828907118,-0.4320705394461264,0,70,255.0,255.0,255.0
1101,55.050000000000004,57.25151293216337,-0.18956088795181233,-27.322454978098712,1.422475541089245,-0.013238402361273481,1.03215755919946,-0.39013967350820206,-0.0005749021602163226,-0.428537459851599,0,70,255.0,255.0,255.0
1102,55.1,57.32215051514296,-0.19022321315902516,-27.27138129984706,1.4030573884347268,-0.01324833515621744,1.0108190131967445,-0.38658643267256343,0.00017759036245795974,-0.42500438025707216,0,70,255.0,255.0,255.0
1103,55.150000000000006,57.39182163204087,-0.1908850943903319,-27.22137013254604,1.383816897821988,-0.01322064332502768,0.9896571211737524,-0.38303319183692425,0.000930082885132349,-0.4214713006625448,0,70,255.0,255.0,255.0
1104,55.2,57.46053516595919,-0.1915446504144257,-27.172412643496685,1.3647540692510338,-0.013155326867704209,0.9686718831304894,-0.3794799510012856,0.0016825754078066313,-0.4179382210680179,0,70,255.0,255.0,255.0
1105,55.25,57.5283,-0.1922,-27.1245,1.3458689027218615,-0.013052385784247026,0.9478632990669531,-0.37592671016565404,0.002435067930480858,-0.4144051414734893,0,70,255.0,255.0,255.0
1106,55.300000000000004,57.5951249806205,-0.19284967944971343,-27.077623366786256,1.3271591995394385,-0.012936872112570535,0.9272315232273448,-0.3724614171312059,0.00218547893657842,-0.41086589211077545,0,70,255.0,255.0,255.0
1107,55.35,57.66101880769814,-0.19349389520208535,-27.031773898302795,1.3086227610087404,-0.01283383789058918,0.906776709855875,-0.3689961240967583,0.001935889942676018,-0.4073266427480621,0,70,255.0,255.0,255.0
1108,55.400000000000006,57.725990144465555,-0.19413327122960064,-26.9869427464262,1.2902595871297622,-0.012743283118302933,0.886498858952538,-0.36553083106231016,0.00168630094877358,-0.40378739338534825,0,70,255.0,255.0,255.0
1109,55.45,57.790047654155316,-0.1947684315047439,-26.943121063033075,1.272069677902509,-0.012665207795711817,0.8663979705173396,-0.36206553802786257,0.0014367119548711778,-0.40024814402263487,0,70,255.0,255.0,255.0
1110,55.5,57.8532,-0.1954,-26.9003,1.2540530333269777,-0.012599611922815824,0.8464740445502769,-0.35860024499342025,0.0011871229609687617,-0.39670889465992243,0,70,255.0,255.0,255.0
1111,55.550000000000004,57.91545594535471,-0.19602839424933421,-26.858469954756245,1.23621566075297,-0.01253410918844402,0.826772347891145,-0.35489465796682257,0.0014329864139031078,-0.3913589717052887,0,70,255.0,255.0,255.0
1112,55.6,57.97682465406449,-0.19665320603263364,-26.817618306941757,1.2185635675302948,-0.012456313281425513,0.8073381473797474,-0.35118907094022545,0.0016788498668374187,-0.3860090487506558,0,70,255.0,255.0,255.0
1113,55.650000000000006,58.03731539009693,-0.197273820691266,-26.77773168174914,1.201096753658947,-0.012366224201760275,0.7881714430160788,-0.34748348391362777,0.0019247133197717648,-0.38065912579602207,0,70,255.0,255.0,255.0
1114,55.7,58.09693741741957,-0.1978896235665989,-26.73879670437102,1.1838152191389315,-0.012263841949448335,0.7692722348001446,-0.3437778968870306,0.002170576772706076,-0.3753092028413891,0,70,255.0,255.0,255.0
1115,55.75,58.1557,-0.1985,-26.7008,1.1667189639702458,-0.012149166524489682,0.750640522731942,-0.34007230986044235,0.0024164402256403456,-0.36995927988675614,0,70,255.0,255.0,255.0
1116,55.800000000000004,58.21361203796072,-0.1991047435529499,-26.663729614188753,1.1497861574486985,-0.012046691133653503,0.7321910852080717,-0.33723995100138826,0.0016825754078064982,-0.3680182210679959,0,70,255.0,255.0,255.0
1117,55.85,58.27068097604393,-0.19970528066738025,-26.627579273930177,1.1329949688701064,-0.011980908983709024,0.7138387006251419,-0.33440759214233456,0.0009487105899727551,-0.366077162249236,0,70,255.0,255.0,255.0
1118,55.900000000000006,58.326913895146774,-0.2003034460053357,-26.592344126577224,1.1163453982344644,-0.011951820074656231,0.6955833689831475,-0.3315752332832805,0.0002148457721389079,-0.36413610343047575,0,70,255.0,255.0,255.0
1119,55.95,58.382317876166425,-0.20090107422886072,-26.558019319482845,1.0998374455417779,-0.011959424406495127,0.6774250902820939,-0.32874287442422684,-0.0005190190456948354,-0.3621950446117158,0,70,255.0,255.0,255.0
1120,56.0,58.4369,-0.2015,-26.5246,1.0834711107920436,-0.01200372197922571,0.659363864521978,-0.32591051556517137,-0.0012528838635285089,-0.36025398579295587,0,70,255.0,255.0,255.0
1121,56.050000000000004,58.49066790280246,-0.20210143153886642,-26.492079588488735,1.0672797094522157,-0.012047126276942112,0.6415033112765858,-0.3217455380278878,-0.00048328804512745116,-0.35416814402267355,0,70,255.0,255.0,255.0
1122,56.1,58.54363144175984,-0.2027040712978456,-26.46044459733753,1.0512965569892545,-0.01205205078373846,0.6239470501197102,-0.3175805604906048,0.0002863077732734973,-0.3480823022523921,0,70,255.0,255.0,255.0
1123,56.150000000000006,58.595801029316,-0.2033059952873916,-26.429679811941952,1.0355216534031548,-0.012018495499614756,0.6066950810513461,-0.3134155829533212,0.0010559035916745548,-0.34199646048210985,0,70,255.0,255.0,255.0
1124,56.2,58.647187077914765,-0.2039052795179584,-26.399770017697588,1.0199549986939216,-0.01194646042457101,0.5897474040714986,-0.30925060541603827,0.0018254994100755035,-0.3359106187118284,0,70,255.0,255.0,255.0
1125,56.25,58.6978,-0.2045,-26.3707,1.0045965928615528,-0.011835945558607215,0.5731040191801652,-0.30508562787875526,0.0025950952284764933,-0.32982477694154877,0,70,255.0,255.0,255.0
1126,56.300000000000004,58.74764995082948,-0.2050887302915847,-26.342456031856287,0.9894310047424077,-0.011716803758577669,0.5566756696855892,-0.3015378968869975,0.0021705767727049296,-0.32730920284143356,0,70,255.0,255.0,255.0
1127,56.35,58.79674605691674,-0.20567203414123758,-26.31503033671969,0.9744428031728526,-0.011618887881336715,0.5403730988960214,-0.29799016589524024,0.001746058316933426,-0.3247936287413187,0,70,255.0,255.0,255.0
1128,56.400000000000006,58.84509718758926,-0.20625097284509822,-26.28841662565494,0.9596319881528833,-0.011542197926884327,0.5241963068114569,-0.29444243490348254,0.0013215398611618624,-0.32227805464120346,0,70,255.0,255.0,255.0
1129,56.45,58.892712212174516,-0.20682660769930586,-26.26260860972679,0.9449985596825039,-0.011486733895220525,0.5081452934319005,-0.2908947039117253,0.0008970214053903589,-0.31976248054108863,0,70,255.0,255.0,255.0
1130,56.5,58.9396,-0.2074,-26.2376,0.9305425177617125,-0.011452495786345294,0.4922200587573499,-0.2873469729199689,0.00047250294961884154,-0.3172469064409724,0,70,255.0,255.0,255.0
1131,56.550000000000004,58.98576909387965,-0.207971647294795,-26.213383484086087,0.916244271578109,-0.011405658688747192,0.47648200998103357,-0.2845828744241263,0.001400980954305088,-0.3122750446116266,0,70,255.0,255.0,255.0
1132,56.6,59.03122673057323,-0.20853979213720417,-26.18994765578371,0.9020842303192994,-0.01131239769091479,0.46099255429618674,-0.281818775928284,0.002329458958991203,-0.30730318278228147,0,70,255.0,255.0,255.0
1133,56.650000000000006,59.07597982032699,-0.20910211333221596,-26.16728008543828,0.8880623939852801,-0.011172712792848063,0.44575169170280504,-0.2790546774324414,0.0032579369636774494,-0.30233132095293563,0,70,255.0,255.0,255.0
1134,56.7,59.120035273387174,-0.2096562896848184,-26.145368343395234,0.8741787625760549,-0.010986603994547046,0.43075942220089275,-0.27629057893659914,0.004186414968363564,-0.29735945912359046,0,70,255.0,255.0,255.0
1135,56.75,59.1634,-0.2102,-26.1242,0.8604333360916216,-0.01075407129601173,0.4160157457904477,-0.27352648044076133,0.005114892973049706,-0.29238759729424624,0,70,255.0,255.0,255.0
1136,56.800000000000004,59.206081673651966,-0.21073188052923553,-26.10376363179935,0.8468719089451965,-0.010532561486433561,0.4014602903902936,-0.26893060541620134,0.003745499410076236,-0.28983061871186905,0,70,255.0,255.0,255.0
1137,56.85,59.248091020790376,-0.21125439730994583,-26.084051840145484,0.8335402755500011,-0.010379521355004091,0.3870326839192604,-0.264334730391642,0.0023761058471029606,-0.28727364012949225,0,70,255.0,255.0,255.0
1138,56.900000000000006,59.289439531102815,-0.21177097382603846,-26.065058232591934,0.8204384359060318,-0.010294950901723273,0.37273292637734395,-0.259738855367082,0.0010067122841294907,-0.28471666154711506,0,70,255.0,255.0,255.0
1139,56.95,59.33013869427683,-0.21228503356142067,-26.046776416692264,0.8075663900132926,-0.01027885012659113,0.3585610177645484,-0.25514298034252264,-0.000362681278843785,-0.28215968296473826,0,70,255.0,255.0,255.0
1140,57.0,59.3702,-0.2128,-26.0292,0.7949241378717811,-0.010331219029607649,0.3445169580808717,-0.2505471053179651,-0.001732074841817005,-0.2796027043823637,0,70,255.0,255.0,255.0
1141,57.050000000000004,59.40963381151253,-0.21331843058826302,-26.0123211887165,0.7824440926410388,-0.01040009536551834,0.33068482845778324,-0.24865470391168698,-0.0010229785946103914,-0.2736824805411271,0,70,255.0,255.0,255.0
1142,57.1,59.44844598626527,-0.2138394186230125,-25.996126583634354,0.770058667480612,-0.010433516889068694,0.31714871002675854,-0.24676230250540912,-0.0003138823474038786,-0.26776225669989134,0,70,255.0,255.0,255.0
1143,57.150000000000006,59.48664125526176,-0.21436119136363058,-25.980601384193957,0.7577678623904974,-0.010431483600258723,0.3039086027877938,-0.244869901099131,0.0003952138998027351,-0.2618420328586547,0,70,255.0,255.0,255.0
1144,57.2,59.524224349505495,-0.21488197606949905,-25.965730789835703,0.7455716773706985,-0.010393995499088426,0.29096450674089264,-0.24297749969285318,0.001104310147009248,-0.25592180901741896,0,70,255.0,255.0,255.0
1145,57.25,59.5612,-0.2154,-25.9515,0.7334701124212135,-0.010321052585557804,0.2783164218860533,-0.24108509828657887,0.0018134063942157608,-0.2500015851761832,0,70,255.0,255.0,255.0
1146,57.300000000000004,59.597574280297934,-0.2159135971177126,-25.937895613334643,0.7215437204906358,-0.010219057051493308,0.2658803957785584,-0.23597057893649157,0.002266414968363761,-0.24743945912357038,0,70,255.0,255.0,255.0
1147,57.35,59.63335863414852,-0.21642152819800425,-25.924909825317098,0.709873054527564,-0.010094411088721429,0.2535724759736959,-0.23085605958640498,0.002719423542511697,-0.2448773330709579,0,70,255.0,255.0,255.0
1148,57.400000000000006,59.668565847850154,-0.2169226607194396,-25.912536230632227,0.6984581145319949,-0.009947114697242132,0.2413926624714623,-0.22574154023631768,0.0031724321166596973,-0.24231520701834508,0,70,255.0,255.0,255.0
1149,57.45,59.70320870770119,-0.21741586216058334,-25.90076842396491,0.6872989005039318,-0.009777167877055458,0.22934095527186105,-0.22062702088623112,0.003625440690807633,-0.2397530809657326,0,70,255.0,255.0,255.0
1150,57.5,59.7373,-0.2179,-25.8896,0.6763954124433731,-0.009584570628161388,0.21741735437489043,-0.21551250153614632,0.004078449264955569,-0.2371909549131208,0,70,255.0,255.0,255.0
1151,57.550000000000004,59.77085146729575,-0.21837438094088685,-25.879023557944922,0.6656850253964031,-0.009395676428508559,0.2056815884279434,-0.21290298034262184,0.003477318721156907,-0.23223968296471947,0,70,255.0,255.0,255.0
1152,57.6,59.80387067714064,-0.21884006858497074,-25.86902771509725,0.6551051144091106,-0.009236838756045687,0.1941933860784181,-0.21029345914909775,0.0028761881773583294,-0.2272884110163188,0,70,255.0,255.0,255.0
1153,57.650000000000006,59.836364153337655,-0.21929856575861129,-25.85960009327712,0.6446556794814928,-0.009108057610772727,0.18295274732631125,-0.20768393795557327,0.0022750576335596666,-0.22233713906791747,0,70,255.0,255.0,255.0
1154,57.7,59.868338419689785,-0.21975137528816782,-25.85072831430466,0.634336720613553,-0.009009332992689714,0.17195967217162603,-0.20507441676204918,0.0016739270897610896,-0.21738586711951682,0,70,255.0,255.0,255.0
1155,57.75,59.8998,-0.2202,-25.8424,0.624148237805289,-0.00894066490179663,0.1612141606143608,-0.20246489556852776,0.001072796545962526,-0.21243459517111618,0,70,255.0,255.0,255.0
1156,57.800000000000004,59.930755850519084,-0.22064567911874033,-25.83460375488568,0.6141161779237562,-0.008886237234472332,0.15065725050964895,-0.19881749969275284,0.001104310147009224,-0.2098418090173217,0,70,255.0,255.0,255.0
1157,57.85,59.96121465728894,-0.22108859746211304,-25.827332114293906,0.6042664878360134,-0.008830233887095706,0.14022997971262832,-0.19517010381697844,0.0011358237480559178,-0.2072490228635276,0,70,255.0,255.0,255.0
1158,57.900000000000006,59.99118553879926,-0.2215286762461157,-25.820578596259292,0.5945991675420581,-0.008772654859666738,0.1299323482232959,-0.19152270794120352,0.0011673373491026158,-0.20465623670973312,0,70,255.0,255.0,255.0
1159,57.95,60.0206776135397,-0.22196583668674552,-25.814336718816453,0.5851142170418928,-0.008713500152185444,0.11976435604165471,-0.18787531206542912,0.0011988509501493095,-0.202063450555939,0,70,255.0,255.0,255.0
1160,58.0,60.0497,-0.2224,-25.8086,0.5758116363355161,-0.008652769764651812,0.10972600316770315,-0.18422791618965562,0.001230364551196017,-0.19947066440214578,0,70,255.0,255.0,255.0
1161,58.050000000000004,60.07826193062792,-0.2228309025841521,-25.80336062251235,0.5666982629086141,-0.008579374633601736,0.09989740953350267,-0.18030702088639325,0.0017054406908067882,-0.19367308096584002,0,70,255.0,255.0,255.0
1162,58.1,60.10637309370362,-0.22325754156657715,-25.798605427727118,0.5577809342468765,-0.008482225695571133,0.09035869507111882,-0.17638612558313144,0.0021805168304174917,-0.18787549752953506,0,70,255.0,255.0,255.0
1163,58.150000000000006,60.13404329146535,-0.22367872925692622,-25.794319921685705,0.5490596503503008,-0.00836132295055998,0.08110985978054894,-0.1724652302798691,0.0026555929700282626,-0.1820779140932293,0,70,255.0,255.0,255.0
1164,58.2,60.16128232615141,-0.22409327796485018,-25.790489610429532,0.5405344112188893,-0.008216666398568308,0.07215090366179559,-0.16854433497660729,0.0031306691096389663,-0.17628033065692433,0,70,255.0,255.0,255.0
1165,58.25,60.1881,-0.2245,-25.7871,0.5322052168526411,-0.0080482560395961,0.0634818267148575,-0.16462343967334458,0.003605745249249656,-0.1704827472206195,0,70,255.0,255.0,255.0
1166,58.300000000000004,60.21450522696925,-0.2248979105446514,-25.784137755064904,0.5240187704417565,-0.00786826423112081,0.055033111356352166,-0.1628344167620128,0.003593927089761433,-0.16746586711956485,0,70,255.0,255.0,255.0
1167,58.35,60.2405033678966,-0.2252868362715783,-25.78159417479761,0.5159217751764396,-0.007688863330619953,0.04673524000290076,-0.16104539385068128,0.0035821089302732114,-0.1644489870185106,0,70,255.0,255.0,255.0
1168,58.400000000000006,60.266098895339326,-0.22566680672617964,-25.779461716997865,0.5079142310566881,-0.007510053338093482,0.038588212654500895,-0.1592563709393495,0.003570290770784988,-0.16143210691745594,0,70,255.0,255.0,255.0
1169,58.45,60.2912962818547,-0.22603785145385397,-25.77773283946541,0.49999613808250437,-0.007331834253541448,0.030592029311154907,-0.15746734802801798,0.0035584726112967667,-0.15841522681640172,0,70,255.0,255.0,255.0
1170,58.5,60.3161,-0.2264,-25.7764,0.4921674962538872,-0.007154206076963826,0.02274668997286162,-0.15567832511668644,0.0035466544518085036,-0.15539834671534763,0,70,255.0,255.0,255.0
1171,58.550000000000004,60.34051716149507,-0.2267534552372425,-25.775456357228016,0.4845866553243365,-0.006987568441914859,0.015010145041079398,-0.14755531206531905,0.003118850950149593,-0.154063450555915,0,70,255.0,255.0,255.0
1172,58.6,60.364565434709974,-0.22709911334710953,-25.774897873082423,0.47741196504735506,-0.006842320981948859,0.007340344917269893,-0.1394322990139528,0.0026910474484907426,-0.15272855439648256,0,70,255.0,255.0,255.0
1173,58.650000000000006,60.388265127177355,-0.22743804383835542,-25.774721210322824,0.470643425422941,-0.0067184636970657845,-0.0002627103985690668,-0.1313092859625854,0.0022632439468318315,-0.15139365823704992,0,70,255.0,255.0,255.0
1174,58.7,60.41163654642981,-0.22777131621973418,-25.774923031708816,0.46428103645109625,-0.006615996587265669,-0.007799020906435322,-0.12318627291121914,0.0018354404451729818,-0.15005876207761745,0,70,255.0,255.0,255.0
1175,58.75,60.4347,-0.2281,-25.7755,0.4583247981318198,-0.006534919652548497,-0.015268586606329959,-0.11506325985985111,0.0014076369435141386,-0.14872386591818498,0,70,255.0,255.0,255.0
1176,58.800000000000004,60.45746852705047,-0.2284250685063788,-25.776441616023025,0.452338608260907,-0.006469462001219673,-0.02224169152070753,-0.1243843349766414,0.0012106691096386108,-0.13020033065689407,0,70,255.0,255.0,255.0
1177,58.85,60.4799260932635,-0.22874711033998354,-25.777708732872686,0.44588636463415554,-0.0064138527415846325,-0.028288619672019684,-0.13370541009343037,0.0010137012757631112,-0.1116767953956058,0,70,255.0,255.0,255.0
1178,58.900000000000006,60.50204939595129,-0.22906661792039887,-25.77925504171084,0.4389680672515637,-0.006368091873643362,-0.03340937106026814,-0.14302648521022068,0.0008167334418875833,-0.09315326013431487,0,70,255.0,255.0,255.0
1179,58.95,60.52381513242605,-0.22938408366720944,-25.78103423369933,0.43158371611313334,-0.0063321793973958726,-0.03760394568545143,-0.15234756032700963,0.0006197656080120836,-0.07462972487302659,0,70,255.0,255.0,255.0
1180,59.0,60.5452,-0.2297,-25.783,0.42373331121886365,-0.006306115312842158,-0.04087234354757037,-0.16166863544379906,0.00042279777413654906,-0.05610618961173819,0,70,255.0,255.0,255.0
1181,59.050000000000004,60.56617433030306,-0.2300142707372423,-25.785099578679898,0.415034911632064,-0.006254583553206313,-0.04282737895827168,-0.18626734802815847,0.0016384726112970548,-0.022095226816307455,0,70,255.0,255.0,255.0
1182,59.1,60.58668299223606,-0.23032444529295631,-25.787254395426828,0.40510657641604775,-0.006142268051712459,-0.04308186622920139,-0.21086606061251442,0.0028541474484573876,0.01191573597911845,0,70,255.0,255.0,255.0
1183,59.150000000000006,60.60666448901752,-0.23062748448004924,-25.78937942283382,0.393948305570812,-0.005969168808360562,-0.04163580536035957,-0.23546477319687384,0.004069822285617893,0.04592669877454918,0,70,255.0,255.0,255.0
1184,59.2,60.62605732386598,-0.23092034911142809,-25.79138963349387,0.3815600990963602,-0.0057352858231506714,-0.03848919635174665,-0.2600634857812298,0.005285497122778226,0.07993766156997509,0,70,255.0,255.0,255.0
1185,59.25,60.6448,-0.2312,-25.7932,0.36794195699269056,-0.00544061909608277,-0.03364203920336251,-0.2846621983655875,0.0065011719599385245,0.11394862436540126,0,70,255.0,255.0,255.0
1186,59.300000000000004,60.66284775173728,-0.23146424854465203,-25.794748869257393,0.3540977452107743,-0.005136203785954968,-0.028496792646169684,-0.2691062729110145,0.005675440445172509,0.09186123792229432,0,70,255.0,255.0,255.0
1187,59.35,60.68022273779229,-0.23171430848819113,-25.79606808541999,0.3410313297015886,-0.0048730750515655055,-0.024455915411132793,-0.2535503474564438,0.00484970893040661,0.06977385147919052,0,70,255.0,255.0,255.0
1188,59.400000000000006,60.69696384797866,-0.23195224415940424,-25.79721286695388,0.3287427104651297,-0.004651232892914306,-0.021519407498250695,-0.23799442200187082,0.004023977415640595,0.047686465036083564,0,70,255.0,255.0,255.0
1189,59.45,60.71310997211001,-0.23218011988707823,-25.79823843232518,0.3172318875014011,-0.004470677310001434,-0.01968726890752421,-0.22243849654730008,0.0031982459008746953,0.02559907859297976,0,70,255.0,255.0,255.0
1190,59.5,60.7287,-0.2324,-25.7992,0.30649886081040095,-0.004331408302826855,-0.018959499638952864,-0.20688257109273023,0.0023725143861088246,0.0035116921498759834,0,70,255.0,255.0,255.0
1191,59.550000000000004,60.74376826274781,-0.23261353508414961,-25.80014734429052,0.2962701075249061,-0.004208601302973814,-0.019009450457033998,-0.20226756032702872,0.0025397656080124306,-0.005509724873121267,0,70,255.0,255.0,255.0
1192,59.6,60.7583308565948,-0.23282072075427915,-25.801108462893218,0.28627210477769777,-0.00407743174202561,-0.019510472126264937,-0.19765254956132786,0.0027070168299160122,-0.014531141896117233,0,70,255.0,255.0,255.0
1193,59.650000000000006,60.77239931906789,-0.2330211388823339,-25.802105909350665,0.2765048525687731,-0.003937899619982207,-0.02046256464664581,-0.19303753879562635,0.002874268051819618,-0.023552558919114484,0,70,255.0,255.0,255.0
1194,59.7,60.78598518769398,-0.2332143713402591,-25.803162237205406,0.2669683508981348,-0.003790004936843645,-0.021865728018176354,-0.18842252802992548,0.0030415192737232003,-0.03257397594211045,0,70,255.0,255.0,255.0
1195,59.75,60.7991,-0.2334,-25.8043,0.2576625997657816,-0.0036337476926099036,-0.023719962240856672,-0.18380751726422462,0.0032087704956267928,-0.04159539296510656,0,70,255.0,255.0,255.0
1196,59.800000000000004,60.81175679727149,-0.23357761111874967,-25.80554255358053,0.2486778246896362,-0.0034693910021497605,-0.02607340552573263,-0.17558348578156152,0.0033654971227783607,-0.05254233842992356,0,70,255.0,255.0,255.0
1197,59.85,60.823974635828534,-0.23374680849469234,-25.80691646300713,0.24010425118762513,-0.0032971979803320638,-0.028974196083849026,-0.1673594542988996,0.003522223749929906,-0.06348928389473901,0,70,255.0,255.0,255.0
1198,59.900000000000006,60.835774075749825,-0.23390720031126025,-25.808449095643464,0.23194187925974605,-0.003117168627156764,-0.03242233391520669,-0.1591354228162365,0.003678950377081474,-0.07443622935955602,0,70,255.0,255.0,255.0
1199,59.95,60.84717567711408,-0.23405839475188542,-25.810167818853202,0.22419070890600118,-0.0029293029426239125,-0.036417819019804655,-0.15091139133357456,0.0038356770042330193,-0.08538317482437147,0,70,255.0,255.0,255.0
1200,60.0,60.8582,-0.2342,-25.8121,0.21685074012638947,-0.0027336009267334843,-0.04096065139764336,-0.14268735985091152,0.003992403631384575,-0.09633012028918697,0,70,255.0,255.0,255.0
1201,60.050000000000004,60.86886774816621,-0.23433202044085183,-25.814273641387377,0.20993059371644207,-0.0025538346884270004,-0.046088927440047965,-0.13411849654696043,0.003198245900874157,-0.10880092140697963,0,70,255.0,255.0,255.0
1202,60.1,60.87920020009106,-0.23445604526695143,-25.816719285078275,0.2034388904716932,-0.0024137763366460585,-0.051840743538341394,-0.12554963324301055,0.002404088170363852,-0.12127172252477052,0,70,255.0,255.0,255.0
1203,60.150000000000006,60.8892187779328,-0.23457405987262517,-25.81946810807548,0.19737563039214093,-0.0023134258713906177,-0.05821609969252528,-0.11698076993905944,0.001609930439853434,-0.13374252364256317,0,70,255.0,255.0,255.0
1204,60.2,60.898944903849696,-0.23468804965219928,-25.82255128738179,0.191740813477787,-0.002252783292660707,-0.06521499590259781,-0.10841190663510955,0.0008157727093431287,-0.14621332476035406,0,70,255.0,255.0,255.0
1205,60.25,60.9084,-0.2348,-25.826,0.18653443972863057,-0.0022318486004563095,-0.07283743216855985,-0.09984304333115923,2.161497883284083e-05,-0.15868412587814518,0,70,255.0,255.0,255.0
1206,60.300000000000004,60.917604210063644,-0.23491110711784308,-25.829844480869973,0.1816798004446027,-0.0022032702441423984,-0.08102688471406755,-0.09434252802993993,0.001121519273723507,-0.16889397594213432,0,70,255.0,255.0,255.0
1207,60.35,60.92657256380721,-0.23501941043750182,-25.834111196679796,0.1771001869256364,-0.0021196966730839648,-0.08972682976277345,-0.08884201272872143,0.002221423568614017,-0.179103826006122,0,70,255.0,255.0,255.0
1208,60.400000000000006,60.935318812518965,-0.23512216019823906,-25.838825672054636,0.17279559917173046,-0.0019811278872809857,-0.09893726731468007,-0.08334149742750213,0.0033213278635046833,-0.18931367607011115,0,70,255.0,255.0,255.0
1209,60.45,60.94385670748713,-0.23521660663931754,-25.844013431619647,0.16876603718288605,-0.0017875638867334996,-0.10865819736978477,-0.07784098212628363,0.004421232158395193,-0.19952352613409882,0,70,255.0,255.0,255.0
1210,60.5,60.9522,-0.2353,-25.8497,0.16501150095910253,-0.0015390046714414914,-0.11888961992808882,-0.07234046682506512,0.005521136453285714,-0.20973337619808652,0,70,255.0,255.0,255.0
1211,60.550000000000004,60.96036421157921,-0.23537075108777591,-25.855911635132745,0.16163820450513453,-0.0013050843350034935,-0.12967553370365348,-0.06259139133364312,0.0038356770042334023,-0.22170317482446344,0,70,255.0,255.0,255.0
1212,60.6,60.96837194468009,-0.23543191298304122,-25.862677528202553,0.15875236182573804,-0.0011554369710181339,-0.14105993741053538,-0.052842315842222515,0.00215021755518133,-0.23367297345083868,0,70,255.0,255.0,255.0
1213,60.650000000000006,60.976247571991365,-0.23548769933441863,-25.87002760370599,0.15635397292091227,-0.0010900625794853696,-0.15304283104873778,-0.04309324035080051,0.0004647581061290188,-0.2456427720772156,0,70,255.0,255.0,255.0
1214,60.7,60.984015466201754,-0.23554232379053067,-25.877991786139617,0.15444303779065788,-0.0011089611604052194,-0.1656242146182572,-0.0333441648593799,-0.001220701342923054,-0.25761257070359084,0,70,255.0,255.0,255.0
1215,60.75,60.9917,-0.2356,-25.8866,0.15301955643497447,-0.001212132713777668,-0.17880408811909537,-0.023595089367958844,-0.0029061607919751258,-0.2695823693299655,0,70,255.0,255.0,255.0
1216,60.800000000000004,60.99932374361951,-0.2356634885310533,-25.89588177859905,0.15197538153489754,-0.0013123924158434793,-0.19255898047135353,-0.018171906635114903,-0.001104227290656989,-0.28061332476031386,0,70,255.0,255.0,255.0
1217,60.85,61.00690205747243,-0.23572973763033325,-25.905865090509995,0.1512023657714629,-0.001322555442843381,-0.20686542059512708,-0.012748723902271731,0.0006977062106608913,-0.29164428019066063,0,70,255.0,255.0,255.0
1218,60.900000000000006,61.0144484995156,-0.23579424246408656,-25.91657751312142,0.1507005091446704,-0.0012426217947773765,-0.2217234084904201,-0.007325541169427789,0.0024996397119790284,-0.302675235621009,0,70,255.0,255.0,255.0
1219,60.95,61.02197662770585,-0.23585249819855988,-25.928046623821896,0.15046981165452009,-0.0010725914716454875,-0.23713294415722833,-0.001902358436584619,0.004301573213296908,-0.3137061910513558,0,70,255.0,255.0,255.0
1220,61.0,61.0295,-0.2359,-25.9403,0.15051027330101197,-0.0008124644734477101,-0.2530940275955539,0.0035208242962587732,0.006103506714614792,-0.32473714648170304,0,70,255.0,255.0,255.0
1221,61.050000000000004,61.03703361394274,-0.23593369478801085,-25.953365250471073,0.15090826935526125,-0.0005493460016224431,-0.2696085444109475,0.012399017873711006,0.004421232158394993,-0.33584352613398644,0,70,255.0,255.0,255.0
1222,61.1,61.04459822543017,-0.23595633649562575,-25.967270109757475,0.15175017508838304,-0.0003703412576081926,-0.2866783802089529,0.02127721145116198,0.002738957602175434,-0.3469499057862682,0,70,255.0,255.0,255.0
1223,61.150000000000006,61.05221602994623,-0.23597213080923518,-25.98204234380834,0.15303599050037753,-0.00027545024140490773,-0.3043035349895749,0.03015540502861421,0.0010566830459556352,-0.3580562854385516,0,70,255.0,255.0,255.0
1224,61.2,61.05990922297486,-0.23598528341522976,-25.997709718572803,0.1547657155912444,-0.00026467295301261563,-0.3224840087528085,0.03903359860606519,-0.000625591510263924,-0.3691626650908334,0,70,255.0,255.0,255.0
1225,61.25,61.0677,-0.236,-26.0143,0.15693935036098383,-0.00033800939243129656,-0.3412198014986562,0.047911792183516155,-0.0023078660664834815,-0.3802690447431156,0,70,255.0,255.0,255.0
1226,61.300000000000004,61.07560980060951,-0.23601933231690317,-26.03184121951668,0.15951154104408916,-0.00042622357766647606,-0.36052684188482964,0.054975835140687296,-0.0012207013429233978,-0.39201257070375495,0,70,255.0,255.0,255.0
1227,61.35,61.08365704080688,-0.23604171638716365,-26.050362470460115,0.1624369338750526,-0.0004600795267236458,-0.3804210585690322,0.06203987809785742,-0.00013353661936346857,-0.40375609666439255,0,70,255.0,255.0,255.0
1228,61.400000000000006,61.09185938069948,-0.2360644342989726,-26.069893111645218,0.16571552885387503,-0.00043957723960281537,-0.4009024515512695,0.06910392105502856,0.0009536281041966151,-0.4154996226250319,0,70,255.0,255.0,255.0
1229,61.45,61.100234480394725,-0.23608476814052098,-26.090462501886876,0.1693473259805555,-0.00036471671630399063,-0.42197102083153587,0.07616796401219869,0.0020407928277565443,-0.4272431485856695,0,70,255.0,255.0,255.0
1230,61.5,61.1088,-0.2361,-26.1121,0.17333232525509443,-0.0002354979568271726,-0.44362676640983406,0.08323200696936817,0.003127957551316474,-0.4389866745463089,0,70,255.0,255.0,255.0
1231,61.550000000000004,61.117573583619226,-0.23610817594437639,-26.134834671462222,0.17766956646840903,-9.775968771182513e-05,-0.4658520880497765,0.09025764156320097,0.0023815732132969544,-0.4500261910513121,0,70,255.0,255.0,255.0
1232,61.6,61.126572811342335,-0.23611039795571953,-26.158694408402067,0.1823580894114146,2.6593645025315543e-06,-0.4886293855149658,0.09728327615703278,0.0016351888752775413,-0.46106570755631365,0,70,255.0,255.0,255.0
1233,61.650000000000006,61.135815247255856,-0.23610853199487447,-26.183706809610804,0.1873978940841125,6.575919981592599e-05,-0.5119586588054086,0.1043089107508656,0.0008888045372580219,-0.4721052240613168,0,70,255.0,255.0,255.0
1234,61.7,61.145318455446244,-0.2361044440226863,-26.209899473879695,0.19278898048650128,9.15398182283403e-05,-0.5358399079210981,0.1113345453446974,0.00014242019923860856,-0.4831447405663184,0,70,255.0,255.0,255.0
1235,61.75,61.1551,-0.2361,-26.2373,0.19853134861858157,8.000121973978597e-05,-0.5602731328620377,0.11836017993852899,-0.0006039641387808053,-0.49418425707131863,0,70,255.0,255.0,255.0
1236,61.800000000000004,61.16517826491363,-0.23609676390559128,-26.26593609463445,0.20467419308220205,4.92623285136808e-05,-0.5852648059160909,0.12735359860626905,-0.0006255915102632967,-0.5054826650907199,0,70,255.0,255.0,255.0
1237,61.85,61.17557491382377,-0.23609509178995822,-26.295835895931628,0.2112667084792086,1.7442068713455573e-05,-0.6108213993711104,0.13634701727400786,-0.0006472188817457849,-0.5167810731101197,0,70,255.0,255.0,255.0
1238,61.900000000000006,61.186312430277106,-0.23609503772152948,-26.32702764991158,0.21830889480960308,-1.5459559660898763e-05,-0.6369429132271036,0.14534043594174792,-0.0006688462532282762,-0.528079481129521,0,70,255.0,255.0,255.0
1239,61.95,61.19741329782029,-0.23609665576873384,-26.359539602594356,0.22580075207338351,-4.944255660937285e-05,-0.6636293474840631,0.15433385460948673,-0.0006904736247107645,-0.5393778891489206,0,70,255.0,255.0,255.0
1240,62.0,61.2089,-0.2361,-26.3934,0.2337422802705509,-8.450692213197128e-05,-0.6908807021419926,0.16332727327722707,-0.0007121009961932524,-0.5506762971683221,0,70,255.0,255.0,255.0
1241,62.050000000000004,61.22079335672626,-0.23610476843325853,-26.428636949999987,0.2420336612027887,-9.928962634289804e-05,-0.7186886882858472,0.16832796401225691,0.00012079282775623226,-0.5616431485857675,0,70,255.0,255.0,255.0
1242,62.1,61.233107533362556,-0.23610923488444766,-26.465278007871433,0.2505750766717768,-7.24276393563538e-05,-0.74704501700057,0.17332865474728607,0.0009536866517055985,-0.5726100000032113,0,70,255.0,255.0,255.0
1243,62.150000000000006,61.24585503163573,-0.23611131711900757,-26.50335059074289,0.25936652667751764,-3.920961172330912e-06,-0.7759496882861692,0.1783293454823159,0.0017865804756550833,-0.5835768514206567,0,70,255.0,255.0,255.0
1244,62.2,61.25904835327259,-0.23610893290237828,-26.542882115742895,0.2684080112200086,0.00010623040820915112,-0.8054027021426364,0.18333003621734506,0.0026194742996044494,-0.5945437028381005,0,70,255.0,255.0,255.0
1245,62.25,61.2727,-0.2361,-26.5839,0.2776995302992511,0.0002580264687880991,-0.8354040585699759,0.1883307269523753,0.0034523681235538164,-0.605510554255539,0,70,255.0,255.0,255.0
1246,62.300000000000004,61.28682510818132,-0.23608336236137462,-26.62643290536562,0.2873991621066736,0.00039589617685792763,-0.8660284409405254,0.1996545453444919,0.0020624201992388534,-0.6194647405663396,0,70,255.0,255.0,255.0
1247,62.35,61.301449352725996,-0.23606156867225114,-26.670514472582646,0.2976649848337005,0.0004642684887119972,-0.8973505326266106,0.21097836373660692,0.0006724722749240886,-0.6334189268771381,0,70,255.0,255.0,255.0
1248,62.400000000000006,61.316601043180015,-0.23603809380244034,-26.716179587116873,0.3084969984803346,0.0004631434043503276,-0.9293703336282403,0.22230218212872352,-0.0007174756493908739,-0.6473731131879387,0,70,255.0,255.0,255.0
1249,62.45,61.33230848908935,-0.23601641262175305,-26.763463134434065,0.31989520304657304,0.00039252092377291866,-0.9620878439454054,0.23362600052083854,-0.002107423573705639,-0.6613272994987371,0,70,255.0,255.0,255.0
1250,62.5,61.3486,-0.236,-26.8124,0.3318595985324172,0.00025240104697977567,-0.9955030635781101,0.24494981891295087,-0.003497371498020405,-0.6752814858095348,0,70,255.0,255.0,255.0
1251,62.550000000000004,61.36549901054847,-0.235991382121243,-26.863018628537564,0.34409769037048243,9.97049189114773e-05,-1.0292295479520734,0.2445738546096164,-0.00261047362471101,-0.6737778891488815,0,70,255.0,255.0,255.0
1252,62.6,61.383009455733465,-0.23598929042654773,-26.915321701797993,0.3563169839933792,-8.646315491335312e-06,-1.0628808524929994,0.24419789030628197,-0.0017235757514017403,-0.6722742924882282,0,70,255.0,255.0,255.0
1253,62.650000000000006,61.40113039564422,-0.23599150767123103,-26.96930546078965,0.36851747940111096,-7.265265622869284e-05,-1.0964569772008972,0.2438219260029475,-0.000836677878092345,-0.6707706958275749,0,70,255.0,255.0,255.0
1254,62.7,61.41986089036998,-0.23599581661060953,-27.024966146520867,0.38069917659367425,-9.231410330057732e-05,-1.1299579220757576,0.24344596169961308,5.021999521692428e-05,-0.6692670991669216,0,70,255.0,255.0,255.0
1255,62.75,61.4392,-0.236,-27.0823,0.3928620755710709,-6.763065670700074e-05,-1.1633836871175858,0.24306999739627777,0.0009371178685261931,-0.6677635025062667,0,70,255.0,255.0,255.0
1256,62.800000000000004,61.45913804962481,-0.2360023091536534,-27.141282180484154,0.40448207641141354,-2.6715852503740904e-05,-1.195469367251198,0.22173003621739062,0.0006994742996040606,-0.6156637028381107,0,70,255.0,255.0,255.0
1257,62.85,61.47963042434015,-0.2360028696215578,-27.201803520225397,0.4150350791928104,2.316773253407996e-06,-1.224950057401398,0.2003900750385065,0.0004618307306819618,-0.5635639031699622,0,70,255.0,255.0,255.0
1258,62.900000000000006,61.5006237742431,-0.23600227551263547,-27.263733769724574,0.4245210839152644,1.946722056445425e-05,-1.2518257575681946,0.1790501138596194,0.0002241871617598292,-0.5114641035018062,0,70,255.0,255.0,255.0
1259,62.95,61.522064749430704,-0.23600112093580877,-27.326942679482496,0.4329400905787728,2.4735489429392914e-05,-1.2760964677515798,0.15771015268073524,-1.3456407162269518e-05,-0.45936430383365756,0,70,255.0,255.0,255.0
1260,63.0,61.5439,-0.236,-27.3913,0.440292099183337,1.812157984822734e-05,-1.2977621879515577,0.13637019150185026,-0.00025109997608436846,-0.4072645041655054,0,70,255.0,255.0,255.0
1261,63.050000000000004,61.566085590952305,-0.23599938126414335,-27.456698249525843,0.44714200398390014,7.158491103486365e-06,-1.3181889830431648,0.13762600052065121,-0.0001874235737052332,-0.4098072994987069,0,70,255.0,255.0,255.0
1262,63.1,61.58861524690591,-0.235999231087221,-27.52312101730043,0.4540546992354023,-6.207775222966975e-07,-1.3387429179014292,0.13888180953945198,-0.00012374717132610695,-0.4123500948319081,0,70,255.0,255.0,255.0
1263,63.150000000000006,61.61149210738336,-0.23599939027822694,-27.5905746603121,0.46103018493784553,-5.216226029124053e-06,-1.359423992526356,0.14013761855825294,-6.00707689469717e-05,-0.4148928901651096,0,70,255.0,255.0,255.0
1264,63.2,61.63471931190721,-0.23599969964615525,-27.65906553554918,0.4680684610912278,-6.6278544169944035e-06,-1.3802322069179405,0.14139342757705373,3.6056334321545513e-06,-0.4174356854983107,0,70,255.0,255.0,255.0
1265,63.25,61.6583,-0.236,-27.7286,0.4751695276955501,-4.855662685908623e-06,-1.401167561076185,0.14264923659585538,6.728203581128076e-05,-0.4199784808315048,0,70,255.0,255.0,255.0
1266,63.300000000000004,61.68223558656598,-0.2360001657897731,-27.799179221412494,0.48222990765294005,-1.9181119102045476e-06,-1.421918700576147,0.13976596169971825,5.021999521687224e-05,-0.4100670991669093,0,70,255.0,255.0,255.0
1267,63.35,61.70652058803621,-0.23600020602955818,-27.870783610572897,0.48914612386552214,1.6633683577879333e-07,-1.4421742709928764,0.1368826868035815,3.315795462246615e-05,-0.4001557175023152,0,70,255.0,255.0,255.0
1268,63.400000000000006,61.73114779622345,-0.23600016337445667,-27.943388389027064,0.4959181763332984,1.3976835520419932e-06,-1.461934272326379,0.13399941190744438,1.6095914028057622e-05,-0.3902443358377197,0,70,255.0,255.0,255.0
1269,63.45,61.75611000294046,-0.23600008047957013,-28.016968778320816,0.5025460650562669,1.7759282385846996e-06,-1.481198704576649,0.13111613701130764,-9.661265663484702e-07,-0.3803329541731257,0,70,255.0,255.0,255.0
1270,63.5,61.7814,-0.236,-28.0915,0.5090297900344284,1.3010708954071513e-06,-1.4999675677436894,0.12823286211517004,-1.8028167160754566e-05,-0.3704215725085316,0,70,255.0,255.0,255.0
1271,63.550000000000004,61.807010462783765,-0.23599995557676418,-28.166958464824216,0.5153623654043301,5.139565373318259e-07,-1.5183122146522463,0.1250701526808796,-1.3456407162255762e-05,-0.363364303833679,0,70,255.0,255.0,255.0
1272,63.6,61.83293360094924,-0.23599994479454625,-28.243325340408,0.5215368053025166,-4.4569820818476625e-08,-1.5363039981270579,0.1219074432465896,-8.884647163757608e-06,-0.35630703515882745,0,70,255.0,255.0,255.0
1273,63.650000000000006,61.85916150772282,-0.23599995622394626,-28.32058298357969,0.5275531097289893,-3.7450817904391495e-07,-1.5539429181681295,0.11874473381229915,-4.312887165258805e-06,-0.3492497664839749,0,70,255.0,255.0,255.0
1274,63.7,61.88568627633094,-0.23599997843556414,-28.39871375116758,0.5334112786837466,-4.7585853734439556e-07,-1.571228974775456,0.11558202437800916,2.588728332393497e-07,-0.3421924978091233,0,70,255.0,255.0,255.0
1275,63.75,61.9125,-0.236,-28.4777,0.5391113121667896,-3.4862089571998184e-07,-1.5881621679490399,0.11241931494372004,4.830632831737499e-06,-0.3351352291342682,0,70,255.0,255.0,255.0
1276,63.800000000000004,61.93959536229895,-0.23600001190317013,-28.557523719290693,0.5446886307298044,-1.3771423912275615e-07,-1.6047204408148557,0.1106734275768526,3.6056334321508083e-06,-0.32719568549831135,0,70,255.0,255.0,255.0
1277,63.85,61.966967408166845,-0.23600001479225674,-28.638165427795123,0.550178654924475,1.1942447495112723e-08,-1.6208817364988715,0.10892754020998541,2.380634032564291e-06,-0.3192561418623556,0,70,255.0,255.0,255.0
1278,63.900000000000006,61.994611772885264,-0.23600001172975824,-28.71960527665422,0.5555813847508031,1.0034916413366763e-07,-1.6366460550010917,0.10718165284311795,1.1556346329776e-06,-0.3113165982263988,0,70,255.0,255.0,255.0
1279,63.95,62.02252409173578,-0.23600000577817318,-28.80182341700887,0.560896820208787,1.2750591079288297e-07,-1.6520133963215118,0.10543576547625076,-6.936476660891675e-08,-0.30337705459044306,0,70,255.0,255.0,255.0
1280,64.0,62.0507,-0.236,-28.8848,0.5661249612984277,9.34126874727763e-08,-1.6669837604601343,0.10368987810938268,-1.2943641661954339e-06,-0.29543751095448734,0,70,255.0,255.0,255.0
1281,64.05,62.07913448802043,-0.23599999681055517,-28.968515458013034,0.5712271116764465,3.69004191592057e-08,-1.6815740220883257,0.10039613701137819,-9.661265663475185e-07,-0.2881729541732057,0,70,255.0,255.0,255.0
1282,64.10000000000001,62.107819966383396,-0.2359999960364267,-29.05295134841153,0.5761645749995664,-3.199969161979125e-09,-1.6958010558774572,0.09710239591337275,-6.378889664995098e-07,-0.280908397391922,0,70,255.0,255.0,255.0
1283,64.15,62.13674820073614,-0.23599999685702075,-29.138089509803475,0.5809373512677847,-2.6888477490755357e-08,-1.7096648618275205,0.09380865481536825,-3.0965136665159444e-07,-0.2736438406106404,0,70,255.0,255.0,255.0
1284,64.2,62.16591095672593,-0.23599999845174316,-29.22391178079695,0.5855454404811027,-3.416510582713678e-08,-1.7231654399385197,0.09051491371736374,1.8586233196321118e-08,-0.26637928382935877,0,70,255.0,255.0,255.0
1285,64.25,62.1953,-0.236,-29.3104,0.5899888426395204,-2.5029854171123376e-08,-1.7363027902104549,0.08722117261935747,3.4682383304423636e-07,-0.2591147270480807,0,70,255.0,255.0,255.0
1286,64.3,62.22490748561931,-0.23600000085460915,-29.397536048657148,0.5942909225644527,-9.887437514041037e-09,-1.749079470831881,0.08486202437794499,2.588728332390917e-07,-0.25195249780899337,0,70,255.0,255.0,255.0
1287,64.35000000000001,62.254727126299585,-0.23600000106203625,-29.485301978558837,0.5984750450773156,8.574291527867526e-10,-1.7614980399913562,0.08250287613653184,1.7092183343392212e-07,-0.244790268569904,0,70,255.0,255.0,255.0
1288,64.4,62.284753024170186,-0.23600000084215872,-29.57367988413193,0.6025412101781067,7.204745829353886e-09,-1.7735584976888734,0.08014372789511937,8.29708336287775e-08,-0.23762803933081666,0,70,255.0,255.0,255.0
1289,64.45,62.31497928136053,-0.23600000041485414,-29.66265185980335,0.6064894178668272,9.154512515664031e-09,-1.7852608439244366,0.07778457965370689,-4.980166176367138e-09,-0.23046581009172934,0,70,255.0,255.0,255.0
1290,64.5,62.3454,-0.236,-29.7522,0.610319668143477,6.706729211717204e-09,-1.7966050786980452,0.0754254314122953,-9.293116598151173e-08,-0.22330358085264201,0,70,255.0,255.0,255.0
1291,64.55,62.3760091695023,-0.23599999977100816,-29.84230594735835,0.6140251980656907,2.6493308969584266e-09,-1.8075640945841218,0.07279576547625922,-6.93647666088486e-08,-0.21505705459044447,0,70,255.0,255.0,255.0
1292,64.60000000000001,62.40680032841829,-0.23599999971542823,-29.93294953735321,0.6175992446911035,-2.297474491679121e-10,-1.8181107841570914,0.0701660995402224,-4.579836723617879e-08,-0.20681052832824456,0,70,255.0,255.0,255.0
1293,64.65,62.437766902583135,-0.23599999977434424,-30.02411015366886,0.6210418080197135,-1.930505826660178e-09,-1.828245147416948,0.06753643360418635,-2.2231967863515675e-08,-0.19856400206604702,0,70,255.0,255.0,255.0
1294,64.7,62.46890231783198,-0.23599999988884013,-30.11576717998967,0.6243528880515218,-2.452944235519353e-09,-1.8379671843636949,0.06490676766815028,1.334431509147447e-09,-0.19031747580384947,0,70,255.0,255.0,255.0
1295,64.75,62.5002,-0.236,-30.2079,0.6275324847865283,-1.7970626757454415e-09,-1.847276894997332,0.06227710173211509,2.4900830881810573e-08,-0.18207094954164837,0,70,255.0,255.0,255.0
1296,64.8,62.531653436371485,-0.23600000006135816,-30.300488161909406,0.6305842851727703,-7.098860737926714e-10,-1.8561841508316104,0.05979491371757103,1.8586233196302708e-08,-0.1742192838295062,0,70,255.0,255.0,255.0
1297,64.85000000000001,62.56325636002727,-0.23600000007625077,-30.393511872028416,0.6335119761582859,6.15606438848981e-11,-1.864698823380284,0.05731272570302626,1.2271635510793048e-08,-0.16636761811736178,0,70,255.0,255.0,255.0
1298,64.9,62.59500256549731,-0.23600000006046426,-30.486951501192692,0.6363155577430735,5.172774772868282e-10,-1.8728209126433482,0.05483053768848219,5.957037825285181e-09,-0.15851595240521962,0,70,255.0,255.0,255.0
1299,64.95,62.62688584731156,-0.23600000002978516,-30.58078742023798,0.6389950299271339,6.572644264133824e-10,-1.8805504186208049,0.05234834967393812,-3.575598602226836e-10,-0.15066428669307746,0,70,255.0,255.0,255.0
1300,65.0,62.6589,-0.236,-30.675,0.641550392710467,4.815214912645616e-10,-1.887887341312655,0.04986616165939228,-6.6721575457305435e-09,-0.14281262098092462,0,70,255.0,255.0,255.0
1301,65.05,62.69103868501176,-0.2359999999835591,-30.769570205003987,0.6439736612432893,1.9021339821225935e-10,-1.8948673020894677,0.047064579653505925,-4.9801661763622095e-09,-0.13638581009160478,0,70,255.0,255.0,255.0
1302,65.10000000000001,62.72329503147266,-0.23599999997956866,-30.864481374533224,0.646256850675818,-1.6495126371677723e-11,-1.9015259223218164,0.044262997647618776,-3.2881748069933936e-09,-0.12995899920228307,0,70,255.0,255.0,255.0
1303,65.15,62.755662035427676,-0.23599999998379861,-30.95971744156044,0.6483999610080515,-1.3860408248713202e-10,-1.9078632020096973,0.04146141564173242,-1.5961834376250592e-09,-0.12353218831296323,0,70,255.0,255.0,255.0
1304,65.2,62.78813269292179,-0.23599999999201907,-31.05526233905844,0.650402992239991,-1.7611347013417456e-10,-1.913879141153112,0.03865983363584606,9.580793174327485e-11,-0.11710537742364337,0,70,255.0,255.0,255.0
1305,65.25,62.8207,-0.236,-31.1511,0.652265944371636,-1.290232893128052e-10,-1.9195737397520607,0.0358582516299597,1.7877993011116101e-09,-0.11067856653431463,0,70,255.0,255.0,255.0
1306,65.3,62.85335742358147,-0.23600000000440532,-31.247213418074626,0.654017069854087,-5.096751905636601e-11,-1.9248906408105146,0.03418676766808693,1.3344315091461348e-09,-0.10199747580384987,0,70,255.0,255.0,255.0
1307,65.35000000000001,62.886100314082114,-0.23600000000547455,-31.34358182983879,0.655684621138445,4.419861601813219e-12,-1.9297734873324464,0.032515283706213684,8.810637171805305e-10,-0.09331638507338263,0,70,255.0,255.0,255.0
1308,65.4,62.91892449279202,-0.23600000000434113,-31.440183532565612,0.6572685982247087,3.713885266170097e-11,-1.9342222793178536,0.030843799744340913,4.27695925215055e-10,-0.08463529434291786,0,70,255.0,255.0,255.0
1309,65.45,62.951825781001276,-0.23600000000213847,-31.53699682352829,0.658769001112879,4.7189454123316295e-11,-1.9382370167667375,0.029172315782468143,-2.5671866750420376e-11,-0.0759542036124531,0,70,255.0,255.0,255.0
1310,65.5,62.9848,-0.236,-31.634,0.6601858298029554,3.457166598665911e-11,-1.9418176996790983,0.027500831820593596,-4.790396587158955e-10,-0.06727311288197946,0,70,255.0,255.0,255.0
1311,65.55,63.017842020662364,-0.23599999999881957,-31.731172122697473,0.661462059340322,1.3656678013204688e-11,-1.9450101346684763,0.0235483496740724,-3.5755986022232883e-10,-0.0604242866931472,0,70,255.0,255.0,255.0
1312,65.60000000000001,63.05094291219891,-0.23599999999853308,-31.82849530611171,0.6625406647703628,-1.1843200355750966e-12,-1.9478601283484134,0.019595867527550083,-2.3608006172872764e-10,-0.053575460504313,0,70,255.0,255.0,255.0
1313,65.65,63.08409279340428,-0.23599999999883678,-31.925952428177172,0.6634216460930772,-9.951328159671817e-12,-1.950367680718908,0.01564338538102889,-1.1460026323516093e-10,-0.04672663431548074,0,70,255.0,255.0,255.0
1314,65.7,63.11728178307309,-0.23599999999942697,-32.02352636682843,0.6641050033084656,-1.2644346359090532e-11,-1.9525327917799613,0.011690903234507697,6.87953525840572e-12,-0.039877808126648484,0,70,255.0,255.0,255.0
1315,65.75,63.1505,-0.236,-32.1212,0.6645907364165278,-9.263374633831278e-12,-1.9543554615315728,0.007738421087982061,1.2835933375197243e-10,-0.033028981937816226,0,70,255.0,255.0,255.0
1316,65.8,63.183738493769084,-0.23600000000031626,-32.21895569113545,0.6649346927846236,-3.6591929964527616e-12,-1.955804820515606,0.006019833635853287,9.580793174318097e-11,-0.024945377423515075,0,70,255.0,255.0,255.0
1317,65.85000000000001,63.21699203712226,-0.23600000000039303,-32.31677374571448,0.6651927197801131,3.17418540487173e-13,-1.9568499992739243,0.004301246183724024,6.325652973438026e-11,-0.016861772909211623,0,70,255.0,255.0,255.0
1318,65.9,63.25025633359089,-0.23600000000031165,-32.414633954725765,0.6653648174029961,2.666459976986264e-12,-1.9574909978065274,0.0025826587315952486,3.07051277255888e-11,-0.008778168394910472,0,70,255.0,255.0,255.0
1319,65.95,63.28352708670634,-0.2360000000001535,-32.51251610915803,0.6654509856532727,3.387931313045878e-12,-1.9577278161134155,0.0008640712794664744,-1.84627428320266e-12,-0.0006945638806093168,0,70,255.0,255.0,255.0
1320,66.0,63.3168,-0.236,-32.6104,0.6654512245309426,2.4818325486660057e-12,-1.9575604541945886,-0.0008545161726614126,-3.439767629199413e-11,0.007389040633697164,0,70,255.0,255.0,255.0
1321,66.05,63.35007040426131,-0.23599999999991525,-32.7082659127607,0.6653431695211847,9.800939726063635e-13,-1.957018583269061,-0.003467684217659113,-2.5671866750394976e-11,0.014285796387411728,0,70,255.0,255.0,255.0
1322,66.10000000000001,63.38333213931209,-0.2359999999998947,-32.806096111030456,0.6651044561091767,-8.535412637358692e-14,-1.9561318745558471,-0.006080852262657556,-1.6946057208793342e-11,0.021182552141128252,0,70,255.0,255.0,255.0
1323,66.15,63.4165786722322,-0.2359999999999165,-32.90387335291984,0.6647350842949189,-7.145117482732388e-13,-1.954900328054948,-0.008694020307655256,-8.220247667194187e-12,0.028079307894842816,0,70,255.0,255.0,255.0
1324,66.2,63.44980347010154,-0.2359999999999589,-33.00158039653948,0.6642350540784112,-9.073788930929586e-13,-1.953323943766363,-0.011307188352652956,5.055618744049708e-13,0.034976063648557376,0,70,255.0,255.0,255.0
1325,66.25,63.483,-0.236,-33.0992,0.6636043654596537,-6.639555608327449e-13,-1.9514027216900922,-0.013920356397649769,9.23137141600413e-12,0.04187281940228438,0,70,255.0,255.0,255.0
1326,66.3,63.516161489185656,-0.2360000000000226,-33.196714257821725,0.6628286291305785,-2.6118289397269047e-13,-1.9490968464081981,-0.017109096765359228,6.879535258398961e-12,0.05036219187348424,0,70,255.0,255.0,255.0
1327,66.35000000000001,63.54928020562942,-0.23600000000002805,-33.29410261016378,0.6618934557831176,2.3997965007176544e-14,-1.9463665025027432,-0.020297837133069596,4.527699100793124e-12,0.05885156434468651,0,70,255.0,255.0,255.0
1328,66.4,63.582348177480334,-0.23600000000002216,-33.39134383359495,0.6607988454172714,1.9158701610669396e-13,-1.943211689973729,-0.02348657750077906,2.175862943187955e-12,0.06734093681588636,0,70,255.0,255.0,255.0
1329,66.45,63.61535743288751,-0.23600000000001087,-33.488416704684084,0.6595447980330399,2.4158425932595946e-13,-1.939632408821155,-0.026675317868488514,-1.7597321441721517e-13,0.07583030928708623,0,70,255.0,255.0,255.0
1330,66.5,63.6483,-0.236,-33.5853,0.6581313136304228,1.739896946649734e-13,-1.935628659045021,-0.0298640582361962,-2.527809372022385e-12,0.08431968175829674,0,70,255.0,255.0,255.0
1331,66.55,63.681168438996025,-0.2359999999999942,-33.6819730559524,0.6565903139565048,6.463760328439838e-14,-1.931234031098081,-0.03177592872052511,-1.846274283200865e-12,0.09146543611931429,0,70,255.0,255.0,255.0
1332,66.60000000000001,63.713957438170254,-0.23599999999999294,-33.77841744831452,0.65495372075837,-1.0637733655119173e-14,-1.9264821154330884,-0.033687799204854554,-1.1647391943791515e-12,0.09861119048033389,0,70,255.0,255.0,255.0
1333,66.65,63.746662217846456,-0.2359999999999947,-33.87461531270042,0.6532215340360191,-5.183631615353638e-14,-1.9213729120500467,-0.03559966968918346,-4.832041055576316e-13,0.10575694484135144,0,70,255.0,255.0,255.0
1334,66.7,63.77927799834845,-0.23599999999999755,-33.97054878472421,0.6513937537894519,-5.895814421087957e-14,-1.915906420948954,-0.03751154017351237,1.983309832638879e-13,0.112902699202369,0,70,255.0,255.0,255.0
1335,66.75,63.8118,-0.236,-34.0662,0.6494703800186681,-3.200321782714872e-14,-1.9100826421298103,-0.039423410657844826,8.798660720854076e-13,0.120048453563399,0,70,255.0,255.0,255.0
1336,66.8,63.84422315483023,-0.23600000000000065,-34.16155111836866,0.6474341150434042,2.6324808350969506e-15,-1.9039030291995134,-0.042027188352718375,5.055618744044981e-13,0.12713606364848604,0,70,255.0,255.0,255.0
1337,66.85000000000001,63.8765412416896,-0.23600000000000002,-34.25658439657823,0.6452676611833958,1.8552969613300084e-14,-1.8973690357649606,-0.04463096604759267,1.3125767672348226e-13,0.1342236737335751,0,70,255.0,255.0,255.0
1338,66.9,63.90874775113384,-0.2359999999999991,-34.35128211560344,0.6429710184386446,1.5758248507451615e-14,-1.890480661826155,-0.04723474374246622,-2.4304652095742726e-13,0.14131128381866215,0,70,255.0,255.0,255.0
1339,66.95,63.940836173718715,-0.2359999999999988,-34.4456265564191,0.6405441868091495,-5.7516824824412665e-15,-1.8832379073830952,-0.04983852143733977,-6.173507186383369e-13,0.1483988939037492,0,70,255.0,255.0,255.0
1340,67.0,63.9728,-0.236,-34.5396,0.6379871662949108,-4.597682335637851e-14,-1.8756407724357809,-0.052442299132211545,-9.91654916319246e-13,0.15548650398883623,0,70,255.0,255.0,255.0
1341,67.05,64.00463254168301,-0.2360000000000032,-34.633184070572916,0.6352892258698934,-7.516752662478622e-14,-1.8676498521038782,-0.055475317868487126,-1.7597321441712813e-13,0.16415030928729046,0,70,255.0,255.0,255.0
1342,67.10000000000001,64.03632639507138,-0.23600000000000684,-34.726357765372654,0.6324396345080616,-6.357414479808122e-14,-1.8592257415070503,-0.05850833660476356,6.397084874852217e-13,0.17281411458574714,0,70,255.0,255.0,255.0
1343,67.15,64.06787397761822,-0.23600000000000884,-34.81909942488589,0.6294383922094167,-1.1196677876270156e-14,-1.850368440645302,-0.06154135534103914,1.4553901893873398e-12,0.18147791988420137,0,70,255.0,255.0,255.0
1344,67.2,64.09926770677671,-0.23600000000000726,-34.911387389599426,0.626285498973958,8.196487414064449e-14,-1.8410779495186311,-0.06457437407731471,2.2710718912894576e-12,0.1901417251826556,0,70,255.0,255.0,255.0
1345,67.25,64.1305,-0.236,-35.0032,0.6229809548016856,2.1591051125266276e-13,-1.8313542681270376,-0.06760739281359385,3.0867535931915757e-12,0.19880553048110272,0,70,255.0,255.0,255.0
1346,67.3,64.16156347843767,-0.23599999999998653,-35.09451659933961,0.6195369814770118,2.9803762566404776e-13,-1.8212575623849567,-0.07015154017337102,1.9833098326401352e-13,0.20506269920215664,0,70,255.0,255.0,255.0
1347,67.35000000000001,64.1924515780249,-0.2359999999999726,-35.18532054193125,0.6159658007843478,2.3574360957902475e-13,-1.8108479982068202,-0.07269568753314894,-2.6900916266643702e-12,0.21131986792321236,0,70,255.0,255.0,255.0
1348,67.4,64.22315793839331,-0.23599999999996538,-35.27559618485304,0.6122674127236962,2.902846299762886e-14,-1.8001255755926338,-0.07523983489292611,-5.5785142365919324e-12,0.21757703664426628,0,70,255.0,255.0,255.0
1349,67.45,64.25367619917446,-0.2359999999999721,-35.365327885183234,0.6084418172950556,-3.221078140801369e-13,-1.7890902945423948,-0.0777839822527033,-8.466936846519494e-12,0.22383420536532023,0,70,255.0,255.0,255.0
1350,67.5,64.284,-0.236,-35.4545,0.6044890144984263,-8.176652216542725e-13,-1.777742155056103,-0.08032812961248226,-1.1355359456447058e-11,0.2300913740863706,0,70,255.0,255.0,255.0
1351,67.55,64.31412314456631,-0.23600000000005059,-35.5430959320686,0.6004188482221778,-1.116982976031405e-12,-1.7660238983563474,-0.08247852143746735,-6.173507186389262e-13,0.23863889390387905,0,70,255.0,255.0,255.0
1352,67.60000000000001,64.34404009282903,-0.23600000000010274,-35.63109526690247,0.5962411623546788,-8.794002935180179e-13,-1.753878265665713,-0.08462891326245306,1.012065801917226e-11,0.24718641372138994,0,70,255.0,255.0,255.0
1353,67.65,64.37374546880861,-0.2360000000001296,-35.71847663570201,0.5919559568959318,-1.0491717411424537e-13,-1.7413052569842062,-0.08677930508743817,2.085866675698039e-11,0.2557339335388984,0,70,255.0,255.0,255.0
1354,67.7,64.40323389652545,-0.23600000000010427,-35.8052186696677,0.5875632318459355,1.2064663821799032e-12,-1.7283048723118244,-0.08892969691242326,3.159667549478852e-11,0.26428145335640685,0,70,255.0,255.0,255.0
1355,67.75,64.4325,-0.236,-35.8913,0.58306298720469,3.054750375364427e-12,-1.714877111648567,-0.09108008873741014,4.2334684232596655e-11,0.27282897317392063,0,70,255.0,255.0,255.0
1356,67.8,64.46153834329708,-0.235999999999811,-35.97669967238595,0.5784516256343152,4.169894278461573e-12,-1.7010468441896536,-0.09337437407759012,2.271071891291692e-12,0.2803817251826479,0,70,255.0,255.0,255.0
1357,67.85000000000001,64.49034325065898,-0.23599999999961638,-36.061398390458976,0.5737255497969301,3.281857564493047e-12,-1.6868389391302998,-0.09566865941777078,-3.779254045002466e-11,0.2879344771913774,0,70,255.0,255.0,255.0
1358,67.9,64.51890898637235,-0.23599999999951624,-36.14537727233899,0.5688847596925374,3.9064023345935334e-13,-1.6722533964705135,-0.09796294475795077,-7.785615279132963e-11,0.2954872292001047,0,70,255.0,255.0,255.0
1359,67.95,64.54722981472378,-0.23599999999961072,-36.22861743614601,0.5639292553211356,-4.5037577146394765e-12,-1.657290216210291,-0.10025723009813077,-1.179197651326346e-10,0.303039981208832,0,70,255.0,255.0,255.0
1360,68.0,64.5753,-0.236,-36.3111,0.5588590366827249,-1.1401336279803435e-11,-1.6419493983496318,-0.10255151543831076,-1.5798337747393953e-10,0.31059273321756464,0,70,255.0,255.0,255.0
1361,68.05,64.60311308224533,-0.23600000000070523,-36.392806178387566,0.55363064924046,-1.5562594137814882e-11,-1.626236724885061,-0.1065839822522951,-8.466936846527837e-12,0.3179142053653034,0,70,255.0,255.0,255.0
1362,68.10000000000001,64.63065970453503,-0.23600000000143168,-36.47371757126174,0.5482006384574943,-1.2248029964454165e-11,-1.6101579778130986,-0.11061644906628058,1.4104950378092635e-10,0.3252356775130442,0,70,255.0,255.0,255.0
1363,68.15,64.65792978570208,-0.2360000000018054,-36.553815874942096,0.542569004333831,-1.4576437597231648e-12,-1.593713157133754,-0.11464891588026492,2.9056594440833807e-10,0.332557149660783,0,70,255.0,255.0,255.0
1364,68.2,64.68491324457942,-0.2360000000014528,-36.63308278574831,0.5367357468694686,1.680856447637799e-11,-1.5769022628470222,-0.11868138269424927,4.4008238503574973e-10,0.33987862180852174,0,70,255.0,255.0,255.0
1365,68.25,64.7116,-0.236,-36.7115,0.5307008660644069,4.255059474384931e-11,-1.5597252949529037,-0.12271384950822917,5.895988256631614e-10,0.34720009395626406,0,70,255.0,255.0,255.0
1366,68.3,64.73798132772158,-0.23599999999736798,-36.78904921406378,0.5245457774038895,5.8080482272797944e-11,-1.542182256270088,-0.12348969691247844,3.15966754948196e-11,0.35452145335640384,0,70,255.0,255.0,255.0
1367,68.35000000000001,64.76405393120088,-0.23599999999465693,-36.86571212449419,0.518351896373158,4.57102622933236e-11,-1.5242731496172601,-0.12426554431672794,-5.264054746736808e-10,0.3618428127565457,0,70,255.0,255.0,255.0
1368,68.4,64.78981587081941,-0.23599999999326193,-36.94147042789268,0.5121192229722158,5.43993480543332e-12,-1.5059979749944303,-0.12504139172097722,-1.0844076248420228e-09,0.36916417215668546,0,70,255.0,255.0,255.0
1369,68.45,64.8152652069586,-0.23599999999457796,-37.016305820860794,0.505847757201061,-6.273050019087252e-11,-1.4873567324015937,-0.1258172391252265,-1.6424097750103646e-09,0.3764855315568252,0,70,255.0,255.0,255.0
1370,68.5,64.8404,-0.236,-37.0902,0.49953749905969386,-1.588010426955938e-10,-1.4683494218387503,-0.1265930865294762,-2.200411925178706e-09,0.38380689095695963,0,70,255.0,255.0,255.0
1371,68.55,64.86521680686833,-0.23600000000982288,-37.16313456535731,0.49309824114399897,-2.1675933495337692e-10,-1.448970250034605,-0.13097723009833298,-1.1791976513275052e-10,0.3913599812088996,0,70,255.0,255.0,255.0
1372,68.60000000000001,64.88970617066143,-0.2360000000199405,-37.2350907307616,0.4864397760498594,-1.7059301920884027e-10,-1.4292134237178569,-0.13536137366719098,1.964572394913797e-09,0.39891307146084165,0,70,255.0,255.0,255.0
1373,68.65,64.91385713102035,-0.23600000002514676,-37.306049613487225,0.4795621037772788,-2.0302095462010097e-11,-1.4090789428885173,-0.13974551723604775,4.047064554959752e-09,0.4064661617127816,0,70,255.0,255.0,255.0
1374,68.7,64.93765872758618,-0.2360000000202353,-37.375992330808565,0.4724652243262554,2.34113436287112e-10,-1.3885668075465811,-0.1441296608049045,6.1295567150057076e-09,0.41401925196472156,0,70,255.0,255.0,255.0
1375,68.75,64.9611,-0.236,-37.4449,0.4651491376967891,5.926535760385259e-10,-1.3676770176920479,-0.14851380437376438,8.212048875051662e-09,0.42157234221665973,0,70,255.0,255.0,255.0
1376,68.8,64.98417144480506,-0.23599999996334056,-37.512753324506996,0.45770125802009104,8.089568575407098e-10,-1.3463847435914231,-0.14940138269417597,4.4008238503618106e-10,0.43011862180838156,0,70,255.0,255.0,255.0
1377,68.85000000000001,65.00686938615341,-0.23599999992558093,-37.57953135245949,0.45020899942737025,6.366618145420374e-10,-1.324665155511206,-0.1502889610145878,-7.331884104981507e-09,0.4386649014001059,0,70,255.0,255.0,255.0
1378,68.9,65.02919160509921,-0.23599999990615103,-37.64521271815847,0.442672361918631,7.576844704260696e-11,-1.3025182534514088,-0.15117653933499942,-1.5103850594996986e-08,0.4472111809918277,0,70,255.0,255.0,255.0
1379,68.95,65.05113588269667,-0.23599999992448073,-37.70977605590496,0.43509134549387113,-8.737232449575756e-10,-1.2799440374120257,-0.152064117655411,-2.2875817085012465e-08,0.4557574605835496,0,70,255.0,255.0,255.0
1380,69.0,65.0727,-0.236,-37.7732,0.42746595015309075,-2.2118132614585098e-09,-1.2569425073930565,-0.15295169597582348,-3.064778357502795e-08,0.46430374017527143,0,70,255.0,255.0,255.0
1381,69.05,65.09388061391137,-0.2360000001368148,-37.83546413661469,0.4197287267755667,-3.019068095209462e-09,-1.2335707755997558,-0.1565372391251543,-1.6424097750119795e-09,0.47056553155680697,0,70,255.0,255.0,255.0
1382,69.10000000000001,65.11466988472495,-0.23600000027773566,-37.8965518594005,0.41181222624057395,-2.3760542389593093e-09,-1.2098859542373717,-0.16012278227448612,2.7362964025012234e-08,0.4768273229383443,0,70,255.0,255.0,255.0
1383,69.15,65.1350588485828,-0.2360000003502491,-37.956447513878956,0.40371644854811684,-2.8277169270841693e-10,-1.1858880433059173,-0.16370832542381694,5.6368337825028206e-08,0.4830891143198798,0,70,255.0,255.0,255.0
1384,69.2,65.15503854162712,-0.23600000028184165,-38.01513544557161,0.39544139369819314,3.260779543543189e-09,-1.1615770428053864,-0.16729386857314774,8.537371162504417e-08,0.4893509057014153,0,70,255.0,255.0,255.0
1385,69.25,65.1746,-0.236,-38.0726,0.38698706169080294,8.254599469795513e-09,-1.1369529527357787,-0.17087941172248167,1.1437908542506015e-07,0.4956126970829544,0,70,255.0,255.0,255.0
1386,69.3,65.19373489954943,-0.23599999948940015,-38.12882452903423,0.3783918348776221,1.1267315523297139e-08,-1.1119561540095815,-0.17292966080477112,6.129556715011752e-09,0.5042592519649874,0,70,255.0,255.0,255.0
1387,69.35000000000001,65.21243747494685,-0.23599999896347637,-38.18378840993857,0.36969409561032435,8.867555141295201e-09,-1.0865270275392755,-0.17497990988706116,-1.021199719950674e-07,0.5129058068470229,0,70,255.0,255.0,255.0
1388,69.4,65.23070260056957,-0.23599999869285254,-38.23747002632577,0.36089384388891455,1.0553183237910635e-09,-1.0606655733248749,-0.1770301589693506,-2.103695007051158e-07,0.5215523617290561,0,70,255.0,255.0,255.0
1389,69.45,65.24852515079483,-0.2359999989481525,-38.28984776180865,0.3519910797133903,-1.2169394929215189e-08,-1.034371791366373,-0.17908040805164005,-3.186190294151642e-07,0.5301989166110891,0,70,255.0,255.0,255.0
1390,69.5,65.2659,-0.236,-38.3409,0.3429858030837515,-3.0806584617723545e-08,-1.007645681663769,-0.18113065713393262,-4.268685581252126e-07,0.5388454714931257,0,70,255.0,255.0,255.0
1391,69.55,65.28282138789088,-0.2360000019055846,-38.39060574724836,0.33383993371401177,-4.20501939979791e-08,-0.9805246083618607,-0.18470411765567643,-2.2875817085035038e-08,0.5459974605832709,0,70,255.0,255.0,255.0
1392,69.60000000000001,65.29928101548764,-0.23600000386835876,-38.43894650084528,0.3245153913181822,-3.3094166326221497e-08,-0.9530459356054373,-0.1882775781774213,3.811169239552573e-07,0.5531494496734181,0,70,255.0,255.0,255.0
1393,69.65,65.31526994913895,-0.23600000487834064,-38.485904380818,0.31501217589626807,-3.938501602455846e-09,-0.9252096633945143,-0.19185103869916512,7.851096649954348e-07,0.5603014387635633,0,70,255.0,255.0,255.0
1394,69.7,65.33077925519349,-0.23600000392554832,-38.531461507193825,0.3053302874482668,4.541680017331753e-08,-0.8970157917290841,-0.19542449922090893,1.1891024060356125e-06,0.5674534278537084,0,70,255.0,255.0,255.0
1395,69.75,65.3458,-0.236,-38.5756,0.2954697259741783,1.1497173900109867e-07,-0.8684643206091466,-0.19899795974265366,1.59309514707579e-06,0.5746054169438528,0,70,255.0,255.0,255.0
1396,69.8,65.36032434888702,-0.23599999288826137,-38.618302081972296,0.285496430266284,1.5693346046861925e-07,-0.8395614125430151,-0.19993386857314088,8.53737116251282e-08,0.5815109057014725,0,70,255.0,255.0,255.0
1397,69.85000000000001,65.3743488631026,-0.2359999855630885,-38.65955038668035,0.27547633911686253,1.2350911016359076e-07,-0.8103132300389942,-0.20086977740362835,-1.4223477238259623e-06,0.5884163944590941,0,70,255.0,255.0,255.0
1398,69.9,65.38787120287468,-0.2359999817937849,-38.69932765040223,0.26540945252591946,1.4698688086032234e-08,-0.7807197730971007,-0.20180568623411557,-2.9300691592766238e-06,0.5953218832167138,0,70,255.0,255.0,255.0
1399,69.95,65.40088902843117,-0.2359999853496542,-38.73761660941609,0.2552957704934521,-1.6949780576405496e-07,-0.7507810417173263,-0.20274159506460276,-4.437790594727286e-06,0.6022273719743334,0,70,255.0,255.0,255.0
1400,70.0,65.4134,-0.236,-38.7744,0.24513529301946033,-4.290803713866711e-07,-0.720497035899671,-0.2036775038950902,-5.94551203017795e-06,0.6091328607319504,0,70,255.0,255.0,255.0
1401,70.05,65.42540041656103,-0.23600002654136984,-38.80965952486245,0.23484634522080283,-5.856836478764979e-07,-0.6898057414660951,-0.2078804080512328,-3.1861902941547824e-07,0.6185189166111561,0,70,255.0,255.0,255.0
1402,70.10000000000001,65.43688113210193,-0.2360000538792873,-38.84337275243338,0.2243472522143352,-4.6094227432814156e-07,-0.6586451442385499,-0.2120833122073766,5.308273971348592e-06,0.6279049724903645,0,70,255.0,255.0,255.0
1403,70.15,65.44783163936235,-0.2360000679465198,-38.87551621757307,0.21363801400006344,-5.485625074167328e-08,-0.6270152442170533,-0.2162862163635192,1.0935166972111064e-05,0.6372910283695703,0,70,255.0,255.0,255.0
1404,70.2,65.45824143108183,-0.23600005467583485,-38.906066455141854,0.2027186305779845,6.325744228829029e-07,-0.5949160414015965,-0.2204891205196618,1.6562059972873535e-05,0.646677084248776,0,70,255.0,255.0,255.0
1405,70.25,65.4681,-0.236,-38.935,0.1915891019480985,1.6013497465455858e-06,-0.5623475357921794,-0.2246920246758053,2.2188952973636003e-05,0.6560631401279853,0,70,255.0,255.0,255.0
1406,70.3,65.47739798486884,-0.2359999009462592,-38.9622958185779,0.18031818885066941,2.1858011310373722e-06,-0.5294556215926409,-0.22614449922138344,1.189102406036784e-06,0.6596134278536316,0,70,255.0,255.0,255.0
1407,70.35000000000001,65.48613060848963,-0.23599979891976236,-38.98794260358617,0.1689746520259582,1.7202599871489762e-06,-0.4963861930068106,-0.22759697376696197,-1.9810748161568405e-05,0.663163715579279,0,70,255.0,255.0,255.0
1408,70.4,65.49429423967598,-0.23599974642013594,-39.01193147930548,0.1575584914739713,2.0472631488066045e-07,-0.4631392500347074,-0.22904944831254012,-4.081059872916762e-05,0.6667140033049255,0,70,255.0,255.0,255.0
1409,70.45,65.50188524724157,-0.23599979594700635,-39.03425357001653,0.14606970719470552,-2.3607998857675557e-06,-0.42971479267632184,-0.23050192285811824,-6.181044929676684e-05,0.6702642910305718,0,70,255.0,255.0,255.0
1410,70.5,65.5089,-0.236,-39.0549,0.13450829918816082,-5.976318614795672e-06,-0.39611282093165395,-0.2319543974036955,-8.281029986436606e-05,0.6738145787562204,0,70,255.0,255.0,255.0
1411,70.55,65.51533324396362,-0.23600036967359336,-39.07385480082597,0.12277689937645264,-8.15752087627299e-06,-0.36190777216338726,-0.23730159506465812,-4.437790594731647e-06,0.6943873719745246,0,70,255.0,255.0,255.0
1412,70.60000000000001,65.52117323393959,-0.23600075044166322,-39.091073633221995,0.11077813968169291,-6.42009767426776e-06,-0.3266740837341953,-0.24264879272562226,7.393471867492502e-05,0.7149601651928347,0,70,255.0,255.0,255.0
1413,70.65,65.52640660193374,-0.2360009463729364,-39.10650506520504,0.09851202010388842,-7.640490087809692e-07,-0.290411755644098,-0.24799599038658487,0.00015230722794455943,0.7355329584111389,0,70,255.0,255.0,255.0
1414,70.7,65.53101997995192,-0.23600076153613972,-39.120097664792056,0.08597854064303584,8.81062512018732e-06,-0.25312078789308556,-0.2533431880475475,0.00023067973721419387,0.7561057516294432,0,70,255.0,255.0,255.0
1415,70.75,65.535,-0.236,-39.1318,0.07317770129913512,2.23039247126371e-05,-0.21480118048115796,-0.25869038570851033,0.0003090522464838281,0.776678544847748,0,70,255.0,255.0,255.0
1416,70.8,65.53834023927665,-0.2359986203593673,-39.14158577811825,0.06052621364344331,3.0444282374054584e-05,-0.1769612897537505,-0.2473691205191909,1.6562059972889795e-05,0.7369170842486368,0,70,255.0,255.0,255.0
1417,70.85000000000001,65.541062055752,-0.23599719931358468,-39.14952926352587,0.04844078924721408,2.396013070992206e-05,-0.14110947205628857,-0.23604785532986827,-0.0002759281265381317,0.6971556236495141,0,70,255.0,255.0,255.0
1418,70.9,65.54319375258902,-0.2359964680881184,-39.15572985987438,0.036921428110454305,2.8514697202432145e-06,-0.10724572738879257,-0.22472659014054885,-0.0005684183130490701,0.6573941630504029,0,70,255.0,255.0,255.0
1419,70.95,65.5447636329507,-0.23599715790843473,-39.16028697081526,0.02596813023316047,-3.288170059498171e-05,-0.07537005575125201,-0.21340532495122944,-0.0008609084995600085,0.6176327024512915,0,70,255.0,255.0,255.0
1420,71.0,65.5458,-0.236,-39.1633,0.015580895615332572,-8.323938023575272e-05,-0.04548245714366692,-0.20208405976191024,-0.0011533986860709465,0.5778712418521803,0,70,255.0,255.0,255.0
1421,71.05,65.54634739892977,-0.23600514888893737,-39.16491088670104,0.006734246049829424,-0.00011361960861994536,-0.020135068821602743,-0.15178192285823583,-6.181044929682764e-05,0.43602429103044454,0,70,255.0,255.0,255.0
1422,71.10000000000001,65.54651534305239,-0.236010452303998,-39.16543171267451,0.0004027033295084092,-8.94204251654205e-05,-0.0018800280406207678,-0.10147978595454714,0.0010297777874776013,0.2941773402086684,0,70,255.0,255.0,255.0
1423,71.15,65.54642958771015,-0.23601318127458995,-39.16521709529746,-0.003413732545626871,-1.0641829872191943e-05,0.009282665199268632,-0.05117764905087274,0.0021213660242517204,0.15233038938693266,0,70,255.0,255.0,255.0
1424,71.2,65.54621588824527,-0.23601060683012126,-39.16462165194694,-0.0047150615755785705,0.00012271617725973953,0.013353010898071636,-0.0008755121471983318,0.0032129542610258395,0.010483438565196956,0,70,255.0,255.0,255.0
1425,71.25,65.546,-0.236,-39.164,-0.0035012837603466945,0.00031065359623037376,0.01033100905578825,0.04942662475647608,0.004304542497799957,-0.13136351225653897,0,70,255.0,255.0,255.0
1426,71.3,65.54588136500426,-0.23598078408488313,-39.163635475077584,-0.0013511978426285324,0.0004240341521057268,0.004493565040115086,0.036576811952255296,0.0002306797372144207,-0.10213424837040083,0,70,255.0,255.0,255.0
1427,71.35000000000001,65.54585417203839,-0.2359609914704232,-39.163526285776086,0.00015639743487896418,0.0003337215699517599,0.00011758421874771092,0.02372699914803086,-0.0038431830233722746,-0.07290498448425439,0,70,255.0,255.0,255.0
1428,71.4,65.54588629657042,-0.2359508068135218,-39.163599358935805,0.0010215020721749389,3.971584976852449e-05,-0.0027969334083113914,0.010877186343810075,-0.007917045783957811,-0.043675720598116266,0,70,255.0,255.0,255.0
1429,71.45,65.54594561406829,-0.2359604147710802,-39.16378162139701,0.0012441160692599094,-0.0004579830084439761,-0.004249987841063665,-0.0019726264604107077,-0.011990908544543348,-0.014446456711978126,0,70,255.0,255.0,255.0
1430,71.5,65.546,-0.236,-39.164,0.0008242394261338791,-0.0011593750046857423,-0.0042415790795091255,-0.01482243926463149,-0.016064771305128886,0.014782807174159994,0,70,255.0,255.0,255.0
1431,71.55,65.5460247410532,-0.23607171477153005,-39.16418881298865,0.00020654532073573957,-0.0015825169998029617,-0.0032151913388725056,-0.009885324951295496,-0.0008609084995608567,0.026272702451307146,0,70,255.0,255.0,255.0
1432,71.60000000000001,65.546024768794,-0.23614558181430897,-39.164311944221154,-0.00016429306899568453,-0.0012454658546416195,-0.0016143088343780235,-0.004948210637958099,0.014342954306011495,0.03776259772845757,0,70,255.0,255.0,255.0
1433,71.65,65.54601242600823,-0.23618359147132292,-39.164340668959355,-0.00028827574306018256,-0.00014822156920190612,0.0005610684339734098,-1.1096324622105608e-05,0.029546817111579526,0.04925249300560472,0,70,255.0,255.0,255.0
1434,71.7,65.54600005548163,-0.2361477340855579,-39.16424626246503,-0.00016540270145789506,0.0017092158565161653,0.0033109404661821685,0.004926017988713886,0.044750679917147554,0.06074238828275187,0,70,255.0,255.0,255.0
1435,71.75,65.546,-0.236,-39.164,0.00020432605581117798,0.004326846422512595,0.006635307262248252,0.009863132302049875,0.05995454272271557,0.07223228355989902,0,70,255.0,255.0,255.0
1436,71.8,65.54602527078299,-0.2357027568289967,-39.163548472967854,0.0008610165596830472,0.007682033847105908,0.012015200315376251,0.016404487852826388,0.0742529542610246,0.1429634385652332,0,70,255.0,255.0,255.0
1437,71.85000000000001,65.5460915527856,-0.2352198812723407,-39.1627395373393,0.0018447748410940496,0.011752141848615892,0.020931651118773795,0.02294584340360476,0.08855136579933769,0.21369459357058743,0,70,255.0,255.0,255.0
1438,71.9,65.54621519939673,-0.23451562730118647,-39.16139636522681,0.003155600900043626,0.016537170427040226,0.03338465967243581,0.029487198954381275,0.10284977733764672,0.2844257485759216,0,70,255.0,255.0,255.0
1439,71.95,65.54641256400522,-0.23355424888668816,-39.15934212874288,0.00479349473653201,0.022037119582379975,0.04937422597636434,0.03602855450515779,0.11714818887595574,0.35515690358125573,0,70,255.0,255.0,255.0
1440,72.0,65.5467,-0.2323,-39.1564,0.0067584563505592,0.028251989314635136,0.06890035003055936,0.042569910055934294,0.13144660041426476,0.42588805858658985,0,70,255.0,255.0,255.0
1441,72.05,65.54709177581488,-0.23073965791248335,-39.152426895139946,0.008925388440451319,0.03383038161137792,0.08993839007742224,0.04410737353975539,0.09168909145545945,0.4156335432879734,0,70,255.0,255.0,255.0
1442,72.10000000000001,65.54759382006363,-0.22895009309632752,-39.14741470642167,0.011169193704535138,0.0374208984601813,0.11046370435936011,0.045644837023576926,0.051931582496642856,0.4053790279893541,0,70,255.0,255.0,255.0
1443,72.15,65.5482099764049,-0.22703069932393063,-39.14138907013342,0.013489872142809379,0.03902353986104321,0.13047629287636126,0.047182300507398016,0.012174073537837546,0.3951245126907377,0,70,255.0,255.0,255.0
1444,72.2,65.54894408849748,-0.2250808703676891,-39.13437562256345,0.01588742375527467,0.038638305813964983,0.1499761556284316,0.04871976399121911,-0.02758343542096775,0.38486999739212124,0,70,255.0,255.0,255.0
1445,72.25,65.5498,-0.2232,-39.1264,0.018361848541931014,0.0362651963189466,0.1689632926155712,0.05025722747504019,-0.06734094437977312,0.3746154820935037,0,70,255.0,255.0,255.0
1446,72.3,65.55078202595749,-0.22148261152107043,-39.11747994647236,0.020941429678523617,0.03219643970738122,0.1879112393749713,0.052926017988669784,-0.09540932008285123,0.38330238828254426,0,70,255.0,255.0,255.0
1447,72.35000000000001,65.55189636695995,-0.22000374634234757,-39.10760163697401,0.02365445034079848,0.026724264310660262,0.207293531443829,0.05559480850230014,-0.12347769578593731,0.39198929447158726,0,70,255.0,255.0,255.0
1448,72.4,65.55314969498366,-0.21883357540309,-39.09674335423948,0.026500910528754067,0.019848670128786834,0.22711016882213325,0.058263599015929736,-0.15154607148901544,0.40067620066062776,0,70,255.0,255.0,255.0
1449,72.45,65.5545486820049,-0.2180422696425549,-39.08488338100331,0.029480810242391124,0.01156965716175958,0.24736115150988952,0.06093238952955934,-0.17961444719209352,0.40936310684966826,0,70,255.0,255.0,255.0
1450,72.5,65.5561,-0.2177,-39.072,0.032594149481709654,0.0018872254095785043,0.26804647950709776,0.06360118004318888,-0.2076828228951716,0.41805001303870837,0,70,255.0,255.0,255.0
1451,72.55,65.55781052035516,-0.21787709600323535,-39.05807331897063,0.03585289284541633,-0.009208140440901255,0.28905665242260015,0.06674855450508563,-0.23613181112404397,0.4223569035814359,0,70,255.0,255.0,255.0
1452,72.60000000000001,65.55968791209659,-0.2186445215342811,-39.043090745682285,0.03926900493221883,-0.021725955702828308,0.310282169865245,0.06989592896698327,-0.2645807993529244,0.42666379412416466,0,70,255.0,255.0,255.0
1453,72.65,65.56174004366044,-0.22007339906370896,-39.027041512908646,0.04284248574211521,-0.035666220376195545,0.33172303183502017,0.07304330342888,-0.29302978758179676,0.43097068466689226,0,70,255.0,255.0,255.0
1454,72.7,65.56397478348285,-0.2222348510620912,-39.00991485342334,0.04657333527510642,-0.05102893446100632,0.3533792383319318,0.07619067789077674,-0.32147877581066914,0.4352775752096198,0,70,255.0,255.0,255.0
1455,72.75,65.5664,-0.2252,-38.9917,0.05046155353119245,-0.06781409795726064,0.3752507893559797,0.0793380523526736,-0.3499277640395414,0.43958446575234733,0,70,255.0,255.0,255.0
1456,72.8,65.56902309262185,-0.22904100446598782,-38.97238597764516,0.05447899893978934,-0.08608387794377222,0.3973501509345952,0.0813597639912111,-0.3808634354209632,0.44438999739232354,0,70,255.0,255.0,255.0
1457,72.85000000000001,65.57184958465368,-0.23383416752052943,-38.95196098029684,0.05859752993031428,-0.10590044149936063,0.4196897890952159,0.08338147562974918,-0.4117991068023938,0.4491955290323011,0,70,255.0,255.0,255.0
1458,72.9,65.57488453037459,-0.2396568283420757,-38.93041299412593,0.06281714650276493,-0.12726378862401466,0.4422697038378291,0.08540318726828668,-0.44273477818381557,0.4540010606722773,0,70,255.0,255.0,255.0
1459,72.95,65.57813298406366,-0.24658632610908132,-38.90773000530336,0.06713784865714247,-0.15017391931773968,0.4650898951624411,0.08742489890682419,-0.47367044956523735,0.4588065923122535,0,70,255.0,255.0,255.0
1460,73.0,65.5816,-0.2547,-38.8839,0.07155963639344685,-0.17463083358053572,0.4881503630690518,0.08944661054536163,-0.5046061209466592,0.4636121239522275,0,70,255.0,255.0,255.0
1461,73.05,65.58529070915743,-0.26407488613281177,-38.85890997044873,0.07608711139532465,-0.200616347784003,0.5115107438390909,0.09165238952976028,-0.5348144471920905,0.470803106849387,0,70,255.0,255.0,255.0
1462,73.10000000000001,65.58921054928868,-0.2747868083836069,-38.832742933130326,0.0807248753464237,-0.22811227829974975,0.5352306737539946,0.09385816851415955,-0.5650227734375304,0.47799408974654845,0,70,255.0,255.0,255.0
1463,73.15,65.59336503484123,-0.2869112875679929,-38.80538091058759,0.08547292824674137,-0.2571186251277604,0.5593101528137496,0.0960639474985582,-0.5952310996829616,0.4851850726437079,0,70,255.0,255.0,255.0
1464,73.2,65.59775968026251,-0.30052384450158603,-38.77680592536322,0.09033127009627898,-0.2876353882680426,0.5837491810183626,0.09826972648295686,-0.625439425928393,0.4923760555408674,0,70,255.0,255.0,255.0
1465,73.25,65.6024,-0.3157,-38.747,0.09529990089503651,-0.31966256772059615,0.6085477583678335,0.10047550546735584,-0.6556477521738242,0.49956703843802774,0,70,255.0,255.0,255.0
1466,73.3,65.60729327074843,-0.3325122510027614,-38.71594854055991,0.10048455547898773,-0.3530187309202065,0.6335028737090214,0.10691067789070473,-0.6785987758106673,0.4986375752095415,0,70,255.0,255.0,255.0
1467,73.35000000000001,65.6124538181916,-0.35102099894505484,-38.68365048718179,0.10599096868410798,-0.387522445301669,0.6584115158887919,0.11334585031405545,-0.7015497994475169,0.4977081119810549,0,70,255.0,255.0,255.0
1468,73.4,65.61789773026052,-0.37128362138596177,-38.65010816352371,0.11181914051039415,-0.4231737108649639,0.683273684907131,0.11978102273740435,-0.7245008230843601,0.49677864875256866,0,70,255.0,255.0,255.0
1469,73.45,65.62364109488631,-0.3933574958845795,-38.61532389324376,0.11796907095784774,-0.4599725276101009,0.7080893807640458,0.12621619516075322,-0.7474518467212032,0.49584918552408236,0,70,255.0,255.0,255.0
1470,73.5,65.6297,-0.4173,-38.5793,0.12444076002646876,-0.49791889553707996,0.7328586034595366,0.1326513675841019,-0.7704028703580472,0.4949197222955952,0,70,255.0,255.0,255.0
1471,73.55,65.63608740784886,-0.44314970985613633,-38.542048667311654,0.13104666668873727,-0.5358847285351599,0.7569897613247376,0.1315848989066528,-0.7482304495652359,0.4703265923124984,0,70,255.0,255.0,255.0
1472,73.60000000000001,65.64280377794499,-0.4708699958361937,-38.50362151814251,0.13759924991713512,-0.5727419404936096,0.77989126269079,0.13051843022920337,-0.7260580287724182,0.44573346232939465,0,70,255.0,255.0,255.0
1473,73.65,65.64984644411668,-0.5004054268881742,-38.46408003531755,0.14409850971165872,-0.6084905314124082,0.8015631075576811,0.12945196155175426,-0.7038856079796068,0.42114033234629783,0,70,255.0,255.0,255.0
1474,73.7,65.65721274019224,-0.5317005719601038,-38.42348570166173,0.15054444607230982,-0.6431305012915662,0.8220052959254175,0.12838549287430515,-0.6817131871867954,0.39654720236320107,0,70,255.0,255.0,255.0
1475,73.75,65.6649,-0.5647,-38.3819,0.15693705899908852,-0.6766618501310839,0.841217827793999,0.12731902419685626,-0.6595407663939792,0.3719540723801025,0,70,255.0,255.0,255.0
1476,73.8,65.67289789785615,-0.599360109572684,-38.33937679019351,0.1628167777660847,-0.7097943549391413,0.8596580809920227,0.10786972648300387,-0.6657594259283893,0.3656560555408891,0,70,255.0,255.0,255.0
1477,73.85000000000001,65.6811654700285,-0.6356846177101994,-38.295939440248155,0.16772403164738955,-0.7432377927239286,0.877783433348091,0.08842042876914596,-0.6719780854628012,0.359358038701674,0,70,255.0,255.0,255.0
1478,73.9,65.6896540932728,-0.6736890710613614,-38.25160369520606,0.17165882064300034,-0.7769921634854271,0.8955938848621933,0.0689711310552936,-0.6781967449972115,0.3530600218624606,0,70,255.0,255.0,255.0
1479,73.95,65.69831514434472,-0.7133890162750162,-38.20638530010931,0.1746211447529185,-0.8110574672236459,0.9130894355343351,0.04952183334144121,-0.6844154045316216,0.3467620050232473,0,70,255.0,255.0,255.0
1480,74.0,65.7071,-0.7548,-38.1603,0.17661100397714416,-0.8454337039385853,0.930270085364516,0.03007253562758838,-0.6906340640660282,0.3404639881840339,0,70,255.0,255.0,255.0
1481,74.05,65.71596260072653,-0.7979354518531157,-38.11336417191431,0.17778222224685047,-0.879993851708264,0.9470979147072156,0.016776195160667307,-0.6917718467212015,0.33264918552398626,0,70,255.0,255.0,255.0
1482,74.10000000000001,65.72486714194096,-0.842800333323047,-38.065596720864825,0.17828862349321087,-0.9146108886107114,0.9635350039169175,0.0034798546937424533,-0.6929096293763751,0.32483438286393645,0,70,255.0,255.0,255.0
1483,74.15,65.73378038279212,-0.8893974888664068,-38.01701718385817,0.17813020771622495,-0.9492848146459074,0.9795813529936122,-0.009816485773178618,-0.6940474120315483,0.3170195802038888,0,70,255.0,255.0,255.0
1484,74.2,65.74266908242886,-0.9377297629398451,-37.96764509790101,0.17730697491589303,-0.9840156298138623,0.9952369619373045,-0.023112826240099693,-0.6951851946867216,0.30920477754384124,0,70,255.0,255.0,255.0
1485,74.25,65.7515,-0.9878,-37.9175,0.1758189250922151,-1.0188033341145757,1.0105018307479945,-0.036409166707021656,-0.6963229773418931,0.3013899748837936,0,70,255.0,255.0,255.0
1486,74.3,65.7602388992377,-1.0396108830148385,-37.866602522149215,0.17360633324640445,-1.053638238227791,1.0253102601791662,-0.05209450712540975,-0.6970731871867932,0.2909472023631074,0,70,255.0,255.0,255.0
1487,74.35000000000001,65.76884756220763,-1.0931644489976593,-37.8149776762925,0.17060947437967347,-1.0885106528332609,1.0395965509843075,-0.06777984754380229,-0.6978233970316937,0.2805044298424182,0,70,255.0,255.0,255.0
1488,74.4,65.77728677555868,-1.148462573473044,-37.7626515693612,0.16682834849202388,-1.123420577930966,1.0533607031634105,-0.08346518796219038,-0.6985736068765939,0.270061657321732,0,70,255.0,255.0,255.0
1489,74.45,65.7855173259398,-1.2055071319656203,-37.709650308286605,0.16226295558345488,-1.1583680135209165,1.066602716716479,-0.09915052838057847,-0.6993238167214941,0.2596188848010457,0,70,255.0,255.0,255.0
1490,74.5,65.7935,-1.2643,-37.656,0.15691329565396656,-1.1933529596031116,1.0793225916435136,-0.11483586879896723,-0.7000740265663907,0.24917611228036307,0,70,255.0,255.0,255.0
1491,74.55,65.80119620232259,-1.3248434160875122,-37.60172573948883,0.15081644476753067,-1.22839719538056,1.0915810445761043,-0.12903816665848192,-0.701695404531621,0.24116200502329097,0,70,255.0,255.0,255.0
1492,74.60000000000001,65.80856980922853,-1.3871410706863712,-37.5468485739651,0.14400947898811706,-1.2635225000562798,1.1034387921458446,-0.14324046451800065,-0.7033167824968518,0.23314789776621658,0,70,255.0,255.0,255.0
1493,74.65,65.81558531497318,-1.4511970172414546,-37.49138853869695,0.13649239831572957,-1.2987288736302511,1.114895834352728,-0.15744276237751534,-0.7049381604620821,0.22513379050914445,0,70,255.0,255.0,255.0
1494,74.7,65.8222072138119,-1.5170153091976935,-37.435365668952535,0.12826520275036643,-1.3340163161024838,1.125952171196758,-0.17164506023703005,-0.7065595384273125,0.21711968325207234,0,70,255.0,255.0,255.0
1495,74.75,65.8284,-1.5846,-37.3788,0.11932789229202756,-1.369384827472978,1.136607802677934,-0.18584735809654473,-0.7081809163925303,0.20910557599499668,0,70,255.0,255.0,255.0
1496,74.8,65.83412749147193,-1.6539554526350915,-37.321712119895466,0.10963988768360709,-1.4048529802499574,1.1468295615164055,-0.20167282624029603,-0.710545194686718,0.1997647775438905,0,70,255.0,255.0,255.0
1497,74.85000000000001,65.83935080087825,-1.72508726825692,-37.26412482784706,0.09916060966799602,-1.440439346941656,1.1565842804323248,-0.2174982943840518,-0.7129094729809062,0.1904239790927816,0,70,255.0,255.0,255.0
1498,74.9,65.84403036454862,-1.7980013575611806,-37.20606147585093,0.08789005824520028,-1.4761439275480541,1.1658719594256854,-0.2333237625278031,-0.7152737512750937,0.18108318064167542,0,70,255.0,255.0,255.0
1499,74.95,65.84812661881264,-1.8727036312436287,-37.147545415903195,0.07582823341521704,-1.5119667220691613,1.1746925984964913,-0.24914923067155437,-0.7176380295692814,0.1717423821905692,0,70,255.0,255.0,255.0
1500,75.0,65.8516,-1.9492,-37.0886,0.06297513517804627,-1.5479077305049778,1.1830461976447415,-0.264974698815306,-0.7200023078634601,0.16240158373945945,0,70,255.0,255.0,255.0
1501,75.05,65.85441143178974,-2.0274947733720983,-37.02924818092931,0.04936000449814343,-1.5838708836195996,1.1909567093582514,-0.27963052838083885,-0.7185238167214906,0.15401888480095258,0,70,255.0,255.0,255.0
1502,75.10000000000001,65.85652378725852,-2.107585856286023,-36.96951131464661,0.035012082339959796,-1.6197601121771328,1.1984480861248379,-0.29428635794637586,-0.7170453255795207,0.1456361858624433,0,70,255.0,255.0,255.0
1503,75.15,65.85790042683243,-2.1894695525138728,-36.90941035789927,0.01993136870350354,-1.6555754161775578,1.205520327944497,-0.3089421875119087,-0.7155668344375512,0.1372534869239364,0,70,255.0,255.0,255.0
1504,75.2,65.85850471093757,-2.2731421658278173,-36.84896626743462,0.004117863588770681,-1.6913167956208839,1.2121734348172308,-0.32359801707744157,-0.7140883432955817,0.12887078798542953,0,70,255.0,255.0,255.0
1505,75.25,65.8583,-2.3586,-36.7882,-0.01242843300423878,-1.7269842505071118,1.2184074067430393,-0.33825384664297453,-0.7126098521536051,0.1204880890469191,0,70,255.0,255.0,255.0
1506,75.3,65.85724918136916,-2.4458446538764904,-36.7271327563873,-0.02973590567623236,-1.7628954852716325,1.224207601050518,-0.3540450602368079,-0.723839538427307,0.11151968325224908,0,70,255.0,255.0,255.0
1507,75.35000000000001,65.85531325008772,-2.5348989065990732,-36.66578671356643,-0.04783293902792281,-1.7993682043498487,1.229559375068265,-0.36983627383064566,-0.7350692247010121,0.1025512774575765,0,70,255.0,255.0,255.0
1508,75.4,65.8524527281217,-2.6257908323833843,-36.604184292551956,-0.06671953305929985,-1.8364024077417398,1.2344627287962768,-0.385627487424479,-0.746298910974714,0.09358287166290649,0,70,255.0,255.0,255.0
1509,75.45,65.84862813743712,-2.718548505445132,-36.54234791435831,-0.08639568777036852,-1.8739980954473159,1.238917662234555,-0.4014187010183123,-0.7575285972484159,0.08461446586823647,0,70,255.0,255.0,255.0
1510,75.5,65.8438,-2.8132,-36.4803,-0.1068614031611288,-1.912155267466577,1.2429241753831,-0.41720991461214574,-0.7687582835221054,0.07564606007357,0,70,255.0,255.0,255.0
1511,75.55,65.83791824273365,-2.9097714111219126,-36.41806399352154,-0.12875238179321633,-1.950755175293859,1.2464208864397028,-0.45842923067140456,-0.7752380295692675,0.06422238219054884,0,70,255.0,255.0,255.0
1512,75.60000000000001,65.83089041239063,-3.008280917317776,-36.35566743108758,-0.15270432622827373,-1.9896790704235103,1.2493464136021553,-0.49964854673067505,-0.7817177756164313,0.05279870430752443,0,70,255.0,255.0,255.0
1513,75.65,65.82261346068078,-3.108744717952652,-36.293138871892886,-0.17871723646628748,-2.028926952855509,1.2517007568704557,-0.5408678627899338,-0.7881975216635934,0.04137502642450327,0,70,255.0,255.0,255.0
1514,75.7,65.81298433931396,-3.2111790123916877,-36.23050687513212,-0.20679111250726406,-2.068498822589865,1.2534839162446052,-0.5820871788491927,-0.7946772677107553,0.029951348541482112,0,70,255.0,255.0,255.0
1515,75.75,65.8019,-3.3156,-36.1678,-0.23692595435120342,-2.1083946796265796,1.254695891724604,-0.6233064949084508,-0.8011570137579014,0.018527670658459172,0,70,255.0,255.0,255.0
1516,75.8,65.78926264769623,-3.4220081016358277,-36.10504646952656,-0.26880656715085527,-2.147667813552914,1.2553568531906962,-0.651918017077697,-0.7697683432955802,0.00791078798523113,0,70,255.0,255.0,255.0
1517,75.85000000000001,65.77499550034977,-3.530340624129925,-36.04227316208315,-0.3021177560589791,-2.185371513956144,1.255486970523127,-0.6805295392469514,-0.7383796728332502,-0.002706094687999927,0,70,255.0,255.0,255.0
1518,75.9,65.75902702915519,-3.6405190958060745,-35.979506619876474,-0.33685952107555583,-2.221505780836246,1.2550862437218964,-0.7091410614161975,-0.706991002370929,-0.013322977361227971,0,70,255.0,255.0,255.0
1519,75.95,65.74128570530708,-3.752465044988152,-35.916773385113196,-0.37303186220059475,-2.256070614193233,1.2541546727870043,-0.7377525835854437,-0.675602331908608,-0.023939860034456008,0,70,255.0,255.0,255.0
1520,76.0,65.7217,-3.8661,-35.8541,-0.41063477943409604,-2.2890660140271035,1.252692257718451,-0.7663641057546902,-0.6442136614462903,-0.03455674270768405,0,70,255.0,255.0,255.0
1521,76.05,65.70019596648142,-3.981349782334741,-35.79151252837223,-0.449813349603416,-2.320749570494469,1.2507277007974706,-0.8007787010181974,-0.6231285972484192,-0.04402553413152911,0,70,255.0,255.0,255.0
1522,76.10000000000001,65.67668998621026,-4.098157386162636,-35.72903512057976,-0.4907126495359231,-2.3513788737519503,1.2482897043052974,-0.8351932962817143,-0.602043533050542,-0.053494325555376865,0,70,255.0,255.0,255.0
1523,76.15,65.65109602269843,-4.216470098823123,-35.666691448601206,-0.533332679231594,-2.3809539237995287,1.2453782682419328,-0.8696078915452217,-0.580958468852671,-0.06296311697922194,0,70,255.0,255.0,255.0
1524,76.2,65.62332803945772,-4.3362352076557436,-35.60450518441509,-0.5776734386904404,-2.4094747206372142,1.2419933926073758,-0.9040224868087289,-0.5598734046547998,-0.072431908403067,0,70,255.0,255.0,255.0
1525,76.25,65.5933,-4.4574,-35.5425,-0.6237349279124619,-2.436941264265006,1.2381350774016264,-0.9384370820722348,-0.5387883404569145,-0.08190069982690495,0,70,255.0,255.0,255.0
1526,76.3,65.56092788637814,-4.5799103690251695,-35.48070021698455,-0.6713960344354943,-2.463269904469196,1.233764343619488,-0.9680071788491748,-0.5143572677107477,-0.09292865145863631,0,70,255.0,255.0,255.0
1527,76.35000000000001,65.52613575480913,-4.703706631219652,-35.41913275559773,-0.720535645797388,-2.488376991036085,1.2288422122557618,-0.9975772756261231,-0.4899261949645742,-0.1039566030903708,0,70,255.0,255.0,255.0
1528,76.4,65.48884968005108,-4.828727708901511,-35.35782518571865,-0.7711537619981148,-2.512262523965658,1.2233686833104502,-1.027147372403063,-0.4654951222184075,-0.11498455472210214,0,70,255.0,255.0,255.0
1529,76.45,65.448995736862,-4.954912524388916,-35.29680507722639,-0.8232503830376885,-2.534926503257923,1.2173437567835523,-1.0567174691800032,-0.4410640494722408,-0.1260125063538335,0,70,255.0,255.0,255.0
1530,76.5,65.4065,-5.0822,-35.2361,-0.8768255089161091,-2.556368928912879,1.2107674326750677,-1.086287565956943,-0.4166329767260706,-0.1370404579855684,0,70,255.0,255.0,255.0
1531,76.55,65.36128608800607,-5.2105295415645365,-35.17573700368959,-0.9320265126546636,-2.576618811628745,1.2036709247245643,-1.1217525835853641,-0.39336233190861086,-0.14681986003458058,0,70,255.0,255.0,255.0
1532,76.60000000000001,65.31326779455317,-5.339842488958882,-35.11574105702925,-0.9890007672746556,-2.5957051621037435,1.1960854466716082,-1.1572176012137954,-0.3700916870911445,-0.15659926208359554,0,70,255.0,255.0,255.0
1533,76.65,65.26235645709724,-5.470080665570919,-35.05613660852411,-1.0477482727760525,-2.613627980337863,1.1880109985162035,-1.1926826188422164,-0.34682104227368477,-0.1663786641326077,0,70,255.0,255.0,255.0
1534,76.7,65.20846341309421,-5.601185894788639,-34.99694810667933,-1.1082690291588706,-2.63038726633111,1.1794475802583486,-1.2281476364706376,-0.323550397456225,-0.1761580661816199,0,70,255.0,255.0,255.0
1535,76.75,65.1515,-5.7331,-34.9382,-1.1705630364231094,-2.645983020083484,1.1703951918980424,-1.263612654099056,-0.3002797526387617,-0.18593746823063384,0,70,255.0,255.0,255.0
1536,76.80000000000001,65.09138136159758,-5.865765064716677,-34.87991736825711,-1.2344019149458183,-2.6604308490158255,1.1608159574822035,-1.2899424868087184,-0.27763340465477154,-0.19723190840284247,0,70,255.0,255.0,255.0
1537,76.85000000000001,65.02803786697815,-5.999124212944952,-34.822127816285246,-1.299557285103992,-2.6737463605489635,1.1506720010577567,-1.3162723195183732,-0.2549870566707878,-0.2085263485750479,0,70,255.0,255.0,255.0
1538,76.9,64.96140369155991,-6.133120828814905,-34.764859580184826,-1.3660291468976482,-2.685929554682903,1.1399633226246997,-1.3426021522280283,-0.23234070868680404,-0.21982078874725333,0,70,255.0,255.0,255.0
1539,76.95,64.89141301076113,-6.267698296456573,-34.708140896056264,-1.433817500326787,-2.696980431417643,1.1286899221830324,-1.368931984937683,-0.20969436070282027,-0.23111522891945874,0,70,255.0,255.0,255.0
1540,77.0,64.818,-6.4028,-34.652,-1.502922345391409,-2.7068989907531833,1.1168517997327554,-1.3952618176473432,-0.18704801271881877,-0.24240966909165884,0,70,255.0,255.0,255.0
1541,77.05000000000001,64.74109006560354,-6.538367799568903,-34.596464723281905,-1.5738698275621155,-2.7155937923079616,1.104473245346616,-1.442637469180274,-0.1607440494722337,-0.2527325063538127,0,70,255.0,255.0,255.0
1542,77.10000000000001,64.66057353753416,-6.674337459261447,-34.541561277829715,-1.647186092309448,-2.7229733957004085,1.0915785490973722,-1.4900131207131913,-0.13444008622565612,-0.2630553436159637,0,70,255.0,255.0,255.0
1543,77.15,64.576331976663,-6.810643219169556,-34.48731547073656,-1.7228711396334262,-2.7290378009305263,1.078167710985021,-1.5373887722461086,-0.10813612297907851,-0.27337818087811466,0,70,255.0,255.0,255.0
1544,77.2,64.48824694386121,-6.947219319385112,-34.4337531090956,-1.8009249695340501,-2.7337870079983158,1.0642407310095623,-1.5847644237790257,-0.08183215973250092,-0.28370101814026566,0,70,255.0,255.0,255.0
1545,77.25,64.3962,-7.084,-34.3809,-1.8813475820113197,-2.737221016903776,1.049797609170996,-1.6321400753119395,-0.05552819648592333,-0.29402385540242726,0,70,255.0,255.0,255.0
1546,77.30000000000001,64.3000831759881,-7.220903737007898,-34.32878053861518,-1.963510774805895,-2.7383939817523304,1.0349230611313867,-1.6543876364703263,0.008609602543760198,-0.30095806618181464,0,70,255.0,255.0,255.0
1547,77.35000000000001,64.1998303828851,-7.357785950009398,-34.27741347239583,-2.046786345658366,-2.7363600566494006,1.019701802552812,-1.6766351976287068,0.07274740157342549,-0.30789227696120003,0,70,255.0,255.0,255.0
1548,77.4,64.09538600178799,-7.494486294506965,-34.226816136868884,-2.131174294568756,-2.7311192415949885,1.0041338334352683,-1.6988827587870874,0.13688520060309078,-0.31482648774058547,0,70,255.0,255.0,255.0
1549,77.45,63.98669441379392,-7.630844426003024,-34.1770058675613,-2.216674621537065,-2.7226715365890923,0.9882191537787552,-1.7211303199454677,0.20102299963275605,-0.3217606985199709,0,70,255.0,255.0,255.0
1550,77.5,63.8737,-7.7667,-34.128,-2.303287326563293,-2.7110169416317142,0.9719577635832728,-1.7433778811038394,0.2651607986624178,-0.3286949092993652,0,70,255.0,255.0,255.0
1551,77.55000000000001,63.75636763044383,-7.901896452399691,-34.07981472225729,-2.3897830732143523,-2.6963822806827196,0.9554185101277993,-1.7164519849377537,0.3202256392972278,-0.33287522891942367,0,70,255.0,255.0,255.0
1552,77.60000000000001,63.634744130925355,-8.036292340701099,-34.032461632586894,-2.474932525057083,-2.6789943777019896,0.9386702406913277,-1.6895260887716756,0.37529047993202214,-0.337055548539481,0,70,255.0,255.0,255.0
1553,77.65,63.508896816184944,-8.16975000280268,-33.98595118178784,-2.558735682091511,-2.65885323268952,0.9217129552738531,-1.6626001926055975,0.43035532056681647,-0.3412358681595383,0,70,255.0,255.0,255.0
1554,77.7,63.37889300096302,-8.302131776602842,-33.9402938206592,-2.641192544317634,-2.6359588456453102,0.9045466538753758,-1.6356742964395194,0.4854201612016108,-0.34541618777959565,0,70,255.0,255.0,255.0
1555,77.75,63.2448,-8.4333,-33.8955,-2.7223031117354535,-2.6103112165693614,0.8871713364958954,-1.608748400273445,0.5404850018364051,-0.34959650739965564,0,70,255.0,255.0,255.0
1556,77.80000000000001,63.106680702236396,-8.563116853393522,-33.85157977235559,-2.8023329323367863,-2.5819008955167577,0.869610898357394,-1.5924444237791375,0.5959278402674831,-0.35282101814024414,0,70,255.0,255.0,255.0
1557,77.85000000000001,62.96458029341338,-8.691443887186338,-33.808541597256536,-2.881547554113381,-2.5507184325426087,0.8518892346818681,-1.5761404472848348,0.6513706786985454,-0.35604552888083174,0,70,255.0,255.0,255.0
1558,77.9,62.818539533472155,-8.818142494282409,-33.766393535979695,-2.9599469770652607,-2.516763827646907,0.8340063454693127,-1.5598364707905321,0.7068135171296077,-0.3592700396214193,0,70,255.0,255.0,255.0
1559,77.95,62.668599182353944,-8.943074067585654,-33.725143649801886,-3.0375312011924254,-2.480037080829652,0.8159622307197282,-1.5435324942962294,0.76225635556067,-0.36249455036200684,0,70,255.0,255.0,255.0
1560,78.0,62.5148,-9.0661,-33.6848,-3.114300226494875,-2.4405381920908447,0.7977568904331142,-1.5272285178019267,0.8176991939917286,-0.3657190611025962,0,70,255.0,255.0,255.0
1561,78.05000000000001,62.35718316061041,-9.187080934026396,-33.64537098832031,-3.1902291974385757,-2.3982221372502224,0.7793698964425468,-1.5099303199454037,0.8749429996327609,-0.36976069851993254,0,70,255.0,255.0,255.0
1562,78.10000000000001,62.19579149542099,-9.305874510553675,-33.606866378386925,-3.2652932584894283,-2.353043892127562,0.7607808205811178,-1.4926321220888858,0.9321868052737768,-0.37380233593726775,0,70,255.0,255.0,255.0
1563,78.15,62.030668249926364,-9.422337620067772,-33.56929627429338,-3.3394924096474554,-2.3050034567228503,0.7419896628488221,-1.4753339242323678,0.9894306109147928,-0.3778439733546029,0,70,255.0,255.0,255.0
1564,78.2,61.86185666962115,-9.53632715305458,-33.53267078013322,-3.412826650912657,-2.254100831036088,0.7229964232456597,-1.4580357263758499,1.0466744165558088,-0.3818856107719381,0,70,255.0,255.0,255.0
1565,78.25,61.6894,-9.6477,-33.497,-3.4852959822850322,-2.2003360150672755,0.7038011017716305,-1.4407375285193247,1.1039182221968389,-0.38592724818927504,0,70,255.0,255.0,255.0
1566,78.30000000000001,61.513341855321755,-9.756313810501057,-33.46229387436314,-3.55687827790902,-2.143754555482299,0.6844135158724051,-1.4225542964395368,1.1593401612016931,-0.3895761877795635,0,70,255.0,255.0,255.0
1567,78.35000000000001,61.33372732490247,-9.862029270599077,-33.428561689195746,-3.6275514119289984,-2.084401998947097,0.6648434829936708,-1.404371064359754,1.2147621002065316,-0.39322512736985094,0,70,255.0,255.0,255.0
1568,78.4,61.15060186682228,-9.964707825446585,-33.39581256684677,-3.697315384344987,-2.022278345461653,0.6450910031354222,-1.3861878322799712,1.2701840392113701,-0.3968740669601383,0,70,255.0,255.0,255.0
1569,78.45,60.96401093916138,-10.064210920196063,-33.364055629665195,-3.7661701951569873,-1.9573835950259673,0.6251560762976592,-1.3680046002001884,1.3256059782162086,-0.4005230065504258,0,70,255.0,255.0,255.0
1570,78.5,60.774,-10.1604,-33.3333,-3.834115844364999,-1.88971774764004,0.605038702480382,-1.349821368120395,1.3810279172210418,-0.40417194614071583,0,70,255.0,255.0,255.0
1571,78.55000000000001,60.58061421810232,-10.25313662396952,-33.30355511422707,-3.9011696909254283,-1.819287640820483,0.5847200400678085,-1.3323324942961678,1.436176355560602,-0.40857455036203866,0,70,255.0,255.0,255.0
1572,78.60000000000001,60.38389760496895,-10.342282807050115,-33.27483166483007,-3.967349093794627,-1.7461001120839683,0.5641812474441747,-1.3148436204719458,1.4913247939001464,-0.41297715458336026,0,70,255.0,255.0,255.0
1573,78.65,60.183893882784396,-10.427700678145959,-33.247140658319516,-4.032654052972616,-1.6701551614304766,0.5434223246094748,-1.2973547466477238,1.5464732322396908,-0.41737975880468187,0,70,255.0,255.0,255.0
1574,78.7,59.980646773733234,-10.509252366161201,-33.22049310120598,-4.097084568459392,-1.591452788860008,0.522443271563709,-1.2798658728235015,1.6016216705792352,-0.4217823630260034,0,70,255.0,255.0,255.0
1575,78.75,59.7742,-10.5868,-33.1949,-4.160640640254958,-1.5099929943725625,0.5012440883068768,-1.2623769989992795,1.656770108918785,-0.4261849672473277,0,70,255.0,255.0,255.0
1576,78.80000000000001,59.564598072268716,-10.66020289362098,-33.17037206872851,-4.223274958389353,-1.425606881235678,0.479842323856388,-1.2429957263759375,1.7186744165558323,-0.4298856107720322,0,70,255.0,255.0,255.0
1577,78.85000000000001,59.35188865522154,-10.729309101200549,-33.14691885148396,-4.284940212892563,-1.3381255527169655,0.45825552722967,-1.2236144537526012,1.780578724192862,-0.43358625429673564,0,70,255.0,255.0,255.0
1578,78.9,59.136120202040004,-10.793963861969639,-33.124549599875145,-4.3456364037646065,-1.2475490088164018,0.43648369842671686,-1.2042331811292648,1.8424830318298915,-0.43728689782143904,0,70,255.0,255.0,255.0
1579,78.95,58.91734116590563,-10.854012415159152,-33.1032735655109,-4.405363531005483,-1.1538772495339868,0.41452683744752855,-1.1848519085059284,1.9043873394669213,-0.4409875413461425,0,70,255.0,255.0,255.0
1580,79.0,58.6956,-10.9093,-33.0831,-4.464121594615191,-1.0571102748697203,0.3923849442921052,-1.1654706358825706,1.9662916471039527,-0.4446881848708446,0,70,255.0,255.0,255.0
1581,79.05000000000001,58.470972692822535,-10.959691001546654,-33.06403421085885,-4.520258475517269,-0.958396834236693,0.3702946645065673,-1.0800046002000163,1.982245978216243,-0.4389230065504709,0,70,255.0,255.0,255.0
1582,79.10000000000001,58.243645374144634,-11.005126388147753,-33.04606572923407,-4.572122054635203,-0.8588856770480794,0.3484926436370543,-0.9945385645174862,1.9982003093285288,-0.43315782823009885,0,70,255.0,255.0,255.0
1583,79.15,58.013831709055445,-11.04556627397553,-33.029180142179875,-4.619712331969011,-0.7585768033038516,0.3269788816835599,-0.9090725288349563,2.0141546404408146,-0.42739264990972675,0,70,255.0,255.0,255.0
1584,79.2,57.78174536264416,-11.080970773202207,-33.013363036750455,-4.663029307518694,-0.6574702130040093,0.30575337864608404,-0.8236064931524263,2.0301089715531004,-0.42162747158935465,0,70,255.0,255.0,255.0
1585,79.25,57.5476,-11.1113,-32.9986,-4.70207298128425,-0.555565906148553,0.28481613452462673,-0.738140457469882,2.0460633026653845,-0.41586229326898394,0,70,255.0,255.0,255.0
1586,79.30000000000001,57.31160235644084,-11.13652030019247,-32.98487748783608,-4.737259139541593,-0.4532377818174146,0.2641150181172553,-0.6693058728235443,2.0470616705792173,-0.4121823630256858,0,70,255.0,255.0,255.0
1587,79.35000000000001,57.07393144819967,-11.156622946208484,-32.97218543157974,-4.76900356856661,-0.3508597390906138,0.2435978982220546,-0.6004712881772261,2.04806003849305,-0.4085024327823887,0,70,255.0,255.0,255.0
1588,79.4,56.83475936173807,-11.171605442128268,-32.960514631405346,-4.797306268359313,-0.24843177796812127,0.22326477483901874,-0.5316367035309078,2.0490584064068824,-0.4048225025390916,0,70,255.0,255.0,255.0
1589,79.45,56.594258183517645,-11.181465292032035,-32.9498558874873,-4.822167238919699,-0.1459538984499372,0.20311564796814774,-0.46280211888458955,2.050056774320715,-0.4011425722957945,0,70,255.0,255.0,255.0
1590,79.5,56.3526,-11.1862,-32.9402,-4.84358648024777,-0.043426100536061385,0.18315051760944154,-0.39396753423826425,2.051055142234548,-0.3974626420524976,0,70,255.0,255.0,255.0
1591,79.55000000000001,56.109958681413815,-11.185805397683495,-32.931536637796796,-4.86145696631638,0.05925196150649837,0.16343726302446482,-0.32085190850599943,2.0560673394669085,-0.3910675413463925,0,70,255.0,255.0,255.0
1592,79.60000000000001,55.86651523305644,-11.180270627018325,-32.92385094444696,-4.875671671098374,0.16218063341064692,0.14404376347479886,-0.2477362827737554,2.0610795366992676,-0.3846724406402892,0,70,255.0,255.0,255.0
1593,79.65,55.62245244399212,-11.169583157511404,-32.91712693219872,-4.886230594593755,0.2653599151764134,0.12497001896043808,-0.17462065704151136,2.0660917339316263,-0.3782773399341859,0,70,255.0,255.0,255.0
1594,79.7,55.37795310328519,-11.153730458669656,-32.91134861330033,-4.893133736802524,0.3687898068037978,0.10621602948138242,-0.10150503130926736,2.0711039311639854,-0.3718822392280826,0,70,255.0,255.0,255.0
1595,79.75,55.1332,-11.1327,-32.9065,-4.89638109772468,0.4724703082928002,0.08778179503763192,-0.02838940557698777,2.0761161283963427,-0.3654871385219791,0,70,255.0,255.0,255.0
1596,79.80000000000001,54.88837491790358,-11.106480509073544,-32.90256556097671,-4.896032995192912,0.5763259357915597,0.06963992978484429,0.04231350684769568,2.078108971553089,-0.36018747158936126,0,70,255.0,255.0,255.0
1597,79.85000000000001,54.64365561957436,-11.07506574571821,-32.89953159063241,-4.892149747039911,0.6802812054481268,0.05176304787869265,0.11301641927235903,2.0801018147098347,-0.35488780465674485,0,70,255.0,255.0,255.0
1598,79.9,54.39921886229331,-11.038450727826104,-32.897384839799734,-4.884731353265677,0.7843361172625312,0.03415114931917181,0.1837193316970224,2.0820946578665804,-0.3495881377241285,0,70,255.0,255.0,255.0
1599,79.95,54.155241403341506,-10.99663047328933,-32.89611205931138,-4.87377781387021,0.888490671234773,0.016804234106281783,0.25442224412168574,2.0840875010233257,-0.3442884707915121,0,70,255.0,255.0,255.0
1600,80.0,53.9119,-10.9496,-32.8957,-4.859289128853509,0.9927448673648519,-0.0002776977599774388,0.3251251565463704,2.0860803441800657,-0.33898880385889585,0,70,255.0,255.0,255.0
1601,80.05000000000001,53.66937284697153,-10.897350966022294,-32.896136318296335,-4.8411790529119605,1.0973002953273958,-0.01714898216384551,0.3992778811153881,2.096136774320745,-0.33586257229567357,0,70,255.0,255.0,255.0
1602,80.10000000000001,53.4278438886459,-10.839861590108802,-32.89741229302341,-4.819361340741968,1.2023585447969443,-0.0338639549895477,0.4734306056843848,2.1061932044614213,-0.3327363407324522,0,70,255.0,255.0,255.0
1603,80.15,53.1874985068345,-10.777106731184157,-32.89952010860232,-4.793835992343524,1.3079196157735262,-0.05042261623708883,0.5475833302533814,2.116249634602098,-0.32961010916923084,0,70,255.0,255.0,255.0
1604,80.2,52.94852208334872,-10.709061248173006,-32.902451949454154,-4.764603007716633,1.413983508257142,-0.06682496590646891,0.621736054822378,2.1263060647427743,-0.32648387760600944,0,70,255.0,255.0,255.0
1605,80.25,52.7111,-10.6357,-32.9062,-4.73166238686129,1.5205502222477913,-0.08307100399768792,0.6958887793913675,2.13636249488345,-0.32335764604278816,0,70,255.0,255.0,255.0
1606,80.30000000000001,52.47540489421,-10.557025226837203,-32.910754765837936,-4.6957787931592305,1.6259768828990004,-0.09906000112946824,0.7394549686906955,2.080703931163951,-0.3162022392282793,0,70,255.0,255.0,255.0
1607,80.35000000000001,52.24155842584179,-10.473148693846522,-32.916100037273935,-4.657716889992215,1.728620615364205,-0.11469122792051864,0.7830211579900112,2.0250453674444677,-0.3090468324137724,0,70,255.0,255.0,255.0
1608,80.4,52.00966951036855,-10.384209547437226,-32.922217925790974,-4.617476677360233,1.8284814196434356,-0.1299646843708437,0.8265873472893268,1.9693868037249844,-0.3018914255992656,0,70,255.0,255.0,255.0
1609,80.45,51.77984706326354,-10.290346934018622,-32.929090542872004,-4.575058155263286,1.9255592957366923,-0.1448803704804435,0.8701535365886425,1.9137282400055011,-0.29473601878475875,0,70,255.0,255.0,255.0
1610,80.5,51.5522,-10.1917,-32.9367,-4.530461323701374,2.019854243643975,-0.1594382862493179,0.9137197258879439,1.8580696762860072,-0.2875806119702522,0,70,255.0,255.0,255.0
1611,80.55000000000001,51.32683637618817,-10.088409726628779,-32.945027018351944,-4.483737774451121,2.111256173076729,-0.1735550133183606,0.9552222441217717,1.798007501023324,-0.2770884707913258,0,70,255.0,255.0,255.0
1612,80.60000000000001,51.10386080798671,-9.98062443450503,-32.95404675788086,-4.434939099289189,2.1996549937463237,-0.187147133328453,0.9967247623555877,1.7379453257606583,-0.26659632961240237,0,70,255.0,255.0,255.0
1613,80.65,50.883377051691134,-9.868494279066878,-32.9637329882338,-4.3840652982155675,2.285050705652785,-0.20021464627959928,1.0382272805894037,1.6778831504979923,-0.256104188433479,0,70,255.0,255.0,255.0
1614,80.7,50.66548886359704,-9.752169415752483,-32.974059479057836,-4.331116371230254,2.3674433087961133,-0.21275755217179945,1.0797297988232197,1.6178209752353263,-0.24561204725455557,0,70,255.0,255.0,255.0
1615,80.75,50.4503,-9.6318,-32.985,-4.2760923183332515,2.4468328031763082,-0.22477585100505346,1.1212323170570357,1.5577587999726603,-0.2351199060756317,0,70,255.0,255.0,255.0
1616,80.80000000000001,50.23791440103701,-9.507536666647535,-32.99652836075431,-4.218982109036251,2.523190424794211,-0.23627194559709785,1.1631760548224899,1.4965460647427622,-0.22472387760603957,0,70,255.0,255.0,255.0
1617,80.85000000000001,50.02843674221114,-9.37953196813325,-33.00861853120266,-4.159774712850994,2.596487409650598,-0.2472482387656595,1.2051197925879322,1.4353333295128816,-0.21432784913645037,0,70,255.0,255.0,255.0
1618,80.9,49.82197188286674,-9.247938936295183,-33.021244521273836,-4.098470129777463,2.6667237577454914,-0.25770473051074166,1.2470635303533746,1.3741205942830008,-0.2039318206668612,0,70,255.0,255.0,255.0
1619,80.95,49.618624682348226,-9.112910602971409,-33.034380340896675,-4.0350683598156625,2.73389946907889,-0.26764142083234443,1.2890072681188167,1.3129078590531202,-0.19353579219727202,0,70,255.0,255.0,255.0
1620,81.0,49.4185,-8.9746,-33.048,-3.9695694029655892,2.798014543650796,-0.27705830973046774,1.3309510058842697,1.25169512382325,-0.18313976372768082,0,70,255.0,255.0,255.0
1621,81.05000000000001,49.22170281966349,-8.833159606780907,-33.06207793863079,-3.9019657894037527,2.8591021277465276,-0.2859812042932826,1.373193536588565,1.1918082400054657,-0.17377601878483376,0,70,255.0,255.0,255.0
1622,81.10000000000001,49.028338623168516,-8.688739692961839,-33.07659031730854,-3.8322500493067215,2.917195367651354,-0.29443591160895277,1.4154360672928483,1.1319213561876982,-0.16441227384198936,0,70,255.0,255.0,255.0
1623,81.15,48.83851301684176,-8.541489975752302,-33.091513726670904,-3.760422182674476,2.972294263365291,-0.3024224316774806,1.4576785979971318,1.0720344723699309,-0.15504852889914494,0,70,255.0,255.0,255.0
1624,81.2,48.652331607010005,-8.391560172361842,-33.106824757355504,-3.6864821895070166,3.024398814888341,-0.3099407644988664,1.4999211287014151,1.0121475885521636,-0.14568478395630055,0,70,255.0,255.0,255.0
1625,81.25,48.4699,-8.2391,-33.1225,-3.6104300698043432,3.0735090222205015,-0.3169909100731099,1.5421636594056913,0.9522607047343925,-0.1363210390134557,0,70,255.0,255.0,255.0
1626,81.30000000000001,48.29132472030876,-8.084259306228647,-33.13851588472252,-3.532210733348605,3.1196170642197556,-0.3235632372298084,1.5866097988231327,0.8920609752353519,-0.1265720472544219,0,70,255.0,255.0,255.0
1627,81.35000000000001,48.11671596511462,-7.927188460019248,-33.15484819956318,-3.451769089922017,3.1627151197440453,-0.3296481147985533,1.6310559382405612,0.8318612457363284,-0.11682305549539082,0,70,255.0,255.0,255.0
1628,81.4,47.94618484976609,-7.7680379606955094,-33.17147257204258,-3.369105139524558,3.2028031887933834,-0.33524554277934676,1.6755020776579899,0.7716615162373048,-0.10707406373635978,0,70,255.0,255.0,255.0
1629,81.45,47.7798424896117,-7.606958307581178,-33.188364629681324,-3.2842188821562277,3.2398812713677714,-0.3403555211721887,1.7199482170754183,0.7114617867382813,-0.09732507197732872,0,70,255.0,255.0,255.0
1630,81.5,47.6178,-7.4441,-33.2055,-3.1971103178170264,3.2739493674672078,-0.34497804997707904,1.7643943564928435,0.6512620572392436,-0.08757608021829721,0,70,255.0,255.0,255.0
1631,81.55000000000001,47.46014469910124,-7.2796167683042965,-33.22285532247912,-3.109207277201716,3.304813615374523,-0.34917384678747065,1.7517272681187648,0.5833078590530876,-0.08025579219732955,0,70,255.0,255.0,255.0
1632,81.60000000000001,47.306868716372826,-7.113675266961008,-33.240411284438736,-3.0219375910051345,3.332280153372522,-0.3530036291968128,1.7390601797446898,0.515353660866951,-0.07293550417636396,0,70,255.0,255.0,255.0
1633,81.65,47.15794038409377,-6.946445381465552,-33.25814958515878,-2.935301259227257,3.356348981461215,-0.3564673972051066,1.7263930913706147,0.4473994626808143,-0.06561521615539836,0,70,255.0,255.0,255.0
1634,81.7,47.01332803454314,-6.778096997313394,-33.276051923919226,-2.849298281868083,3.3770200996406015,-0.35956515081235224,1.7137260029965398,0.3794452644946777,-0.05829492813443278,0,70,255.0,255.0,255.0
1635,81.75,46.873,-6.6088,-33.2941,-2.763928658927613,3.394293507910681,-0.36229689001854964,1.7010589146224788,0.31149106630851264,-0.05097464011346675,0,70,255.0,255.0,255.0
1636,81.80000000000001,46.736921283286065,-6.43872322055394,-33.312274825361,-2.679392157844493,3.4082324742821997,-0.36462137562029695,1.6804011287015366,0.2460675885521177,-0.042004783956403995,0,70,255.0,255.0,255.0
1637,81.85000000000001,46.60504356939392,-6.268031272136547,-33.3305546626819,-2.5958885460574446,3.418900266765896,-0.3664973684141905,1.6597433427806003,0.18064411079574136,-0.033034927799343784,0,70,255.0,255.0,255.0
1638,81.9,46.47731521385873,-6.0968877134421655,-33.34891708732229,-2.5134178235664426,3.426296885361773,-0.36792486840023114,1.639085556859664,0.115220633039365,-0.024065071642283577,0,70,255.0,255.0,255.0
1639,81.95,46.353684572215684,-5.925456103165187,-33.3673396746418,-2.4319799903714876,3.4304223300698315,-0.36890387557841875,1.6184277709387276,0.04979715528298867,-0.01509521548522337,0,70,255.0,255.0,255.0
1640,82.0,46.2341,-5.7539,-33.3858,-2.3515750464725795,3.431276600890071,-0.36943438994875344,1.597769985017802,-0.015626322473412557,-0.006125359328161828,0,70,255.0,255.0,255.0
1641,82.05000000000001,46.11851016775431,-5.5823831494797105,-33.40427497607688,-2.27218409142023,3.428848487496692,-0.369476650731388,1.5778682170754696,-0.08149821326173173,0.004434928022778187,0,70,255.0,255.0,255.0
1642,82.10000000000001,46.00686500605134,-5.411070044492625,-33.42273886483368,-2.193788224765019,3.423126779563898,-0.36899089714647576,1.557966449133143,-0.1473701040500322,0.0149952153737152,0,70,255.0,255.0,255.0
1643,82.15,45.8991147604712,-5.240125364765664,-33.441165265552065,-2.116387446506924,3.4141114770916894,-0.36797712919401665,1.5380646811908163,-0.21324199483833264,0.025555502724652214,0,70,255.0,255.0,255.0
1644,82.2,45.795209676594034,-5.069713790025799,-33.45952777751362,-2.039981756645946,3.401802580080066,-0.36643534687401064,1.5181629132484895,-0.2791138856266331,0.03611579007558923,0,70,255.0,255.0,255.0
1645,82.25,45.6951,-4.9,-33.4778,-1.9645711551820841,3.3862000885290273,-0.36436555018645783,1.4982611453061647,-0.3449857764149371,0.04667607742652846,0,70,255.0,255.0,255.0
1646,82.30000000000001,45.59873724569654,-4.731148981526984,-33.49595567033153,-1.8900794764745015,3.3672855757310165,-0.3617760214541513,1.4814060029964695,-0.41159473550532033,0.056905071865710186,0,70,255.0,255.0,255.0
1647,82.35000000000001,45.5060780064006,-4.563326949892778,-33.51396907798339,-1.8164305548824244,3.345040614978493,-0.3586750429998865,1.464550860686779,-0.4782036945956847,0.067134066304889,0,70,255.0,255.0,255.0
1648,82.4,45.41708014425638,-4.3967004274950625,-33.531814650469485,-1.7436243904058317,3.3194652062714507,-0.35506261482366275,1.4476957183770884,-0.5448126536860489,0.07736306074406782,0,70,255.0,255.0,255.0
1649,82.45,45.33170152140811,-4.231435936731561,-33.54946681530372,-1.6716609830447235,3.2905593496098913,-0.35093873692548017,1.430840576067398,-0.6114216127764134,0.08759205518324661,0,70,255.0,255.0,255.0
1650,82.5,45.2499,-4.0677,-33.5669,-1.6005403327991001,3.258323044993813,-0.3463034093053386,1.4139854337577145,-0.6780305718667634,0.09782104962242544,0,70,255.0,255.0,255.0
1651,82.55000000000001,45.17163124945938,-3.9056585244121274,-33.58409034259704,-1.53039400268167,3.2227932095792107,-0.3412592634519143,1.3918677709388472,-0.7431628447170132,0.1039447845144999,0,70,255.0,255.0,255.0
1652,82.60000000000001,45.096842168346136,-3.7454749559360936,-33.60102082323277,-1.4613535557052033,3.1840067605221063,-0.33590893085388784,1.369750108119986,-0.8082951175672446,0.11006851940657263,0,70,255.0,255.0,255.0
1653,82.65,45.02547746250319,-3.587312125253977,-33.617676132570004,-1.3934189918696793,3.1419636978224905,-0.33025241151125767,1.3476324453011252,-0.873427390417476,0.11619225429864535,0,70,255.0,255.0,255.0
1654,82.7,44.95748183777349,-3.4313328630479036,-33.634040961271495,-1.3265903111750983,3.096664021480364,-0.3242897054240239,1.3255147824822642,-0.9385596632677073,0.12231598919071808,0,70,255.0,255.0,255.0
1655,82.75,44.8928,-3.2777,-33.6501,-1.2608675136214604,3.0481077314957252,-0.3180208125921866,1.3033971196634067,-1.0036919361179244,0.12843972408279036,0,70,255.0,255.0,255.0
1656,82.80000000000001,44.83138015646582,-3.126576920824289,-33.66583255928035,-1.1960405127986502,2.9962615859520985,-0.3111229247382251,1.2896829132484058,-1.0701538856266688,0.14747579007560752,0,70,255.0,255.0,255.0
1657,82.85000000000001,44.77318452021478,-2.978129226362688,-33.6811964290855,-1.1318992222966087,2.94109234293305,-0.3032732335846249,1.275968706833409,-1.1366158351353945,0.16651185606841926,0,70,255.0,255.0,255.0
1658,82.9,44.71817880573082,-2.8325230714889242,-33.69614401925048,-1.0684436421153167,2.882600002438566,-0.2944717391313841,1.262254500418412,-1.20307778464412,0.185547922061231,0,70,255.0,255.0,255.0
1659,82.95,44.666328727497906,-2.6899246110767714,-33.71062773961031,-1.0056737722547746,2.820784564468645,-0.28471844137850283,1.2485402940034152,-1.2695397341528456,0.20458398805404274,0,70,255.0,255.0,255.0
1660,83.0,44.6176,-2.5505,-33.7246,-0.9435896127149823,2.7556460290232887,-0.274013340325981,1.2348260875884165,-1.336001683661575,0.22362005404685448,0,70,255.0,255.0,255.0
1661,83.05000000000001,44.57195052467726,-2.4143969922905133,-33.7380162202816,-0.8826599461235787,2.6882884466123236,-0.26253703759521907,1.202360576067175,-1.3583016127764225,0.23543205518351817,0,70,255.0,255.0,255.0
1662,83.10000000000001,44.529306950794705,-2.2816897386130064,-33.75084386042525,-0.823353555108254,2.619815867745635,-0.25047013480762736,1.1698950645459427,-1.3806015418912638,0.2472440563201785,0,70,255.0,255.0,255.0
1663,83.15,44.48958811457351,-2.1524339887902273,-33.763053390428084,-0.7656704396689911,2.550228292423205,-0.23781263196320265,1.1374295530247105,-1.4029014710061052,0.25905605745683885,0,70,255.0,255.0,255.0
1664,83.2,44.452712852234875,-2.0266854926449622,-33.774615280287286,-0.7096105998057894,2.4795257206450327,-0.22456452906194496,1.1049640415034783,-1.4252014001209465,0.27086805859349916,0,70,255.0,255.0,255.0
1665,83.25,44.4186,-1.9045,-33.7855,-0.6551740355186495,2.407708152411118,-0.2107258261038543,1.0724985299822496,-1.4475013292357986,0.28268005973015886,0,70,255.0,255.0,255.0
1666,83.30000000000001,44.387162544825074,-1.7859383100134758,-33.795688159593254,-0.6027117027070211,2.334472627598514,-0.1969049248808328,1.0259947824824103,-1.4819196632676899,0.2701559891905744,0,70,255.0,255.0,255.0
1667,83.35000000000001,44.35829007660637,-1.6710814191851544,-33.805200929213534,-0.5525745572703991,2.2595161860843365,-0.18371022718479438,0.9794910349825844,-1.5163379972995714,0.2576319186509935,0,70,255.0,255.0,255.0
1668,83.4,44.33186633597513,-1.5600153733500814,-33.814069619037184,-0.5047625992087682,2.1828388278685655,-0.17114173301573496,0.9329872874827583,-1.5507563313314532,0.24510784811141256,0,70,255.0,255.0,255.0
1669,83.45,44.30777506356259,-1.452826218343337,-33.82232553924056,-0.45927582852212856,2.1044405529512002,-0.1591994423736545,0.8864835399829323,-1.5851746653633347,0.23258377757183166,0,70,255.0,255.0,255.0
1670,83.5,44.2859,-1.3496,-33.83,-0.41611424521048,2.024321361332241,-0.14788335525855312,0.8399797924831081,-1.6195929993952234,0.22005970703225053,0,70,255.0,255.0,255.0
1671,83.55000000000001,44.266127296022376,-1.2504217676554255,-33.83712154134538,-0.37513324304830215,1.9425410429935206,-0.13702726288139563,0.7992602940036345,-1.6516197341528562,0.21418398805394992,0,70,255.0,255.0,255.0
1672,83.60000000000001,44.248352742779765,-1.1553725846462615,-33.84370762272062,-0.33618821581010916,1.859159387916942,-0.12646495645315622,0.7585407955241725,-1.68364646891048,0.20830826907565098,0,70,255.0,255.0,255.0
1673,83.65,44.23247454152596,-1.0645325178093732,-33.849772933423175,-0.2992791634958892,1.7741763961024821,-0.11619643597383172,0.7178212970447106,-1.7156732036681035,0.202432550097352,0,70,255.0,255.0,255.0
1674,83.7,44.21839089351478,-0.9779816339816547,-33.855332162750486,-0.2644060861056422,1.6875920675501412,-0.10622170144342216,0.6771017985652487,-1.7476999384257272,0.19655683111905306,0,70,255.0,255.0,255.0
1675,83.75,44.206,-0.8958,-33.8604,-0.23156898363936823,1.5994064022599193,-0.09654075286192752,0.6363823000857867,-1.779726673183351,0.1906811121407549,0,70,255.0,255.0,255.0
1676,83.80000000000001,44.1951986710854,-0.8180634193646901,-33.86499287502523,-0.20085132509963574,1.509875200427291,-0.08725802359356899,0.5923240415032337,-1.8015214001209565,0.18062805859350178,0,70,255.0,255.0,255.0
1677,83.85000000000001,44.185878152274555,-0.7448306422297046,-33.86913417990398,-0.1723365794890392,1.4192542622478084,-0.07847794700257565,0.5482657829206934,-1.8233161270585556,0.17057500504625156,0,70,255.0,255.0,255.0
1678,83.9,44.177928297921014,-0.6761561554123654,-33.872849047270115,-0.14602474680756952,1.327543587721446,-0.07020052308894481,0.504207524338153,-1.845110853996155,0.1605219514990013,0,70,255.0,255.0,255.0
1679,83.95,44.17123896237831,-0.6120944457300157,-33.87616260975749,-0.12191582705522676,1.2347431768482036,-0.062425751852676445,0.46014926575561255,-1.866905580933754,0.15046889795175106,0,70,255.0,255.0,255.0
1680,84.0,44.1657,-0.5527,-33.8791,-0.10000982023201087,1.1408530296280812,-0.05515363329377056,0.4160910071730729,-1.888700307871357,0.14041584440450083,0,70,255.0,255.0,255.0
1681,84.05000000000001,44.161202019636036,-0.49804695488571155,-33.8816845585537,-0.08026145655310893,1.0446941552971918,-0.04827664274436012,0.373843539982825,-1.9576546653633489,0.13466377757185427,0,70,255.0,255.0,255.0
1682,84.10000000000001,44.15763864812203,-0.4482880464348472,-33.88393245766347,-0.06262546623372457,0.9450875630917306,-0.0416872555365839,0.3315960727925891,-2.0266090228553213,0.12891171073920932,0,70,255.0,255.0,255.0
1683,84.15,44.15490426679001,-0.40359566054112045,-33.88585807749638,-0.0471018492738519,0.8420332530116711,-0.035385471670439914,0.2893486056023532,-2.095563380347294,0.12315964390656439,0,70,255.0,255.0,255.0
1684,84.2,44.15289325697199,-0.36414218309826146,-33.88747579821953,-0.0336906056734909,0.7355312250570132,-0.029371291145928163,0.24710113841211737,-2.164517737839266,0.11740757707391945,0,70,255.0,255.0,255.0
1685,84.25,44.1515,-0.3301,-33.8888,-0.022391735432641575,0.6255814792277568,-0.023644713963048642,0.20485367122188156,-2.233472095331239,0.11165551024127443,0,70,255.0,255.0,255.0
1686,84.30000000000001,44.150618050370454,-0.30156876109239306,-33.88984809075999,-0.013254848687956932,0.5165481783838084,-0.018387405429035317,0.16062179856542103,-2.1278599384257038,0.0986368311192108,0,70,255.0,255.0,255.0
1687,84.35000000000001,44.15013765523732,-0.27835717203085864,-33.89064958944218,-0.006329555576097474,0.41279548538516675,-0.013781030851126537,0.11638992590897308,-2.0222477815201985,0.08561815199715087,0,70,255.0,255.0,255.0
1688,84.4,44.149948234918966,-0.2602012024231241,-33.89123704274437,-0.0016158560970602857,0.3143234002318,-0.009825590229320716,0.07215805325252514,-1.9166356246146934,0.07259947287509094,0,70,255.0,255.0,255.0
1689,84.45,44.14993920973374,-0.24683682187692585,-33.89164299736437,0.0008862497491546294,0.2211319229237083,-0.006521083563617855,0.027926180596077183,-1.811023467709188,0.059580793753031,0,70,255.0,255.0,255.0
1690,84.5,44.15,-0.238,-33.8919,0.0011767619625472733,0.13322105346089147,-0.003867510854017955,-0.016305692060370733,-1.7054113108036846,0.04656211463097107,0,70,255.0,255.0,255.0
1691,84.55000000000001,44.15004017888214,-0.2332948007446802,-33.892039878406365,0.0004648513049284866,0.05850513116744095,-0.0018217355394530056,-0.012170734244374265,-1.2832255809336568,0.035268897951608306,0,70,255.0,255.0,255.0
1692,84.60000000000001,44.150049930928674,-0.23179766544169608,-33.892091584567844,-4.031146189031567e-05,0.004898495367508859,-0.00034062105885666254,-0.008035776428378971,-0.861039851063749,0.02397568127224876,0,70,255.0,255.0,255.0
1693,84.65,44.15003959353413,-0.23245312976637117,-33.892083351526146,-0.0003387263379093649,-0.02759885393892904,0.0005758325877717337,-0.003900818612383677,-0.43885412119384126,0.012682464592889207,0,70,255.0,255.0,255.0
1694,84.7,44.15001950409306,-0.23420572939403064,-33.89204341232296,-0.00043039332312866103,-0.0389869167518728,0.0009276254004321862,0.00023413920361161494,-0.016668391323933607,0.0013892479135296579,0,70,255.0,255.0,255.0
1695,84.75,44.15,-0.236,-33.892,-0.00031531241754820493,-0.02926569307132234,0.0007147573791246914,0.004369097019606907,0.40551733854597405,-0.009903968765829888,0,70,255.0,255.0,255.0
1696,84.80000000000001,44.14998923410097,-0.23699923592887762,-33.89197559561457,-0.00012455653175614154,-0.011560703053651124,0.0002823475868255983,0.0032611384120738943,0.3026822621607135,-0.007392422926129903,0,70,255.0,255.0,255.0
1697,84.85000000000001,44.14998662104799,-0.23724176620235313,-33.89196967228645,1.0801423659228068e-05,0.001002533144753048,-2.4484913488397628e-05,0.002153179804541197,0.19984718577548208,-0.004880877086430632,0,70,255.0,255.0,255.0
1698,84.9,44.1499893909445,-0.23698467851139,-33.89197595115106,9.07614486979659e-05,0.008424015523895944,-0.00020574012181743715,0.0010452211970084992,0.09701210939025073,-0.0023693312467313607,0,70,255.0,255.0,255.0
1699,84.95,44.14999477389401,-0.2364850605469513,-33.891988153343775,0.00011532354336007207,0.01070374408377757,-0.0002614180381615204,-6.273741052419818e-05,-0.005822966994980638,0.00014221459296791077,0,70,255.0,255.0,255.0
1700,85.0,44.15,-0.236,-33.892,8.448770764554647e-05,0.007841718824397924,-0.00019151866252064686,-0.0011706960180568958,-0.10865804338021193,0.0026537604326671814,0,70,255.0,255.0,255.0
1701,85.05000000000001,44.15000288471395,-0.2357322555398091,-33.89200653913537,3.33748220960796e-05,0.003097681047161834,-7.565480787479537e-05,-0.0008738194039213138,-0.08110346770918854,0.0019807937531658246,0,70,255.0,255.0,255.0
1702,85.10000000000001,44.150003584879386,-0.2356672697488912,-33.892008126286356,-2.894232746596579e-06,-0.00026862794652201226,6.560712795962071e-06,-0.0005769427897858163,-0.05354889203817298,0.0013078270736646591,0,70,255.0,255.0,255.0
1703,85.15,44.150002842687854,-0.23573615618806876,-33.892006443869654,-2.4319456882498735e-05,-0.0022572081566551586,5.512789949166312e-05,-0.00028006617565031876,-0.02599431636715742,0.0006348603941634936,0,70,255.0,255.0,255.0
1704,85.2,44.15000140033088,-0.2358700284181642,-33.89200317430197,-3.0900850311626875e-05,-0.0028680595832376067,7.004675221230778e-05,1.6810438485178637e-05,0.0015602593038581275,-3.8106285337671884e-05,0,70,255.0,255.0,255.0
1705,85.25,44.15,-0.236,-33.892,-2.263841303398097e-05,-0.0021011822262693566,5.131727095789606e-05,0.00031368705262067626,0.029114834974873684,-0.000711072964838838,0,70,255.0,255.0,255.0
1706,85.30000000000001,44.149999227043224,-0.23607174191188604,-33.891998247843965,-8.942756628176923e-06,-0.0008300211349962079,2.027164467358317e-05,0.00023413920361136108,0.021731608676040706,-0.0005307520865333953,0,70,255.0,255.0,255.0
1707,85.35000000000001,44.14999903943446,-0.23608915480208198,-33.89199782256814,7.755073271582686e-07,7.197864133500398e-05,-1.7579376954505603e-06,0.00015459135460206848,0.014348382377209826,-0.00035043120822800375,0,70,255.0,255.0,255.0
1708,85.4,44.14999923830408,-0.2360706967363349,-33.89199827337033,6.516378832029043e-06,0.0006048171027246932,-1.4771476149215215e-05,7.50435055927759e-05,0.006965156078378946,-0.00017011032992261224,0,70,255.0,255.0,255.0
1709,85.45,44.14999962478247,-0.23603482578039187,-33.89199914944835,8.279857886435433e-06,0.0007684942491728588,-1.87689706877108e-05,-4.504343416516696e-06,-0.00041807022045193404,1.021054838277937e-05,0,70,255.0,255.0,255.0
1710,85.5,44.15,-0.236,-33.892,6.065944490377403e-06,0.0005630100806795026,-1.3750421310937356e-05,-8.40521924258093e-05,-0.00780129651928281,0.00019053142668817077,0,70,255.0,255.0,255.0
1711,85.55000000000001,44.150000207113145,-0.23598077681264665,-33.8920004694888,2.3962044166280766e-06,0.00022240349282299777,-5.4317708195372785e-06,-6.27374105241304e-05,-0.005822966994974287,0.00014221459296775662,0,70,255.0,255.0,255.0
1712,85.60000000000001,44.15000025738276,-0.23597611104278077,-33.89200058344112,-2.077965620364749e-07,-1.928661881800376e-05,4.7103798584020444e-07,-4.142262862245757e-05,-0.003844637470666325,9.389775924735621e-05,0,70,255.0,255.0,255.0
1713,85.65,44.150000204095804,-0.23598105686659154,-33.89200046264903,-1.7460584456174455e-06,-0.00016206025424361287,3.958005105197808e-06,-2.0107846720784743e-05,-0.0018663079463583634,4.558092552695581e-05,0,70,255.0,255.0,255.0
1714,85.7,44.15000010053923,-0.23599066846026817,-33.89200022790463,-2.2185812341148354e-06,-0.00020591741345382956,5.029130538535526e-06,1.2069351808880933e-06,0.00011202157794959824,-2.7359081934446227e-06,0,70,255.0,255.0,255.0
1715,85.75,44.15,-0.236,-33.892,-1.6253649275286433e-06,-0.00015085809644865394,3.6844142858533635e-06,2.252171708256093e-05,0.0020903511022575573,-5.1052741913845014e-05,0,70,255.0,255.0,255.0
1716,85.80000000000001,44.149999944504195,-0.23600515083752727,-33.891999874200856,-6.420610383353826e-07,-5.959283629578322e-05,1.4554386045659513e-06,1.6810438485160558e-05,0.0015602593038564413,-3.8106285337631206e-05,0,70,255.0,255.0,255.0
1717,85.85000000000001,44.14999993103449,-0.2360064010267949,-33.89199984366743,5.567892098763738e-08,5.167833937011026e-06,-1.2621424791026614e-07,1.1099159887761813e-05,0.001030167505455476,-2.515982876142108e-05,0,70,255.0,255.0,255.0
1718,85.9,44.149999945312686,-0.2360050757972989,-33.891999876033566,4.6785495044073565e-07,4.342391424975855e-05,-1.060544271576013e-06,5.387881290363068e-06,0.0005000757070545109,-1.2213372185210954e-05,0,70,255.0,255.0,255.0
1719,85.95,44.14999997306059,-0.23600250037853526,-33.89199993893313,5.944670500239131e-07,5.517540464245924e-05,-1.3475514664312918e-06,-3.2339730703568023e-07,-3.001609134645417e-05,7.330843909991746e-07,0,70,255.0,255.0,255.0
1720,86.0,44.15,-0.236,-33.892,4.355152197371702e-07,4.042230511511324e-05,-9.872358324761003e-07,-6.034675904434422e-06,-0.0005601078897474196,1.3679540967209299e-05,0,70,255.0,255.0,255.0
1721,86.05000000000001,44.15000001487006,-0.2359986198372442,-33.89200003370779,1.7203973671345383e-07,1.5967852360135213e-05,-3.899835987265267e-07,-4.504343416511838e-06,-0.0004180702204514791,1.0210548382768212e-05,0,70,255.0,255.0,255.0
1722,86.10000000000001,44.15000001847925,-0.23599828485003957,-33.89200004188919,-1.491912191407369e-08,-1.3847169300402576e-06,3.3819005800857275e-08,-2.974010928589689e-06,-0.000276032551155579,6.741555798328111e-06,0,70,255.0,255.0,255.0
1723,86.15,44.150000014653415,-0.2359986399442128,-33.89200003321671,-1.2536135614549819e-07,-1.1635402755421122e-05,2.8417198110624617e-07,-1.4436784406675399e-06,-0.00013399488185967889,3.27256321388801e-06,0,70,255.0,255.0,255.0
1724,86.2,44.15000000721839,-0.2359993300255907,-33.892000016362815,-1.5928696598081952e-07,-1.4784205116007376e-05,3.6107532718963966e-07,8.665404725460901e-08,8.042787436221251e-06,-1.9642937055209095e-07,0,70,255.0,255.0,255.0
1725,86.25,44.15,-0.236,-33.892,-1.1669595142003772e-07,-1.0831124011799034e-05,2.645290440510382e-07,1.6169865351767585e-06,0.00015008045673212142,-3.665421954992191e-06,0,70,255.0,255.0,255.0
1726,86.30000000000001,44.14999999601557,-0.23600036981349581,-33.89199999096803,-4.6097908518432925e-08,-4.278573144757627e-06,1.0449579034015584e-07,1.2069351808867914e-06,0.00011202157794947527,-2.7359081934416484e-06,0,70,255.0,255.0,255.0
1727,86.35000000000001,44.149999995048496,-0.23600045957304677,-33.89199998877583,3.9975666686575174e-09,3.710337831499898e-07,-9.061775293163168e-09,7.968838265969406e-07,7.396269916683996e-05,-1.8063944318913702e-06,0,70,255.0,255.0,255.0
1728,86.4,44.14999999607363,-0.23600036442584982,-33.89199999109962,3.359047414125657e-08,3.1176967719259477e-06,-7.614365284897088e-08,3.868324723070898e-07,3.590382038420463e-05,-8.768806703410921e-07,0,70,255.0,255.0,255.0
1729,86.45,44.14999999806583,-0.23600017951910193,-33.8919999956156,4.2680813899364304e-08,3.9614158215702476e-06,-9.674984232726735e-08,-2.3218881982760907e-08,-2.155058398430672e-06,5.2633091209186226e-08,0,70,255.0,255.0,255.0
1730,86.5,44.15,-0.236,-33.892,3.126858594298063e-08,2.902190932082893e-06,-7.088034372805257e-08,-4.3327023627261154e-07,-4.021393718106598e-05,9.821468527594646e-07,0,70,255.0,255.0,255.0
1731,86.55000000000001,44.15000000106762,-0.23599990090877243,-33.89200000242011,1.235189736027787e-08,1.1464402188952953e-06,-2.7999562634096665e-08,-3.2339730703532664e-07,-3.0016091346421958e-05,7.330843909983816e-07,0,70,255.0,255.0,255.0
1732,86.60000000000001,44.150000001326745,-0.23599987685777324,-33.89200000300751,-1.0711447605563557e-09,-9.941820255970414e-08,2.4280953717953754e-09,-2.1352437779807298e-07,-1.9818245511780836e-05,4.840219292373693e-07,0,70,255.0,255.0,255.0
1733,86.65,44.150000001052064,-0.23599990235238782,-33.892000002384854,-9.000540419528217e-09,-8.353843322826756e-07,2.0402630289637525e-08,-1.0365144856081931e-07,-9.620399677139718e-06,2.3495946747635715e-07,0,70,255.0,255.0,255.0
1734,86.7,44.150000000518254,-0.23599995189800163,-33.89200000117479,-1.1436289616637696e-08,-1.06145817027362e-06,2.592404211942976e-08,6.2214806764343516e-09,5.774461575014039e-07,-1.4102994284655013e-08,0,70,255.0,255.0,255.0
1735,86.75,44.15,-0.236,-33.892,-8.378392351884815e-09,-7.776397165325385e-07,1.899233086117208e-08,1.1609440991368799e-07,1.0775291992142529e-05,-2.631654560456673e-07,0,70,255.0,255.0,255.0
1736,86.80000000000001,44.149999999713934,-0.2360000265514144,-33.89199999935154,-3.3096809226785718e-09,-3.0718773082355384e-07,7.502460196230842e-09,8.665404725451561e-08,8.042787436212576e-06,-1.964293705518777e-07,0,70,255.0,255.0,255.0
1737,86.85000000000001,44.1499999996445,-0.2360000329958602,-33.89199999919414,2.8701237356790485e-10,2.6639027088826542e-08,-6.506061940183167e-10,5.721368459535161e-08,5.310282880283398e-06,-1.2969328505810712e-07,0,70,255.0,255.0,255.0
1738,86.9,44.1499999997181,-0.2360000261645988,-33.89199999936098,2.411687536856264e-09,2.2384055720475564e-07,-5.46686830957913e-09,2.7773321936187605e-08,2.5777783243542205e-06,-6.295719956433653e-08,0,70,255.0,255.0,255.0
1739,86.95,44.14999999986113,-0.2360000128888916,-33.89199999968521,3.0643445671865053e-09,2.844168595242338e-07,-6.946326150451613e-09,-1.6670407229764063e-09,-1.5472623157495532e-07,3.778885929434036e-09,0,70,255.0,255.0,255.0
1740,87.0,44.15,-0.236,-33.892,2.244983464558631e-09,2.0836793404726084e-07,-5.088979716635748e-09,-3.1107403382140424e-08,-2.8872307875041337e-06,7.051497142320468e-08,0,70,255.0,255.0,255.0
1741,87.05000000000001,44.15000000007666,-0.23599999288556994,-33.892000000173766,8.868263304364167e-10,8.231070439892036e-08,-2.010278150826696e-09,-2.3218881982735807e-08,-2.155058398428339e-06,5.26330912091294e-08,0,70,255.0,255.0,255.0
1742,87.10000000000001,44.150000000095254,-0.2359999911587859,-33.89200000021594,-7.690473371525938e-11,-7.137905795601855e-09,1.743294042778948e-10,-1.533036058333343e-08,-1.4228860093527523e-06,3.4751210995059206e-08,0,70,255.0,255.0,255.0
1743,87.15,44.150000000075536,-0.23599999298921687,-33.89200000017123,-6.462097278968393e-10,-5.997789653634677e-08,1.464842948679027e-09,-7.4418391839310535e-09,-6.907136202771656e-07,1.6869330780989004e-08,0,70,255.0,255.0,255.0
1744,87.2,44.15000000003721,-0.2359999965464319,-33.89200000008435,-8.210886521083226e-10,-7.620926782331439e-08,1.861262482376698e-09,4.466822154713267e-10,4.1458768798420753e-08,-1.0125494330811853e-09,0,70,255.0,255.0,255.0
1745,87.25,44.15,-0.236,-33.892,-6.015415063497092e-10,-5.583201965650497e-08,1.363588005370912e-09,8.335203614873702e-09,7.736311578740069e-07,-1.889442964715138e-08,0,70,255.0,255.0,255.0
1746,87.30000000000001,44.14999999997946,-0.23600000190630577,-33.89199999995345,-2.376243990670938e-10,-2.2055086772127573e-08,5.38652407075944e-10,6.221480676427605e-09,5.77446157500782e-07,-1.4102994284639839e-08,0,70,255.0,255.0,255.0
1747,87.35000000000001,44.14999999997447,-0.23600000236899615,-33.89199999994214,2.0606561293134294e-11,1.91259609358093e-09,-4.671142309326026e-11,4.107757737982108e-09,3.8126115712761285e-07,-9.311558922129661e-09,0,70,255.0,255.0,255.0
1748,87.4,44.149999999979755,-0.2360000018785337,-33.89199999995412,1.731513747310936e-10,1.6071028940631545e-08,-3.9250348513696907e-10,1.9940347995366116e-09,1.8507615675444372e-07,-4.520123559619481e-09,0,70,255.0,255.0,255.0
1749,87.45,44.14999999999003,-0.2360000009253808,-33.8919999999774,2.2001004124678423e-10,2.042021176902426e-08,-4.987237790551827e-10,-1.196881389088855e-10,-1.110884361872547e-08,2.7131180289069817e-10,0,70,255.0,255.0,255.0
1750,87.5,44.15,-0.236,-33.892,1.6118256084020567e-10,1.4960144578759077e-08,-3.6537230484790137e-10,-2.2334110773543835e-09,-2.0729384399189455e-07,5.062747165400877e-09,0,70,255.0,255.0,255.0
1751,87.55000000000001,44.1500000000055,-0.23599999948920689,-33.89200000001247,6.367126583195861e-11,5.9096426895899195e-09,-1.4433147747707955e-10,-1.6670407229746118e-09,-1.5472623157478943e-07,3.7788859294299855e-09,0,70,255.0,255.0,255.0
1752,87.60000000000001,44.150000000006834,-0.2359999993652294,-33.8920000000155,-5.5215114572777766e-12,-5.124785787219329e-10,1.2516288095147641e-11,-1.1006703685950011e-09,-1.0215861915769925e-07,2.495024693459459e-09,0,70,255.0,255.0,255.0
1753,87.65,44.15000000000543,-0.2359999994966484,-33.892000000012295,-4.639577102753525e-11,-4.306219226179427e-09,1.0517099186885223e-10,-5.343000142153903e-10,-4.959100674060906e-08,1.2111634574889327e-09,0,70,255.0,255.0,255.0
1754,87.7,44.15000000000268,-0.23599999975204497,-33.89200000000606,-5.89515128788138e-11,-5.4715792527825595e-09,1.3363263384403405e-10,3.207034016422031e-11,2.9766056764811004e-09,-7.269777848159336e-11,0,70,255.0,255.0,255.0
1755,87.75,44.15,-0.236,-33.892,-4.318873701111341e-11,-4.008558658531333e-09,9.790121402069315e-11,5.984406945438307e-10,5.554421809357129e-08,-1.3565590144521206e-09,0,70,255.0,255.0,255.0
1756,87.80000000000001,44.14999999999852,-0.2360000001368666,-33.89199999999666,-1.7060664260740644e-11,-1.5834839862321065e-09,3.867350283237424e-11,4.4668221547084216e-10,4.145876879837571e-08,-1.012549433080097e-09,0,70,255.0,255.0,255.0
1757,87.85000000000001,44.149999999998165,-0.23600000017008627,-33.89199999999585,1.4794845359767738e-12,1.3731822130679175e-10,-3.3537292873301045e-12,2.9492373639789676e-10,2.7373319503184136e-08,-6.685398517081716e-10,0,70,255.0,255.0,255.0
1758,87.9,44.14999999999855,-0.23600000013487263,-33.891999999996706,1.2431709379047354e-11,1.153847964086152e-09,-2.818048233843912e-11,1.4316525732495132e-10,1.3287870207992564e-08,-3.245302703362459e-10,0,70,255.0,255.0,255.0
1759,87.95,44.149999999999274,-0.23600000006643934,-33.891999999998376,1.5796010268471094e-11,1.4661052421059724e-09,-3.580675632095284e-11,-8.59322174799408e-12,-7.975790871990109e-10,1.94793110356796e-11,0,70,255.0,255.0,255.0
1760,88.0,44.15,-0.236,-33.892,1.1572387204247976e-11,1.074090055366255e-09,-2.6232551234871232e-11,-1.603517008209396e-10,-1.4883028382390576e-08,3.634888924076053e-10,0,70,255.0,255.0,255.0
1761,88.05000000000001,44.15000000000039,-0.23599999996332668,-33.8920000000009,4.571391211003973e-12,4.242932553385079e-10,-1.0362533852417415e-11,-1.1968813890875688e-10,-1.1108843618713397e-08,2.7131180289040307e-10,0,70,255.0,255.0,255.0
1762,88.10000000000001,44.15000000000049,-0.23599999995442553,-33.89200000000111,-3.9642668662930987e-13,-3.679430650523295e-11,8.986290541726965e-13,-7.902457699658572e-11,-7.334658855037289e-09,1.7913471337322703e-10,0,70,255.0,255.0,255.0
1763,88.15,44.15000000000038,-0.23599999996386095,-33.892000000000884,-3.33106648865415e-12,-3.09172630165179e-10,7.550937484904265e-12,-3.8361015084414565e-11,-3.560474091361181e-09,8.695762385605098e-11,0,70,255.0,255.0,255.0
1764,88.2,44.1500000000002,-0.2359999999821976,-33.892000000000436,-4.23252819507055e-12,-3.9284171564133065e-10,9.594391439777298e-12,2.3025468277566055e-12,2.1371067231492653e-10,-5.219465661125091e-12,0,70,255.0,255.0,255.0
1765,88.25,44.15,-0.236,-33.892,-3.1008118058785026e-12,-2.878015629336879e-10,7.0289909187917975e-12,4.296610873992775e-11,3.987895435991034e-09,-9.739655517830111e-11,0,70,255.0,255.0,255.0
1766,88.30000000000001,44.14999999999989,-0.23600000000982654,-33.89199999999977,-1.2249005832752466e-12,-1.1368903512192531e-10,2.7766325772954164e-12,3.207034016418543e-11,2.976605676477886e-09,-7.269777848151546e-11,0,70,255.0,255.0,255.0
1767,88.35000000000001,44.149999999999864,-0.23600000001221164,-33.891999999999705,1.062222105404693e-13,9.859004714140448e-12,-2.4078692936071895e-13,2.1174571588446215e-11,1.965315916965025e-09,-4.799900178473683e-11,0,70,255.0,255.0,255.0
1768,88.4,44.1499999999999,-0.2360000000096834,-33.89199999999977,8.925565755692542e-13,8.284255657456598e-11,-2.023267601177993e-12,1.0278803012706996e-11,9.540261574521643e-10,-2.3300225087958206e-11,0,70,255.0,255.0,255.0
1769,88.45,44.14999999999995,-0.23600000000477012,-33.89199999999988,1.1341025118111108e-12,1.0526162045935142e-10,-2.5708094381564063e-12,-6.169655630322255e-13,-5.72636020606961e-11,1.3985516088204277e-12,0,70,255.0,255.0,255.0
1770,88.5,44.15,-0.236,-33.892,8.308600192660361e-13,7.71161963684966e-11,-1.883412440295957e-12,-1.1512734138771446e-11,-1.0685533615735571e-09,2.6097328305599058e-11,0,70,255.0,255.0,255.0
1771,88.55000000000001,44.15000000000003,-0.23599999999736695,-33.89200000000006,3.2821112209701344e-13,3.046288514919344e-11,-7.439964567642537e-13,-8.593221747984888e-12,-7.975790871981448e-10,1.9479311035658712e-11,0,70,255.0,255.0,255.0
1772,88.60000000000001,44.150000000000034,-0.23599999999672788,-33.89200000000009,-2.846215553256743e-14,-2.6417123513285375e-12,6.451866327017437e-14,-5.6737093571991585e-12,-5.266048128228096e-10,1.2861293765720246e-11,0,70,255.0,255.0,255.0
1773,88.65,44.150000000000034,-0.2359999999974053,-33.89200000000007,-2.3915981362287007e-13,-2.2197596133084526e-11,5.421329198076975e-13,-2.7541969664134294e-12,-2.5563053844747433e-10,6.24327649578178e-12,0,70,255.0,255.0,255.0
1774,88.7,44.15000000000001,-0.23599999999872184,-33.89200000000004,-3.0388185217389484e-13,-2.820476619607452e-11,6.888463128483171e-13,1.6531542437229808e-13,1.5343735927860965e-11,-3.7474077415668464e-13,0,70,255.0,255.0,255.0
1775,88.75,44.15,-0.236,-33.892,-2.226282711856414e-13,-2.0663222540298545e-11,5.046588423920318e-13,3.0848278151580256e-12,2.863180103031962e-10,-6.992758044095148e-12,0,70,255.0,255.0,255.0
1776,88.80000000000001,44.14999999999999,-0.2360000000007055,-33.89199999999998,-8.794390511280737e-14,-8.162505474848423e-12,1.993532497615985e-13,2.302546827754111e-12,2.1371067231469497e-10,-5.2194656611194086e-12,0,70,255.0,255.0,255.0
1777,88.85000000000001,44.14999999999999,-0.23600000000087676,-33.89199999999998,7.626411589800436e-15,7.078446911738074e-13,-1.728772371997874e-14,1.5202658403504185e-12,1.411033343262144e-10,-3.4461732781441736e-12,0,70,255.0,255.0,255.0
1778,88.9,44.14999999999999,-0.2360000000006952,-33.89199999999998,6.408267892222586e-14,5.947827957772216e-12,-1.4526407805279922e-13,7.379848529467263e-13,6.849599633773382e-11,-1.6728808951689386e-12,0,70,255.0,255.0,255.0
1779,88.95,44.15,-0.23600000000034246,-33.891999999999996,8.142489688446882e-14,7.557444324946803e-12,-1.8457581323686304e-13,-4.429613445696602e-14,-4.1113416507467275e-12,1.0041148780629636e-13,0,70,255.0,255.0,255.0
1780,89.0,44.15,-0.236,-33.892,5.965306547652959e-14,5.536693792697566e-12,-1.3522292927217014e-13,-8.265771218606576e-13,-7.671867963922728e-11,1.8737038707815317e-12,0,70,255.0,255.0,255.0
1781,89.05000000000001,44.15,-0.23599999999981094,-33.89200000000001,2.356449835421601e-14,2.187136750200252e-12,-5.341654228214021e-14,-6.169655630315575e-13,-5.7263602060634804e-11,1.3985516088189213e-12,0,70,255.0,255.0,255.0
1782,89.10000000000001,44.15,-0.23599999999976506,-33.89200000000001,-2.043490826634389e-15,-1.8966641336667918e-13,4.632231609740669e-15,-4.073540042025168e-13,-3.780852448204786e-11,9.23399346856446e-13,0,70,255.0,255.0,255.0
1783,89.15,44.15,-0.2359999999998137,-33.89200000000001,-1.7170902066033343e-14,-1.593715698004319e-12,3.8923392403499117e-14,-1.9774244537347627e-13,-1.8353446903460913e-11,4.482470848939707e-13,0,70,255.0,255.0,255.0
1784,89.2,44.150000000000006,-0.23599999999990823,-33.89200000000001,-2.1817735363980888e-14,-2.025011103712665e-12,4.94569400991352e-14,1.1869113455564377e-14,1.1016306751260223e-12,-2.6905177068504845e-14,0,70,255.0,255.0,255.0
1785,89.25,44.15,-0.236,-33.892,-1.5983990720476992e-14,-1.4835526304917227e-12,3.623287469664881e-14,2.2148067228460492e-13,2.0556708253712964e-11,-5.020574390309801e-13,0,70,255.0,255.0,255.0
1786,89.30000000000001,44.15,-0.23600000000005064,-33.892,-6.314088304056701e-15,-5.860415259525878e-13,1.431291936696239e-14,1.6531542437211875e-13,1.534373592784427e-11,-3.747407741562773e-13,0,70,255.0,255.0,255.0
1787,89.35000000000001,44.15,-0.23600000000006294,-33.891999999999996,5.475517167370903e-16,5.0820962292909325e-14,-1.2412027189839306e-15,1.0915017645964858e-13,1.0130763601977057e-11,-2.474241092816108e-13,0,70,255.0,255.0,255.0
1788,89.4,44.15,-0.23600000000004992,-33.892,4.6009293419075324e-15,4.2703483424506026e-13,-1.0429491561197279e-14,5.2984928547178373e-14,4.9177912761098435e-12,-1.2010744440694425e-13,0,70,255.0,255.0,255.0
1789,89.45,44.150000000000006,-0.23600000000002455,-33.892,5.84604457145463e-15,5.426000899038654e-13,-1.3251947159677675e-14,-3.180319365291816e-15,-2.951810497573713e-13,7.209220467722311e-15,0,70,255.0,255.0,255.0
1790,89.5,44.15,-0.236,-33.892,4.282897405378368e-15,3.975167292693249e-13,-9.708569514425107e-15,-5.934556727776202e-14,-5.508153375624584e-12,1.3452588534238872e-13,0,70,255.0,255.0,255.0
1791,89.55000000000001,44.15,-0.23599999999998642,-33.892,1.6918548620107899e-15,1.5702935361009874e-13,-3.835135185709347e-15,-4.429613445691755e-14,-4.111341650742276e-12,1.0041148780618824e-13,0,70,255.0,255.0,255.0
1792,89.60000000000001,44.15,-0.2359999999999831,-33.892,-1.4671604031397894e-16,-1.3617435804957565e-14,3.325792661950581e-16,-2.924670163607737e-14,-2.714529925860364e-12,6.629709026999746e-14,0,70,255.0,255.0,255.0
1793,89.65,44.15,-0.23599999999998664,-33.892,-1.2328153015967801e-15,-1.144236389759222e-13,2.7945738412900227e-15,-1.4197268815237181e-14,-1.3177182009784532e-12,3.2182692733806684e-14,0,70,255.0,255.0,255.0
1794,89.7,44.15,-0.2359999999999934,-33.892,-1.566442921837615e-15,-1.453892559027953e-13,3.5508485395755423e-15,8.521640056030006e-16,7.909352390345803e-14,-1.9317048023840956e-15,0,70,255.0,255.0,255.0
1795,89.75,44.15,-0.236,-33.892,-1.1475989010364845e-15,-1.0651428658557684e-13,2.6014033610516244e-15,1.5901596826443192e-14,1.4759052487853697e-12,-3.604610233857486e-14,0,70,255.0,255.0,255.0
1796,89.80000000000001,44.15,-0.23600000000000365,-33.892,-4.533311439864597e-16,-4.207588848780715e-14,1.0276213758750032e-15,1.1869113455551487e-14,1.1016306751248316e-12,-2.6905177068475663e-14,0,70,255.0,255.0,255.0
1797,89.85000000000001,44.15,-0.2360000000000045,-33.892,3.9312444518822453e-17,3.648780926921031e-15,-8.911434579630104e-17,7.836630084660925e-15,7.273561014643999e-13,-1.7764251798379064e-14,0,70,255.0,255.0,255.0
1798,89.9,44.15,-0.2360000000000036,-33.892,3.303318644795881e-16,3.06597216586287e-14,-7.488038039628017e-16,3.804146713770365e-15,3.530815278039682e-13,-8.623326528282462e-15,0,70,255.0,255.0,255.0
1799,89.95,44.15,-0.23600000000000176,-33.892,4.197271158958375e-16,3.895693370731582e-14,-9.514469986244986e-16,-2.283366571201961e-16,-2.1193045856463467e-14,5.175987418141409e-16,0,70,255.0,255.0,255.0
1800,90.0,44.15,-0.236,-33.892,3.0749819876756995e-16,2.854041707298248e-14,-6.970439297813911e-16,-4.2608200280107575e-15,-3.9546761951689505e-13,9.658524011910739e-15,0,70,255.0,255.0,255.0
1801,90.05000000000001,44.15,-0.23599999999999902,-33.892,1.2146971393504888e-16,1.1274200341129901e-14,-2.753503177906664e-16,-3.180319365288393e-15,-2.951810497570511e-13,7.209220467714416e-15,0,70,255.0,255.0,255.0
1802,90.10000000000001,44.15,-0.23599999999999877,-33.892,-1.053373776131184e-17,-9.776879027265753e-16,2.3878116990146722e-17,-2.0998187025663354e-15,-1.948944799972357e-13,4.75991692351879e-15,0,70,255.0,255.0,255.0
1803,90.15,44.15,-0.23599999999999902,-33.892,-8.85121563215727e-17,-8.215247658592564e-15,2.0064137456118556e-16,-1.0193180398442782e-15,-9.460791023742025e-14,2.3106133793231637e-15,0,70,255.0,255.0,255.0
1804,90.2,44.15,-0.23599999999999952,-33.892,-1.124655417457338e-16,-1.0438478926468054e-14,2.549394549224497e-16,6.118262287777904e-17,5.67865952239518e-15,-1.3869016487246314e-16,0,70,255.0,255.0,255.0
1805,90.25,44.15,-0.236,-33.892,-8.239389403379521e-17,-7.647381706353082e-15,1.8677235807393994e-16,1.1416832855998359e-15,1.0596522928221052e-13,-2.5879937090680896e-15,0,70,255.0,255.0,255.0
1806,90.30000000000001,44.15,-0.23600000000000024,-33.892,-3.254771175373584e-17,-3.020912876712445e-15,7.377989528766206e-17,8.521640056020856e-16,7.909352390337289e-14,-1.9317048023819984e-15,0,70,255.0,255.0,255.0
1807,90.35000000000001,44.15,-0.23600000000000032,-33.892,2.822506526424732e-18,2.6197068398526265e-16,-6.398122164285668e-18,5.626447256044175e-16,5.22218185245429e-14,-1.2754158956960935e-15,0,70,255.0,255.0,255.0
1808,90.4,44.15,-0.23600000000000024,-33.892,2.3716760806702694e-17,2.201268975741548e-15,-5.3761694281940076e-17,2.731254456067494e-16,2.535011314571292e-14,-6.191269890101886e-16,0,70,255.0,255.0,255.0
1809,90.45,44.15,-0.23600000000000013,-33.892,3.0135051087098114e-17,2.79698199855641e-15,-6.831082106530101e-17,-1.6393834390918677e-17,-1.521592233117075e-15,3.716191767571605e-17,0,70,255.0,255.0,255.0
1810,90.5,44.15,-0.236,-33.892,2.2077377367610926e-17,2.0491097524298497e-15,-5.004550251436868e-17,-3.0591311438858685e-16,-2.8393297611947067e-14,6.934508243616203e-16,0,70,255.0,255.0,255.0
1811,90.55000000000001,44.15,-0.2359999999999999,-33.892,8.72113307989448e-18,8.094511657198795e-16,-1.976926335998184e-17,-2.2833665711994953e-16,-2.119304585644047e-14,5.175987418135778e-16,0,70,255.0,255.0,255.0
1812,90.60000000000001,44.15,-0.2359999999999999,-33.892,-7.562883443870774e-19,-7.019483321448008e-17,1.7143716669960095e-18,-1.5076019985133428e-16,-1.3992794100935915e-14,3.4174665926558523e-16,0,70,255.0,255.0,255.0
1813,90.65,44.15,-0.23599999999999993,-33.892,-6.3548869052380885e-18,-5.898282443736323e-16,1.440540256657473e-17,-7.318374258271902e-17,-6.792542345431363e-15,1.6589457671759265e-16,0,70,255.0,255.0,255.0
1814,90.7,44.15,-0.23599999999999993,-33.892,-8.074662602658555e-18,-7.494490677575782e-16,1.830382933875433e-17,4.392714685896258e-18,4.0770941007318635e-16,-9.957505830399977e-18,0,70,255.0,255.0,255.0
1815,90.75,44.15,-0.236,-33.892,-5.9156154366484925e-18,-5.49057303366316e-16,1.340965198353481e-17,8.196917195451151e-17,7.607961165577742e-15,-1.858095883783925e-16,0,70,255.0,255.0,255.0
1816,90.80000000000001,44.15,-0.23600000000000002,-33.892,-2.336820565842075e-18,-2.1689178616707256e-16,5.297158152265318e-18,6.118262287771265e-17,5.6786595223889745e-15,-1.3869016487231336e-16,0,70,255.0,255.0,255.0
1817,90.85000000000001,44.15,-0.23600000000000002,-33.892,2.0264685112358937e-19,1.8808648872657345e-17,-4.593645036983791e-19,4.039607380091969e-17,3.749357879200757e-15,-9.157074136624763e-17,0,70,255.0,255.0,255.0
1818,90.9,44.15,-0.23600000000000002,-33.892,1.7027868142496645e-18,1.5804400175298187e-16,-3.859915984358924e-18,1.9609524724126724e-17,1.8200562360125382e-15,-4.445131786018188e-17,0,70,255.0,255.0,255.0
1819,90.95,44.15,-0.23600000000000002,-33.892,2.1635993235361504e-18,2.0081427247390086e-16,-4.904496289716316e-18,-1.1770243526662333e-18,-1.0924540717567994e-16,2.6681056458838578e-18,0,70,255.0,255.0,255.0
1820,91.0,44.15,-0.236,-33.892,1.5850843789830468e-18,1.4711946103541431e-16,-3.593105419770555e-18,-2.1963573429459188e-17,-2.038547050363899e-15,4.9787529151949596e-17,0,70,255.0,255.0,255.0
1821,91.05000000000001,44.15,-0.236,-33.892,6.261491834738233e-19,5.811597894841084e-17,-1.4193692490794303e-18,-1.6393834390901032e-17,-1.5215922331154308e-15,3.7161917675675634e-17,0,70,255.0,255.0,255.0
1822,91.10000000000001,44.15,-0.23599999999999996,-33.892,-5.429906010727553e-20,-5.039762276149092e-18,1.2308634779750434e-19,-1.0824095352344462e-17,-1.0046374158671096e-15,2.4536306199405253e-17,0,70,255.0,255.0,255.0
1823,91.15,44.15,-0.236,-33.892,-4.562603517605615e-19,-4.234776263829441e-17,1.034261370860956e-18,-5.254356313787891e-18,-4.876825986187886e-16,1.1910694723134878e-17,0,70,255.0,255.0,255.0
1824,91.2,44.15,-0.236,-33.892,-5.797346914860348e-19,-5.380802213802515e-17,1.3141558201109242e-18,3.153827247686809e-19,2.927221862953263e-17,-7.149167531355032e-19,0,70,255.0,255.0,255.0
1825,91.25,44.15,-0.236,-33.892,-4.2472207928369504e-19,-3.942054077534129e-17,9.627696955474101e-19,5.885121763325254e-18,5.462270358778539e-16,-1.334052822940587e-17,0,70,255.0,255.0,255.0
1826,91.30000000000001,44.15,-0.236,-33.892,-1.6777616805321778e-19,-1.5572129626570816e-17,3.803188440524022e-19,4.392714685891498e-18,4.077094100727483e-16,-9.957505830389147e-18,0,70,255.0,255.0,255.0
1827,91.35000000000001,44.15,-0.236,-33.892,1.454938930551346e-20,1.3504002319389822e-18,-3.2980887491637503e-20,2.900307608458167e-18,2.69191784267682e-16,-6.5744834313733856e-18,0,70,255.0,255.0,255.0
1828,91.4,44.15,-0.236,-33.892,1.2225459279258241e-19,1.1347048800195858e-17,-2.771294990848987e-19,1.407900531024836e-18,1.306741584626157e-16,-3.191461032357624e-18,0,70,255.0,255.0,255.0
1829,91.45,44.15,-0.236,-33.892,1.5533944240798899e-19,1.4417816078199808e-17,-3.5212699072738163e-19,-8.450654640849496e-20,-7.843467342450585e-18,1.9156136665813796e-19,0,70,255.0,255.0,255.0
1830,91.5,44.15,-0.236,-33.892,1.1380393815173337e-19,1.0562702065950843e-17,-2.579733624190864e-19,-1.5769136238418268e-18,-1.4636109314751685e-16,3.574583765673898e-18,0,70,255.0,255.0,255.0
1831,91.55000000000001,44.15,-0.236,-33.892,4.495548873904805e-20,4.17253955787241e-18,-1.019061271301793e-19,-1.1770243526649598e-18,-1.0924540717556235e-16,2.668105645880968e-18,0,70,255.0,255.0,255.0
1832,91.60000000000001,44.15,-0.236,-33.892,-3.8984971147783385e-21,-3.618386516068513e-19,8.837202169045971e-21,-7.771350814882066e-19,-7.21297212036184e-17,1.761627526088295e-18,0,70,255.0,255.0,255.0
1833,91.65,44.15,-0.236,-33.892,-3.2758019409768196e-20,-3.0404325624890203e-18,7.425662547864022e-20,-3.772458103114534e-19,-3.5014035231674435e-17,8.551494062956226e-19,0,70,255.0,255.0,255.0
1834,91.7,44.15,-0.236,-33.892,-4.1623078145921506e-20,-3.863242174774091e-18,9.435214279860337e-20,2.264346086529971e-20,2.1016507402695124e-18,-5.132871349705021e-20,0,70,255.0,255.0,255.0
1835,91.75,44.15,-0.236,-33.892,-3.0493673323238384e-20,-2.83026748846208e-18,6.912375412893555e-20,4.225327320420526e-19,3.921733671221347e-17,-9.578068332897226e-19,0,70,255.0,255.0,255.0
1836,91.80000000000001,44.15,-0.236,-33.892,-1.2045786902974353e-20,-1.118028604918826e-18,2.7305664468314866e-20,3.1538272476834088e-19,2.9272218629501115e-17,-7.149167531347244e-19,0,70,255.0,255.0,255.0
1837,91.85000000000001,44.15,-0.236,-33.892,1.0445991535999161e-21,9.695437448842185e-20,-2.3679211845464367e-21,2.0823271749465967e-19,1.932710054679158e-17,-4.720266729797953e-19,0,70,255.0,255.0,255.0
1838,91.9,44.15,-0.236,-33.892,8.77748484649043e-21,8.146814497602221e-19,-1.9897002829661985e-20,1.0108271022097846e-19,9.381982464082046e-18,-2.2913659282486607e-19,0,70,255.0,255.0,255.0
1839,91.95,44.15,-0.236,-33.892,1.1152870175697194e-20,1.0351526208965743e-18,-2.5281580467031742e-20,-6.0672970527027775e-21,-5.631356186274825e-19,1.3753487330063064e-20,0,70,255.0,255.0,255.0
1840,92.0,44.15,-0.236,-33.892,8.170755141220194e-21,7.583678878974761e-19,-1.8521654096655766e-20,-1.1321730432638396e-19,-1.0508253701337019e-17,2.566435674849922e-19,0,70,255.0,255.0,255.0
1841,92.05000000000001,44.15,-0.236,-33.892,3.227658872849371e-21,2.9957486180289416e-19,-7.316530743080169e-21,-8.450654640840401e-20,-7.843467342442087e-18,1.9156136665792977e-19,0,70,255.0,255.0,255.0
1842,92.10000000000001,44.15,-0.236,-33.892,-2.7989949962133467e-22,-2.5978846346837387e-20,6.344825691397694e-22,-5.579578849043219e-20,-5.178680983547913e-18,1.2647916583088583e-19,0,70,255.0,255.0,255.0
1843,92.15,44.15,-0.236,-33.892,-2.3519199761935316e-21,-2.1829323655186776e-19,5.3313858400076916e-21,-2.7085030572460395e-20,-2.5138946246537393e-18,6.139696500384189e-20,0,70,255.0,255.0,255.0
1844,92.2,44.15,-0.236,-33.892,-2.9884025568672193e-21,-2.7736830881219672e-19,6.774179069523611e-21,1.6257273455114228e-21,1.5089173424043601e-19,-3.685235823202047e-21,0,70,255.0,255.0,255.0
1845,92.25,44.15,-0.236,-33.892,-2.189347241642395e-21,-2.0320406312782492e-19,4.962862257687507e-21,3.033648526348323e-20,2.8156780931346105e-18,-6.876743665024599e-20,0,70,255.0,255.0,255.0
1846,92.30000000000001,44.15,-0.236,-33.892,-8.648485884231372e-22,-8.027084229275068e-20,1.9604585040058135e-21,2.2643460865275035e-20,2.1016507402672413e-18,-5.1328713496994464e-20,0,70,255.0,255.0,255.0
1847,92.35000000000001,44.15,-0.236,-33.892,7.499884488541098e-23,6.96101089892728e-21,-1.700090920126251e-22,1.495043646706903e-20,1.3876233874000755e-18,-3.3889990343747896e-20,0,70,255.0,255.0,255.0
1848,92.4,44.15,-0.236,-33.892,6.301950582836806e-22,5.849149644724902e-20,-1.4285405303687844e-21,7.257412068863023e-21,6.735960345329093e-19,-1.6451267190501334e-20,0,70,255.0,255.0,255.0
1849,92.45,44.15,-0.236,-33.892,8.007400517716721e-22,7.432061435221445e-20,-1.8151358110626636e-21,-4.3561232934298e-22,-4.0431318334256576e-20,9.87455962745234e-22,0,70,255.0,255.0,255.0
1850,92.5,44.15,-0.236,-33.892,5.866338253493859e-22,5.444836461382356e-20,-1.329794934094266e-21,-8.128636727548989e-21,-7.544586712014222e-19,1.8426179115991802e-20,0,70,255.0,255.0,255.0
1851,92.55000000000001,44.15,-0.236,-33.892,2.31735480843176e-22,2.1508507368108553e-20,-5.253032729430846e-22,-6.06729705269618e-21,-5.631356186268785e-19,1.3753487330048135e-20,0,70,255.0,255.0,255.0
1852,92.60000000000001,44.15,-0.236,-33.892,-2.009587992031306e-23,-1.8651972488718048e-21,4.555379891073115e-23,-4.0059573778439556e-21,-3.7181256605238914e-19,9.080795544105795e-21,0,70,255.0,255.0,255.0
1853,92.65,44.15,-0.236,-33.892,-1.6886025694119684e-22,-1.5672749237128243e-20,3.827762814674431e-22,-1.9446177029917322e-21,-1.804895134778998e-19,4.4081037581634544e-21,0,70,255.0,255.0,255.0
1854,92.7,44.15,-0.236,-33.892,-2.145576502194751e-22,-1.9914148596660753e-20,4.8636417472705165e-22,1.1672197186049115e-22,1.0833539096589616e-20,-2.645880277788828e-22,0,70,255.0,255.0,255.0
1855,92.75,44.15,-0.236,-33.892,-1.571880597551482e-22,-1.458939532746934e-20,3.5631747868955657e-22,2.1780616467127153e-21,2.0215659167107902e-19,-4.9372798137212215e-21,0,70,255.0,255.0,255.0
1856,92.80000000000001,44.15,-0.236,-33.892,-6.20933349495669e-23,-5.763187179683539e-21,1.4075458776652514e-22,1.6257273455096718e-21,1.508917342402728e-19,-3.685235823198075e-21,0,70,255.0,255.0,255.0
1857,92.85000000000001,44.15,-0.236,-33.892,5.384674795840716e-24,4.997780965599526e-22,-1.2206103630300166e-23,1.0733930443067856e-21,9.962687680948114e-20,-2.4331918326752854e-21,0,70,255.0,255.0,255.0
1858,92.9,44.15,-0.236,-33.892,4.5245969481105555e-23,4.199500501264009e-21,-1.0256459550098955e-22,5.210587431038992e-22,4.8362019378689486e-20,-1.181147842152495e-21,0,70,255.0,255.0,255.0
1859,92.95,44.15,-0.236,-33.892,5.749054910622759e-23,5.335980034428625e-21,-1.3032088784554296e-22,-3.127555809898724e-23,-2.9028380521021545e-21,7.089614837029481e-23,0,70,255.0,255.0,255.0
1860,93.0,44.15,-0.236,-33.892,4.211841367120702e-23,3.909216696053805e-21,-9.547498066396044e-23,-5.836098593018733e-22,-5.4167695482893855e-20,1.322940138893085e-21,0,70,255.0,255.0,255.0
1861,93.05000000000001,44.15,-0.236,-33.892,1.663785895509166e-23,1.5442413506256039e-21,-3.771507812301599e-23,-4.356123293425093e-22,-4.043131833421268e-20,9.874559627441676e-22,0,70,255.0,255.0,255.0
1862,93.10000000000001,44.15,-0.236,-33.892,-1.4428192630497322e-24,-1.3391513736800313e-22,3.270615610469519e-24,-2.876147993831875e-22,-2.6694941185535417e-20,6.519717865953459e-22,0,70,255.0,255.0,255.0
1863,93.15,44.15,-0.236,-33.892,-1.2123620983225452e-23,-1.1252527679277863e-21,2.74821005365149e-23,-1.396172694238657e-22,-1.295856403685815e-20,3.1648761044652415e-22,0,70,255.0,255.0,255.0
1864,93.2,44.15,-0.236,-33.892,-1.5404546205435497e-23,-1.4297715410537435e-21,3.4919376655120104e-23,8.380260535456203e-24,7.7781311181912185e-22,-1.899656570229778e-23,0,70,255.0,255.0,255.0
1865,93.25,44.15,-0.236,-33.892,-1.128559492967988e-23,-1.0474714567458785e-21,2.5582443966285257e-23,1.563777904947781e-22,1.4514190260496376e-20,-3.5448074185111943e-22,0,70,255.0,255.0,255.0
1866,93.30000000000001,44.15,-0.236,-33.892,-4.458100870799733e-24,-4.137782228188768e-22,1.0105724725538838e-23,1.1672197186036565e-22,1.0833539096577928e-20,-2.645880277785965e-22,0,70,255.0,255.0,255.0
1867,93.35000000000001,44.15,-0.236,-33.892,3.8660225635824635e-25,3.5882452912059195e-23,-8.763588115779337e-25,7.706615322596447e-23,7.152887932660528e-21,-1.7469531370609922e-22,0,70,255.0,255.0,255.0
1868,93.4,44.15,-0.236,-33.892,3.248514451796277e-24,3.015105704471356e-22,-7.363806645070086e-24,3.741033459156329e-23,3.472236768743128e-21,-8.480259963360187e-23,0,70,255.0,255.0,255.0
1869,93.45,44.15,-0.236,-33.892,4.1276357155143576e-24,3.831061297863518e-22,-9.356618774937635e-24,-2.2454840428378806e-24,-2.0841439517427274e-22,5.090114438895461e-24,0,70,255.0,255.0,255.0
1870,93.5,44.15,-0.236,-33.892,3.0239660475124965e-24,2.806691309297098e-22,-6.854795201180582e-24,-4.1901302677239086e-23,-3.88906555909167e-21,9.498282851139274e-23,0,70,255.0,255.0,255.0
1871,93.55000000000001,44.15,-0.236,-33.892,1.194544528107273e-24,1.1087154064990317e-22,-2.70782077913936e-24,-3.12755580989532e-23,-2.9028380520990504e-21,7.089614837021841e-23,0,70,255.0,255.0,255.0
1872,93.60000000000001,44.15,-0.236,-33.892,-1.0358976238324146e-25,-9.614674280234036e-24,2.3481963584220616e-25,-2.064981352067034e-23,-1.9166105451067113e-21,4.680946822905094e-23,0,70,255.0,255.0,255.0
1873,93.65,44.15,-0.236,-33.892,-8.704368239596432e-25,-8.078951386075708e-23,1.9731260437654682e-24,-1.002406894238748e-23,-9.303830381143722e-22,2.2722788087883468e-23,0,70,255.0,255.0,255.0
1874,93.7,44.15,-0.236,-33.892,-1.1059966566219321e-24,-1.0265297809166599e-22,2.5070984446304238e-24,6.016756358953839e-25,5.584446887796686e-23,-1.363892053284017e-24,0,70,255.0,255.0,255.0
1875,93.75,44.15,-0.236,-33.892,-8.102692603701074e-25,-7.52050669729608e-23,1.836736838437072e-24,1.1227420214178252e-23,1.042071975870306e-21,-2.54505721944515e-23,0,70,255.0,255.0,255.0
1876,93.80000000000001,44.15,-0.236,-33.892,-3.200772416293604e-25,-2.970793978073595e-23,7.25558391018605e-25,8.38026053544717e-24,7.778131118182741e-22,-1.899656570227708e-23,0,70,255.0,255.0,255.0
1877,93.85000000000001,44.15,-0.236,-33.892,2.7756793174721425e-26,2.5762442088769966e-24,-6.291973179088932e-26,5.533100856716895e-24,5.135542477663174e-22,-1.2542559210104491e-23,0,70,255.0,255.0,255.0
1878,93.9,44.15,-0.236,-33.892,2.332328440422975e-25,2.164748499589286e-23,-5.286975299917725e-25,2.685941177986621e-24,2.492953837143606e-22,-6.088552717931903e-24,0,70,255.0,255.0,255.0
1879,93.95,44.15,-0.236,-33.892,2.9635091097336843e-25,2.750578258031163e-23,-6.717750035840454e-25,-1.6121850074365206e-25,-1.4963480337596205e-23,3.654537742406833e-25,0,70,255.0,255.0,255.0
1880,94.0,44.15,-0.236,-33.892,2.1711099396793335e-25,2.0151136962133342e-23,-4.92152152567707e-25,-3.008378179473925e-24,-2.7922234438955284e-22,6.819460266413265e-24,0,70,255.0,255.0,255.0
1881,94.05000000000001,44.15,-0.236,-33.892,8.576443841016845e-26,7.960218473040624e-24,-1.9441278493505998e-25,-2.2454840428354767e-24,-2.0841439517404507e-22,5.0901144388899066e-24,0,70,255.0,255.0,255.0
1882,94.10000000000001,44.15,-0.236,-33.892,-7.437410315644306e-27,-6.903025552739466e-25,1.6859291321351662e-26,-1.4825899061972453e-24,-1.376064459585574e-22,3.360768611367039e-24,0,70,255.0,255.0,255.0
1883,94.15,44.15,-0.236,-33.892,-6.249455220954765e-26,-5.800426122814338e-24,1.416640762016248e-25,-7.196957695590138e-25,-6.679849674306973e-23,1.6314227838441715e-24,0,70,255.0,255.0,255.0
1884,94.2,44.15,-0.236,-33.892,-7.940698727154162e-26,-7.37015222958054e-24,1.8000156970575956e-25,4.319836707921771e-26,4.0094524724179125e-24,-9.792304367869566e-26,0,70,255.0,255.0,255.0
1885,94.25,44.15,-0.236,-33.892,-5.81747155016261e-26,-5.399480875572576e-24,1.3187177183375577e-25,8.060925037174494e-25,7.481740168790551e-23,-1.8272688712015636e-24,0,70,255.0,255.0,255.0
1886,94.30000000000001,44.15,-0.236,-33.892,-2.2980512011313398e-26,-2.132934111426539e-24,5.209274872163485e-26,6.016756358947386e-25,5.584446887790625e-23,-1.363892053282548e-24,0,70,255.0,255.0,255.0
1887,94.35000000000001,44.15,-0.236,-33.892,1.992848087855793e-27,1.849660122187949e-25,-4.5174334945172205e-27,3.972587680720858e-25,3.687153606791239e-23,-9.005152353636638e-25,0,70,255.0,255.0,255.0
1888,94.4,44.15,-0.236,-33.892,1.674536479589293e-26,1.5542194953644901e-24,-3.7958774814726403e-26,1.9284190024943306e-25,1.7898603257918525e-23,-4.371384174447798e-25,0,70,255.0,255.0,255.0
1889,94.45,44.15,-0.236,-33.892,2.1277038112798002e-26,1.974826338010545e-24,-4.823127523899272e-26,-1.1574967573219614e-26,-1.074329552075339e-24,2.6238400474104123e-26,0,70,255.0,255.0,255.0
1890,94.5,44.15,-0.236,-33.892,1.558786803857103e-26,1.446786540156963e-24,-3.5334934767316125e-26,-2.1599183539587233e-25,-2.0047262362069197e-23,4.896152183929879e-25,0,70,255.0,255.0,255.0
1891,94.55000000000001,44.15,-0.236,-33.892,6.157609635085141e-27,5.715179726655354e-25,-1.395820995147946e-26,-1.612185007434774e-25,-1.4963480337579945e-23,3.654537742402843e-25,0,70,255.0,255.0,255.0
1892,94.60000000000001,44.15,-0.236,-33.892,-5.339820357788645e-28,-4.956149360123122e-26,1.2104426567171829e-27,-1.0644516609109806e-25,-9.879698313092139e-24,2.41292330087616e-25,0,70,255.0,255.0,255.0
1893,94.65,44.15,-0.236,-33.892,-4.486906974024059e-27,-4.164518586436221e-25,1.0171023057280762e-26,-5.1671831438718725e-26,-4.795916288604333e-24,1.1713088593494767e-25,0,70,255.0,255.0,255.0
1894,94.7,44.15,-0.236,-33.892,-5.701165179650441e-27,-5.291531224616376e-25,1.292353125021128e-26,3.101503213660652e-27,2.8786573588347617e-25,-7.03055821772065e-27,0,70,255.0,255.0,255.0
1895,94.75,44.15,-0.236,-33.892,-4.176756652658016e-27,-3.8766528505527626e-25,9.467967235508756e-27,5.787483786603998e-26,5.371647760371282e-24,-1.3119200237038888e-25,0,70,255.0,255.0,255.0
1896,94.80000000000001,44.15,-0.236,-33.892,-1.6499265290271633e-27,-1.5313777923560264e-25,3.740091084282982e-27,4.3198367079171133e-26,4.009452472413529e-24,-9.792304367859e-26,0,70,255.0,255.0,255.0
1897,94.85000000000001,44.15,-0.236,-33.892,1.4308005525967475e-28,1.3279962186130156e-26,-3.2433713235155126e-28,2.8521896292306457e-26,2.647257184456163e-24,-6.46540849868006e-26,0,70,255.0,255.0,255.0
1898,94.9,44.15,-0.236,-33.892,1.20226310020332e-27,1.1158793920999862e-25,-2.7253174143967102e-27,1.384542550544178e-26,1.2850618964987972e-24,-3.138512629501118e-26,0,70,255.0,255.0,255.0
1899,94.95,44.15,-0.236,-33.892,1.5276226058037736e-27,1.417861518360026e-25,-3.462849761852493e-27,-8.31045281422902e-28,-7.713339145856927e-26,1.8838323967782255e-27,0,70,255.0,255.0,255.0
1900,95.0,44.15,-0.236,-33.892,1.1191585720610343e-27,1.0387460006414224e-25,-2.5369341747189008e-27,-1.5507516068287567e-26,-1.4393286794159337e-24,3.515279108856764e-26,0,70,255.0,255.0,255.0
1901,95.05000000000001,44.15,-0.236,-33.892,4.420964810235138e-28,4.103314427687528e-26,-1.0021543856524668e-27,-1.1574967573207097e-26,-1.0743295520741731e-24,2.623840047407575e-26,0,70,255.0,255.0,255.0
1902,95.10000000000001,44.15,-0.236,-33.892,-3.833818525982985e-29,-3.558355143289418e-27,8.690587268902518e-29,-7.642419078127744e-27,-7.093304247325164e-25,1.7324009859586395e-26,0,70,255.0,255.0,255.0
1903,95.15,44.15,-0.236,-33.892,-3.221454267892171e-28,-2.989989819637234e-26,7.302466003060744e-28,-3.7098705830483906e-27,-3.4433129739085973e-25,8.409619245097039e-27,0,70,255.0,255.0,255.0
1904,95.2,44.15,-0.236,-33.892,-4.093252435646481e-28,-3.799148488237344e-26,9.2786779719868e-28,2.226779120309618e-28,2.0667829950797062e-26,-5.047713693923148e-28,0,70,255.0,255.0,255.0
1905,95.25,44.15,-0.236,-33.892,-2.9987763558612267e-28,-2.783311520129276e-26,6.797694633668461e-28,4.155226407110314e-27,3.8566695729245377e-25,-9.419161983881666e-27,0,70,255.0,255.0,255.0
1906,95.30000000000001,44.15,-0.236,-33.892,-1.1845939506689169e-28,-1.0994797871898472e-26,2.6852645832688634e-28,3.1015032136572748e-27,2.8786573588316453e-25,-7.030558217712985e-27,0,70,255.0,255.0,255.0
1907,95.35000000000001,44.15,-0.236,-33.892,1.0272685779646276e-29,9.534583870275373e-28,-2.3286358404546295e-29,2.0477800202045353e-27,1.9006451447390307e-25,-4.641954451544982e-27,0,70,255.0,255.0,255.0
1908,95.4,44.15,-0.236,-33.892,8.631860695355021e-29,8.011653575490752e-27,-1.9566898682758554e-28,9.940568267517954e-28,9.226329306464161e-26,-2.2533506853769797e-27,0,70,255.0,255.0,255.0
1909,95.45,44.15,-0.236,-33.892,1.096783684548201e-28,1.017978769349117e-26,-2.4862142694223127e-28,-5.966636670094452e-29,-5.537928344619803e-27,1.3525308079102225e-28,0,70,255.0,255.0,255.0
1910,95.5,44.15,-0.236,-33.892,8.035197028345606e-29,7.457860741028801e-27,-1.8214367874848407e-28,-1.113389560153684e-27,-1.0333914975388128e-25,2.523856846959024e-27,0,70,255.0,255.0,255.0
1911,95.55000000000001,44.15,-0.236,-33.892,3.1741099244052936e-29,2.9460472107186225e-27,-7.195144765507873e-29,-8.310452814219985e-28,-7.713339145848481e-26,1.883832396776188e-27,0,70,255.0,255.0,255.0
1912,95.60000000000001,44.15,-0.236,-33.892,-2.7525578587549025e-30,-2.5547840482070895e-28,6.2395609291598815e-30,-5.4870100269039335e-28,-5.092763316309577e-26,1.2438079465935333e-27,0,70,255.0,255.0,255.0
1913,95.65,44.15,-0.236,-33.892,-2.312900102498328e-29,-2.1467161055906634e-27,5.242934700426753e-29,-2.6635672395878818e-28,-2.472187486770674e-26,6.0378349641087875e-28,0,70,255.0,255.0,255.0
1914,95.7,44.15,-0.236,-33.892,-2.938823025463218e-29,-2.7276658915912432e-27,6.661791057024439e-29,1.5987554772817177e-29,1.4838834276822886e-27,-3.6240953771775645e-29,0,70,255.0,255.0,255.0
1915,95.75,44.15,-0.236,-33.892,-2.153024554770162e-29,-1.9983277628224417e-27,4.880525162709015e-29,2.9833183350442253e-28,2.7689641723071345e-26,-6.7626540395443e-28,0,70,255.0,255.0,255.0
1916,95.80000000000001,44.15,-0.236,-33.892,-8.505001909320105e-30,-7.893909709760167e-28,1.927933229342854e-29,2.2267791203071957e-28,2.066782995077466e-26,-5.047713693917658e-28,0,70,255.0,255.0,255.0
1917,95.85000000000001,44.15,-0.236,-33.892,7.375456553733088e-31,6.845523225530062e-29,-1.6718853120931724e-30,1.4702399055703812e-28,1.3646018178479973e-26,-3.3327733482915015e-28,0,70,255.0,255.0,255.0
1918,95.9,44.15,-0.236,-33.892,6.197397146382868e-30,5.75210846871903e-28,-1.4048401189484585e-29,7.137006908335666e-29,6.624206406185285e-27,-1.6178330026653462e-28,0,70,255.0,255.0,255.0
1919,95.95,44.15,-0.236,-33.892,7.874552563708569e-30,7.308758728737913e-28,-1.7850215338745707e-29,-4.283852390324813e-30,-3.9760536610940266e-28,9.710734296080955e-30,0,70,255.0,255.0,255.0
1920,96.0,44.15,-0.236,-33.892,5.769011907350424e-30,5.354503102609653e-28,-1.3077327759876544e-29,-7.993777386400616e-29,-7.419417138404087e-27,1.8120476885869653e-28,0,70,255.0,255.0,255.0
1921,96.05000000000001,44.15,-0.236,-33.892,2.2789083932274795e-30,2.1151667318544345e-28,-5.165881518635442e-30,-5.966636670087988e-29,-5.537928344613841e-27,1.3525308079087558e-28,0,70,255.0,255.0,255.0
1922,96.10000000000001,44.15,-0.236,-33.892,-1.976247627383617e-31,-1.8342524200492775e-29,4.479803192128202e-31,-3.939495953775937e-29,-3.6564395508241294e-27,8.930139272306769e-29,0,70,255.0,255.0,255.0
1923,96.15,44.15,-0.236,-33.892,-1.6605875605482344e-30,-1.5412728189694868e-28,3.764257753670816e-30,-1.9123552374638862e-29,-1.7749507570344176e-27,4.3349704655259796e-29,0,70,255.0,255.0,255.0
1924,96.2,44.15,-0.236,-33.892,-2.109980000202138e-30,-1.9583759990392452e-28,4.782950784738553e-30,1.1478547884816482e-30,1.0653803675529482e-28,-2.601983412548106e-30,0,70,255.0,255.0,255.0
1925,96.25,44.15,-0.236,-33.892,-1.5458020817000771e-30,-1.4347347822141975e-28,3.504059412416023e-30,2.1419261951602158e-29,1.9880268305450062e-27,-4.8553671480355974e-29,0,70,255.0,255.0,255.0
1926,96.30000000000001,44.15,-0.236,-33.892,-6.1063166358981055e-31,-5.667572176575729e-29,1.3841937811132288e-30,1.59875547728e-29,1.4838834276807026e-27,-3.62409537717365e-29,0,70,255.0,255.0,255.0
1927,96.35000000000001,44.15,-0.236,-33.892,5.295339558013647e-32,4.9148645466703244e-30,-1.2003596475811111e-31,1.0555847593999383e-29,9.797400248165423e-28,-2.3928236063120523e-29,0,70,255.0,255.0,255.0
1928,96.4,44.15,-0.236,-33.892,4.449530958100675e-31,4.1298280715891357e-29,-1.0086298251986869e-30,5.1241404151987674e-30,4.7559662195238205e-28,-1.1615518354504548e-29,0,70,255.0,255.0,255.0
1929,96.45,44.15,-0.236,-33.892,5.653674370999836e-31,5.247452674190584e-29,-1.2815878002085005e-30,-3.0756676360184733e-31,-2.854678091177805e-29,6.971993541114244e-31,0,70,255.0,255.0,255.0
1930,96.5,44.15,-0.236,-33.892,4.141964194498845e-31,3.8443602624713737e-29,-9.389098897875489e-31,-5.7392739424024634e-30,-5.326901837759381e-28,1.3009917062727403e-29,0,70,255.0,255.0,255.0
1931,96.55000000000001,44.15,-0.236,-33.892,1.6361826113176345e-31,1.5186213877585735e-29,-3.7089360581747357e-31,-4.2838523903201e-30,-3.9760536610897044e-28,9.710734296070445e-30,0,70,255.0,255.0,255.0
1932,96.60000000000001,44.15,-0.236,-33.892,-1.4188819582182704e-32,-1.3169339861886212e-30,3.2163539819625405e-32,-2.8284308382381503e-30,-2.625205484420412e-28,6.411551529414428e-30,0,70,255.0,255.0,255.0
1933,96.65,44.15,-0.236,-33.892,-1.1922482269203553e-31,-1.1065840966616892e-29,2.7026154712393253e-31,-1.3730092861562004e-30,-1.27435730775112e-28,3.1123687627584074e-30,0,70,255.0,255.0,255.0
1934,96.7,44.15,-0.236,-33.892,-1.5148974819779482e-31,-1.4060507063699095e-29,3.434004160954482e-31,8.241226592574952e-32,7.649086891817292e-30,-1.8681400389761135e-31,0,70,255.0,255.0,255.0
1935,96.75,44.15,-0.236,-33.892,-1.1098359609946104e-31,-1.0300932277435214e-29,2.5158014673417252e-31,1.537833818007699e-30,1.4273390455874644e-28,-3.48599677055363e-30,0,70,255.0,255.0,255.0
1936,96.80000000000001,44.15,-0.236,-33.892,-4.384138093724319e-32,-4.069133744585652e-30,9.938064215666518e-32,1.1478547884804038e-30,1.0653803675517938e-28,-2.601983412545279e-30,0,70,255.0,255.0,255.0
1937,96.85000000000001,44.15,-0.236,-33.892,3.8018827485946756e-33,3.5287139808414554e-31,-8.618194520390104e-33,7.578757589532197e-31,7.034216895162259e-29,-1.717970054537179e-30,0,70,255.0,255.0,255.0
1938,96.9,44.15,-0.236,-33.892,3.1946194958074464e-32,2.9650831505762072e-30,-7.241636329704292e-32,3.6789672942603534e-31,3.4146301148065796e-29,-8.33956696529079e-31,0,70,255.0,255.0,255.0
1939,96.95,44.15,-0.236,-33.892,4.059155569119611e-32,3.7675015128905285e-30,-9.201386417329325e-32,-2.2082300101148829e-32,-2.049566655491005e-30,5.005666147902098e-32,0,70,255.0,255.0,255.0
1940,97.0,44.15,-0.236,-33.892,2.9737964947959697e-32,2.7601264850271206e-30,-6.741069714914123e-32,-4.120613296283332e-31,-3.8245434459047784e-29,9.340700194871205e-31,0,70,255.0,255.0,255.0
1941,97.05000000000001,44.15,-0.236,-33.892,1.1747262617209375e-32,1.0903211007568692e-30,-2.6628962809187136e-32,-3.075667636015161e-31,-2.854678091174709e-29,6.971993541106723e-31,0,70,255.0,255.0,255.0
1942,97.10000000000001,44.15,-0.236,-33.892,-1.0187114121960217e-33,-9.455160614796907e-32,2.3092382619353018e-33,-2.030721975747287e-31,-1.884812736444915e-29,4.603286887342913e-31,0,70,255.0,255.0,255.0
1943,97.15,44.15,-0.236,-33.892,-8.559957140262346e-33,-7.944916356879383e-31,1.9403906064239362e-32,-9.857763154794133e-32,-9.14947381715121e-30,2.234580233579104e-31,0,70,255.0,255.0,255.0
1944,97.2,44.15,-0.236,-33.892,-1.0876474566989589e-32,-1.0094989878630389e-30,2.465504059772508e-32,5.916934478846056e-33,5.4917973014672855e-31,-1.341264201847048e-32,0,70,255.0,255.0,255.0
1945,97.25,44.15,-0.236,-33.892,-7.968263692377753e-33,-7.395736626732686e-31,1.8062641862392396e-32,1.104115005056335e-31,1.0247833277444663e-29,-2.5028330739485146e-31,0,70,255.0,255.0,255.0
1946,97.30000000000001,44.15,-0.236,-33.892,-3.1476695315943125e-33,-2.9215065844182622e-31,7.135209080083384e-33,8.241226592566025e-32,7.649086891808964e-30,-1.8681400389740965e-31,0,70,255.0,255.0,255.0
1947,97.35000000000001,44.15,-0.236,-33.892,2.7296290018937234e-34,2.5335026507729974e-32,-6.187585273510624e-34,5.441303134569495e-32,5.0503405061740035e-30,-1.2334470039998591e-31,0,70,255.0,255.0,255.0
1948,97.4,44.15,-0.236,-33.892,2.2936336029748737e-33,2.1288339217554546e-31,-5.1992609599145056e-33,2.6413796765729656e-32,2.451594120539043e-30,-5.987539690256215e-32,0,70,255.0,255.0,255.0
1949,97.45,44.15,-0.236,-33.892,2.9143425767621877e-33,2.7049443856162023e-31,-6.606298217606945e-33,-1.5854378142356374e-33,-1.471522650959175e-31,3.59390659486159e-33,0,70,255.0,255.0,255.0
1950,97.5,44.15,-0.236,-33.892,2.1350898215513173e-33,1.981681656659543e-31,-4.839870300428363e-33,-2.958467239420095e-32,-2.7458986507308804e-30,6.706321009228536e-32,0,70,255.0,255.0,255.0
1951,97.55000000000001,44.15,-0.236,-33.892,8.434155091678748e-34,7.828153301043565e-32,-1.9118735111464028e-33,-2.2082300101125e-32,-2.0495666554887746e-30,5.005666147896642e-32,0,70,255.0,255.0,255.0
1952,97.60000000000001,44.15,-0.236,-33.892,-7.314018856147778e-35,-6.788499882950534e-33,1.6579584746894688e-34,-1.4579927808051179e-32,-1.3532346602468663e-30,3.3050112865652316e-32,0,70,255.0,255.0,255.0
1953,97.65,44.15,-0.236,-33.892,-6.1457727163716005e-34,-5.704193301424327e-32,1.3931377754186406e-33,-7.077555514977359e-33,-6.569026650049584e-31,1.6043564252338212e-32,0,70,255.0,255.0,255.0
1954,97.7,44.15,-0.236,-33.892,-7.808957400591727e-34,-7.247876638344261e-32,1.770152272702676e-33,4.248167780964606e-34,3.942933023694984e-32,-9.629843609759034e-34,0,70,255.0,255.0,255.0
1955,97.75,44.15,-0.236,-33.892,-5.720955938275159e-34,-5.309899999054854e-32,1.2968393393210564e-33,7.92718907117028e-33,7.357613254788576e-31,-1.7969532974290002e-32,0,70,255.0,255.0,255.0
1956,97.80000000000001,44.15,-0.236,-33.892,-2.259925050771869e-34,-2.0975473599916455e-32,5.12284964502227e-34,5.9169344788397306e-33,5.491797301461335e-31,-1.3412642018456037e-32,0,70,255.0,255.0,255.0
1957,97.85000000000001,44.15,-0.236,-33.892,1.9597854056536254e-35,1.8189730240721533e-33,-4.442486252472621e-35,3.906679886509752e-33,3.625981348134626e-31,-8.855751062623365e-33,0,70,255.0,255.0,255.0
1958,97.9,44.15,-0.236,-33.892,1.646754835737662e-34,1.5284339881427748e-32,-3.732901417600591e-34,1.8964252941797747e-33,1.7601653948079156e-31,-4.2988601067906944e-33,0,70,255.0,255.0,255.0
1959,97.95,44.15,-0.236,-33.892,2.0924038347450274e-34,1.9420626972150295e-32,-4.743108732037713e-34,-1.1382929815020355e-34,-1.0565055851879419e-32,2.580308490419767e-34,0,70,255.0,255.0,255.0
1960,98.0,44.15,-0.236,-33.892,1.532925537587466e-34,1.4227834296239875e-32,-3.474870568558625e-34,-2.124083890480181e-33,-1.9714665118455031e-31,4.814921804874649e-33,0,70,255.0,255.0,255.0
1961,98.05000000000001,44.15,-0.236,-33.892,6.055451114087265e-35,5.620361389230155e-33,-1.3726634686250541e-34,-1.5854378142339337e-33,-1.4715226509576016e-31,3.593906594857722e-33,0,70,255.0,255.0,255.0
1962,98.10000000000001,44.15,-0.236,-33.892,-5.251227664667942e-36,-4.873922133381062e-34,1.1903602629957724e-35,-1.0467917379878394e-33,-9.715787900698421e-32,2.3728913848411425e-33,0,70,255.0,255.0,255.0
1963,98.15,44.15,-0.236,-33.892,-4.412466265790534e-35,-4.09542651146771e-33,1.000227916215953e-34,-5.08145661741745e-34,-4.7163492918208265e-32,1.1518761748245629e-33,0,70,255.0,255.0,255.0
1964,98.2,44.15,-0.236,-33.892,-5.606579383883952e-35,-5.2037415051586636e-33,1.2709122011240742e-34,3.050041450434915e-35,2.8308931705676585e-33,-6.913903519201716e-35,0,70,255.0,255.0,255.0
1965,98.25,44.15,-0.236,-33.892,-4.1074621207470576e-35,-3.8123371944109615e-33,9.310888810239395e-35,5.691464907504435e-34,5.28252792593436e-32,-1.2901542452085972e-33,0,70,255.0,255.0,255.0
1966,98.30000000000001,44.15,-0.236,-33.892,-1.6225539486303756e-35,-1.5059719570041717e-33,3.6780422947794824e-35,4.2481677809600335e-34,3.9429330236907015e-32,-9.629843609748555e-34,0,70,255.0,255.0,255.0
1967,98.35000000000001,44.15,-0.236,-33.892,1.4070566021354352e-36,1.3059582928026663e-34,-3.189547995104447e-36,2.8048706544160422e-34,2.603338121447423e-32,-6.358144767412067e-34,0,70,255.0,255.0,255.0
1968,98.4,44.15,-0.236,-33.892,1.1823167057855074e-35,1.097366164443103e-33,-2.680102472632222e-35,1.361573527872051e-34,1.263743219204145e-32,-3.0864459250755793e-34,0,70,255.0,255.0,255.0
1969,98.45,44.15,-0.236,-33.892,1.5022791880855155e-35,1.3943390484843399e-33,-3.405400724585852e-35,-8.172359867194074e-36,-7.585168303913358e-34,1.8525291726090914e-35,0,70,255.0,255.0,255.0
1970,98.5,44.15,-0.236,-33.892,1.1005931071135713e-35,1.0215144814039734e-33,-2.494849555371326e-35,-1.525020725215932e-34,-1.4154465852824116e-32,3.456951759597395e-34,0,70,255.0,255.0,255.0
1971,98.55000000000001,44.15,-0.236,-33.892,4.347646804342371e-36,4.035264387865324e-34,-9.855344928673851e-36,-1.1382929815007991e-34,-1.0565055851867902e-32,2.580308490416995e-34,0,70,255.0,255.0,255.0
1972,98.60000000000001,44.15,-0.236,-33.892,-3.769987438737977e-37,-3.499110378295793e-35,8.54589350460137e-37,-7.515652377857762e-35,-6.975645850912708e-33,1.7036652212368442e-34,0,70,255.0,255.0,255.0
1973,98.65,44.15,-0.236,-33.892,-3.1680055735149646e-36,-2.9403814630469854e-34,7.181307283693621e-36,-3.648374940707532e-35,-3.386235849957514e-33,8.270219520566934e-35,0,70,255.0,255.0,255.0
1974,98.7,44.15,-0.236,-33.892,-4.025373684581122e-36,-3.7361468877869024e-34,9.124808871026604e-36,2.189024964426978e-36,2.0317415099768176e-34,-4.9621317123457684e-36,0,70,255.0,255.0,255.0
1975,98.75,44.15,-0.236,-33.892,-2.9491030770722767e-36,-2.7372073120493207e-34,6.685094112459078e-36,4.0861799335929275e-35,3.792584151952873e-33,-9.262645863036083e-35,0,70,255.0,255.0,255.0
1976,98.80000000000001,44.15,-0.236,-33.892,-1.1650477310657321e-36,-1.081337981419575e-34,2.640956766900573e-36,3.0500414504316284e-35,2.8308931705646045e-33,-6.913903519194256e-35,0,70,255.0,255.0,255.0
1977,98.85000000000001,44.15,-0.236,-33.892,1.0093837335975876e-37,9.368585851566184e-36,-2.2880940673610286e-37,2.0139029672706235e-35,1.8692021891766092e-33,-4.5651611753530974e-35,0,70,255.0,255.0,255.0
1978,98.9,44.15,-0.236,-33.892,8.488552362047766e-37,7.878642077569285e-35,-1.924204408452264e-36,9.777644841096187e-36,9.075112077886136e-34,-2.2164188315119378e-35,0,70,255.0,255.0,255.0
1979,98.95,44.15,-0.236,-33.892,1.0787028574693225e-36,1.0011970663042245e-34,-2.445228238247913e-36,-5.8373999051386475e-37,-5.417977359938171e-35,1.3232351232922127e-36,0,70,255.0,255.0,255.0
1980,99.0,44.15,-0.236,-33.892,7.904812371533937e-37,7.336844341575499e-35,-1.7918808961230514e-36,-1.0945124822123913e-35,-1.0158707549873768e-33,2.4810658561703793e-35,0,70,255.0,255.0,255.0
1981,99.05000000000001,44.15,-0.236,-33.892,3.1254411992055656e-37,2.900875378129758e-35,-7.084821389284418e-37,-8.172359867185225e-36,-7.585168303905162e-34,1.8525291726070735e-35,0,70,255.0,255.0,255.0
1982,99.10000000000001,44.15,-0.236,-33.892,-2.675474956523777e-38,-2.483239623306755e-36,6.064827648426964e-38,-5.399594912247325e-36,-5.011629057937287e-34,1.2239924890439465e-35,0,70,255.0,255.0,255.0
1983,99.15,44.15,-0.236,-33.892,-2.2741537130414525e-37,-2.110753679807243e-35,5.155103501154352e-37,-2.6268299573094246e-36,-2.438089811969411e-34,5.954558054808195e-36,0,70,255.0,255.0,255.0
1984,99.2,44.15,-0.236,-33.892,-2.894377452961653e-37,-2.6864137742999465e-35,6.5610408196505546e-37,1.4593499762847554e-37,1.3544943399846283e-35,-3.308087808230719e-37,0,70,255.0,255.0,255.0
1985,99.25,44.15,-0.236,-33.892,-2.1282187154129827e-37,-1.975304245808788e-35,4.824294720331291e-37,2.9186999525663763e-36,2.708988679966338e-34,-6.616175616454342e-36,0,70,255.0,255.0,255.0
1986,99.30000000000001,44.15,-0.236,-33.892,-8.512874861649443e-38,-7.901216983232843e-36,1.929717888131952e-37,2.1890249644246164e-36,2.0317415099745995e-34,-4.96213171234038e-36,0,70,255.0,255.0,255.0
1987,99.35000000000001,44.15,-0.236,-33.892,6.08062490119239e-39,5.643726416608088e-37,-1.3783699200974735e-38,1.4593499762830639e-36,1.3544943399830535e-34,-3.308087808226889e-36,0,70,255.0,255.0,255.0
1988,99.4,44.15,-0.236,-33.892,6.080624901180363e-38,5.6437264165969215e-36,-1.3783699200947485e-37,7.296749881415114e-37,6.772471699915076e-35,-1.6540439041133977e-36,0,70,255.0,255.0,255.0
1989,99.45,44.15,-0.236,-33.892,7.904812371533939e-38,7.336844341575499e-36,-1.7918808961230509e-37,-4.1427853006429033e-50,-3.848781182532762e-48,9.354676485322685e-50,0,70,255.0,255.0,255.0
1990,99.5,44.15,-0.236,-33.892,6.080624901179951e-38,5.643726416596537e-36,-1.3783699200946545e-37,-7.2967498814159425e-37,-6.772471699915845e-35,1.6540439041135854e-36,0,70,255.0,255.0,255.0
1991,99.55000000000001,44.15,-0.236,-33.892,2.7970874545421137e-38,2.5961141516337912e-36,-6.340501632433907e-38,-5.837399905132422e-37,-5.417977359932368e-35,1.323235123290793e-36,0,70,255.0,255.0,255.0
1992,99.60000000000001,44.15,-0.236,-33.892,2.4322499604682398e-39,2.2574905666351522e-37,-5.513479680370173e-39,-4.378049928849317e-37,-4.0634830199492756e-35,9.924263424680948e-37,0,70,255.0,255.0,255.0
1993,99.65,44.15,-0.236,-33.892,-1.5809624743069547e-38,-1.4673688683152533e-36,3.583761792246476e-38,-2.9186999525662108e-37,-2.7089886799661835e-35,6.616175616453964e-37,0,70,255.0,255.0,255.0
1994,99.7,44.15,-0.236,-33.892,-2.67547495651922e-38,-2.4832396233025146e-36,6.064827648416573e-38,-1.4593499762831058e-37,-1.354494339983091e-35,3.3080878082269804e-37,0,70,255.0,255.0,255.0
1995,99.75,44.15,-0.236,-33.892,-3.040312450589975e-38,-2.8218632082982683e-36,6.891849600473272e-38,0.0,0.0,0.0,0,70,255.0,255.0,255.0
1996,99.80000000000001,44.15,-0.236,-33.892,-2.675474956519012e-38,-2.483239623302322e-36,6.064827648416103e-38,1.4593499762835199e-37,1.3544943399834766e-35,-3.308087808227922e-37,0,70,255.0,255.0,255.0
1997,99.85000000000001,44.15,-0.236,-33.892,-1.580962474306538e-38,-1.4673688683148686e-36,3.5837617922455374e-38,2.918699952566625e-37,2.7089886799665684e-35,-6.616175616454905e-37,0,70,255.0,255.0,255.0
1998,99.9,44.15,-0.236,-33.892,2.4322499604744702e-39,2.2574905666409287e-37,-5.513479680384262e-39,4.37804992884973e-37,4.0634830199496604e-35,-9.924263424681887e-37,0,70,255.0,255.0,255.0
1999,99.95,44.15,-0.236,-33.892,2.797087454542944e-38,2.596114151634561e-36,-6.340501632435786e-38,5.837399905132836e-37,5.417977359932752e-35,-1.3232351232908869e-36,0,70,255.0,255.0,255.0
