idx,t,px,py,pz,vx,vy,vz,ax,ay,az,yaw,mode,ledr,ledg,ledb
0,0.0,-7.5,-3.0,0.0,1.8649652984939612e-18,-1.8649654903868586e-18,0.018783751262842846,-2.2379583581927533e-17,2.23795858846423e-17,-0.5126050151541142,0,70,255.0,255.0,255.0
1,0.05,-7.5,-3.0,0.0003002150454623424,8.578840373072223e-19,-8.578841255779549e-19,-0.0067394744190922935,-1.7903666865542027e-17,1.7903668707713842e-17,-0.5083240121232913,0,70,255.0,255.0,255.0
2,0.1,-7.5,-3.0,-0.0006703799393835436,7.459861193975855e-20,-7.459861961547444e-20,-0.03204864994948629,-1.342775014915652e-17,1.342775153078538e-17,-0.5040430090924685,0,70,255.0,255.0,255.0
3,0.15000000000000002,-7.5,-3.0,-0.0029010824469606015,-4.848909776084297e-19,4.848910275005834e-19,-0.05714377532833914,-8.951833432771012e-18,8.951834353856918e-18,-0.49976200606164556,0,70,255.0,255.0,255.0
4,0.2,-7.5,-3.0,-0.006381189969691772,-8.205847313373427e-19,8.205848157702174e-19,-0.08202485055565086,-4.475916716385506e-18,4.475917176928459e-18,-0.4954810030308227,0,70,255.0,255.0,255.0
5,0.25,-7.5,-3.0,-0.0111,-9.324826492469806e-19,9.324827451934293e-19,-0.10669187563142142,0.0,0.0,-0.49119999999999997,0,70,255.0,255.0,255.0
6,0.30000000000000004,-7.5,-3.0,-0.017046810030308234,-8.205847313373427e-19,8.205848157702176e-19,-0.13114485055565087,4.475916716385511e-18,-4.4759171769284644e-18,-0.48691899696917723,0,70,255.0,255.0,255.0
7,0.35000000000000003,-7.5,-3.0,-0.024210917553039404,-4.848909776084296e-19,4.848910275005829e-19,-0.15538377532833916,8.951833432771017e-18,-8.951834353856924e-18,-0.4826379939383545,0,70,255.0,255.0,255.0
8,0.4,-7.5,-3.0,-0.03258162006061646,7.459861193975874e-20,-7.459861961547454e-20,-0.17940864994948633,1.3427750149156521e-17,-1.3427751530785383e-17,-0.4783569909075318,0,70,255.0,255.0,255.0
9,0.45,-7.5,-3.0,-0.042148215045462345,8.578840373072223e-19,-8.578841255779553e-19,-0.2032194744190923,1.7903666865542027e-17,-1.7903668707713842e-17,-0.47407598787670907,0,70,255.0,255.0,255.0
10,0.5,-7.5,-3.0,-0.0529,1.8649652984939612e-18,-1.8649654903868586e-18,-0.2268162487371572,2.2379583581927536e-17,-2.237958588464231e-17,-0.4697949848458858,0,70,255.0,255.0,255.0
11,0.55,-7.5,-3.0,-0.06482497492422945,2.4244548880421495e-18,-2.4244551375029167e-18,-0.2501211233583044,-1.8488927466117464e-32,1.5407439555097887e-32,-0.46239999999999964,0,70,255.0,255.0,255.0
12,0.6000000000000001,-7.5,-3.0,-0.07790594984845889,1.8649652984939593e-18,-1.864965490386857e-18,-0.2730562487371572,-2.2379583581927573e-17,2.237958588464234e-17,-0.4550050151541135,0,70,255.0,255.0,255.0
13,0.65,-7.5,-3.0,-0.09212443731057358,1.8649652984939493e-19,-1.8649654903868528e-19,-0.2956216248737157,-4.475916716385508e-17,4.475917176928463e-17,-0.44761003030822744,0,70,255.0,255.0,255.0
14,0.7000000000000001,-7.5,-3.0,-0.10746194984845887,-2.6109514178915506e-18,2.6109516865416062e-18,-0.3178172517679799,-6.713875074578264e-17,6.713875765392695e-17,-0.4402150454623413,0,70,255.0,255.0,255.0
15,0.75,-7.5,-3.0,-0.1239,-6.527378544728865e-18,6.5273792163540056e-18,-0.33964312941994984,-8.951833432771015e-17,8.95183435385692e-17,-0.43282006061645717,0,70,255.0,255.0,255.0
16,0.8,-7.5,-3.0,-0.14142049027277406,-8.877234820831256e-18,8.877235734241448e-18,-0.3611226560111319,-4.475916716385435e-18,4.475917176928373e-18,-0.42636100303082375,0,70,255.0,255.0,255.0
17,0.8500000000000001,-7.5,-3.0,-0.1600068830531252,-6.97497021636741e-18,6.974970934046844e-18,-0.38227922972303224,8.056650089493927e-17,-8.056650918471246e-17,-0.4199019454451903,0,70,255.0,255.0,255.0
18,0.9,-7.5,-3.0,-0.17964303069708926,-8.205847313373392e-19,8.205848157702158e-19,-0.4031128505556509,1.6560891850626381e-16,-1.656089355463531e-16,-0.41344288785955696,0,70,255.0,255.0,255.0
19,0.9500000000000001,-7.5,-3.0,-0.20031278556070223,9.585921634258979e-18,-9.585922620588473e-18,-0.42362351850898794,2.506513361175885e-16,-2.506513619079939e-16,-0.40698383027392354,0,70,255.0,255.0,255.0
20,1.0,-7.5,-3.0,-0.222,2.42445488804215e-17,-2.4244551375029163e-17,-0.4438112335830433,3.3569375372891306e-16,-3.3569378826963464e-16,-0.40052477268829456,0,70,255.0,255.0,255.0
21,1.05,-7.5,-3.0,-0.2446890639846744,3.308448439528288e-17,-3.3084487799462877e-17,-0.46370825259716847,1.790366686554174e-17,-1.790366870771364e-17,-0.39535598787671,0,70,255.0,255.0,255.0
22,1.1,-7.5,-3.0,-0.2683665179390406,2.603491556697568e-17,-2.603491824580053e-17,-0.48334683237071435,-2.998864199978296e-16,2.9988645085420736e-16,-0.3901872030651255,0,70,255.0,255.0,255.0
23,1.1500000000000001,-7.5,-3.0,-0.2930194399010696,3.095842395499892e-18,-3.0958427140421103e-18,-0.502726972903681,-6.17676506861201e-16,6.176765704161283e-16,-0.38501841825354094,0,70,255.0,255.0,255.0
24,1.2000000000000002,-7.5,-3.0,-0.3186349079087324,-3.5732735119144464e-17,3.573273879581237e-17,-0.5218486741960685,-9.354665937245723e-16,9.354666899780494e-16,-0.3798496334419564,0,70,255.0,255.0,255.0
25,1.25,-7.5,-3.0,-0.3452,-9.045081697695714e-17,9.045082628376265e-17,-0.5407119362478766,-1.2532566805879424e-15,1.2532568095399692e-15,-0.3746808486303701,0,70,255.0,255.0,255.0
26,1.3,-7.5,-3.0,-0.3727008537885285,-1.2346070276030027e-16,1.2346071546361006e-16,-0.5592603336001944,-6.713875074578158e-17,6.713875765392586e-17,-0.36725504546234067,0,70,255.0,255.0,255.0
27,1.35,-7.5,-3.0,-0.40111984519071275,-9.716469205153532e-17,9.716470204915525e-17,-0.5774374407941106,1.1189791790963792e-15,-1.1189792942321175e-15,-0.35982924229431124,0,70,255.0,255.0,255.0
28,1.4000000000000001,-7.5,-3.0,-0.4304384096986329,-1.1562784850662247e-17,1.1562786040398204e-17,-0.5952432578296255,2.30509710893854e-15,-2.3050973461181606e-15,-0.3524034391262818,0,70,255.0,255.0,255.0
29,1.4500000000000002,-7.5,-3.0,-0.46063798280436874,1.3334501884231886e-16,-1.33345032562661e-16,-0.612677784706739,3.4912150387807008e-15,-3.491215398004204e-15,-0.34497763595825237,0,70,255.0,255.0,255.0
30,1.5,-7.5,-3.0,-0.4917,3.3755871902740707e-16,-3.3755875376002143e-16,-0.6297410214254506,4.6773329686228564e-15,-4.677333449890242e-15,-0.3375518327902256,0,70,255.0,255.0,255.0
31,1.55,-7.5,-3.0,-0.523606720861212,4.607583266459182e-16,-4.607583740549773e-16,-0.6464824130020544,2.5065133611758476e-16,-2.5065136190799025e-16,-0.3321038302739264,0,70,255.0,255.0,255.0
32,1.6,-7.5,-3.0,-0.5563437012981087,3.6262385263916553e-16,-3.6262388995082044e-16,-0.6629514044528433,-4.176030296387687e-15,4.176030726074261e-15,-0.3266558277576273,0,70,255.0,255.0,255.0
33,1.6500000000000001,-7.5,-3.0,-0.5898973213043994,4.3155297007149046e-17,-4.315530144755084e-17,-0.6791479957778173,-8.602711928892959e-15,8.602712814056512e-15,-0.3212078252413281,0,70,255.0,255.0,255.0
34,1.7000000000000002,-7.5,-3.0,-0.6242539608737935,-4.97647340250131e-16,4.976473914548317e-16,-0.6950721869769761,-1.302939356139823e-14,1.3029394902038764e-14,-0.31575982272502895,0,70,255.0,255.0,255.0
35,1.75,-7.5,-3.0,-0.6594,-1.259784059132671e-15,1.259784188756323e-15,-0.7107239780503201,-1.7456075193903477e-14,1.7456076990021e-14,-0.3103118202087316,0,70,255.0,255.0,255.0
36,1.8,-7.5,-3.0,-0.6953210627666241,-1.7195726038233721e-15,1.7195727807562992e-15,-0.7260580143915873,-9.35466593724554e-16,9.354666899780357e-16,-0.3030496334419574,0,70,255.0,255.0,255.0
37,1.85,-7.5,-3.0,-0.7319997496168531,-1.3533307185051266e-15,1.3533308577541263e-15,-0.7410289413945158,1.558514200645437e-14,-1.5585143610064928e-14,-0.2957874466751832,0,70,255.0,255.0,255.0
38,1.9000000000000001,-7.5,-3.0,-0.7694179050837701,-1.6105840317793384e-16,1.6105841974980466e-16,-0.7556367590591057,3.2105750606633295e-14,-3.2105753910107895e-14,-0.288525259908409,0,70,255.0,255.0,255.0
39,1.9500000000000002,-7.5,-2.9999999999999996,-0.8075573737004581,1.8572443421582053e-15,-1.8572445332566665e-15,-0.7698814673853568,4.8626359206812214e-14,-4.8626364210150855e-14,-0.2812630731416348,0,70,255.0,255.0,255.0
40,2.0,-7.5,-3.0,-0.8464,4.701577517503277e-15,-4.701578001265271e-15,-0.783763066373269,6.514696780699108e-14,-6.514697451019377e-14,-0.274000886374858,0,70,255.0,255.0,255.0
41,2.0500000000000003,-7.5,-3.0000000000000004,-0.8859282280722921,6.417532088647572e-15,-6.417532748970221e-15,-0.7973175294315967,3.491215038780372e-15,-3.4912153980038743e-15,-0.26817763595825084,0,70,255.0,255.0,255.0
42,2.1,-7.499999999999999,-3.000000000000001,-0.9261269002344793,5.050699021381343e-15,-5.050699541065686e-15,-0.8105808299690941,-5.81645377294298e-14,5.816454371418546e-14,-0.26235438554164375,0,70,255.0,255.0,255.0
43,2.15,-7.499999999999999,-3.000000000000001,-0.9669814583605206,6.010783157046116e-16,-6.010783775516946e-16,-0.823552967985761,-1.1982029049763994e-13,1.198203028263748e-13,-0.2565311351250367,0,70,255.0,255.0,255.0
44,2.2,-7.5,-3.0000000000000004,-1.008477344324375,-6.9313300283826905e-15,6.9313307415718326e-15,-0.8362339434815979,-1.8147604326585068e-13,1.814760619385647e-13,-0.2507078847084296,0,70,255.0,255.0,255.0
45,2.25,-7.5,-3.0,-1.0506,-1.754652601088044e-14,1.7546527816304763e-14,-0.848623756456604,-2.4313179603406077e-13,2.4313182105075404e-13,-0.2448846342918225,0,70,255.0,255.0,255.0
46,2.3000000000000003,-7.500000000000001,-2.9999999999999987,-1.0933348249442092,-2.3950555750766916e-14,2.3950558215124586e-14,-0.8607198678820255,-1.3029393561396963e-14,1.3029394902037521e-14,-0.23895982272503014,0,70,255.0,255.0,255.0
47,2.35,-7.500000000000002,-2.999999999999998,-1.1366670494452304,-1.884946536702024e-14,1.8849467306508624e-14,-0.8725197387291072,2.1707300891126482e-13,-2.1707303124667687e-13,-0.2330350111582378,0,70,255.0,255.0,255.0
48,2.4000000000000004,-7.500000000000003,-2.9999999999999973,-1.1805818614741475,-2.2432548596403136e-15,2.2432550904567672e-15,-0.8840233689978492,4.4717541138392857e-13,-4.4717545739539344e-13,-0.22711019959144543,0,70,255.0,255.0,255.0
49,2.45,-7.500000000000002,-2.999999999999998,-1.2250644490020428,2.586807577137256e-14,-2.5868078433030654e-14,-0.8952307586882516,6.772778138565904e-13,-6.772778835441078e-13,-0.2211853880246531,0,70,255.0,255.0,255.0
50,2.5,-7.5,-3.0,-1.2701,6.548452652601848e-14,-6.548453326395378e-14,-0.9061419078003145,9.073802163292523e-13,-9.073803096928224e-13,-0.21526057645786079,0,70,255.0,255.0,255.0
51,2.5500000000000003,-7.499999999999996,-3.000000000000004,-1.315673272150873,8.93846909144201e-14,-8.938470011152813e-14,-0.9167309990403019,4.862635920680757e-14,-4.8626364210146223e-14,-0.2083030731416327,0,70,255.0,255.0,255.0
52,2.6,-7.499999999999992,-3.0000000000000084,-1.3617673019846002,7.034716244669962e-14,-7.034716968496878e-14,-0.9269722151144777,-8.101274979156295e-13,8.101275812725223e-13,-0.2013455698254047,0,70,255.0,255.0,255.0
53,2.6500000000000004,-7.49999999999999,-3.00000000000001,-1.4083646957428908,8.371941122856709e-15,-8.37194198427545e-15,-0.9368655560228424,-1.6688813550380744e-12,1.6688815267551986e-12,-0.19438806650917662,0,70,255.0,255.0,255.0
54,2.7,-7.499999999999992,-3.000000000000008,-1.4554480596674544,-9.654097305710755e-14,9.65409829905508e-14,-0.9464110217653954,-2.5276352121605114e-12,2.527635472237867e-12,-0.1874305631929486,0,70,255.0,255.0,255.0
55,2.75,-7.5,-3.0,-1.503,-2.443915800931935e-13,2.443916052395104e-13,-0.9556086123421372,-3.386389069282949e-12,3.3863894177205357e-12,-0.18047305987672502,0,70,255.0,255.0,255.0
56,2.8000000000000003,-7.500000000000015,-2.9999999999999845,-1.5510032864522993,-3.335882079069135e-13,3.335882422309879e-13,-0.9644681359567663,-1.8147604326583367e-13,1.8147606193854742e-13,-0.173907884708435,0,70,255.0,255.0,255.0
57,2.85,-7.500000000000031,-2.9999999999999694,-1.5994413426163696,-2.625391844197783e-13,2.6253921143336656e-13,-0.9729994008129808,3.0234369827512532e-12,-3.0234372938434126e-12,-0.16734270954014505,0,70,255.0,255.0,255.0
58,2.9000000000000004,-7.500000000000038,-2.999999999999961,-1.6482977555542906,-3.124450963178652e-14,3.1244512846644976e-14,-0.9812024069107808,6.228350008768368e-12,-6.2283506496254005e-12,-0.16077753437185502,0,70,255.0,255.0,255.0
59,2.95,-7.500000000000031,-2.9999999999999685,-1.697556112328141,3.6029581645705776e-13,-3.6029585352917276e-13,-0.9890771542501663,9.433263034785455e-12,-9.433264005407361e-12,-0.15421235920356507,0,70,255.0,255.0,255.0
60,3.0,-7.5,-3.0,-1.7472,9.120817938467556e-13,-9.120818876940877e-13,-0.9966236428311372,1.2638176060802541e-11,-1.2638177361189323e-11,-0.1476471840352751,0,70,255.0,255.0,255.0
61,3.0500000000000003,-7.499999999999944,-3.000000000000057,-1.7972135820399302,1.2449681407132342e-12,-1.2449682688124236e-12,-1.0038764571326355,6.772778138565258e-13,-6.772778835440448e-13,-0.14246538802465236,0,70,255.0,255.0,255.0
62,3.1,-7.499999999999885,-3.000000000000114,-1.8475833275499216,9.798095752324135e-13,-9.798096760484975e-13,-1.0108701816336025,-1.1283620433089383e-11,1.1283621594101127e-11,-0.13728359201402965,0,70,255.0,255.0,255.0
63,3.1500000000000004,-7.499999999999856,-3.0000000000001443,-1.8982962820399483,1.1660609740428948e-13,-1.1660610940230435e-13,-1.0176048163340383,-2.3244518680035398e-11,2.324452107174641e-11,-0.1321017960034069,0,70,255.0,255.0,255.0
64,3.2,-7.499999999999884,-3.0000000000001164,-1.9493394910199833,-1.3446422927711223e-12,1.34464243112614e-12,-1.0240803612339433,-3.520541692698131e-11,3.520542054939158e-11,-0.1269199999927842,0,70,255.0,255.0,255.0
65,3.25,-7.5,-3.0,-2.0007,-3.4039355952938286e-12,3.4039359455368406e-12,-1.0302968163333168,-4.7166315173927224e-11,4.716632002703676e-11,-0.12173820398216506,0,70,255.0,255.0,255.0
66,3.3000000000000003,-7.5000000000002105,-2.9999999999997895,-2.052363985387982,-4.6462843549460234e-12,4.646284833018708e-12,-1.0362020355126944,-2.527635212160274e-12,2.527635472237633e-12,-0.11447056319293902,0,70,255.0,255.0,255.0
67,3.35,-7.500000000000427,-2.999999999999573,-2.1043141471839455,-3.656699116509877e-12,3.656699492760624e-12,-1.0417438726526107,4.2111044749606276e-11,-4.2111049082561106e-11,-0.10720292240371307,0,70,255.0,255.0,255.0
68,3.4000000000000004,-7.500000000000539,-2.999999999999461,-2.1565323162859187,-4.351798799853716e-13,4.3517992476257263e-13,-1.0469223277530657,8.674972471137323e-11,-8.674973363736022e-11,-0.09993528161448703,0,70,255.0,255.0,255.0
69,3.45,-7.500000000000433,-2.999999999999566,-2.2090003235919276,5.018273354627435e-12,-5.0182738709753854e-12,-1.0517374008140594,1.3138840467313976e-10,-1.3138841819215897e-10,-0.09266764082526106,0,70,255.0,255.0,255.0
70,3.5,-7.5,-3.0,-2.2617,1.270366058732856e-11,-1.2703661894453275e-11,-1.0561890918355918,1.7602708463490631e-10,-1.7602710274695772e-10,-0.0854000000360422,0,70,255.0,255.0,255.0
71,3.5500000000000003,-7.499999999999214,-3.0000000000007856,-2.314613676408144,1.7340169279070856e-11,-1.7340171063262405e-11,-1.0603074008165823,9.433263034784538e-12,-9.433264005406488e-12,-0.07933235920357543,0,70,255.0,255.0,255.0
72,3.6,-7.499999999998405,-3.0000000000015956,-2.3677256837142977,1.3646986890807088e-11,-1.3646988294993996e-11,-1.0641223277559493,-1.5716055856533574e-10,1.571605747361433e-10,-0.07326471837110872,0,70,255.0,255.0,255.0
73,3.6500000000000004,-7.499999999997988,-3.0000000000020117,-2.421020852816379,1.624113422537188e-12,-1.6241135896479894e-12,-1.0676338726536931,-3.237543801654575e-10,3.237544134776945e-10,-0.06719707753864194,0,70,255.0,255.0,255.0
74,3.7,-7.499999999998381,-3.0000000000016187,-2.474484014612307,-1.8728451125738614e-11,1.8728453052775404e-11,-1.0708420355098136,-4.903482017655778e-10,4.903482522192443e-10,-0.06112943670617524,0,70,255.0,255.0,255.0
75,3.75,-7.5,-3.0,-2.5281,-4.741070675402041e-11,4.741071163227626e-11,-1.073746816324311,-6.569420233656979e-10,6.569420909607941e-10,-0.05506179587371385,0,70,255.0,255.0,255.0
76,3.8000000000000003,-7.500000000002933,-2.9999999999970672,-2.5818533089794404,-6.471439276133739e-11,6.471439942003092e-11,-1.0763283612209735,-3.52054169269779e-11,3.5205420549388334e-11,-0.048199999992793924,0,70,255.0,255.0,255.0
77,3.85,-7.5000000000059535,-2.9999999999940465,-2.635727117958863,-5.0931248446718485e-11,5.093125368721539e-11,-1.0785668163235904,5.865311895117368e-10,-5.86531249862012e-10,-0.04133820411187407,0,70,255.0,255.0,255.0
78,3.9000000000000004,-7.500000000007508,-2.9999999999924922,-2.689704272448566,-6.061273810163395e-12,6.061274433829375e-12,-1.080462181632161,1.2082677959504566e-09,-1.2082679202734176e-09,-0.034476408230954145,0,70,255.0,255.0,255.0
79,3.95,-7.500000000006041,-2.9999999999939586,-2.7437676179588455,6.989553114832703e-11,-6.989553834012621e-11,-1.0820144571466859,1.8300044023891715e-09,-1.8300045906848181e-09,-0.027614612350034283,0,70,255.0,255.0,255.0
80,4.0,-7.5,-3.0,-2.7979,1.7693916642875308e-10,-1.7693918463465177e-10,-1.0832236428671642,2.4517410088278853e-09,-2.451741261096218e-09,-0.020752816469112645,0,70,255.0,255.0,255.0
81,4.05,-7.499999999989055,-3.000000000010945,-2.852085087674092,2.4151740176627867e-10,-2.4151742661686116e-10,-1.0841391542995236,1.3138840467314757e-10,-1.3138841819216688e-10,-0.01586764082526317,0,70,255.0,255.0,255.0
82,4.1000000000000005,-7.499999999977781,-3.000000000022218,-2.9063098444502495,1.900780068960659e-10,-1.9007802645386644e-10,-1.0848104069496904,-2.1889641994816315e-09,2.188964424711925e-09,-0.010982465181413607,0,70,255.0,255.0,255.0
83,4.15,-7.499999999971981,-3.000000000028019,-2.960562057389359,2.2620981818116406e-11,-2.2620984145669473e-11,-1.085237400817665,-4.50931680363637e-09,4.509317267615976e-09,-0.006097289537564131,0,70,255.0,255.0,255.0
84,4.2,-7.499999999977454,-3.0000000000225464,-3.014829513552313,-2.6085367346756945e-10,2.608537003077295e-10,-1.085420135903447,-6.829669407791107e-09,6.829670110520028e-09,-0.0012121138937146551,0,70,255.0,255.0,255.0
85,4.25,-7.5,-3.0,-3.0691,-6.603459589609919e-10,6.603460269063309e-10,-1.0853586122070362,-9.150022011945844e-09,9.15002295342408e-09,0.003673061750147255,0,70,255.0,255.0,255.0
86,4.3,-7.500000000040847,-2.9999999999591536,-3.1233599403241876,-9.013552143037772e-10,9.013553070474138e-10,-1.0849710215809365,-4.90348201765607e-10,4.90348252219275e-10,0.011830563293834088,0,70,255.0,255.0,255.0
87,4.3500000000000005,-7.500000000082919,-2.999999999917081,-3.1775903042401414,-7.09380779137545e-10,7.09380852128251e-10,-1.084175555877653,8.169325608414786e-09,-8.169326448985682e-09,0.019988064837521066,0,70,255.0,255.0,255.0
88,4.4,-7.500000000104569,-2.9999999998954316,-3.2317706979940004,-8.44226534623022e-11,8.442266214884841e-11,-1.0829722150971846,1.6828999418595025e-08,-1.6829001150190487e-08,0.028145566381207902,0,70,255.0,255.0,255.0
89,4.45,-7.500000000084145,-2.9999999999158553,-3.285880727831906,9.735191627219513e-10,-9.735192628907921e-10,-1.081360999239532,2.5488673228775264e-08,-2.5488675851395292e-08,0.03630306792489473,0,70,255.0,255.0,255.0
90,4.5,-7.5,-3.0,-3.3399,2.4644446694152145e-09,-2.4644449229906717e-09,-1.079341908304695,3.414834703895549e-08,-3.4148350552600094e-08,0.044460569468583344,0,70,255.0,255.0,255.0
91,4.55,-7.4999999998475575,-3.0000000001524416,-3.3938095510291566,3.363903455448831e-09,-3.3639038015727937e-09,-1.0770007593767308,1.8300044023892866e-09,-1.8300045906849292e-09,0.049185387649973204,0,70,255.0,255.0,255.0
92,4.6000000000000005,-7.499999999690542,-3.0000000003094587,-3.4475961385891893,2.647445109654115e-09,-2.6474453820591368e-09,-1.0744233695396976,-3.04883382341775e-08,3.048834137123082e-08,0.05391020583136315,0,70,255.0,255.0,255.0
93,4.65,-7.499999999609745,-3.000000000390254,-3.501247950634643,3.1506963203109323e-10,-3.15069664449725e-10,-1.0716097387935946,-6.280668087074371e-08,6.280668733314599e-08,0.058635024012753015,0,70,255.0,255.0,255.0
94,4.7,-7.499999999685967,-3.0000000003140332,-3.554753175120064,-3.6332229774202326e-09,3.6332233512554395e-09,-1.0685598671384224,-9.512502350730991e-08,9.512503329506115e-08,0.06335984219414287,0,70,255.0,255.0,255.0
95,4.75,-7.5,-3.0,-3.6081,-9.197432718699866e-09,9.197433665056356e-09,-1.0652737545741804,-1.2744336614387613e-07,1.274433792569763e-07,0.06808466037553274,0,70,255.0,255.0,255.0
96,4.800000000000001,-7.50000000056892,-2.99999999943108,-3.6612754555591858,-1.255425860749155e-08,1.2554259899243768e-08,-1.0616819409121352,-6.829669407789407e-09,6.829670110518301e-09,0.07558788610627414,0,70,255.0,255.0,255.0
97,4.8500000000000005,-7.500000001154914,-2.999999998845085,-3.7142619414031053,-9.88039965947892e-09,9.880400676108298e-09,-1.057714965963553,1.137840273282952e-07,-1.1378403903593759e-07,0.0830911118370154,0,70,255.0,255.0,255.0
98,4.9,-7.500000001456448,-2.9999999985435513,-3.7670406994674317,-1.1758558746620736e-09,1.1758559956500496e-09,-1.0533728297284335,2.3439772406437978e-07,-2.3439774818239348e-07,0.09059433756775667,0,70,255.0,255.0,255.0
99,4.95,-7.500000001171989,-2.999999998828011,-3.8195929716878387,1.3559372746958978e-08,-1.3559374142130966e-08,-1.0486555322067774,3.550114208004643e-07,-3.5501145732884936e-07,0.09809756329849793,0,70,255.0,255.0,255.0
100,5.0,-7.5,-3.0,-3.8719,3.4325286205384244e-08,-3.4325289737234754e-08,-1.0435630733985837,4.7562511753654894e-07,-4.756251664753051e-07,0.10560078902924452,0,70,255.0,255.0,255.0
101,5.050000000000001,-7.499999997876761,-3.000000002123239,-3.923943826734104,4.6853130974517366e-08,-4.6853135795402275e-08,-1.03814347697473,2.548867322876878e-08,-2.5488675851388824e-08,0.11118306792490217,0,70,255.0,255.0,255.0
102,5.1000000000000005,-7.499999995689801,-3.0000000043101998,-3.975709695798394,3.687415352826154e-08,-3.687415732237405e-08,-1.0324447666060934,-4.2464777107900345e-07,4.246478147725195e-07,0.11676534682055972,0,70,255.0,255.0,255.0
103,5.15,-7.49999999456446,-3.000000005435541,-4.0271836514956325,4.388353866617166e-09,-4.3883543181504716e-09,-1.026466942292674,-8.747842153867757e-07,8.747843053964277e-07,0.12234762571621727,0,70,255.0,255.0,255.0
104,5.2,-7.499999995626078,-3.0000000043739212,-4.078351738128581,-5.060426801041571e-08,5.06042732172684e-08,-1.0202100040344717,-1.3249206596945478e-06,1.324920796020336e-06,0.1279299046118748,0,70,255.0,255.0,255.0
105,5.25,-7.5,-3.0,-4.1292,-1.281037121028371e-07,1.2810372528388264e-07,-1.0136739518314866,-1.7750571040023196e-06,1.7750572866442442e-06,0.13351218350753236,0,70,255.0,255.0,255.0
106,5.300000000000001,-7.500000007924036,-2.999999992075964,-4.179714037504405,-1.748582652905779e-07,1.7485828328236533e-07,-1.0068321511889442,-9.512502350728589e-08,9.512503329503726e-08,0.14015984219415048,0,70,255.0,255.0,255.0
107,5.3500000000000005,-7.500000016085883,-2.9999999839141154,-4.229877675403323,-1.376162144535672e-07,1.376162286133879e-07,-0.9996579676120714,1.5848070569877182e-06,-1.5848072200541396e-06,0.1468075008807685,0,70,255.0,255.0,255.0
108,5.4,-7.5000000202857136,-2.9999999797142842,-4.279674294550039,-1.6377559591806652e-08,1.6377561276951966e-08,-0.9921514011008675,3.264739137482722e-06,-3.264739473403316e-06,0.15345515956738648,0,70,255.0,255.0,255.0
109,5.45,-7.500000016323696,-2.999999983676303,-4.3290872757978365,1.888576992947038e-07,-1.8885771872694267e-07,-0.9843124516553329,4.944671217977726e-06,-4.9446717267524935e-06,0.1601028182540045,0,70,255.0,255.0,255.0
110,5.5,-7.5,-3.0,-4.3781,4.780895622059642e-07,-4.780896113982958e-07,-0.9761411192754672,6.62460329847273e-06,-6.624603980101671e-06,0.16675047694062606,0,70,255.0,255.0,255.0
111,5.550000000000001,-7.499999970427098,-3.0000000295729055,-4.426696023248282,6.525799301877942e-07,-6.525799973340591e-07,-0.9676479182694891,3.550114208003753e-07,-3.5501145732875926e-07,0.1729775632984901,0,70,255.0,255.0,255.0
112,5.6000000000000005,-7.499999939966667,-3.000000060033339,-4.474859602588318,5.135907042860076e-07,-5.135907571311775e-07,-0.9588433629456181,-5.9145804568718675e-06,5.91458106544404e-06,0.17920464965635402,0,70,255.0,255.0,255.0
113,5.65,-7.499999924292687,-3.000000075707321,-4.522575170304212,6.112188450060972e-08,-6.112189078965719e-08,-0.9497274533038539,-1.218417233454411e-05,1.218417358821684e-05,0.18543173601421797,0,70,255.0,255.0,255.0
114,5.7,-7.499999939079138,-3.000000060920868,-4.569827158680072,-7.04826529168399e-07,7.048266016905019e-07,-0.9403001893441963,-1.8453764212216354e-05,1.845376611098964e-05,0.1916588223720819,0,70,255.0,255.0,255.0
115,5.75,-7.5,-3.0,-4.6166,-1.7842545367210195e-06,1.7842547203093005e-06,-0.9305615710666456,-2.47233560898886e-05,2.472335863376244e-05,0.19788590872994494,0,70,255.0,255.0,255.0
116,5.800000000000001,-7.500000110367574,-2.9999998896324147,-4.66287786950247,-2.435461455460599e-06,2.435461706053871e-06,-0.9204961757330998,-1.3249206596942158e-06,1.3249207960200013e-06,0.2047299046118819,0,70,255.0,255.0,255.0
117,5.8500000000000005,-7.50000022404745,-2.9999997759525274,-4.7086439142434084,-1.9167466026904624e-06,1.9167467999113217e-06,-0.9100885806054574,2.2073514770499756e-05,-2.2073517041722025e-05,0.21157390049381872,0,70,255.0,255.0,255.0
118,5.9,-7.500000282543539,-2.999999717456433,-4.753881024233114,-2.2810997841063138e-07,2.2811000188167718e-07,-0.8993387856837181,4.547195020069372e-05,-4.5471954879464045e-05,0.21841789637575554,0,70,255.0,255.0,255.0
119,5.95,-7.500000227359751,-2.999999772640226,-4.79857208948188,2.630448417378894e-06,-2.630448688035067e-06,-0.8882467909678818,6.887038563088769e-05,-6.887039271720607e-05,0.22526189225769236,0,70,255.0,255.0,255.0
120,6.0,-7.5,-3.0,-4.8427,6.658928584678114e-06,-6.658929269838906e-06,-0.876812596457949,9.226882106108165e-05,-9.22688305549481e-05,0.2321058881396283,0,70,255.0,255.0,255.0
121,6.050000000000001,-7.4999995881026065,-3.0000004118974353,-4.886249298741842,9.089265891654601e-06,-9.089266826881425e-06,-0.8651353787981081,4.944671217976476e-06,-4.9446717267512475e-06,0.2349828182540023,0,70,255.0,255.0,255.0
122,6.1000000000000005,-7.499999163843536,-3.00000083615655,-4.929211140438049,7.1533957064758405e-06,-7.1533964425141105e-06,-0.8533143146325486,-8.237947862512715e-05,8.237948710144404e-05,0.23785974836837628,0,70,255.0,255.0,255.0
123,6.15,-7.499998945533161,-3.000001054466947,-4.971578332763335,8.513180291419168e-07,-8.513181167370498e-07,-0.8413494039612704,-0.0001697036284682308,0.0001697036459296393,0.24073667848275024,0,70,255.0,255.0,255.0
124,6.2,-7.499999151481857,-3.00000084851823,-5.013343683392414,-9.816967140347177e-06,9.816968150449765e-06,-0.8292406467842737,-0.0002570277783113344,0.00025702780475783465,0.24361360859712422,0,70,255.0,255.0,255.0
125,6.25,-7.5,-3.0,-5.0545,-2.4851459801991434e-05,2.4851462359046323e-05,-0.8169880431015581,-0.0003443519281544379,0.0003443519635860299,0.24649053871150173,0,70,255.0,255.0,255.0
126,6.300000000000001,-7.500001537221999,-2.9999984627778433,-5.095032135530164,-3.39216021111578e-05,3.3921605601471825e-05,-0.8041143090744685,-1.8453764212211668e-05,1.845376611098496e-05,0.2684588223720755,0,70,255.0,255.0,255.0
127,6.3500000000000005,-7.500003120578408,-2.9999968794212712,-5.134893124004398,-2.6696836223212897e-05,2.6696838970145116e-05,-0.7901421608643504,0.00030744439973000884,-0.0003074444313640542,0.2904271060326489,0,70,255.0,255.0,255.0
128,6.4,-7.500003935323817,-2.9999960646757775,-5.174028044713548,-3.1771621381570267e-06,3.177162465066506e-06,-0.7750715984712038,0.0006333425636722292,-0.0006333426288390933,0.3123953896932223,0,70,255.0,255.0,255.0
129,6.45,-7.500003166712818,-2.999996833286856,-5.212381976948467,3.663742014400979e-05,-3.663742391376398e-05,-0.7589026218950283,0.0009592407276144497,-0.0009592408263141324,0.3343636733537957,0,70,255.0,255.0,255.0
130,6.5,-7.5,-3.0,-5.2499,9.274691062328761e-05,-9.274692016634638e-05,-0.7416352311358243,0.0012851388915566704,-0.0012851390237891718,0.3563319570143726,0,70,255.0,255.0,255.0
131,6.550000000000001,-7.499993463009398,-3.000006536991192,-5.286519759137506,0.00017459714255286613,-0.00017459715557910854,-0.7228233849040221,0.001988870385626423,-0.001988870392721268,0.39614189225770374,0,70,255.0,255.0,255.0
132,6.6000000000000005,-7.499981953842833,-3.0000180461583654,-5.322149163544367,0.00029163394918593034,-0.0002916339594384736,-0.7020210419100538,0.0026926018796961633,-0.0026926017616533517,0.4359518275010342,0,70,255.0,255.0,255.0
133,6.65,-7.499963713171567,-3.000036286829943,-5.356688688382475,0.00044385733052248143,-0.00044385733174444276,-0.6792282021539188,0.0033963333737659033,-0.003396333130585435,0.47576176274436466,0,70,255.0,255.0,255.0
134,6.7,-7.499936981666869,-3.0000630183343473,-5.390038808813722,0.0006312672865625194,-0.0006312672724970159,-0.6544448656356174,0.004100064867835643,-0.004100064499517518,0.5155716979876951,0,70,255.0,255.0,255.0
135,6.75,-7.4999,-3.0001,-5.4221,0.0008538638173060443,-0.0008538637816961932,-0.6276710323551494,0.004803796361905387,-0.004803795868449604,0.5553816332310246,0,70,255.0,255.0,255.0
136,6.800000000000001,-7.499851810740408,-3.00014818925739,-5.452800827919817,0.0010635330318961007,-0.0010635329832882662,-0.6005921513094452,0.0035829722216967536,-0.0035829721952331996,0.5277736085971264,0,70,255.0,255.0,255.0
137,6.8500000000000005,-7.499794664050261,-3.0002053359452683,-5.48218222181814,0.0012121610394757226,-0.001212161001219516,-0.5748936714954365,0.0023621480814881423,-0.002362148522016816,0.5001655839632287,0,70,255.0,255.0,255.0
138,6.9,-7.49973161198991,-3.000268388004451,-5.5103132017565555,0.0012997478400449142,-0.001299747835489947,-0.5505755929131225,0.0011413239412795305,-0.0011413248488004331,0.472557559329331,0,70,255.0,255.0,255.0
139,6.95,-7.499665706619707,-3.0003342933757557,-5.537262787796647,0.0013262934336036752,-0.0013262934860995591,-0.5276379155625035,-7.950019892908038e-05,7.949882441595033e-05,0.44494953469543336,0,70,255.0,255.0,255.0
140,7.0,-7.4996,-3.0004,-5.5631,0.0012917978201520061,-0.0012917979530483522,-0.5060806394435795,-0.0013003243391376956,0.001300322497632336,0.41734151006153386,0,70,255.0,255.0,255.0
141,7.050000000000001,-7.499536894028972,-3.000463105979249,-5.58788572918323,0.001235270729864036,-0.0012352709112655083,-0.4854160098581956,-0.0009607592723810739,0.0009607591736813911,0.40924367335380996,0,70,255.0,255.0,255.0
142,7.1000000000000005,-7.499476189956125,-3.0005238100605633,-5.611648349183077,0.0011957218929138978,-0.0011957220356802122,-0.46515627210819827,-0.0006211942056244582,0.0006211958497304523,0.40114583664608616,0,70,255.0,255.0,255.0
143,7.15,-7.499417038868791,-3.0005829611522534,-5.634408104591307,0.0011731513093015905,-0.0011731513262924632,-0.44530142619358715,-0.0002816291388678424,0.00028163252577951344,0.3930479999383624,0,70,255.0,255.0,255.0
144,7.2,-7.499358591854305,-3.0006414081626294,-5.656185239999691,0.0011675589790271137,-0.001167558783102261,-0.4258514721143622,5.7935927888773256e-05,-5.793079817142553e-05,0.3849501632306387,0,70,255.0,255.0,255.0
145,7.25,-7.4993,-3.0007,-5.677,0.0011789449020904676,-0.0011789444061096057,-0.4068064098705234,0.00039750099464537676,-0.0003974941221223608,0.3768523265229149,0,70,255.0,255.0,255.0
146,7.300000000000001,-7.499240613143705,-3.0007593868256155,-5.6968754553472625,0.0011953840486522906,-0.0011953833716506132,-0.3883358092577583,0.00026006486782753337,-0.00026006449951793733,0.3619716979876781,0,70,255.0,255.0,255.0
147,7.3500000000000005,-7.49918057612524,-3.0008194238124797,-5.715845981449555,0.001204951388873221,-0.0012049508560613997,-0.3706092400717554,0.00012262874100969241,-0.0001226348769135163,0.3470910694524415,0,70,255.0,255.0,255.0
148,7.4,-7.499120232534924,-3.000879767386536,-5.733948779878217,0.0012076469227532596,-0.0012076468593419651,-0.3536267023125143,-1.4807385808148594e-05,1.4794745690904689e-05,0.3322104409172049,0,70,255.0,255.0,255.0
149,7.45,-7.499059925963071,-3.000940073973729,-5.751221052204586,0.0012034706502924062,-0.001203471381492309,-0.33738819598003505,-0.00015224351262598955,0.00015222436829532573,0.3173298123819684,0,70,255.0,255.0,255.0
150,7.5,-7.499,-3.001,-5.7677,0.0011924225714906608,-0.0011924244225124325,-0.3218937210743176,-0.00028967963944383744,0.00028965399089975023,0.3024491838467327,0,70,255.0,255.0,255.0
151,7.550000000000001,-7.498941453396208,-3.0010585467182898,-5.78342204942772,0.001135193075531022,-0.0011351956021294373,-0.307096753110764,-0.001999500198941681,0.0019994988244200233,0.2894295346954026,0,70,255.0,255.0,255.0
152,7.6000000000000005,-7.4988879055429125,-3.001112094689518,-5.798420525018702,0.0009924725515964932,-0.0009924745400704306,-0.2929507676047772,-0.003709320758439494,0.0037093436579402656,0.27640988554407275,0,70,255.0,255.0,255.0
153,7.65,-7.498843630991513,-3.001156369301602,-5.8127279758958235,0.0007642609996870741,-0.0007642612363354122,-0.2794557645563568,-0.005419141317937306,0.005419188491460508,0.26339023639274284,0,70,255.0,255.0,255.0
154,7.7,-7.49881290429341,-3.001187095942457,-5.826376951181964,0.0004505584198027644,-0.00045055569092438167,-0.26661174396550297,-0.00712896187743512,0.0071290333249807505,0.250370587241413,0,70,255.0,255.0,255.0
155,7.75,-7.4988,-3.0012,-5.8394,5.136481194356467e-05,-5.135790383733955e-05,-0.25441870583221554,-0.008838782436932934,0.008838878158500993,0.23735093809008356,0,70,255.0,255.0,255.0
156,7.800000000000001,-7.498807973271464,-3.0011920263012257,-5.851829146941856,-0.0003601563507820975,0.0003601657801706708,-0.24284517829919658,-0.007622064072093318,0.007622069201819187,0.2255901632306686,0,70,255.0,255.0,255.0
157,7.8500000000000005,-7.4988350017031085,-3.0011649974294468,-5.863694318475636,-0.0007108415952657723,0.0007108490163445843,-0.23185968950914854,-0.006405345707253724,0.006405260245137402,0.21382938837125384,0,70,255.0,255.0,255.0
158,7.9,-7.49887804349902,-3.001121955407055,-5.875024916538488,-0.0010006909215074678,0.0010006918046844087,-0.22146223946207125,-0.0051886273424141295,0.005188451288455617,0.20206861351183908,0,70,255.0,255.0,255.0
159,7.95,-7.4989340568632885,-3.001065942256442,-5.88585034306756,-0.0012297043295071836,0.0012296941451901441,-0.2116528281579647,-0.003971908977574535,0.003971642331773832,0.19030783865242432,0,70,255.0,255.0,255.0
160,8.0,-7.499,-3.001,-5.8962,-0.0013978818192649193,0.0013978560378617906,-0.20243145559682887,-0.002755190612734935,0.002754833375092044,0.17854706379301066,0,70,255.0,255.0,255.0
161,8.05,-7.499073853517937,-3.0009261480768075,-5.906104562804855,-0.0015665676723991477,0.0015665324814464671,-0.19387453369245386,-0.003992243512634112,0.00399222436829492,0.1637298123819857,0,70,255.0,255.0,255.0
162,8.1,-7.499157687644656,-3.000842315592694,-5.915599801078755,-0.0017971061705283268,0.001797078474691279,-0.18605847435863032,-0.005229296412533244,0.005229615361497752,0.14891256097096128,0,70,255.0,255.0,255.0
163,8.15,-7.499254595012407,-3.0007454090701775,-5.924722757950228,-0.0020894973136524725,0.0020894940175962425,-0.1789832775953578,-0.006466349312432421,0.006467006354700627,0.13409530955993632,0,70,255.0,255.0,255.0
164,8.200000000000001,-7.499367668253437,-3.000632335031774,-5.9335104765478,-0.0024437411017715783,0.0024437791101613506,-0.1726489434026365,-0.0077034022123315974,0.007704397347903503,0.11927805814891136,0,70,255.0,255.0,255.0
165,8.25,-7.4995,-3.0005,-5.942,-0.0028598375348856276,0.002859933752386588,-0.16705547178046667,-0.008940455112230752,0.008941788341106337,0.10446080673788738,0,70,255.0,255.0,255.0
166,8.3,-7.499654212656787,-3.000345781391544,-5.950227001838725,-0.0033095729596271687,0.003309704294039086,-0.1621206869309843,-0.009048961877430648,0.009049033324993325,0.09293058724140503,0,70,255.0,255.0,255.0
167,8.35,-7.499831047718267,-3.000168940199776,-5.958221677209346,-0.0037647337226286892,0.0037648370848859174,-0.15776241305632618,-0.009157468642630541,0.009156278308880309,0.0814003677449231,0,70,255.0,255.0,255.0
168,8.4,-7.500030776451354,-2.999969208312236,-5.966012851660604,-0.00422531982389022,0.004225332124927114,-0.153980650156492,-0.009265975407830439,0.009263523292767297,0.06987014824844073,0,70,255.0,255.0,255.0
169,8.450000000000001,-7.500253670122961,-2.999746317616464,-5.973629350741242,-0.0046913312634117455,0.00469118941416266,-0.150775398231482,-0.009374482173030335,0.009370768276654286,0.05833992875195839,0,70,255.0,255.0,255.0
170,8.5,-7.5005,-2.9995,-5.9811,-0.005162768041193251,0.005162408952592539,-0.1481466572812962,-0.009482988938230262,0.00947801326054127,0.04680970925547645,0,70,255.0,255.0,255.0
171,8.55,-7.500770095854915,-2.999229926357015,-5.988454629840247,-0.005643140489088469,0.005642650342400301,-0.14615471858359927,-0.009731908977578174,0.00973164233176894,0.03286783865239935,0,70,255.0,255.0,255.0
172,8.6,-7.501064521482275,-2.9989355236082007,-5.995727090083863,-0.006135958938951064,0.006135573185769429,-0.14485987341605625,-0.009980829016926077,0.009985271402996604,0.01892596804932275,0,70,255.0,255.0,255.0
173,8.65,-7.501383899182176,-2.9986161576808783,-6.0029522354073555,-0.006641223390781073,0.006641177482699958,-0.144262121778667,-0.010229749056273987,0.010238900474224275,0.004984097446245651,0,70,255.0,255.0,255.0
174,8.700000000000001,-7.501728851254719,-2.998271194502371,-6.010164920487232,-0.007158933844578478,0.007159463233191871,-0.14436146367143166,-0.010478669095621899,0.010492529545451946,-0.008957773156831446,0,70,255.0,255.0,255.0
175,8.75,-7.5021,-2.9979,-6.0174,-0.007689090300343259,0.007690430437245148,-0.14515789909435017,-0.01072758913496983,0.010746158616679602,-0.022899643759908273,0,70,255.0,255.0,255.0
176,8.8,-7.502498203923552,-2.9975017131803954,-6.024692078800289,-0.008245865084026005,0.00824769433635951,-0.146636438734625,-0.0115434022123397,0.011544397347894543,-0.036241941851083946,0,70,255.0,255.0,255.0
177,8.85,-7.5029252663526345,-2.9970745653674213,-6.032074762455205,-0.008843430521577223,0.008844870172034596,-0.14878209327945854,-0.012359215289709543,0.012342636079109454,-0.04958423994225915,0,70,255.0,255.0,255.0
178,8.9,-7.503383226819941,-2.9966165609642497,-6.039581406709978,-0.009481786612996958,0.009481957944270451,-0.15159486272885092,-0.013175028367079412,0.013140874810324393,-0.06292653803343483,0,70,255.0,255.0,255.0
179,8.950000000000001,-7.503874124858164,-2.9961257043740517,-6.047245367309833,-0.010160933358285183,0.010158957653067053,-0.1550747470828021,-0.013990841444449283,0.013939113541539334,-0.0762688361246105,0,70,255.0,255.0,255.0
180,9.0,-7.5044,-2.9956,-6.0551,-0.01088087075744188,0.010875869298424379,-0.15922174634131192,-0.014806654521819132,0.014737352272754245,-0.08961113421578482,0,70,255.0,255.0,255.0
181,9.05,-7.504962688450879,-2.9950376209214027,-6.063177854958599,-0.011629399174812365,0.011622572312159907,-0.16398752647790688,-0.01513448217299987,0.015130768276666446,-0.10102007124801078,0,70,255.0,255.0,255.0
182,9.1,-7.505563213107191,-2.994437414922114,-6.071508260095317,-0.01239431897474186,0.012388946126091017,-0.16932375346611295,-0.015462309824180598,0.015524184280578631,-0.11242900828023634,0,70,255.0,255.0,255.0
183,9.15,-7.5062023935380635,-2.9937983984621237,-6.080119737752738,-0.01317563015723042,0.013174990740217765,-0.1752304273059305,-0.015790137475361336,0.01591760028449083,-0.12383794531246231,0,70,255.0,255.0,255.0
184,9.200000000000001,-7.506881049312623,-2.9931195880014227,-6.089040810273438,-0.013973332722278017,0.013980706154540123,-0.18170754799735936,-0.016117965126542077,0.01631101628840303,-0.1352468823446883,0,70,255.0,255.0,255.0
185,9.25,-7.5076,-2.9924,-6.0983,-0.014787426669884621,0.014806092369058062,-0.18875511554039928,-0.01644579277772283,0.016704432292315163,-0.14665581937691363,0,70,255.0,255.0,255.0
186,9.3,-7.508359842272932,-2.991639003133993,-6.107927701365316,-0.015604538216718767,0.015630016415002126,-0.19648545535374345,-0.016238669095642595,0.01625252954544701,-0.16255777315684874,0,70,255.0,255.0,255.0
187,9.35,-7.509160281218604,-2.990837374944122,-6.117961797163524,-0.016411293579448875,0.016431345323602756,-0.2050108928560841,-0.016031545413562363,0.015800626798578868,-0.1784597269367833,0,70,255.0,255.0,255.0
188,9.4,-7.510000799027808,-2.989996245187255,-6.128442042279075,-0.017207692758075,0.01721007909486001,-0.21433142804742172,-0.015824421731482127,0.015348724051710713,-0.1943616807167184,0,70,255.0,255.0,255.0
189,9.450000000000001,-7.510880877891343,-2.989116743620259,-6.1394081915964165,-0.01799373575259711,0.01796621772877385,-0.22444706092775618,-0.015617298049401889,0.014896821304842557,-0.21026363449665353,0,70,255.0,255.0,255.0
190,9.5,-7.5118,-2.9882,-6.1509,-0.01876942256301518,0.01869976122534426,-0.23535779149708697,-0.015410174367321644,0.014444918557974307,-0.22616558827658695,0,70,255.0,255.0,255.0
191,9.55,-7.512757942457392,-2.9872463665426254,-6.1629537395801375,-0.01955244795830978,0.019457362027832,-0.24685465210711724,-0.015910841444461855,0.01585911354153483,-0.23370883612461793,0,70,255.0,255.0,255.0
192,9.600000000000001,-7.513755662018395,-2.986253085301397,-6.175591751250585,-0.02036050670746139,0.020285672579497767,-0.25872867510954906,-0.016411508521602065,0.01727330852509535,-0.24125208397264894,0,70,255.0,255.0,255.0
193,9.65,-7.514794410350703,-2.985216620788856,-6.188832893130965,-0.021193598810469977,0.021184692880341527,-0.27097986050438205,-0.016912175598742262,0.01868750350865582,-0.24879533182067967,0,70,255.0,255.0,255.0
194,9.700000000000001,-7.515875439122007,-2.984133437517543,-6.202696023340896,-0.022051724267335607,0.022154422930363345,-0.283608208291617,-0.017412842675882473,0.020101698492216345,-0.25633857966871065,0,70,255.0,255.0,255.0
195,9.75,-7.517,-2.983,-6.2172,-0.02293488307805822,0.023194862729563146,-0.296613718471253,-0.017913509753022555,0.02151589347577673,-0.2638818275167405,0,70,255.0,255.0,255.0
196,9.8,-7.5181691878975005,-2.9818139306955054,-6.232354140314137,-0.023833669950046807,0.02423653547366786,-0.3094239362177887,-0.018037965126520512,0.02015101628841109,-0.24852688234467954,0,70,255.0,255.0,255.0
197,9.850000000000001,-7.519383470707816,-2.9805774838502894,-6.248129597834136,-0.024738679590710296,0.025209964358404287,-0.3214664067057213,-0.01816242050001847,0.01878613910104545,-0.23317193717261855,0,70,255.0,255.0,255.0
198,9.9,-7.520643159569382,-2.979294071657321,-6.264487985197066,-0.02564991200004865,0.026115149383772397,-0.3327411299350505,-0.018286875873516423,0.01742126191367986,-0.21781699200055812,0,70,255.0,255.0,255.0
199,9.950000000000001,-7.521948565620632,-2.9779671063095683,-6.281390915039998,-0.02656736717806193,0.02695209054977226,-0.343248105905777,-0.01841133124701438,0.01605638472631422,-0.20246204682849717,0,70,255.0,255.0,255.0
200,10.0,-7.5233,-2.9766,-6.2988,-0.02749104512475008,0.027720787856403813,-0.35298733461790016,-0.018535786620512112,0.01469150753894849,-0.18710710165643762,0,70,255.0,255.0,255.0
201,10.05,-7.524697305952609,-2.9751955106753534,-6.316684099163316,-0.028392872241498255,0.0284604960774986,-0.3623936030217275,-0.017537298049414375,0.014896821304842503,-0.18914363449665123,0,70,255.0,255.0,255.0
202,10.100000000000001,-7.52613845515034,-2.973753779297445,-6.335041057412874,-0.029244774929691544,0.029210469986888084,-0.37190169806756557,-0.01653880947831664,0.015102135070736517,-0.19118016733686483,0,70,255.0,255.0,255.0
203,10.15,-7.527620951371769,-2.9722742925818597,-6.353875966080772,-0.030046753189329915,0.029970709584572243,-0.3815116197554139,-0.015540320907218939,0.015307448836630523,-0.19321670017707834,0,70,255.0,255.0,255.0
204,10.200000000000001,-7.529142298395465,-2.970756537244183,-6.3731939164991145,-0.03079880702041343,0.03074121487055113,-0.3912233680852733,-0.014541832336121203,0.015512762602524537,-0.19525323301729194,0,70,255.0,255.0,255.0
205,10.25,-7.5307,-2.9692,-6.393,-0.03150093642294203,0.03152198584482469,-0.401036943057143,-0.013543343765023586,0.015718076368418432,-0.19728976585750502,0,70,255.0,255.0,255.0
206,10.3,-7.532291988292066,-2.9676040266030803,-6.4132982630326,-0.03217884108396449,0.03232148021634037,-0.41088965169529856,-0.013572842675874408,0.01626169849220815,-0.19681857966871233,0,70,255.0,255.0,255.0
207,10.350000000000001,-7.533917908690823,-2.965967398959929,-6.434088572514373,-0.03285822069052949,0.03314815569404553,-0.4207188010240145,-0.013602341586725231,0.01680532061599787,-0.19634739347991967,0,70,255.0,255.0,255.0
208,10.4,-7.535577834943545,-2.964288758015239,-6.455369750479845,-0.033539075242637,0.03400201227794015,-0.43052439104329043,-0.013631840497576054,0.01734894273978757,-0.195876207291127,0,70,255.0,255.0,255.0
209,10.450000000000001,-7.537271840797512,-2.962566744713699,-6.477140618963544,-0.03422140474028709,0.03488304996802428,-0.4403064217531271,-0.013661339408426877,0.017892564863577286,-0.19540502110233432,0,70,255.0,255.0,255.0
210,10.5,-7.539,-2.9608,-6.4994,-0.03490520918347969,0.03579126876429787,-0.4500648931535239,-0.013690838319277698,0.018436186987366987,-0.194933834913543,0,70,255.0,255.0,255.0
211,10.55,-7.540762740879126,-2.9589875829123264,-6.522146048706283,-0.03561176342263679,0.03670158305714001,-0.4597597901970752,-0.014571331247006183,0.017976384726318243,-0.1928620468285035,0,70,255.0,255.0,255.0
212,10.600000000000001,-7.542561910086369,-2.9571302248628366,-6.545374252529637,-0.03636234230818033,0.037588907236929724,-0.4693510978363745,-0.015451824174734665,0.017516582465269503,-0.19079025874346398,0,70,255.0,255.0,255.0
213,10.65,-7.54439970885405,-2.955229075357184,-6.569079431999849,-0.037156945840110256,0.03845324130366696,-0.47883881607142154,-0.016332317102463117,0.017056780204220776,-0.18871847065842456,0,70,255.0,255.0,255.0
214,10.700000000000001,-7.546278338414487,-2.953285283901021,-6.593256407646709,-0.03799557401842663,0.03929458525735179,-0.4882229449022169,-0.0172128100301916,0.016596977943172032,-0.18664668257338507,0,70,255.0,255.0,255.0
215,10.75,-7.5482,-2.9513,-6.6179,-0.03887822684312941,0.04011293909798416,-0.49750348432876,-0.018093302957919832,0.01613717568212336,-0.18457489448834785,0,70,255.0,255.0,255.0
216,10.8,-7.550165848191427,-2.9492744417476144,-6.643006342142269,-0.03974210522548119,0.04090418755510036,-0.5067591875164013,-0.01646183233615076,0.015512762602524467,-0.18565323301729714,0,70,255.0,255.0,255.0
217,10.850000000000001,-7.5521728509636965,-2.947210101588723,-6.668576817367081,-0.0405244100767445,0.04166421535823663,-0.51606880763049,-0.014830361714381688,0.014888349522925575,-0.18673157154624642,0,70,255.0,255.0,255.0
218,10.9,-7.55421692964025,-2.945108540556024,-6.694614121520758,-0.04122514139691935,0.04239302250739292,-0.5254323446710258,-0.013198891092612675,0.014263936443326703,-0.18780991007519568,0,70,255.0,255.0,255.0
219,10.950000000000001,-7.556294005544537,-2.9429713196822163,-6.721120950449624,-0.04184429918600577,0.0430906090025693,-0.5348497986380095,-0.011567420470843602,0.01363952336372781,-0.18888824860414496,0,70,255.0,255.0,255.0
220,11.0,-7.5584,-2.9408,-6.7481,-0.042381883444003704,0.04375697484376569,-0.5443211695314403,-0.00993594984907431,0.013015110284128772,-0.18996658713309067,0,70,255.0,255.0,255.0
221,11.05,-7.560532266355161,-2.938595450097215,-6.775552582724642,-0.04292381567544093,0.04443366672245837,-0.5537634597373255,-0.01174133940841429,0.01405256486357767,-0.18772502110231704,0,70,255.0,255.0,255.0
222,11.100000000000001,-7.5626938860588435,-2.9363557687822714,-6.803474478002042,-0.04355601738484515,0.04516223133012348,-0.5630936716416722,-0.01354672896775427,0.015090019443026566,-0.18548345507154337,0,70,255.0,255.0,255.0
223,11.15,-7.564889372584945,-2.93407836241872,-6.831860081917117,-0.04427848857221635,0.04594266866676101,-0.5723118052444799,-0.015352118527094186,0.016127474022475427,-0.18324188904076982,0,70,255.0,255.0,255.0
224,11.200000000000001,-7.567123239407365,-2.9317606373701124,-6.860703790554797,-0.04509122923755457,0.04677497873237102,-0.5814178605457492,-0.017157508086434164,0.017164928601924322,-0.1810003230099962,0,70,255.0,255.0,255.0
225,11.25,-7.5694,-2.9294,-6.89,-0.04599423938085975,0.04765916152695343,-0.5904118375454793,-0.018962897645773746,0.018202383181373016,-0.1787587569792164,0,70,255.0,255.0,255.0
226,11.3,-7.571722686387926,-2.926994957863524,-6.919744126959162,-0.04689863207275889,0.04852914555506707,-0.5993549735342945,-0.017212810030191393,0.016596977943172074,-0.17896668257338585,0,70,255.0,255.0,255.0
227,11.350000000000001,-7.574088404800929,-2.9245484232821917,-6.949935670624758,-0.04771552038387892,0.04931885932127066,-0.6083085058028181,-0.015462722414609036,0.014991572704971133,-0.17917460816755534,0,70,255.0,255.0,255.0
228,11.4,-7.576492780019968,-2.922064409769096,-6.980575150810773,-0.04844490431421979,0.05002830282556418,-0.61727243435105,-0.013712634799026745,0.013386167466770248,-0.1793825337617248,0,70,255.0,255.0,255.0
229,11.450000000000001,-7.5789314368260055,-2.9195469308373334,-7.011663087331192,-0.049086783863781576,0.050657476067947675,-0.6262467591789906,-0.01196254718344439,0.011780762228569306,-0.17959045935589427,0,70,255.0,255.0,255.0
230,11.5,-7.5814,-2.917,-7.0432,-0.04964115903256423,0.05120637904842111,-0.6352314802866392,-0.010212459567861765,0.010175356990368534,-0.17979838495006106,0,70,255.0,255.0,255.0
231,11.55,-7.583895388093131,-2.914426318448685,-7.075186109438709,-0.05018565603353145,0.05175375105727343,-0.644208646125495,-0.011567420470826392,0.011719523363723772,-0.17928824860416662,0,70,255.0,255.0,255.0
232,11.600000000000001,-7.5864196947374385,-2.9118233380889618,-7.107620439498929,-0.050797901079646886,0.05237833138479351,-0.6531603051470561,-0.012922381373791019,0.01326368973707901,-0.17877811225827214,0,70,255.0,255.0,255.0
233,11.65,-7.588976307335182,-2.9091871985048945,-7.140501714839792,-0.05147789417091054,0.05308012003098132,-0.6620864573513222,-0.0142773422767556,0.01480785611043419,-0.1782679759123777,0,70,255.0,255.0,255.0
234,11.700000000000001,-7.591568613288617,-2.906514039280552,-7.1738286601204395,-0.052225635307322445,0.053859116995836925,-0.6709871027382938,-0.015632303179720225,0.01635202248378943,-0.17775783956648325,0,70,255.0,255.0,255.0
235,11.75,-7.5942,-2.9038,-7.2076,-0.05304112448888255,0.054715322279360254,-0.6798622413079705,-0.016987264082684417,0.017896188857144724,-0.17724770322058703,0,70,255.0,255.0,255.0
236,11.8,-7.5968725612395485,-2.9010421683417333,-7.241813835286004,-0.053846743793110635,0.055591850215836985,-0.6886744419637345,-0.015237508086438386,0.01716492860192421,-0.1752403230099723,0,70,255.0,255.0,255.0
237,11.850000000000001,-7.5995832162493135,-2.8982414243619625,-7.276465771379533,-0.054564875297526405,0.0564318151395527,-0.697386273608968,-0.013487752090192356,0.016433668346703702,-0.1732329427993576,0,70,255.0,255.0,255.0
238,11.9,-7.602327590639304,-2.895399596211324,-7.311550789830058,-0.055195519002129864,0.05723521705050735,-0.7059977362436702,-0.01173799609394639,0.015702408091483218,-0.17122556258874297,0,70,255.0,255.0,255.0
239,11.950000000000001,-7.6051013100195295,-2.8925185120404575,-7.347063872187057,-0.05573867490692104,0.05800205594870101,-0.7145088298678421,-0.009988240097700359,0.014971147836262706,-0.16921818237812825,0,70,255.0,255.0,255.0
240,12.0,-7.6079,-2.8896,-7.383,-0.05619434301189989,0.05873233183413362,-0.7229195544814832,-0.008238484101454335,0.014239887581042332,-0.16721080216751272,0,70,255.0,255.0,255.0
241,12.05,-7.610720766948672,-2.886645808184381,-7.419355349417279,-0.056651368794022904,0.05943084807937424,-0.7313015860195682,-0.010042547183465936,0.013700762228581978,-0.16807045935588488,0,70,255.0,255.0,255.0
242,12.100000000000001,-7.613566640265304,-2.88365736446319,-7.456130874982947,-0.0571985977302465,0.06010240805699184,-0.7397266004170719,-0.011846610265477538,0.013161636876121626,-0.16893011654425705,0,70,255.0,255.0,255.0
243,12.15,-7.616442130107599,-2.880636016649809,-7.493328725839976,-0.05783602982057065,0.0607470117669864,-0.7481945976739939,-0.013650673347489074,0.01262251152366129,-0.16978977373262918,0,70,255.0,255.0,255.0
244,12.200000000000001,-7.619351746633263,-2.877583112557618,-7.530951051131337,-0.058563665064995406,0.061364659209357963,-0.7567055777903346,-0.015454736429500675,0.012083386171200937,-0.17064943092100135,0,70,255.0,255.0,255.0
245,12.25,-7.6223,-2.8745,-7.569,-0.0593815034635207,0.06195535038410649,-0.7652595407660938,-0.017258799511512046,0.011544260818740382,-0.17150908810936905,0,70,255.0,255.0,255.0
246,12.3,-7.625289970965761,-2.871387398920744,-7.607476767044882,-0.06020378103080109,0.06255675746666954,-0.7737992139579907,-0.01563230317970291,0.01251202248378124,-0.17007783956649936,0,70,255.0,255.0,255.0
247,12.350000000000001,-7.62831902268947,-2.8682435177852783,-7.646378728688681,-0.06094473378149101,0.06320655263248462,-0.782267324722744,-0.014005806847893773,0.013479784148822099,-0.16864659102362967,0,70,255.0,255.0,255.0
248,12.4,-7.6313830889303,-2.865065937189441,-7.685702306810037,-0.061604361715590465,0.06390473588155174,-0.7906638730603536,-0.012379310516084697,0.014447545813862924,-0.16721534248076003,0,70,255.0,255.0,255.0
249,12.450000000000001,-7.63447810344742,-2.8618522377290696,-7.725443923287597,-0.062182664833099484,0.06465130721387091,-0.79898885897082,-0.01075281418427556,0.015415307478903783,-0.16578409393789034,0,70,255.0,255.0,255.0
250,12.5,-7.6376,-2.8586,-7.7656,-0.06267964313401803,0.06544626662944211,-0.8072422824541426,-0.009126317852466759,0.016383069143944384,-0.16435284539501982,0,70,255.0,255.0,255.0
251,12.55,-7.6407457491882855,-2.8553077961326427,-7.806167182403194,-0.06315750708277222,0.06623012205394709,-0.8154375581484713,-0.009988240097700463,0.014971147836254174,-0.16345818237812482,0,70,255.0,255.0,255.0
252,12.600000000000001,-7.6439164689768155,-2.851978164395695,-7.847143010262334,-0.06367846714378808,0.06694338141306755,-0.8235881006919554,-0.010850162342934169,0.013559226528563966,-0.16256351936122984,0,70,255.0,255.0,255.0
253,12.65,-7.647114314171202,-2.8486146345924257,-7.888525246919875,-0.06424252331706563,0.06758604470680349,-0.8316939100845943,-0.011712084588167844,0.012147305220873806,-0.16166885634433487,0,70,255.0,255.0,255.0
254,12.700000000000001,-7.650341439577059,-2.845220736526104,-7.9303116557182785,-0.06484967560260488,0.06815811193515493,-0.8397549863263888,-0.012574006833401548,0.010735383913183596,-0.1607741933274399,0,70,255.0,255.0,255.0
255,12.75,-7.6536,-2.8418,-7.9725,-0.06549992400040576,0.06865958309812185,-0.8477713294173381,-0.013435929078635334,0.00932346260549377,-0.15987953031054403,0,70,255.0,255.0,255.0
256,12.8,-7.656891832281098,-2.838355016548685,-8.015088103342343,-0.06617419063810927,0.06914675431753955,-0.8557465534481262,-0.013534736429505069,0.010163386171213984,-0.15912943092097506,0,70,255.0,255.0,255.0
257,12.850000000000001,-7.66021750140327,-2.834884624631941,-8.05807403026199,-0.06685339764335628,0.06967592171524327,-0.8636842725094358,-0.013633543780374804,0.011003309736934199,-0.1583793315314061,0,70,255.0,255.0,255.0
258,12.9,-7.663577254384892,-2.8313867244408555,-8.101455905510461,-0.06753754501614675,0.07024708529123297,-0.8715844866012668,-0.013732351131244536,0.011843233302654382,-0.15762923214183713,0,70,255.0,255.0,255.0
259,12.950000000000001,-7.666971338244344,-2.8278592161665133,-8.14523185383929,-0.06822663275648073,0.0708602450455087,-0.8794471957236195,-0.013831158482114272,0.012683156868374597,-0.15687913275226817,0,70,255.0,255.0,255.0
260,13.0,-7.6704,-2.8243,-8.1894,-0.06892066086435819,0.07151540097807044,-0.8872723998764935,-0.013929965832984337,0.013523080434094448,-0.15612903336269746,0,70,255.0,255.0,255.0
261,13.05,-7.673862921687323,-2.820707337672619,-8.233958804227434,-0.06958573036478959,0.0721908606758953,-0.8950802280590093,-0.01267281418427129,0.013495307478899354,-0.15618409393792945,0,70,255.0,255.0,255.0
262,13.100000000000001,-7.6773575254101045,-2.8170809370765393,-8.278908068689713,-0.07018794228278534,0.0728649317259604,-0.9028908092702868,-0.011415662535558244,0.01346753452370426,-0.15623915451316145,0,70,255.0,255.0,255.0
263,13.15,-7.680880668289227,-2.813420867644152,-8.324247931038276,-0.07072729661834541,0.07353761412826572,-0.9107041435103254,-0.010158510886845242,0.013439761568509167,-0.15629421508839342,0,70,255.0,255.0,255.0
264,13.200000000000001,-7.684429207445566,-2.8097271988078427,-8.369978528924559,-0.07120379337146986,0.0742089078828113,-0.918520230779126,-0.008901359238132196,0.013411988613314073,-0.15634927566362541,0,70,255.0,255.0,255.0
265,13.25,-7.688,-2.806,-8.4161,-0.07161743254215863,0.07487881298959712,-0.9263390710766879,-0.007644207589419416,0.01338421565811898,-0.15640433623885563,0,70,255.0,255.0,255.0
266,13.3,-7.6915908809696125,-2.802239632760841,-8.462611879747922,-0.07202688790272939,0.07552980297887958,-0.9341245343158453,-0.008734006833410494,0.012655383913179408,-0.155014193327435,0,70,255.0,255.0,255.0
267,13.350000000000001,-7.6952035969563095,-2.7984476270618996,-8.509511294979161,-0.07249083322549969,0.07614435138091508,-0.9418404904094316,-0.009823806077401574,0.011926552168239835,-0.15362405041601437,0,70,255.0,255.0,255.0
268,13.4,-7.6988408724582,-2.7946258049825374,-8.556794770336438,-0.07300926851046954,0.07672245819570357,-0.9494869393574465,-0.010913605321392614,0.011197720423300288,-0.15223390750459379,0,70,255.0,255.0,255.0
269,13.450000000000001,-7.7025054319733925,-2.790775988602116,-8.604458830462477,-0.07358219375763896,0.0772641234232451,-0.9570638811598909,-0.012003404565383692,0.010468888678360717,-0.15084376459317317,0,70,255.0,255.0,255.0
270,13.5,-7.7062,-2.7869,-8.6525,-0.0742096089670079,0.07776934706353963,-0.964571315816764,-0.013093203809374288,0.00974005693342117,-0.1494536216817517,0,70,255.0,255.0,255.0
271,13.55,-7.709926354434226,-2.7829989312840167,-8.700915276780885,-0.07483471802429524,0.07828192740858465,-0.9720376346776142,-0.011911158482118706,0.010763156868379002,-0.14919913275225075,0,70,255.0,255.0,255.0
272,13.600000000000001,-7.7136824867646565,-2.7790709546758627,-8.749703551393655,-0.0754007248152198,0.07884566275037755,-0.9794912290919894,-0.010729113154863124,0.011786256803336833,-0.14894464382274977,0,70,255.0,255.0,255.0
273,13.65,-7.717465441877975,-2.7751135124257,-8.798864187615976,-0.07590762933978154,0.07946055308891832,-0.9869320990598891,-0.009547067827607583,0.012809356738294628,-0.14869015489324883,0,70,255.0,255.0,255.0
274,13.700000000000001,-7.721272264660862,-2.7711240467836915,-8.848396549225535,-0.07635543159798054,0.08012659842420701,-0.9943602445813142,-0.008365022500352001,0.013832456673252457,-0.14843566596374788,0,70,255.0,255.0,255.0
275,13.75,-7.7251,-2.7671,-8.8983,-0.07674413158981676,0.08084379875624358,-1.0017756656562637,-0.007182977173095906,0.014855556608210585,-0.1481811770342425,0,70,255.0,255.0,255.0
276,13.8,-7.728946901293486,-2.763039842103092,-8.948573413128537,-0.07714624000009704,0.08155048738678171,-1.0091489269737102,-0.008901359238115083,0.01341198861331412,-0.1467492756636119,0,70,255.0,255.0,255.0
277,13.850000000000001,-7.732816055985063,-2.7589461542346507,-8.999213699446232,-0.07763426751362829,0.082184997617575,-1.0164505932226253,-0.01061974130313426,0.011968420618417656,-0.14531737429298128,0,70,255.0,255.0,255.0
278,13.9,-7.736711760029902,-2.7548225453146635,-9.050217279199657,-0.07820821413041046,0.08274732944862347,-1.0236806644030083,-0.012338123368153375,0.010524852623521243,-0.14388547292235074,0,70,255.0,255.0,255.0
279,13.950000000000001,-7.74063830938316,-2.7506726242631174,-9.10158057263539,-0.07886807985044361,0.08323748287992712,-1.0308391405148603,-0.014056505433172554,0.009081284628624777,-0.14245357155172012,0,70,255.0,255.0,255.0
280,14.0,-7.7446,-2.7465,-9.1533,-0.07961386467372769,0.08365545791148593,-1.0379260215581803,-0.01577488749819156,0.007637716633727587,-0.14102167018109313,0,70,255.0,255.0,255.0
281,14.05,-7.748599640391838,-2.742307300303615,-9.205372670704975,-0.08035632197531696,0.08406012304428825,-1.0449826574275367,-0.013923404565379122,0.008548888678364909,-0.14124376459316396,0,70,255.0,255.0,255.0
282,14.100000000000001,-7.752634089295087,-2.738093228385534,-9.257798450821431,-0.08100620513026563,0.08451034677932244,-1.0520503980174967,-0.012071921632566688,0.009460060723002232,-0.14146585900523476,0,70,255.0,255.0,255.0
283,14.15,-7.75669871800242,-2.7338555063156456,-9.3105778955854,-0.08156351413857363,0.08500612911658846,-1.0591292433280604,-0.010220438699754317,0.010371232767639522,-0.14168795341730558,0,70,255.0,255.0,255.0
284,14.200000000000001,-7.760788897806501,-2.729591856163838,-9.363711560232915,-0.08202824900024105,0.08554747005608639,-1.0662191933592273,-0.008368955766941882,0.011282404812276844,-0.1419100478293764,0,70,255.0,255.0,255.0
285,14.25,-7.7649,-2.7253,-9.4172,-0.08240040971526784,0.08613436959781615,-1.073320248110998,-0.006517472834129845,0.012193576856913912,-0.14213214224145254,0,70,255.0,255.0,255.0
286,14.3,-7.769028937139167,-2.720978156682448,-9.471043104051569,-0.08277247209863031,0.08673702043607022,-1.0803924433161294,-0.00836502250036904,0.011912456673248646,-0.1407556659637979,0,70,255.0,255.0,255.0
287,14.350000000000001,-7.773178786834586,-2.7166265322232124,-9.52523809726805,-0.08323691196530475,0.08732561526514103,-1.0873958147073781,-0.010212572166608234,0.01163133648958338,-0.1393791896861433,0,70,255.0,255.0,255.0
288,14.4,-7.777354167960419,-2.7122458294227534,-9.579781538458743,-0.08379372931529114,0.08790015408502856,-1.0943303622847438,-0.01206012183284736,0.011350216305918124,-0.13800271340848871,0,70,255.0,255.0,255.0
289,14.450000000000001,-7.781559699390836,-2.7078367510815293,-9.634669986432959,-0.08444292414858949,0.08846063689573283,-1.1011960860482268,-0.013907671499086555,0.011069096122252858,-0.1366262371308341,0,70,255.0,255.0,255.0
290,14.5,-7.7858,-2.7034,-9.6899,-0.0851844964651998,0.08900706369725382,-1.1079929859978273,-0.01575522116532624,0.010787975938586825,-0.1352497608531813,0,70,255.0,255.0,255.0
291,14.55,-7.790078211051495,-2.698936072966593,-9.745468513088749,-0.08592978963016228,0.08955179521143379,-1.1147435693079495,-0.01405650543317247,0.011001284628611233,-0.13477357155170394,0,70,255.0,255.0,255.0
292,14.600000000000001,-7.794391563366574,-2.6944446427216144,-9.80137396010638,-0.08659014700851705,0.09010719216011495,-1.1214703431529978,-0.012357789701018702,0.01121459331863564,-0.13429738225022658,0,70,255.0,255.0,255.0
293,14.65,-7.798735810155903,-2.68992517599334,-9.857615150579631,-0.08716556860026414,0.09067325454329735,-1.128173307532972,-0.010659073968864995,0.011427902008660042,-0.13382119294874925,0,70,255.0,255.0,255.0
294,14.700000000000001,-7.8031067046301565,-2.685377139510043,-9.914190894035258,-0.08765605440540356,0.09124998236098096,-1.1348524624478729,-0.008960358236711227,0.01164121069868445,-0.1333450036472719,0,70,255.0,255.0,255.0
295,14.75,-7.8075,-2.6808,-9.9711,-0.08806160442393528,0.09183737561316577,-1.1415078078976995,-0.0072616425045574085,0.01185451938870874,-0.13286881434579634,0,70,255.0,255.0,255.0
296,14.8,-7.811912618654853,-2.676193551451179,-10.028341243593436,-0.08845236938072233,0.09241579871819064,-1.1481372794520788,-0.008368955766924861,0.011282404812285433,-0.13231004782936714,0,70,255.0,255.0,255.0
297,14.850000000000001,-7.816346159699124,-2.671558896890328,-10.085913262306446,-0.08889850000062778,0.09296561609439433,-1.1547388126806364,-0.009476269029292314,0.010710290235862124,-0.13175128131293795,0,70,255.0,255.0,255.0
298,14.9,-7.820803391415968,-2.666897466603887,-10.143814659222736,-0.08939999628365157,0.09348682774177683,-1.1613124075833723,-0.010583582291659729,0.010138175659438838,-0.13119251479650876,0,70,255.0,255.0,255.0
299,14.950000000000001,-7.825287082088542,-2.6622106908782976,-10.202044037426017,-0.08995685822979375,0.0939794336603382,-1.1678580641602871,-0.011690895554027182,0.00956606108301553,-0.13063374828007956,0,70,255.0,255.0,255.0
300,15.0,-7.8298,-2.6575,-10.2606,-0.09056908583905428,0.0944434338500784,-1.1743757824113803,-0.012798208816394596,0.008993946506592132,-0.1300749817636504,0,70,255.0,255.0,255.0
301,15.05,-7.834344114329091,-2.6527665212286897,-10.31948091253751,-0.09118873284694186,0.09489700991579984,-1.1808513128837421,-0.011987671499108343,0.009149096122265402,-0.12894623713081932,0,70,255.0,255.0,255.0
302,15.100000000000001,-7.83891819783693,-2.648010169717074,-10.37868419066785,-0.09176785298896514,0.09535834346230497,-1.1872704061244626,-0.01117713418182209,0.00930424573793867,-0.12781749249798824,0,70,255.0,255.0,255.0
303,15.15,-7.843520224180223,-2.6432305575911133,-10.43820701252943,-0.09230644626512406,0.09582743448959372,-1.193633062133541,-0.010366596864535865,0.009459395353611934,-0.12668874786515721,0,70,255.0,255.0,255.0
304,15.200000000000001,-7.848148167015678,-2.6384272969767677,-10.498046556260675,-0.0928045126754187,0.09630428299766615,-1.1999392809109781,-0.009556059547249612,0.009614544969285203,-0.12556000323232613,0,70,255.0,255.0,255.0
305,15.25,-7.8528,-2.6336,-10.5582,-0.09326205221984903,0.09678888898652224,-1.2061890624567735,-0.008745522229963387,0.009769694584958577,-0.12443125859949156,0,70,255.0,255.0,255.0
306,15.3,-7.857474124028783,-2.628748363634062,-10.618664706256524,-0.09370469923151589,0.09727616161861301,-1.2123934690129432,-0.00896035823671129,0.009721210698671755,-0.12374500364729463,0,70,255.0,255.0,255.0
307,15.350000000000001,-7.862170648953158,-2.6238724242413767,-10.67943877502217,-0.09415808804352016,0.09776101005638943,-1.218563562821503,-0.00917519424345919,0.009672726812384933,-0.1230587486950977,0,70,255.0,255.0,255.0
308,15.4,-7.866890111863141,-2.618972303031662,-10.740520490659549,-0.09462221865586182,0.0982434342998515,-1.224699343882453,-0.009390030250207083,0.009624242926098115,-0.1223724937429008,0,70,255.0,255.0,255.0
309,15.450000000000001,-7.871633049848749,-2.6140481212146307,-10.801908137531287,-0.09509709106854088,0.09872343434899923,-1.2308008121957932,-0.009604866256954985,0.009575759039811293,-0.12168623879070387,0,70,255.0,255.0,255.0
310,15.5,-7.8764,-2.6091,-10.8636,-0.09558270528155731,0.09920101020383261,-1.2368679677615235,-0.009819702263702657,0.00952727515352414,-0.12099998383850874,0,70,255.0,255.0,255.0
311,15.55,-7.881191389555779,-2.6041280242350626,-10.925594662436392,-0.09607247022699981,0.0996783436097461,-1.2429188110644889,-0.009770895553997438,0.009566061083015477,-0.12103374828010231,0,70,255.0,255.0,255.0
312,15.600000000000001,-7.886007206350443,-2.5991321333174175,-10.987891909243483,-0.09655979483695706,0.10015761631213417,-1.248971342589534,-0.00972208884429222,0.009604847012506813,-0.12106751272169589,0,70,255.0,255.0,255.0
313,15.65,-7.890847328367217,-2.5941122302822412,-11.050491824832381,-0.09704467911142903,0.10063882831099678,-1.2550255623366584,-0.009673282134587001,0.009643632941998149,-0.12110127716328947,0,70,255.0,255.0,255.0
314,15.700000000000001,-7.895711633589327,-2.58906821816471,-11.113394493614184,-0.09752712305041576,0.10112197960633398,-1.2610814703058628,-0.009624475424881783,0.009682418871489485,-0.12113504160488305,0,70,255.0,255.0,255.0
315,15.75,-7.9006,-2.584,-11.1766,-0.09800712665391723,0.10160707019814574,-1.2671390664971465,-0.009575668715176677,0.009721204800980932,-0.12116880604646418,0,70,255.0,255.0,255.0
316,15.8,-7.905512317748103,-2.5789075394256877,-11.24010784399791,-0.09848541986047832,0.10209046394240262,-1.273163286729115,-0.009556059547266705,0.00961454496929388,-0.11980000323226568,0,70,255.0,255.0,255.0
317,15.850000000000001,-7.910448525645075,-2.5737910424889527,-11.303915188003902,-0.09896273260864391,0.10256852469507514,-1.2791190668203731,-0.00953645037935673,0.009507885137606828,-0.11843120041806716,0,70,255.0,255.0,255.0
318,15.9,-7.915408574667994,-2.568650775839374,-11.368018610010935,-0.09943906489841398,0.1030412524561633,-1.2850064067709215,-0.009516841211446758,0.00940122530591978,-0.1170623976038687,0,70,255.0,255.0,255.0
319,15.950000000000001,-7.920392415793942,-2.5634870061265294,-11.43241468801198,-0.09991441672978858,0.10350864722566712,-1.29082530658076,-0.009497232043536785,0.009294565474232727,-0.1156935947896702,0,70,255.0,255.0,255.0
320,16.0,-7.9254,-2.5583,-11.4971,-0.10038878810276766,0.10397070900358658,-1.2965757662498885,-0.009477622875626812,0.009187905642545569,-0.11432479197546819,0,70,255.0,255.0,255.0
321,16.05,-7.9304313394518084,-2.553089818062185,-11.56207156157197,-0.10086585033108263,0.10443980062064528,-1.3022840420190434,-0.009604866256971925,0.009575759039802439,-0.11400623879072462,0,70,255.0,255.0,255.0
322,16.1,-7.93548669106926,-2.547855696726771,-11.627328138740918,-0.10134927472846487,0.10492828490756685,-1.3079763901289612,-0.009732109638317036,0.00996361243705931,-0.11368768560598105,0,70,255.0,255.0,255.0
323,16.150000000000002,-7.940566372960807,-2.5425966663602644,-11.692868935123881,-0.10183906129491435,0.10543616186435124,-1.3136528105796417,-0.009859353019662148,0.010351465834316181,-0.11336913242123749,0,70,255.0,255.0,255.0
324,16.2,-7.945670703234901,-2.5373117573291717,-11.758693154337893,-0.10233521003043107,0.10596343149099843,-1.3193133033710844,-0.00998659640100725,0.010739319231573025,-0.11305057923649393,0,70,255.0,255.0,255.0
325,16.25,-7.9508,-2.532,-11.8248,-0.10283772093501506,0.10651009378750853,-1.3249578685032906,-0.010113839782352363,0.011127172628829562,-0.11273202605174504,0,70,255.0,255.0,255.0
326,16.3,-7.955954324444663,-2.5266611883255705,-11.891188309714211,-0.10333117881519549,0.10703033357501651,-1.3305645451947066,-0.009624475424864835,0.009682418871489398,-0.11153504160489901,0,70,255.0,255.0,255.0
327,16.35,-7.961132710077888,-2.5212981706039628,-11.957855457032434,-0.10380016847750155,0.10747833567465749,-1.3361113726637808,-0.009135111067377308,0.008237665114149232,-0.11033805715805298,0,70,255.0,255.0,255.0
328,16.400000000000002,-7.966333933488782,-2.5159145587195693,-12.024798449493552,-0.10424468992193324,0.10785410008643144,-1.3415983509105123,-0.00864574670988978,0.006792911356809066,-0.10914107271120693,0,70,255.0,255.0,255.0
329,16.45,-7.9715567712664495,-2.510513964556784,-12.092014294636442,-0.10466474314849052,0.10815762681033837,-1.347025479934901,-0.008156382352402288,0.005348157599469004,-0.10794408826436099,0,70,255.0,255.0,255.0
330,16.5,-7.9768,-2.5051,-12.1595,-0.10506032815717346,0.10838891584637833,-1.352392759736948,-0.007667017994914871,0.0039034038421288386,-0.1067471038175114,0,70,255.0,255.0,255.0
331,16.55,-7.982062562769539,-2.4996750286355316,-12.22725279957119,-0.10544143440813446,0.1086228650792876,-1.3577137772021275,-0.007577232043524183,0.00545456547424179,-0.10609359478965671,0,70,255.0,255.0,255.0
332,16.6,-7.987344068619187,-2.494236420857378,-12.29527083312936,-0.10581805136152589,0.10893437239380252,-1.3630021192159139,-0.007487446092133496,0.007005727106354742,-0.10544008576180201,0,70,255.0,255.0,255.0
333,16.650000000000002,-7.992644293084066,-2.4887802987614576,-12.363552466901929,-0.10619017901734781,0.10932343778992308,-1.3682577857783078,-0.007397660140742808,0.008556888738467694,-0.10478657673394733,0,70,255.0,255.0,255.0
334,16.7,-7.997963011699295,-2.4833027844436923,-12.43209606711633,-0.10655781737560015,0.10979006126764926,-1.3734807768893083,-0.0073078741893521275,0.010108050370580535,-0.10413306770609268,0,70,255.0,255.0,255.0
335,16.75,-8.0033,-2.4778,-12.5009,-0.106920966436283,0.11033424282698114,-1.3786710925489167,-0.007218088237960996,0.011659212002694264,-0.10347955867823799,0,70,255.0,255.0,255.0
336,16.8,-8.00865542447718,-2.472269097132302,-12.569962892001026,-0.10730308355225818,0.11089420610783762,-1.3838443459967855,-0.008066596401045645,0.010739319231564667,-0.10345057923651382,0,70,255.0,255.0,255.0
337,16.85,-8.014031015445362,-2.4667113459665253,-12.639284410450145,-0.10772762607638757,0.11140817475013762,-1.3890161504725682,-0.008915104564130296,0.009819426460435073,-0.10342159979478964,0,70,255.0,255.0,255.0
338,16.900000000000002,-8.019428894174952,-2.4611290462345976,-12.70886448289875,-0.10819459400867122,0.11187614875388115,-1.3941865059762646,-0.009763612727214946,0.008899533689305478,-0.10339262035306547,0,70,255.0,255.0,255.0
339,16.95,-8.024851181936363,-2.455524497668446,-12.778703036898234,-0.10870398734910905,0.11229812811906814,-1.3993554125078747,-0.010612120890299536,0.007979640918175948,-0.10336364091134129,0,70,255.0,255.0,255.0
340,17.0,-8.0303,-2.4499,-12.8488,-0.10925580609770115,0.11267411284569871,-1.4045228700673984,-0.011460629053383964,0.007059748147046574,-0.10333466146961534,0,70,255.0,255.0,255.0
341,17.05,-8.035776539321743,-2.444257382835259,-12.919154832424706,-0.10979423138284528,0.11303231048936149,-1.4096608388107466,-0.010076382352380845,0.007268157599464445,-0.1021840882643051,0,70,255.0,255.0,255.0
342,17.1,-8.041278269599367,-2.43859659527652,-12.989765125070074,-0.11026344433293925,0.11340092860564516,-1.414741278893829,-0.008692135651377724,0.007476567051882316,-0.10103351505899485,0,70,255.0,255.0,255.0
343,17.150000000000002,-8.04680173021612,-2.4329171163001506,-13.060628001503087,-0.11066344494798305,0.11377996719454973,-1.419764190316646,-0.007307888950374605,0.007684976504300187,-0.09988294185368463,0,70,255.0,255.0,255.0
344,17.2,-8.05234346055525,-2.4272184248825215,-13.13174058529073,-0.11099423322797669,0.11416942625607517,-1.4247295730791973,-0.005923642249371583,0.007893385956718044,-0.09873236864837447,0,70,255.0,255.0,255.0
345,17.25,-8.0579,-2.4215,-13.2031,-0.11125580917292022,0.11456930579022154,-1.4296374271814833,-0.004539395548368574,0.00810179540913647,-0.09758179544306778,0,70,255.0,255.0,255.0
346,17.3,-8.06346881823585,-2.41576137152666,-13.274703378300154,-0.11150399091636291,0.11497655193471482,-1.434488298760213,-0.005387874189339404,0.008188050370594047,-0.09645306770611234,0,70,255.0,255.0,255.0
347,17.35,-8.069051106157172,-2.410002272927394,-13.346547889269575,-0.11179459659185416,0.11538811082728095,-1.4392827339520946,-0.006236352830310234,0.008274305332051627,-0.09532433996915689,0,70,255.0,255.0,255.0
348,17.400000000000002,-8.074648984960568,-2.4042224885647974,-13.41863071108892,-0.11212762619939395,0.11580398246791998,-1.4440207327571288,-0.007084831471281064,0.008360560293509204,-0.09419561223220145,0,70,255.0,255.0,255.0
349,17.45,-8.080264575842643,-2.3984218028014674,-13.490949021938839,-0.11250307973898226,0.11622416685663185,-1.4487022951753146,-0.007933310112251834,0.008446815254966777,-0.09306688449524608,0,70,255.0,255.0,255.0
350,17.5,-8.0859,-2.3926,-13.5635,-0.11292095721061911,0.11664866399341665,-1.4533274212066531,-0.008781788753222997,0.008533070216425132,-0.09193815675829065,0,70,255.0,255.0,255.0
351,17.55,-8.091556987734863,-2.3867571310580993,-13.636281254374678,-0.1133578049517073,0.11706148177178148,-1.4579219661483955,-0.00869212089030411,0.007979640918167621,-0.09184364091139977,0,70,255.0,255.0,255.0
352,17.6,-8.097235705771952,-2.3808943130139033,-13.709292117851636,-0.11379016929964952,0.11744662808523341,-1.4625117852977931,-0.008602453027385224,0.007426211619910112,-0.09174912506450887,0,70,255.0,255.0,255.0
353,17.650000000000002,-8.102935929941609,-2.3750129294406577,-13.782532354141253,-0.11421805025444583,0.11780410293377251,-1.4670968786548464,-0.008512785164466337,0.006872782321652603,-0.09165460921761799,0,70,255.0,255.0,255.0
354,17.7,-8.108657436074179,-2.369114363911608,-13.856001726953911,-0.11464144781609614,0.11813390631739867,-1.4716772462195549,-0.008423117301547458,0.006319353023395133,-0.0915600933707271,0,70,255.0,255.0,255.0
355,17.75,-8.1144,-2.3632,-13.9297,-0.11506036198460055,0.11843603823611201,-1.4762528879919188,-0.008333449438628349,0.005765923725138178,-0.09146557752382733,0,70,255.0,255.0,255.0
356,17.8,-8.120163230824701,-2.3572709042409414,-14.003626804201136,-0.11546478927680044,0.11872952097815832,-1.4808158366462225,-0.007843642249367037,0.005973385956714286,-0.09105236864832306,0,70,255.0,255.0,255.0
357,17.85,-8.125946070755022,-2.351326875016991,-14.077781239323894,-0.11584472620953727,0.11903337683178344,-1.4853581248567511,-0.007353835060105726,0.006180848188290395,-0.09063915977281879,0,70,255.0,255.0,255.0
358,17.900000000000002,-8.131747295272996,-2.34536739367257,-14.152162272346084,-0.11620017278281103,0.11934760579698737,-1.4898797526235046,-0.006864027870844415,0.006388310419866503,-0.09022595089731451,0,70,255.0,255.0,255.0
359,17.95,-8.137565679860645,-2.3393919415520994,-14.226768870245513,-0.1165311289966217,0.11967220787377007,-1.4943807199464825,-0.006374220681583139,0.006595772651442597,-0.08981274202181028,0,70,255.0,255.0,255.0
360,18.0,-8.1434,-2.3334,-14.3016,-0.11683759485096933,0.12000718306213162,-1.4988610268256852,-0.005884413492321383,0.006803234883018927,-0.08939953314630422,0,70,255.0,255.0,255.0
361,18.05,-8.14924928896634,-2.327391251978135,-14.376653928820781,-0.11713503794108462,0.12034043431558161,-1.5032786872667236,-0.006013310112290362,0.00652681525498013,-0.08730688449522749,0,70,255.0,255.0,255.0
362,18.1,-8.155113611207957,-2.321366186918132,-14.451926124852799,-0.11743892586219838,0.12065986458762966,-1.507591715275208,-0.00614220673225934,0.006250395626941333,-0.08521423584415076,0,70,255.0,255.0,255.0
363,18.150000000000002,-8.16099328896641,-2.315325495869062,-14.52741135647443,-0.11774925861431057,0.12096547387827575,-1.5118001108511387,-0.006271103352228319,0.005973975998902536,-0.08312158719307403,0,70,255.0,255.0,255.0
364,18.2,-8.166888644483238,-2.3092698698799943,-14.603104392064033,-0.11806603619742119,0.12125726218751988,-1.5159038739945152,-0.006399999972197288,0.005697556370863758,-0.08102893854199744,0,70,255.0,255.0,255.0
365,18.25,-8.1728,-2.3032,-14.679,-0.11838925861153028,0.12153522951536211,-1.5199030047053383,-0.006528896592166045,0.005421136742824295,-0.07893628989092072,0,70,255.0,255.0,255.0
366,18.3,-8.178727613309947,-2.2971160878465193,-14.755094280515749,-0.11871505895887238,0.12182874175951738,-1.52387741428688,-0.006503117301517735,0.0063193530233865884,-0.0800400933707497,0,70,255.0,255.0,255.0
367,18.35,-8.184671484413146,-2.291016377310481,-14.831388661264924,-0.11903957034168207,0.12216716481770078,-1.5279070140424136,-0.006477338010869426,0.007217569303948882,-0.08114389685057868,0,70,255.0,255.0,255.0
368,18.400000000000002,-8.190631548861372,-2.284898622851182,-14.907885901756226,-0.11936279275995934,0.12255049868991229,-1.5319918039719382,-0.006451558720221117,0.008115785584511176,-0.08224770033040767,0,70,255.0,255.0,255.0
369,18.45,-8.1966077422064,-2.2787605789279226,-14.984588761498348,-0.11968472621370416,0.12297874337615188,-1.536131784075454,-0.006425779429572809,0.009014001865073406,-0.08335150381023658,0,70,255.0,255.0,255.0
370,18.5,-8.2026,-2.2726,-15.0615,-0.12000537070291661,0.12345189887641962,-1.5403269543529614,-0.006400000138924611,0.009912218145635587,-0.08445530729006379,0,70,255.0,255.0,255.0
371,18.55,-8.20860825779388,-2.2664155966357864,-15.138620949116232,-0.12032472622342846,0.12391259864634668,-1.544491655585758,-0.006374220681548869,0.008515772651446742,-0.0821327420217926,0,70,255.0,255.0,255.0
372,18.6,-8.214632451139463,-2.2602099038399435,-15.215947230087522,-0.12064279277107151,0.12430347614156431,-1.5485402285551408,-0.006348441224173129,0.007119327157257898,-0.07981017675352142,0,70,255.0,255.0,255.0
373,18.650000000000002,-8.220672515588104,-2.2539864127262086,-15.293473036500695,-0.12095957034584578,0.12462453136207248,-1.5524726732611103,-0.006322661766797387,0.005722881663069053,-0.07748761148525024,0,70,255.0,255.0,255.0
374,18.7,-8.226728386691166,-2.2477486144083154,-15.371192561942573,-0.12127505894775123,0.12487576430787119,-1.5562889897036656,-0.006296882309421648,0.004326436168880308,-0.07516504621697923,0,70,255.0,255.0,255.0
375,18.75,-8.2328,-2.2415,-15.4491,-0.12158925857678794,0.12505717497896052,-1.559989177882808,-0.006271102852046462,0.0029299906746906856,-0.07284248094870627,0,70,255.0,255.0,255.0
376,18.8,-8.238887355514537,-2.2352431256103347,-15.527190723019324,-0.12190603614739574,0.12522486365509924,-1.563643963370076,-0.006399999972265548,0.003777556370859093,-0.07334893854201391,0,70,255.0,255.0,255.0
377,18.85,-8.244990711029006,-2.228976807329743,-15.605464818385004,-0.12222925857401451,0.12543493061604644,-1.5673240717370096,-0.006528897092484635,0.0046251220670275005,-0.07385539613532154,0,70,255.0,255.0,255.0
378,18.900000000000002,-8.251110388786206,-2.222698926243983,-15.683923552241023,-0.12255892585664421,0.125687375861802,-1.5710295029836083,-0.006657794212703722,0.005472687763195908,-0.07436185372862918,0,70,255.0,255.0,255.0
379,18.95,-8.257246711028937,-2.2164073634388166,-15.762568190731356,-0.12289503799528487,0.12598219939236602,-1.5747602571098724,-0.006786691332922799,0.006320253459364255,-0.07486831132193678,0,70,255.0,255.0,255.0
380,19.0,-8.2634,-2.2101,-15.8414,-0.12323759498993649,0.1263194012077384,-1.5785163341158022,-0.006915588453141885,0.007167819155531996,-0.07537476891524619,0,70,255.0,255.0,255.0
381,19.05,-8.26957032014797,-2.203775100922873,-15.920419358806473,-0.1235711291870035,0.12667594673325344,-1.5822444909339388,-0.006425779429538696,0.007094001865069409,-0.07375150381022307,0,70,255.0,255.0,255.0
382,19.1,-8.275756704744515,-2.197432466841083,-15.999623096372474,-0.12388017293289037,0.12702880139424536,-1.5858914844968244,-0.005935970405935506,0.007020184574606823,-0.07212823870519992,0,70,255.0,255.0,255.0
383,19.150000000000002,-8.281957929267074,-2.191072282297857,-16.079007154535237,-0.12416472622759707,0.12737796519071415,-1.589457314804459,-0.0054461613823323166,0.006946367284144236,-0.0705049736001768,0,70,255.0,255.0,255.0
384,19.200000000000003,-8.288172769193089,-2.1846947318364207,-16.158567475132003,-0.1244247890711236,0.1277234381226598,-1.5929419818568424,-0.004956352358729127,0.0068725499936816495,-0.06888170849515367,0,70,255.0,255.0,255.0
385,19.25,-8.2944,-2.1783,-16.2383,-0.12466036146346997,0.12806522019008226,-1.5963454856539745,-0.004466543335126638,0.006798732703218402,-0.06725844339012887,0,70,255.0,255.0,255.0
386,19.3,-8.30063856389358,-2.1718884706981725,-16.318201441754784,-0.12488144710458296,0.12839134941188504,-1.5997140728941535,-0.00437688230939257,0.006246436168892614,-0.06748504621702943,0,70,255.0,255.0,255.0
387,19.35,-8.306888069992937,-2.1654613253059236,-16.398271596125106,-0.12509804969440924,0.12868986380697153,-1.6030939902756776,-0.004287221283658502,0.005694139634566826,-0.06771164904392997,0,70,255.0,255.0,255.0
388,19.400000000000002,-8.313148294145503,-2.1590199445645872,-16.47851102961804,-0.1253101692329488,0.12896076337534174,-1.6064852377985466,-0.004197560257924434,0.005141843100241038,-0.06793825187083052,0,70,255.0,255.0,255.0
389,19.450000000000003,-8.31941901219871,-2.152565709215501,-16.558920308740653,-0.1255178057202017,0.12920404811699562,-1.6098878154627607,-0.004107899232190366,0.00458954656591525,-0.06816485469773108,0,70,255.0,255.0,255.0
390,19.5,-8.3257,-2.1461,-16.6395,-0.12572095915616785,0.12941971803193325,-1.6133017232683193,-0.004018238206456859,0.004037250031588613,-0.06839145752462272,0,70,255.0,255.0,255.0
391,19.55,-8.331991424277701,-2.139623816284436,-16.720250074174405,-0.12594308239465415,0.12963065561920697,-1.6166912174894812,-0.004866691332995522,0.004400253459359599,-0.06718831132185199,0,70,255.0,255.0,255.0
392,19.6,-8.338295015283737,-2.1331366319352227,-16.80116811912712,-0.1262076282894674,0.1298597433778692,-1.6200205544005046,-0.005715144459534185,0.004763256887130584,-0.06598516511908127,0,70,255.0,255.0,255.0
393,19.650000000000002,-8.344612894150922,-2.1266375394437924,-16.882251126992625,-0.1265145968406076,0.13010698130792003,-1.6232897340013894,-0.006563597586072847,0.00512626031490157,-0.06478201891631054,0,70,255.0,255.0,255.0
394,19.700000000000003,-8.35094718201207,-2.120125631301574,-16.963496089905423,-0.1268639880480747,0.1303723694093594,-1.6264987562921358,-0.0074120507126115105,0.005489263742672555,-0.06357887271353982,0,70,255.0,255.0,255.0
395,19.75,-8.3573,-2.1136,-17.0449,-0.12725580191186875,0.13065590768218727,-1.6296476212727433,-0.008260503839150779,0.005852267170443071,-0.06237572651075496,0,70,255.0,255.0,255.0
396,19.8,-8.363672538995608,-2.107060264164084,-17.126459861547602,-0.1276342233168148,0.13092602811129028,-1.6327370571478914,-0.006876352358690843,0.00495254999367719,-0.06120170849516809,0,70,255.0,255.0,255.0
397,19.85,-8.370062268872115,-2.1005081469531848,-17.208172727366446,-0.12794343714773784,0.131151162681555,-1.6357677921222602,-0.005492200878230907,0.004052832816911308,-0.06002769047958122,0,70,255.0,255.0,255.0
398,19.900000000000002,-8.376465729250816,-2.0939458976602427,-17.290035662411483,-0.1281834434046379,0.1313313113929814,-1.6387398261958497,-0.004108049397770971,0.003153115640145427,-0.05885367246399435,0,70,255.0,255.0,255.0
399,19.950000000000003,-8.382879459753013,-2.0873757655782,-17.372045731637687,-0.12835424208751495,0.13146647424556956,-1.6416531593686599,-0.0027238979173110347,0.0022533984633795454,-0.05767965444840748,0,70,255.0,255.0,255.0
400,20.0,-8.3893,-2.0808,-17.4542,-0.128455833196369,0.13155665123931937,-1.64450779164069,-0.0013397464368511969,0.0013536812866132841,-0.056505636432815365,0,70,255.0,255.0,255.0
401,20.05,-8.395724819739865,-2.074219927059226,-17.53649607963519,-0.1285440243380943,0.13165723193563247,-1.647336553918956,-0.002187899232160907,0.002669546565910804,-0.05664485469782328,0,70,255.0,255.0,255.0
402,20.1,-8.402155109227806,-2.067633180252037,-17.618933771407118,-0.12867462311958508,0.13182360589591044,-1.6501722771104723,-0.003036052027470617,0.003985411845208324,-0.056784072962831195,0,70,255.0,255.0,255.0
403,20.150000000000002,-8.408592988845818,-2.0610364699152353,-17.701513423361455,-0.12884762954084136,0.13205577312015332,-1.6530149612152394,-0.0038842048227803266,0.005301277124505844,-0.05692329122783911,0,70,255.0,255.0,255.0
404,20.200000000000003,-8.415040578975887,-2.0544265063856217,-17.784235383543866,-0.12906304360186313,0.13235373360836103,-1.6558646062332565,-0.004732357618090037,0.0066171424038033635,-0.057062509492847024,0,70,255.0,255.0,255.0
405,20.25,-8.4215,-2.0478,-17.8671,-0.12932086530265036,0.13271748736053363,-1.6587212121645238,-0.00558051041340013,0.007933007683100346,-0.057201727757854925,0,70,255.0,255.0,255.0
406,20.3,-8.427972982044942,-2.0411544275990114,-17.950107019911655,-0.12959767933080163,0.13310104414617804,-1.6615487271763056,-0.005492050712650619,0.007409263742676312,-0.05589887271341672,0,70,255.0,255.0,255.0
407,20.35,-8.434459694216661,-2.034490332038666,-18.033253787005098,-0.12987007037391543,0.13345841373480127,-1.6643110994358656,-0.005403591011901108,0.006885519802252278,-0.05459601766897851,0,70,255.0,255.0,255.0
408,20.400000000000002,-8.440959915365916,-2.027809022678815,-18.116537044142706,-0.13013803843199176,0.1337895961264033,-1.6670083289432036,-0.005315131311151596,0.006361775861828245,-0.0532931626245403,0,70,255.0,255.0,255.0
409,20.450000000000003,-8.447473424343444,-2.0211118088793087,-18.199953534186882,-0.1304015835050306,0.1340945913209841,-1.6696404156983198,-0.005226671610402084,0.005838031921404211,-0.05199030758010209,0,70,255.0,255.0,255.0
410,20.5,-8.454,-2.0144,-18.2835,-0.13066070559303197,0.1343733993185437,-1.6722073597012137,-0.005138211909652357,0.005314287980979326,-0.05068745253566753,0,70,255.0,255.0,255.0
411,20.55,-8.460539252080377,-2.0076751625447287,-18.367173440718194,-0.13090525833870595,0.13461059147965285,-1.6747245373758162,-0.0046438979173063204,0.004173398463387452,-0.04999965444842366,0,70,255.0,255.0,255.0
412,20.6,-8.467090113905543,-2.0009398915932994,-18.45097188057251,-0.1311250953847626,0.13479073916488246,-1.6772073251460562,-0.004149583924960284,0.0030325089457955766,-0.04931185636117979,0,70,255.0,255.0,255.0
413,20.650000000000002,-8.473651349690526,-1.9941970393695054,-18.53489360006773,-0.13132021673120198,0.13491384237423243,-1.679655723011934,-0.003655269932614248,0.0018916194282037014,-0.04862405827393591,0,70,255.0,255.0,255.0
414,20.700000000000003,-8.480221723650338,-1.9874494580971405,-18.618936879708635,-0.13149062237802403,0.1349799011077028,-1.6820697309734498,-0.0031609559402682114,0.0007507299106118267,-0.047936260186692045,0,70,255.0,255.0,255.0
415,20.75,-8.4868,-1.9807,-18.7031,-0.13163631232522877,0.1349889153652936,-1.6844493490306032,-0.002666641947921544,-0.00039015960698063346,-0.047248462099444666,0,70,255.0,255.0,255.0
416,20.8,-8.493385209633558,-1.9739505222220726,-18.78738161721557,-0.13177328731437832,0.13500058993521397,-1.686817123320411,-0.002812357618060448,0.0008571424037952813,-0.04746250949286726,0,70,255.0,255.0,255.0
417,20.85,-8.499977450161163,-1.9671989015881362,-18.87178189070487,-0.13191754808703482,0.13507462960567312,-1.68919559997989,-0.002958073288199352,0.002104444414571196,-0.04767655688628985,0,70,255.0,255.0,255.0
418,20.900000000000002,-8.506577085871987,-1.960442019843163,-18.956301355586387,-0.13206909464319824,0.13521103437667106,-1.6915847790090401,-0.0031037889583382557,0.0033517464253471105,-0.047890604279712444,0,70,255.0,255.0,255.0
419,20.950000000000003,-8.513184481055207,-1.9536767587321264,-19.040940546978604,-0.13222792698286864,0.13540980424820784,-1.6939846604078612,-0.0032495046284771595,0.004599048436123025,-0.04810465167313504,0,70,255.0,255.0,255.0
420,21.0,-8.5198,-1.9469,-19.1257,-0.13239404510604597,0.1356709392202834,-1.6963952441763535,-0.003395220298615609,0.0058463504468990735,-0.04831869906656472,0,70,255.0,255.0,255.0
421,21.05,-8.526423909385388,-1.9401091485669795,-19.21057929041953,-0.13256159240377235,0.13596304877949086,-1.6987589693425225,-0.003306671610440669,0.005838031921399711,-0.04623030758018875,0,70,255.0,255.0,255.0
422,21.1,-8.533056085449804,-1.9333037020541552,-19.295574156608012,-0.13272471226709004,0.13625474241242339,-1.7010182749343723,-0.003218122922265729,0.005829713395900348,-0.04414191609381278,0,70,255.0,255.0,255.0
423,21.150000000000002,-8.539696306821524,-1.9264836812578416,-19.380679377586734,-0.13288340469599894,0.1365460201190809,-1.7031731609519036,-0.003129574234090789,0.005821394870400986,-0.04205352460743681,0,70,255.0,255.0,255.0
424,21.200000000000003,-8.54634435212883,-1.9196491069743518,-19.46588973237697,-0.13303766969049913,0.1368368818994635,-1.705223627395116,-0.003041025545915849,0.005813076344901624,-0.03996513312106084,0,70,255.0,255.0,255.0
425,21.25,-8.553,-1.9128,-19.5512,-0.13318750725059053,0.1371273277535711,-1.70716967426401,-0.0029524768577400273,0.00580475781940204,-0.037876741634686795,0,70,255.0,255.0,255.0
426,21.3,-8.559663152824887,-1.905936883510009,-19.63660602110631,-0.13334034307053985,0.13738721494682163,-1.7090749993095413,-0.0031609559402334705,0.004590729910619312,-0.03833626018657484,0,70,255.0,255.0,255.0
427,21.35,-8.566334208039624,-1.8990622901952419,-19.722107882863085,-0.1335036028446139,0.13758640074463302,-1.7110033002826674,-0.0033694350227269137,0.0033767020018365835,-0.038795778738462884,0,70,255.0,255.0,255.0
428,21.400000000000002,-8.573013686841916,-1.8921792551254695,-19.807706734066706,-0.13367728657281258,0.1377248851470053,-1.7129545771833878,-0.0035779141052203565,0.002162674093053855,-0.03925529729035093,0,70,255.0,255.0,255.0
429,21.450000000000003,-8.579702110429473,-1.885290813370465,-19.89340372351355,-0.1338613942551359,0.13780266815393843,-1.7149288300117025,-0.0037863931877137997,0.000948646184271127,-0.039714815842238974,0,70,255.0,255.0,255.0
430,21.5,-8.5864,-1.8784,-19.9792,-0.1340559258915839,0.1378197497654324,-1.7169260587676118,-0.003994872270206562,-0.0002653817245119594,-0.04017433439413587,0,70,255.0,255.0,255.0
431,21.55,-8.593107479315066,-1.871508917392984,-20.06509582515524,-0.134237035314051,0.1378320914332226,-1.7188930334192944,-0.0032495046284770073,0.0007590484361192176,-0.038504651673162346,0,70,255.0,255.0,255.0
432,21.6,-8.599823082391703,-1.864615937164877,-20.151087911939666,-0.1343808763544316,0.13789565460904435,-1.7207765239349282,-0.0025041369867474525,0.0017834785967503946,-0.036834968952188823,0,70,255.0,255.0,255.0
433,21.650000000000002,-8.606544945810807,-1.8577184982402786,-20.23717208614647,-0.13448744901272575,0.1380104392928976,-1.7225765303145133,-0.0017587693450178982,0.002807908757381571,-0.0351652862312153,0,70,255.0,255.0,255.0
434,21.700000000000003,-8.613271206153275,-1.8508140395437864,-20.32334417356885,-0.1345567532889334,0.13817644548478247,-1.7242930525580498,-0.0010134017032883435,0.0038323389180127485,-0.033495603510241785,0,70,255.0,255.0,255.0
435,21.75,-8.62,-1.8439,-20.4096,-0.13458878918305459,0.13839367318469886,-1.7259260906655374,-0.0002680340615583976,0.004856769078642742,-0.03182592078926838,0,70,255.0,255.0,255.0
436,21.8,-8.626730129914849,-1.8369746469180557,-20.495936278272737,-0.13462351567324327,0.1386124193202876,-1.7275288670132962,-0.0011210255459881534,0.0038930763449059077,-0.03228513312107886,0,70,255.0,255.0,255.0
437,21.85,-8.63346306239356,-1.8300395611452493,-20.582353269378277,-0.1347008917376534,0.13878298081918944,-1.7291546039776453,-0.0019740170304179093,0.0029293836111690735,-0.032744345452889345,0,70,255.0,255.0,255.0
438,21.900000000000002,-8.640200929914851,-1.8230971519134147,-20.66885212134745,-0.13482091737628504,0.1389053576814045,-1.730803301558585,-0.002827008514847665,0.001965690877432239,-0.03320355778469983,0,70,255.0,255.0,255.0
439,21.950000000000003,-8.646945864957425,-1.8161498284543867,-20.75543398221108,-0.13498359258913817,0.13897954990693268,-1.7324749597561153,-0.003679999999277421,0.0010019981436954046,-0.03366277011651032,0,70,255.0,255.0,255.0
440,22.0,-8.6537,-1.8092,-20.8421,-0.1351889173762128,0.139005557495774,-1.734169578570236,-0.004532991483706894,3.8305409957084535e-05,-0.03412198244831721,0,70,255.0,255.0,255.0
441,22.05,-8.660464801025544,-1.8022492949347926,-20.928850261753823,-0.13539690199299662,0.1390302312856296,-1.7358234985274987,-0.003786393187645032,0.0009486461842665013,-0.032034815842191804,0,70,255.0,255.0,255.0
442,22.1,-8.667239068034053,-1.795296218254125,-21.015680610547246,-0.1355675566949773,0.13910042211420065,-1.7373730601544553,-0.0030397948915831703,0.001858986958575918,-0.029947649236066395,0,70,255.0,255.0,255.0
443,22.150000000000002,-8.674020934529795,-1.7883384941060603,-21.102585828463763,-0.13570088148215495,0.1392161299814872,-1.7388182634511054,-0.002293196595521309,0.0027693277328853347,-0.027860482629940987,0,70,255.0,255.0,255.0
444,22.200000000000003,-8.680808534017023,-1.781373846638664,-21.189560697586852,-0.13579687635452944,0.13937735488748917,-1.7401591084174493,-0.001546598299459447,0.0036796685071947516,-0.02577331602381558,0,70,255.0,255.0,255.0
445,22.25,-8.6876,-1.7744,-21.2766,-0.13585554131210087,0.13958409683220668,-1.7413955950534872,-0.0008000000033985266,0.004590009281503438,-0.023686149417695646,0,70,255.0,255.0,255.0
446,22.3,-8.694393865982985,-1.7674153733427724,-21.363699474711986,-0.13590087635476805,0.13979465553719447,-1.7425851388766898,-0.0010134017032886109,0.00383233891800775,-0.023895603510402454,0,70,255.0,255.0,255.0
447,22.35,-8.701190265470228,-1.76042116583825,-21.45085868843275,-0.13595688148242974,0.13996733072400747,-1.7437851554045276,-0.0012268034031786951,0.0030746685545120617,-0.024105057603109267,0,70,255.0,255.0,255.0
448,22.400000000000002,-8.707989731965975,-1.7534192716623411,-21.53807816479752,-0.1360235566950859,0.1401021223926457,-1.7449956446370007,-0.0014402051030687792,0.002316998191016374,-0.024314511695816075,0,70,255.0,255.0,255.0
449,22.450000000000003,-8.714792798974486,-1.746411584990955,-21.625358427441526,-0.1361009019927366,0.14019903054310912,-1.7462166065741092,-0.0016536068029588634,0.0015593278275206858,-0.024523965788522884,0,70,255.0,255.0,255.0
450,22.5,-8.7216,-1.7394,-21.7127,-0.1361889173753818,0.14025805517539774,-1.7474480412158528,-0.0018670085028484884,0.0008016574640250518,-0.024733419881240337,0,70,255.0,255.0,255.0
451,22.55,-8.728411735042522,-1.732386011694117,-21.800103039398245,-0.13627959258793504,0.14030314656559095,-1.748667945965794,-0.0017599999992815348,0.0010019981437033672,-0.024062770116398003,0,70,255.0,255.0,255.0
452,22.6,-8.735227870085042,-1.7253695183928746,-21.887566235721778,-0.13636491737530995,0.1403582549897681,-1.7498543182274926,-0.001652991495714581,0.0012023388233816826,-0.02339212035155567,0,70,255.0,255.0,255.0
453,22.650000000000002,-8.7420481376063,-1.7183500192445735,-21.975087912346194,-0.1364448917375065,0.14042338044792912,-1.7510071580009494,-0.0015459829921476275,0.0014026795030599977,-0.022721470586713338,0,70,255.0,255.0,255.0
454,22.700000000000003,-8.748872270085037,-1.711327013397515,-22.062666392647074,-0.13651951567452472,0.1404985229400741,-1.7521264652861641,-0.0014389744885806737,0.0016030201827383131,-0.022050820821871004,0,70,255.0,255.0,255.0
455,22.75,-8.7557,-1.7043,-22.1503,-0.13658878918636458,0.14058368246620298,-1.7532122400831365,-0.0013319659850141718,0.0018033608624172803,-0.021380171057014508,0,70,255.0,255.0,255.0
456,22.8,-8.76253119384693,-1.6972685798807596,-22.23798676769505,-0.13666075329347643,0.14067275820044317,-1.7542470772601557,-0.0015465982994601144,0.0017596685071906476,-0.02001331602375627,0,70,255.0,255.0,255.0
457,22.85,-8.76936625418961,-1.6902327605902514,-22.325723568680157,-0.13674344901631058,0.14075964931692206,-1.7552135716855122,-0.0017612306139060568,0.0017159761519640149,-0.01864646099049803,0,70,255.0,255.0,255.0
458,22.900000000000002,-8.776205717608823,-1.6831926513593634,-22.413506985817744,-0.13683687635486705,0.1408443558156396,-1.7561117233592054,-0.0019758629283519995,0.001672283796737382,-0.017279605957239794,0,70,255.0,255.0,255.0
459,22.950000000000003,-8.783050120685358,-1.6761483614189832,-22.50133360197022,-0.13694103530914578,0.1409268776965958,-1.756941532281236,-0.0021904952427979417,0.0016285914415107492,-0.015912750923981554,0,70,255.0,255.0,255.0
460,23.0,-8.7899,-1.6691,-22.5892,-0.13705592587914683,0.14100721495979068,-1.7577029984516035,-0.002405127557243425,0.0015848990862843415,-0.014545895890718086,0,70,255.0,255.0,255.0
461,23.05,-8.796755489569756,-1.6620476687828436,-22.677103489821572,-0.13715739423815274,0.1410858206326358,-1.7584397449935851,-0.0016536068029925025,0.0015593278275205509,-0.014923965788551291,0,70,255.0,255.0,255.0
462,23.1,-8.80361511315652,-1.6549914392461187,-22.765044289557608,-0.13722128655944607,0.14116314774254274,-1.7591953950304586,-0.0009020860487415803,0.0015337565687567605,-0.015302035686384496,0,70,255.0,255.0,255.0
463,23.150000000000002,-8.810476991958405,-1.6479313753179716,-22.853023344382866,-0.1372476028430269,0.14123919628951148,-1.7599699485622236,-0.00015056529449065806,0.0015081853099929699,-0.0156801055842177,0,70,255.0,255.0,255.0
464,23.200000000000003,-8.817339247173527,-1.6408675409265494,-22.941041599472083,-0.13723634308889515,0.14131396627354204,-1.7607634055888806,0.0006009554597602644,0.0014826140512291793,-0.016058175482050907,0,70,255.0,255.0,255.0
465,23.25,-8.8242,-1.6338,-23.0291,-0.1371875072970509,0.14138745769463443,-1.7615757661104285,0.0013524762140117996,0.0014570427924651685,-0.01643624537988231,0,70,255.0,255.0,255.0
466,23.3,-8.831058047874045,-1.626728744987865,-23.117198473018682,-0.1371416697539144,0.14146395926901453,-1.7623459427654726,0.00048102551144907227,0.001603020182738437,-0.014370820821884648,0,70,255.0,255.0,255.0
467,23.35,-8.83791489318431,-1.619653482425273,-23.20533287308942,-0.137139404745906,0.14154775971290826,-1.763012848192617,-0.0003904251911136551,0.0017489975730117055,-0.012305396263886988,0,70,255.0,255.0,255.0
468,23.400000000000002,-8.844772714557553,-1.6125738473687485,-23.293498036650814,-0.13718071227302575,0.1416388590263157,-1.7635764823918614,-0.0012618758936763824,0.001894974963284974,-0.010239971705889328,0,70,255.0,255.0,255.0
469,23.450000000000003,-8.85163369062053,-1.605489474874816,-23.38168880014147,-0.13726559233527363,0.1417372572092368,-1.764036845363206,-0.00213332659623911,0.0020409523535582425,-0.008174547147891668,0,70,255.0,255.0,255.0
470,23.5,-8.8585,-1.5984,-23.4699,-0.13739404493264964,0.14184295426167148,-1.7643939371066504,-0.003004777298801775,0.0021869297438312785,-0.006109122589888827,0,70,255.0,255.0,255.0
471,23.55,-8.865373118934066,-1.591305351265696,-23.55812741810371,-0.13752392674618963,0.14193834229130506,-1.7647044839444992,-0.0021904952427978736,0.0016285914415110547,-0.006312750924068314,0,70,255.0,255.0,255.0
472,23.6,-8.872251714106238,-1.584206631052788,-23.64637061808473,-0.13761309445692943,0.14200581340582258,-1.765025212199057,-0.001376213186793972,0.0010702531391908307,-0.006516379258247801,0,70,255.0,255.0,255.0
473,23.650000000000002,-8.879133749811379,-1.5771052352070323,-23.7346301090139,-0.13766154806486902,0.14204536760522413,-1.7653561218703242,-0.0005619311307900705,0.0005119148368706067,-0.006720007592427288,0,70,255.0,255.0,255.0
474,23.700000000000003,-8.886017190344345,-1.5700025595741838,-23.822906399962044,-0.13766928757000843,0.14205700488950967,-1.7656972129583,0.00025235092521383104,-4.642346544961708e-05,-0.006923635926606775,0,70,255.0,255.0,255.0
475,23.75,-8.8929,-1.5629,-23.9112,-0.13763631297234766,0.14204072525867917,-1.7660484854629848,0.0010666329812181186,-0.0006047617677698014,-0.00712726426077559,0,70,255.0,255.0,255.0
476,23.8,-8.89978067638969,-1.555798649949351,-23.999511054566486,-0.13759462326132404,0.14201467156576567,-1.7663881214565542,0.0006009554597264199,-0.00043738594877051657,-0.006458175482000063,0,70,255.0,255.0,255.0
477,23.85,-8.906659850390735,-1.548698393363574,-24.087838254571675,-0.13757621742637502,0.14199698666380212,-1.7666943030111848,0.00013527793823472141,-0.00027001012977123174,-0.0057890867032245365,0,70,255.0,255.0,255.0
478,23.900000000000002,-8.91353868619693,-1.5415988118031214,-24.17617992729362,-0.13758109546750058,0.14198767055278855,-1.7669670301268765,-0.0003303995832569771,-0.00010263431077194691,-0.00511999792444901,0,70,255.0,255.0,255.0
479,23.950000000000003,-8.920418348002084,-1.534499486828446,-24.264534400010383,-0.13760925738470073,0.1419867232327249,-1.7672063028036296,-0.0007960771047486757,6.474150822733792e-05,-0.004450909145673483,0,70,255.0,255.0,255.0
480,24.0,-8.9273,-1.5274,-24.3529,-0.13766070317797544,0.14199414470361127,-1.767412121041444,-0.001261754626239897,0.00023211732722572265,-0.003781820366901556,0,70,255.0,255.0,255.0
481,24.05,-8.93418417550717,-1.5203000489368994,-24.44127476363036,-0.13769758020853667,0.14200297144563087,-1.7675670302293107,-0.0002133265962093252,0.00012095235355786669,-0.002414547147769122,0,70,255.0,255.0,255.0
482,24.1,-8.941068884330829,-1.5131997954929148,-24.529655563628584,-0.1376820358375964,0.14200623993896705,-1.7676535757562208,0.0008351014338212467,9.787379890010731e-06,-0.0010472739286366884,0,70,255.0,255.0,255.0
483,24.150000000000002,-8.947951505400905,-1.5060995175804803,-24.618038981811637,-0.13761407006515453,0.14200395018361986,-1.7676717576221743,0.0018835294638518186,-0.00010137759377784524,0.00031999929049574515,0,70,255.0,255.0,255.0
484,24.200000000000003,-8.954829417647318,-1.4989994931120307,-24.706421599996457,-0.13749368289121117,0.14199610217958927,-1.7676215758271714,0.0029319574938823905,-0.00021254256744570118,0.0016872725096281791,0,70,255.0,255.0,255.0
485,24.25,-8.9617,-1.4919,-24.7948,-0.1373208743157663,0.14198269592687526,-1.7675030303712116,0.003980385523912888,-0.0003237075411151036,0.0030545457287569633,0,70,255.0,255.0,255.0
486,24.3,-8.968561821581632,-1.484801154303051,-24.88317149091209,-0.1371670559045374,0.14197344265171125,-1.76735975762616,0.002172350925243479,-4.6423465445629114e-05,0.002676364073306198,0,70,255.0,255.0,255.0
487,24.35,-8.975418212285955,-1.4777024246647656,-24.971536290914,-0.13710363922324198,0.14197805358033072,-1.767235393963881,0.0003643163265740698,0.00023086061022384535,0.0022981824178554327,0,70,255.0,255.0,255.0
488,24.400000000000002,-8.982273692199456,-1.4706031178749548,-25.05989534545986,-0.13713062427188,0.14199652871273363,-1.7671299393843745,-0.0014437182720953394,0.0005081446858933199,0.0019200007624046672,0,70,255.0,255.0,255.0
489,24.450000000000003,-8.989132781408639,-1.463502540723429,-25.14824960000382,-0.1372480110504515,0.14202886804892004,-1.7670433938876406,-0.0032517528707647486,0.0007854287615627943,0.0015418191069539017,0,70,255.0,255.0,255.0
490,24.5,-8.996,-1.4564,-25.2366,-0.13745579955895645,0.1420750715888899,-1.766975757473679,-0.0050597874694340295,0.001062712837231805,0.0011636374515102688,0,70,255.0,255.0,255.0
491,24.55,-9.002878138166299,-1.4492953338508958,-25.324946472721283,-0.13765019617331176,0.14210325794752618,-1.7668659392660353,-0.00271607710477807,6.474150821856564e-05,0.0032290908542425296,0,70,255.0,255.0,255.0
492,24.6,-9.00976306652536,-1.4421905058480213,-25.413284872715433,-0.13772740726943428,0.14208154573971177,-1.7666528483882546,-0.00037236674012211014,-0.0009332298207946738,0.00529454425697479,0,70,255.0,255.0,255.0
493,24.650000000000002,-9.016648925801274,-1.4350880109196986,-25.501610036348946,-0.137687432847324,0.1420099349654467,-1.7663364848403378,0.0019713436245338504,-0.0019312011498079135,0.007359997659707051,0,70,255.0,255.0,255.0
494,24.700000000000003,-9.023529856718124,-1.4279903439942507,-25.589916799988305,-0.1375302729069809,0.14188842562473097,-1.765916848622284,0.004315053989189809,-0.0029291724788211527,0.009425451062439312,0,70,255.0,255.0,255.0
495,24.75,-9.0304,-1.4209,-25.6782,-0.13725592744840504,0.1417170177175646,-1.7653939397340939,0.006658764353845381,-0.003927143807834765,0.01149090446516432,0,70,255.0,255.0,255.0
496,24.8,-9.037255225753169,-1.4138183102933646,-25.766455418202774,-0.13696815940221194,0.14156552555818266,-1.7648244853097215,0.004851957493877875,-0.0021325425674420385,0.011287272509736466,0,70,255.0,255.0,255.0
497,24.85,-9.044098321612605,-1.4067419519431479,-25.854682618224267,-0.13677073169901724,0.1415037634608204,-1.7642652124831204,0.0030451506339103694,-0.0003379413270493117,0.01108364055430861,0,70,255.0,255.0,255.0
498,24.900000000000002,-9.050933804595456,-1.3996664384462487,-25.94288210914438,-0.1366636443388209,0.14153173142547776,-1.7637161212542904,0.0012383437739428632,0.0014566599133434156,0.010880008598880756,0,70,255.0,255.0,255.0
499,24.950000000000003,-9.057766191718871,-1.3925872832995663,-26.031054400043,-0.13664689732162297,0.14164942945215475,-1.763177211623232,-0.0005684630860246422,0.003251261153736142,0.0106763766434529,0,70,255.0,255.0,255.0
500,25.0,-9.0646,-1.3855,-26.1192,-0.13672049064742334,0.1418568575408513,-1.7626484835899454,-0.002375269945991354,0.0050458623941276315,0.010472744688016178,0,70,255.0,255.0,255.0
501,25.05,-9.071438558821022,-1.378401824975645,-26.20731905446763,-0.13681316621784234,0.14205063981974358,-1.7621081194950716,-0.0013317528707689282,0.0027054287615621343,0.011141819106933336,0,70,255.0,255.0,255.0
502,25.1,-9.078280447024222,-1.3712968863793857,-26.29541025438749,-0.13685366593450024,0.14212740041700753,-1.761534301679252,-0.00028823579554650234,0.00036499512899663706,0.011810893525850493,0,70,255.0,255.0,255.0
503,25.150000000000002,-9.08512305581691,-1.3641910352953044,-26.38347192707354,-0.13684198979739698,0.14208713933264322,-1.7609270301424864,0.0007552812796759235,-0.0019754385035688606,0.012479967944767651,0,70,255.0,255.0,255.0
504,25.200000000000003,-9.091963776406399,-1.3570901228074819,-26.47150239983973,-0.13677813780653264,0.14192985656665064,-1.7602863048847754,0.0017987983548983493,-0.004315872136134357,0.01314904236368481,0,70,255.0,255.0,255.0
505,25.25,-9.0988,-1.35,-26.5595,-0.13666210996190714,0.1416555521190298,-1.7596121259061182,0.002842315430121811,-0.006656305768701021,0.013818116782601919,0,70,255.0,255.0,255.0
506,25.3,-9.105629738962742,-1.342924789804055,-26.647462763926715,-0.1365311757264234,0.14136791516284172,-1.7588870367099925,0.0023950539892282066,-0.004849172478821348,0.015185451062424724,0,70,255.0,255.0,255.0
507,25.35,-9.112453490290509,-1.3358617025393076,-26.735387564225768,-0.13642260456298433,0.14117063487114767,-1.7580935807998757,0.001947792548334602,-0.003042039188941674,0.01655278534224753,0,70,255.0,255.0,255.0
508,25.400000000000002,-9.119272372136907,-1.328806220372532,-26.82327098256147,-0.13633639647158993,0.14106371124394756,-1.7572317581757677,0.0015005311074409975,-0.0012349058990620007,0.01792011962207033,0,70,255.0,255.0,255.0
509,25.450000000000003,-9.126087502655537,-1.3217538254705044,-26.911109600598117,-0.1362725514522402,0.14104714428124146,-1.7563015688376686,0.001053269666547393,0.0005722273908176732,0.019287453901893136,0,70,255.0,255.0,255.0
510,25.5,-9.1329,-1.3147,-26.9989,-0.1362310695049352,0.14112093398302933,-1.7553030127855784,0.0006060082256538202,0.002379360680697218,0.02065478818172295,0,70,255.0,255.0,255.0
511,25.55,-9.139710485328012,-1.3076414158081338,-27.08663948982553,-0.13618213087644543,0.14121369952889015,-1.7542797336649496,0.0013515369139370675,0.001331261153735926,0.020276376643428757,0,70,255.0,255.0,255.0
512,25.6,-9.146517591813737,-1.3005795034633831,-27.174328288709443,-0.1360959158135415,0.14125406009840294,-1.7532753751212353,0.002097065602220315,0.000283161626774634,0.019897965105134564,0,70,255.0,255.0,255.0
513,25.650000000000002,-9.153319455635458,-1.293516883214566,-27.261967342680602,-0.13597242431622336,0.14124201569156764,-1.752289937154436,0.0028425942905035625,-0.0007649379001866577,0.019519553566840372,0,70,255.0,255.0,255.0
514,25.700000000000003,-9.160114212971454,-1.2864561753104988,-27.349557597767838,-0.1358116563844911,0.14117756630838427,-1.7513234197645515,0.00358812297878681,-0.0018130374271479498,0.019141142028546176,0,70,255.0,255.0,255.0
515,25.75,-9.1669,-1.2794,-27.4371,-0.13561361201834474,0.14106071194885283,-1.7503758229515813,0.004333651667069338,-0.002861136954109611,0.018762730490246682,0,70,255.0,255.0,255.0
516,25.8,-9.173675519725213,-1.272350346963409,-27.52459447677119,-0.13541230076779565,0.1409292867215967,-1.749386028630232,0.003718798354894251,-0.00239587213613514,0.020829042363730496,0,70,255.0,255.0,255.0
517,25.85,-9.180441742454539,-1.2653066836071585,-27.612036880936465,-0.1352417321828553,0.14082112473523933,-1.7482929187152083,0.003103945042719163,-0.0019306073181606688,0.022895354237214307,0,70,255.0,255.0,255.0
518,25.900000000000002,-9.187200205321261,-1.2582678467692032,-27.69942204671615,-0.13510190626352372,0.14073622598978064,-1.7470964932065105,0.0024890917305440755,-0.0014653425001861977,0.02496166611069812,0,70,255.0,255.0,255.0
519,25.950000000000003,-9.193952445458654,-1.2512326732874988,-27.78674480833056,-0.1349928230098009,0.14067459048522069,-1.7457967521041384,0.0018742384183689882,-0.0010000776822117266,0.027027977984181932,0,70,255.0,255.0,255.0
520,26.0,-9.2007,-1.2442,-27.874,-0.13491448242168685,0.1406362182215595,-1.7443936954080923,0.0012593851061941663,-0.0005348128642375105,0.029094289857658495,0,70,255.0,255.0,255.0
521,26.05,-9.207444235771135,-1.2371691963382292,-27.96118340308973,-0.1348566660523683,0.140589153584724,-1.742944151814104,0.0010532696665477707,-0.001347772609182363,0.028887453901871748,0,70,255.0,255.0,255.0
522,26.1,-9.214185838368103,-1.2301417621079813,-28.048294587544707,-0.13480915545503205,0.14050144096064127,-1.7415049500179052,0.0008471542269013751,-0.0021607323541272157,0.028680617946085,0,70,255.0,255.0,255.0
523,26.150000000000002,-9.220925323079506,-1.2231197297086192,-28.13533407045482,-0.13477195062967817,0.14037308034931126,-1.7400760900194956,0.0006410387872549795,-0.0029736920990720687,0.028473781990298253,0,70,255.0,255.0,255.0
524,26.200000000000003,-9.227663205193938,-1.2161051315395044,-28.222302368909958,-0.1347450515763066,0.14020407175073404,-1.7386575718188753,0.0004349233476085839,-0.0037866518440169213,0.02826694603451151,0,70,255.0,255.0,255.0
525,26.25,-9.2344,-1.2091,-28.3092,-0.1347284582949173,0.13999441516490957,-1.7372493954160446,0.00022880790796309114,-0.004599611588962826,0.028060110078723,0,70,255.0,255.0,255.0
526,26.3,-9.24113553719025,-1.2021056676836734,-28.39602711086989,-0.13468103502274845,0.1397860989395068,-1.7358293641133633,0.0016681229787911737,-0.00373303742714811,0.028741142028524545,0,70,255.0,255.0,255.0
527,26.35,-9.24786690407305,-1.1951206679609143,-28.482782368884713,-0.13456164599703818,0.13962111142219474,-1.7343752812131923,0.0031074380496192563,-0.0028664632653333942,0.02942217397832609,0,70,255.0,255.0,255.0
528,26.400000000000002,-9.254590502360726,-1.1881428343963187,-28.56946407146459,-0.13437029121778654,0.13949945261297345,-1.7328871467155307,0.004546753120447339,-0.001999889103518678,0.030103205928127638,0,70,255.0,255.0,255.0
529,26.450000000000003,-9.261302733765602,-1.181170000554482,-28.656070516029647,-0.13410697068499344,0.13942112251184288,-1.7313649606203794,0.0059860681912754215,-0.001133314941703962,0.030784237877929183,0,70,255.0,255.0,255.0
530,26.5,-9.268,-1.1742,-28.7426,-0.133771684398659,0.13938612111880302,-1.7298087229277381,0.007425383262104734,-0.00026674077988997347,0.0314652698277218,0,70,255.0,255.0,255.0
531,26.55,-9.274680015467874,-1.1672313329270771,-28.829050553430704,-0.13344319385664566,0.13935445065725047,-1.7282023917324394,0.005714238418428572,-0.0010000776822116303,0.03278797798423165,0,70,255.0,255.0,255.0
532,26.6,-9.281345745339701,-1.16026516604836,-28.915419136916448,-0.13320026055681614,0.13928611335058186,-1.726529925129315,0.00400309357475241,-0.001733414584533287,0.0341106861407415,0,70,255.0,255.0,255.0
533,26.650000000000002,-9.288001467477592,-1.153303332706104,-29.001702443686842,-0.13304288449917043,0.13918110919879717,-1.7247913231183651,0.0022919487310762475,-0.0024667514868549436,0.035433394297251355,0,70,255.0,255.0,255.0
534,26.700000000000003,-9.294651459743655,-1.1463476662425651,-29.08789716697149,-0.13297106568370848,0.13903943820189638,-1.7229865856995898,0.0005808038874000861,-0.0032000883891766005,0.03675610245376121,0,70,255.0,255.0,255.0
535,26.75,-9.3013,-1.1394,-29.174,-0.13298480411043037,0.13886110035987953,-1.721115712872989,-0.0011303409562752886,-0.003933425291497983,0.03807881061027096,0,70,255.0,255.0,255.0
536,26.8,-9.307950000938257,-1.1324618006080172,-29.260008275407294,-0.13300218955064874,0.13866809843149153,-1.7192170689568715,0.0004349233475406278,-0.0037866518440216245,0.03786694603442093,0,70,255.0,255.0,255.0
537,26.85,-9.314598914568144,-1.1255330678456443,-29.345921883449506,-0.1329413117756763,0.13848243517547737,-1.7173290182695469,0.0020001876513565443,-0.0036398783965452667,0.037655081458570897,0,70,255.0,255.0,255.0
538,26.900000000000002,-9.321242827728906,-1.118613434779263,-29.431741353788063,-0.1328021707855131,0.138304110591837,-1.7154515608110146,0.003565451955172461,-0.0034931049490689084,0.03744321688272087,0,70,255.0,255.0,255.0
539,26.950000000000003,-9.327877827259776,-1.1117025344752542,-29.51746721608442,-0.13258476658015905,0.13813312468057048,-1.7135846965812747,0.005130716258988377,-0.0033463315015925506,0.03723135230687084,0,70,255.0,255.0,255.0
540,27.0,-9.3345,-1.1048,-29.6031,-0.13228909915961426,0.13796947744167773,-1.7117284255803278,0.0066959805628046265,-0.003199558054116869,0.037019487731011935,0,70,255.0,255.0,255.0
541,27.05,-9.3411063807791,-1.0979054646408533,-29.688639544940127,-0.13197204794076223,0.1378131556167823,-1.7098413324401032,0.005986068191275907,-0.0030533149417001117,0.038464237877972374,0,70,255.0,255.0,255.0
542,27.1,-9.347697796387719,-1.0910185625690612,-29.77408292928556,-0.13169049234048666,0.1376641459475077,-1.7078820017925307,0.005276155819747188,-0.0029070718292833544,0.03990898802493281,0,70,255.0,255.0,255.0
543,27.150000000000002,-9.35427602160679,-1.084138928176842,-29.85942654116093,-0.1314444323587875,0.13752244843385397,-1.70585043363761,0.004566243448218469,-0.0027608287168665972,0.041353738171893244,0,70,255.0,255.0,255.0
544,27.200000000000003,-9.360842831217242,-1.0772661958564151,-29.944666768690862,-0.1312338679956648,0.13738806307582105,-1.703746627975341,0.0038563310766897493,-0.00261458560444984,0.04279848831885368,0,70,255.0,255.0,255.0
545,27.25,-9.3674,-1.0704,-30.0298,-0.13105879925111857,0.13726098987340896,-1.7015705848057248,0.0031464187051608583,-0.0024683424920333152,0.04424323846581579,0,70,255.0,255.0,255.0
546,27.3,-9.37394927594535,-1.0635403408285682,-30.11482314483221,-0.13091761868630378,0.13711927910137872,-1.699353601282734,0.0025008038874301604,-0.0032000883891761694,0.044436102453815,0,70,255.0,255.0,255.0
547,27.35,-9.380492299880977,-1.0566886818781096,-30.199735199408288,-0.13080871886237558,0.13694098103449134,-1.6971269745603432,0.0018551890696994627,-0.0039318342863190235,0.0446289664418142,0,70,255.0,255.0,255.0
548,27.400000000000002,-9.387030685843934,-1.0498468525133666,-30.284535681568258,-0.13073209977933384,0.13672609567274682,-1.6948907046385526,0.0012095742519687648,-0.004663580183461877,0.044821830429813414,0,70,255.0,255.0,255.0
549,27.450000000000003,-9.39356604787126,-1.0430166820990823,-30.369224109152157,-0.13068776143717867,0.13647462301614513,-1.6926447915173617,0.0005639594342380671,-0.005395326080604732,0.04501469441781262,0,70,255.0,255.0,255.0
550,27.5,-9.4001,-1.0362,-30.4538,-0.13067570383591004,0.13618656306468638,-1.690389235196771,-8.165538349258483e-05,-0.006127071977746867,0.04520755840582069,0,70,255.0,255.0,255.0
551,27.55,-9.406633315439507,-1.0293979720448727,-30.53826227573104,-0.13064547731402326,0.1359017279777029,-1.6880882624289544,0.0012907162589633732,-0.005266331501592557,0.04683135230684601,0,70,255.0,255.0,255.0
552,27.6,-9.413163404088367,-1.0226091099184993,-30.622607473081313,-0.1305466322100137,0.1356599299145271,-1.6857060999660864,0.0026630879014193313,-0.004405591025438247,0.04845514620787133,0,70,255.0,255.0,255.0
553,27.650000000000002,-9.419686835017474,-1.0158312617696896,-30.706831532566067,-0.13037916852388134,0.13546116887515905,-1.6832427478081673,0.004035459543875289,-0.0035448505492839365,0.050078940108896644,0,70,255.0,255.0,255.0
554,27.700000000000003,-9.426200177297721,-1.0090622757472532,-30.79093039470055,-0.13014308625562618,0.13530544485959872,-1.6806982059551967,0.005407831186331247,-0.0026841100731296265,0.05170273400992196,0,70,255.0,255.0,255.0
555,27.75,-9.4327,-1.0023,-30.8749,-0.12983838540524822,0.1351927578678461,-1.6780724744071749,0.006780202828786663,-0.001823369596974933,0.05332652791095249,0,70,255.0,255.0,255.0
556,27.8,-9.439183862296623,-0.9955429709919402,-30.958737352243634,-0.12952447205761058,0.13508180898781041,-1.6754293490014303,0.005776331076719007,-0.002614585604452169,0.05239848831883015,0,70,255.0,255.0,255.0
557,27.85,-9.445653283765555,-0.9887924784478916,-31.04244370826647,-0.12926075229757633,0.1349312993074009,-1.6728326255752919,0.004772459324651351,-0.0034058016119294047,0.0514704487267078,0,70,255.0,255.0,255.0
558,27.900000000000002,-9.452110774086176,-0.9820505004078729,-31.126021388167494,-0.12904722612514544,0.1347412288266175,-1.6702823041287593,0.0037685875725836943,-0.0041970176194066405,0.05054240913458546,0,70,255.0,255.0,255.0
559,27.950000000000003,-9.458558842937864,-0.9753190149119026,-31.209472712045677,-0.12888389354031793,0.13451159754546022,-1.6677783846618333,0.002764715820516038,-0.004988233626883876,0.049614369542463115,0,70,255.0,255.0,255.0
560,28.0,-9.465,-0.9686,-31.2928,-0.12877075454309383,0.13424240546392913,-1.6653208671745134,0.001760844068449341,-0.005779449634360834,0.04868632995033906,0,70,255.0,255.0,255.0
561,28.05,-9.471436035374,-0.9618949439873656,-31.376004315294427,-0.12866463445552676,0.13396303607105498,-1.66283434156531,0.0024839594342340836,-0.005395326080604418,0.05077469441780312,0,70,255.0,255.0,255.0
562,28.1,-9.477865860849413,-0.9552033762899328,-31.459081693852813,-0.12852235859967043,0.13370287285586868,-1.6602433977327329,0.0032070748000188262,-0.005011202526848002,0.05286305888526718,0,70,255.0,255.0,255.0
563,28.150000000000002,-9.484287668637828,-0.9485243365988172,-31.54202691476398,-0.12834392697552488,0.1334619158183702,-1.657548035676783,0.003930190165803569,-0.004627078973091586,0.054951423352731246,0,70,255.0,255.0,255.0
564,28.200000000000003,-9.49069965095083,-0.9418568646051342,-31.624834757116766,-0.12812933958309006,0.1332401649585595,-1.65474825539746,0.0046533055315883115,-0.00424295541933517,0.05703978782019531,0,70,255.0,255.0,255.0
565,28.25,-9.4971,-0.9352,-31.7075,-0.12787859642236604,0.13303762027643667,-1.6518440568947639,0.005376420897373002,-0.003858831865577894,0.059128152287646785,0,70,255.0,255.0,255.0
566,28.3,-9.503487196207377,-0.9285532530585966,-31.790018186578664,-0.1276089901202743,0.13282604672796905,-1.648881284737325,0.005407831186296708,-0.004604110073126854,0.05938273400990362,0,70,255.0,255.0,255.0
567,28.35,-9.509860872836786,-0.9219180163923759,-31.8723879163223,-0.12733781330373636,0.13257720926912397,-1.6459057834937734,0.005439241475220414,-0.005349388280675814,0.059637315732160454,0,70,255.0,255.0,255.0
568,28.400000000000002,-9.516220951362508,-0.915296153196857,-31.954608552776605,-0.12706506597275224,0.13229110789990145,-1.642917553164109,0.00547065176414412,-0.006094666488224774,0.05989189745441729,0,70,255.0,255.0,255.0
569,28.450000000000003,-9.522567353258822,-0.9086895266675585,-32.036679459487274,-0.12679074812732194,0.13196774262030148,-1.6399165937483318,0.0055020620530678264,-0.006839944695773734,0.06014647917667412,0,70,255.0,255.0,255.0
570,28.5,-9.5289,-0.9021,-32.1186,-0.12651485976744548,0.13160711343032414,-1.6369029052464419,0.005533472341992418,-0.0075852229033228635,0.06040106089892561,0,70,255.0,255.0,255.0
571,28.55,-9.535219179796496,-0.8955288437782477,-32.20036933839093,-0.126259405063382,0.13124477701706896,-1.6338645194854062,0.004684715820546425,-0.006908233626883788,0.06113436954250419,0,70,255.0,255.0,255.0
572,28.6,-9.54152664780344,-0.8889749581405625,-32.281985840858006,-0.12604638818539082,0.13091629006763575,-1.6307894682921913,0.0038359592991004314,-0.006231244350444712,0.06186767818608276,0,70,255.0,255.0,255.0
573,28.650000000000002,-9.547824525912135,-0.8824366506137535,-32.36344767412962,-0.12587580913347196,0.1306216525820245,-1.6276777516667977,0.002987202777654438,-0.005554255074005636,0.06260098682966134,0,70,255.0,255.0,255.0
574,28.700000000000003,-9.554114936013889,-0.8759122287246296,-32.44475300493415,-0.12574766790762537,0.13036086456023518,-1.6245293696092251,0.0021384462562084447,-0.00487726579756656,0.06333429547323992,0,70,255.0,255.0,255.0
575,28.75,-9.5604,-0.8694,-32.5259,-0.1256619645078511,0.13013392600226784,-1.6213443221194739,0.0012896897347620673,-0.004200276521127977,0.064067604116822,0,70,255.0,255.0,255.0
576,28.8,-9.566680884606642,-0.8628985718284122,-32.60688685985762,-0.12556138962619226,0.12992284520375622,-1.618124637321049,0.00273330553159241,-0.004242955419337103,0.06471978782017375,0,70,255.0,255.0,255.0
577,28.85,-9.572954935949454,-0.8564077510453727,-32.68771192024568,-0.12538863395469188,0.12970963046033412,-1.6148723433374566,0.004176921328422753,-0.004285634317546229,0.06537197152352549,0,70,255.0,255.0,255.0
578,28.900000000000002,-9.579218544988947,-0.8499276443481272,-32.76837355070494,-0.12514369749334997,0.1294942817720016,-1.6115874401686963,0.005620537125253095,-0.004328313215755355,0.06602415522687724,0,70,255.0,255.0,255.0
579,28.950000000000003,-9.585468102685626,-0.8434583584339207,-32.84887012077614,-0.12482658024216654,0.12927679913875859,-1.6082699278147685,0.007064152922083437,-0.004370992113964481,0.06667633893022899,0,70,255.0,255.0,255.0
580,29.0,-9.5917,-0.837,-32.9292,-0.12443728220114163,0.12905718256060517,-1.6049198062756738,0.00850776871891401,-0.004413671012173381,0.06732852263358247,0,70,255.0,255.0,255.0
581,29.05,-9.597911681776935,-0.8305528689081029,-33.0093616221786,-0.12403903643184302,0.1288238421679065,-1.601540931230416,0.007422062053029739,-0.004919944695773822,0.0678264791767223,0,70,255.0,255.0,255.0
582,29.1,-9.60410480839874,-0.8241180376779456,-33.089353678159256,-0.12369507599583864,0.1285651880910278,-1.5981371583580015,0.006336355387145467,-0.005426218379374263,0.06832443571986212,0,70,255.0,255.0,255.0
583,29.150000000000002,-9.610282094132074,-0.8176967719937364,-33.16917492305062,-0.12340540089312846,0.12828122032996905,-1.5947084876584297,0.005250648721261195,-0.005932492062974703,0.06882239226300195,0,70,255.0,255.0,255.0
584,29.200000000000003,-9.616446253243607,-0.8112903375396847,-33.24882411196131,-0.12317001112371252,0.12797193888473032,-1.5912549191317011,0.004164942055376924,-0.006438765746575144,0.06932034880614178,0,70,255.0,255.0,255.0
585,29.25,-9.6226,-0.8049,-33.3283,-0.12298890668759077,0.12763734375531158,-1.587776452777816,0.0030792353894935065,-0.006945039430175326,0.0698183053492798,0,70,255.0,255.0,255.0
586,29.3,-9.628745188285615,-0.7985267525391752,-33.40760105142798,-0.12281046464644749,0.127293786124618,-1.5842556377572534,0.004058446256238138,-0.006797265797566652,0.07101429547322341,0,70,255.0,255.0,255.0
587,29.35,-9.634880230455591,-0.7921704982428441,-33.4867245671173,-0.12258306206196695,0.1269576171755549,-1.5806750232304936,0.005037657122982769,-0.006649492164957978,0.07221028559716704,0,70,255.0,255.0,255.0
588,29.400000000000002,-9.641002678482756,-0.7858308676769256,-33.5656675570926,-0.1223066989341492,0.1266288369081222,-1.5770346091975365,0.006016867989727401,-0.006501718532349304,0.07340627572111065,0,70,255.0,255.0,255.0
589,29.450000000000003,-9.64711008433995,-0.7795074914073378,-33.644427031378605,-0.12198137526299421,0.12630744532231997,-1.5733343956583823,0.006996078856472032,-0.0063539448997406295,0.07460226584505428,0,70,255.0,255.0,255.0
590,29.5,-9.6532,-0.7732,-33.723,-0.12160709104850201,0.12599344241814817,-1.5695743826130313,0.00797528972321726,-0.00620617126713241,0.07579825596899781,0,70,255.0,255.0,255.0
591,29.55,-9.659270765080604,-0.7669081209351959,-33.80138377210946,-0.12123110498236948,0.12568101333362075,-1.5657725177405528,0.007064152922083653,-0.006290992113964268,0.07627633893013837,0,70,255.0,255.0,255.0
592,29.6,-9.665323869778906,-0.7606319693506769,-33.87957685337159,-0.12090067575629362,0.12536434320675174,-1.5619467487200174,0.006153016120950046,-0.006375812960796126,0.07675442189127894,0,70,255.0,255.0,255.0
593,29.650000000000002,-9.6713615919369,-0.7543717572985595,-33.957578048578995,-0.12061580337027447,0.12504343203754115,-1.5580970755514247,0.0052418793198164395,-0.006460633807627984,0.0772325048524195,0,70,255.0,255.0,255.0
594,29.700000000000003,-9.6773862093966,-0.7481276968309616,-34.03538616252426,-0.12037648782431198,0.12471827982598893,-1.5542234982347753,0.004330742518682832,-0.006545454654459841,0.07771058781356006,0,70,255.0,255.0,255.0
595,29.75,-9.6834,-0.7419,-34.113,-0.12018272911840618,0.12438888657209517,-1.5503260167700688,0.003419605717549623,-0.006630275501291805,0.07818867077470593,0,70,255.0,255.0,255.0
596,29.8,-9.689404551391968,-0.7356887637200406,-34.19041826013419,-0.11999311542408299,0.12406216054089854,-1.5463982912805465,0.004164942055377307,-0.00643876574657278,0.0789203488061869,0,70,255.0,255.0,255.0
597,29.85,-9.695398690428794,-0.7294936243544478,-34.267639219396365,-0.11976623491286845,0.12374500999743789,-1.54243398188945,0.004910278393204991,-0.006247255991853756,0.07965202683766785,0,70,255.0,255.0,255.0
598,29.900000000000002,-9.70138055376964,-0.7233141031288344,-34.34466104859144,-0.1195020875847625,0.12343743494171316,-1.5384330885967794,0.005655614731032675,-0.006055746237134732,0.08038370486914882,0,70,255.0,255.0,255.0
599,29.950000000000003,-9.707348278073656,-0.7171497212688139,-34.42148191852436,-0.11920067343976516,0.1231394353737244,-1.534395611402535,0.006400951068860359,-0.005864236482415708,0.08111538290062978,0,70,255.0,255.0,255.0
600,30.0,-9.7133,-0.711,-34.4981,-0.11886199247787649,0.12285101129347159,-1.5303215503067167,0.007146287406688323,-0.0056727267276968085,0.08184706093211425,0,70,255.0,255.0,255.0
601,30.05,-9.719234229351532,-0.7048648241846409,-34.57451358735379,-0.11850843332129746,0.1225503445027856,-1.5262183171372878,0.006996078856472374,-0.006353944899742912,0.08228226584503667,0,70,255.0,255.0,255.0
602,30.1,-9.725150968505922,-0.6987455332315312,-34.65072146904297,-0.11816238459222925,0.12221561680349728,-1.5220933237222127,0.006845870306256425,-0.007035163071789016,0.08271747075795909,0,70,255.0,255.0,255.0
603,30.150000000000002,-9.731050592984547,-0.692643830186101,-34.72672255705525,-0.11782384629067182,0.12184682819560667,-1.5179465700614918,0.006695661756040476,-0.00771638124383512,0.08315267567088151,0,70,255.0,255.0,255.0
604,30.200000000000003,-9.73693347830878,-0.6865614180937805,-34.80251576337836,-0.11749281841662519,0.12144397867911377,-1.5137780561551246,0.006545453205824527,-0.008397599415881224,0.08358788058380394,0,70,255.0,255.0,255.0
605,30.25,-9.7428,-0.6805,-34.8781,-0.11716930097008936,0.12100706825401857,-1.5095877820031116,0.006395244655608923,-0.009078817587927168,0.08402308549672277,0,70,255.0,255.0,255.0
606,30.3,-9.74865053120191,-0.674460739541395,-34.95347379045066,-0.11685315129073216,0.1205684614479589,-1.5053524401703515,0.006250742518678607,-0.008465454654459461,0.08539058781367966,0,70,255.0,255.0,255.0
607,30.35,-9.754485435547522,-0.6684426427194261,-35.02863410443178,-0.1165442267182215,0.1201605227885726,-1.5010487232217433,0.006106240381748292,-0.007852091720991754,0.08675809013063653,0,70,255.0,255.0,255.0
608,30.400000000000002,-9.76030507429218,-0.6624441761267595,-35.10357752318757,-0.11624252725255733,0.1197832522758597,-1.4966766311572877,0.005961738244817976,-0.0072387287875240475,0.08812559244759341,0,70,255.0,255.0,255.0
609,30.450000000000003,-9.766109808691224,-0.6564638063560619,-35.178300627962244,-0.11594805289373968,0.1194366499098202,-1.492236163976984,0.0058172361078876605,-0.006625365854056341,0.08949309476455028,0,70,255.0,255.0,255.0
610,30.5,-9.7719,-0.6505,-35.2528,-0.11566080364176859,0.1191207156904541,-1.487727321680833,0.005672733970957244,-0.006012002920588344,0.09086059708150529,0,70,255.0,255.0,255.0
611,30.55,-9.777675645840834,-0.6445514176497786,-35.3270728508436,-0.1153589615157723,0.118823809705379,-1.4831879221812785,0.0064009510688944555,-0.005864236482415784,0.09071538290067806,0,70,255.0,255.0,255.0
612,30.6,-9.783435289303997,-0.6386174958907633,-35.40111891322994,-0.11502070853487913,0.11853429204221251,-1.4786557833907652,0.0071291681668316665,-0.005716470044243223,0.09057016871985084,0,70,255.0,255.0,255.0
613,30.650000000000002,-9.789177109846742,-0.6326978653068588,-35.474938550194494,-0.11464604469908911,0.11825216270095466,-1.4741309053092932,0.007857385264768877,-0.005568703606070662,0.0904249545390236,0,70,255.0,255.0,255.0
614,30.700000000000003,-9.794899286926324,-0.6267921564819694,-35.548532124772706,-0.11423497000840224,0.11797742168160544,-1.4696132879368626,0.008585602362706089,-0.0054209371678981015,0.09027974035819639,0,70,255.0,255.0,255.0
615,30.75,-9.8006,-0.6209,-35.6219,-0.11378748446281854,0.11771006898416486,-1.465102931273474,0.009313819460642914,-0.00527317072972644,0.09013452617737094,0,70,255.0,255.0,255.0
616,30.8,-9.806278085434755,-0.6150215898594897,-35.69504200617495,-0.11334300264615782,0.11741629973052464,-1.4605678711044519,0.0084654532057861,-0.006477599415881857,0.09126788058351389,0,70,255.0,255.0,255.0
617,30.85,-9.811935007236494,-0.6091593737175192,-35.76795584264843,-0.11294093914223992,0.11706230904257667,-1.4559761432151226,0.007617086950929284,-0.007682028102037276,0.09240123498965683,0,70,255.0,255.0,255.0
618,30.900000000000002,-9.817572886320857,-0.6033163626458038,-35.84063867603446,-0.11258129395106488,0.11664809692032091,-1.4513277476054862,0.006768720696072469,-0.008886456788192694,0.09353458939579977,0,70,255.0,255.0,255.0
619,30.950000000000003,-9.82319384360348,-0.5974955677160587,-35.913087672946986,-0.11226406707263266,0.1161736633637574,-1.4466226842755423,0.005920354441215654,-0.010090885474348112,0.09466794380194272,0,70,255.0,255.0,255.0
620,31.0,-9.8288,-0.5917,-35.9853,-0.11198925850694331,0.11563900837288613,-1.4418609532252922,0.0050719881863589,-0.01129531416050411,0.09580129820809091,0,70,255.0,255.0,255.0
621,31.05,-9.834392812420147,-0.585931822912262,-36.0572727244566,-0.111717027899588,0.11509499137252212,-1.437036593400973,0.005817236107853529,-0.01046536585405583,0.09717309476466982,0,70,255.0,255.0,255.0
622,31.1,-9.839971081750024,-0.580189809239159,-36.12900251617631,-0.11140753489615796,0.11459247178748053,-1.432143643748825,0.006562484029348158,-0.009635417547607548,0.09854489132124872,0,70,255.0,255.0,255.0
623,31.150000000000002,-9.845532944869829,-0.574471884109925,-36.200485945667694,-0.11106077949665318,0.11413144961776135,-1.4271821042688482,0.007307731950842787,-0.008805469241159268,0.09991668787782763,0,70,255.0,255.0,255.0
624,31.200000000000003,-9.851076538659754,-0.568775972653794,-36.27171958343939,-0.11067676170107367,0.1137119248633646,-1.422151974961042,0.008052979872337416,-0.007975520934710986,0.10128848443440654,0,70,255.0,255.0,255.0
625,31.25,-9.8566,-0.5631,-36.3427,-0.11025548150941945,0.11333389752429025,-1.4170532558254076,0.008798227793831992,-0.007145572628263985,0.10266028099098179,0,70,255.0,255.0,255.0
626,31.3,-9.86210186488466,-0.5574423184914623,-36.41342469599863,-0.10982088575550515,0.11297173477938618,-1.4119417552916755,0.008585602362739949,-0.007340937167898545,0.10179974035830311,0,70,255.0,255.0,255.0
627,31.35,-9.867582265763408,-0.5518029893258444,-36.48389489264636,-0.10939692127314544,0.1125998038075004,-1.4068732817895773,0.008372976931647907,-0.0075363017075331055,0.10093919972562444,0,70,255.0,255.0,255.0
628,31.400000000000002,-9.873041734199832,-0.5461825009144952,-36.55411274129479,-0.10898358806234035,0.11221810460863287,-1.401847835319113,0.008160351500555864,-0.007731666247167665,0.10007865909294576,0,70,255.0,255.0,255.0
629,31.450000000000003,-9.878480801757503,-0.5405813416687638,-36.62408039329547,-0.10858088612308985,0.1118266371827836,-1.3968654158802825,0.007947726069463822,-0.007927030786802226,0.09921811846026708,0,70,255.0,255.0,255.0
630,31.5,-9.8839,-0.535,-36.6938,-0.10818881545539398,0.11142540152995264,-1.3919260234730864,0.007735100638372017,-0.008122395326437548,0.09835757782758492,0,70,255.0,255.0,255.0
631,31.55,-9.889299728041221,-0.5294389031218887,-36.76327249154888,-0.10779942907840354,0.11101806950993305,-1.3869563854323501,0.007840354441245425,-0.008170885474346391,0.1004279438018614,0,70,255.0,255.0,255.0
632,31.6,-9.894679855196339,-0.5238982334574631,-36.83249391323826,-0.10740478001126942,0.110608312982518,-1.3818832290929002,0.007945608244118833,-0.008219375622255233,0.10249830977613789,0,70,255.0,255.0,255.0
633,31.650000000000002,-9.900040118330844,-0.5183781122320933,-36.9014590891532,-0.10700486825399165,0.11019613194770751,-1.3767065544547363,0.00805086204699224,-0.008267865770164076,0.10456867575041437,0,70,255.0,255.0,255.0
634,31.700000000000003,-9.905380254310234,-0.5128786606711488,-36.97016284337876,-0.1065996938065702,0.10978152640550157,-1.3714263615178586,0.008156115849865647,-0.008316355918072917,0.10663904172469085,0,70,255.0,255.0,255.0
635,31.75,-9.9107,-0.5074,-37.0386,-0.10618925666900508,0.10936449635590023,-1.3660426502822671,0.008261369652739603,-0.008364846065981979,0.10870940769897963,0,70,255.0,255.0,255.0
636,31.8,-9.91599922295046,-0.5019420690209826,-37.106766137805856,-0.10578139793087815,0.10895598718088281,-1.3606007029789293,0.008052979872337482,-0.007975520934714713,0.10896848443452818,0,70,255.0,255.0,255.0
637,31.85,-9.92127831345124,-0.49650407684430214,-37.17465985440061,-0.10538395868177132,0.10856694426242874,-1.355145801838814,0.00784459009193536,-0.007586195803447449,0.10922756117007673,0,70,255.0,255.0,255.0
638,31.900000000000002,-9.926537792476786,-0.4910850501571302,-37.242280502092456,-0.10499693892168462,0.10819736760053805,-1.3496779468619216,0.0076362003115332385,-0.007196870672180183,0.10948663790562528,0,70,255.0,255.0,255.0
639,31.950000000000003,-9.931778181001558,-0.4856840156466388,-37.30962743318953,-0.104620338650618,0.10784725719521072,-1.3441971380482514,0.007427810531131117,-0.0068075455409129185,0.10974571464117383,0,70,255.0,255.0,255.0
640,32.0,-9.937,-0.4803,-37.3767,-0.1042541578685715,0.10751661304644677,-1.3387033753978044,0.007219420750729011,-0.006418220409646347,0.11000479137672592,0,70,255.0,255.0,255.0
641,32.050000000000004,-9.942203380156942,-0.47493282079417976,-37.44349735722772,-0.10387497919806751,0.10715798176653551,-1.333184802651883,0.007947726069429768,-0.007927030786802942,0.11073811846010144,0,70,255.0,255.0,255.0
642,32.1,-9.947386890998708,-0.46958545916532723,-37.510017869159284,-0.10345938526162853,0.10672390996776647,-1.327629563551794,0.008676031388130421,-0.009435841163959322,0.11147144554347685,0,70,255.0,255.0,255.0
643,32.15,-9.952548711762002,-0.46426168713938465,-37.576259702476996,-0.10300737605925452,0.10621439765013964,-1.3220376580975362,0.009404336706831076,-0.010944651541115704,0.11220477262685227,0,70,255.0,255.0,255.0
644,32.2,-9.957687021683533,-0.4589652767422941,-37.642221023863144,-0.1025189515909454,0.10562944481365488,-1.3164090862891087,0.010132642025531833,-0.012453461918272297,0.1129380997102278,0,70,255.0,255.0,255.0
645,32.25,-9.9628,-0.4537,-37.7079,-0.10199411185670133,0.1049690514583124,-1.3107438481265135,0.010860947344232819,-0.013962272295428457,0.11367142679360853,0,70,255.0,255.0,255.0
646,32.300000000000004,-9.967886456421777,-0.448468247802296,-37.77329483328329,-0.10147068527684894,0.10431608575297485,-1.3050440864135522,0.01007611584986159,-0.012156355918071139,0.11431904172481785,0,70,255.0,255.0,255.0
647,32.35,-9.97294772255393,-0.4432668864943879,-37.83840386896226,-0.10098650027171516,0.10375341586650524,-1.2993119439540315,0.00929128435549047,-0.010350439540714077,0.11496665665602708,0,70,255.0,255.0,255.0
648,32.4,-9.977985760475194,-0.4380914012853316,-37.90322548799957,-0.10054155684129994,0.1032810417989035,-1.2935474207479503,0.00850645286111935,-0.008544523163357017,0.11561427158723629,0,70,255.0,255.0,255.0
649,32.45,-9.983002532264306,-0.4329372773841829,-37.967758071357935,-0.10013585498560322,0.10289896355016956,-1.2877505167953078,0.007721621366748121,-0.006738606785999699,0.11626188651844561,0,70,255.0,255.0,255.0
650,32.5,-9.988,-0.4278,-38.032,-0.0997693947046251,0.10260718112030352,-1.2819212320961058,0.006936789872377003,-0.004932690408642526,0.11690950144965662,0,70,255.0,255.0,255.0
651,32.550000000000004,-9.99297959415595,-0.42267658799663366,-38.09594970963916,-0.09941027969453736,0.10231367522156459,-1.276062851693835,0.007427810531131104,-0.006807545540913434,0.1174257146411581,0,70,255.0,255.0,255.0
652,32.6,-9.99794061878557,-0.4175701948571203,-38.15960585499173,-0.09902661365151198,0.10192642656621217,-1.2701786606319898,0.007918831189885137,-0.008682400673184074,0.1179419278326595,0,70,255.0,255.0,255.0
653,32.65,-10.002881846337218,-0.4124855077192899,-38.2229671455247,-0.09861839657554891,0.10144543515424624,-1.2642686589105696,0.008409851848639169,-0.010557255805454715,0.11845814102416091,0,70,255.0,255.0,255.0
654,32.7,-10.007802049259244,-0.40742721372097246,-38.28603229070512,-0.09818562846664805,0.10087070098566668,-1.2583328465295736,0.00890087250739327,-0.012432110937725623,0.11897435421566238,0,70,255.0,255.0,255.0
655,32.75,-10.0127,-0.4024,-38.3488,-0.09772830932480955,0.10020222406047367,-1.252371223489003,0.009391893166147858,-0.014306966069996263,0.11949056740716912,0,70,255.0,255.0,255.0
656,32.800000000000004,-10.017574366954424,-0.39740700021116676,-38.41126872816007,-0.09724019594501666,0.09953321336076691,-1.2463685068110715,0.010132642025566182,-0.012453461918271989,0.1206180997100753,0,70,255.0,255.0,255.0
657,32.85,-10.022423402303787,-0.39244513407713005,-38.47343591107085,-0.09671504512225293,0.09895687786864645,-1.2403094135179953,0.0108733908849844,-0.010599957766547976,0.1217456320129813,0,70,255.0,255.0,255.0
658,32.9,-10.027245254175934,-0.3875097678375096,-38.535298729901605,-0.09615285685651828,0.09847321758411216,-1.2341939436097737,0.01161413974440262,-0.008746453614823966,0.12287316431588732,0,70,255.0,255.0,255.0
659,32.95,-10.032038070698722,-0.3825962677319256,-38.59685436582158,-0.09555363114781265,0.09808223250716405,-1.2280220970864064,0.012354888603820944,-0.00689294946309969,0.1240006966187935,0,70,255.0,255.0,255.0
660,33.0,-10.0368,-0.3777,-38.6581,-0.09491736799613616,0.0977839226378022,-1.2217938739478944,0.01309563746323994,-0.00503944531137579,0.12512822892170306,0,70,255.0,255.0,255.0
661,33.050000000000004,-10.041530138026351,-0.3728178111586964,-38.71903297772058,-0.09430093652538664,0.09748947133536776,-1.215519121061889,0.011561621366739218,-0.006738606786001012,0.12586188651849148,0,70,255.0,255.0,255.0
662,33.1,-10.046231371999285,-0.36795246883435856,-38.77965130072486,-0.09376120585946221,0.0971100619592021,-1.2092076852960452,0.010027605270238715,-0.008437768260625993,0.1265955441152798,0,70,255.0,255.0,255.0
663,33.15,-10.050907536959045,-0.3631082209306723,-38.83995313486885,-0.09329817599836282,0.0966456945093052,-1.2028595666503616,0.008493589173738214,-0.010136929735250974,0.12732920171206813,0,70,255.0,255.0,255.0
664,33.2,-10.055562467945869,-0.35828931535132347,-38.89993664600856,-0.0929118469420884,0.09609636898567697,-1.1964747651248382,0.006959573077237493,-0.011836091209876196,0.12806285930885655,0,70,255.0,255.0,255.0
665,33.25,-10.0602,-0.3535,-38.9596,-0.09260221869063903,0.09546208538831757,-1.190053280719476,0.005425556980737101,-0.013535252684500954,0.12879651690564842,0,70,255.0,255.0,255.0
666,33.300000000000004,-10.06482268094017,-0.3487433551540448,-39.01894176095764,-0.09229205795343648,0.09481290129776186,-1.1836190089414413,0.006980872507363855,-0.01243211093772531,0.1285743542157121,0,70,255.0,255.0,255.0
667,33.35,-10.069427909699073,-0.3440177905854347,-39.07796208602972,-0.09190413143990264,0.09421887429454502,-1.1771958452979046,0.008536188033990389,-0.011328969190949825,0.1283521915257758,0,70,255.0,255.0,255.0
668,33.4,-10.074011797987888,-0.3393205484398019,-39.136661530622995,-0.09143843915003749,0.09368000437866694,-1.1707837897888644,0.010091503560616923,-0.010225827444174338,0.1281300288358395,0,70,255.0,255.0,255.0
669,33.45,-10.078570457517802,-0.3346488708627789,-39.195040650144186,-0.09089498108384093,0.09319629155012757,-1.1643828424143203,0.011646819087243677,-0.009122685697398696,0.12790786614590316,0,70,255.0,255.0,255.0
670,33.5,-10.0831,-0.33,-39.2531,-0.09027375724131313,0.09276773580892704,-1.157993003174274,0.01320213461387032,-0.008019543950623986,0.1276857034559633,0,70,255.0,255.0,255.0
671,33.550000000000004,-10.08759753821297,-0.32537196822512177,-39.310839178448916,-0.08963483166086994,0.09234692347358393,-1.1515568431724,0.012354888603855401,-0.008812949463098853,0.1297606966189841,0,70,255.0,255.0,255.0
672,33.6,-10.092064189204427,-0.32076596882390185,-39.36825395515628,-0.08903826838092757,0.09188644086261716,-1.1450169335123754,0.011507642593840604,-0.009606354975573606,0.1318356897820046,0,70,255.0,255.0,255.0
673,33.65,-10.096502071089404,-0.31618398531012093,-39.425339142639174,-0.08848406740148594,0.09138628797602663,-1.1383732741941999,0.010660396583825806,-0.01039976048804836,0.13391068294502512,0,70,255.0,255.0,255.0
674,33.7,-10.100913301982919,-0.3116280011975595,-39.48208955341473,-0.08797222872254498,0.0908464648138123,-1.1316258652178726,0.009813150573810887,-0.011193166000523225,0.1359856761080459,0,70,255.0,255.0,255.0
675,33.75,-10.1053,-0.3071,-39.5385,-0.08750275234410482,0.09026697137597431,-1.1247747065833955,0.008965904563796201,-0.01198657151299809,0.1380606692710611,0,70,255.0,255.0,255.0
676,33.800000000000004,-10.109663966207954,-0.30260157194546583,-39.59456632524674,-0.08705661540307905,0.08967140480790241,-1.1178816183688993,0.008879573077233164,-0.011836091209875952,0.13766285930876695,0,70,255.0,255.0,255.0
677,33.85,-10.114005733483213,-0.298132734118957,-39.650288493345194,-0.08661479503638149,0.0890833622549867,-1.1110084206525186,0.00879324159067014,-0.011685610906753836,0.13726504934647288,0,70,255.0,255.0,255.0
678,33.9,-10.118325517654496,-0.29369311031971507,-39.70566749882028,-0.08617729124401208,0.0885028437172271,-1.1041551134342527,0.008706910104107115,-0.01153513060363172,0.13686723938417877,0,70,255.0,255.0,255.0
679,33.95,-10.12262353455052,-0.2892823243469816,-39.76070433619692,-0.08574410402597077,0.0879298491946235,-1.0973216967141006,0.008620578617544079,-0.011384650300509582,0.13646942942188464,0,70,255.0,255.0,255.0
680,34.0,-10.1269,-0.2849,-39.8154,-0.08531523338225766,0.08736437868717611,-1.0905081704920643,0.008534247130981054,-0.011234169997387466,0.13607161945958168,0,70,255.0,255.0,255.0
681,34.050000000000004,-10.131154596955218,-0.2805457439930125,-39.86975472056417,-0.08485870672680275,0.08680745729480636,-1.0836686833519324,0.009726819087214013,-0.011042685697401017,0.13750786614567345,0,70,255.0,255.0,255.0
682,34.1,-10.135384876862716,-0.27621909470026923,-39.92376567146295,-0.08434255147353625,0.08626011011743599,-1.0767573838774969,0.010919391043446802,-0.010851201397414596,0.138944112831765,0,70,255.0,255.0,255.0
683,34.15,-10.139587858292606,-0.2719195734110194,-39.97742926207966,-0.08376676762245812,0.08572233715506496,-1.0697742720687566,0.012111962999679593,-0.010659717097428172,0.14038035951785655,0,70,255.0,255.0,255.0
684,34.2,-10.143760559814998,-0.26764670141451263,-40.03074190179759,-0.08313135517356826,0.08519413840769316,-1.0627193479257109,0.01330453495591255,-0.010468232797441723,0.14181660620394831,0,70,255.0,255.0,255.0
685,34.25,-10.1479,-0.2634,-40.0837,-0.08243631412686685,0.08467551387532077,-1.0555926114483618,0.014497106912145452,-0.01027674849745508,0.14325285289004164,0,70,255.0,255.0,255.0
686,34.300000000000004,-10.152004045971177,-0.2591794520824818,-40.136300392496636,-0.0817325576897181,0.0841387660128713,-1.048419648223406,0.013653150573802003,-0.011193166000521549,0.14366567610816472,0,70,255.0,255.0,255.0
687,34.35,-10.15607395906592,-0.2549868870799653,-40.188541620803,-0.08107099906948662,0.08355619727526861,-1.0412260438375451,0.012809194235458675,-0.012109583503587889,0.14407849932628772,0,70,255.0,255.0,255.0
688,34.4,-10.160111849175074,-0.2508245960362079,-40.240422652861035,-0.0804516382661723,0.08292780766251258,-1.0340117982907782,0.011965237897115346,-0.013026001006654228,0.14449132254441074,0,70,255.0,255.0,255.0
689,34.45,-10.164119826189486,-0.2466948699949665,-40.29194245661272,-0.07987447527977508,0.08225359717460315,-1.0267769115831038,0.011121281558771897,-0.013942418509720696,0.1449041457625338,0,70,255.0,255.0,255.0
690,34.5,-10.1681,-0.2426,-40.3431,-0.0793395101102951,0.08153356581154052,-1.0195213837145245,0.010277325220428568,-0.014858836012787147,0.14531696898065327,0,70,255.0,255.0,255.0
691,34.550000000000004,-10.172054019160074,-0.23854124767705853,-40.39389410944932,-0.07881906251434415,0.08082947865370806,-1.0122367237544594,0.010540578617607821,-0.013304650300508869,0.1460694294219242,0,70,255.0,255.0,255.0
692,34.6,-10.175981686873603,-0.23451575697986887,-40.44432304532508,-0.0782854522485343,0.0802031007814896,-1.0049144407723318,0.010803832014787037,-0.011750464588230813,0.14682188986319497,0,70,255.0,255.0,255.0
693,34.65,-10.179882345007098,-0.23051964244414977,-40.49438492647617,-0.0777386793128655,0.07965443219488505,-0.9975545347681408,0.011067085411966252,-0.010196278875952758,0.14757435030446578,0,70,255.0,255.0,255.0
694,34.7,-10.18375533542706,-0.22654901860562002,-40.54407787175153,-0.07717874370733765,0.07918347289389432,-0.990157005741885,0.011330338809145505,-0.00864209316367448,0.14832681074573667,0,70,255.0,255.0,255.0
695,34.75,-10.1876,-0.2226,-40.5934,-0.07660564543195093,0.07879022287851756,-0.982721853693567,0.011593592206324721,-0.007087907451396536,0.1490792711870048,0,70,255.0,255.0,255.0
696,34.800000000000004,-10.191415877388526,-0.21866995720928223,-40.64234956970611,-0.0760311922528957,0.07839931937229654,-0.9752574567587929,0.011384534955882946,-0.008548232797443003,0.14949660620393018,0,70,255.0,255.0,255.0
697,34.85,-10.195203293439665,-0.2147612850005586,-40.6909253978967,-0.07546719193636263,0.07793539959877326,-0.9677721930731737,0.0111754777054412,-0.010008558143489263,0.1499139412208555,0,70,255.0,255.0,255.0
698,34.9,-10.19896277079654,-0.21087763418719369,-40.73912644123425,-0.07491364448235163,0.07739846355794766,-0.9602660626367083,0.010966420454999454,-0.011468883489535522,0.1503312762377808,0,70,255.0,255.0,255.0
699,34.95,-10.202694832102274,-0.20702265558255212,-40.78695165638119,-0.07437054989086266,0.07678851124981967,-0.9527390654493955,0.010757363204557679,-0.01292920883558199,0.15074861125470618,0,70,255.0,255.0,255.0
700,35.0,-10.2064,-0.2032,-40.8344,-0.07383790816189585,0.07610554267438945,-0.9451912015112376,0.010548305954116377,-0.014389534181628583,0.15116594627163238,0,70,255.0,255.0,255.0
701,35.050000000000004,-10.210078471285817,-0.1994125234858106,-40.88147001172627,-0.07329616847407444,0.07539724385710567,-0.9375974492103798,0.011121281558738065,-0.013942418509720628,0.15258414576265245,0,70,255.0,255.0,255.0
702,35.1,-10.213729139367738,-0.19565990301789604,-40.92815856308813,-0.07272578000602203,0.07471130082341737,-0.9299327869349722,0.011694257163359673,-0.013495302837812738,0.1540023452536723,0,70,255.0,255.0,255.0
703,35.15,-10.21735057180675,-0.191941020807076,-40.97446210858686,-0.07212674275773855,0.07404771357332444,-0.9221972146850135,0.012267232767981279,-0.013048187165904846,0.15542054474469214,0,70,255.0,255.0,255.0
704,35.2,-10.22094133616384,-0.18825475906417027,-41.02037710272373,-0.0714990567292239,0.07340648210682686,-0.9143907324605026,0.012840208372602968,-0.012601071493996892,0.1568387442357122,0,70,255.0,255.0,255.0
705,35.25,-10.2245,-0.1846,-41.0659,-0.07084272192047822,0.07278760642392475,-0.906513340261442,0.01341318397722513,-0.012153955822089002,0.15825694372673205,0,70,255.0,255.0,255.0
706,35.300000000000004,-10.228025437468208,-0.18097594884747337,-41.11102798338882,-0.0701761338508173,0.0721717051992806,-0.898608746399632,0.01325033880920928,-0.012482093163674752,0.15792681074564424,0,70,255.0,255.0,255.0
707,35.35,-10.231517749089388,-0.17738310292785647,-41.15576114975079,-0.06951768803955727,0.07153939710755726,-0.8907206591868774,0.013087493641193455,-0.012810230505260454,0.1575966777645565,0,70,255.0,255.0,255.0
708,35.4,-10.23497734197647,-0.1738222825845027,-41.20010032441832,-0.06886738448669803,0.07089068214875463,-0.8828490786231772,0.01292464847317763,-0.013138367846846157,0.15726654478346874,0,70,255.0,255.0,255.0
709,35.45,-10.238404623242367,-0.17029430816076557,-41.24404633272392,-0.06822522319223949,0.07022556032287261,-0.8749940047085303,0.01276180330516178,-0.013466505188431906,0.15693641180238094,0,70,255.0,255.0,255.0
710,35.5,-10.2418,-0.1668,-41.2876,-0.06759120415618183,0.06954403162991142,-0.8671554374429389,0.012598958137145955,-0.013794642530018275,0.15660627882129496,0,70,255.0,255.0,255.0
711,35.550000000000004,-10.24516377884136,-0.16333968112429398,-41.330761254718446,-0.06695929612264016,0.06887593534577136,-0.8592795651910421,0.012677363204519183,-0.012929208835581766,0.15842861125455251,0,70,255.0,255.0,255.0
712,35.6,-10.248495864274707,-0.15991168527067742,-41.373526437908744,-0.0663234678357299,0.06825111074635322,-0.8513125763174834,0.0127557682718924,-0.01206377514114538,0.16025094368780982,0,70,255.0,255.0,255.0
713,35.65,-10.251796060287376,-0.15651384885491368,-41.41589099373983,-0.06568371929545097,0.0676695578316569,-0.843254470822262,0.012834173339265618,-0.011198341446708995,0.16207327612106712,0,70,255.0,255.0,255.0
714,35.7,-10.255064170866698,-0.15314400829276625,-41.457850366380605,-0.06504005050180332,0.06713127660168232,-0.8351052487053764,0.012912578406638847,-0.010332907752272486,0.16389560855432467,0,70,255.0,255.0,255.0
715,35.75,-10.2583,-0.1498,-41.4994,-0.06439246145478708,0.06663626705642962,-0.8268649099668294,0.012990983474012063,-0.009467474057836323,0.1657179409875793,0,70,255.0,255.0,255.0
716,35.800000000000004,-10.261503447166357,-0.1464805266553489,-41.54053659773742,-0.06374668165862164,0.06613255341763374,-0.8186089928362434,0.012840208372603211,-0.010681071493997189,0.16451874423582966,0,70,255.0,255.0,255.0
717,35.85,-10.26467479381178,-0.14318775598943334,-41.58126189861426,-0.06310844061752674,0.06556815990702991,-0.8104130355432462,0.01268943327119438,-0.011894668930157882,0.16331954748408017,0,70,255.0,255.0,255.0
718,35.9,-10.267814416874026,-0.1399247219958431,-41.62157890062237,-0.062477738331502275,0.06494308652461801,-0.8022770380878363,0.012538658169785548,-0.013108266366318577,0.16212035073233066,0,70,255.0,255.0,255.0
719,35.95,-10.270922693290848,-0.13669445866816823,-41.66149060175367,-0.06185457480054817,0.06425733327039801,-0.794201000470013,0.012387883068376696,-0.014321863802479441,0.16092115398058102,0,70,255.0,255.0,255.0
720,36.0,-10.274,-0.1335,-41.701,-0.06123895002466458,0.06351090014437007,-0.7861849226897781,0.012237107966968253,-0.015535461238640469,0.15972195722883065,0,70,255.0,255.0,255.0
721,36.050000000000004,-10.277046432493217,-0.1303438122543086,-41.74010835433189,-0.06061397724286127,0.06273785098369318,-0.7781244634639958,0.012761803305161957,-0.015386505188432285,0.16269641180243744,0,70,255.0,255.0,255.0
722,36.1,-10.28006096047817,-0.12722609077158875,-41.77880996763426,-0.05996276969414837,0.06197224962552682,-0.7699152815095341,0.013286498643355587,-0.015237549138224123,0.16567086637604378,0,70,255.0,255.0,255.0
723,36.15,-10.283042272216516,-0.12414646316171445,-41.81709740377069,-0.05928532737852579,0.061214096069870855,-0.7615573768263924,0.013811193981549215,-0.01508859308801596,0.16864532094965012,0,70,255.0,255.0,255.0
724,36.2,-10.285989055969909,-0.12110455703455975,-41.85496322660475,-0.05858165029599343,0.0604633903167252,-0.753050749414569,0.014335889319742919,-0.014939637037807776,0.1716197755232569,0,70,255.0,255.0,255.0
725,36.25,-10.2889,-0.1181,-41.8924,-0.05785173844655148,0.059720132366090056,-0.7443953992740664,0.014860584657937104,-0.014790680987599614,0.17459423009686326,0,70,255.0,255.0,255.0
726,36.300000000000004,-10.291774022860778,-0.11513222432741502,-41.92940198493507,-0.05710940936993713,0.05899604264759321,-0.7356931533077848,0.014832578406634508,-0.014172907752272082,0.17349560855436888,0,70,255.0,255.0,255.0
727,36.35,-10.294610964275536,-0.11219988092421115,-41.96597023084873,-0.05636848060588801,0.058302841590862825,-0.7270458384186292,0.014804572155331918,-0.013555134516944638,0.17239698701187467,0,70,255.0,255.0,255.0
728,36.4,-10.297410894259908,-0.10930142535729961,-42.002107484294875,-0.05562895215440402,0.057640529195898814,-0.7184534546065984,0.014776565904029327,-0.012937361281617194,0.1712983654693805,0,70,255.0,255.0,255.0
729,36.45,-10.30017388282952,-0.10643531319359176,-42.03781649182735,-0.054890824015485055,0.05700910546270109,-0.709916001871691,0.014748559652726732,-0.012319588046289662,0.1701997439268861,0,70,255.0,255.0,255.0
730,36.5,-10.3029,-0.1036,-42.0731,-0.05415409618913132,0.05640857039126983,-0.7014334802139095,0.014720553401424086,-0.011701814810962552,0.1691011223843919,0,70,255.0,255.0,255.0
731,36.550000000000004,-10.305589476063675,-0.10079449043602977,-42.10795970592789,-0.05342838527738635,0.05580597842593371,-0.6929429233047868,0.014307883068372216,-0.012401863802480177,0.17052115398048973,0,70,255.0,255.0,255.0
732,36.6,-10.308243182419684,-0.09801998553156614,-42.142393108970815,-0.052723307882294075,0.055168384011021795,-0.6843813648158603,0.013895212735320406,-0.013101912793997703,0.17194118557658736,0,70,255.0,255.0,255.0
733,36.65,-10.310862150743851,-0.0952782354090875,-42.1763966590498,-0.052038864003854386,0.05449578714653401,-0.675748804747129,0.013482542402268594,-0.013801961785515229,0.17336121717268502,0,70,255.0,255.0,255.0
734,36.7,-10.313447412712012,-0.09257099019107227,-42.209966806085866,-0.0513750536420672,0.05378818783247025,-0.6670452430985916,0.013069872069216724,-0.014502010777032854,0.17478124876878284,0,70,255.0,255.0,255.0
735,36.75,-10.316,-0.0899,-42.2431,-0.050731876796932696,0.053045586068830704,-0.6582706798702506,0.012657201736164803,-0.015202059768550324,0.1762012803648796,0,70,255.0,255.0,255.0
736,36.800000000000004,-10.318520872884518,-0.08726661392846444,-42.27579279135341,-0.05010504952053483,0.05229204364867169,-0.6494311534730485,0.012415889319747532,-0.014939637037807641,0.17737977552317538,0,70,255.0,255.0,255.0
737,36.85,-10.321010706045735,-0.0846705769495238,-42.308042133268,-0.04949028786495792,0.05155162236504992,-0.6405327023179328,0.012174576903330295,-0.014677214307064992,0.178558270681471,0,70,255.0,255.0,255.0
738,36.9,-10.323470102764693,-0.08211123300635079,-42.3398450795059,-0.048887591830201874,0.05082432221796527,-0.6315753264049023,0.011933264486913061,-0.014414791576322347,0.1797367658397666,0,70,255.0,255.0,255.0
739,36.95,-10.325899666322437,-0.07958792604211824,-42.3711986838292,-0.048296961416266604,0.05011014320741766,-0.6225590257339558,0.01169195207049579,-0.014152368845579662,0.1809152609980624,0,70,255.0,255.0,255.0
740,37.0,-10.3283,-0.0771,-42.4021,-0.04771839662315227,0.049409085333407286,-0.6134838003050959,0.01145063965407872,-0.013889946114837237,0.18209375615636159,0,70,255.0,255.0,255.0
741,37.050000000000004,-10.330671032398257,-0.07464705385011108,-42.43254672865849,-0.047111416640481116,0.048705846979379054,-0.6043884628030112,0.012828559652765498,-0.014239588046289749,0.1817197439269973,0,70,255.0,255.0,255.0
742,37.1,-10.333009993397381,-0.07222970667033823,-42.46253915795716,-0.04643554065787571,0.047985126528778295,-0.5953118259123958,0.01420647965145208,-0.014589229977742212,0.1813457316976331,0,70,255.0,255.0,255.0
743,37.15,-10.335313438197378,-0.06984883256550974,-42.49207822292658,-0.04569076867533598,0.04724692398160491,-0.5862538896332489,0.015584399650138664,-0.014938871909194674,0.18097171946826887,0,70,255.0,255.0,255.0
744,37.2,-10.337577921998252,-0.06750530564045389,-42.52116485859734,-0.04487710069286181,0.0464912393378588,-0.5772146539655687,0.01696231964882544,-0.015288513840647187,0.18059770723890461,0,70,255.0,255.0,255.0
745,37.25,-10.3398,-0.0652,-42.5498,-0.04399453671045342,0.045718072597540176,-0.5681941189093581,0.018340239647512302,-0.01563815577209965,0.18022369500954039,0,70,255.0,255.0,255.0
746,37.300000000000004,-10.341977397522454,-0.06293397067108998,-42.57798349401264,-0.0431132839175362,0.044916568433811796,-0.5591269953149032,0.01690987206917357,-0.016422010777032904,0.18246124876862702,0,70,255.0,255.0,255.0
747,37.35,-10.344112520364735,-0.06070899636912286,-42.605710834903356,-0.04230354950353603,0.04407587151983687,-0.5499479940324952,0.015479504490835043,-0.017205865781966045,0.18469880252771337,0,70,255.0,255.0,255.0
748,37.4,-10.34620894444579,-0.05852703673161065,-42.63297642878776,-0.04156533346845278,0.04319598185561528,-0.5406571150621329,0.014049136912496514,-0.01798972078689919,0.18693635628679967,0,70,255.0,255.0,255.0
749,37.45,-10.348270245684562,-0.056390051396065385,-42.65977468178144,-0.040898635812286366,0.04227689944114692,-0.5312543584038149,0.012618769334157783,-0.01877357579183244,0.18917391004588632,0,70,255.0,255.0,255.0
750,37.5,-10.3503,-0.0543,-42.6861,-0.04030345653503697,0.04131862427643203,-0.521739724057544,0.011188401755819422,-0.019557430796765307,0.19141146380497176,0,70,255.0,255.0,255.0
751,37.550000000000004,-10.352300977511927,-0.052257863465527854,-42.71194809529096,-0.03973144768937818,0.04037987928537333,-0.5121915559374627,0.01169195207053003,-0.017992368845579663,0.1905152609982456,0,70,255.0,255.0,255.0
752,37.6,-10.354272725143678,-0.050260707853169946,-42.73731990242942,-0.039134261327983956,0.03951938739187402,-0.5026881979577191,0.012195502385240567,-0.016427306894394245,0.18961905819151956,0,70,255.0,255.0,255.0
753,37.65,-10.356213984019464,-0.04830462050804803,-42.762217661922406,-0.03851189745085419,0.038737148595933996,-0.4932296501183119,0.012699052699951105,-0.014862244943208824,0.18872285538479353,0,70,255.0,255.0,255.0
754,37.7,-10.358123495263499,-0.046385688775283845,-42.78664361427692,-0.03786435605798882,0.03803316289755313,-0.48381591241923955,0.013202603014661713,-0.013297182992023182,0.18782665257806735,0,70,255.0,255.0,255.0
755,37.75,-10.36,-0.0445,-42.8106,-0.037191637149388015,0.037407430296731645,-0.47444698486050485,0.013706153329371973,-0.011732121040837984,0.186930449771344,0,70,255.0,255.0,255.0
756,37.800000000000004,-10.36184269242984,-0.04264497546679757,-42.83408732482354,-0.03652092532493366,0.03677991442469446,-0.4650187809352467,0.013122319648800191,-0.013368513840647262,0.190197707238952,0,70,255.0,255.0,255.0
757,37.85,-10.36365257906056,-0.040823372218197006,-42.85709915537897,-0.035879405184507975,0.036070578912666906,-0.4554272141366094,0.01253848596822849,-0.015004906640456308,0.19346496470655952,0,70,255.0,255.0,255.0
758,37.9,-10.36543111947636,-0.039039281236197584,-42.87962732352264,-0.03526707672811088,0.035279423760648916,-0.4456722844645918,0.011954652287656792,-0.016641299440265354,0.19673222217416705,0,70,255.0,255.0,255.0
759,37.95,-10.367179773261439,-0.037296793502798575,-42.901663661110874,-0.03468393995574228,0.03440644896864034,-0.4357539919191924,0.011370818607085009,-0.018277692240074632,0.19999947964177506,0,70,255.0,255.0,255.0
760,38.0,-10.3689,-0.0356,-42.9232,-0.034129994867402355,0.03345165453664143,-0.425672336500414,0.010786984926513532,-0.019914085039883844,0.2032667371093857,0,70,255.0,255.0,255.0
761,38.050000000000004,-10.37059065276871,-0.03395183466728095,-42.94423140541491,-0.03344885101088572,0.03248446301584844,-0.4156213203215336,0.016458769334149644,-0.018773575791832278,0.1987739100457953,0,70,255.0,255.0,255.0
762,38.1,-10.372240158614082,-0.032350603274041725,-42.964765876054706,-0.03248411793398741,0.03157429695745817,-0.4057949454958341,0.02213055374178495,-0.017633066543780874,0.19428108298220556,0,70,255.0,255.0,255.0
763,38.15,-10.3738343380751,-0.03079345454716194,-42.98481464398705,-0.031235795636707347,0.030721156361470457,-0.39619321202331415,0.027802338149420253,-0.01649255729572947,0.18978825591861584,0,70,255.0,255.0,255.0
764,38.2,-10.375359011690746,-0.029277537213521266,-43.0043889412796,-0.029703884119045305,0.029925041227885203,-0.3868161199039723,0.03347412255705637,-0.015352048047677903,0.18529542885502545,0,70,255.0,255.0,255.0
765,38.25,-10.3768,-0.0278,-43.0235,-0.0278883833810017,0.029185951556702634,-0.3776636691378113,0.03914590696469175,-0.014211538799626638,0.1808026017914366,0,70,255.0,255.0,255.0
766,38.300000000000004,-10.378156296495323,-0.026358885864077777,-43.042151053516825,-0.026579670631517813,0.02845023351191132,-0.3682559377785733,0.013202603014659302,-0.01521718299202344,0.19550665257805155,0,70,255.0,255.0,255.0
767,38.35,-10.379479586483109,-0.02495581468563582,-43.060313340402196,-0.026568123079535568,0.027664233257500274,-0.35811300388000594,-0.012740700935369463,-0.0162228271844201,0.21021070336466446,0,70,255.0,255.0,255.0
768,38.400000000000006,-10.380834728223235,-0.023593300575154717,-43.077950100529165,-0.027853740725054962,0.02682795079346928,-0.3472348674421064,-0.03868400488540191,-0.0172284713768169,0.22491475415127943,0,70,255.0,255.0,255.0
769,38.45,-10.382286579975574,-0.022273857643115843,-43.09502457377076,-0.03043652356807563,0.02594138611981857,-0.3356215284648778,-0.06462730883543068,-0.018234115569213557,0.2396188049378923,0,70,255.0,255.0,255.0
770,38.5,-10.3839,-0.021,-43.1115,-0.034316471608597666,0.025004539236548027,-0.3232729869483185,-0.09057061278545947,-0.01923975976161016,0.2543228557245074,0,70,255.0,255.0,255.0
771,38.550000000000004,-10.385736161249998,-0.019772621876407204,-43.127343580517795,-0.03927246646305737,0.024114602936505837,-0.31042692856416204,-0.10766918139291176,-0.01635769224007432,0.25951947964170674,0,70,255.0,255.0,255.0
772,38.6,-10.387841495453479,-0.018586137983414765,-43.14253836233649,-0.04508338974788887,0.023368770012540552,-0.2973210389841475,-0.12476775000036161,-0.013475624718538894,0.26471610355890535,0,70,255.0,255.0,255.0
773,38.650000000000006,-10.390258749031961,-0.017433343152218506,-43.15707135389628,-0.05174924146309383,0.02276704046465195,-0.28395531820827113,-0.1418663186078139,-0.010593557197003056,0.26991272747610473,0,70,255.0,255.0,255.0
774,38.7,-10.393030668406961,-0.01630703221401492,-43.17092956363738,-0.05927002160867034,0.02230941429284021,-0.27032976623653665,-0.15896488721526375,-0.007711489675467628,0.27510935139330334,0,70,255.0,255.0,255.0
775,38.75,-10.3962,-0.0152,-43.1841,-0.06764573018461931,0.021995891497105232,-0.2564443830689423,-0.1760634558227141,-0.0048294221539322,0.2803059753105024,0,70,255.0,255.0,255.0
776,38.800000000000004,-10.399770258504685,-0.01410742663029279,-43.196584224412,-0.0745224635162603,0.021683354742064946,-0.2431723479648,-0.0990058774429016,-0.007672048047678241,0.2505754288551437,0,70,255.0,255.0,255.0
777,38.85,-10.403588031702975,-0.013034033380704926,-43.208442010251865,-0.07754631792891015,0.021228686692337417,-0.23138684018342737,-0.02194829906310003,-0.010514673941423879,0.22084488239978922,0,70,255.0,255.0,255.0
778,38.900000000000006,-10.407460675648927,-0.011986926815970474,-43.21974768388572,-0.07671729342256978,0.020631887347922522,-0.22108785972482098,0.05510927931671247,-0.013357299835169917,0.19111433594443056,0,70,255.0,255.0,255.0
779,38.95,-10.411195546396584,-0.010973213500824096,-43.23057557167972,-0.07203538999723937,0.019892956708820426,-0.2122754065889838,0.13216685769651404,-0.016199925728915557,0.16138378948907606,0,70,255.0,255.0,255.0
780,39.0,-10.4146,-0.01,-43.241,-0.06350060765291912,0.019011894775031058,-0.20494948077591427,0.2092244360763157,-0.019042551622661358,0.13165324303372272,0,70,255.0,255.0,255.0
781,39.050000000000004,-10.417490804731264,-0.009072871602421095,-43.25109312183422,-0.05167767947189621,0.018079978095234105,-0.1989796795766242,0.26369269116456073,-0.018234115569213543,0.10713880493785846,0,70,255.0,255.0,255.0
782,39.1,-10.419722377734617,-0.00819132849376535,-43.26091839665607,-0.03713133853646306,0.017188483218109674,-0.19423560028212808,0.318160946252798,-0.01742567951576584,0.08262436684199767,0,70,255.0,255.0,255.0
783,39.150000000000006,-10.421158548372338,-0.007353349583898902,-43.27053711056084,-0.019861584846615567,0.016337410143657503,-0.19071724289242453,0.37262920134104305,-0.016617243462318024,0.058109928746133396,0,70,255.0,255.0,255.0
784,39.2,-10.421663146006704,-0.006556913782688365,-43.28001054964373,0.00013158159764138644,0.01552675887187784,-0.1884246074075145,0.4270974564292803,-0.01580880740887032,0.03359549065027262,0,70,255.0,255.0,255.0
785,39.25,-10.4211,-0.0058,-43.2894,0.022848160796310035,0.014756529402770563,-0.18735769382739745,0.4815657115175175,-0.015000371355422606,0.009081052554412716,0,70,255.0,255.0,255.0
786,39.300000000000004,-10.41933052257026,-0.005081886960022376,-43.298765688251166,0.048433181403867945,0.01394873287699823,-0.1874529337287049,0.5418351127847117,-0.017311489675467952,-0.012890648606709174,0,70,255.0,255.0,255.0
787,39.35,-10.416206457358557,-0.004407052644233521,-43.30816360312383,0.07703167207478155,0.01302538043522376,-0.18864675868806824,0.6021045140518975,-0.019622607995512964,-0.03486234976782794,0,70,255.0,255.0,255.0
788,39.400000000000006,-10.411577130861724,-0.003781274848433359,-43.317648673870934,0.10864363280905899,0.011986472077446889,-0.19093916870548786,0.6623739153190918,-0.02193372631555831,-0.05683405092894983,0,70,255.0,255.0,255.0
789,39.45,-10.405291869576594,-0.0032103313684221793,-43.32727582974535,0.14326906360669125,0.010832007803667913,-0.19433016378096313,0.7226433165862776,-0.024244844635603325,-0.0788057520900686,0,70,255.0,255.0,255.0
790,39.5,-10.3972,-0.0027,-43.3371,0.18090796446768265,0.009561987613886696,-0.19881974391449425,0.7829127178534643,-0.02655596295564832,-0.1007774532511867,0,70,255.0,255.0,255.0
791,39.550000000000004,-10.387150304987696,-0.002254780557489052,-43.34718012516115,0.22159295385643588,0.008253090396772491,-0.20464858550854576,0.8444868576965263,-0.0257999257289154,-0.1323762105108537,0,70,255.0,255.0,255.0
792,39.6,-10.374989392831154,-0.0018740609293004527,-43.357591190848574,0.26535665023733607,0.006981995040995114,-0.2120573649655796,0.9060609975395797,-0.02504388850218259,-0.16397496777051615,0,70,255.0,255.0,255.0
793,39.650000000000006,-10.360563328180758,-0.001555951022367262,-43.36841219395542,0.31219905361039557,0.005748701546554201,-0.22104608228559783,0.9676351373826418,-0.024287851275449676,-0.1955737250301831,0,70,255.0,255.0,255.0
794,39.7,-10.343718175686911,-0.0012985607436227383,-43.37972213137484,0.3621201639756012,0.004553209913450106,-0.23161473746859795,1.029209277225695,-0.023531814048716865,-0.2271724822898456,0,70,255.0,255.0,255.0
795,39.75,-10.3243,-0.0011,-43.3916,0.4151199813329593,0.0033955201416826495,-0.2437633305145811,1.090783417068748,-0.022775776821984048,-0.25877123954950676,0,70,255.0,255.0,255.0
796,39.800000000000004,-10.302179457478946,-0.000957390810021207,-43.40411941110425,0.469723003170415,0.002334905535911206,-0.25716872423706544,1.0933374564292928,-0.01964880740887007,-0.27744450934982046,0,70,255.0,255.0,255.0
797,39.85,-10.277325571316823,-0.0008639036385646076,-43.41733243348187,0.5244537269758902,0.0014306394007955923,-0.27150778144956345,1.0958914957898374,-0.016521837995756537,-0.29611777915013154,0,70,255.0,255.0,255.0
798,39.900000000000006,-10.249731956415223,-0.0008117210620973901,-43.431285750307374,0.5793121527494003,0.0006827217363355511,-0.2867805021520791,1.0984455351503823,-0.013394868582642558,-0.31479104895044524,0,70,255.0,255.0,255.0
799,39.95,-10.21939222767575,-0.0007930256570867853,-43.44602604475524,0.63429828049093,9.115254253129522e-05,-0.30298688634460824,1.1009995745109267,-0.010267899169529023,-0.33346431875075633,0,70,255.0,255.0,255.0
800,40.0,-10.1863,-0.0008,-43.4616,0.6894121102004866,-0.0003440681806172928,-0.32012693402715287,1.1035536138714708,-0.007140929756415493,-0.35213758855106736,0,70,255.0,255.0,255.0
801,40.050000000000004,-10.150452665096502,-0.0008260562024260486,-43.478047030421855,0.7444270334619344,-0.0006967125404177897,-0.3377645175431855,1.0970433165862543,-0.006964844635603177,-0.3533657520901778,0,70,255.0,255.0,255.0
802,40.1,-10.111862721901543,-0.0008695245164411006,-43.49537747522393,0.7991164418591137,-0.0010405526441776218,-0.35546350923617115,1.0905330193010387,-0.006788759514790886,-0.354593915629288,0,70,255.0,255.0,255.0
803,40.150000000000006,-10.070546446158327,-0.0009299647292431377,-43.51359440481509,0.8534803353920398,-0.0013755884918968866,-0.3732239091061148,1.0840227220158223,-0.006612674393978571,-0.3558220791683984,0,70,255.0,255.0,255.0
804,40.2,-10.026520113610074,-0.001006936628030112,-43.532700889604165,0.9075187140606975,-0.0017018200835754893,-0.3910457171530115,1.0775124247306067,-0.006436589273166281,-0.3570502427075086,0,70,255.0,255.0,255.0
805,40.25,-9.9798,-0.0011,-43.5527,0.9612315778650945,-0.0020192474192134782,-0.40892893337686365,1.0710021274453903,-0.00626050415235397,-0.3582784062466171,0,70,255.0,255.0,255.0
806,40.300000000000004,-9.930401082135024,-0.001208784380274611,-43.57359566720834,1.0146968629818753,-0.0023320553742402763,-0.4269252055902723,1.0676092772256693,-0.0062518140487168895,-0.36157248228966604,0,70,255.0,255.0,255.0
807,40.35,-9.878333141076993,-0.001333198295670998,-43.5953952656224,1.067992505587663,-0.0026444288240851763,-0.44508618160583074,1.0642164270059489,-0.00624312394507981,-0.36486655833271453,0,70,255.0,255.0,255.0
808,40.400000000000006,-9.82360465895144,-0.001473220020930104,-43.61810703043229,1.121118505682472,-0.0029563677687482665,-0.4634118614235443,1.060823576786228,-0.00623443384144273,-0.36816063437576346,0,70,255.0,255.0,255.0
809,40.45,-9.766224117883928,-0.0016288278307927957,-43.64173919682813,1.1740748632662874,-0.003267872208229458,-0.48190224504340756,1.0574307265665077,-0.006225743737805651,-0.3714547104188119,0,70,255.0,255.0,255.0
810,40.5,-9.7062,-0.0018,-43.6663,1.2268615783391166,-0.003578942142528796,-0.5005573324654233,1.0540378763467864,-0.006217053634168586,-0.37474878646186127,0,70,255.0,255.0,255.0
811,40.550000000000004,-9.643541406363372,-0.001986006276475567,-43.69179830074481,1.279441514610565,-0.00384706596262126,-0.5194146600957411,1.0491595745109787,-0.004507899169529069,-0.37954431875078537,0,70,255.0,255.0,255.0
812,40.6,-9.578259913790472,-0.0021832823008749304,-43.71824546228648,1.331777535790216,-0.004029732059481721,-0.5385117643405024,1.0442812726751718,-0.002798744704889794,-0.3843398510397088,0,70,255.0,255.0,255.0
813,40.650000000000006,-9.510367718035877,-0.0023875551870365464,-43.74565347345576,1.3838696418780838,-0.004126940433110232,-0.5578486451997126,1.039402970839364,-0.0010895902402502768,-0.38913538332863296,0,70,255.0,255.0,255.0
814,40.7,-9.439877014854192,-0.0025945520487987593,-43.77403432308336,1.435717832874154,-0.004138691083506763,-0.5774253026733661,1.034524669003557,0.0006195642243889982,-0.3939309156175564,0,70,255.0,255.0,255.0
815,40.75,-9.3668,-0.0028,-43.8034,1.4873221087784336,-0.004064984010671335,-0.597241736761466,1.0296463671677465,0.0023287186890282793,-0.39872644790647804,0,70,255.0,255.0,255.0
816,40.800000000000004,-9.29114849241146,-0.0030007905138232124,-43.833761529812456,1.5387050785758973,-0.00397568077527478,-0.6172401540268164,1.0256724247306241,0.0012434107268336275,-0.40121024270747246,0,70,255.0,255.0,255.0
817,40.85,-9.212932803761104,-0.003198472500829313,-43.86512608523169,1.5898893512514976,-0.003940642937987963,-0.6373627610322138,1.0216984822935025,0.0001581027646391296,-0.40369403750846655,0,70,255.0,255.0,255.0
818,40.900000000000006,-9.132162868905006,-0.0033957592309238438,-43.897499875744685,1.640874926805249,-0.003959870498810874,-0.6576095577776636,1.0177245398563801,-0.0009272051975555222,-0.40617783230946103,0,70,255.0,255.0,255.0
819,40.95,-9.048848622699277,-0.0035953639740122344,-43.93088911083846,1.691661805237137,-0.004033363457743509,-0.6779805442631605,1.0137505974192582,-0.00201251315975002,-0.4086616271104551,0,70,255.0,255.0,255.0
820,41.0,-8.963,-0.0038,-43.9653,1.7422499865471692,-0.004161121814785864,-0.6984757204887069,1.0097766549821348,-0.003097821121944469,-0.411145421911451,0,70,255.0,255.0,255.0
821,41.050000000000004,-8.874623023990745,-0.004011631668231685,-44.000732380005374,1.7928741710858878,-0.004298210936279627,-0.7187127237969636,1.0151907265664342,-0.0023857437378055767,-0.3983347104187494,0,70,255.0,255.0,255.0
822,41.1,-8.783708071165089,-0.004229227695807852,-44.037160596786784,1.843769059203814,-0.0043996961885664305,-0.7383091915305824,1.020604798150733,-0.0016736663536667854,-0.38552399892604966,0,70,255.0,255.0,255.0
823,41.150000000000006,-8.69024160634404,-0.004451007889268219,-44.074552623565516,1.8949346509009626,-0.004465577571646303,-0.757265123689569,1.0260188697350325,-0.0009615889695278931,-0.3727132874333481,0,70,255.0,255.0,255.0
824,41.2,-8.594210094348668,-0.004675192055152372,-44.11287643356283,1.9463709461773189,-0.004495855085519226,-0.7755805202739179,1.0314329413193313,-0.0002495115853891018,-0.35990257594064834,0,70,255.0,255.0,255.0
825,41.25,-8.4956,-0.0049,-44.1521,1.99807794503289,-0.0044905287301852115,-0.7932553812836319,1.0368470129036318,0.0004625657987496895,-0.3470918644479477,0,70,255.0,255.0,255.0
826,41.300000000000004,-8.394402611625507,-0.005124682813250159,-44.192194550166064,2.0497662370805743,-0.004511475479606753,-0.8104849507852756,1.0306846690035643,-0.0013004357756112698,-0.34209091561774274,0,70,255.0,255.0,255.0
827,41.35,-8.290628511578523,-0.005352616715939315,-44.23314432762117,2.101146411933248,-0.004620572307746327,-0.8274644728454067,1.0245223251034976,-0.003063437349971979,-0.3370899667875385,0,70,255.0,255.0,255.0
828,41.400000000000006,-8.184293105718762,-0.005588209212003434,-44.274936829993244,2.1522184695909257,-0.0048178192146039675,-0.84419394746403,1.0183599812034303,-0.004826438924332938,-0.3320890179573336,0,70,255.0,255.0,255.0
829,41.45,-8.075411799906012,-0.005835867805378351,-44.31755955491021,2.2029824100535924,-0.005103216200179616,-0.8606733746411406,1.0121976373033637,-0.006589440498693647,-0.32708806912712934,0,70,255.0,255.0,255.0
830,41.5,-7.964,-0.0061,-44.361,2.253438233321256,-0.005476763264473295,-0.876902754376741,1.006035293403304,-0.00835244207305437,-0.3220871202969233,0,70,255.0,255.0,255.0
831,41.550000000000004,-7.850071329507167,-0.006383237078767798,-44.40524381933038,2.3036928805918255,-0.0058318871452934275,-0.8927714730619256,1.0041505974193006,-0.005852513159749712,-0.31266162711040524,0,70,255.0,255.0,255.0
832,41.6,-7.7336322825208015,-0.006681105440434929,-44.450269292728535,2.353853293063188,-0.006062014580448292,-0.908168917087782,1.0022659014352975,-0.0033525842464454097,-0.3032361339238885,0,70,255.0,255.0,255.0
833,41.650000000000006,-7.614687570780831,-0.006987355262718217,-44.4960528564615,2.403919470735357,-0.006167145569937955,-0.9230950864543148,1.000381205451294,-0.0008526553331407519,-0.2938106407373704,0,70,255.0,255.0,255.0
834,41.7,-7.49324190602725,-0.007295736723334312,-44.54257094679632,2.4538914136083183,-0.0061472801137623856,-0.9375499811615196,0.9984965094672907,0.0016472735801635503,-0.28438514755085365,0,70,255.0,255.0,255.0
835,41.75,-7.3693,-0.0076,-44.5898,2.5037691216820805,-0.006002418211921609,-0.9515336012093986,0.996611813483284,0.004147202493467894,-0.27495965436433867,0,70,255.0,255.0,255.0
836,41.800000000000004,-7.242867270345766,-0.007895968871678795,-44.63771737251242,2.55351024055215,-0.005856975939219633,-0.9651011569670264,0.9930329413193317,0.0016704884146106626,-0.2677425759407281,0,70,255.0,255.0,255.0
837,41.85,-7.113951958338252,-0.008187761522321022,-44.68630410146468,2.6030724158140153,-0.005835369370460523,-0.9783078588034718,0.9894540691553799,-0.0008062256642462169,-0.2605254975171185,0,70,255.0,255.0,255.0
838,41.900000000000006,-6.98256301115783,-0.008481569737123903,-44.735542144160746,2.6524556474676895,-0.0059375985056442735,-0.9911537067187386,0.9858751969914277,-0.003282939743103448,-0.2533084190935079,0,70,255.0,255.0,255.0
839,41.95,-6.848709375984949,-0.0087835853012845,-44.78541345790454,2.7016599355131596,-0.006163663344770855,-1.003638700712823,0.9822963248274759,-0.005759653821960328,-0.2460913406698983,0,70,255.0,255.0,255.0
840,42.0,-6.7124,-0.0091,-44.8359,2.7506852799504315,-0.0065135638878402735,-1.0157628407857269,0.9787174526635241,-0.008236367900817249,-0.23887426224628427,0,70,255.0,255.0,255.0
841,42.050000000000004,-6.573643589109703,-0.00943528743451718,-44.88698349061997,2.7995461571996074,-0.006884209097828072,-1.0275118990700585,0.9757176373033329,-0.006589440498693437,-0.2310880691269411,0,70,255.0,255.0,255.0
842,42.1,-6.4324478841261685,-0.009787048470281045,-44.93864470141274,2.8482570436807664,-0.007172507937709639,-1.0388716476984212,0.9727178219431422,-0.004942513096569859,-0.22330187600759904,0,70,255.0,255.0,255.0
843,42.150000000000006,-6.288820384587756,-0.010151165788786387,-44.99086416689554,2.8968179393939226,-0.007378460407485053,-1.0498420866708187,0.969718006582951,-0.0032955856944460477,-0.2155156828882559,0,70,255.0,255.0,255.0
844,42.2,-6.142768590032906,-0.01052352207152779,-45.04362242158556,2.945228844339063,-0.00750206650715426,-1.0604232159872473,0.9667181912227603,-0.00164865829232247,-0.20772948976891384,0,70,255.0,255.0,255.0
845,42.25,-5.9943,-0.0109,-45.0969,2.9934897585161933,-0.007543326236717291,-1.070615035647709,0.9637183758625625,-1.7308901989060432e-06,-0.19994329664957355,0,70,255.0,255.0,255.0
846,42.300000000000004,-5.843422373215347,-0.011277281390252662,-45.15067746500774,3.0415851306494437,-0.0075501876694681795,-1.0804192467527192,0.9600965094672926,-0.00027272641983660064,-0.1922251475507967,0,70,255.0,255.0,255.0
847,42.35,-5.690144505157048,-0.01165524459655486,-45.20493549288436,3.089499409462924,-0.007570598878700949,-1.089837550402789,0.9564746430720233,-0.0005437219494742568,-0.18450699845202095,0,70,255.0,255.0,255.0
848,42.400000000000006,-5.534475450491047,-0.012034567107730798,-45.2596547882571,3.1372325949566475,-0.007604559864415608,-1.0988699465979215,0.9528527766767535,-0.0008147174791119514,-0.1767888493532441,0,70,255.0,255.0,255.0
849,42.45,-5.376424263883375,-0.012415926412604462,-45.314816055753234,3.184784687130601,-0.007652070626612144,-1.1075164353381137,0.9492309102814841,-0.0010857130087496075,-0.16907070025446833,0,70,255.0,255.0,255.0
850,42.5,-5.216,-0.0128,-45.3704,3.23215568598479,-0.007713131165290562,-1.1157770166233674,0.945609043886197,-0.0013567085383872496,-0.16135255115569258,0,70,255.0,255.0,255.0
851,42.550000000000004,-5.053210918028831,-0.013187587004472368,-45.42638744934908,3.279393320202636,-0.007795040224299257,-1.1236591139190166,0.9438963248274936,-0.0019196538219602498,-0.1539313406702466,0,70,255.0,255.0,255.0
852,42.6,-4.888062095245615,-0.01357997314349958,-45.48275972704983,3.3265453184675406,-0.007905096547486586,-1.1311701506903924,0.9421836057687905,-0.0024825991055331697,-0.14651013018480172,0,70,255.0,255.0,255.0
853,42.650000000000006,-4.720557813447953,-0.013978565780290683,-45.53949828007605,3.3736116807795167,-0.00804330013485258,-1.138310126937497,0.940470886710087,-0.00304554438910617,-0.13908891969935575,0,70,255.0,255.0,255.0
854,42.7,-4.5507023544335405,-0.014384772278054491,-45.59658455540151,3.420592407138551,-0.008209650986397204,-1.1450790426603281,0.9387581676513839,-0.00360848967267909,-0.13166770921391086,0,70,255.0,255.0,255.0
855,42.75,-4.3785,-0.0148,-45.654,3.4674874975446497,-0.00840414910212047,-1.1514768978588872,0.9370454485926523,-0.004171434956251954,-0.1242464987284766,0,70,255.0,255.0,255.0
856,42.800000000000004,-4.203956354669249,-0.015225170591858073,-45.71172553759597,3.5142175885400384,-0.008597651433334847,-1.1574722975713176,0.9321581912227361,-0.0035686582923224867,-0.1155694897687251,0,70,255.0,255.0,255.0
857,42.85,-4.0270823138604666,-0.01565926282944689,-45.76973999891634,3.5607033166669244,-0.008761014931352727,-1.1630338468357597,0.9272709338528208,-0.0029658816283931046,-0.10689248080897482,0,70,255.0,255.0,255.0
858,42.900000000000006,-3.847890095717026,-0.01610076977110675,-45.82802169143874,3.606944681925322,-0.008894239596174159,-1.1681615456522154,0.9223836764829046,-0.002363104964463637,-0.09821547184922332,0,70,255.0,255.0,255.0
859,42.95,-3.6663919183824043,-0.01654818447517771,-45.886548922640756,3.6529416843152167,-0.008997325427799099,-1.1728553940206825,0.9174964191129893,-0.0017603283005342548,-0.08953846288947304,0,70,255.0,255.0,255.0
860,43.0,-3.4826,-0.017,-45.9453,3.6986943238366154,-0.009070272426227573,-1.1771153919411623,0.9126091617431022,-0.001157551636604845,-0.0808614539297281,0,70,255.0,255.0,255.0
861,43.050000000000004,-3.296525263294084,-0.01745493062809557,-46.00425440026712,3.744280325637234,-0.009126354042361439,-1.1810116957957613,0.9108309102814877,-0.0010857130087495804,-0.07499070025420898,0,70,255.0,255.0,255.0
862,43.1,-3.1081734493124897,-0.017912575538712946,-46.06339627728485,3.7897774148647656,-0.009178843727102533,-1.1846144619665835,0.9090526588198734,-0.001013874380894326,-0.06911994657869071,0,70,255.0,255.0,255.0
863,43.150000000000006,-2.9175490036838196,-0.018372755135282623,-46.122710954169044,3.8351855915192226,-0.009227741480450871,-1.18792369045363,0.9072744073582589,-0.0009420357530390613,-0.06324919290317159,0,70,255.0,255.0,255.0
864,43.2,-2.72465637203678,-0.01883528982123483,-46.18218375403549,3.8805048556005923,-0.00927304730240644,-1.1909393812569007,0.9054961558966446,-0.0008701971251838068,-0.05737843922765331,0,70,255.0,255.0,255.0
865,43.25,-2.5295,-0.0193,-46.2418,3.925735207108882,-0.00931476119296925,-1.1936615343763952,0.9037179044350303,-0.0007983584973285662,-0.05150768555213148,0,70,255.0,255.0,255.0
866,43.300000000000004,-2.3320849921543214,-0.019767106895759893,-46.301543261335624,3.9708371089110464,-0.009376932397219446,-1.1959849192455536,0.9003581676513793,-0.0016884896726790926,-0.04142770921419071,0,70,255.0,255.0,255.0
867,43.35,-2.1324190888895433,-0.02023843501570142,-46.36139009194427,4.015771023874021,-0.009483610160237155,-1.1978043052978145,0.8969984308677289,-0.0025786208480294923,-0.031347732876251366,0,70,255.0,255.0,255.0
868,43.400000000000006,-1.9305106895475668,-0.020716209687763082,-46.42131529188513,4.06053695199782,-0.009634794482022405,-1.1991196925331786,0.893638694084078,-0.0034687520233800187,-0.021267756538310596,0,70,255.0,255.0,255.0
869,43.45,-1.7263681934704087,-0.021202656239883128,-46.481293661217315,4.105134893282431,-0.009830485362575156,-1.1999310809516457,0.8902789573004275,-0.0043588831987304184,-0.011187780200371263,0,70,255.0,255.0,255.0
870,43.5,-1.52,-0.0217,-46.5413,4.149564847727858,-0.010070682801895424,-1.2002384705532156,0.8869192205168162,-0.0052490143740807765,-0.001107803862431922,0,70,255.0,255.0,255.0
871,43.550000000000004,-1.3114147680885282,-0.022209441788865105,-46.60131095439042,4.193811238718608,-0.010293916368760815,-1.2001526272220135,0.882936419113005,-0.0036803283005341046,0.004541537110508413,0,70,255.0,255.0,255.0
872,43.6,-1.1006221951293034,-0.02272808439848147,-46.661310554938055,4.2378584896391605,-0.01043871563194885,-1.199784316842165,0.8789536177091946,-0.002111642226987656,0.010190878083447945,0,70,255.0,255.0,255.0
873,43.650000000000006,-0.8876322381257756,-0.023252006113665385,-46.721284678290495,4.281706600489528,-0.010505080591459572,-1.1991335394136688,0.8749708163053834,-0.0005429561534409846,0.015840219056388282,0,70,255.0,255.0,255.0
874,43.7,-0.6724548540815147,-0.023777285219232825,-46.78121920109528,4.3253555712697,-0.01049301124729296,-1.198200294936526,0.870988014901573,0.0010257299201054644,0.021489560029327812,0,70,255.0,255.0,255.0
875,43.75,-0.4551,-0.0243,-46.8411,4.368805401979681,-0.010402507599449032,-1.196984583410736,0.867005213497734,0.0025944159936519134,0.027138901002272675,0,70,255.0,255.0,255.0
876,43.800000000000004,-0.2355767354914588,-0.024817525948779944,-46.90091132110271,4.412109936214544,-0.010311402127737328,-1.1953885718663706,0.8651761558966256,0.001049802874815957,0.03670156077233504,0,70,255.0,255.0,255.0
877,43.85,-0.013890530593207285,-0.025332427390372777,-46.9606308883035,4.455323017569344,-0.010297527311967423,-1.1933144273335026,0.8633470982955174,-0.0004948102440197801,0.04626422054239603,0,70,255.0,255.0,255.0
878,43.900000000000006,0.20995404205081475,-0.02584856585757573,-47.02023479495292,4.4984446460440966,-0.010360883152139316,-1.1907621498121308,0.861518040694409,-0.002039423362855736,0.05582688031245839,0,70,255.0,255.0,255.0
879,43.95,0.4359524097965409,-0.026369802883185748,-47.079699134401565,4.541474821638786,-0.01050146964825299,-1.1877317393022568,0.8596889830933008,-0.0035840364816914737,0.06538954008251939,0,70,255.0,255.0,255.0
880,44.0,0.6641,-0.0269,-47.139,4.584413544353421,-0.010719286800308444,-1.1842231958038796,0.8578599254921642,-0.0051286496005271826,0.07495219985257862,0,70,255.0,255.0,255.0
881,44.050000000000004,0.8943913100544761,-0.02744205441601538,-47.19811496119875,4.62720501642324,-0.010956475120289902,-1.1803250853125726,0.8537989573004434,-0.004358883198730283,0.08097221979968604,0,70,255.0,255.0,255.0
882,44.1,1.1268171175021706,-0.02799500604002751,-47.25702749184797,4.669793440083466,-0.011155175120181483,-1.176125973823911,0.8497379891087233,-0.003589116796933492,0.0869922397467926,0,70,255.0,255.0,255.0
883,44.150000000000006,1.3613672699226698,-0.02855693045603205,-47.31572254189785,4.712178815334113,-0.01131538679998325,-1.1716258613378931,0.8456770209170027,-0.0028193503951365923,0.0930122596939,0,70,255.0,255.0,255.0
884,44.2,1.5980316148954283,-0.02912590324802435,-47.374185061298476,4.754361142175167,-0.011437110159695153,-1.1668247478545208,0.8416160527252825,-0.002049583993339802,0.09903227964100657,0,70,255.0,255.0,255.0
885,44.25,1.8368,-0.0297,-47.4324,4.796340420606637,-0.01152034519931722,-1.1617226333737931,0.8375550845335624,-0.0012798175915430254,0.10505229958812023,0,70,255.0,255.0,255.0
886,44.300000000000004,2.0776626952736725,-0.03027745638715882,-47.49035123410236,4.838141998092519,-0.011574697391103162,-1.1562550868833514,0.8345080149015669,-0.0008942700798944496,0.11364956002952911,0,70,255.0,255.0,255.0
887,44.35,2.3206116605845653,-0.030857148449517292,-47.54801834430464,4.879791222096795,-0.01160977220730667,-1.1503576773708402,0.8314609452695719,-0.0005087225682459286,0.12224682047093675,0,70,255.0,255.0,255.0
888,44.400000000000006,2.565639278258666,-0.03143811231829646,-47.60537983745575,4.921288092619478,-0.011625569647927752,-1.1440304048362575,0.8284138756375764,-0.00012317505659735278,0.13084408091234562,0,70,255.0,255.0,255.0
889,44.45,2.812737930621826,-0.03201938412471704,-47.662414220404564,4.962632609660553,-0.011622089712966409,-1.1372732692796053,0.8253668060055814,0.00026237245505116827,0.13944134135375327,0,70,255.0,255.0,255.0
890,44.5,3.0619,-0.0326,-47.7191,5.003824773220032,-0.011599332402422639,-1.1300862707008827,0.8223197363736148,0.0006479199666996199,0.14803860179516626,0,70,255.0,255.0,255.0
891,44.550000000000004,3.313118708850957,-0.03317932003534964,-47.775415302391856,5.044914991206708,-0.011576735315297435,-1.1224465671539454,0.8212889830932879,0.00025596351830848565,0.15754954008230274,0,70,255.0,255.0,255.0
892,44.6,3.5663906401596104,-0.03375800016190342,-47.83133673093349,5.085953671529362,-0.011573736050591787,-1.1143313166926523,0.8202582298129613,-0.000135992930082593,0.16706047836943788,0,70,255.0,255.0,255.0
893,44.650000000000006,3.8217132170428334,-0.03433702027078249,-47.886840508279214,5.126940814188005,-0.011590334608305696,-1.1057405193170011,0.8192274765326345,-0.0005279493784737272,0.17657141665657436,0,70,255.0,255.0,255.0
894,44.7,4.079083862617352,-0.03491736025310766,-47.941902857083285,5.167876419182626,-0.011626530988439158,-1.0966741750269946,0.8181967232523077,-0.000919905826864806,0.1860823549437095,0,70,255.0,255.0,255.0
895,44.75,4.3385,-0.0355,-47.9965,5.20876048651323,-0.011682325190992172,-1.0871322838226314,0.8171659699719598,-0.001311862275255829,0.19559329323084818,0,70,255.0,255.0,255.0
896,44.800000000000004,4.599956069322629,-0.03608606347144292,-48.05060595633025,5.2494140370806655,-0.011766361347707076,-1.076982644500837,0.80897605272528,-0.00204958399334002,0.21039227964088758,0,70,255.0,255.0,255.0
897,44.85,4.863434578777034,-0.03667725090286913,-48.10418593196141,5.28965809178576,-0.011887283590326172,-1.0660930558585424,0.8007861354786013,-0.0027873057114241057,0.22519126605092488,0,70,255.0,255.0,255.0
898,44.900000000000006,5.128915053570174,-0.03727540659857396,-48.15720292942744,5.329492650628526,-0.012045091918849496,-1.0544635178957442,0.7925962182319215,-0.003525027429508296,0.23999025246096428,0,70,255.0,255.0,255.0
899,44.95,5.396377018908855,-0.03788237486285249,-48.20961995126231,5.368917713608953,-0.012239786333277,-1.0420940306124458,0.7844063009852429,-0.0042627491475923825,0.2547892388710016,0,70,255.0,255.0,255.0
900,45.0,5.6658,-0.0385,-48.2614,5.407933280727046,-0.01247136683360871,-1.0289845940086453,0.7762163837385074,-0.00500047086567644,0.2695882252810442,0,70,255.0,255.0,255.0
901,45.050000000000004,5.93716261385866,-0.03912922607887895,-48.312510472287144,5.446484860470652,-0.012685819293874356,-1.0153988548427684,0.7658468060055844,-0.0035776275449486785,0.2738413413539892,0,70,255.0,255.0,255.0
902,45.1,6.210439844732295,-0.039767396226620184,-48.36293634122089,5.484517961327606,-0.012829129588103592,-1.001600459873246,0.7554772282726628,-0.002154784224221119,0.27809445742693356,0,70,255.0,255.0,255.0
903,45.150000000000006,6.485605768676652,-0.040410953334922055,-48.41266697401107,5.52203258329792,-0.01290129771629646,-0.9875894091000745,0.7451076505397398,-0.0007319409034933578,0.2823475734998785,0,70,255.0,255.0,255.0
904,45.2,6.762634461747318,-0.041056340295482566,-48.4616917378675,5.55902872638158,-0.01290232367845294,-0.9733657025232578,0.7347380728068182,0.0006909024172342022,0.28660068957282286,0,70,255.0,255.0,255.0
905,45.25,7.0415,-0.0417,-48.51,5.595506390578596,-0.012832207474573046,-0.958929340142794,0.7243684950738896,0.0021137457379617475,0.2908538056457681,0,70,255.0,255.0,255.0
906,45.300000000000004,7.32217667524287,-0.0423394322130416,-48.55758015452121,5.631478521036754,-0.012754361476795616,-0.9442219361280555,0.7145167232523013,0.0010000941731351958,0.29744235494372406,0,70,255.0,255.0,255.0
907,45.35,7.604639642293832,-0.04297636419065026,-48.60441670315505,5.666958062903827,-0.012732198057259517,-0.9291851046484212,0.7046649514307145,-0.00011355739169119751,0.30403090424167906,0,70,255.0,255.0,255.0
908,45.400000000000006,7.88886427172341,-0.04361358006173825,-48.65049317452831,5.701945016179826,-0.012765717215964742,-0.9138188457038869,0.6948131796091264,-0.0012272089565177492,0.31061945353963505,0,70,255.0,255.0,255.0
909,45.45,8.17482593410197,-0.04425386395521745,-48.695793097267696,5.7364393808647405,-0.012854918952911286,-0.8981231592944573,0.6849614077875396,-0.0023408605213441425,0.31720800283759004,0,70,255.0,255.0,255.0
910,45.5,8.4625,-0.0449,-48.7403,5.770441156958577,-0.012999803268099143,-0.8820980454201299,0.6751096359659456,-0.003454512086170494,0.32379655213554415,0,70,255.0,255.0,255.0
911,45.550000000000004,8.751861085170002,-0.04555384506895499,-48.78399770962803,5.803905055382358,-0.01314473479894322,-0.8657614006449709,0.6634463009851889,-0.0023427491475921684,0.3296692388707617,0,70,255.0,255.0,255.0
912,45.6,9.042880786092427,-0.04621354701077886,-48.82687124615888,5.836785787057097,-0.01323407818285837,-0.8491311215330533,0.6517829660044339,-0.001230986209014,0.33554192560597845,0,70,255.0,255.0,255.0
913,45.650000000000006,9.335529944429902,-0.046876326418125364,-48.86890592787573,5.869083351982803,-0.013267833419844615,-0.8322072080843725,0.6401196310236771,-0.00011922327043567419,0.34141461234119597,0,70,255.0,255.0,255.0
914,45.7,9.629779401844898,-0.04753940388364786,-48.91008707306171,5.900797750159465,-0.013246000509901946,-0.8149896602989333,0.6284562960429221,0.0009925396681424942,0.3472872990764127,0,70,255.0,255.0,255.0
915,45.75,9.9256,-0.0482,-48.9504,5.93192898158709,-0.01316857945303037,-0.7974784781767332,0.6167929610621599,0.002104302606720676,0.35315998581162944,0,70,255.0,255.0,255.0
916,45.800000000000004,10.222963784077267,-0.04885638751113879,-48.98982980696668,5.962549257433818,-0.013098699327431497,-0.7796604612921144,0.6080180728068534,0.0006909024172339756,0.3595606895730624,0,70,255.0,255.0,255.0
917,45.85,10.52184761333651,-0.04951104776623441,-49.028360712209405,5.992730788867776,-0.013099489211306962,-0.7615224092194266,0.5992431845515481,-0.000722497772252524,0.36596139333449446,0,70,255.0,255.0,255.0
918,45.900000000000006,10.822229550557173,-0.05016751426576074,-49.065976713968816,6.022473575888974,-0.013170949104656762,-0.7430643219586645,0.5904682962962415,-0.002135897961739224,0.37236209709592744,0,70,255.0,255.0,255.0
919,45.95,11.124087658518537,-0.050829320510191345,-49.10266181048548,6.051777618497401,-0.013313079007480876,-0.7242861995098333,0.5816934080409363,-0.003549298151225724,0.3787628008573595,0,70,255.0,255.0,255.0
920,46.0,11.4274,-0.0515,-49.1384,6.080642916693064,-0.013525878919779312,-0.7051880418729306,0.5729185197856026,-0.004962698340712182,0.38516350461879334,0,70,255.0,255.0,255.0
921,46.050000000000004,11.732143778521078,-0.052182204886490176,-49.17317506250528,6.109017914882394,-0.01375646789133074,-0.685756754186522,0.5620814077875271,-0.004260860521344177,0.39208800283748374,0,70,255.0,255.0,255.0
922,46.1,12.038292760561584,-0.052875061924283616,-49.20696990500347,6.136851057471817,-0.013951964971913741,-0.6659792415891818,0.5512442957894532,-0.0035590227019762716,0.3990125010561732,0,70,255.0,255.0,255.0
923,46.150000000000006,12.345819853341604,-0.0535768165188321,-49.23976721624902,6.16414234446134,-0.014112370161528368,-0.6458555040809041,0.5404071837913778,-0.0028571848826082664,0.40593699927486365,0,70,255.0,255.0,255.0
924,46.2,12.65469796408106,-0.054285714075586994,-49.27154968499637,6.1908917758509565,-0.014237683460174575,-0.6253855416616948,0.5295700717933038,-0.002155347063240361,0.41286149749355305,0,70,255.0,255.0,255.0
925,46.25,12.9649,-0.055,-49.3023,6.217099351640667,-0.014327904867852393,-0.6045693543315511,0.5187329597952086,-0.0014535092438724695,0.4197859957122443,0,70,255.0,255.0,255.0
926,46.300000000000004,13.276398701838575,-0.05571799294290085,-49.33200194301221,6.242755083036622,-0.014387429107245647,-0.583472521961834,0.507496296042891,-0.0009274603318574376,0.42408729907637055,0,70,255.0,255.0,255.0
927,46.35,13.58916614441721,-0.05643830453663124,-49.36064366777672,6.267848981244956,-0.014420650901038142,-0.5621606244239135,0.496259632290575,-0.0004014114198424806,0.4283886024404962,0,70,255.0,255.0,255.0
928,46.400000000000006,13.903174236076618,-0.05715961965891133,-49.38821442103513,6.29238104626568,-0.014427570249229891,-0.5406336617177837,0.4850229685382574,0.00012463749217255112,0.4326899058046224,0,70,255.0,255.0,255.0
929,46.45,14.218394885157325,-0.05788062318746091,-49.41470344952902,6.316351278098783,-0.01440818715182089,-0.5188916338434507,0.4737863047859414,0.0006506864041875083,0.43699120916874806,0,70,255.0,255.0,255.0
930,46.5,14.5348,-0.0586,-49.4401,6.339759676744271,-0.014362501608811145,-0.4969345408009113,0.4625496410336112,0.001176735316202368,0.44129251253287505,0,70,255.0,255.0,255.0
931,46.550000000000004,14.852362214124787,-0.05931702334190679,-49.464391565445915,6.362649752971137,-0.014325815679686724,-0.47465715796614916,0.4530534080409501,0.0002907018487743878,0.449802800857536,0,70,255.0,255.0,255.0
932,46.6,15.17105706176963,-0.06003331992919155,-49.48755862388968,6.385065017548367,-0.014333431423933701,-0.4519542607151571,0.44355717504829045,-0.0005953316186534665,0.4583130891821957,0,70,255.0,255.0,255.0
933,46.650000000000006,15.490860802352138,-0.06075110484552304,-49.50957989961049,6.407005470475967,-0.014385348841552077,-0.42882584904792886,0.43406094205562945,-0.0014813650860814468,0.46682337750685665,0,70,255.0,255.0,255.0
934,46.7,15.81174969528974,-0.061472593174569636,-49.530434116887534,6.428471111753931,-0.01448156793254184,-0.4052719229644709,0.4245647090629697,-0.002367398553509301,0.47533366583151637,0,70,255.0,255.0,255.0
935,46.75,16.1337,-0.0622,-49.5501,6.4494619413822605,-0.014622088696902995,-0.38129248246478,0.41506847607027453,-0.0032534320209372525,0.48384395415617387,0,70,255.0,255.0,255.0
936,46.800000000000004,16.456687641662445,-0.06293471368947234,-49.568558195204155,6.469957905078851,-0.014757308174007451,-0.3570028461735374,0.40477007179326757,-0.0021553470632404655,0.48774149749344653,0,70,255.0,255.0,255.0
937,46.85,16.780687208504332,-0.06367481574660268,-49.58579703666457,6.489938948561588,-0.014837623403227052,-0.3325183327154347,0.3944716675162621,-0.0010572621055438347,0.49163904083071863,0,70,255.0,255.0,255.0
938,46.900000000000006,17.10567295451505,-0.06441756095899698,-49.60180678052292,6.509405071830477,-0.014863034384561827,-0.3078389420904648,0.38417326323925516,4.082285215295219e-05,0.4955365841679913,0,70,255.0,255.0,255.0
939,46.95,17.431619133683824,-0.06516020411426081,-49.616577682920834,6.528356274885514,-0.014833541118011764,-0.28296467429863487,0.3738748589622497,0.001138907809849583,0.4994341275052634,0,70,255.0,255.0,255.0
940,47.0,17.7585,-0.0659,-49.6301,6.546792557726699,-0.014749143603576875,-0.25789552933994137,0.3635764546852087,0.0022369927675461865,0.5033316708425359,0,70,255.0,255.0,255.0
941,47.050000000000004,18.086289619225596,-0.06663532190020421,-49.64236205373748,6.564702626713478,-0.014676951624283528,-0.2325154573396597,0.35282630478587346,0.0006506864041874374,0.5118712091686439,0,70,255.0,255.0,255.0
942,47.1,18.414961304213108,-0.06736901708439784,-49.65334442945203,6.582075188205287,-0.01468407496315812,-0.2067084084230763,0.3420761548865397,-0.0009356199591710863,0.5204107474947507,0,70,255.0,255.0,255.0
943,47.150000000000006,18.744488179587886,-0.06810505131848951,-49.66302577829784,6.598910242202133,-0.01477051362020065,-0.18047438259018383,0.33132600498720444,-0.002521926322529835,0.5289502858208588,0,70,255.0,255.0,255.0
944,47.2,19.07484336997508,-0.06884739036838738,-49.67138475142911,6.615207788704009,-0.014936267595411095,-0.15381337984098975,0.3205758550878707,-0.004108232685888359,0.5374898241469656,0,70,255.0,255.0,255.0
945,47.25,19.406,-0.0696,-49.6784,6.630967827710918,-0.015181336888789462,-0.1267254001754903,0.3098257051885085,-0.005694539049246855,0.5460293624730731,0,70,255.0,255.0,255.0
946,47.300000000000004,19.73793148143534,-0.07036559870971121,-49.684051989845955,6.646207588067208,-0.015430885328858385,-0.09931932446786909,0.29976470906303293,-0.004287398553509216,0.5502136658316817,0,70,255.0,255.0,255.0
947,47.35,20.070612374643293,-0.07114191591580608,-49.68832844552732,6.660944298617221,-0.0156100767441404,-0.07170403359232139,0.28970371293755875,-0.0028802580577717775,0.5543979691902897,0,70,255.0,255.0,255.0
948,47.400000000000006,20.404017527133632,-0.0719254337670455,-49.69121890628571,6.675177959360964,-0.015718911134635558,-0.04387952754883931,0.27964271681208314,-0.0014731175620341383,0.5585822725488984,0,70,255.0,255.0,255.0
949,47.45,20.73812178641596,-0.07271263441218986,-49.69271291136275,6.6889085702984294,-0.015757388500343826,-0.015845806337430775,0.269581720686609,-6.597706629669995e-05,0.5627665759075064,0,70,255.0,255.0,255.0
950,47.5,21.0729,-0.0735,-49.6928,6.702136131429623,-0.015725508841265227,0.012397130041908134,0.25952072456112063,0.001341163429440767,0.5669508792661143,0,70,255.0,255.0,255.0
951,47.550000000000004,21.408326855033213,-0.07428468326095136,-49.69146838687872,6.714851021017708,-0.01566350706028297,0.040928755211195766,0.24907485896224896,0.0011389078098493649,0.5743141275052936,0,70,255.0,255.0,255.0
952,47.6,21.744376397213784,-0.07506651925237796,-49.68870098843868,6.727043617325848,-0.015611618060280287,0.06982854279243826,0.23862899336337873,0.0009366521902579915,0.5816773757444719,0,70,255.0,255.0,255.0
953,47.650000000000006,22.08102251187781,-0.07584601361332907,-49.684479396559276,6.738713920354046,-0.015569841841257169,0.09909649278564384,0.22818312776450705,0.0007343965706665893,0.5890406239836512,0,70,255.0,255.0,255.0
954,47.7,22.418239084361197,-0.07662367198285337,-49.678785203119915,6.749861930102299,-0.015538178403213625,0.12873260519080415,0.21773726216563685,0.0005321409510752158,0.5964038722228295,0,70,255.0,255.0,255.0
955,47.75,22.756,-0.0774,-49.6716,6.760487646570608,-0.01551662774614965,0.1587368800079234,0.2072913965667027,0.0003298853314839534,0.6037671204620074,0,70,255.0,255.0,255.0
956,47.800000000000004,23.094278698431985,-0.07817566824648377,-49.662905662639155,6.770564327861971,-0.015515086430009756,0.18909230362314608,0.19577585508779025,-0.00026823268588816005,0.6104498241467958,0,70,255.0,255.0,255.0
957,47.85,23.433046836501642,-0.07895200707468214,-49.65268520071794,6.780065232079387,-0.015543451014738462,0.2197818624226038,0.18426031360887943,-0.0008663507032601885,0.6171325278315833,0,70,255.0,255.0,255.0
958,47.900000000000006,23.77227562535537,-0.07973051177963877,-49.64092190747716,6.7889903592228595,-0.015601721500335779,0.2508055564063053,0.17274477212996697,-0.0014644687206323017,0.6238152315163717,0,70,255.0,255.0,255.0
959,47.95,24.11193627613937,-0.08051267765639687,-49.62759907615758,6.797339709292384,-0.015689897886801692,0.2821633855742418,0.16122923065105615,-0.0020625867380043303,0.6304979352011592,0,70,255.0,255.0,255.0
960,48.0,24.452,-0.0813,-49.6127,6.805113282287963,-0.015807980174136198,0.31385534992641767,0.14971368917212402,-0.0026607047553762198,0.6371806388859471,0,70,255.0,255.0,255.0
961,48.050000000000004,24.792433551239025,-0.08209344375311398,-49.596210562564636,6.812043667534432,-0.015924147219678032,0.3457260302962575,0.1275017206866006,-0.0019859770662967492,0.6376465759075365,0,70,255.0,255.0,255.0
962,48.1,25.13318585677972,-0.08289185244889359,-49.57812700868952,6.817863454356623,-0.01600657788076588,0.37762000751717223,0.1052897522010803,-0.0013112493772173747,0.6381125129291259,0,70,255.0,255.0,255.0
963,48.150000000000006,25.47420138670096,-0.08369353926811635,-49.55844817353208,6.82257264275454,-0.016055272157399766,0.40953728158917097,0.08307778371555688,-0.0006365216881379044,0.6385784499507152,0,70,255.0,255.0,255.0
964,48.2,25.81542461108144,-0.08449681739155936,-49.53717289224976,6.826171232728179,-0.016070230049579675,0.44147785251224464,0.060865815230036605,3.8206000941470256e-05,0.6390443869723046,0,70,255.0,255.0,255.0
965,48.25,26.1568,-0.0853,-49.5143,6.828659224277544,-0.016051451557305616,0.4734417202863978,0.03865384674449501,0.0007129336900208727,0.6395103239938948,0,70,255.0,255.0,255.0
966,48.300000000000004,26.498278296612096,-0.08610175674106073,-49.48983048710226,6.830413002000295,-0.01602032469127821,0.5052995751918198,0.031497262165555026,0.000532140951075223,0.6348038722228758,0,70,255.0,255.0,255.0
967,48.35,26.839835336379558,-0.08690218312974364,-49.46377396452396,6.8318089504941,-0.01599823746219809,0.5369221075086864,0.024340677586616063,0.00035134821212959896,0.6300974204518575,0,70,255.0,255.0,255.0
968,48.400000000000006,27.181453227841033,-0.08770173114789634,-49.436142198394535,6.832847069758958,-0.015985189870065253,0.5683093172370064,0.01718409300767608,0.00017055547318394924,0.6253909686808383,0,70,255.0,255.0,255.0
969,48.45,27.52311407953498,-0.08850085277736597,-49.4069469548434,6.833527359794867,-0.015981181914879697,0.5994612043767711,0.010027508428737113,-1.0237265761674783e-05,0.62068451690982,0,70,255.0,255.0,255.0
970,48.5,27.8648,-0.0893,-49.3762,6.833849820601832,-0.01598621359664142,0.6303777689279849,0.0028709238498194622,-0.00019103000470735432,0.6159780651387985,0,70,255.0,255.0,255.0
971,48.550000000000004,28.206490062312767,-0.09009952928264356,-49.343913089026316,6.833632324464356,-0.0159945540152092,0.6610596689364876,-0.011570769348818809,-0.00014258673800392617,0.6112979352012017,0,70,255.0,255.0,255.0
972,48.6,28.548151197702115,-0.09089941503213203,-49.31009793321463,6.832692743666949,-0.01600047227044181,0.691507562448106,-0.02601246254745503,-9.414347130050489e-05,0.6066178052636055,0,70,255.0,255.0,255.0
973,48.650000000000006,28.889747301935138,-0.09169953614029885,-49.27476623288979,6.8310310782096115,-0.016003968362339253,0.7217214494628489,-0.0404541557460933,-4.570020459707672e-05,0.6019376753260086,0,70,255.0,255.0,255.0
974,48.7,29.23124227077875,-0.09249977149897706,-49.23792968837663,6.828647328092341,-0.016005042290901522,0.7517013299807078,-0.05489584894472952,2.7430621063445463e-06,0.5972575453884125,0,70,255.0,255.0,255.0
975,48.75,29.5726,-0.0933,-49.1996,6.8255414933151375,-0.016003694056128618,0.7814472040016868,-0.06933754214340127,5.1186328809821324e-05,0.5925774154508181,0,70,255.0,255.0,255.0
976,48.800000000000004,29.913786254137015,-0.09410012612836544,-49.15978835679246,6.8218257001423,-0.01600145924788484,0.8109897490622634,-0.07929418477006407,3.820600094122551e-05,0.5891243869721495,0,70,255.0,255.0,255.0
977,48.85,30.25477427281205,-0.09490015674172839,-49.118503902617505,6.817612074838132,-0.015999873456034496,0.8403596426989026,-0.08925082739672546,2.5225673072631535e-05,0.5856713584934814,0,70,255.0,255.0,255.0
978,48.900000000000006,30.595539164418646,-0.09570012429090878,-49.0757552700463,6.812900617402628,-0.01599893668057758,0.8695568849116124,-0.09920747002338828,1.2245345204035721e-05,0.5822183300148127,0,70,255.0,255.0,255.0
979,48.95,30.936056037350134,-0.09650006122672608,-49.031551091650066,6.807691327835792,-0.01599864892151409,0.8985814757003847,-0.10916411265004967,-7.349826645582552e-07,0.5787653015361446,0,70,255.0,255.0,255.0
980,49.0,31.2763,-0.0973,-48.9859,6.801984206137623,-0.015999010178844034,0.9274334150652235,-0.1191207552767608,-1.3715310533041203e-05,0.575312273057472,0,70,255.0,255.0,255.0
981,49.050000000000004,31.616244921139355,-0.0980999662038951,-48.938811083803806,6.795704874966421,-0.01599960899325141,0.956085334814411,-0.13205249157126925,-1.0237265761919558e-05,0.5707645169099337,0,70,255.0,255.0,255.0
982,49.1,31.95585971104974,-0.09889995800095451,-48.89029525631534,6.7887789569804955,-0.01600003390542023,0.9845098667562177,-0.14498422786577586,-6.7592209907984104e-06,0.5662167607623959,0,70,255.0,255.0,255.0
983,49.150000000000006,32.29511204039051,-0.09969996669606652,-48.840363886924976,6.781206452179843,-0.016000284915350486,1.0127070108906513,-0.1579159641602843,-3.281176219676766e-06,0.5616690046148575,0,70,255.0,255.0,255.0
984,49.2,32.633969579820814,-0.10049998359411895,-48.78902834502308,6.772987360564467,-0.016000362023042194,1.0406767672177042,-0.17084770045479092,1.96868551444382e-07,0.5571212484673198,0,70,255.0,255.0,255.0
985,49.25,32.9724,-0.1013,-48.7363,6.764121682134366,-0.01600026522849534,1.0684191357373802,-0.18377943674929043,3.6749133225932873e-06,0.5525734923197785,0,70,255.0,255.0,255.0
986,49.300000000000004,33.31037166130573,-0.10210000905605453,-48.68218970799228,6.754650799992016,-0.01600010477910961,1.0959649116800885,-0.1950558489446858,2.74306210660261e-06,0.5492575453884563,0,70,255.0,255.0,255.0
987,49.35,33.647855682989054,-0.10290001125445367,-48.6267062721211,6.744616097239898,-0.015999990922284678,1.1233448902762266,-0.20633226114007958,1.8112108906120652e-06,0.5459415984571346,0,70,255.0,255.0,255.0
988,49.400000000000006,33.98482387401956,-0.10370000892482568,-48.56985798225377,6.734017573878007,-0.01599992365802055,1.1505590715258025,-0.21760867333547496,8.793596746213876e-07,0.5426256515258124,0,70,255.0,255.0,255.0
989,49.45,34.321248043366694,-0.10450000439679843,-48.511653128257635,6.722855229906349,-0.01599990298631722,1.1776074554288087,-0.22888508553086873,-5.249154136915691e-08,0.5393097045944908,0,70,255.0,255.0,255.0
990,49.5,34.6571,-0.1053,-48.4521,6.711129065324923,-0.015999928907174686,1.2044900419852487,-0.24016149772629802,-9.84342757415213e-07,0.5359937576631655,0,70,255.0,255.0,255.0
991,49.550000000000004,34.9923516336379,-0.10609999757188722,-48.39120768422704,6.6988439250655105,-0.01599997189031023,1.2311590184652312,-0.25124411265017227,-7.349826642743872e-07,0.5307653015360485,0,70,255.0,255.0,255.0
992,49.6,35.32697515699412,-0.10689999698123097,-48.32898845520025,6.686004654059905,-0.016000002405441114,1.2575665721388543,-0.2623267275740449,-4.856225711335967e-07,0.5255368454089323,0,70,255.0,255.0,255.0
993,49.650000000000006,35.66094286353146,-0.10769999760463128,-48.265455384059926,6.672611252308105,-0.01600002045256734,1.2837127030061253,-0.27340934249791915,-2.362624779927707e-07,0.5203083892818154,0,70,255.0,255.0,255.0
994,49.7,35.99422704671251,-0.10849999881868766,-48.20062154194641,6.658663719810113,-0.016000026031688912,1.3095974110670368,-0.2844919574217918,1.3097615148019705e-08,0.5150799331546992,0,70,255.0,255.0,255.0
995,49.75,36.3268,-0.1093,-48.1345,6.644162056565927,-0.016000019142805827,1.335220696321592,-0.29557457234571416,2.6245770834432136e-07,0.5098514770275813,0,70,255.0,255.0,255.0
996,49.800000000000004,36.65863300414285,-0.11010000065639704,-48.06710275509953,6.629045499745914,-0.01600000765964934,1.3606470144589695,-0.30908770045474343,1.9686855123878793e-07,0.5072012484674358,0,70,255.0,255.0,255.0
997,49.85,36.989693289034506,-0.11090000082062258,-47.998437507077895,6.613253286520452,-0.0159999994559507,1.3859408211683362,-0.32260082856377076,1.3127939413326387e-07,0.5045510199072907,0,70,255.0,255.0,255.0
998,49.900000000000006,37.31994707185481,-0.11170000065664976,-47.9285108815065,6.596785416889537,-0.015999994531709923,1.4111021164496995,-0.33611395667280003,6.569023702773044e-08,0.5019007913471452,0,70,255.0,255.0,255.0
999,49.95,37.64936056978338,-0.11250000032845123,-47.857329503956734,6.579641890853171,-0.015999992886927,1.4361309003030516,-0.3496270847818274,1.0107992220638422e-10,0.4992505627870001,0,70,255.0,255.0,255.0
1000,50.0,37.9779,-0.1133,-47.7849,6.561822708411356,-0.015999994521601932,1.4610271727283968,-0.36314021289088316,-6.548807718331773e-08,0.49660033422685324,0,70,255.0,255.0,255.0
1001,50.050000000000004,38.305533149790875,-0.11409999980252504,-47.71123009537481,6.54342207595081,-0.015999997471092403,1.4857249236989303,-0.37288508553088573,-5.249154166886316e-08,0.4913097045943949,0,70,255.0,255.0,255.0
1002,50.1,38.63223408686789,-0.1148999997362788,-47.63633191648813,6.524534199858267,-0.0159999997707561,1.510158143187837,-0.3826299581708869,-3.9495006154410446e-08,0.48601907496193725,0,70,255.0,255.0,255.0
1003,50.150000000000006,38.95797844904951,-0.11569999976877021,-47.56021868991405,6.50515908013372,-0.01600000142059302,1.5343268311951246,-0.39237483081088953,-2.6498470639955885e-08,0.4807284453294789,0,70,255.0,255.0,255.0
1004,50.2,39.28274187415407,-0.1164999998675077,-47.482903642226646,6.485296716777177,-0.016000002420603163,1.5582309877207856,-0.4021197034508907,-1.3501935125503164e-08,0.47543781569702126,0,70,255.0,255.0,255.0
1005,50.25,39.6065,-0.1173,-47.4044,6.464947109788634,-0.016000002770786528,1.5818706127648237,-0.4118645760908919,-5.053995277837231e-10,0.47014718606455475,0,70,255.0,255.0,255.0
1006,50.300000000000004,39.92922719669379,-0.11810000013350322,-47.32472006340122,6.444034196450817,-0.01600000245598113,1.6053012907453081,-0.4246519574216887,1.3097615453318051e-08,0.467079933154739,0,70,255.0,255.0,255.0
1007,50.35,40.25089276349398,-0.11890000023426228,-47.24387242696956,6.422481914046465,-0.016000001461024985,1.6285786060802983,-0.4374393387524837,2.670063043441789e-08,0.4640126802449237,0,70,255.0,255.0,255.0
1008,50.400000000000006,40.57146473194734,-0.1197000002682699,-47.161864758837275,6.400290262575568,-0.015999999785918085,1.6517025587698009,-0.45022672008328046,4.0303645415519666e-08,0.460945427335108,0,70,255.0,255.0,255.0
1009,50.45,40.89091113360043,-0.12050000020151827,-47.07870472713667,6.377459242038135,-0.01599999743066044,1.6746731488138096,-0.46301410141407545,5.39066603966195e-08,0.4578781744252927,0,70,255.0,255.0,255.0
1010,50.5,41.2092,-0.1213,-46.9944,6.3539888524341634,-0.015999994395252046,1.6974903762123277,-0.47580148274488465,6.75096753222082e-08,0.45481092151547386,0,70,255.0,255.0,255.0
1011,50.550000000000004,41.52629966343412,-0.1220999996634625,-46.908959251020285,6.3298971382459905,-0.01599999270498316,1.720093913319891,-0.4878670847819318,1.010801498000608e-10,0.4493305627869804,0,70,255.0,255.0,255.0
1012,50.6,41.84217965915625,-0.12289999932667217,-46.822395175633616,6.305202143955969,-0.01599999438514403,1.7424234324910264,-0.49993268681897723,-6.730751502259849e-08,0.44385020405848774,0,70,255.0,255.0,255.0
1013,50.650000000000006,42.15680982316137,-0.12369999915815075,-46.73472147473679,6.279903869564093,-0.01599999943573466,1.7644789337257405,-0.5119982888560244,-1.3471611019500663e-07,0.43836984532999435,0,70,255.0,255.0,255.0
1014,50.7,42.470159991444305,-0.12449999932641949,-46.64595184922665,6.254002315070367,-0.016000007856755052,1.7862604170240266,-0.5240638908930698,-2.0212470536740518e-07,0.43288948660150167,0,70,255.0,255.0,255.0
1015,50.75,42.7822,-0.1253,-46.5561,6.227497480474788,-0.016000019648205202,1.807767882385888,-0.5361294929301366,-2.695333005675593e-07,0.427409127873009,0,70,255.0,255.0,255.0
1016,50.800000000000004,43.09290054956989,-0.1261000012126472,-46.4651781325176,6.200441250565256,-0.016000026724086097,1.82909105597514,-0.5461197034510343,-1.3501935325322207e-08,0.42551781569699737,0,70,255.0,255.0,255.0
1017,50.85,43.402235799881105,-0.12690000245904917,-46.373192470495965,6.172885510129683,-0.016000020998398735,1.8503196639555883,-0.5561099139719307,2.4252942991687847e-07,0.4236265035209861,0,70,255.0,255.0,255.0
1018,50.900000000000006,43.71018077540743,-0.12770000309912763,-46.28014774221552,6.144830259168062,-0.016000002471143106,1.8714537063272392,-0.5661001244928283,4.985607951591156e-07,0.42173519134497445,0,70,255.0,255.0,255.0
1019,50.95,44.01671050062248,-0.12850000249280405,-46.18604867595671,6.116275497680399,-0.01599997114231922,1.8924931830900864,-0.5760903350137246,7.545921604013163e-07,0.41984387916896315,0,70,255.0,255.0,255.0
1020,51.0,44.3218,-0.1293,-46.0909,6.087221225666694,-0.015999927011927064,1.9134380942441331,-0.5860805455345997,1.0106235257267837e-06,0.41795256699296246,0,70,255.0,255.0,255.0
1021,51.050000000000004,44.62542213828649,-0.13009999548594903,-45.994709018909276,6.057537859492975,-0.01599990039867242,1.9341338627795923,-0.6012541014140238,5.390666013008355e-08,0.4098781744253387,0,70,255.0,255.0,255.0
1022,51.1,44.92754114131941,-0.13089999083713133,-45.89749334238251,6.027095815525291,-0.01599992162126105,1.9544259116866676,-0.616427657293446,-9.028102054664807e-07,0.4018037818577161,0,70,255.0,255.0,255.0
1023,51.150000000000006,45.228119075209136,-0.13169998844533923,-45.799273156401085,5.99589509376363,-0.015999990679692964,1.9743142409653647,-0.6316012131728701,-1.8595270710631804e-06,0.3937293892900923,0,70,255.0,255.0,255.0
1024,51.2,45.52711800606588,-0.13249999070236468,-45.70006864694644,5.963935694208002,-0.016000107573968157,1.9937988506156774,-0.6467747690522921,-2.816243936659745e-06,0.38565499672246967,0,70,255.0,255.0,255.0
1025,51.25,45.8245,-0.1333,-45.5999,5.9312176168584045,-0.01600027230408663,2.0128797406376093,-0.6619483249317284,-3.77296080231182e-06,0.37758060415483286,0,70,255.0,255.0,255.0
1026,51.300000000000004,46.120230897284294,-0.13410001684355705,-45.49879059184523,5.897967311462781,-0.01600037168122432,2.0313654929065144,-0.6680638908930978,-2.021247051672567e-07,0.3618494866013173,0,70,255.0,255.0,255.0
1027,51.35,46.41429163484132,-0.13490003419242574,-45.39677655997397,5.864411227769094,-0.016000292516557147,2.0490646892977415,-0.6741794568544665,3.368711391976799e-06,0.346118369047804,0,70,255.0,255.0,255.0
1028,51.400000000000006,46.70666692375625,-0.13570004311951606,-45.29389723218008,5.830549365777333,-0.016000034810085117,2.0659773298112953,-0.6802950228158359,6.939547489121363e-06,0.3303872514942885,0,70,255.0,255.0,255.0
1029,51.45,46.9973414751141,-0.13650003469773747,-45.19019193625746,5.796381725487509,-0.015999598561808236,2.0821034144471713,-0.6864105887772045,1.0510383586265418e-05,0.3146561339407752,0,70,255.0,255.0,255.0
1030,51.5,47.2863,-0.1373,-45.0857,5.761908306899617,-0.015998983771726497,2.0974429432053707,-0.6925261547386015,1.4081219683270696e-05,0.2989250163872583,0,70,255.0,255.0,255.0
1031,51.550000000000004,47.57352947257646,-0.13809993713982327,-44.98045741370975,5.727264894655811,-0.015998612876430406,2.1121961655942836,-0.6932103350135151,7.545921604223695e-07,0.291203879169202,0,70,255.0,255.0,255.0
1032,51.6,47.85902591931536,-0.138899872393166,-44.87448681772159,5.6925872733982645,-0.015998908312510454,2.1265633311222913,-0.6938945152884287,-1.2572035362424063e-05,0.28348274195114675,0,70,255.0,255.0,255.0
1033,51.650000000000006,48.14278762976606,-0.13969983907659725,-44.767807514878534,5.657875443126968,-0.015999870079966644,2.1405444397893985,-0.6945786955633424,-2.589866288527239e-05,0.2757616047330904,0,70,255.0,255.0,255.0
1034,51.7,48.424812893477835,-0.1404998705066856,-44.66043880802366,5.623129403841928,-0.016001498178798982,2.154139491595601,-0.695262875838256,-3.922529040811882e-05,0.2680404675150352,0,70,255.0,255.0,255.0
1035,51.75,48.7051,-0.1413,-44.5524,5.588349155543146,-0.016003792609007462,2.167348486540901,-0.6959470561131766,-5.255191793104852e-05,0.2603193302969764,0,70,255.0,255.0,255.0
1036,51.800000000000004,48.98364641240998,-0.14210023459715038,-44.44371095331573,5.553485109914004,-0.016005176813054155,2.180137844716389,-0.6986147690523824,-2.8162439366665492e-06,0.25125499672250123,0,70,255.0,255.0,255.0
1037,51.85,49.260446287897295,-0.14290047623491042,-44.334393769139666,5.518487678637907,-0.01600407423340113,2.1924739862131517,-0.7012824819915878,4.691943005770835e-05,0.24219066314802734,0,70,255.0,255.0,255.0
1038,51.900000000000006,49.53549295717966,-0.1437006005740955,-44.22447110830572,5.483356861714845,-0.016000484870048383,2.204356911031192,-0.7039501949307936,9.665510405209031e-05,0.23312632957355217,0,70,255.0,255.0,255.0
1039,51.95,49.80877975097467,-0.14450048327552031,-44.11396563164786,5.448092659144827,-0.015994408722995918,2.2157866191705073,-0.706617907869999,0.0001463907780464652,0.22406199599907828,0,70,255.0,255.0,255.0
1040,52.0,50.0803,-0.1453,-44.0029,5.412695070927849,-0.015985845792243738,2.226763110631098,-0.7092856208092471,0.00019612645204089563,0.21499766242459373,0,70,255.0,255.0,255.0
1041,52.050000000000004,50.35004727778375,-0.14609912447157575,-43.891296373027274,5.37717866568818,-0.015980679871353046,2.2373164555402254,-0.7113705887773778,1.0510383586748986e-05,0.2071361339404753,0,70,255.0,255.0,255.0
1042,52.1,50.61801612909552,-0.1468982226671924,-43.77917490571971,5.341558012050109,-0.015984794753885062,2.247476724025146,-0.7134555567455082,-0.00017510568486737125,0.19927460545635803,0,70,255.0,255.0,255.0
1043,52.150000000000006,50.884201341515464,-0.1476977586270213,-43.66655525189849,5.305833110013628,-0.015998190439839785,2.2572439160858617,-0.7155405247136388,-0.00036072175332151795,0.1914130769722396,0,70,255.0,255.0,255.0
1044,52.2,51.14859770262358,-0.1484981963912334,-43.553457065384855,5.270003959578745,-0.016020866929217212,2.2666180317223703,-0.7176254926817692,-0.0005463378217756381,0.18355154848812233,0,70,255.0,255.0,255.0
1045,52.25,51.4112,-0.1493,-43.4399,5.234070560745455,-0.016052824222017342,2.275599070934673,-0.7197104606499423,-0.0007319538902296197,0.17569002000400502,0,70,255.0,255.0,255.0
1046,52.300000000000004,51.67200287645515,-0.15010326751654712,-43.325904354575115,5.198024227333248,-0.016072103701533298,2.284148333122654,-0.7221428758382006,-3.9225290408614086e-05,0.16628046751520661,0,70,255.0,255.0,255.0
1047,52.35,51.93100039572067,-0.15090663309632016,-43.211493007981474,5.161856273161635,-0.01605674675105821,2.2922271176861937,-0.7245752910264586,0.000653503309412293,0.15687091502640954,0,70,255.0,255.0,255.0
1048,52.400000000000006,52.188186476758666,-0.15170836491781978,-43.096689484100246,5.125566698230602,-0.016006753370592066,2.299835424625295,-0.7270077062147169,0.0013462319092332987,0.14746136253761116,0,70,255.0,255.0,255.0
1049,52.45,52.44355503853109,-0.1525067311595462,-42.981517306812684,5.089155502540161,-0.015922123560134883,2.306973253939955,-0.7294401214029749,0.0020389605090542057,0.1380518100488141,0,70,255.0,255.0,255.0
1050,52.5,52.6971,-0.1533,-42.866,5.052622686090308,-0.015802857319686652,2.3136406056301757,-0.7318725365912684,0.002731689108875196,0.12864225756001701,0,70,255.0,255.0,255.0
1051,52.550000000000004,52.94881561639576,-0.15408700546223614,-42.75016060867218,5.015988424978774,-0.01568290532251362,2.319866211969156,-0.7334979078699548,0.0020663907780456726,0.1203819959991769,0,70,255.0,255.0,255.0
1052,52.6,53.198697488021814,-0.15486884494752706,-42.634020262354376,4.9792728953033105,-0.015596218241882077,2.3256788052300936,-0.7351232791486411,0.0014010924472162433,0.11212173443833796,0,70,255.0,255.0,255.0
1053,52.650000000000006,53.44674155145004,-0.15564718170170005,-42.517599611700476,4.942476097063909,-0.015542796077791998,2.33107838541299,-0.7367486504273275,0.0007357941163867198,0.10386147287749785,0,70,255.0,255.0,255.0
1054,52.7,53.69294374325215,-0.156423678970582,-42.40091930736438,4.9055980302605775,-0.0155226388302434,2.3360649525178436,-0.7383740217060137,7.04957855572905e-05,0.09560121131665891,0,70,255.0,255.0,255.0
1055,52.75,53.9373,-0.1572,-42.284,4.8686386948933125,-0.015535746499236273,2.3406385065446553,-0.7399993929846787,-0.0005948025452722216,0.08734094975581286,0,70,255.0,255.0,255.0
1056,52.800000000000004,54.17980585796192,-0.15797751063450868,-42.16686281073609,4.831574072751648,-0.015564275008412443,2.3447708190007512,-0.7425854926817851,-0.0005463378217745188,0.07795154848802417,0,70,255.0,255.0,255.0
1057,52.85,54.42045525219209,-0.15875638711357168,-42.04953074260097,4.794380145625133,-0.015590380281413727,2.3484336613934578,-0.7451715923788911,-0.0004978730982768229,0.06856214722023682,0,70,255.0,255.0,255.0
1058,52.900000000000006,54.659241717441354,-0.1595365082753805,-41.932027269097794,4.7570569135137575,-0.015614062318240127,2.3516270337227754,-0.7477576920759975,-0.00044940837477912006,0.05917274595244812,0,70,255.0,255.0,255.0
1059,52.95,54.89615878846039,-0.16031775295812614,-41.81437586372975,4.719604376417532,-0.01563532111889164,2.3543509359887027,-0.7503437917731036,-0.0004009436512814241,0.049783344684660766,0,70,255.0,255.0,255.0
1060,53.0,55.1312,-0.1611,-41.6966,4.682022534336452,-0.015654156683368267,2.356605368191241,-0.7529298914702309,-0.00035247892778372814,0.04039394341687341,0,70,255.0,255.0,255.0
1061,53.050000000000004,55.364359351756704,-0.16188295199972952,-41.57872254838339,4.644339284014618,-0.015659994643836512,2.358426512027881,-0.7544001214030205,0.00011896050905395165,0.03245181004872041,0,70,255.0,255.0,255.0
1062,53.1,55.59563270320986,-0.1626656065981863,-41.46076396724168,4.60658252219615,-0.015642260632462875,2.3598505491961133,-0.7558703513358097,0.0005903999458915644,0.024509676680568533,0,70,255.0,255.0,255.0
1063,53.150000000000006,55.82501637878471,-0.16344678519677847,-41.342744111908246,4.568752248881036,-0.015600954649247352,2.360877479695938,-0.7573405812685993,0.001061839382729244,0.01656754331241553,0,70,255.0,255.0,255.0
1064,53.2,56.05250670290636,-0.1642253091969137,-41.22468283771655,4.5308484640692885,-0.015536076694189951,2.361507303527355,-0.7588108112013885,0.001533278819566857,0.008625409944263654,0,70,255.0,255.0,255.0
1065,53.25,56.2781,-0.165,-41.1066,4.4928711677609,-0.015447626767290674,2.361740020690364,-0.7602810411342134,0.0020047182564044697,0.0006832765761011217,0,70,255.0,255.0,255.0
1066,53.300000000000004,56.50179193501141,-0.16576988136657364,-40.98851579573028,4.454780791189891,-0.015347746416241629,2.3615551328876854,-0.7633340217060168,0.0019904957855570657,-0.008078788683241137,0,70,255.0,255.0,255.0
1067,53.35,56.723575534968525,-0.16653478649368325,-40.87045178843228,4.416537765590297,-0.015248577188734966,2.36093214182204,-0.7663870022778199,0.001976273314709664,-0.01684085394258215,0,70,255.0,255.0,255.0
1068,53.400000000000006,56.943443167419964,-0.1672947509375062,-40.75242988326912,4.3781420909621085,-0.015150119084770658,2.359871047493427,-0.7694399828496234,0.0019620508438622604,-0.02560291920192441,0,70,255.0,255.0,255.0
1069,53.45,57.161387199914266,-0.1680498102542194,-40.634471985403984,4.339593767305335,-0.015052372104348736,2.358371849901847,-0.7724929634214265,0.0019478283730148586,-0.03436498446126542,0,70,255.0,255.0,255.0
1070,53.5,57.3774,-0.1688,-40.5166,4.30089279461997,-0.014955336247469185,2.3564345490473,-0.7755459439932295,0.0019336059021674151,-0.0431270497206242,0,70,255.0,255.0,255.0
1071,53.550000000000004,57.59147450819779,-0.1695455225339764,-40.398835868695436,4.262073551225807,-0.014869019691197008,2.3540569564214016,-0.7772237917731745,0.0015190563487193838,-0.051976655315309775,0,70,255.0,255.0,255.0
1072,53.6,57.8036059569161,-0.17028724742708096,-40.28120167902918,4.2231704154426515,-0.014803430612597243,2.351236883515769,-0.7789016395531192,0.0011045067952714115,-0.06082626090999409,0,70,255.0,255.0,255.0
1073,53.650000000000006,58.013790151535574,-0.17102621105319737,-40.16371955501519,4.184183387270493,-0.014758569011669867,2.347974330330402,-0.7805794873330643,0.0006899572418233803,-0.06967586650467966,0,70,255.0,255.0,255.0
1074,53.7,58.22202289743668,-0.17176344978620917,-40.04641162066747,4.145112466709344,-0.0147344348884149,2.3442692968653014,-0.782257335113009,0.00027540768837540776,-0.07852547209936397,0,70,255.0,255.0,255.0
1075,53.75,58.4283,-0.1725,-39.9293,4.105957653759196,-0.014731028242832329,2.3401217831204666,-0.7839351828929892,-0.0001391418650725923,-0.08737507769403763,0,70,255.0,255.0,255.0
1076,53.800000000000004,58.63261723219757,-0.1732368284975211,-39.812407129487895,4.0667170039068345,-0.014744174818969997,2.3355130414267196,-0.7856908112013544,-0.00038672118043404815,-0.09697459005583238,0,70,255.0,255.0,255.0
1077,53.85,58.834970237367095,-0.17397462379799317,-39.69575669545096,4.02738857263906,-0.014769700360875732,2.330424324114883,-0.7874464395097193,-0.0006343004957954688,-0.10657410241762576,0,70,255.0,255.0,255.0
1078,53.900000000000006,59.035354626437886,-0.1747140048497048,-39.57937269667004,3.987972359955861,-0.014807604868549547,2.3248556311849566,-0.7892020678180843,-0.0008818798111569246,-0.11617361477942051,0,70,255.0,255.0,255.0
1079,53.95,59.2337660103391,-0.17545559060094426,-39.46327913192609,3.94846836585725,-0.014857888341991424,2.318806962636941,-0.7909576961264493,-0.0011294591265183453,-0.1257731271412139,0,70,255.0,255.0,255.0
1080,54.0,59.4302,-0.1762,-39.3475,3.9088765903432203,-0.014920550781201376,2.3122783184708364,-0.7927133244348177,-0.0013770384418797799,-0.13537263950301082,0,70,255.0,255.0,255.0
1081,54.050000000000004,59.62465176301206,-0.1769471634759396,-39.23205801335289,3.8691704331468126,-0.014954281032923006,2.3053468778717283,-0.795532963421365,2.7828373014641018e-05,-0.14188498446130265,0,70,255.0,255.0,255.0
1082,54.1,59.81711469361553,-0.17769425738094657,-39.11697073916695,3.8293232940010826,-0.01491776794389992,2.2980898200247064,-0.798352602407912,0.0014326951879088624,-0.14839732941959358,0,70,255.0,255.0,255.0
1083,54.150000000000006,60.007581742713015,-0.17843776954798385,-39.00225445830454,3.7893351729060196,-0.014811011514132107,2.2905071449297685,-0.8011722413944593,0.002837562002803283,-0.15490967437788544,0,70,255.0,255.0,255.0
1084,54.2,60.19604586120698,-0.17917418781001404,-38.88792545162811,3.7492060698616356,-0.014634011743619599,2.282598852586917,-0.8039918803810062,0.004242428817697505,-0.16142201933617636,0,70,255.0,255.0,255.0
1085,54.25,60.3825,-0.1799,-38.774,3.708935984867924,-0.014386768632362384,2.2743649429961517,-0.8068115193675816,0.005647295632591684,-0.1679343642944886,0,70,255.0,255.0,255.0
1086,54.300000000000004,60.56693811575431,-0.18061291759872086,-38.660496817100466,3.668585263505905,-0.014142701049338173,2.265659447086305,-0.807217335113048,0.004115407688375927,-0.18028547209933343,0,70,255.0,255.0,255.0
1087,54.35,60.7493581881708,-0.18131554667822067,-38.54744434788121,3.628214251356618,-0.013975227863524774,2.256336395786218,-0.8076231508585145,0.0025835197441603877,-0.19263657990417649,0,70,255.0,255.0,255.0
1088,54.400000000000006,60.929759202710194,-0.18201171695836021,-38.43487347011168,3.5878229484200523,-0.01388434907492214,2.2463957890958874,-0.808028966603981,0.0010516317999446304,-0.20498768770902132,0,70,255.0,255.0,255.0
1089,54.45,61.10814014483303,-0.18270525815899977,-38.32281506156145,3.5474113546962185,-0.0138700646835303,2.2358376270153157,-0.8084347823494475,-0.0004802561442709087,-0.21733879551386437,0,70,255.0,255.0,255.0
1090,54.5,61.2845,-0.1834,-38.2113,3.5069794701851116,-0.013932374689349231,2.224661909544502,-0.8088405980949318,-0.0020121440884864894,-0.22968990331872163,0,70,255.0,255.0,255.0
1091,54.550000000000004,61.458843773970806,-0.1840987661291773,-38.10035951824518,3.466888512829571,-0.014010914769724356,2.212847333783008,-0.7947976961265782,-0.00112945912651827,-0.24289312714101044,0,70,255.0,255.0,255.0
1092,54.6,61.63120055370127,-0.18480035590617083,-37.99002626930821,3.4274997005724526,-0.014045320602001065,2.200372596830401,-0.7807547941582267,-0.00024677416455017574,-0.25609635096329736,0,70,255.0,255.0,255.0
1093,54.650000000000006,61.801605446446366,-0.18550256261857578,-37.88033326124865,3.3888130334137467,-0.014035592186179368,2.1872376986866775,-0.7667118921898732,0.0006359107974180439,-0.26929957478558614,0,70,255.0,255.0,255.0
1094,54.7,61.97009355946096,-0.18620317955398713,-37.77131350212606,3.350828511353464,-0.013981729522259267,2.1734426393518422,-0.7526689902215217,0.001518595759386138,-0.2825027986078731,0,70,255.0,255.0,255.0
1095,54.75,62.1367,-0.1869,-37.663,3.313546134391599,-0.013883732610240763,2.1589874188258915,-0.7386260882531701,0.0024012807213543153,-0.29570602243017063,0,70,255.0,255.0,255.0
1096,54.800000000000004,62.301454788362555,-0.18759121788457028,-37.55541870991877,3.2766606851757456,-0.013765639871764454,2.1442952177817256,-0.7367918803808292,0.002322428817697646,-0.2919820193364249,0,70,255.0,255.0,255.0
1097,54.85,62.46436759702414,-0.1882766296970962,-37.44856737488591,3.239866946353515,-0.013651489728470995,2.1297892168922488,-0.7349576725084886,0.0022435769140409876,-0.2882580162426797,0,70,255.0,255.0,255.0
1098,54.900000000000006,62.62544301150447,-0.1889564325673371,-37.342436684893634,3.2031649179248958,-0.013541282180360353,2.115469416157457,-0.7331234646361479,0.0021647250103843186,-0.284534013148934,0,70,255.0,255.0,255.0
1099,54.95,62.78468561732319,-0.18963082362505193,-37.23701732993425,3.166554599889899,-0.01343501722743256,2.1013358155773547,-0.7312892567638072,0.0020858731067276604,-0.2808100100551888,0,70,255.0,255.0,255.0
1100,55.0,62.9421,-0.1903,-37.1323,3.130035992248519,-0.013332694869687597,2.08738841515194,-0.7294550488914773,0.002007021203071044,-0.27708600696144003,0,70,255.0,255.0,255.0
1101,55.050000000000004,63.09769147257906,-0.190964362332542,-37.02827844207966,3.0936527464674892,-0.01324652574321759,2.073443795090055,-0.7258747823495828,0.0014397438557288856,-0.2806987955139252,0,70,255.0,255.0,255.0
1102,55.1,63.2514682582022,-0.19162512530544454,-36.924958631148115,3.057448514013559,-0.013188720484114702,2.0593185356005472,-0.7222945158076889,0.0008724665083868076,-0.28431158406640983,0,70,255.0,255.0,255.0
1103,55.150000000000006,63.40343930753587,-0.19228370711207626,-36.822349599176725,3.0214232948867195,-0.013159279092378913,2.0450126366834134,-0.7187142492657944,0.0003051891610446494,-0.28792437261889503,0,70,255.0,255.0,255.0
1104,55.2,63.55361357124634,-0.19294152594580527,-36.720460378136906,2.985577089086979,-0.013158201568010232,2.0305260983386573,-0.7151339827239004,-0.0002620881862974286,-0.2915371611713797,0,70,255.0,255.0,255.0
1105,55.25,63.702,-0.1936,-36.6193,2.949909896614333,-0.013185487911008657,2.0158589205662767,-0.7115537161820171,-0.0008293655336394645,-0.2951499497238679,0,70,255.0,255.0,255.0
1106,55.300000000000004,63.84860812132131,-0.19426013278526214,-36.518876321762534,2.9144563289542424,-0.013216257155364999,2.0010816018579876,-0.706588990221493,-0.00040140424061414727,-0.29594279860764283,0,70,255.0,255.0,255.0
1107,55.35,63.99344977016706,-0.19492126908112564,-36.41919250052161,2.879250997592183,-0.013225628335070074,1.986264640705512,-0.7016242642609696,2.6557052411109168e-05,-0.2967356474914176,0,70,255.0,255.0,255.0
1108,55.400000000000006,64.13653735835217,-0.19558233898435828,-36.320250518399384,2.844293902528144,-0.013213601450123885,1.9714080371088456,-0.6966595383004455,0.0004545183454364263,-0.2975284963751926,0,70,255.0,255.0,255.0
1109,55.45,64.2778832976915,-0.1962422725917272,-36.22205235751812,2.809585043762137,-0.013180176500526436,1.9565117910679923,-0.691694812339922,0.0008824796384616829,-0.29832134525896736,0,70,255.0,255.0,255.0
1110,55.5,64.4175,-0.1969,-36.1246,2.775124421294156,-0.01312535348627772,1.9415759025829507,-0.6867300863793986,0.0013104409314870086,-0.29911419414274043,0,70,255.0,255.0,255.0
1111,55.550000000000004,64.55539924213576,-0.1975543065264099,-36.027895470870156,2.740873937715575,-0.013040445635322345,1.926597797477999,-0.6832892567637185,0.002085873106727767,-0.30001001005527683,0,70,255.0,255.0,255.0
1112,55.6,64.69159026112958,-0.1982033983700529,-35.93194096676545,2.706795495617783,-0.012916766175604947,1.9115749015774226,-0.679848427148039,0.0028613052819684154,-0.3009058259678131,0,70,255.0,255.0,255.0
1113,55.650000000000006,64.82608165905556,-0.19884533695049103,-35.83673872722567,2.6728890950007704,-0.012754315107125493,1.8965072148812172,-0.6764075975323589,0.0036367374572091734,-0.3018016418803495,0,70,255.0,255.0,255.0
1114,55.7,64.95888203798768,-0.1994781836872861,-35.742290991790604,2.639154735864546,-0.01255309242988403,1.8813947373893871,-0.6729667679166793,0.004412169632449822,-0.3026974577928858,0,70,255.0,255.0,255.0
1115,55.75,65.09,-0.2001,-35.6486,2.605592418209106,-0.012313098143880536,1.8662374691019303,-0.6695259383009926,0.00518760180769047,-0.3035932737054292,0,70,255.0,255.0,255.0
1116,55.800000000000004,65.21944451013576,-0.20070984110909862,-35.555668194756805,2.5722239201834713,-0.012093960303345691,1.8510232082300078,-0.665213982724293,0.003577911813702571,-0.3049771611714232,0,70,255.0,255.0,255.0
1117,55.85,65.34722598531467,-0.20131073743866293,-35.463498832416555,2.5390710199366757,-0.011955306962510261,1.8357397529847876,-0.660902027147594,0.0019682218197149006,-0.30636104863741703,0,70,255.0,255.0,255.0
1118,55.900000000000006,65.47335520542573,-0.201906713213678,-35.37209537269788,2.506133717468711,-0.011897138121374209,1.8203871033662655,-0.6565900715708944,0.000358531825727002,-0.307744936103411,0,70,255.0,255.0,255.0
1119,55.95,65.59784295035786,-0.20250179265912868,-35.28146127531947,2.473412012779585,-0.01191945377993755,1.804965259374446,-0.6522781159941954,-0.001251158168260669,-0.30912882356940485,0,70,255.0,255.0,255.0
1120,56.0,65.7207,-0.2031,-35.1916,2.4409059058692946,-0.012022253938200271,1.7894742210093268,-0.6479661604175071,-0.002860848162248353,-0.3105127110353987,0,70,255.0,255.0,255.0
1121,56.050000000000004,65.84193711732131,-0.20370392903719592,-35.10251495010258,2.408614381550368,-0.012119713151294937,1.773917369601969,-0.6436948123394235,-0.0010375203615379358,-0.31176134525886473,0,70,255.0,255.0,255.0
1122,56.1,65.96156499761177,-0.2043104518752956,-35.01420930356833,2.376536424635351,-0.01212600597435408,1.75829808648344,-0.6394234642613403,0.0007858074391722219,-0.31300997948233056,0,70,255.0,255.0,255.0
1123,56.150000000000006,66.07959431924158,-0.2049150101947974,-34.92668618198275,2.344672035124234,-0.0120411324073777,1.7426163716537353,-0.6351521161832567,0.002609135239882639,-0.3142586137057966,0,70,255.0,255.0,255.0
1124,56.2,66.19603576058093,-0.20551304567619944,-34.839948706931466,2.3130212130170245,-0.011865092450365823,1.7268722251128599,-0.6308807681051737,0.004432463040592797,-0.31550724792926244,0,70,255.0,255.0,255.0
1125,56.25,66.3109,-0.2061,-34.754,2.2815839583137203,-0.011597886103318446,1.711065646860811,-0.6266094200270729,0.006255790841302927,-0.3167558821527283,0,70,255.0,255.0,255.0
1126,56.300000000000004,66.42419742057905,-0.20667284274211803,-34.668843204832825,2.2503425536151247,-0.011331187091474609,1.6951953133621667,-0.6230467679166491,0.004412169632449612,-0.31805745779298933,0,70,255.0,255.0,255.0
1127,56.35,66.53593722423828,-0.20723465506015487,-34.58448155331015,2.219279281522055,-0.011156669140073466,1.6792599010815117,-0.619484115806226,0.0025685484235965592,-0.3193590334332502,0,70,255.0,255.0,255.0
1128,56.400000000000006,66.646128317608,-0.20779004600713277,-34.50091829937103,2.1883941420345008,-0.011074332249114964,1.6632594100188411,-0.6159214636958023,0.0007249272147432442,-0.32066060907351124,0,70,255.0,255.0,255.0
1129,56.45,66.75477960731848,-0.20834362463607375,-34.418156696954625,2.1576871351524733,-0.011084176418599125,1.64719384017416,-0.612358811585379,-0.0011186939941098088,-0.3219621847137721,0,70,255.0,255.0,255.0
1130,56.5,66.8619,-0.2089,-34.3362,2.127158260875967,-0.011186201648525938,1.631063191547466,-0.6087961594749451,-0.002962315202962834,-0.32326376035403825,0,70,255.0,255.0,255.0
1131,56.550000000000004,66.96749880036259,-0.20946229999433225,-34.25505143056607,2.096831403989221,-0.011291538482806528,1.614869376949376,-0.6042781159947924,-0.0012511581682604284,-0.3244888235695087,0,70,255.0,255.0,255.0
1132,56.6,67.07158690543517,-0.2100277278840851,-34.17471408319107,2.066730449276487,-0.011311317465351994,1.5986143091905147,-0.5997600725146404,0.000459998866441734,-0.325713886784979,0,70,255.0,255.0,255.0
1133,56.650000000000006,67.17417561032649,-0.2105920057766719,-34.09519102053302,2.0368553967377565,-0.011245538596162341,1.5822979882708776,-0.5952420290344878,0.0021711559011441395,-0.3269389500004495,0,70,255.0,255.0,255.0
1134,56.7,67.27527621014518,-0.21115085577950574,-34.016485305249994,2.0072062463730376,-0.01109420187523759,1.5659204141904692,-0.5907239855543357,0.003882312935846302,-0.32816401321591976,0,70,255.0,255.0,255.0
1135,56.75,67.3749,-0.2117,-33.9386,1.9777829981823263,-0.010857307302577732,1.5494815869492875,-0.5862059420741748,0.005593469970548506,-0.32938907643139004,0,70,255.0,255.0,255.0
1136,56.800000000000004,67.47305777797068,-0.2122363572805532,-33.86153827290286,1.948555830427853,-0.010606658977299182,1.5329751788402741,-0.582880768104662,0.004432463040592586,-0.3308672479290892,0,70,255.0,255.0,255.0
1137,56.85,67.5697583540211,-0.21276163340350487,-33.78530371392555,1.9194949213718593,-0.010414060998518458,1.516394862156378,-0.5795555941351498,0.003271456110636831,-0.3323454194267882,0,70,255.0,255.0,255.0
1138,56.900000000000006,67.66501004108619,-0.21327873088618002,-33.709900018496796,1.890600271014337,-0.010279513366235504,1.499740636897595,-0.576230420165637,0.0021104491806809107,-0.3338235909244874,0,70,255.0,255.0,255.0
1139,56.95,67.75882115210084,-0.21379055224590343,-33.63533088204537,1.8618718793552949,-0.010203016080450357,1.483012503063929,-0.5729052461961247,0.0009494422507251559,-0.3353017624221864,0,70,255.0,255.0,255.0
1140,57.0,67.8512,-0.2143,-33.5616,1.8333097463947279,-0.010184569141162994,1.466210460655378,-0.569580072226616,-0.00021156467923065525,-0.33677993391988537,0,70,255.0,255.0,255.0
1141,57.050000000000004,67.94215568775473,-0.21480907088345508,-33.48871067782245,1.8049612742994248,-0.010169825607996504,1.4493579076895362,-0.5643588115854192,0.0008013060058901513,-0.3373221847137373,0,70,255.0,255.0,255.0
1142,57.1,68.03170047848049,-0.21531613850189538,-33.41666466110671,1.7768738652361853,-0.010104438540573985,1.4324782421840039,-0.5591375509442232,0.0018141766910108144,-0.3378644355075892,0,70,255.0,255.0,255.0
1143,57.150000000000006,68.11984742532889,-0.21581867067860822,-33.34546330547971,1.7490475192050015,-0.009988407938895414,1.4155714641387767,-0.5539162903030265,0.0028270473761316207,-0.33840668630144116,0,70,255.0,255.0,255.0
1144,57.2,68.20660958145153,-0.21631413523688067,-33.275107966568484,1.7214822362058817,-0.009821733802960827,1.3986375735538592,-0.5486950296618304,0.003839918061252284,-0.338948937095293,0,70,255.0,255.0,255.0
1145,57.25,68.292,-0.2168,-33.2056,1.6941780162388216,-0.009604416132770207,1.3816765704292495,-0.5434737690206344,0.004852788746372946,-0.3394911878891502,0,70,255.0,255.0,255.0
1146,57.300000000000004,68.37603067101045,-0.21727455918562663,-33.13694141580727,1.6670710723744389,-0.00938603859071471,1.364649190401617,-0.5408039855545832,0.003882312935846158,-0.34160401321609635,0,70,255.0,255.0,255.0
1147,57.35,68.458709332057,-0.2177394125889136,-33.0691368416476,1.6400976176833626,-0.00921618483918558,1.3475161691076394,-0.5381342020885324,0.0029118371253195083,-0.3437168385430422,0,70,255.0,255.0,255.0
1148,57.400000000000006,68.54004265759833,-0.21819698639938728,-33.00219155958428,1.6132576521655848,-0.009094854878182764,1.3302775065473122,-0.5354644186224811,0.00194136131479272,-0.34582966386998837,0,70,255.0,255.0,255.0
1149,57.45,68.62003732209313,-0.21864970680657397,-32.936110851680645,1.5865511758211135,-0.009022048707706298,1.3129332027206402,-0.5327946351564302,0.0009708855042660702,-0.3479424891969342,0,70,255.0,255.0,255.0
1150,57.5,68.6987,-0.2191,-32.8709,1.5599781886499449,-0.008997766327756162,1.2954832576276207,-0.5301248516903829,4.096937394476585e-07,-0.3500553145238836,0,70,255.0,255.0,255.0
1151,57.550000000000004,68.77603842820352,-0.21954949237403856,-32.80656365894839,1.5336024362027856,-0.00897402002914454,1.2779653307039684,-0.5249052461958981,0.0009494422507252913,-0.3506617624221509,0,70,255.0,255.0,255.0
1152,57.6,68.85206459329153,-0.2199966111424503,-32.743103972302855,1.5074876640303543,-0.008902822102683637,1.260417081385405,-0.519685640701414,0.0018984748077110001,-0.3512682103204181,0,70,255.0,255.0,255.0
1153,57.650000000000006,68.92679154427779,-0.2204389837238428,-32.680522456183105,1.4816338721326434,-0.008784172548373432,1.2428385096719259,-0.5144660352069292,0.002847507364696844,-0.3518746582186854,0,70,255.0,255.0,255.0
1154,57.7,69.00023233017605,-0.2208742375368235,-32.61882062670891,1.4560410605096608,-0.008618071366213956,1.2252296155635363,-0.5092464297124452,0.0037965399216825526,-0.35248110611695266,0,70,255.0,255.0,255.0
1155,57.75,69.0724,-0.2213,-32.558,1.4307092291614016,-0.008404518556205196,1.2075903990602328,-0.50402682421797,0.004745572478668303,-0.35308755401521985,0,70,255.0,255.0,255.0
1156,57.800000000000004,69.14330681617554,-0.2217146713182192,-32.49806234839912,1.4055911828144034,-0.008189881292707167,1.1899054867824694,-0.5006950296618758,0.0038399180612521517,-0.3543089370952576,0,70,255.0,255.0,255.0
1157,57.85,69.21296189477691,-0.22211974284128524,-32.43901046914098,1.3806397261952132,-0.008020526750079969,1.1721595053507066,-0.49736323510578223,0.002934263643836129,-0.3555303201752953,0,70,255.0,255.0,255.0
1158,57.900000000000006,69.28137356529052,-0.22251747870524174,-32.38084741568328,1.3558548593038247,-0.007896454928323556,1.1543524547649393,-0.4940314405496881,0.0020286092264199776,-0.35675170325533306,0,70,255.0,255.0,255.0
1159,57.95,69.34855015720275,-0.2229101430461321,-32.32357624148372,1.3312365821402439,-0.007817665827437962,1.1364843350251728,-0.49069964599359445,0.0011229548090039548,-0.3579730863353707,0,70,255.0,255.0,255.0
1160,58.0,69.4145,-0.2233,-32.2672,1.3067848947044676,-0.007784159447423166,1.1185551461314045,-0.48736785143750616,0.0002173003915879254,-0.35919446941540656,0,70,255.0,255.0,255.0
1161,58.050000000000004,69.47923190709439,-0.22368862235308473,-32.211722147455106,1.2825288325396176,-0.007754454800026811,1.100540722166097,-0.4828746351564106,0.0009708855042661852,-0.3613824891968365,0,70,255.0,255.0,255.0
1162,58.1,69.54275662760088,-0.2240748174924088,-32.15714775113321,1.258497431188826,-0.0076870708969965515,1.0824168972117203,-0.4783814188753157,0.0017244706169443381,-0.36357050897826615,0,70,255.0,255.0,255.0
1163,58.150000000000006,69.60508539456018,-0.22445670145519056,-32.10348228108375,1.2346906906520854,-0.007582007738332368,1.0641836712682697,-0.47388820259422015,0.002478055729622598,-0.3657585287596961,0,70,255.0,255.0,255.0
1164,58.2,69.66622944101299,-0.22483239027864815,-32.05073120735619,1.211108610929403,-0.007439265324034294,1.0458410443357502,-0.46939498631312526,0.003231640842300751,-0.3679465485411258,0,70,255.0,255.0,255.0
1165,58.25,69.7262,-0.2252,-31.9989,1.1877511920207757,-0.007258843654102313,1.0273890164141595,-0.46490177003202504,0.003985225954978869,-0.37013456832256075,0,70,255.0,255.0,255.0
1166,58.300000000000004,69.78500795544699,-0.22555803926944196,-31.947993061780437,1.1645974870271538,-0.00706429950718575,1.0088916245531694,-0.46124642971276414,0.003796539921683032,-0.36976110611698404,0,70,255.0,255.0,255.0
1167,58.35,69.84266279481966,-0.2259065871890797,-31.89801052632618,1.1416265490494986,-0.006879189661934003,0.9904129058024604,-0.45759108939350374,0.003607853888387222,-0.36938764391140744,0,70,255.0,255.0,255.0
1168,58.400000000000006,69.89917365646886,-0.22624611547399648,-31.848951459981684,1.118838378087803,-0.006703514118347024,0.971952860162028,-0.45393574907424283,0.003419167855091385,-0.3690141817058307,0,70,255.0,255.0,255.0
1169,58.45,69.95454967874537,-0.22657709583927546,-31.800814929091466,1.0962329741420738,-0.006537272876424859,0.953511487631877,-0.45028040875498243,0.0032304818217955755,-0.3686407195002541,0,70,255.0,255.0,255.0
1170,58.5,70.0088,-0.2269,-31.7536,1.0738103372123073,-0.006380465936167485,0.9350887882120047,-0.4466250684357185,0.0030417957884997723,-0.368267257294681,0,70,255.0,255.0,255.0
1171,58.550000000000004,70.06193387111776,-0.22721522056914759,-31.707307205423113,1.0515772193515782,-0.006228347171229882,0.9165967796212475,-0.442699645993368,0.00304295480900381,-0.3714130863355428,0,70,255.0,255.0,255.0
1172,58.6,70.11396099312053,-0.22752283375127258,-31.661942943562075,1.02954037261297,-0.006076170455267099,0.8979474795784499,-0.43877422355101803,0.003044113829507848,-0.3745589153764041,0,70,255.0,255.0,255.0
1173,58.650000000000006,70.16489117956442,-0.22782283664882386,-31.617515078989467,1.0076997969964758,-0.005923935788279093,0.8791408880836066,-0.4348488011086675,0.0030452728500118863,-0.3777047444172659,0,70,255.0,255.0,255.0
1174,58.7,70.21473424400554,-0.22811522636425008,-31.57403147627791,0.9860554925021024,-0.005771643170265906,0.8601770051367229,-0.4309233786663176,0.003046431870515924,-0.38085057345812723,0,70,255.0,255.0,255.0
1175,58.75,70.2635,-0.2284,-31.5315,0.9646074591298467,-0.005619292601227518,0.841055830737796,-0.4269979562239685,0.003047590891019948,-0.38399640249899214,0,70,255.0,255.0,255.0
1176,58.800000000000004,70.31119896008201,-0.2286770784539679,-31.489926916527082,0.9433976355664302,-0.005462311807894501,0.8218732569617939,-0.4213949863126214,0.003231640842300166,-0.38330654854102336,0,70,255.0,255.0,255.0
1177,58.85,70.35784443269823,-0.22894607780583007,-31.44931209942552,0.9224679604985839,-0.005296128516997498,0.8027251758836932,-0.4157920164012751,0.003415690793580357,-0.3826166945830547,0,70,255.0,255.0,255.0
1178,58.900000000000006,70.40345042527346,-0.22920653793070828,-31.409653824060413,0.9018184339263021,-0.00512074272853646,0.783611587503488,-0.410189046489928,0.003599740744860575,-0.3819268406250859,0,70,255.0,255.0,255.0
1179,58.95,70.44803094523246,-0.2294579987037243,-31.370950365796876,0.8814490558495905,-0.004936154442511437,0.7645324918211839,-0.40458607657858164,0.003783790696140766,-0.3812369866671172,0,70,255.0,255.0,255.0
1180,59.0,70.4916,-0.2297,-31.3332,0.8613598262684463,-0.004742363658922405,0.7454878888367783,-0.39898310666723624,0.003967840647420916,-0.38054713270915297,0,70,255.0,255.0,255.0
1181,59.050000000000004,70.53416788855422,-0.22993246561498085,-31.296402728468543,0.8413282383828744,-0.0045624055971919784,0.726374192531544,-0.40228040875557153,0.003230481821795508,-0.38400071950015235,0,70,255.0,255.0,255.0
1182,59.1,70.57573007608656,-0.2301568550254072,-31.26056545873584,0.8211317853928886,-0.004419315476742844,0.7070878168867626,-0.40557771084390637,0.002493122996170205,-0.38745430629115124,0,70,255.0,255.0,255.0
1183,59.150000000000006,70.61627831934179,-0.23037501162834317,-31.22569682476886,0.8007704672984831,-0.00431309329757496,0.6876287619024284,-0.4088750129322417,0.001755764170544797,-0.3909078930821506,0,70,255.0,255.0,255.0
1184,59.2,70.65580437506465,-0.23058877882085274,-31.191805460534585,0.780244284099664,-0.0042437390596883565,0.6679970275785468,-0.41217231502057655,0.001018405344919494,-0.39436147987314957,0,70,255.0,255.0,255.0
1185,59.25,70.6943,-0.2308,-31.1589,0.7595532357964279,-0.004211252763083017,0.6481926139151156,-0.41546961710891317,0.0002810465192941841,-0.39781506666414845,0,70,255.0,255.0,255.0
1186,59.300000000000004,70.73175108570112,-0.23100985908610872,-31.126987769598735,0.7383454109020436,-0.0041760658033377545,0.6282939729120546,-0.4328433786663834,0.0011264318705162119,-0.3981305734582238,0,70,255.0,255.0,255.0
1187,59.35,70.76812006295557,-0.2312169020925411,-31.09607086563112,0.7162688979297891,-0.004098609576031401,0.6083795565692927,-0.4502171402238511,0.001971817221738119,-0.39844608025229905,0,70,255.0,255.0,255.0
1188,59.400000000000006,70.80336349735948,-0.23141901555591918,-31.066150076864137,0.6933236968796578,-0.0039788840811639335,0.5884493648868241,-0.46759090178132134,0.0028172025729601468,-0.3987615870463744,0,70,255.0,255.0,255.0
1189,59.45,70.8374379545089,-0.2316140860128648,-31.037226192064765,0.6695098077516564,-0.0038168893187353874,0.5685033978646548,-0.48496466333878907,0.0036625879241820544,-0.3990770938404497,0,70,255.0,255.0,255.0
1190,59.5,70.8703,-0.2318,-31.0093,0.6448272305457815,-0.0036126252887457495,0.5485416555027816,-0.5023384248962595,0.004507973275403952,-0.39939260063452053,0,70,255.0,255.0,255.0
1191,59.550000000000004,70.90192056864132,-0.2319752980405844,-30.9823693931365,0.6201381180089165,-0.003405331189457103,0.5287379158202379,-0.48522607657825617,0.0037837906961412093,-0.39275698666715914,0,70,255.0,255.0,255.0
1192,59.6,70.93232807209115,-0.23214113660442845,-30.95642067873967,0.596304622887955,-0.003234246219131618,0.509265956836065,-0.4681137282602553,0.0030596081168785703,-0.3861213726997986,0,70,255.0,255.0,255.0
1193,59.650000000000006,70.96156529122035,-0.23229932614798027,-30.931437267774587,0.5733267451828904,-0.0030993703777692466,0.4901257785502575,-0.451001379942252,0.0023354255376158276,-0.37948575873243723,0,70,255.0,255.0,255.0
1194,59.7,70.98967500689972,-0.2324516771276881,-30.907402571206337,0.5512044848937292,-0.003000703665370027,0.4713173809628208,-0.43388903162425113,0.0016112429583531886,-0.3728501447650767,0,70,255.0,255.0,255.0
1195,59.75,71.0167,-0.2326,-30.8843,0.5299378420204677,-0.0029382460819339373,0.452840764073752,-0.41677668330625117,0.0008870603790905457,-0.3662145307977167,0,70,255.0,255.0,255.0
1196,59.800000000000004,71.04268023973368,-0.23274574875155377,-30.862113857855256,0.5093581170622933,-0.0028906094388336944,0.4346423638069803,-0.4064123150206571,0.00101840534491901,-0.36172147987308995,0,70,255.0,255.0,255.0
1197,59.85,71.0676444486798,-0.2328889514897452,-30.840832019410197,0.48929661051840134,-0.002836405547442036,0.41666861608644246,-0.39604794673506455,0.001149750310747456,-0.35722842894846385,0,70,255.0,255.0,255.0
1198,59.900000000000006,71.09161853775909,-0.23302927985215977,-30.820443252037506,0.46975332238878625,-0.0027756344077589463,0.39891952091213345,-0.3856835784494705,0.0012810952765759203,-0.3527353780238371,0,70,255.0,255.0,255.0
1199,59.95,71.11462841789225,-0.2331664054763829,-30.80093632310988,0.4507282526734537,-0.0027082960197844425,0.3813950782840582,-0.37531921016387787,0.0014124402424043662,-0.34824232709921094,0,70,255.0,255.0,255.0
1200,60.0,71.1367,-0.2333,-30.7823,0.43222140137240056,-0.002634390383518518,0.3640952882022144,-0.36495484187828753,0.0015437852082328223,-0.3437492761745844,0,70,255.0,255.0,255.0
1201,60.050000000000004,71.157858472424,-0.23342970695320067,-30.764523175442466,0.4141894137419697,-0.002552231055208135,0.34701262895183704,-0.3563246633388846,0.0017425879241822356,-0.3395570938404493,0,70,255.0,255.0,255.0
1202,60.1,71.17812613318965,-0.23355505743659086,-30.747595243619536,0.39658893503851156,-0.0024601315911002937,0.33013957881816897,-0.3476944847994828,0.0019413906401316205,-0.3353649115063148,0,70,255.0,255.0,255.0
1203,60.150000000000006,71.19752455774331,-0.23367555444338076,-30.73150572407537,0.379419965262021,-0.0023580919911949686,0.31347613780120515,-0.33906430626007983,0.002140193356081034,-0.3311727291721797,0,70,255.0,255.0,255.0
1204,60.2,71.21607532153129,-0.2337907009667804,-30.71624413635414,0.362682504412503,-0.0022461122554921884,0.29702230590095047,-0.33043412772067804,0.002338996072030419,-0.32698054683804517,0,70,255.0,255.0,255.0
1205,60.25,71.2338,-0.2339,-30.7018,0.3463765524899551,-0.00212419238399194,0.28077808311740243,-0.3218039491812772,0.0025377987879798038,-0.32278836450391113,0,70,255.0,255.0,255.0
1206,60.300000000000004,71.25072187057033,-0.23400342343564362,-30.68816224037487,0.3306042279698168,-0.002020466340333607,0.26477912038567486,-0.30908903162420165,0.0016112429583531452,-0.3171701447651381,0,70,255.0,255.0,255.0
1207,60.35,71.26687101856163,-0.2341028187638914,-30.67531740611165,0.3154676493275344,-0.0019630680881566162,0.24906106864088814,-0.2963741140671279,0.0006846871287266181,-0.31155192502636586,0,70,255.0,255.0,255.0
1208,60.400000000000006,71.28227923126772,-0.23420050237431733,-30.663251451660997,0.30096681656310365,-0.001951997627460951,0.23362392788303785,-0.28365919651005234,-0.00024186870090004038,-0.30593370528759284,0,70,255.0,255.0,255.0
1209,60.45,71.29697829598256,-0.2342987906564955,-30.65195033147356,0.28710172967652864,-0.0019872549582466144,0.21846769811212838,-0.27094427895297857,-0.0011684245305265675,-0.30031548554882065,0,70,255.0,255.0,255.0
1210,60.5,71.311,-0.2344,-30.6414,0.27387238866780733,-0.0020688400805136016,0.20359237932815746,-0.2582293613959057,-0.0020949803601530946,-0.29469726581004907,0,70,255.0,255.0,255.0
1211,60.550000000000004,71.32437484529467,-0.2345053993042248,-30.63158706305806,0.26120167437880765,-0.00213390358345733,0.18895888950542647,-0.2485992101640379,-0.0005075597575958234,-0.29064232709914006,0,70,255.0,255.0,255.0
1212,60.6,71.33712819256391,-0.23461206750784358,-30.622500731933865,0.2490124676514031,-0.002119596056273196,0.174528146618243,-0.23896905893217146,0.0010798608449612223,-0.28658738838823167,0,70,255.0,255.0,255.0
1213,60.650000000000006,71.34928411718585,-0.23471603605935001,-30.614130869280643,0.23730476848559026,-0.002025917498961195,0.16030015066660297,-0.22933890770030368,0.0026672814475184933,-0.28253244967732266,0,70,255.0,255.0,255.0
1214,60.7,71.36086669453849,-0.2348133364072376,-30.606467337751614,0.22607857688137234,-0.0018528679115213543,0.14627490165051033,-0.21970875646843727,0.004254702050075539,-0.2784775109664142,0,70,255.0,255.0,255.0
1215,60.75,71.3719,-0.2349,-30.5995,0.2153338928387478,-0.0016004472939536653,0.13245239956996313,-0.21007860523657063,0.0058421226526325885,-0.27442257225550515,0,70,255.0,255.0,255.0
1216,60.800000000000004,71.38240834825103,-0.23497337934745716,-30.593218307392895,0.20508507451482175,-0.0013479193258370643,0.11885732159262327,-0.19987412772043647,0.004258996072030595,-0.26938054683804297,0,70,255.0,255.0,255.0
1217,60.85,71.39241701118274,-0.23503611120473422,-30.587610066152884,0.1953464800667038,-0.0011745476867505884,0.1055143448861584,-0.1896696502043038,0.002675869491428827,-0.26433852142058156,0,70,255.0,255.0,255.0
1218,60.900000000000006,71.40195149998897,-0.23509215338828268,-30.582662671216433,0.18611810949439114,-0.001080332376694189,0.09242346945056477,-0.17946517268816967,0.001092742910826834,-0.2592964960031194,0,70,255.0,255.0,255.0
1219,60.95,71.41103732586345,-0.23514546371455414,-30.578363517519985,0.1773999627978865,-0.0010652733956678924,0.07958469528584607,-0.16926069517203696,-0.0004903836697749348,-0.254254470585658,0,70,255.0,255.0,255.0
1220,61.0,71.4197,-0.2352,-30.5747,0.16919203997718843,-0.0011293707436716793,0.06699802239200042,-0.15905621765590472,-0.0020735102503766905,-0.24921244516819652,0,70,255.0,255.0,255.0
1221,61.050000000000004,71.42796536170125,-0.2352586833059466,-30.571659707370355,0.16151402756196534,-0.0012104191131942646,0.05465182412407239,-0.14806427895299246,-0.0011684245305264367,-0.24463548554888265,0,70,255.0,255.0,255.0
1222,61.1,71.43586056270513,-0.23532028767321955,-30.569231003454576,0.1543856120818889,-0.001246213196724331,0.04253447383711178,-0.13707234025008175,-0.00026333881067631157,-0.24005852592956942,0,70,255.0,255.0,255.0
1223,61.150000000000006,71.44341308285836,-0.23538255038751918,-30.567402445853627,0.14780679353695705,-0.0012367529942618897,0.03064597153111514,-0.12608040154716948,0.0006417469091739422,-0.23548156631025555,0,70,255.0,255.0,255.0
1224,61.2,71.45065040200772,-0.23544320873454586,-30.56616259216845,0.1417775719271717,-0.0011820385058069426,0.018986317206085856,-0.11508846284425878,0.0015468326290240674,-0.23090460669094234,0,70,255.0,255.0,255.0
1225,61.25,71.4576,-0.2355,-30.5655,0.13629794725253183,-0.0010820697313594914,0.007555510862022218,-0.10409652414134807,0.0024519183488741977,-0.22632764707162917,0,70,255.0,255.0,255.0
1226,61.300000000000004,71.46428940494398,-0.23555108742875638,-30.565402863125698,0.1313708152372828,-0.0009624042213857483,-0.0036246180889280455,-0.09298875646859546,0.002334702050075118,-0.22087751096634323,0,70,255.0,255.0,255.0
1227,61.35,71.47074633799679,-0.2355963381023876,-30.565857920028805,0.12699907160567206,-0.0008485995263519755,-0.014532240234612456,-0.08188098879584443,0.0022174857512760543,-0.21542737486105806,0,70,255.0,255.0,255.0
1228,61.400000000000006,71.47699856857761,-0.23563604506164057,-30.566851545369065,0.12318271635769834,-0.0007406556462581405,-0.02516735557503412,-0.07077322112309184,0.0021002694524769744,-0.20997723875577212,0,70,255.0,255.0,255.0
1229,61.45,71.48307386610561,-0.2356705013472624,-30.56837011380622,0.1199217494933627,-0.0006385725811042742,-0.03552996411019001,-0.059665453450340813,0.001983053153677911,-0.20452710265048696,0,70,255.0,255.0,255.0
1230,61.5,71.489,-0.2357,-30.5704,0.11721617101266459,-0.0005423503308903607,-0.04562006584008165,-0.048557685777590565,0.00186583685487885,-0.19907696654520174,0,70,255.0,255.0,255.0
1231,61.550000000000004,71.49480421852284,-0.23572496697902784,-30.572928040126868,0.11503471148892974,-0.0004599640012627596,-0.05546535176835574,-0.03870069517179571,0.0014296163302249128,-0.19473447058572835,0,70,255.0,255.0,255.0
1232,61.6,71.50051168530774,-0.23574635991723014,-30.575942916430204,0.11334610149548488,-0.00039938869786786433,-0.0650935128986548,-0.028843704566002257,0.0009933958055710376,-0.19039197462625557,0,70,255.0,255.0,255.0
1233,61.650000000000006,71.50614704283122,-0.23576526936591852,-30.5794337726701,0.11215034103232954,-0.0003606244207056576,-0.07450454923098154,-0.018986713960207402,0.0005571752809171004,-0.18604947866678218,0,70,255.0,255.0,255.0
1234,61.7,71.5117349335698,-0.23578278587640458,-30.583389752606667,0.11144743009946406,-0.0003436711697761504,-0.08369846076533331,-0.009129723354413949,0.00012095475626322516,-0.1817069827073094,0,70,255.0,255.0,255.0
1235,61.75,71.5173,-0.2358,-30.5878,0.11123736869688819,-0.0003485289450793357,-0.09267524750171145,0.000727267251378505,-0.0003152657683906509,-0.1773644867478371,0,70,255.0,255.0,255.0
1236,61.800000000000004,71.5228673209647,-0.2358178446551322,-30.59265377636683,0.11154633880705542,-0.0003657397735634845,-0.10144197483767993,0.0116315371553096,-0.0003731673709752424,-0.17330460669087205,0,70,255.0,255.0,255.0
1237,61.85,71.52846372077231,-0.23583662222869187,-30.59794081425039,0.11240052241241909,-0.0003858456821768601,-0.11000570817079894,0.022535807059239143,-0.00043106897355982564,-0.16924472663390758,0,70,255.0,255.0,255.0
1238,61.900000000000006,71.53411646009754,-0.23585647747468538,-30.603650963950532,0.11379991951297944,-0.0004088466709194681,-0.11836644750107089,0.03344007696317024,-0.0004889705761444171,-0.16518484657694252,0,70,255.0,255.0,255.0
1239,61.95,71.53985279961519,-0.23587755514711925,-30.609774075767117,0.11574453010873609,-0.00043474273979130206,-0.12652419282849345,0.04434434686709978,-0.0005468721787290004,-0.161124966519978,0,70,255.0,255.0,255.0
1240,62.0,71.5457,-0.2359,-30.6163,0.11823435419968915,-0.0004635338887923651,-0.1344789441530678,0.05524861677102899,-0.0006047737813135831,-0.1570650864630141,0,70,255.0,255.0,255.0
1241,62.050000000000004,71.55168489761834,-0.23592365440044336,-30.62321765440581,0.12124393328271468,-0.00047707690448325115,-0.1421747488809057,0.06513454654998221,6.305315367818756e-05,-0.15076710265047563,0,70,255.0,255.0,255.0
1242,62.1,71.55783263160309,-0.2359471511680025,-30.630512226568246,0.12474780885468739,-0.00045722857342455096,-0.1495556544181156,0.07502047632893402,0.0007308800886698633,-0.14446911883793806,0,70,255.0,255.0,255.0
1243,62.150000000000006,71.56416791677863,-0.23596882073533998,-30.63816797152778,0.1287459809156083,-0.000403988895616259,-0.15662166076469966,0.08490640610788724,0.0013987070236616342,-0.1381711350253996,0,70,255.0,255.0,255.0
1244,62.2,71.57071546796946,-0.2359869935351183,-30.646169144324872,0.1332384494654762,-0.00031735787105839034,-0.16337276792065583,0.09479233588683905,0.0020665339586533097,-0.13187315121286206,0,70,255.0,255.0,255.0
1245,62.25,71.5775,-0.236,-30.6545,0.13822521450429165,-0.0001973354997509398,-0.16980897588598515,0.10467826566579053,0.002734360893644986,-0.12557516740032382,0,70,255.0,255.0,255.0
1246,62.300000000000004,71.58454748856188,-0.23600673774309439,-30.663146006009928,0.1437819280620794,-7.795260850324382e-05,-0.17600302963867998,0.11759027664569993,0.002040954756262446,-0.1221869827074478,0,70,255.0,255.0,255.0
1247,62.35,71.59188895281537,-0.23600837309929812,-30.672097479476623,0.14998424216886172,6.759975875312655e-06,-0.18202767415673013,0.1305022876256075,0.001347548618880005,-0.11879879801457224,0,70,255.0,255.0,255.0
1248,62.400000000000006,71.5995566727879,-0.23600663958395465,-30.681345949938354,0.1568321568246404,5.6802253384753666e-05,-0.18788290944013733,0.1434142986055169,0.0006541424814974651,-0.11541061332169622,0,70,255.0,255.0,255.0
1249,62.45,71.60758292850697,-0.23600327071240748,-30.690882946933396,0.1643256720294135,7.217422402506498e-05,-0.1935687354888999,0.15632630958542448,-3.926365588497599e-05,-0.11202242862882067,0,70,255.0,255.0,255.0
1250,62.5,71.616,-0.236,-30.7007,0.17246478778318197,5.287588779625633e-05,-0.19908515230301874,0.1692383205653316,-0.0007326697932674168,-0.10863424393594534,0,70,255.0,255.0,255.0
1251,62.550000000000004,71.62483634813417,-0.23599819462717903,-30.710787921554484,0.18102035446898426,2.0887338496343644e-05,-0.20438913256441382,0.17298434686673114,-0.0005468721787289813,-0.10352496651983985,0,70,255.0,255.0,255.0
1252,62.6,71.6341051571355,-0.23599775643480492,-30.721134655525262,0.18976322246985533,-1.8113300766438875e-06,-0.20943764895500291,0.17673037316813014,-0.00036107456419057205,-0.09841568910373509,0,70,255.0,255.0,255.0
1253,62.650000000000006,71.64381579206973,-0.23599822092884126,-30.731727428718806,0.19869339178579756,-1.5220117922712753e-05,-0.21423070147478743,0.1804763994695297,-0.00017527694965213648,-0.0933064116876296,0,70,255.0,255.0,255.0
1254,62.7,71.65397761800264,-0.23599912361525172,-30.742553467941562,0.20781086241680852,-1.9339025041859102e-05,-0.21876829012376603,0.1842224257709287,1.0520664886272749e-05,-0.08819713427152484,0,70,255.0,255.0,255.0
1255,62.75,71.6646,-0.236,-30.7536,0.21711563436288936,-1.416805143408554e-05,-0.22305041490193944,0.18796845207232615,0.00019631827942468203,-0.0830878568554203,0,70,255.0,255.0,255.0
1256,62.800000000000004,71.6756799189015,-0.2360004837481894,-30.76485670777215,0.2258646540618772,-5.596745482130781e-06,-0.22722444010364795,0.16199233588715667,0.00014653395865347915,-0.08387315121290591,0,70,255.0,255.0,255.0
1257,62.85,71.68716481864269,-0.23600060116148217,-30.77632309842233,0.23331486795160544,4.853444312629387e-07,-0.23143773002323012,0.1360162197019909,9.674963788228338e-05,-0.0846584455703914,0,70,255.0,255.0,255.0
1258,62.900000000000006,71.69898975893315,-0.23600047670068025,-30.788001135186438,0.23946627603207626,4.078218306097341e-06,-0.23569028466068723,0.1100401035168214,4.6965317111080526e-05,-0.08544373992787699,0,70,255.0,255.0,255.0
1259,62.95,71.71108979948242,-0.23600023482658555,-30.79989278130036,0.24431887830328794,5.181876142371412e-06,-0.23998210401601797,0.08406398733165563,-2.819003660115276e-06,-0.08622903428536248,0,70,255.0,255.0,255.0
1260,63.0,71.7234,-0.236,-30.812,0.24787267476524139,3.79631794008583e-06,-0.244313188089223,0.058087871146490055,-5.260332443131104e-05,-0.08701432864284686,0,70,255.0,255.0,255.0
1261,63.050000000000004,71.73586877625989,-0.2359998703800633,-30.824323647356927,0.25092902928353805,1.4996434321794768e-06,-0.24861710702101492,0.0641663095853663,-3.9263655884935264e-05,-0.08514242862881446,0,70,255.0,255.0,255.0
1262,63.1,71.74849796829372,-0.23599983891926632,-30.836860150785423,0.25428930572377806,-1.3004764840784707e-07,-0.2528274309521046,0.07024474802424167,-2.592398733856139e-05,-0.08327052861478233,0,70,255.0,255.0,255.0
1263,63.150000000000006,71.76130277219761,-0.2359998722684377,-30.84960483053546,0.2579535040859624,-1.0927553016766052e-06,-0.25694415988249325,0.07632318646311792,-1.2584318792185616e-05,-0.08139862860074994,0,70,255.0,255.0,255.0
1264,63.2,71.77429838406769,-0.235999937078406,-30.862553006856995,0.2619216243700899,-1.3884795276265218e-06,-0.2609672938121797,0.08240162490199329,7.553497541882599e-07,-0.07952672858671782,0,70,255.0,255.0,255.0
1265,63.25,71.7875,-0.236,-30.8757,0.2661936665761612,-1.017220326257781e-06,-0.26489683274116455,0.08848006334086778,1.4095018300562142e-05,-0.07765482857268458,0,70,255.0,255.0,255.0
1266,63.300000000000004,71.800918576059,-0.23600003473155734,-30.88904150280015,0.27051522880395545,-4.0182824658712743e-07,-0.26875513181226907,0.08438242577088682,1.05206648862619e-05,-0.07667713427148382,0,70,255.0,255.0,255.0
1267,63.35,71.81454810818241,-0.23600004316145248,-30.902574698435977,0.27463190915325003,3.484616236844935e-08,-0.27256454616831305,0.08028478820090645,6.946311471962167e-06,-0.07569943997028321,0,70,255.0,255.0,255.0
1268,63.400000000000006,71.82837835227635,-0.23600003422556895,-30.91629714267173,0.2785437076240462,2.928029006090739e-07,-0.2763250758092975,0.07618715063092549,3.3719580576619248e-06,-0.07472174566908245,0,70,255.0,255.0,255.0
1269,63.45,71.84239906424685,-0.23600001685979027,-30.93020639127165,0.2822506242163428,3.7204196813467187e-07,-0.2800367207352214,0.07208951306094512,-2.0239535663780782e-07,-0.07374405136788184,0,70,255.0,255.0,255.0
1270,63.5,71.8566,-0.236,-30.9443,0.2857526589301403,2.7256336494529414e-07,-0.28369948094608527,0.06799187549096386,-3.776748770937542e-06,-0.07276635706668122,0,70,255.0,255.0,255.0
1271,63.550000000000004,71.87097211950415,-0.23599999069370725,-30.95857514144248,0.28912205550070535,1.0766955416903284e-07,-0.28729036572988925,0.0667839873316291,-2.8190036601123472e-06,-0.0708690342854662,0,70,255.0,255.0,255.0
1272,63.6,71.8855111989766,-0.23599998843492365,-30.97302745547067,0.2924310576633033,-9.337001065951391e-09,-0.290786384374632,0.06557609917229451,-1.8612585492872883e-06,-0.06897171150425144,0,70,255.0,255.0,255.0
1273,63.650000000000006,71.900214218697,-0.2359999908292864,-30.98765219877762,0.29567966541793494,-7.845630075969186e-08,-0.2941875368803145,0.06436821101295975,-9.035134384620935e-07,-0.06707438872303642,0,70,255.0,255.0,255.0
1274,63.7,71.91507815894495,-0.23599999548243278,-31.002444628056384,0.29886787876459936,-9.968834491216887e-08,-0.29749382324693574,0.06316032285362516,5.423167236296543e-08,-0.06517706594182167,0,70,255.0,255.0,255.0
1275,63.75,71.9301,-0.236,-31.0174,0.30199569770329715,-7.303313352339554e-08,-0.3007052434744963,0.0619524346942919,1.0119767831880241e-06,-0.0632797431606078,0,70,255.0,255.0,255.0
1276,63.800000000000004,71.94527694592445,-0.2360000024936136,-31.032513931429936,0.30507654919320065,-2.884997008900401e-08,-0.303843405268179,0.06128162490183756,7.553497541874864e-07,-0.06224672858668967,0,70,255.0,255.0,255.0
1277,63.85,71.96060709591116,-0.23600000309885283,-31.04778347968134,0.30812386019348104,2.501841895355992e-09,-0.30692991633316535,0.06061081510938331,4.98722725186985e-07,-0.06121371401277168,0,70,255.0,255.0,255.0
1278,63.900000000000006,71.97608877293564,-0.23600000245728528,-31.063206062217773,0.3111376307041391,2.102230242969338e-08,-0.30996477666945627,0.05994000531692897,2.4209569618644723e-07,-0.060180699438853555,0,70,255.0,255.0,255.0
1279,63.95,71.99172029997342,-0.23600000121047848,-31.078779096502807,0.314117860725174,2.6711411514002888e-08,-0.3129479862770508,0.059269195524474724,-1.4531332814054116e-08,-0.05914768486493557,0,70,255.0,255.0,255.0
1280,64.0,72.0075,-0.236,-31.0945,0.3170645502565862,1.9569169148288052e-08,-0.31587954515594946,0.058598385732020475,-2.7115836181455547e-07,-0.05811467029101758,0,70,255.0,255.0,255.0
1281,64.05,72.02342569679806,-0.23599999933183824,-31.110365932837773,0.3199477477264179,7.73032618698462e-09,-0.31874401319742107,0.056729513061253484,-2.0239535663760874e-07,-0.05646405136785387,0,70,255.0,255.0,255.0
1282,64.10000000000001,72.03949321737873,-0.23599999916966488,-31.126373025803975,0.322737501562712,-6.703665154735712e-10,-0.3215259502927353,0.054860640390485965,-1.3363235146064245e-07,-0.05481343244468969,0,70,255.0,255.0,255.0
1283,64.15,72.05569788956043,-0.2359999993415724,-31.142517152351285,0.325433811765467,-5.6329089590817465e-09,-0.32422535644189054,0.052991767719718974,-6.486934628369572e-08,-0.05316281352152598,0,70,255.0,255.0,255.0
1284,64.2,72.07203504116139,-0.23599999967565327,-31.158794185932393,0.3280366783346836,-7.15730114384277e-09,-0.3268422316448876,0.05112289504895198,3.893658893250981e-09,-0.05151219459836227,0,70,255.0,255.0,255.0
1285,64.25,72.0885,-0.236,-31.1752,0.3305461012703619,-5.243543069756667e-09,-0.3293765759017264,0.049254022378183215,7.265666407019772e-08,-0.049861575675196335,0,70,255.0,255.0,255.0
1286,64.3,72.10508826688336,-0.2360000001790334,-31.191730337218956,0.3329724599011578,-2.0713346589291003e-09,-0.331820541942151,0.0478003228536612,5.423167236291213e-08,-0.04789706594179368,0,70,255.0,255.0,255.0
1287,64.35000000000001,72.12179603457383,-0.23600000022248763,-31.208380417102774,0.3353261335557284,1.796241665347477e-10,-0.3341662824959062,0.04634662332913877,3.580668065562132e-08,-0.04593255620839047,0,70,255.0,255.0,255.0
1288,64.4,72.13861966882266,-0.23600000017642514,-31.225145328377106,0.33760712223407213,1.509333406633599e-09,-0.3364137975629905,0.04489292380461675,1.7381688948335735e-08,-0.04396804647498782,0,70,255.0,255.0,255.0
1289,64.45,72.15555553538098,-0.23600000008690844,-31.242020159767627,0.3398154259361898,1.917793061368223e-09,-0.3385630871434047,0.04343922428009473,-1.0433027589498473e-09,-0.04200353674158517,0,70,255.0,255.0,255.0
1290,64.5,72.1726,-0.236,-31.259,0.34195104466208137,1.4050031307386182e-09,-0.3406141512371488,0.041985524755571824,-1.9468294466235446e-08,-0.040039027008182515,0,70,255.0,255.0,255.0
1291,64.55,72.18974923566853,-0.2359999999520281,-31.27608071828639,0.3440024126690733,5.550124487317847e-10,-0.34261381903397775,0.04006919552411034,-1.4531332814039826e-08,-0.03994768486498082,0,70,255.0,255.0,255.0
1292,64.60000000000001,72.20699864432588,-0.23599999994038462,-31.293261305784945,0.34595796421449276,-4.8130150665418376e-11,-0.34460891972364716,0.038152866292648316,-9.594371161842804e-09,-0.0398563427217791,0,70,255.0,255.0,255.0
1293,64.65,72.22434343514897,-0.235999999952727,-31.310541534140306,0.3478176992983385,-4.044246674526475e-10,-0.346599453306156,0.03623653706118684,-4.657409509647184e-09,-0.0397650005785774,0,70,255.0,255.0,255.0
1294,64.7,72.2417788173147,-0.23599999997671295,-31.327921174997112,0.3495816179206112,-5.138711016301099e-10,-0.3485854197815047,0.03432020782972536,2.7955214254843464e-10,-0.03967365843537571,0,70,255.0,255.0,255.0
1295,64.75,72.2593,-0.236,-31.3454,0.35124972008131083,-3.7646945319780567e-10,-0.35056681914969334,0.032403878598262104,5.216513794744053e-09,-0.039582316292174013,0,70,255.0,255.0,255.0
1296,64.8,72.27690279044249,-0.236000000012854,-31.362976389635477,0.35285788942249563,-1.4871513599803823e-10,-0.3524601819219558,0.031922895049132045,3.8936588932471635e-09,-0.03615219459832898,0,70,255.0,255.0,255.0
1297,64.85000000000001,72.29458538812263,-0.23600000001597388,-31.380643159757454,0.3544420095862243,1.2896436126925036e-11,-0.35418203860952646,0.03144191150000185,2.5708039917498977e-09,-0.03272207290448298,0,70,255.0,255.0,255.0
1298,64.9,72.3123465905815,-0.23600000001266674,-31.39839173506169,0.3560020805724961,1.0836526317699232e-10,-0.35573238921240447,0.030960927950871787,1.2479490902530076e-09,-0.029291951210637955,0,70,255.0,255.0,255.0
1299,64.95,72.33018519536026,-0.23600000000623975,-31.416213540243948,0.3575381023813113,1.3769134515221877e-10,-0.3571112337305901,0.030479944401741725,-7.49058112438822e-11,-0.025861829516792927,0,70,255.0,255.0,255.0
1300,65.0,72.3481,-0.236,-31.4341,0.35905007501267006,1.0087468205260465e-10,-0.3583185721640835,0.02999896085261078,-1.3977607127407711e-09,-0.022431707822946567,0,70,255.0,255.0,255.0
1301,65.05,72.36608920256145,-0.23599999999655577,-31.4520441231717,0.3605020296409885,3.9848095260368063e-11,-0.35944945327819616,0.028079224280130363,-1.043302758948831e-09,-0.022803536741561527,0,70,255.0,255.0,255.0
1302,65.10000000000001,72.38414860318362,-0.2359999999957198,-31.470045255185255,0.3618579974406833,-3.4555938422823027e-12,-0.3605989258382399,0.026159487707649403,-6.888448051567901e-10,-0.02317536566017659,0,70,255.0,255.0,255.0
1303,65.15,72.40227340252507,-0.23599999999660595,-31.48810432561296,0.3631179784117537,-2.9036385255321844e-11,-0.361766989844214,0.02423975113516899,-3.3438685136485003e-10,-0.02354719457879155,0,70,255.0,255.0,255.0
1304,65.2,72.42045880124434,-0.23599999999832805,-31.506222264027105,0.3642819725542001,-3.6894278978765404e-11,-0.3629536452961189,0.022320014562688575,2.0071102427090247e-11,-0.02391902349740651,0,70,255.0,255.0,255.0
1305,65.25,72.4387,-0.236,-31.5244,0.3653499798680224,-2.7029275012612932e-11,-0.3641588921939546,0.02040027799020727,3.745290562190302e-10,-0.024290852416021025,0,70,255.0,255.0,255.0
1306,65.3,72.45699239931164,-0.2360000000009229,-31.542637517677726,0.3663339920135215,-1.0677245043434117e-11,-0.3653260049652405,0.01896020782976046,2.7955214254815955e-10,-0.022393658435415915,0,70,255.0,255.0,255.0
1307,65.35000000000001,72.47533219914288,-0.23600000000114685,-31.560931019501542,0.3672460006509986,9.259392422040557e-13,-0.3663982580374963,0.01752013766931324,1.8457522887726194e-10,-0.02049646445481027,0,70,255.0,255.0,255.0
1308,65.4,72.49371579931828,-0.2360000000009094,-31.579275762486493,0.36808600578045303,7.780277844294998e-12,-0.3673756514107217,0.016080067508866428,8.95983152063913e-11,-0.018599270474205162,0,70,255.0,255.0,255.0
1309,65.45,72.51213959966248,-0.23600000000044796,-31.597667003647633,0.3688540074018852,9.885770762842684e-12,-0.3682581850849167,0.014639997348419616,-5.378598464479353e-12,-0.016702076493600053,0,70,255.0,255.0,255.0
1310,65.5,72.5306,-0.236,-31.6161,0.369550005515295,7.242417997847086e-12,-0.3690458590600816,0.013199927187974136,-1.0035551213535009e-10,-0.014804882512994055,0,70,255.0,255.0,255.0
1311,65.55,72.54909320019192,-0.2359999999997527,-31.634569806117398,0.37016200230503554,2.8608849133683957e-12,-0.36972652686082697,0.011279944401650276,-7.49058112438075e-11,-0.012421829516823515,0,70,255.0,255.0,255.0
1312,65.60000000000001,72.56761460024485,-0.23599999999969268,-31.65307066680859,0.3706779999554601,-2.481631265339408e-13,-0.370288042011764,0.009359961615325868,-4.9456110352257675e-11,-0.010038776520652298,0,70,255.0,255.0,255.0
1313,65.65,72.58615940020182,-0.23599999999975632,-31.67159662444108,0.37109799846656827,-2.0847261218581543e-12,-0.37073040451289235,0.007439978829002007,-2.4006409460715087e-11,-0.007655723524481756,0,70,255.0,255.0,255.0
1314,65.7,72.60472280010586,-0.23599999999987997,-31.69014172138238,0.3714219978383602,-2.648804072605311e-12,-0.37105361436421214,0.005519996042678146,1.4432914308275e-12,-0.005272670528311216,0,70,255.0,255.0,255.0
1315,65.75,72.6233,-0.236,-31.7087,0.371649998070836,-1.940396978775412e-12,-0.3712576715657235,0.0036000132563556164,2.6892992322370094e-11,-0.0028896175321402318,0,70,255.0,255.0,255.0
1316,65.8,72.64188679992066,-0.23600000000006624,-31.727266457852682,0.3718179987663098,-7.662946100394662e-13,-0.37139988759146164,0.0031200145625972114,2.00711024270704e-11,-0.0027990234973873256,0,70,255.0,255.0,255.0
1317,65.85000000000001,72.66048139987772,-0.23600000000008228,-31.74583991326412,0.3719619995270957,6.671326393170271e-14,-0.3715375739154622,0.00264001586883867,1.324921253176877e-11,-0.0027084294626343944,0,70,255.0,255.0,255.0
1318,65.9,72.67908259987448,-0.23600000000006527,-31.76442013974921,0.3720820003531937,5.586266431376209e-13,-0.3716707305377251,0.0021600171750802656,6.427322636469078e-12,-0.0026178354278814883,0,70,255.0,255.0,255.0
1319,65.95,72.69768919991412,-0.23600000000003213,-31.78300691082286,0.37217800124460376,7.094455275785734e-13,-0.3717993574582504,0.0016800184813218603,-3.945672588306147e-13,-0.002527241393128582,0,70,255.0,255.0,255.0
1320,66.0,72.7163,-0.236,-31.8016,0.37225000220132587,5.191699172545617e-13,-0.37192345467703797,0.0012000197875634555,-7.2164571541303056e-12,-0.0024366473583747883,0,70,255.0,255.0,255.0
1321,66.05,72.73491320012546,-0.23599999999998228,-31.820197962471855,0.37226200262972636,2.0429352678946889e-13,-0.3719699227733366,-0.0007200026515438625,-5.378598464474123e-12,0.0005779235064282302,0,70,255.0,255.0,255.0
1322,66.10000000000001,72.75352460024428,-0.235999999999978,-31.838794480134947,0.37217800193617145,-1.8689929192870408e-14,-0.37186566232639506,-0.0026400250906517264,-3.540739774817419e-12,0.0035924943712321057,0,70,255.0,255.0,255.0
1323,66.15,72.77212940030037,-0.2359999999999826,-31.85738201656211,0.3719980001206612,-1.4978045069232937e-13,-0.3716106733362134,-0.004560047529759044,-1.7028810851612364e-12,0.006607065236035124,0,70,255.0,255.0,255.0
1324,66.2,72.79072280023765,-0.23599999999999147,-31.87595303532618,0.37172199718319554,-1.8897803770898432e-13,-0.3712049558027916,-0.006480069968866363,1.3497760449494602e-13,0.009621636100838143,0,70,255.0,255.0,255.0
1325,66.25,72.8093,-0.236,-31.8945,0.37134999312377465,-1.3628269024283528e-13,-0.3706485097261297,-0.008400092407974125,1.9728362941511285e-12,0.012636206965640717,0,70,255.0,255.0,255.0
1326,66.3,72.82785639957753,-0.23600000000000457,-31.913016892259886,0.37089399071464313,-5.087949711840965e-14,-0.3700324213151958,-0.009840003957286044,1.4432914308260908e-12,0.012007329471716446,0,70,255.0,255.0,255.0
1327,66.35000000000001,72.84638819914517,-0.23600000000000554,-31.9315037661961,0.37036599272804593,8.046452839778585e-15,-0.369447776778958,-0.011279915506598372,9.137465675009024e-13,0.011378451977791996,0,70,255.0,255.0,255.0
1328,66.4,72.86489179892405,-0.2360000000000042,-31.949962194002367,0.36976599916398323,4.0495159631695906e-14,-0.3688945761174165,-0.01271982705591029,3.842017041758647e-13,0.010749574483867725,0,70,255.0,255.0,255.0
1329,66.45,72.88336359913527,-0.2360000000000019,-31.968393747872422,0.369094010022455,4.646662325736284e-14,-0.3683728193305713,-0.014159738605222209,-1.45343159149173e-13,0.010120696989943454,0,70,255.0,255.0,255.0
1330,66.5,72.9018,-0.236,-31.9868,0.3683500253034611,2.5960843716779482e-14,-0.3678825064184223,-0.015599650154535016,-6.748880224742104e-13,0.009491819496019627,0,70,255.0,255.0,255.0
1331,66.55,72.9201972015644,-0.2359999999999994,-32.00518086848859,0.36752203451164217,-7.755383158302953e-16,-0.3673243919658509,-0.01751998151822425,-3.9456725883024163e-13,0.012832758606836314,0,70,255.0,255.0,255.0
1332,66.60000000000001,72.93855060317503,-0.23599999999999982,-32.02352965508066,0.36659802715163853,-1.3495882166244054e-14,-0.3665992305577385,-0.01944031288191403,-1.1424649518619319e-13,0.01617369771765395,0,70,255.0,255.0,255.0
1333,66.65,72.95685540400342,-0.23600000000000054,-32.04183800742844,0.36557800322345063,-1.2200187834454578e-14,-0.36570702219408546,-0.02136064424560326,1.660742684577757e-13,0.019514636828470634,0,70,255.0,255.0,255.0
1334,66.7,72.97510680322122,-0.23600000000000082,-32.060097573184144,0.3644619627270783,3.1115446795325826e-15,-0.36464776687489153,-0.023280975609292497,4.4639503210174446e-13,0.02285557593928732,0,70,255.0,255.0,255.0
1335,66.75,72.9933,-0.236,-32.0783,0.36324990566252147,3.243931537571734e-14,-0.3634214646001569,-0.025201306972982174,7.267157957457131e-13,0.026196515050102676,0,70,255.0,255.0,255.0
1336,66.8,73.01143079416482,-0.2359999999999977,-32.09643803378575,0.3619778712389594,5.3981650381730834e-14,-0.3620940108213862,-0.025680069969503245,1.3497760449487564e-13,0.026901636100728647,0,70,255.0,255.0,255.0
1337,66.85000000000001,73.02949738815474,-0.23599999999999507,-32.114508813481265,0.3606818986655709,4.593707582519765e-14,-0.3607313009900838,-0.02615883296602445,-4.567605867561301e-13,0.02760675715135482,0,70,255.0,255.0,255.0
1338,66.9,73.04749858506223,-0.2359999999999936,-32.132510576283885,0.35936198794235674,8.30559170612233e-15,-0.3593333351062505,-0.026637595962545522,-1.0484987780069677e-12,0.028311878201980792,0,70,255.0,255.0,255.0
1339,66.95,73.0654331879798,-0.23599999999999474,-32.15044155939101,0.3580181390693165,-5.891280197549317e-14,-0.35790011316988585,-0.027116358959066594,-1.6402369692578052e-12,0.029016999252606764,0,70,255.0,255.0,255.0
1340,67.0,73.0833,-0.236,-32.1683,0.35665035204645024,-1.5571810521964884e-13,-0.35643163518098997,-0.027595121955587665,-2.2319751605086426e-12,0.029722120303231847,0,70,255.0,255.0,255.0
1341,67.05,73.10109722177626,-0.23600000000000973,-32.186083796368386,0.355222480532431,-2.1515106321109306e-13,-0.35490756474865676,-0.029519738605186488,-1.4534315914926105e-13,0.03124069699009864,0,70,255.0,255.0,255.0
1342,67.10000000000001,73.11882064420602,-0.23600000000001975,-32.2037894909943,0.3536983781859313,-1.7025242113454652e-13,-0.35330756548197984,-0.03144435525478585,1.9412888422107135e-12,0.032759273676965864,0,70,255.0,255.0,255.0
1343,67.15,73.13646545574767,-0.236000000000025,-32.221413287436015,0.3520780450069521,-2.1022178990034718e-14,-0.3516316373809599,-0.033368971904384676,4.027920843570095e-12,0.03427785036383266,0,70,255.0,255.0,255.0
1344,67.2,73.15402684485952,-0.2360000000000201,-32.238951389251824,0.350361480995493,2.325396632224401e-13,-0.34987978044559676,-0.0352935885539835,6.114552844929477e-12,0.03579642705069945,0,70,255.0,255.0,255.0
1345,67.25,73.1715,-0.236,-32.2564,0.348548686151554,5.90433105502878e-13,-0.34805199467589026,-0.037218205203580546,8.201184846288856e-12,0.03731500373756669,0,70,255.0,255.0,255.0
1346,67.3,73.18888031873007,-0.23599999999996343,-32.273755580740705,0.3466522066312468,8.066226024626412e-13,-0.34616373018396823,-0.03864097560871055,4.4639503210216764e-13,0.03821557593931932,0,70,255.0,255.0,255.0
1347,67.35000000000001,73.2061640350211,-0.2359999999999258,-32.291015622541565,0.34468458859068263,6.350726087129883e-13,-0.344230437081958,-0.040063746013840947,-7.308394782086725e-12,0.039116148141072206,0,70,255.0,255.0,255.0
1348,67.4,73.22334759194713,-0.2359999999999064,-32.30817787397206,0.34264583202986243,7.578312425401667e-14,-0.34225211536986067,-0.04148651641897095,-1.5063184596273413e-11,0.04001672034282483,0,70,255.0,255.0,255.0
1349,67.45,73.24042743258211,-0.23599999999992466,-32.325240083601706,0.34053593694878576,-8.712458509142676e-13,-0.34022876504767574,-0.042909286824100945,-2.28179744104601e-11,0.04091729254457746,0,70,255.0,255.0,255.0
1350,67.5,73.2574,-0.236,-32.3422,0.3383549033474526,-2.2060143167918632e-12,-0.3381603861154032,-0.04433205722922873,-3.0572764224646793e-11,0.04181786474632876,0,70,255.0,255.0,255.0
1351,67.55,73.27426150330345,-0.23600000000013646,-32.35905468066879,0.33608869294273624,-3.011339346639473e-12,-0.3360055145154343,-0.04631635895943071,-1.6402369692594237e-12,0.044376999252433644,0,70,255.0,255.0,255.0
1352,67.60000000000001,73.29100721570951,-0.236000000000277,-32.37579841883945,0.3337232674515091,-2.3700380137174082e-12,-0.33372268619015943,-0.04830066068963326,2.7292290286136173e-11,0.04693613375853926,0,70,255.0,255.0,255.0
1353,67.65,73.30763217646383,-0.23600000000034935,-32.39242481667572,0.3312586268737725,-2.821103180260343e-13,-0.33131190113958,-0.050284962419835245,5.622481754152354e-11,0.04949526826464415,0,70,255.0,255.0,255.0
1354,67.7,73.3241314248121,-0.23600000000028112,-32.40892747634132,0.3286947712095259,3.2524437404346276e-12,-0.32877315936369533,-0.052269264150037235,8.51573447969109e-11,0.052054402770749034,0,70,255.0,255.0,255.0
1355,67.75,73.3405,-0.236,-32.4253,0.3260317004587691,8.233624161664575e-12,-0.3261064608625054,-0.05425356588023922,1.1408987205229828e-10,0.05461353727685303,0,70,255.0,255.0,255.0
1356,67.8,73.35673366805615,-0.2359999999994907,-32.441536896584125,0.3233130215979046,1.1238734784095249e-11,-0.32336621175431446,-0.05449358855434763,6.114552844935485e-12,0.054996427050790844,0,70,255.0,255.0,255.0
1357,67.85000000000001,73.37283110214089,-0.23599999999896606,-32.457636302100624,0.3205823416033339,8.845079446156643e-12,-0.32060681815742587,-0.054733611228456124,-1.01860766362458e-10,0.05537931682472876,0,70,255.0,255.0,255.0
1358,67.9,73.3887917021976,-0.23599999999869617,-32.473597259325054,0.3178396604750585,1.0526581478501126e-12,-0.3178282800718411,-0.05497363390256454,-2.098360855698208e-10,0.055762206598666576,0,70,255.0,255.0,255.0
1359,67.95,73.4046148681695,-0.2359999999989508,-32.48941881103299,0.31508497821307774,-1.213852911082425e-11,-0.31503059749755946,-0.05521365657667296,-3.178114047771836e-10,0.05614509637260438,0,70,255.0,255.0,255.0
1360,68.0,73.4203,-0.236,-32.5051,0.3123182948173915,-3.0728482329866435e-11,-0.31221377043458104,-0.05545367925078182,-4.2578672398454633e-10,0.05652798614654175,0,70,255.0,255.0,255.0
1361,68.05,73.43584542447198,-0.23600000000190077,-32.52063933299471,0.30947522066552735,-4.194359978974152e-11,-0.30934563846730256,-0.05826928682379082,-2.281797441048255e-11,0.05819729254460472,0,70,255.0,255.0,255.0
1362,68.10000000000001,73.4512451757269,-0.23600000000385854,-32.53603317275807,0.3064913661350119,-3.301027977090916e-11,-0.30639404118012004,-0.06108489439680062,3.801507751636958e-10,0.059866598942668166,0,70,255.0,255.0,255.0
1363,68.15,73.46649221474586,-0.23600000000486598,-32.55127734602406,0.3033667312258468,-3.9285222733744225e-12,-0.30335897857303523,-0.06390050196980962,7.831195247377597e-10,0.06153590534073113,0,70,255.0,255.0,255.0
1364,68.2,73.48157950250985,-0.2360000000039156,-32.5663676795267,0.30010131593803124,4.530167270286237e-11,-0.30024045064604726,-0.06671610954281862,1.1860882743118234e-09,0.0632052117387941,0,70,255.0,255.0,255.0
1365,68.25,73.4965,-0.236,-32.5813,0.2966951202715653,1.1468030515780117e-10,-0.2970384573991562,-0.06953171711582762,1.5890570238858872e-09,0.06487451813685885,0,70,255.0,255.0,255.0
1366,68.3,73.51124783405592,-0.23599999999290627,-32.59606977143702,0.293218095739925,1.5653566437487082e-10,-0.2937312343764671,-0.06954926414979212,8.515734479699479e-11,0.0674144027707134,0,70,255.0,255.0,255.0
1367,68.35000000000001,73.52582179495145,-0.23599999998559967,-32.61067100686712,0.2897401938565855,1.2319603963748e-10,-0.2902970171220842,-0.06956681118375663,-1.4187423342923252e-09,0.06995428740456865,0,70,255.0,255.0,255.0
1368,68.4,73.54022183881905,-0.23599999998183993,-32.625097356578706,0.28626141462154875,1.46614309456476e-11,-0.28673580563600964,-0.06958435821772113,-2.9226420133812176e-09,0.07249417203842319,0,70,255.0,255.0,255.0
1369,68.45,73.55444792179108,-0.2359999999853868,-32.63934247086019,0.2827817580348138,-1.6906816170062517e-10,-0.2830475999182423,-0.06960190525168564,-4.42654169247011e-09,0.07503405667227772,0,70,255.0,255.0,255.0
1370,68.5,73.5685,-0.236,-32.6534,0.27930122409638053,-4.2799273830133823e-10,-0.27923239996878224,-0.06961945228565147,-5.9304413715590036e-09,0.0775739413061336,0,70,255.0,255.0,255.0
1371,68.55,73.58237683930433,-0.23600000002647406,-32.66726478125719,0.2757483963748151,-5.841990577097419e-10,-0.2753614240268135,-0.07249365657697428,-3.178114047774968e-10,0.07726509637262284,0,70,255.0,255.0,255.0
1372,68.60000000000001,73.59607244446725,-0.2360000000537427,-32.68093639977346,0.27205185843868246,-4.5977387877901077e-10,-0.2715058903315193,-0.0753678608682979,5.294818562005605e-09,0.07695625143911199,0,70,255.0,255.0,255.0
1373,68.65,73.60957962997797,-0.2360000000677743,-32.69441562766113,0.2682116102879847,-5.471720150921598e-11,-0.2676657988829017,-0.0782420651596207,1.090744852878711e-08,0.07664740650560123,0,70,255.0,255.0,255.0
1374,68.7,73.62289121032579,-0.23600000005453722,-32.707703237032526,0.2642276519227208,6.309709740996381e-10,-0.2638411496809596,-0.08111626945094351,1.652007849556862e-08,0.07633856157209047,0,70,255.0,255.0,255.0
1375,68.75,73.636,-0.236,-32.7208,0.26009998334289075,1.5972906480475518e-09,-0.2600319427256931,-0.08399047374226765,2.213270846235012e-08,0.07602971663857971,0,70,255.0,255.0,255.0
1376,68.8,73.64890000872671,-0.23599999990119733,-32.73370550353419,0.25590031876076996,2.1802605664640965e-09,-0.25616706951625984,-0.08399610954257355,1.1860882743129895e-09,0.07856521173875851,0,70,255.0,255.0,255.0
1377,68.85000000000001,73.66159002717957,-0.23599999979942946,-32.746414594039045,0.2517003723886327,1.715899475478563e-09,-0.25217542155181655,-0.08400174534287945,-1.9760531913730095e-08,0.08110070683893802,0,70,255.0,255.0,255.0
1378,68.9,73.67407004126909,-0.2359999997470629,-32.75892093277679,0.24750014422648128,2.0420737509121574e-10,-0.24805699883236537,-0.08400738114318536,-4.070715210176723e-08,0.08363620193911683,0,70,255.0,255.0,255.0
1379,68.95,73.68634003690572,-0.23599999979646424,-32.77121818100969,0.24329963427431464,-2.354815734697928e-09,-0.2438118013579053,-0.08401301694349125,-6.165377228980435e-08,0.08617169703929563,0,70,255.0,255.0,255.0
1380,69.0,73.6984,-0.236,-32.7833,0.23909884253213265,-5.961169853888869e-09,-0.23943982912843628,-0.08401865274379805,-8.260039247784149e-08,0.08870719213947553,0,70,255.0,255.0,255.0
1381,69.05,73.71024872578882,-0.23600000036873653,-32.79516040460602,0.2348263285822383,-8.136843208146644e-09,-0.23496229790814357,-0.08688190525198715,-4.426541692474468e-09,0.0903940566722428,0,70,255.0,255.0,255.0
1382,69.10000000000001,73.72188024681448,-0.23600000074853944,-32.80679482407037,0.23041065200693314,-6.403824023135243e-09,-0.2304004234612112,-0.08974515776017707,7.374730909291476e-08,0.09208092120501055,0,70,255.0,255.0,255.0
1383,69.15,73.73328740494574,-0.23600000094397408,-32.8181990412317,0.22585181280621983,-7.621122988556468e-10,-0.22575420578764177,-0.09260841026836616,1.519211598782818e-07,0.09376778573777782,0,70,255.0,255.0,255.0
1384,69.2,73.74446304205134,-0.23600000075960578,-32.82936883892869,0.22114981098009706,8.788291964692076e-09,-0.22102364488743395,-0.09547166277655526,2.3009501066364884e-07,0.09545465027054507,0,70,255.0,255.0,255.0
1385,69.25,73.7554,-0.236,-32.8403,0.21630464652856488,2.2247388767507924e-08,-0.2162087407605878,-0.0983349152847437,3.0826886144901576e-07,0.09714151480331323,0,70,255.0,255.0,255.0
1386,69.3,73.76609228811807,-0.23599999862385646,-32.850988878041704,0.2113863669101723,3.036711226612247e-08,-0.2113437388512025,-0.09839626945097177,1.6520078495584853e-08,0.0974585615721096,0,70,255.0,255.0,255.0
1387,69.35000000000001,73.77653858556255,-0.23599999720641276,-32.861434109679486,0.20646501958346686,2.3899396617062402e-08,-0.206462884603376,-0.09845762361719987,-2.7522870445792895e-07,0.09777560834090605,0,70,255.0,255.0,255.0
1388,69.4,73.78673873894795,-0.23599999647704079,-32.8716349022964,0.20154060454845146,2.8442418203313813e-09,-0.20156617801711108,-0.09851897778342794,-5.6697748741136e-07,0.09809265510970241,0,70,255.0,255.0,255.0
1389,69.45,73.79669259488892,-0.23599999716511255,-32.88159046327555,0.1966131218051246,-3.2798352124070375e-08,-0.19665361909240633,-0.09858033194965601,-8.587262703647909e-07,0.09840970187849878,0,70,255.0,255.0,255.0
1390,69.5,73.8064,-0.236,-32.8913,0.1916825713534864,-8.302838521614282e-08,-0.19172520782926178,-0.09864168611588453,-1.1504750533182217e-06,0.09872674864729536,0,70,255.0,255.0,255.0
1391,69.55,73.81585972173885,-0.23600000513583752,-32.90076168322716,0.18668420377701522,-1.1333160585634326e-07,-0.18671874668709476,-0.10129301694297402,-6.165377228986484e-08,0.10153169703939657,0,70,255.0,255.0,255.0
1392,69.60000000000001,73.82506621093533,-0.2360000104258095,-32.909969537211715,0.1815532696591881,-8.919376244511435e-08,-0.18157203812532122,-0.10394434777006425,1.0271675087388016e-06,0.10433664543149858,0,70,255.0,255.0,255.0
1393,69.65,73.83401283926241,-0.23600001314786273,-32.9189165495827,0.17628976900000795,-1.0614854982469802e-08,-0.17628508214394406,-0.10659567859715374,2.115988789767158e-06,0.10714159382359979,0,70,255.0,255.0,255.0
1394,69.7,73.84269297839299,-0.23600001057994394,-32.92759570796912,0.17089370179947333,1.2240511653158947e-07,-0.17085787874296185,-0.10924700942424323,3.204810070795515e-06,0.109946542215701,0,70,255.0,255.0,255.0
1395,69.75,73.8511,-0.236,-32.936,0.16536506805758422,3.098661520970634e-07,-0.16529042792237458,-0.1118983402513325,4.29363135182387e-06,0.11275149060780221,0,70,255.0,255.0,255.0
1396,69.8,73.85922802492651,-0.23599998083279333,-32.94412358904967,0.15974881798187984,4.2295931115925057e-07,-0.15965327440041552,-0.11275166277685512,2.3009501066387396e-07,0.11273465027057324,0,70,255.0,255.0,255.0
1397,69.85000000000001,73.8670741706961,-0.23599996109034915,-32.95196534147366,0.15408990177989773,3.3287565316339505e-07,-0.1540169628953163,-0.113604985302378,-3.8334413304972755e-06,0.11271780993334425,0,70,255.0,255.0,255.0
1398,69.9,73.87463630400241,-0.2359999509315083,-32.959525299372814,0.1483883194516411,3.961517810954795e-08,-0.14838149340708015,-0.11445830782790063,-7.89697767165727e-06,0.11270096959611528,0,70,255.0,255.0,255.0
1399,69.95,73.88191229153914,-0.23599996051511163,-32.96680350484798,0.14264407099710832,-4.568221140022872e-07,-0.1427468659357054,-0.11531163035342328,-1.1960514012817265e-05,0.11268412925888631,0,70,255.0,255.0,255.0
1400,70.0,73.8889,-0.236,-32.9738,0.13685715641629942,-1.1564362231721106e-06,-0.13711308048119214,-0.11616495287894546,-1.6024050353977262e-05,0.1126672889216569,0,70,255.0,255.0,255.0
1401,70.05,73.89559697855512,-0.23600007153298908,-32.980513560574174,0.1310085242955756,-1.5785056387806592e-06,-0.1314041557111913,-0.11778033195002048,-8.587262703656359e-07,0.11568970187838988,0,70,255.0,255.0,255.0
1402,70.10000000000001,73.90199950628033,-0.2360001452127938,-32.98693789689366,0.12507912322129633,-1.2423088502084663e-06,-0.12554411029335213,-0.11939571102109597,1.43065978132503e-05,0.11871211483512373,0,70,255.0,255.0,255.0
1403,70.15,73.90810354472801,-0.23600018312610402,-32.99306545292605,0.119068953193465,-1.4784585745572225e-07,-0.11953294422767796,-0.121011090092171,2.9471921896861926e-05,0.1217345277918567,0,70,255.0,255.0,255.0
1404,70.2,73.91390505545046,-0.23600014735960947,-32.998888672638955,0.11297801421207992,1.70488333947756e-06,-0.11337065751416714,-0.12262646916324603,4.463724598047355e-05,0.12475694074858969,0,70,255.0,255.0,255.0
1405,70.25,73.9194,-0.236,-33.0044,0.10680630627714112,4.315878740591379e-06,-0.10705725015281971,-0.12424184823432072,5.980257006408518e-05,0.12777935370532234,0,70,255.0,255.0,255.0
1406,70.3,73.92458486085307,-0.23599973303525038,-33.00959336865363,0.1005850848356851,5.891063243963385e-06,-0.10068210275479719,-0.12460700942393448,3.204810070798667e-06,0.1272265422155924,0,70,255.0,255.0,255.0
1407,70.35000000000001,73.92945820418258,-0.2359994580584756,-33.01446867095172,0.0943456053347466,4.636359747670469e-06,-0.09433459593125938,-0.12497217061354834,-5.339294992250393e-05,0.12667373072586233,0,70,255.0,255.0,255.0
1408,70.4,73.93401911708555,-0.2359993165640756,-33.01902728892299,0.0880878677743292,5.517682517133412e-07,-0.08801472968220989,-0.12533733180316212,-0.00010999070991579043,0.1261209192361324,0,70,255.0,255.0,255.0
1409,70.45,73.938266686659,-0.2359994500464504,-33.02327060459618,0.0818118721544311,-6.362711243907951e-06,-0.08172250400764687,-0.12570249299277586,-0.00016658846990907694,0.12556810774640245,0,70,255.0,255.0,255.0
1410,70.5,73.9422,-0.236,-33.0272,0.07551761847505234,-1.6107078739193405e-05,-0.07545791890757035,-0.12606765418238952,-0.0002231862299023635,0.1250152962566724,0,70,255.0,255.0,255.0
1411,70.55,73.94581637803262,-0.23600099632600935,-33.030814564811315,0.0690991363616651,-2.1985747337072882e-05,-0.06908343326967764,-0.13067163035311422,-1.1960514012829032e-05,0.12996412925905024,0,70,255.0,255.0,255.0
1412,70.60000000000001,73.94910607698937,-0.23600202255330377,-33.034104219299465,0.06245045543973973,-1.7303130140473407e-05,-0.062461505981664146,-0.13527560652384024,0.00019926520187676545,0.1349129622614295,0,70,255.0,255.0,255.0
1413,70.65,73.9520575869298,-0.2360025506175935,-33.037056591381976,0.05557157570928,-2.059227149397641e-06,-0.05559213704353362,-0.13987958269456494,0.0004104909177662999,0.13986179526380732,0,70,255.0,255.0,255.0
1414,70.7,73.95465939791346,-0.23600205245458883,-33.03965930897632,0.048462497170284044,2.3745961636154262e-05,-0.04847532645528421,-0.14448355886528966,0.0006217166336558343,0.14481062826618515,0,70,255.0,255.0,255.0
1415,70.75,73.9569,-0.236,-33.0419,0.041123219822751855,6.0112436216182245e-05,-0.04111107421691593,-0.14908753503601457,0.0008329423495453688,0.1497594612685631,0,70,255.0,255.0,255.0
1416,70.8,73.95877282701646,-0.2359962816607121,-33.04377157210114,0.03385036971776164,8.205192610432814e-05,-0.03381616416648682,-0.14182646916361077,4.463724598051746e-05,0.14203694074861775,0,70,255.0,255.0,255.0
1417,70.85000000000001,73.96029108786001,-0.2359924517283092,-33.04528805185041,0.02694057290638967,6.457616081422317e-05,-0.026907380142053048,-0.13456540329120492,-0.0007436678575845579,0.13431442022867024,0,70,255.0,255.0,255.0
1418,70.9,73.96147293519532,-0.23599048096555028,-33.04646874554912,0.02039382938863989,7.685140345877232e-06,-0.02038472214361854,-0.12730433741880115,-0.0015319729611494091,0.1265918997087249,0,70,255.0,255.0,255.0
1419,70.95,73.96233652168709,-0.23599234013519424,-33.04733295949854,0.01421013916451028,-8.86211353007091e-05,-0.01424819017118128,-0.12004327154639735,-0.0023202780647142607,0.11886937918877956,0,70,255.0,255.0,255.0
1420,71.0,73.9629,-0.236,-33.0479,0.008389502234000843,-0.00022434266612553558,-0.008497784224741265,-0.11278220567399355,-0.003108583168279111,0.11114685866883423,0,70,255.0,255.0,255.0
1421,71.05,73.96319071390155,-0.23601387703114227,-33.04819754678412,0.0034833847673259775,-0.0003062219570802397,-0.003635910064364946,-0.08346249299301224,-0.00016658846990924093,0.0833281077462296,0,70,255.0,255.0,255.0
1422,71.10000000000001,73.96327277157064,-0.23602817053345937,-33.04828677329888,4.325293469932415e-05,-0.00024100151311641927,-0.00016497345011798944,-0.054142780312022604,0.0027754062284614653,0.05550935682361707,0,70,255.0,255.0,255.0
1423,71.15,73.96321947228893,-0.2360355255202053,-33.04823722642156,-0.0019308932638771627,-2.8681334234111327e-05,0.0019150256179976295,-0.024823067631041293,0.005717400926831335,0.027690605901012452,0,70,255.0,255.0,255.0
1424,71.2,73.96310411533815,-0.23602858700463414,-33.0481184530295,-0.0024390538284046626,0.0003307385795666818,0.002604087139983096,0.004496645049940004,0.008659395625201205,-0.00012814502159218255,0,70,255.0,255.0,255.0
1425,71.25,73.963,-0.236,-33.048,-0.0014812287588831863,0.00083725822828596,0.0019022111158384153,0.03381635773092132,0.011601390323571076,-0.02794689594419678,0,70,255.0,255.0,255.0
1426,71.3,73.96296271737731,-0.23594821021471868,-33.04793664076239,-0.00011990878723501644,0.0011428359022166306,0.0006958044238909758,0.020636441135008572,0.0006217166336564463,-0.02030937173370354,0,70,255.0,255.0,255.0
1427,71.35000000000001,73.96297702585744,-0.23589486613785327,-33.04792405495411,0.0005824153546176594,0.0008994298916514538,-0.00012872605753200316,0.007456524539092076,-0.010357957056261302,-0.01267184752320813,0,70,255.0,255.0,255.0
1428,71.4,73.96300997564894,-0.23586741695362845,-33.047943148764624,0.0006257436666744416,0.00010704019659056813,-0.0005713803284300536,-0.005723392056820674,-0.02133763074617593,-0.005034323312714889,0,70,255.0,255.0,255.0
1429,71.45,73.96302861696029,-0.2358933118462691,-33.04797482838344,1.0076148935623738e-05,-0.001234333182966018,-0.0006321583888034641,-0.018903308652733423,-0.032317304436090565,0.002603200897778348,0,70,255.0,255.0,255.0
1430,71.5,73.963,-0.236,-33.048,-0.001264587198598792,-0.0031246902470183045,-0.00031106023865223306,-0.032083225248646166,-0.04329697812600519,0.010240725108271594,0,70,255.0,255.0,255.0
1431,71.55,73.96290721658923,-0.23619328210998286,-33.04800469016635,-0.002235749618469534,-0.004265121651786282,8.469236877552477e-05,-0.0067632715461857056,-0.0023202780647165466,0.005589379188839621,0,70,255.0,255.0,255.0
1432,71.60000000000001,73.96279752499956,-0.23639236491512758,-33.04799540688473,-0.00194091435321706,-0.003356718053489396,0.00024787768023171045,0.01855668215628195,0.038656421996583756,0.0009380332694063267,0,70,255.0,255.0,255.0
1433,71.65,73.96273422511531,-0.23649480666528075,-33.04798377851992,-0.00038008140284153964,-0.00039947945212816076,0.00017849569571623167,0.04387663585874241,0.0796331220578724,-0.003713312650025646,0,70,255.0,255.0,255.0
1434,71.7,73.9627806168207,-0.2363981656102893,-33.047981433436746,0.0024467492326569317,0.004606594152297392,-0.00012345358477083303,0.06919658956120288,0.12060982211916105,-0.008364658569457619,0,70,255.0,255.0,255.0
1435,71.75,73.963,-0.236,-33.048,0.006539577553278355,0.011661502759787258,-0.000657970161229483,0.09451654326366335,0.16158652218044972,-0.013016004488889586,0,70,255.0,255.0,255.0
1436,71.8,73.96347561626582,-0.2351986613453498,-33.048054198572224,0.01309490726111694,0.020717650704927947,-0.001610573898991667,0.1676966450498949,0.20065939562519847,-0.025088145021599936,0,70,255.0,255.0,255.0
1437,71.85000000000001,73.96437047414426,-0.23389567420163623,-33.04817111750701,0.023309242058270317,0.03172744232230937,-0.003166784663389862,0.24087674683614724,0.23973226906995831,-0.037160285554313714,0,70,255.0,255.0,255.0
1438,71.9,73.9658675238898,-0.23199335638524812,-33.048380937155684,0.03718258194473268,0.044690877611925264,-0.005326602454423184,0.3140568486223788,0.27880514251470706,-0.049232426087024064,0,70,255.0,255.0,255.0
1439,71.95,73.9681497157569,-0.22939402571257334,-33.04871383786957,0.054714926920506404,0.059607956573778494,-0.008090027272091987,0.3872369504086104,0.3178780159594558,-0.06130456661973441,0,70,255.0,255.0,255.0
1440,72.0,73.9714,-0.226,-33.0492,0.0759062769855915,0.07647867920786905,-0.011457059116396275,0.4604170521948422,0.3569508894042044,-0.0733767071524448,0,70,255.0,255.0,255.0
1441,72.05,73.9757631183475,-0.22177447250861834,-33.04986571554474,0.09846412057413662,0.0916505188320712,-0.01519439677276326,0.44189669134701315,0.24992269556391639,-0.07611679910224313,0,70,255.0,255.0,255.0
1442,72.10000000000001,73.98123097842338,-0.21692413827832552,-33.050721723087236,0.12009594612029634,0.1014709487642613,-0.019068739026621276,0.42337633049917883,0.142894501723598,-0.07885689105204222,0,70,255.0,255.0,255.0
1443,72.15,73.9877572793255,-0.21171656779372505,-33.05177487285736,0.14080175362405836,0.10593996900443375,-0.02308008587796812,0.40485596965134973,0.03586630788331002,-0.08159698300184054,0,70,255.0,255.0,255.0
1444,72.2,73.99529572015176,-0.2064193315394163,-33.05303201508499,0.160581543085429,0.1050575795525921,-0.02722843732680487,0.3863356088035207,-0.07116188595697798,-0.08433707495163885,0,70,255.0,255.0,255.0
1445,72.25,74.0038,-0.2013,-33.0545,0.17943531450440825,0.09882378040873635,-0.031513793373131524,0.36781524795569176,-0.17819007979726587,-0.08707716690143719,0,70,255.0,255.0,255.0
1446,72.3,74.01323351034416,-0.19661144862017818,-33.05618693924881,0.1979446104423289,0.08812027396678439,-0.036011839009905525,0.3725565895611762,-0.2499501778808368,-0.09284465856953297,0,70,255.0,255.0,255.0
1447,72.35000000000001,74.02359841216223,-0.19254777268505732,-33.05810599014404,0.21669097346052912,0.07382876262064952,-0.04079825923008569,0.377297931166662,-0.32171027596442814,-0.0986121502376304,0,70,255.0,255.0,255.0
1448,72.4,74.03490655880822,-0.1892883724398487,-33.06027157141488,0.23567440355899824,0.05594924637033986,-0.04587305403366932,0.38203927277214644,-0.3934703740479991,-0.10437964190572618,0,70,255.0,255.0,255.0
1449,72.45,74.04716980363615,-0.18701264812975996,-33.06269810179047,0.25489490073774157,0.03448172521585185,-0.05123622342065772,0.3867806143776309,-0.46523047213157004,-0.11014713357382197,0,70,255.0,255.0,255.0
1450,72.5,74.0604,-0.1859,-33.0654,0.27435246499675914,0.009426199157185493,-0.05688776739105089,0.3915219559831167,-0.5369905702151411,-0.11591462524191765,0,70,255.0,255.0,255.0
1451,72.55,74.07460684027583,-0.1861333330106702,-33.068391327460006,0.29391743765655426,-0.019427614699204936,-0.06280624718759348,0.3910769504087343,-0.6171619840405418,-0.12082456661979933,0,70,255.0,255.0,255.0
1452,72.60000000000001,74.08979137292769,-0.18790957098144231,-33.07168471633657,0.3134601600376359,-0.05228999924687509,-0.06897022405303192,0.39063194483435176,-0.6973333978659654,-0.1257345079976824,0,70,255.0,255.0,255.0
1453,72.65,74.10595248544162,-0.19142914244687884,-33.07529244148313,0.3329806321399928,-0.08916095448580628,-0.07537969798736273,0.3901869392599694,-0.7775048116913661,-0.1306444493755641,0,70,255.0,255.0,255.0
1454,72.7,74.1230890653037,-0.19689247594154358,-33.07922677775313,0.35247885396363066,-0.13004048041600727,-0.08203466899058759,0.389741933685587,-0.8576762255167669,-0.13555439075344577,0,70,255.0,255.0,255.0
1455,72.75,74.1412,-0.2045,-33.0835,0.37195482550854936,-0.17492857703747808,-0.08893513706270653,0.3892969281112051,-0.9378476393421675,-0.14046433213132747,0,70,255.0,255.0,255.0
1456,72.8,74.16028392855252,-0.21445121933714045,-33.088123750911144,0.391393638931418,-0.2237698151699537,-0.09604317223977851,0.3882556088035853,-1.0158018859569684,-0.14385707495156805,0,70,255.0,255.0,255.0
1457,72.85000000000001,74.18033849612705,-0.226941943389177,-33.09310714450966,0.41078038638891123,-0.2765087656331847,-0.10332084455786461,0.38721428949596526,-1.0937561325717913,-0.14724981777180957,0,70,255.0,255.0,255.0
1458,72.9,74.20136109942531,-0.24216705777263953,-33.09845866265261,0.43011506788101783,-0.333145428427141,-0.11076815401696068,0.38617297018834545,-1.1717103791865922,-0.15064256059205014,0,70,255.0,255.0,255.0
1459,72.95,74.22334913514906,-0.2603214481040682,-33.10418678719704,0.4493976834077435,-0.3936798035518373,-0.11838510061706876,0.3851316508807257,-1.249664625801393,-0.15403530341229069,0,70,255.0,255.0,255.0
1460,73.0,74.2463,-0.2816,-33.1103,0.46862823296908823,-0.4581118910072733,-0.12617168435818887,0.3840903315731041,-1.3276188724161968,-0.15742804623253148,0,70,255.0,255.0,255.0
1461,73.05,74.2702118455141,-0.30619858964076385,-33.11680806889543,0.48785200661785394,-0.5265011246209634,-0.13420506385334413,0.3848606143775666,-1.4079504721315625,-0.16390713357369602,0,70,255.0,255.0,255.0
1462,73.10000000000001,74.29508584256413,-0.3343170554618647,-33.12372590562478,0.5071142944068482,-0.5989069382204427,-0.14256239771555998,0.38563089718202925,-1.4882820718469512,-0.1703862209148624,0,70,255.0,255.0,255.0
1463,73.15,74.32092391685711,-0.366156226462575,-33.131069707906434,0.5264150963360601,-0.67532933180567,-0.1512436859448317,0.3864011799864917,-1.568613671562317,-0.17686530825602695,0,70,255.0,255.0,255.0
1464,73.2,74.34772799410008,-0.4019169316421906,-33.13885567345872,0.5457544124054952,-0.7557683053766655,-0.16024892854116163,0.38717146279095416,-1.6489452712776826,-0.1833443955971915,0,70,255.0,255.0,255.0
1465,73.25,74.3755,-0.4418,-33.1471,0.5651322426151533,-0.840223858933429,-0.16957812550454984,0.38794174559541794,-1.7292768709930506,-0.18982348293835583,0,70,255.0,255.0,255.0
1466,73.3,74.40424148939114,-0.486003222099795,-33.155817573507164,0.5845263345971689,-0.9285136863461692,-0.17915257234684437,0.3878219336852521,-1.8023162255167564,-0.19315439075344723,0,70,255.0,255.0,255.0
1467,73.35000000000001,74.43395253361646,-0.5347122347633958,-33.1650180329912,0.6039144359836818,-1.020455481485121,-0.18889356457989626,0.3877021217750862,-1.8753555800404829,-0.19648529856853958,0,70,255.0,255.0,255.0
1468,73.4,74.46463283314624,-0.5881096363770842,-33.17470970572166,0.6232965467746808,-1.1160492443502323,-0.19880110220369998,0.3875823098649203,-1.9483949345641887,-0.199816206383631,0,70,255.0,255.0,255.0
1469,73.45,74.49628208845067,-0.6463780253271826,-33.18490091896808,0.6426726669701717,-1.2152949749415287,-0.20887518521825824,0.3874624979547544,-2.0214342890878942,-0.20314711419872242,0,70,255.0,255.0,255.0
1470,73.5,74.5289,-0.7097,-33.1956,0.6620427965701542,-1.3181926732590106,-0.21911581362357102,0.38734268604458943,-2.094473643611604,-0.2064780220138127,0,70,255.0,255.0,255.0
1471,73.55,74.56246139692139,-0.7782117219600401,-33.20681603707594,0.6799146549932997,-1.4219561299943295,-0.22956864675922645,0.3275316508812715,-2.0560646258013935,-0.21163530341242864,0,70,255.0,255.0,255.0
1472,73.60000000000001,74.59684162297002,-0.8518636054846047,-33.218561162410424,0.6947959616582833,-1.523799135839167,-0.24027934396481576,0.2677206157179366,-2.0176556079911716,-0.21679258481104602,0,70,255.0,255.0,255.0
1473,73.65,74.63189115055793,-0.9305596280291264,-33.23084826920693,0.7066867165650965,-1.6237216907934644,-0.25124790524033286,0.20790958055461864,-1.9792465901809613,-0.22194986620966195,0,70,255.0,255.0,255.0
1474,73.7,74.66746045209722,-1.0142037670491002,-33.243690250668955,0.715586919713744,-1.721723794857252,-0.26247433058578074,0.14809854539130068,-1.9408375723707507,-0.22710714760827788,0,70,255.0,255.0,255.0
1475,73.75,74.7034,-1.1027,-33.2571,0.7214965711042257,-1.8178054480305288,-0.27395862000115934,0.0882875102279792,-1.9024285545605455,-0.23226442900689293,0,70,255.0,255.0,255.0
1476,73.8,74.73956172292324,-1.1959650900600205,-33.271090278189064,0.7245030454296975,-1.912733793676479,-0.28569284061626105,0.03197146279089705,-1.8947052712776817,-0.2371043955972019,0,70,255.0,255.0,255.0
1477,73.85000000000001,74.77580337450345,-1.2939669432982632,-33.28567331736713,0.7246937173833149,-2.007275975158313,-0.2976690595608816,-0.024344584646201123,-1.8869819879948158,-0.24194436218751225,0,70,255.0,255.0,255.0
1478,73.9,74.81198416462205,-1.396686251506465,-33.30086121745064,0.7220685869650779,-2.1014319924759772,-0.30988727683501427,-0.08066063208328328,-1.879258704711952,-0.24678432877782122,0,70,255.0,255.0,255.0
1479,73.95,74.84796330316041,-1.5041037064764466,-33.316666078356114,0.7166276541749871,-2.1952018456294975,-0.32234749243866234,-0.13697667952036544,-1.8715354214290882,-0.2516242953681302,0,70,255.0,255.0,255.0
1480,74.0,74.8836,-1.6162,-33.3331,0.7083709190130422,-2.2885855346188753,-0.33504970637182585,-0.19329272695744937,-1.8638121381462263,-0.2564642619584383,0,70,255.0,255.0,255.0
1481,74.05,74.91875331138567,-1.7329527177998456,-33.350174850167804,0.6972891632879649,-2.3813966952997228,-0.34797999077575076,-0.2499775020456658,-1.8486342890878888,-0.260747114198587,0,70,255.0,255.0,255.0
1482,74.10000000000001,74.95328167901623,-1.8543270213224454,-33.36790156812111,0.6833731688084727,-2.4734489635276797,-0.3611244177916868,-0.3066622771338983,-1.8334564400295472,-0.2650299664387369,0,70,255.0,255.0,255.0
1483,74.15,74.98704339095394,-1.9802849659450847,-33.38629086099051,0.6666229355745732,-2.5647423393026934,-0.37448298741962666,-0.3633470522221148,-1.8182785909712098,-0.26931281867888557,0,70,255.0,255.0,255.0
1484,74.2,75.01989673526111,-2.1107886070451514,-33.405353435906605,0.6470384635862633,-2.6552768226247903,-0.38805569965957387,-0.4200318273103312,-1.8031007419128726,-0.27359567091903425,0,70,255.0,255.0,255.0
1485,74.25,75.0517,-2.2458,-33.4251,0.6246197528435427,-2.74505241349397,-0.40184255451152856,-0.47671660239854674,-1.7879228928545459,-0.2778785231591816,0,70,255.0,255.0,255.0
1486,74.3,75.0823114315341,-2.3852816387405573,-33.44554152113972,0.5993643014183704,-2.8340954251245973,-0.4158591962807161,-0.5335014546084014,-1.7737975723707642,-0.2827871476083512,0,70,255.0,255.0,255.0
1487,74.35000000000001,75.11158910943168,-2.529197771412082,-33.466690010148454,0.5712696073826972,-2.9224321707310614,-0.43012126927236616,-0.5902863068182722,-1.7596722518869787,-0.2876957720575222,0,70,255.0,255.0,255.0
1488,74.4,75.13939107156219,-2.6775130847132838,-33.48855773858733,0.5403356707365389,-3.0100626503133108,-0.4446287734864707,-0.647071159028127,-1.745546931403197,-0.2926043965066918,0,70,255.0,255.0,255.0
1489,74.45,75.16557535579514,-2.8301922653429927,-33.51115697801746,0.5065624914798881,-3.096986863871371,-0.45938170892303365,-0.7038560112379817,-1.7314216109194156,-0.2975130209558614,0,70,255.0,255.0,255.0
1490,74.5,75.19,-2.9872,-33.5345,0.4699500696127449,-3.183204811405243,-0.47438007558205514,-0.7606408634478354,-1.7172962904356304,-0.30242164540502925,0,70,255.0,255.0,255.0
1491,74.55,75.21252256247796,-3.148502327237878,-33.55859906527334,0.43046963103854274,-3.268797604201856,-0.4896232241013817,-0.8185766795203404,-1.7064154214290865,-0.3073042953680673,0,70,255.0,255.0,255.0
1492,74.60000000000001,75.23299868325714,-3.3140706930293757,-33.58346639128511,0.3880924016607031,-3.353846353548166,-0.5051105051188646,-0.8765124955928617,-1.6955345524225396,-0.31218694533110675,0,70,255.0,255.0,255.0
1493,74.65,75.25128352279731,-3.483877895201883,-33.60911418466021,0.3428183814792499,-3.4383510594441247,-0.520841918634495,-0.9344483116653667,-1.6846536834159958,-0.3170695952941448,0,70,255.0,255.0,255.0
1494,74.7,75.26723224155832,-3.6578967315829303,-33.63555465202353,0.2946475704941717,-3.522311721889756,-0.5368174646482773,-0.9923841277378715,-1.673772814409452,-0.32195224525718286,0,70,255.0,255.0,255.0
1495,74.75,75.2807,-3.8361,-33.6628,0.24357996870546833,-3.60572834088506,-0.5530371431602114,-1.050319943810378,-1.662891945402876,-0.3268348952202169,0,70,255.0,255.0,255.0
1496,74.8,75.29154391855405,-4.018457052307875,-33.6908622177669,0.18973317442745272,-3.6883941580679487,-0.5694879073136951,-1.1035518273103686,-1.643740741912863,-0.3311956709191711,0,70,255.0,255.0,255.0
1497,74.85000000000001,75.29962895753982,-4.204923456470586,-33.719752424711125,0.13322478597442128,-3.77010241507636,-0.5861567102521313,-1.1567837108103745,-1.6245895384228444,-0.33555644661812656,0,70,255.0,255.0,255.0
1498,74.9,75.30482203724858,-4.395451334479301,-33.74948152277187,0.07405480334640617,-3.850853111910247,-0.6030435519755106,-1.210015594310365,-1.6054383349328312,-0.33991722231708077,0,70,255.0,255.0,255.0
1499,74.95,75.30699007797155,-4.589992808325347,-33.780060413888414,0.012223226543391669,-3.930646248569634,-0.6201484324838376,-1.2632474778103557,-1.586287131442818,-0.344277998016035,0,70,255.0,255.0,255.0
1500,75.0,75.306,-4.7885,-33.8115,-0.05226994443462222,-4.00948182505452,-0.637471351777112,-1.316479361310346,-1.567135927952819,-0.34863877371498475,0,70,255.0,255.0,255.0
1501,75.05,75.30171136330583,-4.990933463530559,-33.843812063659016,-0.11986632874832746,-4.087865763526321,-0.6550651466438822,-1.3873760112380171,-1.5682216109194342,-0.3551130209558618,0,70,255.0,255.0,255.0
1502,75.10000000000001,75.29395428658356,-5.197287481088474,-33.87701190987043,-0.19100754555843677,-4.166303986146477,-0.6729826538727013,-1.4582726611657084,-1.5693072938860497,-0.3615872681967407,0,70,255.0,255.0,255.0
1503,75.15,75.28255152820839,-5.407564766881045,-33.91111572425232,-0.26569359486490973,-4.24479649291494,-0.6912238734635592,-1.5291693110933795,-1.570392976852665,-0.3680615154376177,0,70,255.0,255.0,255.0
1504,75.2,75.26732584655547,-5.621768035115749,-33.946139692422825,-0.3439244766677661,-4.3233432838317345,-0.709788805416461,-1.6000659610210508,-1.5714786598192803,-0.3745357626784948,0,70,255.0,255.0,255.0
1505,75.25,75.2481,-5.8399,-33.9821,-0.4257001909670057,-4.401944358896859,-0.7286774497314066,-1.6709626109487208,-1.5725643427858813,-0.3810100099193683,0,70,255.0,255.0,255.0
1506,75.3,75.22469222822264,-6.061940293569823,-34.01901112759703,-0.5112918594341621,-4.479214787826738,-0.7477875061108122,-1.7527041277377293,-1.518252814409428,-0.3833922452569004,0,70,255.0,255.0,255.0
1507,75.35000000000001,75.19690269612592,-6.287776219175733,-34.0568807358072,-0.6009706037407947,-4.553769640337815,-0.7670166742570999,-1.8344456445267612,-1.4639412860329593,-0.38577448059443326,0,70,255.0,255.0,255.0
1508,75.4,75.1645270499179,-6.5172719979966605,-34.095714780218856,-0.6947364238868526,-4.625608916430046,-0.7863649541702588,-1.91618716131577,-1.409629757656506,-0.3881567159319654,0,70,255.0,255.0,255.0
1509,75.45,75.12736093580658,-6.750291851211731,-34.13551921642034,-0.7925893198723608,-4.694732616103456,-0.8058323458502943,-1.9979286781047785,-1.3553182292800525,-0.39053895126949756,0,70,255.0,255.0,255.0
1510,75.5,75.0852,-6.9867,-34.1763,-0.8945292916973191,-4.761140739358043,-0.8254188492972064,-2.0796701948937866,-1.3010067009035922,-0.39292118660703235,0,70,255.0,255.0,255.0
1511,75.55,75.03786532380363,-7.2263453621900755,-34.21806102595286,-0.9990302335149156,-4.8239150851667,-0.845000828912786,-2.1003674778103107,-1.2099671314428244,-0.39035799801619925,0,70,255.0,255.0,255.0
1512,75.60000000000001,74.98527972891274,-7.469015642208828,-34.26079794690079,-1.1045660394783683,-4.882137452502335,-0.8644546490988296,-2.1210647607268407,-1.118927561982031,-0.3877948094253655,0,70,255.0,255.0,255.0
1513,75.65,74.92739147212002,-7.714483241132466,-34.30450435487227,-1.2111367095876175,-4.935807841364914,-0.883780309855326,-2.1417620436433644,-1.0278879925212632,-0.3852316208345324,0,70,255.0,255.0,255.0
1514,75.7,74.86414881021823,-7.962520560037408,-34.349173841895826,-1.3187422438426928,-4.984926251754455,-0.9029778111822807,-2.1624593265598886,-0.9368484230604954,-0.38266843224369934,0,70,255.0,255.0,255.0
1515,75.75,74.7955,-8.2129,-34.3948,-1.4273826422435942,-5.029492683670958,-0.9220471530796938,-2.1831566094764145,-0.8458088535996993,-0.38010524365286447,0,70,255.0,255.0,255.0
1516,75.8,74.72138647656283,-8.465398257669792,-34.44137676859147,-1.5374672065060344,-5.069764871506431,-0.9410091782379797,-2.2202259610214403,-0.7650786598192898,-0.37837576267861933,0,70,255.0,255.0,255.0
1517,75.85000000000001,74.6417223882231,-8.719809211989203,-34.48889947658966,-1.6494052383457576,-5.106000549652893,-0.959884729347559,-2.2572953125664763,-0.6843484660388574,-0.3766462817043737,0,70,255.0,255.0,255.0
1518,75.9,74.55641506160197,-8.97593103747364,-34.53736380029209,-1.7631967377627007,-5.138199718110324,-0.9786738064084204,-2.294364664111502,-0.6036182722584478,-0.37491680073012856,0,70,255.0,255.0,255.0
1519,75.95,74.46537182332054,-9.233561908638722,-34.586765415996354,-1.8788417047568948,-5.166362376878734,-0.9973764094205697,-2.3314340156565274,-0.5228880784780383,-0.37318731975588343,0,70,255.0,255.0,255.0
1520,76.0,74.3685,-9.4925,-34.6371,-1.9963401393283402,-5.1904885259581235,-1.0159925383840067,-2.368503367201546,-0.4421578846975933,-0.37145783878164274,0,70,255.0,255.0,255.0
1521,76.05,74.26570876994504,-9.752541607130672,-34.68836309968121,-2.115580940460985,-5.210465428807564,-1.0345144581352839,-2.4011286781045107,-0.3569182292800568,-0.3694189512694817,0,70,255.0,255.0,255.0
1522,76.10000000000001,74.1569147181948,-10.013475509834619,-34.740549746740605,-2.2364530071388122,-5.226180348886131,-1.052934433510958,-2.4337539890074846,-0.27167857386249605,-0.36738006375732013,0,70,255.0,255.0,255.0
1523,76.15,74.04203628147205,-10.27508860897315,-34.79365484395939,-2.3589563393617534,-5.237633286193817,-1.071252464511019,-2.4663792999104492,-0.18643891844495952,-0.3653411762451591,0,70,255.0,255.0,255.0
1524,76.2,73.92099189649954,-10.53716780540779,-34.84767329411878,-2.483090937129843,-5.244824240730626,-1.0894685511354718,-2.499004610813414,-0.10119926302742299,-0.36330228873299814,0,70,255.0,255.0,255.0
1525,76.25,73.7937,-10.7995,-34.9026,-2.608856800443081,-5.247753212496558,-1.107582693384317,-2.5316299217163802,-0.015959607609865145,-0.3612634012208389,0,70,255.0,255.0,255.0
1526,76.3,73.66007844365703,-11.061872913807429,-34.95843003268366,-2.736289031649981,-5.246469413263316,-1.1256049892209272,-2.5656593265599037,0.06731157693953331,-0.35962843224361485,0,70,255.0,255.0,255.0
1527,76.35000000000001,73.52004273899762,-11.324077548672586,-35.015159136447956,-2.8654227330990936,-5.2410220548026025,-1.1435455366086815,-2.599688731403437,0.15058276148895544,-0.3579934632663904,0,70,255.0,255.0,255.0
1528,76.4,73.37350781250973,-11.585905726633943,-35.072783223870395,-2.996257904790346,-5.231411137114421,-1.1614043355475692,-2.6337181362469604,0.23385394603835388,-0.3563584942891664,0,70,255.0,255.0,255.0
1529,76.45,73.22038859068122,-11.847149269730206,-35.13129820752856,-3.1287945467237748,-5.217636660198768,-1.179181386037596,-2.667747541090484,0.3171251305877523,-0.3547235253119424,0,70,255.0,255.0,255.0
1530,76.5,73.0606,-12.1076,-35.1907,-3.263032658899379,-5.199698624055646,-1.1968766880787614,-2.7017769459339966,0.4003963151371863,-0.35308855633471303,0,70,255.0,255.0,255.0
1531,76.55,72.8940582554269,-12.367050737639518,-35.25098396958411,-3.398894932939133,-5.177656918139169,-1.214457584981023,-2.73271401565647,0.4812719215219556,-0.3501473197558019,0,70,255.0,255.0,255.0
1532,76.60000000000001,72.72068472581462,-12.625298295475307,-35.31214330746763,-3.5363040604650497,-5.151571431903445,-1.2318914200543445,-2.7636510853789518,0.5621475279067478,-0.34720608317688983,0,70,255.0,255.0,255.0
1533,76.65,72.54040206848894,-12.882140484491256,-35.374170660559074,-3.675260041477051,-5.12144216534849,-1.2491781932987152,-2.794588155101425,0.643023134291517,-0.3442648465979787,0,70,255.0,255.0,255.0
1534,76.7,72.3531329407755,-13.137375115671471,-35.43705867576701,-3.8157628759751767,-5.087269118474297,-1.2663179047141404,-2.8255252248238985,0.7238987406762862,-0.34132361001906747,0,70,255.0,255.0,255.0
1535,76.75,72.1588,-13.3908,-35.5008,-3.9578125639594255,-5.049052291280867,-1.2833105543006198,-2.856462294546361,0.8047743470610627,-0.33838237344014743,0,70,255.0,255.0,255.0
1536,76.80000000000001,71.95732133463535,-13.642206535634479,-35.565388488979885,-4.101683236593449,-5.006406914180015,-1.3002286708549555,-2.898364610813307,0.9010407369726243,-0.33834228873312494,0,70,255.0,255.0,255.0
1537,76.85000000000001,71.74859675774373,-13.89136046942645,-35.63082283368158,-4.24764902504078,-4.958948217583598,-1.3171447831739351,-2.9402669270802404,0.9973071268841587,-0.3383022040261025,0,70,255.0,255.0,255.0
1538,76.9,71.5325215135344,-14.138021135401218,-35.69710293389335,-4.395709929301457,-4.906676201491605,-1.3340588912575637,-2.9821692433471743,1.093573516795693,-0.33826211931908007,0,70,255.0,255.0,255.0
1539,76.95,71.30899084621672,-14.381947867583992,-35.76422868940341,-4.5458659493754805,-4.849590865904035,-1.3509709951058413,-3.024071559614108,1.1898399067072274,-0.3382220346120576,0,70,255.0,255.0,255.0
1540,77.0,71.0779,-14.6229,-35.8322,-4.69811708526285,-4.787692210820889,-1.3678810947187678,-3.0659738758810207,1.286106296618776,-0.33818194990504047,0,70,255.0,255.0,255.0
1541,77.05000000000001,70.83918840603145,-14.860629519822838,-35.90101327449642,-4.849812120687176,-4.720539425140709,-1.384579731599196,-3.001827541090635,1.4000051305877963,-0.32976352531193015,0,70,255.0,255.0,255.0
1542,77.10000000000001,70.59297224321023,-15.094859026819137,-35.97065095780611,-4.998299839371939,-4.647691697762098,-1.4008574472499637,-2.937681206300268,1.5139039645567844,-0.3213451007188222,0,70,255.0,255.0,255.0
1543,77.15,70.33941187737327,-15.325303773904047,-36.041092003867575,-5.143580241317187,-4.56914902868504,-1.4167142416710763,-2.8735348715099005,1.6278027985257724,-0.31292667612571434,0,70,255.0,255.0,255.0
1544,77.2,70.07866767435753,-15.551679013992642,-36.11231536661938,-5.2856533265229135,-4.48491141790953,-1.4321501148625335,-2.8093885367195335,1.7417016324947605,-0.3045082515326064,0,70,255.0,255.0,255.0
1545,77.25,69.8109,-15.7737,-36.1843,-5.424519094989123,-4.394978865435572,-1.4471650668243354,-2.7452422019291802,1.8556004664637697,-0.29608982693950736,0,70,255.0,255.0,255.0
1546,77.30000000000001,69.53627704123853,-15.991101785074491,-36.25702401303453,-5.559708280657981,-4.30053938525705,-1.4617084027483012,-2.662325224823925,1.9219787406762672,-0.2856436100189872,0,70,255.0,255.0,255.0
1547,77.35000000000001,69.25499826941507,-16.20369862329723,-36.33046213509407,-5.69075161747154,-4.20278099136793,-1.4757294278262367,-2.5794082477186935,1.9883570148887457,-0.27519739309847,0,70,255.0,255.0,255.0
1548,77.4,68.96727097697232,-16.41132456898275,-36.40458825063637,-5.817649105429836,-4.101703683768187,-1.4892281420581466,-2.4964912706134617,2.0547352891012243,-0.26475117617795285,0,70,255.0,255.0,255.0
1549,77.45,68.67330245635304,-16.613813676445517,-36.479376244119116,-5.940400744532872,-3.997307462457819,-1.5022045454440305,-2.4135742935082303,2.1211135633137026,-0.2543049592574357,0,70,255.0,255.0,255.0
1550,77.5,68.3733,-16.811,-36.5548,-6.059006534780646,-3.8895923274368283,-1.5146586379838884,-2.3306573164029842,2.1874918375261743,-0.24385874233691673,0,70,255.0,255.0,255.0
1551,77.55000000000001,68.06746902901405,-17.002713739879486,-36.630834673365584,-6.173578756681099,-3.7783270338309665,-1.5266666574076162,-2.252231559614092,2.2631199067072942,-0.23646203461209023,0,70,255.0,255.0,255.0
1552,77.60000000000001,67.75600747912917,-17.188769679992145,-36.70746050181767,-6.284229690742075,-3.6632803367660807,-1.5383048414450995,-2.173805802825222,2.338747975888393,-0.2290653268872658,0,70,255.0,255.0,255.0
1553,77.65,67.43911141473723,-17.368978750165084,-36.78465899358697,-6.390959336963609,-3.5444522362421402,-1.5495731900963416,-2.095380046036352,2.4143760450694915,-0.22166861916244138,0,70,255.0,255.0,255.0
1554,77.7,67.11697690023017,-17.543151880225356,-36.8624116569042,-6.493767695345698,-3.421842732259145,-1.5604717033613424,-2.016954289247482,2.4900041142505898,-0.21427191143761698,0,70,255.0,255.0,255.0
1555,77.75,66.7898,-17.7111,-36.9407,-6.592654765888345,-3.2954518248170954,-1.571000381240102,-1.938528532458598,2.5656321834316813,-0.206875203712789,0,70,255.0,255.0,255.0
1556,77.80000000000001,66.45777644270483,-17.872633655407824,-37.019504493503256,-6.687640692617817,-3.1652564794189066,-1.5810969676212387,-1.8609085367194134,2.6421816324946965,-0.19698825153258592,0,70,255.0,255.0,255.0
1557,77.85000000000001,66.12110061406794,-18.027561856734366,-37.09880145763532,-6.778745619560303,-3.031233661567604,-1.5906992063933625,-1.783288540980251,2.7187310815576895,-0.18710129935238565,0,70,255.0,255.0,255.0
1558,77.9,65.7799665640786,-18.175693230357012,-37.17856617501576,-6.865969546715832,-2.893383371263153,-1.5998070975564762,-1.7056685452410887,2.795280530620683,-0.17721434717218537,0,70,255.0,255.0,255.0
1559,77.95,65.43456834272618,-18.316836402653113,-37.25877392826415,-6.949312474084403,-2.7517056085055516,-1.6084206411105801,-1.6280485495019261,2.871829979683676,-0.1673273949919851,0,70,255.0,255.0,255.0
1560,78.0,65.0851,-18.4508,-37.3394,-7.0287744016660145,-2.606200373294802,-1.6165398370556738,-1.550428553762714,2.948379428746666,-0.15744044281178482,0,70,255.0,255.0,255.0
1561,78.05000000000001,64.73175640016619,-18.577394038489434,-37.4204201526215,-7.104306472847803,-2.4569510484932575,-1.624193472107407,-1.4708542935081443,3.021593563313765,-0.1487049592574747,0,70,255.0,255.0,255.0
1562,78.10000000000001,64.37473566459872,-18.696434093070543,-37.501812067641126,-7.175859831016842,-2.3040410169634007,-1.6314103329814227,-1.3912800332535973,3.094807697880843,-0.13996947570316706,0,70,255.0,255.0,255.0
1563,78.15,64.01423672894809,-18.807737128406956,-37.58355390635,-7.243434476173156,-2.1474702787051902,-1.638190419677723,-1.31170577299905,3.1680218324479217,-0.13123399214885942,0,70,255.0,255.0,255.0
1564,78.2,63.65045852886498,-18.911120109162248,-37.66562383003926,-7.3070304083167406,-1.9872388337186266,-1.6445337321963078,-1.232131512744503,3.241235967015,-0.1224985085945518,0,70,255.0,255.0,255.0
1565,78.25,63.2836,-19.0064,-37.748,-7.366647627447598,-1.8233466820037088,-1.6504402705371777,-1.1525572524899559,3.3144501015820946,-0.11376302504024594,0,70,255.0,255.0,255.0
1566,78.30000000000001,62.91386035662994,-19.093390990634614,-37.83066049601084,-7.422269415991047,-1.655627326607853,-1.6559051439491266,-1.0723142892474913,3.394324114250614,-0.104831911437664,0,70,255.0,255.0,255.0
1567,78.35000000000001,62.541439927536864,-19.171896170983576,-37.913583071800254,-7.473879056372358,-1.4839142705786195,-1.6609234616809452,-0.9920713260050495,3.4741981269191107,-0.09590079783508462,0,70,255.0,255.0,255.0
1568,78.4,62.16653932012878,-19.241715856015244,-37.99674539958426,-7.521476548591546,-1.3082075139159615,-1.6654952237326346,-0.9118283627626078,3.554072139587607,-0.08696968423250523,0,70,255.0,255.0,255.0
1569,78.45,61.7893591418138,-19.302650360697942,-38.08012515157884,-7.565061892648613,-1.1285070566198792,-1.6696204301041953,-0.8315853995201661,3.6339461522561036,-0.07803857062992584,0,70,255.0,255.0,255.0
1570,78.5,61.4101,-19.3545,-38.1637,-7.604635088543558,-0.944812898690372,-1.6732990807956265,-0.7513424362777101,3.713820164924601,-0.06910745702734111,0,70,255.0,255.0,255.0
1571,78.55000000000001,61.02898057331354,-19.39711079897222,-38.247447463335234,-7.639111863188058,-0.759867645075123,-1.6765219520961097,-0.627728549501953,3.6839899796836764,-0.059807394991959854,0,70,255.0,255.0,255.0
1572,78.60000000000001,60.64629182525344,-19.430511622995226,-38.33134444515793,-7.667407943493761,-0.5764139007219725,-1.6792798202948231,-0.504114662726231,3.65415979444276,-0.05050733295658125,0,70,255.0,255.0,255.0
1573,78.65,60.26234279053652,-19.45477704753212,-38.41536769531301,-7.689523329460678,-0.39445166563086775,-1.6815726853917676,-0.38050077595050896,3.624329609201843,-0.04120727092120263,0,70,255.0,255.0,255.0
1574,78.7,59.87744250387973,-19.46998164804601,-38.4994939636454,-7.705458021088809,-0.21398093980180885,-1.6834005473869431,-0.2568868891747869,3.5944994239609267,-0.03190720888582402,0,70,255.0,255.0,255.0
1575,78.75,59.4919,-19.4762,-38.5837,-7.715212018378156,-0.035001723234795584,-1.6847634062803498,-0.13327300239905782,3.5646692387200103,-0.022607146850434745,0,70,255.0,255.0,255.0
1576,78.80000000000001,59.10601575011537,-19.473509013476544,-38.66796165064832,-7.7192991312567445,0.14234590690862015,-1.6856070476664744,-0.03021151274441608,3.529235967015006,-0.011138508594534947,0,70,255.0,255.0,255.0
1577,78.85000000000001,58.72005597144897,-19.46199493703556,-38.75225114756811,-7.718233169652599,0.3179218734667356,-1.6858772571398037,0.07284997691019635,3.4938026953100123,0.0003301296613615924,0,70,255.0,255.0,255.0
1578,78.9,58.33427831772486,-19.441746353856296,-38.83653981916375,-7.712014133565725,0.49172617643960154,-1.685574034700338,0.17591146656480877,3.4583694236050184,0.011798767917258132,0,70,255.0,255.0,255.0
1579,78.95,57.94894044266716,-19.41285184711802,-38.92079899383959,-7.70064202299612,0.6637588158272177,-1.6846973803480778,0.27897295621942125,3.422936151900024,0.02326740617315467,0,70,255.0,255.0,255.0
1580,79.0,57.5643,-19.3754,-39.005,-7.684116837943783,0.8340197916295845,-1.6832472940830225,0.3820344458740692,3.38750288019503,0.03473604442906009,0,70,255.0,255.0,255.0
1581,79.05000000000001,57.18061802622449,-19.329479547121572,-39.08911473407158,-7.662235611784932,1.0025000174408984,-1.6812578572380406,0.4932146004797826,3.351706152255998,0.0448414293702024,0,70,255.0,255.0,255.0
1582,79.10000000000001,56.79816908895028,-19.27517982886252,-39.173117364569706,-7.634795377895803,1.1691904068552135,-1.6787631511460022,0.6043947550854645,3.3159094243169767,0.05494681431134184,0,70,255.0,255.0,255.0
1583,79.15,56.417231138563785,-19.212590337042673,-39.25698262803205,-7.601796136276389,1.3340909598725772,-1.6757631758069067,0.7155749096911462,3.2801126963779548,0.06505219925248129,0,70,255.0,255.0,255.0
1584,79.2,56.038082125451524,-19.141800563481887,-39.34068526099627,-7.563237886926691,1.4972016764929903,-1.6722579312207544,0.826755064296828,3.2443159684389333,0.07515758419362073,0,70,255.0,255.0,255.0
1585,79.25,55.661,-19.0629,-39.4242,-7.519120629846712,1.6585225567164523,-1.6682474173875448,0.937935218902517,3.208519240499916,0.0852629691347655,0,70,255.0,255.0,255.0
1586,79.30000000000001,55.28626014498618,-18.97597759803709,-39.507501013065486,-7.469598421603505,1.8180860233280103,-1.6636975233813225,1.0429531108252688,3.1740194239609467,0.09673279111408645,0,70,255.0,255.0,255.0
1587,79.35000000000001,54.91412767274952,-18.8811201475143,-39.59056019415316,-7.414825318764177,1.9759244991125746,-1.6585741382761356,1.1479710027479906,3.1395196074219878,0.10820261309340413,0,70,255.0,255.0,255.0
1588,79.4,54.54486512801974,-18.778413897972957,-39.6733488687081,-7.354801321328713,2.132037984070191,-1.6528772620719827,1.2529888946707124,3.1050197908830284,0.11967243507272182,0,70,255.0,255.0,255.0
1589,79.45,54.17873505552662,-18.667945098954405,-39.75583836217537,-7.289526429297113,2.28642647820086,-1.6466068947688641,1.3580067865934342,3.0705199743440694,0.13114225705203952,0,70,255.0,255.0,255.0
1590,79.5,53.816,-18.5498,-39.838,-7.2190006426693785,2.439089981504581,-1.6397630363667792,1.4630246785161773,3.036020157805112,0.14261207903136608,0,70,255.0,255.0,255.0
1591,79.55000000000001,53.4569277938303,-18.424064460729944,-39.919806013666594,-7.142906701800971,2.5900518892472437,-1.6324000492366666,1.5807329562194394,3.0024561519000423,0.151907406173067,0,70,255.0,255.0,255.0
1592,79.60000000000001,53.101807420051266,-18.29082278108018,-40.00123225881773,-7.060927347047423,2.739335596694611,-1.6245722957494713,1.6984412339226682,2.9688921459949826,0.16120273331476528,0,70,255.0,255.0,255.0
1593,79.65,52.750933149357024,-18.150158871065422,-40.08225549713558,-6.9730625784087135,2.886941103846725,-1.6162797759051912,1.8161495116258968,2.9353281400899225,0.17049806045646354,0,70,255.0,255.0,255.0
1594,79.7,52.404599252441855,-18.002156640700445,-40.16285249030229,-6.879312395884843,3.032868410703587,-1.607522489703826,1.9338577893291253,2.9017641341848623,0.17979338759816182,0,70,255.0,255.0,255.0
1595,79.75,52.0631,-17.8469,-40.243,-6.779676799475811,3.177117517265195,-1.598300437145376,2.051566067032404,2.8682001282797955,0.1890887147398601,0,70,255.0,255.0,255.0
1596,79.80000000000001,51.72669907969212,-17.684498959042955,-40.32267653226826,-6.675990771192554,3.318122419683197,-1.5887182796720334,2.0958750642969535,2.77199596843899,0.19419758419375457,0,70,255.0,255.0,255.0
1597,79.85000000000001,51.39553784704507,-17.515167928164857,-40.40186757057601,-6.570089293046099,3.454317114109119,-1.578880678725999,2.1401840615614907,2.6757918085982118,0.1993064536476476,0,70,255.0,255.0,255.0
1598,79.9,51.06972707455193,-17.33914741776526,-40.48056034274964,-6.4619723650364165,3.5857016005430027,-1.5687876343072698,2.184493058826028,2.5795876487574336,0.2044153231015406,0,70,255.0,255.0,255.0
1599,79.95,50.74937753470585,-17.156677938243774,-40.55874207661551,-6.351639987163508,3.712275878984848,-1.558439146415846,2.2288020560905646,2.4833834889166555,0.2095241925554336,0,70,255.0,255.0,255.0
1600,80.0,50.4346,-16.968,-40.6364,-6.239092159427374,3.8340399494346546,-1.5478352150517274,2.273111053355109,2.387179329075874,0.2146330620093284,0,70,255.0,255.0,255.0
1601,80.05000000000001,50.12549188740078,-16.773354903098017,-40.71352065726049,-6.125130213428635,3.9509464320201775,-1.5369348320751908,2.2853667865933858,2.289079974343994,0.22138225705203898,0,70,255.0,255.0,255.0
1602,80.10000000000001,49.82209719176812,-16.572987106260225,-40.79008785887834,-6.010555480768017,4.062947946869075,-1.5256969893465218,2.297622519831659,2.1909806196121417,0.22813145209474764,0,70,255.0,255.0,255.0
1603,80.15,49.52444655243504,-16.367141857873406,-40.86608473186593,-5.895367961445483,4.170044493981379,-1.5141216868657175,2.3098782530699324,2.09288126488029,0.23488064713745627,0,70,255.0,255.0,255.0
1604,80.2,49.23257060873464,-16.15606440632439,-40.941494403235694,-5.779567655461037,4.272236073357092,-1.5022089246327774,2.3221339863082058,1.9947819101484379,0.24162984218016492,0,70,255.0,255.0,255.0
1605,80.25,48.9465,-15.94,-41.0163,-5.663154562814675,4.369522684996212,-1.4899587026477021,2.3343897195464933,1.8966825554165823,0.24837903722287358,0,70,255.0,255.0,255.0
1606,80.30000000000001,48.66627017070438,-15.719194228564714,-41.09048483868988,-5.54584037509276,4.461883852236267,-1.4773823920271725,2.3581777893290505,1.7977641341847874,0.2546733875981925,0,70,255.0,255.0,255.0
1607,80.35000000000001,48.39193578588216,-15.49389404679403,-41.16403299391075,-5.42733678388175,4.549299098414707,-1.464491363887881,2.3819658591116006,1.6988457129530206,0.26096773797350964,0,70,255.0,255.0,255.0
1608,80.4,48.123556315707724,-15.264346750740964,-41.23692872978668,-5.307643789181614,4.631768423531559,-1.451285618229823,2.405753928894151,1.5999272917212537,0.26726208834882675,0,70,255.0,255.0,255.0
1609,80.45,47.861191230355516,-15.030799636458593,-41.30915631044175,-5.1867613909923485,4.709291827586823,-1.4377651550529997,2.4295419986767013,1.501008870489487,0.2735564387241439,0,70,255.0,255.0,255.0
1610,80.5,47.6049,-14.7935,-41.3807,-5.064689589313956,4.7818693105804995,-1.42392997435741,2.453330068459273,1.4020904492576918,0.2798507890994699,0,70,255.0,255.0,255.0
1611,80.55000000000001,47.35473942978133,-14.552694582642824,-41.451543987980074,-4.941588286200179,4.849534159034873,-1.4097755998160386,2.4707220560906844,1.3045034889166478,0.2863241925552601,0,70,255.0,255.0,255.0
1612,80.60000000000001,47.11075566470297,-14.308627906563423,-41.52167216547873,-4.817617383704867,4.9123196594721765,-1.3952975551018818,2.4881140437220908,1.2069165285756318,0.2927975960110484,0,70,255.0,255.0,255.0
1613,80.65,46.872992184733896,-14.061543939162584,-41.59106834898737,-4.692776881827985,4.97022581189243,-1.3804958402149354,2.505506031353497,1.1093295682346156,0.2992709994668367,0,70,255.0,255.0,255.0
1614,80.7,46.641492469843215,-13.81168664784116,-41.65971635499734,-4.567066780569531,5.023252616295632,-1.3653704551551997,2.5228980189849035,1.0117426078935994,0.305744402922625,0,70,255.0,255.0,255.0
1615,80.75,46.4163,-13.5593,-41.7276,-4.440487079929508,5.071400072681784,-1.3499213999226747,2.5402900066162957,0.914155647552569,0.31221780637841334,0,70,255.0,255.0,255.0
1616,80.80000000000001,46.197460110169956,-13.304627440863664,-41.79470320938992,-4.312926480106369,5.11469951162432,-1.3341552087087043,2.562133986308124,0.8178219101484666,0.31842984218025805,0,70,255.0,255.0,255.0
1617,80.85000000000001,45.98502555530573,-13.04791032695203,-41.86101034417438,-4.1842736812986745,5.153182263696639,-1.3180784157046461,2.583977965999946,0.7214881727443916,0.324641877982101,0,70,255.0,255.0,255.0
1618,80.9,45.779050945356516,-12.789389492608532,-41.92650587426388,-4.054528683506389,5.186848328898755,-1.3016910209104962,2.605821945691768,0.6251544353403167,0.3308539137839439,0,70,255.0,255.0,255.0
1619,80.95,45.579590890271525,-12.529305772176686,-41.99117426956893,-3.9236914867295125,5.2156977072306665,-1.2849930243262537,2.62766592538359,0.5288206979362415,0.33706594958578684,0,70,255.0,255.0,255.0
1620,81.0,45.3867,-12.2679,-42.055,-3.7917620909680445,5.239730398692375,-1.267984425951919,2.6495099050754227,0.4324869605321311,0.3432779853876351,0,70,255.0,255.0,255.0
1621,81.05000000000001,45.20043132953856,-12.005416453902173,-42.11796717446032,-3.658833793374207,5.2587397944679175,-1.2506435653491181,2.6676219986768492,0.32788887048942184,0.3503564387242447,0,70,255.0,255.0,255.0
1622,81.10000000000001,45.020831714073886,-11.742113185628197,-42.180058457823804,-3.524999891100337,5.272519285741321,-1.2329487820794918,2.685734092278271,0.22329078044674225,0.35743489206085227,0,70,255.0,255.0,255.0
1623,81.15,44.84794643383989,-11.478251690403106,-42.24125615395715,-3.3902603841463956,5.2810688725125905,-1.2149000761430349,2.703846185879692,0.11869269040406272,0.3645133453974599,0,70,255.0,255.0,255.0
1624,81.2,44.6818207690706,-11.214093463452006,-42.301542566726994,-3.254615272512383,5.284388554781727,-1.1964974475397478,2.7219582794811137,0.014094600361383158,0.37159179873406745,0,70,255.0,255.0,255.0
1625,81.25,44.5225,-10.9499,-42.3609,-3.1180645561983003,5.282478332548729,-1.1777408962696303,2.7400703730825313,-0.0905034896812964,0.3786702520706715,0,70,255.0,255.0,255.0
1626,81.30000000000001,44.369992171675534,-10.685919543527282,-42.41931369276889,-2.982842346396586,5.276133310504035,-1.1588065298947978,2.668818018984812,-0.1632973921064343,0.37870440292245217,0,70,255.0,255.0,255.0
1627,81.35000000000001,44.22415638839857,-10.422347330534906,-42.47678062453044,-2.851182754299795,5.266148593338086,-1.139870455977382,2.597565664887113,-0.23609129453155153,0.37873855377423277,0,70,255.0,255.0,255.0
1628,81.4,44.084814519283825,-10.159365345778857,-42.53330070990758,-2.723085779907889,5.252524181050881,-1.1209326745173767,2.526313310789414,-0.3088851969566687,0.37877270462601337,0,70,255.0,255.0,255.0
1629,81.45,43.95178843344605,-9.897155574015201,-42.58887386352314,-2.598551423220868,5.23526007364242,-1.1019931855147829,2.4550609566917148,-0.38167909938178596,0.378806855477794,0,70,255.0,255.0,255.0
1630,81.5,43.8249,-9.6359,-42.6435,-2.4775796842387314,5.214356271112704,-1.0830519889695995,2.3838086025940264,-0.4544730018069032,0.3788410063295782,0,70,255.0,255.0,255.0
1631,81.55000000000001,43.70397838375911,-9.375770971988336,-42.697178054464224,-2.3597328210392656,5.190390963515932,-1.0640503150717049,2.330065925383529,-0.5041393020637627,0.3812259495860305,0,70,255.0,255.0,255.0
1632,81.60000000000001,43.58888193233171,-9.11690229223191,-42.74990304405447,-2.244573091700358,5.163942340906325,-1.0449293940109932,2.276323248173047,-0.5538056023206082,0.3836108928424821,0,70,255.0,255.0,255.0
1633,81.65,43.47947628902474,-8.859418126481282,-42.8016690064126,-2.1321004962219736,5.135010403283874,-1.0256892257874588,2.222580570962565,-0.6034719025774535,0.3859958360989338,0,70,255.0,255.0,255.0
1634,81.7,43.37562709714518,-8.603442640487097,-42.85246997918049,-2.022315034604114,5.103595150648583,-1.006329810401102,2.168837893752083,-0.6531382028342989,0.3883807793553854,0,70,255.0,255.0,255.0
1635,81.75,43.2772,-8.3491,-42.9023,-1.9152167068467776,5.069696583000448,-0.9868511478519224,2.1150952165416115,-0.7028045030911727,0.39076572261184594,0,70,255.0,255.0,255.0
1636,81.80000000000001,43.184058293287876,-8.096516568519013,-42.951154089374285,-1.8109463694461834,5.0331828354321955,-0.9673122098182747,2.0557182794812157,-0.7577453996386265,0.39079179873388625,0,70,255.0,255.0,255.0
1637,81.85000000000001,43.09605588227448,-7.845827500537193,-42.999031199251725,-1.7096448788986376,4.99392204303658,-0.9477719679785305,1.9963413424208367,-0.8126862961860647,0.39081787485592656,0,70,255.0,255.0,255.0
1638,81.9,43.01304432461714,-7.59717014829584,-43.04593126444204,-1.611312235204111,4.951914205813593,-0.9282304223326842,1.9369644053604578,-0.8676271927335029,0.39084395097796687,0,70,255.0,255.0,255.0
1639,81.95,42.9348751779732,-7.350681864036318,-43.09185421975489,-1.515948438362603,4.907159323763235,-0.908687572880736,1.8775874683000788,-0.922568089280941,0.3908700271000072,0,70,255.0,255.0,255.0
1640,82.0,42.8614,-7.1065,-43.1368,-1.4235534883741137,4.859657396885504,-0.8891434196226858,1.8182105312397,-0.977508985828365,0.3908961032220484,0,70,255.0,255.0,255.0
1641,82.05000000000001,42.79247164308927,-6.864761953935269,-43.18076798803868,-1.3340497011758137,4.809405694755239,-0.8695648456551878,1.7619409566914839,-1.0325590993817837,0.39224685547769533,0,70,255.0,255.0,255.0
1642,82.10000000000001,42.727948138570284,-6.625605305619063,-43.22375535893864,-1.2473593927049496,4.7564014869473175,-0.849918734074913,1.705671382143284,-1.0876092129351869,0.39359760773334185,0,70,255.0,255.0,255.0
1643,82.15,42.66768881250666,-6.389167680335191,-43.26575873581928,-1.163482562961495,4.700644773461726,-0.8302050848818558,1.649401807595084,-1.14265932648859,0.3949483599889884,0,70,255.0,255.0,255.0
1644,82.2,42.611552990962025,-6.155586703367543,-43.30677474179995,-1.0824192119454503,4.6421355542984655,-0.8104238980760164,1.5931322330468842,-1.1977094400419932,0.39629911224463493,0,70,255.0,255.0,255.0
1645,82.25,42.5594,-5.925,-43.3468,-1.0041693396568154,4.580873829457534,-0.7905751736573945,1.5368626584986895,-1.2527595535953964,0.3976498645002824,0,70,255.0,255.0,255.0
1646,82.30000000000001,42.511087934354954,-5.697544415739582,-43.385830758471066,-0.9288068258505263,4.516906385546776,-0.7706364075609919,1.4776378937521901,-1.3059382028343358,0.39990077935563606,0,70,255.0,255.0,255.0
1647,82.35000000000001,42.46646996344431,-5.473353676986315,-43.42386176499373,-0.8564055502815829,4.45028000917409,-0.7505850957218274,1.4184131290057076,-1.35911685207326,0.4021516942109891,0,70,255.0,255.0,255.0
1648,82.4,42.42539802535618,-5.25256073036323,-43.46088739228087,-0.7869655129499636,4.380994700339458,-0.7304212381398955,1.359188364259225,-1.4122955013121843,0.4044026090663421,0,70,255.0,255.0,255.0
1649,82.45,42.3877240581787,-5.035298522493426,-43.496902013045336,-0.7204867138556682,4.309050459042879,-0.7101448348151956,1.2999635995127425,-1.4654741505511084,0.4066535239216952,0,70,255.0,255.0,255.0
1650,82.5,42.3533,-4.8217,-43.5319,-0.6569691529986967,4.2344472852843555,-0.6897558857477282,1.24073883476626,-1.5186527997900896,0.40890443877704463,0,70,255.0,255.0,255.0
1651,82.55000000000001,42.321980619490816,-4.611899583106093,-43.565877778077116,-0.5962429954220204,4.157096763057562,-0.6693775241007982,1.1883074683002433,-1.5753680892809556,0.40623002709996897,0,70,255.0,255.0,255.0
1652,82.60000000000001,42.293632007652405,-4.40603758643545,-43.598839981086485,-0.5381384061686615,4.076910476356248,-0.6491328830377278,1.1358761018342414,-1.6320833787718056,0.40355561542289414,0,70,255.0,255.0,255.0
1653,82.65,42.26812308606857,-4.204255798211734,-43.63079329505729,-0.4826553852386027,3.99388842518039,-0.6290219625585111,1.0834447353682393,-1.6887986682626555,0.40088120374581926,0,70,255.0,255.0,255.0
1654,82.7,42.24532277632315,-4.006696006658676,-43.66174440601873,-0.4297939326318438,3.9080306095299915,-0.6090447626631482,1.0310133689022374,-1.7455139577535053,0.3982067920687444,0,70,255.0,255.0,255.0
1655,82.75,42.2251,-3.8135,-43.6917,-0.37955404834838485,3.819337029405049,-0.589201283351639,0.9785820024362342,-1.8022292472443837,0.3955323803916704,0,70,255.0,255.0,255.0
1656,82.80000000000001,42.207314387681706,-3.624804451835759,-43.720660529220496,-0.33249319246129894,3.7281145622228684,-0.5691174960357307,0.9038522330467744,-1.8466694400420012,0.40781911224447687,0,70,255.0,255.0,255.0
1657,82.85000000000001,42.19178840594604,-3.4407255772716776,-43.74860151066036,-0.2891688250436987,3.634670085400834,-0.548419372127188,0.8291224636573359,-1.891109632839606,0.4201058440972799,0,70,255.0,255.0,255.0
1658,82.9,42.17833523036951,-3.261374476789695,-43.77549222748999,-0.24958094609557008,3.539003598938919,-0.5271069116260052,0.7543926942678973,-1.935549825637211,0.4323925759500829,0,70,255.0,255.0,255.0
1659,82.95,42.16676803652866,-3.0868622508718038,-43.80130196287975,-0.2137295556169132,3.4411151028371236,-0.5051801145321821,0.6796629248784588,-1.9799900184348158,0.44467930780288595,0,70,255.0,255.0,255.0
1660,83.0,42.1569,-2.9173,-43.826,-0.181614653607728,3.3410045970954485,-0.4826389808457191,0.6049331554890216,-2.0244302112324206,0.4569660396556898,0,70,255.0,255.0,255.0
1661,83.05000000000001,42.148549029782316,-2.7527722095506144,-43.849555305040944,-0.1529522347326795,3.2402689880508375,-0.45946449175627774,0.5415635995126579,-2.004994150551114,0.4700135239217537,0,70,255.0,255.0,255.0
1662,83.10000000000001,42.14155196856341,-2.593256904477653,-43.87193557627208,-0.1274582936564567,3.14050518204032,-0.43563762845353987,0.47819404353631206,-1.985558089869813,0.4830610081878139,0,70,255.0,255.0,255.0
1663,83.15,42.13575039245336,-2.438705494629365,-43.893108194982744,-0.10513283037905101,3.041713179063867,-0.4111583909374991,0.41482448755996626,-1.9661220291885122,0.4961084924538741,0,70,255.0,255.0,255.0
1664,83.2,42.1309858775622,-2.289069389854049,-43.91304054246228,-0.08597584490046242,2.94389297912148,-0.3860267792081553,0.3514549315836205,-1.946685968507211,0.5091559767199343,0,70,255.0,255.0,255.0
1665,83.25,42.1271,-2.1443,-43.9317,-0.06998733722069093,2.847044582213157,-0.36024279326550857,0.2880853756072751,-1.9272499078259244,0.5222034609859953,0,70,255.0,255.0,255.0
1666,83.30000000000001,42.12395589318901,-2.004368309961563,-43.94906945061576,-0.055873868607948594,2.7499934855736488,-0.3347365369391334,0.27645336890229,-1.9547939577535323,0.49804679206877916,0,70,255.0,255.0,255.0
1667,83.35000000000001,42.12150291980028,-1.8693236048175499,-43.96519378425135,-0.042342000330459414,2.6515651864377876,-0.31043811405862604,0.26482136219730823,-1.9823380076811323,0.4738901231515699,0,70,255.0,255.0,255.0
1668,83.4,42.11971199981704,-1.7392347446927388,-43.980133392579056,-0.029391732388219276,2.5517596848055466,-0.2873475246239791,0.25318935549232646,-2.009882057608732,0.4497334542343606,0,70,255.0,255.0,255.0
1669,83.45,42.11855405322253,-1.6141705897119494,-43.99394866727117,-0.017023064781228205,2.4505769806769258,-0.2654647686351926,0.2415573487873447,-2.0374261075363322,0.4255767853171513,0,70,255.0,255.0,255.0
1670,83.5,42.118,-1.4942,-44.0067,-0.005235997509486185,2.3480170740519246,-0.24478984609226634,0.22992534208236295,-2.064970157463925,0.4014201163999429,0,70,255.0,255.0,255.0
1671,83.55000000000001,42.11801619746163,-1.379388150602946,-44.018443692496035,0.005695709164537076,2.2443010696544325,-0.2250773604871913,0.20734292487846806,-2.0836700184348134,0.38707930780288,0,70,255.0,255.0,255.0
1672,83.60000000000001,42.11855075223546,-1.269785476252012,-44.029219686722556,0.01549829497836271,2.139650072208426,-0.20608191531197484,0.18476050767457958,-2.1023698794056958,0.37273849920582125,0,70,255.0,255.0,255.0
1673,83.65,42.11954720827846,-1.1654387265995914,-44.03906383470106,0.024171759931993986,2.034064081713875,-0.18780351056661126,0.1621780904706911,-2.1210697403765786,0.3583976906087625,0,70,255.0,255.0,255.0
1674,83.7,42.120949109547645,-1.0663946512981117,-44.04801198845305,0.03171610402543089,1.92754309817078,-0.1702421462511006,0.13959567326680264,-2.139769601347461,0.3440568820117037,0,70,255.0,255.0,255.0
1675,83.75,42.1227,-0.9727,-44.0561,0.03813132725867346,1.820087121579141,-0.15339782236544286,0.11701325606291407,-2.1584694623183545,0.32971607341464537,0,70,255.0,255.0,255.0
1676,83.80000000000001,42.12474411696448,-0.8843974876265002,-44.06336537940013,0.04345903194983413,1.7119382358084771,-0.13737002111207183,0.09609493158346433,-2.1674859685072208,0.31139597672004954,0,70,255.0,255.0,255.0
1677,83.85000000000001,42.12702847125792,-0.8015136901742936,-44.069852268858455,0.047740820417021004,1.6033385247284007,-0.122258224693435,0.07517660710402052,-2.176502474696084,0.2930758800254589,0,70,255.0,255.0,255.0
1678,83.9,42.12950076706912,-0.7240711489088265,-44.07560646861672,0.05097669266023575,1.4942879883388809,-0.10806243310952761,0.054258282624576715,-2.1855189808849476,0.27475578333086836,0,70,255.0,255.0,255.0
1679,83.95,42.13210870858687,-0.6520924050955714,-44.080673778916655,0.05316664867947837,1.3847866266399182,-0.0947826463603497,0.03333995814513291,-2.194535487073811,0.25643568663627775,0,70,255.0,255.0,255.0
1680,84.0,42.1348,-0.5856,-44.0851,0.05431068847474885,1.274834439631512,-0.08241886444590131,0.012421633665688825,-2.2035519932626784,0.23811558994168758,0,70,255.0,255.0,255.0
1681,84.05000000000001,42.13752173468045,-0.5246370988909369,-44.08892918990346,0.05437216303607731,1.1631939871115113,-0.07086655506443135,-0.009962651212551094,-2.2620661075363424,0.22397678531700618,0,70,255.0,255.0,255.0
1682,84.10000000000001,42.140218562732876,-0.4693293630507321,-44.092198437843635,0.05331442335349397,1.0486278288778594,-0.06002118591419858,-0.03234693609078465,-2.3205802218099896,0.2098379806923288,0,70,255.0,255.0,255.0
1683,84.15,42.142834523445075,-0.4198230777650516,-44.09494309083206,0.051137469426999024,0.9311359649305254,-0.04988275699519965,-0.05473122096901821,-2.379094336083637,0.19569917606765141,0,70,255.0,255.0,255.0
1684,84.2,42.14531365610485,-0.37626452831957957,-44.097198495880335,0.047841301256592465,0.8107183952695093,-0.04045126830743455,-0.07711550584725176,-2.437608450357285,0.18156037144297404,0,70,255.0,255.0,255.0
1685,84.25,42.1476,-0.3388,-44.099,0.043425918842274286,0.6873751198948108,-0.03172671985090328,-0.09949979072548543,-2.49612256463094,0.16742156681829667,0,70,255.0,255.0,255.0
1686,84.30000000000001,42.1496425443137,-0.30749731680967357,-44.100386660986025,0.03818831590581031,0.5658138157453237,-0.023931758630153614,-0.11000432673302604,-2.3663296013474384,0.14437688201161905,0,70,255.0,255.0,255.0
1687,84.35000000000001,42.15141007781057,-0.28211045762272485,-44.10141237976701,0.03242548616897089,0.450742159760045,-0.017289031649739814,-0.12050886274056366,-2.2365366380639737,0.12133219720494796,0,70,255.0,255.0,255.0
1688,84.4,42.152876339150595,-0.2623149400309354,-44.102134768055,0.026137429631754628,0.34216015193893906,-0.011798538909659508,-0.1310133987481013,-2.1067436747805095,0.09828751239827689,0,70,255.0,255.0,255.0
1689,84.45,42.15401506699374,-0.24778628162609673,-44.102611437562,0.019324146294161508,0.240067792282006,-0.007460280409912685,-0.14151793475563892,-1.9769507114970448,0.0752428275916058,0,70,255.0,255.0,255.0
1690,84.5,42.1548,-0.2382,-44.1029,0.011985636156191538,0.14446508078924575,-0.004274256150499356,-0.1520224707631766,-1.8471577482135824,0.05219814278493468,0,70,255.0,255.0,255.0
1691,84.55000000000001,42.15522488806474,-0.23309523387032907,-44.103053766152435,0.005322573340735847,0.06353474990704508,-0.001982410414967864,-0.11450004185499044,-1.3900554870737085,0.03947568663630415,0,70,255.0,255.0,255.0
1692,84.60000000000001,42.15536352602483,-0.23146560645834405,-44.103108843088286,0.0005356319706909846,0.0054595320818565385,-0.00032668748686842317,-0.07697761294681493,-0.9329532259339647,0.026753230487677235,0,70,255.0,255.0,255.0
1693,84.65,42.155309719952555,-0.23216836211119368,-44.103097036947915,-0.0023751879539452084,-0.029760572686346104,0.000692912633799708,-0.03945518403863943,-0.47585096479422084,0.014030774339050318,0,70,255.0,255.0,255.0
1694,84.7,42.155157275920196,-0.23406074517602873,-44.1030501538717,-0.0034098864331727347,-0.04212556439756282,0.0010763899470365278,-0.0019327551304639257,-0.018748703654476895,0.001308318190423402,0,70,255.0,255.0,255.0
1695,84.75,42.155,-0.236,-44.103,-0.0025684634669915925,-0.031635443051793624,0.0008237444528420403,0.03558967377771157,0.438353557485267,-0.011414137958203511,0,70,255.0,255.0,255.0
1696,84.80000000000001,42.154912303427366,-0.23708014770900093,-44.102971874404226,-0.0010146092687323945,-0.012496815373590323,0.00032540028996377575,0.02656449415264222,0.3271915496426909,-0.00851962855692254,0,70,255.0,255.0,255.0
1697,84.85000000000001,42.154891018090105,-0.23734231654389482,-44.102965047879835,8.798594827298428e-05,0.0010837119124798376,-2.8218402850327417e-05,0.017539314527575435,0.2160295418001464,-0.005625119155642391,0,70,255.0,255.0,255.0
1698,84.9,42.15491358103917,-0.2370644115242884,-44.10297228415334,0.0007393221840250493,0.009106138806423088,-0.0002371116256004314,0.00851413490250865,0.1048675339576019,-0.002730609754362243,0,70,255.0,255.0,255.0
1699,84.95,42.15495742932549,-0.23652433766978803,-44.10298634695123,0.0009393994385238015,0.011570465308239429,-0.000301279378286536,-0.0005110447225581335,-0.006294473884942586,0.00016389964691790673,0,70,255.0,255.0,255.0
1700,85.0,42.155,-0.236,-44.103,0.0006882177117692388,0.008476691417928874,-0.00022072166090864173,-0.009536224347624918,-0.11745648172748702,0.0030584090481980543,0,70,255.0,255.0,255.0
1701,85.05000000000001,42.155023498225816,-0.23571057529366685,-44.10300753623068,0.0002718637341899771,0.0033485115873143657,-8.719074491264685e-05,-0.007117934755541763,-0.08767071149704662,0.0022828275916405255,0,70,255.0,255.0,255.0
1702,85.10000000000001,42.15502920161475,-0.23564032736607643,-44.103009365392374,-2.3575763785032525e-05,-0.00029037973177695924,7.561098255441331e-06,-0.004699645163459295,-0.057884941266614705,0.0015072461350832175,0,70,255.0,255.0,255.0
1703,85.15,42.15502315589076,-0.2357147917916525,-44.10300742643873,-0.00019810078215592574,-0.0024399825393467732,6.353386859566632e-05,-0.0022813555713768275,-0.028099171036182785,0.0007316646785259094,0,70,255.0,255.0,255.0
1704,85.2,42.15501140677785,-0.23585950414481904,-44.103003658323395,-0.0002517113209227021,-0.0031002968353950767,8.072756610802808e-05,0.00013693402070564034,0.0016865991942491415,-4.3916778031399036e-05,0,70,255.0,255.0,255.0
1705,85.25,42.155,-0.236,-44.103,-0.00018440738008536274,-0.00227132261992187,5.914219079252666e-05,0.0025552236127881077,0.03147236942468107,-0.0008194982345887074,0,70,255.0,255.0,255.0
1706,85.30000000000001,42.154993703669376,-0.23607755111633158,-44.10299798067308,-7.284566802751377e-05,-0.000897230975667141,2.3362689686811748e-05,0.001907244869524837,0.023491296345495592,-0.0006116818096395637,0,70,255.0,255.0,255.0
1707,85.35000000000001,42.15499217545091,-0.2360963739917994,-44.10299749055068,6.31710686714644e-06,7.780701462800307e-05,-2.0259901714378794e-06,0.0012592661262617504,0.015510223266312382,-0.000403865384690479,0,70,255.0,255.0,255.0
1708,85.4,42.15499379539777,-0.23607642130910142,-44.102998010091746,5.30809445986541e-05,0.0006537913509640091,-1.7023848782233852e-05,0.0006112873829986637,0.007529150187129175,-0.0001960489597413943,0,70,255.0,255.0,255.0
1709,85.45,42.15499694356309,-0.23603764575093567,-44.1029990197552,6.744584516700936e-05,0.0008307220333408773,-2.1630886145576183e-05,-3.669136026442305e-05,-0.00045192289205403524,1.176746520769028e-05,0,70,255.0,255.0,255.0
1710,85.5,42.155,-0.236,-44.103,4.941180857221204e-05,0.0006085990617586069,-1.5847102261464896e-05,-0.0006846701035275091,-0.008432995971237249,0.00021958389015677484,0,70,255.0,255.0,255.0
1711,85.55000000000001,42.155001687096714,-0.23597922024100682,-44.10300054107702,1.9518937920077967e-05,0.00024041231535419885,-6.2600138346001264e-06,-0.000511044722557582,-0.0062944738849357255,0.0001638996469177288,0,70,255.0,255.0,255.0
1712,85.60000000000001,42.155002096581605,-0.235974176666726,-44.10300067240492,-1.69266368355298e-06,-2.0848326735049756e-05,5.428624303101689e-07,-0.0003374193415877042,-0.004155951798634811,0.00010821540367869855,0,70,255.0,255.0,255.0
1713,85.65,42.15500166251815,-0.23597952297194175,-44.10300053319431,-1.4222996238690542e-05,-0.00017518286450925863,4.561526533269114e-06,-0.00016379396061782635,-0.0020174297123338953,5.253116043966831e-05,0,70,255.0,255.0,255.0
1714,85.7,42.15500081896981,-0.2359899128514383,-44.103000262655804,-1.8072059745334682e-05,-0.00022259129796842777,5.795978474276702e-06,9.83142035205142e-06,0.00012109237396702027,-3.153082799361946e-06,0,70,255.0,255.0,255.0
1715,85.75,42.155,-0.236,-44.103,-1.3239854203485443e-05,-0.00016307362711255767,4.2462182533329375e-06,0.00018345680132192925,0.002259614460267932,-5.883732603839217e-05,0,70,255.0,255.0,255.0
1716,85.80000000000001,42.1549995479438,-0.2360055679196411,-44.10299985501885,-5.230083652798109e-06,-6.441828574965395e-05,1.6773656515887597e-06,0.00013693402070549124,0.0016865991942473192,-4.3916778031351575e-05,0,70,255.0,255.0,255.0
1717,85.85000000000001,42.154999438222646,-0.23600691934129664,-44.10299981982964,4.535478670655096e-07,5.586292312196784e-06,-1.4545954980280622e-07,9.041124008906645e-05,0.0011135839282268695,-2.8996230024315216e-05,0,70,255.0,255.0,255.0
1718,85.9,42.1549995545296,-0.23600548680313158,-44.10299985713102,3.8110403561080203e-06,4.694010707302664e-05,-1.222257350842596e-06,4.388845947264167e-05,0.0005405686622064196,-1.4075682017278858e-05,0,70,255.0,255.0,255.0
1719,85.95,42.15499978055771,-0.23600270284331104,-44.102999929621596,4.842393814329422e-06,5.964315853283566e-05,-1.5530277515306125e-06,-2.634321143783118e-06,-3.2446603814030237e-05,8.448659897575045e-07,0,70,255.0,255.0,255.0
1720,86.0,42.155,-0.236,-44.103,3.5476082417297293e-06,4.369544669162386e-05,-1.137770751866853e-06,-4.915710176020786e-05,-0.0006054618698344795,1.576541399679385e-05,0,70,255.0,255.0,255.0
1721,86.05000000000001,42.1550001211281,-0.23599850808042863,-44.10300003884758,1.4013966911144693e-06,1.726082764441708e-05,-4.49448771754912e-07,-3.6691360264383015e-05,-0.00045192289205355136,1.1767465207677525e-05,0,70,255.0,255.0,255.0
1722,86.10000000000001,42.15500015052778,-0.23599814596808738,-44.103000048276506,-1.2152778470906188e-07,-1.4968425137373076e-06,3.897576890105681e-08,-2.4225618768561707e-05,-0.00029838391427266695,7.769516418562337e-06,0,70,255.0,255.0,255.0
1723,86.15,42.155000119363436,-0.23599852981553185,-44.10300003828163,-1.0211651857415637e-06,-1.257756378284792e-05,3.2750287010127726e-07,-1.17598772727404e-05,-0.0001448449364917825,3.7715676294471485e-06,0,70,255.0,255.0,255.0
1724,86.2,42.15500005879939,-0.23599927577531754,-44.10300001885785,-1.297515511983035e-06,-1.598133616291472e-05,4.161325318457502e-07,7.058642230809101e-07,8.694041289101975e-06,-2.2638115966804135e-07,0,70,255.0,255.0,255.0
1725,86.25,42.155,-0.236,-44.103,-9.505787634334762e-07,-1.1708159653937787e-05,3.0486475413447456e-07,1.3171605718902217e-05,0.00016223301906998633,-4.224329948783231e-06,0,70,255.0,255.0,255.0
1726,86.30000000000001,42.15499996754382,-0.2360003997586443,-44.10299998959082,-3.755031116597697e-07,-4.625024828014355e-06,1.2042943543088867e-07,9.831420352040811e-06,0.00012109237396688656,-3.1530827993585265e-06,0,70,255.0,255.0,255.0
1727,86.35000000000001,42.154999959666206,-0.2360004967863537,-44.10299998706435,3.256327177073627e-08,4.010777427524865e-07,-1.0443525801420231e-08,6.491234985180357e-06,7.995172886379848e-05,-2.0818356499341267e-06,0,70,255.0,255.0,255.0
1728,86.4,42.15499996801666,-0.23600039393474095,-44.10299998974247,2.7362038685822877e-07,3.3701480583650388e-06,-8.775412956251217e-08,3.151049618319901e-06,3.8811083760710395e-05,-1.0105885005097265e-06,0,70,255.0,255.0,255.0
1729,86.45,42.154999984244746,-0.23600019405541878,-44.10299999494706,3.4766823360270834e-07,4.2821861188233026e-06,-1.115023758523871e-07,-1.891357485405545e-07,-2.3295613423776618e-06,6.065864891467364e-08,0,70,255.0,255.0,255.0
1730,86.5,42.155,-0.236,-44.103,2.5470681200417514e-07,3.1371919241272834e-06,-8.168826467104522e-08,-3.529321115401006e-06,-4.347020644546577e-05,1.1319057983390726e-06,0,70,255.0,255.0,255.0
1731,86.55000000000001,42.155000008696604,-0.23599989288499407,-44.10300000278913,1.0061575552460896e-07,1.2392716676403387e-06,-3.226896996864264e-08,-2.6343211437802394e-06,-3.244660381399476e-05,8.448659897565809e-07,0,70,255.0,255.0,255.0
1732,86.60000000000001,42.15500001080741,-0.2359998668864977,-44.1030000034661,-8.725302373883973e-09,-1.074684572726263e-07,2.79833430462416e-09,-1.7393211721597273e-06,-2.142300118252689e-05,5.578261811741708e-07,0,70,255.0,255.0,255.0
1733,86.65,42.155000008569914,-0.23599989444550426,-44.103000002748495,-7.331636169135386e-08,-9.030284506122288e-07,2.3513648148771267e-08,-8.443212005392152e-07,-1.0399398551059017e-05,2.7078637259176075e-07,0,70,255.0,255.0,255.0
1734,86.7,42.155000004221606,-0.23599994800300722,-44.10300000135393,-9.315742242780075e-08,-1.1474083123784686e-06,2.987697156379868e-08,5.0678771081296915e-08,6.242040804088622e-07,-1.6253435990649418e-08,0,70,255.0,255.0,255.0
1735,86.75,42.155,-0.236,-44.103,-6.824848458322452e-08,-8.406080425713454e-07,2.1888304549706378e-08,9.456787427018088e-07,1.1647806711876735e-05,-3.032932445730597e-07,0,70,255.0,255.0,255.0
1736,86.80000000000001,42.154999997669755,-0.23600002870137932,-44.10299999925266,-2.6959910438666246e-08,-3.320618425469994e-07,8.646444443681949e-09,7.058642230801467e-07,8.69404128909248e-06,-2.2638115966779698e-07,0,70,255.0,255.0,255.0
1737,86.85000000000001,42.15499999710416,-0.23600003566765543,-44.102999999071265,2.337937724799582e-09,2.8796086338018592e-08,-7.498114170763409e-10,4.660497034585528e-07,5.740275866309065e-06,-1.4946907476255613e-07,0,70,255.0,255.0,255.0
1738,86.9,42.1549999977037,-0.23600002828324187,-44.10299999926354,1.9645059907186385e-08,2.4196574408387427e-07,-6.300463032572813e-09,2.2623518383695886e-07,2.7865104435256485e-06,-7.255698985731528e-08,0,70,255.0,255.0,255.0
1739,86.95,42.154999998868824,-0.2360000139325522,-44.10299999963722,2.4961456108494155e-08,3.0744713069056784e-07,-8.00551040280746e-09,-1.3579335784635064e-08,-1.6725497925776687e-07,4.355095047925563e-09,0,70,255.0,255.0,255.0
1740,87.0,42.155,-0.236,-44.103,1.828712632872294e-08,2.2524024615809882e-07,-5.8649535277802926e-09,-2.533938554062292e-07,-3.1210204020411823e-06,8.126717995316633e-08,0,70,255.0,255.0,255.0
1741,87.05000000000001,42.15500000062438,-0.2359999923094886,-44.10300000020025,7.223886230056014e-09,8.89757025476591e-08,-2.3168078060851464e-09,-1.891357485403472e-07,-2.3295613423751673e-06,6.065864891460726e-08,0,70,255.0,255.0,255.0
1742,87.10000000000001,42.155000000775935,-0.23599999044288053,-44.103000000248855,-6.264485253143067e-10,-7.715888079449009e-09,2.0091136368124214e-10,-1.2487764167448345e-07,-1.5381022827093773e-06,4.005011787605403e-08,0,70,255.0,255.0,255.0
1743,87.15,42.155000000615296,-0.2359999924215282,-44.10300000019733,-5.263877937391622e-09,-6.483452572326993e-08,1.6882039815200295e-09,-6.061953480861971e-08,-7.466432230435874e-07,1.9441586837500812e-08,0,70,255.0,255.0,255.0
1744,87.2,42.155000000303104,-0.23599999626678386,-44.10300000009721,-6.688402006175925e-09,-8.238021038380349e-08,2.1450700474312125e-09,3.638572057244028e-09,4.4815836622202275e-08,-1.1669442010524105e-09,0,70,255.0,255.0,255.0
1745,87.25,42.155,-0.236,-44.103,-4.9000207316672325e-09,-6.035294206104987e-08,1.5715095614147936e-09,6.789667892310777e-08,8.362748962879927e-07,-2.1775475239605643e-08,0,70,255.0,255.0,255.0
1746,87.30000000000001,42.1549999998327,-0.23600000206066632,-44.10299999994634,-1.9356344815578164e-09,-2.3840967643637044e-08,6.207867806586362e-10,5.067877108124191e-08,6.242040804081882e-07,-1.625343599063201e-08,0,70,255.0,255.0,255.0
1747,87.35000000000001,42.15499999979209,-0.23600000256082246,-44.10299999993332,1.6785637645763468e-10,2.0674659797772944e-09,-5.383403764862456e-11,3.3460863239380944e-08,4.1213326452844406e-07,-1.0731396741659948e-08,0,70,255.0,255.0,255.0
1748,87.4,42.15499999983514,-0.2360000020306454,-44.10299999994712,1.4104518423800866e-09,1.737235880920501e-08,-4.5235289350729775e-10,1.6242955397519978e-08,2.000624486486999e-07,-5.209357492687886e-09,0,70,255.0,255.0,255.0
1749,87.45,42.154999999918786,-0.23600000100031224,-44.10299999997396,1.7921519162095397e-09,2.207371084464615e-08,-5.747697869173834e-10,-9.749524443409954e-10,-1.2008367231044348e-08,3.12681756284175e-10,0,70,255.0,255.0,255.0
1750,87.5,42.155,-0.236,-44.103,1.312956597945994e-09,1.617152208610065e-08,-4.210847178788818e-10,-1.819286028620196e-08,-2.2407918311078855e-07,5.834721005256241e-09,0,70,255.0,255.0,255.0
1751,87.55000000000001,42.15500000004483,-0.2359999994478461,-44.10300000001438,5.186516961752519e-10,6.388168026889073e-09,-1.6633931654939804e-10,-1.3579335784620505e-08,-1.6725497925758563e-07,4.355095047920793e-09,0,70,255.0,255.0,255.0
1752,87.60000000000001,42.15500000005571,-0.23599999931382967,-44.103000000017865,-4.497698051623786e-11,-5.539758396601448e-10,1.4424786913255603e-11,-8.965811283040364e-09,-1.1043077540439887e-07,2.875469090585765e-09,0,70,255.0,255.0,255.0
1753,87.65,42.155000000044176,-0.23599999945589017,-44.10300000001417,-3.779294321287335e-10,-4.654909513550188e-09,1.2120759250916218e-10,-4.3522867814602226e-09,-5.360657155121211e-08,1.3958431332507376e-09,0,70,255.0,255.0,255.0
1754,87.7,42.155000000021765,-0.23599999973196714,-44.10300000000698,-4.802056586622354e-10,-5.914632994781049e-09,1.5400910023832138e-10,2.612377201199172e-10,3.2176323019746684e-09,-8.378282408428952e-11,0,70,255.0,255.0,255.0
1755,87.75,42.155,-0.236,-44.103,-3.518056601167433e-10,-4.333146283352735e-09,1.128293101007335e-10,4.874762221700058e-09,6.004183615516147e-08,-1.5634087814193179e-09,0,70,255.0,255.0,255.0
1756,87.80000000000001,42.15499999998799,-0.23600000014794917,-44.10299999999615,-1.3897230314319073e-10,-1.7117044639192457e-09,4.457048553895609e-11,3.6385720572401097e-09,4.481583662215425e-08,-1.1669442010511578e-09,0,70,255.0,255.0,255.0
1757,87.85000000000001,42.15499999998507,-0.23600000018385875,-44.10299999999521,1.2051545607316219e-11,1.484373788632895e-10,-3.86511000439787e-12,2.402381892780513e-09,2.9589837089151362e-08,-7.704796206831103e-10,0,70,255.0,255.0,255.0
1758,87.9,42.15499999998816,-0.23600000014579378,-44.1029999999962,1.0126588613484695e-10,1.2472792449957236e-09,-3.2477476529350566e-11,1.1661917283209166e-09,1.4363837556148479e-08,-3.740150403150629e-10,0,70,255.0,255.0,255.0
1759,87.95,42.154999999994175,-0.23600000007181918,-44.10299999999813,1.2867071843940128e-10,1.584821134478054e-09,-4.126661403590202e-11,-6.999843613868e-11,-8.621619768544178e-10,2.2449540052984515e-11,0,70,255.0,255.0,255.0
1760,88.0,42.155,-0.236,-44.103,9.426604252097941e-11,1.1610630473102858e-09,-3.0232522524052255e-11,-1.3061886005982761e-09,-1.6088161509857298e-08,4.1891412042103183e-10,0,70,255.0,255.0,255.0
1761,88.05000000000001,42.15500000000321,-0.23599999996035712,-44.10300000000103,3.723751639751112e-11,4.5864982878790953e-10,-1.1942625606426316e-11,-9.749524443399364e-10,-1.2008367231031365e-08,3.126817562838394e-10,0,70,255.0,255.0,255.0
1762,88.10000000000001,42.155000000004,-0.2359999999507352,-44.10300000000128,-3.229201913027254e-12,-3.977367579301096e-11,1.0356531043358612e-12,-6.437162880816908e-10,-7.928572952206588e-09,2.0644939214667717e-10,0,70,255.0,255.0,255.0
1763,88.15,42.15500000000317,-0.23599999996093465,-44.10300000000102,-2.7134112410654277e-11,-3.342074664327041e-10,8.702313608240225e-12,-3.124801318234451e-10,-3.848778673381815e-09,1.0021702800951491e-10,0,70,255.0,255.0,255.0
1764,88.2,42.15500000000156,-0.2359999999807561,-44.103000000000506,-3.4477215095370016e-11,-4.246515431311706e-10,1.105735590528679e-11,1.8756024434800536e-11,2.3101560544295983e-10,-6.0153361276472985e-12,0,70,255.0,255.0,255.0
1765,88.25,42.155,-0.236,-44.103,-2.5258509967174305e-11,-3.111059058884095e-10,8.10077999547553e-12,3.4999218069304634e-10,4.310809884267734e-09,-1.1224770026480959e-10,0,70,255.0,255.0,255.0
1766,88.30000000000001,42.15499999999914,-0.23600000001062227,-44.102999999999724,-9.977762446853796e-12,-1.2289485123239308e-10,3.2000168867491782e-12,2.61237720119635e-10,3.2176323019712104e-09,-8.37828240841999e-11,0,70,255.0,255.0,255.0
1767,88.35000000000001,42.15499999999893,-0.23600000001320046,-44.10299999999966,8.652620447926859e-13,1.065732430875452e-11,-2.775024129455799e-13,1.7248325954624891e-10,2.1244547196749974e-09,-5.531794790359832e-11,0,70,255.0,255.0,255.0
1768,88.4,42.15499999999915,-0.2360000000104675,-44.10299999999973,7.270563507770118e-12,8.955062073509456e-11,-2.3317779036103376e-12,8.37287989728628e-11,1.0312771373787848e-09,-2.6853071722996722e-11,0,70,255.0,255.0,255.0
1769,88.45,42.15499999999958,-0.23600000000515636,-44.10299999999987,9.238141942078486e-12,1.1378503804662705e-10,-2.962809585245098e-12,-5.02566160052328e-12,-6.190044491742812e-11,1.6118044576048605e-12,0,70,255.0,255.0,255.0
1770,88.5,42.155,-0.236,-44.103,6.767997347717818e-12,8.33605762433522e-11,-2.1705974578498614e-12,-9.378012217390934e-11,-1.155078027213641e-09,3.0076680638206436e-11,0,70,255.0,255.0,255.0
1771,88.55000000000001,42.155000000000236,-0.23599999999715376,-44.10300000000007,2.6735333899040572e-12,3.29295761416627e-11,-8.574419405703974e-13,-6.999843613860385e-11,-8.621619768534804e-10,2.2449540052960177e-11,0,70,255.0,255.0,255.0
1772,88.60000000000001,42.155000000000285,-0.23599999999646293,-44.1030000000001,-2.318462661435019e-13,-2.855621442007349e-12,7.435654744645571e-14,-4.6216750103305134e-11,-5.692459264934029e-10,1.482239946771608e-11,0,70,255.0,255.0,255.0
1773,88.65,42.155000000000236,-0.23599999999719523,-44.10300000000007,-1.948141620426195e-12,-2.3995016507674346e-11,6.247980062011258e-13,-2.2435064068006405e-11,-2.763298761333254e-10,7.1952588824719895e-12,0,70,255.0,255.0,255.0
1774,88.7,42.155000000000115,-0.23599999999861834,-44.10300000000004,-2.475352672944016e-12,-3.048860905533831e-11,7.938824356936137e-13,1.3466219672923114e-12,1.658617422675204e-11,-4.318817027721045e-13,0,70,255.0,255.0,255.0
1775,88.75,42.155,-0.236,-44.103,-1.8134794236969697e-12,-2.233639908499925e-11,5.816098359239183e-13,2.5128308002591027e-11,3.095022245868295e-10,-8.059022288016199e-12,0,70,255.0,255.0,255.0
1776,88.80000000000001,42.15499999999994,-0.23600000000076263,-44.10299999999998,-7.163711127624342e-13,-8.82345333425768e-12,2.297508755324128e-13,1.8756024434780416e-11,2.3101560544271038e-10,-6.015336127640822e-12,0,70,255.0,255.0,255.0
1777,88.85000000000001,42.15499999999992,-0.23600000000094773,-44.10299999999998,6.212301978132243e-14,7.65161459274872e-13,-1.9923776840244232e-14,1.2383740866971616e-11,1.5252898629861356e-10,-3.971649967266026e-12,0,70,255.0,255.0,255.0
1778,88.9,42.154999999999944,-0.23600000000075153,-44.10299999999999,5.220029739346573e-13,6.429445295602808e-12,-1.674141211941673e-13,6.011457299162817e-12,7.404236715451673e-11,-1.9279638068912303e-12,0,70,255.0,255.0,255.0
1779,88.95,42.15499999999997,-0.2360000000003702,-44.102999999999994,6.632687496975697e-13,8.169398174726127e-12,-2.127201575293563e-13,-3.608262686459851e-13,-4.444251989580043e-12,1.157223534835657e-13,0,70,255.0,255.0,255.0
1780,89.0,42.155,-0.236,-44.103,4.859203470700609e-13,5.9850200966448184e-12,-1.5584188584581167e-13,-6.733109836454784e-12,-8.293087113367695e-11,2.1594085138583593e-12,0,70,255.0,255.0,255.0
1781,89.05000000000001,42.155000000000015,-0.23599999999979562,-44.10300000000001,1.9195106114567897e-13,2.364237195368043e-12,-6.156156155925337e-14,-5.0256616005178174e-12,-6.190044491736112e-11,1.6118044576031152e-12,0,70,255.0,255.0,255.0
1782,89.10000000000001,42.15500000000002,-0.23599999999974602,-44.103,-1.664581298178799e-14,-2.0502439509212052e-13,5.338559914521399e-15,-3.318213364581336e-12,-4.0870018701051286e-11,1.064200401348027e-12,0,70,255.0,255.0,255.0
1783,89.15,42.155000000000015,-0.23599999999979862,-44.10300000000001,-1.3987027531243577e-13,-1.722764674736852e-12,4.485847857554328e-14,-1.6107651286448547e-12,-1.983959248474144e-11,5.165963450929386e-13,0,70,255.0,255.0,255.0
1784,89.2,42.15500000000001,-0.2359999999999008,-44.103,-1.7772232584626444e-13,-2.188983643566151e-12,5.69981944238123e-14,9.66831072916267e-14,1.1908337315684024e-12,-3.100771116214984e-14,0,70,255.0,255.0,255.0
1785,89.25,42.155,-0.236,-44.103,-1.3020196458327365e-13,-1.6036813015800188e-12,4.175770745932844e-14,1.8041313432281079e-12,2.2221259947878237e-11,-5.786117674172381e-13,0,70,255.0,255.0,255.0
1786,89.30000000000001,42.154999999999994,-0.23600000000005475,-44.103,-5.1433131820281727e-14,-6.334954472144898e-13,1.6495370704600785e-14,1.3466219672908525e-12,1.6586174226734102e-11,-4.318817027716384e-13,0,70,255.0,255.0,255.0
1787,89.35000000000001,42.154999999999994,-0.23600000000006804,-44.102999999999994,4.4602321458296126e-15,5.4936121093613153e-14,-1.4304628178411578e-15,8.891125913537274e-13,1.095108850559157e-11,-2.851516381260804e-13,0,70,255.0,255.0,255.0
1788,89.4,42.154999999999994,-0.23600000000005394,-44.103,3.747812731508599e-14,4.616134033446049e-13,-1.201979310800563e-14,4.316032154166022e-13,5.316002784449037e-12,-1.3842157348052246e-13,0,70,255.0,255.0,255.0
1789,89.45,42.154999999999994,-0.23600000000002658,-44.103,4.7620553687487405e-14,5.865363995384869e-13,-1.527262016589263e-14,-2.5906160520523113e-14,-3.1908293669349524e-13,8.308491165035575e-15,0,70,255.0,255.0,255.0
1790,89.5,42.155,-0.236,-44.103,3.4887511263033814e-14,4.297051096752578e-13,-1.1188943991502125e-14,-4.834155364576481e-13,-5.954168657836026e-12,1.5503855581059356e-13,0,70,255.0,255.0,255.0
1791,89.55000000000001,42.155,-0.2359999999999853,-44.103,1.378146613544797e-14,1.6974459348991538e-13,-4.41992125914978e-15,-3.6082626864559365e-13,-4.4442519895753046e-12,1.1572235348343869e-13,0,70,255.0,255.0,255.0
1792,89.60000000000001,42.155,-0.23599999999998178,-44.103,-1.1951156015303724e-15,-1.472008928233207e-14,3.832913568432892e-16,-2.382370008335741e-13,-2.9343353213150125e-12,7.6406151156295e-14,0,70,255.0,255.0,255.0
1793,89.65,42.155,-0.23599999999998553,-44.103,-1.0042233947908077e-14,-1.2368893864156917e-13,3.2206938564792846e-15,-1.1564773302155442e-13,-1.4244186530547204e-12,3.7089948829151307e-14,0,70,255.0,255.0,255.0
1794,89.7,42.155,-0.23599999999999285,-44.103,-1.2759888903685165e-14,-1.5716195458779604e-13,4.092286239758208e-15,6.9415347904651405e-15,8.549801520557132e-14,-2.2262534979923833e-15,0,70,255.0,255.0,255.0
1795,89.75,42.155,-0.236,-44.103,-9.348080468861608e-15,-1.1513913712101235e-13,2.998068506680057e-15,1.295308026024848e-13,1.595414683465865e-12,-4.1542455825136086e-14,0,70,255.0,255.0,255.0
1796,89.80000000000001,42.155,-0.2360000000000039,-44.103,-3.692732721510148e-15,-4.548292674517205e-14,1.1843143319983345e-15,9.668310729152217e-14,1.1908337315671131e-12,-3.100771116211631e-14,0,70,255.0,255.0,255.0
1797,89.85000000000001,42.155,-0.2360000000000049,-44.103,3.2023026029190065e-16,3.9442360357148645e-15,-1.0270260953198795e-16,6.383541198056889e-14,7.862527796684764e-13,-2.047296649909953e-14,0,70,255.0,255.0,255.0
1798,89.9,42.155,-0.23600000000000385,-44.103,2.6908084765463767e-15,3.3142351221671124e-14,-8.629823179115022e-16,3.09877166696156e-14,3.816718277698395e-13,-9.938221836082748e-15,0,70,255.0,255.0,255.0
1799,89.95,42.155,-0.2360000000000019,-44.103,3.4190019272532867e-15,4.211141881269664e-14,-1.0965247931402058e-15,-1.8599786413376763e-15,-2.2909124128797314e-14,5.965228269340274e-16,0,70,255.0,255.0,255.0
1800,90.0,42.155,-0.236,-44.103,2.5048106124126183e-15,3.0851438808791554e-14,-8.033300352181032e-16,-3.4707673952290955e-14,-4.2749007602743367e-13,1.1131267489950801e-14,0,70,255.0,255.0,255.0
1801,90.05000000000001,42.155,-0.2359999999999989,-44.103,9.894647505926263e-16,1.218711349077276e-14,-3.173360688435583e-16,-2.5906160520494947e-14,-3.190829366931483e-13,8.308491165026573e-15,0,70,255.0,255.0,255.0
1802,90.10000000000001,42.155,-0.23599999999999868,-44.103,-8.580543963722243e-17,-1.0568548605275339e-15,2.751908128466513e-17,-1.710464708870144e-14,-2.1067579735889368e-13,5.485714840103148e-15,0,70,255.0,255.0,255.0
1803,90.15,42.155,-0.23599999999999893,-44.103,-7.209999582774205e-16,-8.880466245115404e-15,2.312354151667254e-16,-8.303133656907934e-15,-1.0226865802463907e-13,2.662938515179723e-15,0,70,255.0,255.0,255.0
1804,90.2,42.155,-0.2359999999999995,-44.103,-9.161188053279675e-16,-1.1283720662990861e-14,2.9381293280262223e-16,4.983797748855711e-16,6.1384813096155124e-15,-1.598378097437025e-16,0,70,255.0,255.0,255.0
1805,90.25,42.155,-0.236,-44.103,-6.711619807888671e-16,-8.266618114153898e-15,2.152516341923561e-16,9.299893206679076e-15,1.1454562064387015e-13,-2.9826141346671273e-15,0,70,255.0,255.0,255.0
1806,90.30000000000001,42.155,-0.23600000000000027,-44.103,-2.6512628086035646e-16,-3.2655272179190024e-15,8.502994337589861e-17,6.941534790457656e-15,8.549801520548017e-14,-2.2262534979899883e-15,0,70,255.0,255.0,255.0
1807,90.35000000000001,42.155,-0.23600000000000032,-44.103,2.299149825699125e-17,2.8318340639526043e-16,-7.373715606672462e-18,4.583176374236906e-15,5.6450409767098427e-14,-1.4698928613130639e-15,0,70,255.0,255.0,255.0
1808,90.4,42.155,-0.2360000000000003,-44.103,1.9319135656330798e-16,2.3795137587905192e-15,-6.195934275539941e-17,2.224817958016156e-15,2.74028043287167e-14,-7.135322246361399e-16,0,70,255.0,255.0,255.0
1809,90.45,42.155,-0.23600000000000013,-44.103,2.454732940585943e-16,3.0234638392667717e-15,-7.872693807028235e-17,-1.335404582045937e-16,-1.6448011096650386e-15,4.282841204078458e-17,0,70,255.0,255.0,255.0
1810,90.5,42.155,-0.236,-44.103,1.798373107428496e-16,2.215033647824027e-15,-5.767650155132125e-17,-2.491898874425342e-15,-3.069240654804674e-14,7.991890487177085e-16,0,70,255.0,255.0,255.0
1811,90.55000000000001,42.155,-0.2359999999999999,-44.103,7.104037284879953e-17,8.749953809032475e-16,-2.2783704660036115e-17,-1.859978641335671e-15,-2.2909124128772257e-14,5.965228269333793e-16,0,70,255.0,255.0,255.0
1812,90.60000000000001,42.155,-0.2359999999999999,-44.103,-6.160553390742325e-18,-7.587876505350448e-17,1.9757811420246438e-18,-1.2280584082461798e-15,-1.5125841709499985e-14,3.9385660514910765e-16,0,70,255.0,255.0,255.0
1813,90.65,42.155,-0.2359999999999999,-44.103,-5.176546797581147e-17,-6.375887900466649e-16,1.6601955854872398e-17,-5.961381751566885e-16,-7.342559290227717e-15,1.9119038336483599e-16,0,70,255.0,255.0,255.0
1814,90.7,42.155,-0.23599999999999996,-44.103,-6.577437090640782e-17,-8.101346940762344e-16,2.1094819478507163e-17,3.5782057932802605e-17,4.407231290445538e-16,-1.1475838419435629e-17,0,70,255.0,255.0,255.0
1815,90.75,42.155,-0.236,-44.103,-4.818726218253142e-17,-5.935164771422118e-16,1.5454372012928923e-17,6.677022910222942e-16,8.224005548316825e-15,-2.1414206020370717e-16,0,70,255.0,255.0,255.0
1816,90.80000000000001,42.155,-0.23600000000000002,-44.103,-1.903521053484169e-17,-2.344543056939877e-16,6.104875264245884e-18,4.9837977488503e-16,6.138481309608873e-15,-1.5983780974352934e-16,0,70,255.0,255.0,255.0
1817,90.85000000000001,42.155,-0.23600000000000002,-44.103,1.6507153059782376e-18,2.0331653818757462e-17,-5.294089614261476e-19,3.2905725874781394e-16,4.0529570709015134e-15,-1.0553355928336696e-16,0,70,255.0,255.0,255.0
1818,90.9,42.155,-0.23600000000000002,-44.103,1.3870515339937831e-17,1.708414013961405e-16,-4.448480664090213e-18,1.5973474261059787e-16,1.9674328321941543e-15,-5.122930882320459e-17,0,70,255.0,255.0,255.0
1819,90.95,42.155,-0.236,-44.103,1.762418956703712e-17,2.1707493703816157e-16,-5.652339843746312e-18,-9.587773526618189e-18,-1.1809140651320488e-16,3.0749416369578113e-18,0,70,255.0,255.0,255.0
1820,91.0,42.155,-0.236,-44.103,1.2911737987276073e-17,1.5903226074482056e-16,-4.140986500394449e-18,-1.7891028966383418e-16,-2.2036156452205656e-15,5.73791920971202e-17,0,70,255.0,255.0,255.0
1821,91.05000000000001,42.155,-0.236,-44.103,5.10046929056723e-18,6.282184187270359e-17,-1.6357963969474214e-18,-1.335404582044485e-16,-1.6448011096632379e-15,4.282841204073813e-17,0,70,255.0,255.0,255.0
1822,91.10000000000001,42.155,-0.23599999999999996,-44.103,-4.423078331705605e-19,-5.4478502215252076e-18,1.4185470367993532e-19,-8.817062674507573e-17,-1.0859865741060689e-15,2.8277631984360196e-17,0,70,255.0,255.0,255.0
1823,91.15,42.155,-0.236,-44.103,-3.716593383939841e-18,-4.577681553789712e-17,1.1919668014884362e-18,-4.280079528570294e-17,-5.271720385488999e-16,1.3726851927982256e-17,0,70,255.0,255.0,255.0
1824,91.2,42.155,-0.236,-44.103,-4.722387361740615e-18,-5.816505407641217e-17,1.514539896478082e-18,2.56903617366983e-18,3.164249700826888e-17,-8.239281283956782e-19,0,70,255.0,255.0,255.0
1825,91.25,42.155,-0.236,-44.103,-3.4596897665728735e-18,-4.2612565837070406e-17,1.1095739886488736e-18,4.793886763304261e-17,5.904570325654381e-16,-1.5374708184773615e-17,0,70,255.0,255.0,255.0
1826,91.30000000000001,42.155,-0.236,-44.103,-1.3666666274272304e-18,-1.6833061796826615e-17,4.383103235438018e-19,3.5782057932764074e-17,4.407231290440792e-16,-1.1475838419423152e-17,0,70,255.0,255.0,255.0
1827,91.35000000000001,42.155,-0.236,-44.103,1.1851602670401157e-19,1.4597470673433994e-18,-3.800985329359486e-20,2.3625248232488992e-17,2.909892255227628e-16,-7.576968654073798e-18,0,70,255.0,255.0,255.0
1828,91.4,42.155,-0.236,-44.103,9.958581958215336e-19,1.2265860755448011e-17,-3.19386541863535e-19,1.1468438532213909e-17,1.4125532200144642e-16,-3.6780988887244434e-18,0,70,255.0,255.0,255.0
1829,91.45,42.155,-0.236,-44.103,1.2653598799253366e-18,1.5585279267487217e-17,-4.058197421660186e-19,-6.883711680611679e-19,-8.478581519869859e-18,2.2077087662491073e-19,0,70,255.0,255.0,255.0
1830,91.5,42.155,-0.236,-44.103,9.270210790154209e-19,1.1418002603461063e-17,-2.973094542010454e-19,-1.2845180868336254e-17,-1.5821248504118624e-16,4.1196406419742626e-18,0,70,255.0,255.0,255.0
1831,91.55000000000001,42.155,-0.236,-44.103,3.6619721914169254e-19,4.510405314602874e-18,-1.1744489722778582e-19,-9.587773526607781e-18,-1.1809140651307849e-16,3.0749416369544856e-18,0,70,255.0,255.0,255.0
1832,91.60000000000001,42.155,-0.236,-44.103,-3.175627364548532e-20,-3.9113804784836217e-19,1.0184709494444185e-20,-6.330366184880234e-18,-7.797032798498212e-17,2.030242631935005e-18,0,70,255.0,255.0,255.0
1833,91.65,42.155,-0.236,-44.103,-2.668393993462951e-19,-3.286627483894895e-18,8.557936596570309e-20,-3.0729588431526865e-18,-3.784924945688576e-17,9.855436269155249e-19,0,70,255.0,255.0,255.0
1834,91.7,42.155,-0.236,-44.103,-3.3905215796073664e-19,-4.1760629935367224e-18,1.0873907218599097e-19,1.8444849857486015e-19,2.271829071210579e-18,-5.915537810395549e-20,0,70,255.0,255.0,255.0
1835,91.75,42.155,-0.236,-44.103,-2.4839454948881e-19,-3.059444576773848e-18,7.966382815530797e-20,3.4418558403024068e-18,4.2392907599306923e-17,-1.1038543831234355e-18,0,70,255.0,255.0,255.0
1836,91.80000000000001,42.155,-0.236,-44.103,-9.812224913953936e-20,-1.2085594615848842e-18,3.1469265367341405e-20,2.5690361736670524e-18,3.1642497008234793e-17,-8.239281283947888e-19,0,70,255.0,255.0,255.0
1837,91.85000000000001,42.155,-0.236,-44.103,8.509067877929533e-21,1.0480512405005394e-19,-2.728984684181901e-21,1.696216507031946e-18,2.089208641716572e-17,-5.440018736662216e-19,0,70,255.0,255.0,255.0
1838,91.9,42.155,-0.236,-44.103,7.149940156364559e-20,8.806491801315691e-19,-2.2930921999277648e-20,8.233968403968394e-19,1.0141675826096647e-17,-2.6407561893765446e-19,0,70,255.0,255.0,255.0
1839,91.95,42.155,-0.236,-44.103,9.084875191760879e-20,1.1189727066596612e-18,-2.913654657794582e-20,-4.942282623826654e-20,-6.08734764972426e-19,1.5850635790912755e-20,0,70,255.0,255.0,255.0
1840,92.0,42.155,-0.236,-44.103,6.655711893981919e-20,8.197757036343306e-19,-2.1345858420186503e-20,-9.222424928733732e-19,-1.1359145356041496e-17,2.957768905194796e-19,0,70,255.0,255.0,255.0
1841,92.05000000000001,42.155,-0.236,-44.103,2.6291777416465002e-20,3.238325317366621e-19,-8.432164241579827e-21,-6.883711680604283e-19,-8.47858151986073e-18,2.2077087662467e-19,0,70,255.0,255.0,255.0
1842,92.10000000000001,42.155,-0.236,-44.103,-2.279997866232832e-21,-2.8082448351855575e-20,7.312292422834418e-22,-4.544998432475497e-19,-5.5980176836807834e-18,1.457648627298817e-19,0,70,255.0,255.0,255.0
1843,92.15,42.155,-0.236,-44.103,-1.91582069082874e-20,-2.359692366313845e-19,6.1443220314075104e-21,-2.206285184346712e-19,-2.717453847500837e-18,7.075884883509341e-20,0,70,255.0,255.0,255.0
1844,92.2,42.155,-0.236,-44.103,-2.4342849709698676e-20,-2.998278331019237e-19,7.807114125792381e-21,1.324280637820735e-20,1.6310998867911113e-19,-4.247165059694907e-21,0,70,255.0,255.0,255.0
1845,92.25,42.155,-0.236,-44.103,-1.783392627046673e-20,-2.1965823776347423e-19,5.719605525438055e-21,2.4711413119108574e-19,3.043673824859056e-18,-7.925317895448317e-20,0,70,255.0,255.0,255.0
1846,92.30000000000001,42.155,-0.236,-44.103,-7.044860526320625e-21,-8.677066536176454e-20,2.259391598977905e-21,1.8444849857466034e-19,2.2718290712081233e-18,-5.915537810389136e-20,0,70,255.0,255.0,255.0
1847,92.35000000000001,42.155,-0.236,-44.103,6.109235870017682e-22,7.524669357368429e-21,-1.9593228495187098e-22,1.2178286595825277e-19,1.4999843175574098e-18,-3.9057577253305273e-20,0,70,255.0,255.0,255.0
1848,92.4,42.155,-0.236,-44.103,5.133426069503961e-21,6.322776639396795e-20,-1.6463661263523998e-21,5.911723334184519e-20,7.281395639066962e-19,-1.8959776402719182e-20,0,70,255.0,255.0,255.0
1849,92.45,42.155,-0.236,-44.103,6.52264692118595e-21,8.033862574803392e-20,-2.091909925223682e-21,-3.548399274562379e-21,-4.370518974401699e-20,1.1380244478669218e-21,0,70,255.0,255.0,255.0
1850,92.5,42.155,-0.236,-44.103,4.778586142047745e-21,5.885724741956647e-20,-1.532563681565714e-21,-6.621403189096994e-20,-8.155499433947306e-19,2.1235825298453013e-20,0,70,255.0,255.0,255.0
1851,92.55000000000001,42.155,-0.236,-44.103,1.8876646888175053e-21,2.3250129710396002e-20,-6.054021543317926e-22,-4.9422826238213335e-20,-6.087347649717642e-19,1.585063579089541e-20,0,70,255.0,255.0,255.0
1852,92.60000000000001,42.155,-0.236,-44.103,-1.6369648177424862e-22,-2.0162290776180845e-21,5.2499897524038566e-23,-3.2631620585461505e-20,-4.0191958654885677e-19,1.0465446283339333e-20,0,70,255.0,255.0,255.0
1853,92.65,42.155,-0.236,-44.103,-1.375497369728459e-21,-1.6941828944487394e-20,4.411424740020814e-22,-1.584041493270967e-20,-1.9510440812594921e-19,5.080256775783259e-21,0,70,255.0,255.0,255.0
1854,92.7,42.155,-0.236,-44.103,-1.747737975045125e-21,-2.1526669890211898e-20,5.605255751023357e-22,9.50790720042165e-22,1.171077029695829e-20,-3.0493273177281634e-22,0,70,255.0,255.0,255.0
1855,92.75,42.155,-0.236,-44.103,-1.2804182977242472e-21,-1.5770751914791613e-20,4.1064920082480135e-22,1.7741996372793994e-20,2.1852594871986584e-19,-5.69012223932889e-21,0,70,255.0,255.0,255.0
1856,92.80000000000001,42.155,-0.236,-44.103,-5.057982289493972e-22,-6.2298534798194595e-21,1.6221701834926575e-22,1.324280637819296e-20,1.6310998867893348e-19,-4.247165059690274e-21,0,70,255.0,255.0,255.0
1857,92.85000000000001,42.155,-0.236,-44.103,4.386234009522582e-23,5.402469531039147e-22,-1.4067305144282762e-23,8.743616383593205e-21,1.0769402863801687e-19,-2.8042078800520687e-21,0,70,255.0,255.0,255.0
1858,92.9,42.155,-0.236,-44.103,3.6856340940987383e-22,4.539549383981614e-21,-1.182037696559252e-22,4.244426388993449e-21,5.227806859710028e-20,-1.361250700413863e-21,0,70,255.0,255.0,255.0
1859,92.95,42.155,-0.236,-44.103,4.683049789945464e-22,5.768053812813642e-21,-1.5019237518566124e-22,-2.5476360560630534e-22,-3.13789144381636e-21,8.170647922434276e-23,0,70,255.0,255.0,255.0
1860,93.0,42.155,-0.236,-44.103,3.4308704884924494e-22,4.225760239599995e-21,-1.1003312173349144e-22,-4.7539536002060605e-21,-5.855385148473299e-20,1.5246636588625475e-21,0,70,255.0,255.0,255.0
1861,93.05000000000001,42.155,-0.236,-44.103,1.3552822698008308e-22,1.6692842088818443e-21,-4.346591906527037e-23,-3.548399274558526e-21,-4.3705189743969796e-20,1.1380244478656901e-21,0,70,255.0,255.0,255.0
1862,93.10000000000001,42.155,-0.236,-44.103,-1.1752878606655068e-23,-1.4475873479756764e-22,3.7693230530927524e-24,-2.3428449489113335e-21,-2.885652800321082e-20,7.513852368689425e-22,0,70,255.0,255.0,255.0
1863,93.15,42.155,-0.236,-44.103,-9.875626791103697e-23,-1.216368591439074e-21,3.16726046216196e-23,-1.1372906232641418e-21,-1.4007866262451846e-20,3.6474602587219494e-22,0,70,255.0,255.0,255.0
1864,93.2,42.155,-0.236,-44.103,-1.254819409330626e-22,-1.5455453610426727e-21,4.0243925640310203e-23,6.826370238305035e-23,8.407954783071254e-22,-2.1893185124552648e-23,0,70,255.0,255.0,255.0
1865,93.25,42.155,-0.236,-44.103,-9.192989767273231e-23,-1.132289043608366e-21,2.948328610916445e-23,1.2738180280302421e-21,1.5689457219066097e-20,-4.085323961213004e-22,0,70,255.0,255.0,255.0
1866,93.30000000000001,42.155,-0.236,-44.103,-3.6314678970935154e-23,-4.472833557079155e-22,1.1646657911815735e-23,9.507907200411384e-22,1.1710770296945692e-20,-3.04932731772486e-22,0,70,255.0,255.0,255.0
1867,93.35000000000001,42.155,-0.236,-44.103,3.1491743313942346e-24,3.878798608635948e-23,-1.0099870680882199e-24,6.277634120521267e-22,7.732083374826416e-21,-2.01333067423701e-22,0,70,255.0,255.0,255.0
1868,93.4,42.155,-0.236,-44.103,2.6461662234273948e-23,3.2592498177468197e-22,-8.486648830553214e-24,3.047361040631149e-22,3.753396452707141e-21,-9.773340307491601e-23,0,70,255.0,255.0,255.0
1869,93.45,42.155,-0.236,-44.103,3.3622784737703993e-23,4.141276313570524e-22,-1.078332737557926e-23,-1.829120392589681e-23,-2.2529046941213267e-22,5.866261273868956e-24,0,70,255.0,255.0,255.0
1870,93.5,42.155,-0.236,-44.103,2.463254184168437e-23,3.0339593483346994e-22,-7.900022703166353e-24,-3.413185119149086e-22,-4.203977391531408e-21,1.0946592562265397e-22,0,70,255.0,255.0,255.0
1871,93.55000000000001,42.155,-0.236,-44.103,9.730488903657548e-24,1.1984921394981858e-22,-3.120712581992573e-24,-2.547636056060287e-22,-3.1378914438129763e-21,8.170647922425376e-23,0,70,255.0,255.0,255.0
1872,93.60000000000001,42.155,-0.236,-44.103,-8.438187189219067e-25,-1.0393209547869611e-23,2.706252192601139e-25,-1.6820869929717346e-22,-2.0718054960948475e-21,5.394703282586144e-23,0,70,255.0,255.0,255.0
1873,93.65,42.155,-0.236,-44.103,-7.090381026058842e-24,-8.733133565965441e-23,2.2739907005932648e-24,-8.16537929883182e-23,-1.0057195483767187e-21,2.6187586427469134e-23,0,70,255.0,255.0,255.0
1874,93.7,42.155,-0.236,-44.103,-9.009198017753253e-24,-1.1096516438553563e-22,2.889383862006879e-24,4.901113320537075e-24,6.036639934140979e-23,-1.5718599709231765e-24,0,70,255.0,255.0,255.0
1875,93.75,42.155,-0.236,-44.103,-6.600269694005167e-24,-8.12946957255138e-23,2.116804703500959e-24,9.145601962939228e-23,1.1264523470595386e-21,-2.933130636931547e-23,0,70,255.0,255.0,255.0
1876,93.80000000000001,42.155,-0.236,-44.103,-2.6072766436950414e-24,-3.211350009135874e-23,8.361924161545536e-25,6.826370238297643e-23,8.407954783062168e-22,-2.1893185124529097e-23,0,70,255.0,255.0,255.0
1877,93.85000000000001,42.155,-0.236,-44.103,2.2610054429338857e-25,2.7848521051191074e-24,-7.25138089522435e-26,4.507138513656719e-23,5.55138609552976e-22,-1.445506387974484e-23,0,70,255.0,255.0,255.0
1878,93.9,42.155,-0.236,-44.103,1.89986186996142e-24,2.34003608639357e-23,-6.093139718198487e-25,2.187906789015793e-23,2.6948174079973523e-22,-7.016942634960583e-24,0,70,255.0,255.0,255.0
1879,93.95,42.155,-0.236,-44.103,2.4140073333090578e-24,2.9733026185091074e-23,-7.74208072448262e-25,-1.3132493562513144e-24,-1.6175127953505362e-23,4.211786098236734e-25,0,70,255.0,255.0,255.0
1880,94.0,42.155,-0.236,-44.103,1.768536934336298e-24,2.1782848068585265e-23,-5.671961108374841e-25,-2.450556660266057e-23,-3.0183199670674614e-22,7.859299854607926e-24,0,70,255.0,255.0,255.0
1881,94.05000000000001,42.155,-0.236,-44.103,6.986176711226141e-25,8.604786415616357e-24,-2.2405708262564185e-25,-1.8291203925877046e-23,-2.2529046941189033e-22,5.866261273862641e-24,0,70,255.0,255.0,255.0
1882,94.10000000000001,42.155,-0.236,-44.103,-6.058345825165116e-26,-7.461988726067758e-25,1.943001654885835e-26,-1.2076841249095288e-23,-1.4874894211705626e-22,3.8732226931179215e-24,0,70,255.0,255.0,255.0
1883,94.15,42.155,-0.236,-44.103,-5.090664537868462e-25,-6.270107796088421e-24,1.632651866861282e-25,-5.86247857231353e-24,-7.22074148222222e-23,1.880184112373203e-24,0,70,255.0,255.0,255.0
1884,94.2,42.155,-0.236,-44.103,-6.468313154829706e-25,-7.966940354828578e-24,2.074484277861681e-25,3.5188410446822976e-25,4.334112472611893e-24,-1.1285446837151555e-25,0,70,255.0,255.0,255.0
1885,94.25,42.155,-0.236,-44.103,-4.738780433400244e-25,-5.8366965488272625e-24,1.5197973984897742e-25,6.566246781249989e-24,8.087563976744591e-23,-2.105893049116234e-24,0,70,255.0,255.0,255.0
1886,94.30000000000001,42.155,-0.236,-44.103,-1.8719404079541613e-25,-2.3056455711066976e-24,6.003591434801407e-26,4.901113320531734e-24,6.036639934134456e-23,-1.571859970921464e-24,0,70,255.0,255.0,255.0
1887,94.35000000000001,42.155,-0.236,-44.103,1.6233288713214478e-26,1.999433853080002e-25,-5.206257243189953e-27,3.235979859813952e-24,3.9857158915249036e-23,-1.0378268927268457e-24,0,70,255.0,255.0,255.0
1888,94.4,42.155,-0.236,-44.103,1.364039451859606e-25,1.6800703204179786e-24,-4.374677492466458e-26,1.5708463990961697e-24,1.934791848915351e-23,-5.037938145322272e-25,0,70,255.0,255.0,255.0
1889,94.45,42.155,-0.236,-44.103,1.733179286228225e-25,2.1347352342232413e-24,-5.558563869640981e-26,-9.428706162161197e-26,-1.16132193694201e-24,3.023926366239104e-26,0,70,255.0,255.0,255.0
1890,94.5,42.155,-0.236,-44.103,1.269752390238001e-25,1.563938126723786e-24,-4.072284855842561e-26,-1.7594205223393936e-24,-2.1670562363037524e-23,5.642723418570094e-25,0,70,255.0,255.0,255.0
1891,94.55000000000001,42.155,-0.236,-44.103,5.0158492059050375e-26,6.177958688104344e-25,-1.6086574766414423e-26,-1.3132493562498965e-24,-1.6175127953487932e-23,4.211786098232142e-25,0,70,255.0,255.0,255.0
1892,94.60000000000001,42.155,-0.236,-44.103,-4.3496966012071044e-27,-5.357466862522306e-26,1.3950124239014294e-27,-8.670781901605262e-25,-1.0679693543939901e-23,2.780848777894596e-25,0,70,255.0,255.0,255.0
1893,94.65,42.155,-0.236,-44.103,-3.6549326956997306e-26,-4.501734855834949e-25,1.172191301252996e-26,-4.20907024071156e-25,-5.1842591343918696e-24,1.3499114575570498e-25,0,70,255.0,255.0,255.0
1894,94.7,42.155,-0.236,-44.103,-4.644039900832029e-26,-5.720005820643808e-25,1.4894126999471172e-26,2.5264142018214088e-26,3.1117527515615875e-25,-8.102586278049534e-27,0,70,255.0,255.0,255.0
1895,94.75,42.155,-0.236,-44.103,-3.4022912755176017e-26,-4.190559580678813e-25,1.0911654384725052e-26,4.714353081075846e-25,5.806609684704187e-24,-1.5119631831180405e-25,0,70,255.0,255.0,255.0
1896,94.80000000000001,42.155,-0.236,-44.103,-1.3439927440785432e-26,-1.655379041350397e-25,4.31038471764362e-27,3.5188410446785153e-25,4.33411247260717e-24,-1.1285446837139316e-25,0,70,255.0,255.0,255.0
1897,94.85000000000001,42.155,-0.236,-44.103,1.1654976916138345e-27,1.4355289192893588e-26,-3.7379245241577066e-28,2.3233290082815244e-25,2.861615260510572e-24,-7.451261843099315e-26,0,70,255.0,255.0,255.0
1898,94.9,42.155,-0.236,-44.103,9.793362642028487e-27,1.2062362191600127e-25,-3.1408771254552722e-27,1.1278169718845339e-25,1.3891180484139737e-24,-3.6170768490593145e-26,0,70,255.0,255.0,255.0
1899,94.95,42.155,-0.236,-44.103,1.2443667410458535e-26,1.5326709403428312e-25,-3.9908693014748825e-27,-6.769506451245757e-27,-8.337916368262504e-26,2.1710814498068397e-27,0,70,255.0,255.0,255.0
1900,95.0,42.155,-0.236,-44.103,9.116411996903958e-27,1.122857055477392e-25,-2.9237689804745968e-27,-1.263207100909448e-25,-1.5558763757792226e-24,4.051293139020687e-26,0,70,255.0,255.0,255.0
1901,95.05000000000001,42.155,-0.236,-44.103,3.601217704091343e-27,4.435574772972449e-26,-1.1549641041600607e-27,-9.428706162150964e-26,-1.1613219369407474e-24,3.0239263662358475e-26,0,70,255.0,255.0,255.0
1902,95.10000000000001,42.155,-0.236,-44.103,-3.1229416524826434e-28,-3.846488146351077e-27,1.0015738576165486e-28,-6.225341315208357e-26,-7.667674981023845e-25,1.9965595934513007e-26,0,70,255.0,255.0,255.0
1903,95.15,42.155,-0.236,-44.103,-2.6241236111166604e-27,-3.232100208050959e-26,8.415954892911258e-28,-3.021976468265751e-26,-3.722130592640214e-25,9.691928206667534e-27,0,70,255.0,255.0,255.0
1904,95.2,42.155,-0.236,-44.103,-3.334270633513844e-27,-4.1067794072751094e-26,1.0693502064283526e-27,1.8138837867685504e-27,2.2341379574341583e-26,-5.817395211779342e-28,0,70,255.0,255.0,255.0
1905,95.25,42.155,-0.236,-44.103,-2.4427352324398144e-27,-3.008686412307555e-26,7.8342153717333515e-28,3.3847532256194634e-26,4.168958184127048e-25,-1.085540724902341e-26,0,70,255.0,255.0,255.0
1906,95.30000000000001,42.155,-0.236,-44.103,-9.649433755799372e-28,-1.188508678385828e-26,3.094716989966234e-28,2.526414201818701e-26,3.1117527515582052e-25,-8.102586278040746e-27,0,70,255.0,255.0,255.0
1907,95.35000000000001,42.155,-0.236,-44.103,8.367896937922379e-29,1.030663392510661e-27,-2.6837090630847744e-29,1.6680751780181826e-26,2.0545473189896636e-25,-5.349765307058864e-27,0,70,255.0,255.0,255.0
1908,95.4,42.155,-0.236,-44.103,7.031318024381502e-28,8.66038640603719e-27,-2.2550483170923237e-28,8.097361542176639e-27,9.973418864211219e-26,-2.5969443360769825e-27,0,70,255.0,255.0,255.0
1909,95.45,42.155,-0.236,-44.103,8.934151235968418e-28,1.1004082256721312e-26,-2.8653152423853113e-28,-4.860286958285422e-28,-5.986354614741936e-27,1.5587663490489858e-28,0,70,255.0,255.0,255.0
1910,95.5,42.155,-0.236,-44.103,6.54528932855299e-28,8.061750944563012e-27,-2.0991716821874394e-28,-9.06941893383373e-27,-1.117068978715962e-25,2.9086976058867786e-27,0,70,255.0,255.0,255.0
1911,95.55000000000001,42.155,-0.236,-44.103,2.5855579822840565e-28,3.1845994057086365e-27,-8.292269182643274e-29,-6.769506451238405e-27,-8.337916368253449e-26,2.1710814498045147e-27,0,70,255.0,255.0,255.0
1912,95.60000000000001,42.155,-0.236,-44.103,-2.24217122686319e-29,-2.761654236915505e-28,7.190976761736532e-30,-4.469593968643733e-27,-5.505142949348084e-26,1.4334652937224604e-27,0,70,255.0,255.0,255.0
1913,95.65,42.155,-0.236,-44.103,-1.8840359863594235e-28,-2.320543543639135e-27,6.042383754580519e-29,-2.169681486049062e-27,-2.672369530442719e-26,6.9584913764040605e-28,0,70,255.0,255.0,255.0
1914,95.7,42.155,-0.236,-44.103,-2.3938986087352534e-28,-2.9485349541341195e-27,7.677589052577318e-29,1.302309965456099e-28,1.6040388846264604e-27,-4.1767018441648286e-29,0,70,255.0,255.0,255.0
1915,95.75,42.155,-0.236,-44.103,-1.753804989813819e-28,-2.1601396551764996e-27,5.624713570164057e-29,2.430143479140281e-27,2.99317730736801e-26,-7.793831745237022e-28,0,70,255.0,255.0,255.0
1916,95.80000000000001,42.155,-0.236,-44.103,-6.92798173336856e-29,-8.533108389762622e-28,2.221906830910751e-29,1.8138837867666054e-27,2.234137957431751e-26,-5.817395211773106e-28,0,70,255.0,255.0,255.0
1917,95.85000000000001,42.155,-0.236,-44.103,6.007879695302877e-30,7.39983022555498e-29,-1.9268164160982654e-30,1.1976240943931047e-27,1.475098607495708e-26,-3.840958678309753e-28,0,70,255.0,255.0,255.0
1918,95.9,42.155,-0.236,-44.103,5.048259210561804e-29,6.217877685193616e-28,-1.6190518473987827e-29,5.8136440201960405e-28,7.160592575596651e-27,-1.8645221448463994e-28,0,70,255.0,255.0,255.0
1919,95.95,42.155,-0.236,-44.103,6.414431989725999e-29,7.900575598151737e-28,-2.0572037864561195e-29,-3.489529035389662e-29,-4.29800923763779e-28,1.1191438861695368e-29,0,70,255.0,255.0,255.0
1920,96.0,42.155,-0.236,-44.103,4.699306307022861e-29,5.788076761429869e-28,-1.507137458781836e-29,-6.511549827273971e-28,-8.020194423124206e-27,2.0883509220803076e-28,0,70,255.0,255.0,255.0
1921,96.05000000000001,42.155,-0.236,-44.103,1.8563471106336754e-29,2.2864395019641326e-28,-5.9535814099973086e-30,-4.860286958280186e-28,-5.986354614735557e-27,1.558766349047284e-28,0,70,255.0,255.0,255.0
1922,96.10000000000001,42.155,-0.236,-44.103,-1.6098065125797388e-30,-1.9827785330648704e-29,5.16288902656562e-31,-3.2090240892868695e-28,-3.952514806347487e-27,1.0291817760144108e-28,0,70,255.0,255.0,255.0
1923,96.15,42.155,-0.236,-44.103,-1.3526769786530123e-29,-1.6660753043831294e-28,4.338236350146212e-30,-1.5577612202935532e-28,-1.9186749979594164e-27,4.9959720298153766e-29,0,70,255.0,255.0,255.0
1924,96.2,42.155,-0.236,-44.103,-1.7187418715514372e-29,-2.1169528512657936e-28,5.512260932471652e-30,9.350164869976225e-30,1.1516481042865404e-28,-2.9987370051335448e-30,0,70,255.0,255.0,255.0
1925,96.25,42.155,-0.236,-44.103,-1.2591753299532573e-29,-1.5509104939544817e-28,4.0383626496328746e-30,1.7447645176930772e-28,2.1490046188167245e-27,-5.595719430842088e-29,0,70,255.0,255.0,255.0
1926,96.30000000000001,42.155,-0.236,-44.103,-4.974067091661413e-30,-6.126496180939079e-29,1.5952573308817243e-30,1.3023099654546938e-28,1.604038884624717e-27,-4.176701844160292e-29,0,70,255.0,255.0,255.0
1927,96.35000000000001,42.155,-0.236,-44.103,4.313463550161045e-31,5.3128390670449686e-30,-1.3833919452797516e-31,8.598554132164363e-29,1.0590731504328644e-27,-2.7576842574788993e-29,0,70,255.0,255.0,255.0
1928,96.4,42.155,-0.236,-44.103,3.6244870405024635e-30,4.46423532338896e-29,-1.1624269265970186e-30,4.1740086097817884e-29,5.141074162410118e-28,-1.3386666707975068e-29,0,70,255.0,255.0,255.0
1929,96.45,42.155,-0.236,-44.103,4.605354964797656e-30,5.67235806911432e-29,-1.4770058653254043e-30,-2.5053691260078758e-30,-3.0858317950840786e-29,8.035091588388561e-31,0,70,255.0,255.0,255.0
1930,96.5,42.155,-0.236,-44.103,3.3739501279016814e-30,4.155652143880575e-29,-1.082076010713139e-30,-4.675082434983367e-29,-5.7582405214269335e-28,1.4993685025652775e-29,0,70,255.0,255.0,255.0
1931,96.55000000000001,42.155,-0.236,-44.103,1.3327972603089045e-30,1.6415897041149908e-29,-4.27447913529588e-31,-3.4895290353858846e-29,-4.298009237633117e-28,1.1191438861683314e-29,0,70,255.0,255.0,255.0
1932,96.60000000000001,42.155,-0.236,-44.103,-1.1557890748466888e-31,-1.4235709375311598e-30,3.706787545534169e-32,-2.3039756357887388e-29,-2.8377779538397163e-28,7.389192697714933e-30,0,70,255.0,255.0,255.0
1933,96.65,42.155,-0.236,-44.103,-9.711783754797034e-31,-1.1961882497245648e-29,3.1147135624186315e-31,-1.118422236191593e-29,-1.3775466700463155e-28,3.586946533746553e-30,0,70,255.0,255.0,255.0
1934,96.7,42.155,-0.236,-44.103,-1.2340011436761985e-30,-1.5199037637993522e-29,3.957625288299764e-31,6.713116340555252e-31,8.268461374708567e-30,-2.1529963022182915e-31,0,70,255.0,255.0,255.0
1935,96.75,42.155,-0.236,-44.103,-9.040472120741544e-31,-1.1135036359774831e-29,2.899413932196815e-31,1.252684563002698e-29,1.542915897540487e-28,-4.0175457941902076e-30,0,70,255.0,255.0,255.0
1936,96.80000000000001,42.155,-0.236,-44.103,-3.5712194957420527e-31,-4.3986263552088366e-30,1.1453432323662836e-31,9.350164869966012e-30,1.1516481042852978e-28,-2.9987370051303225e-30,0,70,255.0,255.0,255.0
1937,96.85000000000001,42.155,-0.236,-44.103,3.096927492257148e-32,3.8144468307968394e-31,-9.93230729339082e-33,6.173484109905945e-30,7.603803110302198e-29,-1.979928216070727e-30,0,70,255.0,255.0,255.0
1938,96.9,42.155,-0.236,-44.103,2.602264614163539e-31,3.205176755092927e-30,-8.34584983704331e-32,2.9968033498458788e-30,3.691125177751419e-29,-9.611194270111317e-31,0,70,255.0,255.0,255.0
1939,96.95,42.155,-0.236,-44.103,3.3064960990714227e-31,4.07256986083089e-30,-1.0604424999449851e-31,-1.798774102141885e-31,-2.215527547993618e-30,5.768936204846329e-32,0,70,255.0,255.0,255.0
1940,97.0,42.155,-0.236,-44.103,2.4223872039493636e-31,2.9836240002935777e-30,-7.768956216558709e-32,-3.356558170274254e-30,-4.13423068735014e-29,1.0764981511080583e-30,0,70,255.0,255.0,255.0
1941,97.05000000000001,42.155,-0.236,-44.103,9.569053798791663e-32,1.1786083796854486e-30,-3.0689379416925466e-32,-2.505369126005202e-30,-3.0858317950807346e-29,8.035091588379792e-31,0,70,255.0,255.0,255.0
1942,97.10000000000001,42.155,-0.236,-44.103,-8.298192205617346e-33,-1.0220779478756946e-31,2.661353718221576e-33,-1.654180081736393e-30,-2.0374329028116278e-29,5.305201665679779e-31,0,70,255.0,255.0,255.0
1943,97.15,42.155,-0.236,-44.103,-6.972747018571323e-32,-8.588245231260636e-31,2.2362637239869318e-32,-8.029910374675835e-31,-9.890340105425211e-30,2.5753117429797642e-31,0,70,255.0,255.0,255.0
1944,97.2,42.155,-0.236,-44.103,-8.859729595237116e-32,-1.0912418053300331e-30,2.841447114801773e-32,4.819800680122602e-32,5.936488172658595e-31,-1.5457817972024894e-32,0,70,255.0,255.0,255.0
1945,97.25,42.155,-0.236,-44.103,-6.4907669505591e-32,-7.994596413994808e-31,2.0816855442666892e-32,8.993870510700348e-31,1.107763773995693e-29,-2.884468102420265e-31,0,70,255.0,255.0,255.0
1946,97.30000000000001,42.155,-0.236,-44.103,-2.564020237746123e-32,-3.158071635329565e-31,8.22319443107349e-33,6.71311634054799e-31,8.268461374699641e-30,-2.1529963022159504e-31,0,70,255.0,255.0,255.0
1947,97.35000000000001,42.155,-0.236,-44.103,2.223493899897851e-33,2.7386496070593695e-32,-7.131075794954916e-34,4.432362170396278e-31,5.459285009443149e-30,-1.4215245020118439e-31,0,70,255.0,255.0,255.0
1948,97.4,42.155,-0.236,-44.103,1.8683419326499025e-32,2.3012133741132716e-31,-5.99205058904414e-33,2.151608000244568e-31,2.6501086441866585e-30,-6.900527018077373e-32,0,70,255.0,255.0,255.0
1949,97.45,42.155,-0.236,-44.103,2.3739573902342314e-32,2.923973604892445e-31,-7.613634597572465e-33,-1.2914616990714355e-32,-1.5906772106983276e-31,4.141909839636942e-33,0,70,255.0,255.0,255.0
1950,97.5,42.155,-0.236,-44.103,1.7391957627427658e-32,2.142145653043452e-31,-5.577859605080469e-33,-2.4099003400588536e-31,-2.9682440863263212e-30,7.72890898600476e-32,0,70,255.0,255.0,255.0
1951,97.55000000000001,42.155,-0.236,-44.103,6.870271521928306e-33,8.462027444637736e-32,-2.203398307368491e-33,-1.7987741021399302e-31,-2.2155275479912144e-30,5.768936204840082e-32,0,70,255.0,255.0,255.0
1952,97.60000000000001,42.155,-0.236,-44.103,-5.957833939740435e-34,-7.338189494805808e-33,1.9107659976038446e-34,-1.1876478642211802e-31,-1.4628110096563215e-30,3.8089634236759636e-32,0,70,255.0,255.0,255.0
1953,97.65,42.155,-0.236,-44.103,-5.006207120282819e-33,-6.166082651924646e-32,1.605565116307256e-33,-5.765216263024305e-32,-7.100944713214287e-31,1.8489906425118436e-32,0,70,255.0,255.0,255.0
1954,97.7,42.155,-0.236,-44.103,-6.360999656998021e-33,-7.834763662694464e-32,2.0400672422721247e-33,3.4604611616319245e-33,4.2622067013464493e-32,-1.1098213865227527e-33,0,70,255.0,255.0,255.0
1955,97.75,42.155,-0.236,-44.103,-4.6601610041196465e-33,-5.739861981790026e-32,1.494582977654988e-33,6.457308495350694e-32,7.953386053483575e-31,-2.0709549198163947e-32,0,70,255.0,255.0,255.0
1956,97.80000000000001,42.155,-0.236,-44.103,-1.8408837102519983e-33,-2.267393425255297e-32,5.903987984004754e-34,4.8198006801173357e-32,5.936488172652184e-31,-1.5457817972008328e-32,0,70,255.0,255.0,255.0
1957,97.85000000000001,42.155,-0.236,-44.103,1.5963967599833333e-34,1.9662619086295106e-33,-5.119881954605119e-35,3.1822928648844424e-32,3.9195902918213663e-31,-1.0206086745854203e-32,0,70,255.0,255.0,255.0
1958,97.9,42.155,-0.236,-44.103,1.3414091546322639e-33,1.652196866565847e-32,-4.302098761848866e-34,1.5447850496515497e-32,1.9026924109905492e-31,-4.954355519700078e-33,0,70,255.0,255.0,255.0
1959,97.95,42.155,-0.236,-44.103,1.7044247256497934e-33,2.0993186018533893e-32,-5.466343715160307e-34,-9.272276558134417e-34,-1.1420546984026794e-32,2.9737570645405e-34,0,70,255.0,255.0,255.0
1960,98.0,42.155,-0.236,-44.103,1.2486863890509248e-33,1.537991396725584e-32,-4.004723055394828e-34,-1.7302305808142366e-32,-2.131103350671087e-31,5.549106932608177e-33,0,70,255.0,255.0,255.0
1961,98.05000000000001,42.155,-0.236,-44.103,4.9326331907968416e-34,6.075462563834527e-33,-1.581968862334116e-34,-1.2914616990700388e-32,-1.5906772106965921e-31,4.141909839632468e-33,0,70,255.0,255.0,255.0
1962,98.10000000000001,42.155,-0.236,-44.103,-4.2775310019286366e-35,-5.268581397122069e-34,1.3718678423819296e-35,-8.526928173259657e-33,-1.050251070722251e-31,2.7347127466571593e-33,0,70,255.0,255.0,255.0
1963,98.15,42.155,-0.236,-44.103,-3.5942949824623288e-34,-4.427048143387387e-33,1.152743884322887e-34,-4.139239355818926e-33,-5.0982493074791e-32,1.3275156536818502e-33,0,70,255.0,255.0,255.0
1964,98.2,42.155,-0.236,-44.103,-4.5669924560115555e-34,-5.625107447191012e-33,1.4647024379199674e-34,2.4844946162180682e-34,3.0601209226431192e-33,-7.968143929345813e-35,0,70,255.0,255.0,255.0
1965,98.25,42.155,-0.236,-44.103,-3.3458455208405383e-34,-4.121036051123094e-33,1.0730624450294352e-34,4.636138279062537e-33,5.710273492007722e-32,-1.4868785322687658e-33,0,70,255.0,255.0,255.0
1966,98.30000000000001,42.155,-0.236,-44.103,-1.3216956606673926e-34,-1.6279160027851353e-33,4.238874653317088e-35,3.460461161628206e-33,4.262206701341845e-32,-1.1098213865215495e-33,0,70,255.0,255.0,255.0
1967,98.35000000000001,42.155,-0.236,-44.103,1.146156407881295e-35,1.4117065021931992e-34,-3.675894149226244e-36,2.2847840441942087e-33,2.814139910676379e-32,-7.327642407744402e-34,0,70,255.0,255.0,255.0
1968,98.4,42.155,-0.236,-44.103,9.630883835266866e-35,1.186223907891083e-33,-3.088767754426898e-35,1.1091069267602115e-33,1.3660731200109138e-32,-3.557070950273311e-34,0,70,255.0,255.0,255.0
1969,98.45,42.155,-0.236,-44.103,1.2237225675482782e-34,1.5072437702301558e-33,-3.9246603651957325e-35,-6.657019067378556e-35,-8.19936706545519e-34,2.135005071977809e-35,0,70,255.0,255.0,255.0
1970,98.5,42.155,-0.236,-44.103,8.965181928529052e-35,1.1042302372365358e-33,-2.8752672472291304e-35,-1.2422473081077825e-33,-1.5300604613200176e-32,3.984071964668873e-34,0,70,255.0,255.0,255.0
1971,98.55000000000001,42.155,-0.236,-44.103,3.5414945187272734e-35,4.362014473060155e-34,-1.1358099899271912e-35,-9.27227655812436e-34,-1.142054698401456e-32,2.9737570645373023e-34,0,70,255.0,255.0,255.0
1972,98.60000000000001,42.155,-0.236,-44.103,-3.070946295965453e-36,-3.782446116507268e-35,9.848981730856901e-37,-6.122080035171787e-34,-7.540489354830047e-33,1.9634421644060186e-34,0,70,255.0,255.0,255.0
1973,98.65,42.155,-0.236,-44.103,-2.580585516444166e-35,-3.1784748817694608e-34,8.276321744787162e-36,-2.9718835122192152e-34,-3.660431725645534e-33,9.53127264274735e-35,0,70,255.0,255.0,255.0
1974,98.7,42.155,-0.236,-44.103,-3.278978141815591e-35,-4.038676337296053e-34,1.0516170815832495e-35,1.783130107333559e-35,2.196259035389785e-34,-5.718763585654827e-36,0,70,255.0,255.0,255.0
1975,98.75,42.155,-0.236,-44.103,-2.402272505710823e-35,-2.9588489782304967e-34,7.704445386221703e-36,3.3285095336859236e-34,4.099683532723492e-33,-1.0675025359878317e-34,0,70,255.0,255.0,255.0
1976,98.80000000000001,42.155,-0.236,-44.103,-9.490214682351683e-36,-1.168897864389267e-34,3.0436530639167817e-36,2.4844946162153724e-34,3.0601209226397986e-33,-7.968143929337128e-35,0,70,255.0,255.0,255.0
1977,98.85000000000001,42.155,-0.236,-44.103,8.222211050488135e-37,1.0127194440971062e-35,-2.6369854311648973e-37,1.640479698745061e-34,2.0205583125564004e-33,-5.261262498796709e-35,0,70,255.0,255.0,255.0
1978,98.9,42.155,-0.236,-44.103,6.914582305098e-36,8.516604481670185e-35,-2.2176094348796283e-36,7.964647812747498e-35,9.809957024730022e-34,-2.5543810682562885e-35,0,70,255.0,255.0,255.0
1979,98.95,42.155,-0.236,-44.103,8.786868917795857e-36,1.0822676468826567e-34,-2.8180796113726315e-36,-4.755013619556154e-36,-5.856690761039568e-35,1.5250036228413043e-36,0,70,255.0,255.0,255.0
1980,99.0,42.155,-0.236,-44.103,6.439080943142412e-36,7.930935405566279e-35,-2.065109072595508e-36,-8.915650536658724e-35,-1.0981295176937925e-33,2.8593817928245494e-35,0,70,255.0,255.0,255.0
1981,99.05000000000001,42.155,-0.236,-44.103,2.545913542134012e-36,3.135769844969119e-35,-8.16512356395212e-37,-6.657019067371333e-35,-8.199367065446353e-34,2.135005071975499e-35,0,70,255.0,255.0,255.0
1982,99.10000000000001,42.155,-0.236,-44.103,-2.179381242298109e-37,-2.6843165988116735e-36,6.989599938027595e-38,-4.398387598084585e-35,-5.417438953955569e-34,1.4106283511266542e-35,0,70,255.0,255.0,255.0
1983,99.15,42.155,-0.236,-44.103,-1.852474055950322e-36,-2.281669108986141e-35,5.941159947313621e-37,-2.139756128797836e-35,-2.6355108424647863e-34,6.862516302778094e-36,0,70,255.0,255.0,255.0
1984,99.2,42.155,-0.236,-44.103,-2.3576942530275255e-36,-2.903942502345803e-35,7.561476296580465e-37,1.1887534048891241e-36,1.4641726902599774e-35,-3.812509057103528e-37,0,70,255.0,255.0,255.0
1985,99.25,42.155,-0.236,-44.103,-1.7335987154614185e-36,-2.1352518399601517e-35,5.55990904160329e-37,2.3775068097756599e-35,2.928345380516779e-34,-7.625018114198797e-36,0,70,255.0,255.0,255.0
1986,99.30000000000001,42.155,-0.236,-44.103,-6.934394861843646e-37,-8.541007359838111e-36,2.2239636166406656e-37,1.78313010733161e-35,2.196259035387418e-34,-5.718763585648665e-36,0,70,255.0,255.0,255.0
1987,99.35000000000001,42.155,-0.236,-44.103,4.953139187042789e-38,6.100719542755733e-37,-1.5885454404613318e-38,1.1887534048877286e-35,1.4641726902582647e-34,-3.812509057099074e-36,0,70,255.0,255.0,255.0
1988,99.4,42.155,-0.236,-44.103,4.953139187032965e-37,6.100719542743703e-36,-1.5885454404581905e-37,5.943767024438476e-36,7.320863451291116e-35,-1.9062545285494828e-36,0,70,255.0,255.0,255.0
1989,99.45,42.155,-0.236,-44.103,6.439080943142414e-37,7.930935405566277e-36,-2.0651090725955076e-37,-3.3676835347161665e-49,-4.190895065424563e-48,1.0824697075873392e-49,0,70,255.0,255.0,255.0
1990,99.5,42.155,-0.236,-44.103,4.953139187032624e-37,6.10071954274329e-36,-1.5885454404580828e-37,-5.9437670244391497e-36,-7.320863451291948e-35,1.9062545285496993e-36,0,70,255.0,255.0,255.0
1991,99.55000000000001,42.155,-0.236,-44.103,2.278444026034466e-37,2.806330989661247e-36,-7.307309026105447e-38,-4.755013619551049e-36,-5.856690761033226e-35,1.5250036228396726e-36,0,70,255.0,255.0,255.0
1992,99.60000000000001,42.155,-0.236,-44.103,1.9812556748099994e-38,2.4402878170935705e-37,-6.354181761822603e-39,-3.566260214663287e-36,-4.3925180707749193e-35,1.1437527171297543e-36,0,70,255.0,255.0,255.0
1993,99.65,42.155,-0.236,-44.103,-1.2878161886286182e-37,-1.5861870811134217e-36,4.130218145191443e-38,-2.3775068097755246e-36,-2.928345380516613e-35,7.62501811419836e-37,0,70,255.0,255.0,255.0
1994,99.7,42.155,-0.236,-44.103,-2.1793812422943887e-37,-2.684316598807089e-36,6.989599938015668e-38,-1.1887534048877623e-36,-1.4641726902583064e-35,3.812509057099178e-37,0,70,255.0,255.0,255.0
1995,99.75,42.155,-0.236,-44.103,-2.4765695935163117e-37,-3.050359771371645e-36,7.942727202290412e-38,0.0,0.0,0.0,0,70,255.0,255.0,255.0
1996,99.80000000000001,42.155,-0.236,-44.103,-2.179381242294219e-37,-2.684316598806881e-36,6.989599938015129e-38,1.1887534048880999e-36,1.4641726902587226e-35,-3.812509057100264e-37,0,70,255.0,255.0,255.0
1997,99.85000000000001,42.155,-0.236,-44.103,-1.2878161886282793e-37,-1.5861870811130055e-36,4.130218145190364e-38,2.377506809775862e-36,2.928345380517029e-35,-7.625018114199445e-37,0,70,255.0,255.0,255.0
1998,99.9,42.155,-0.236,-44.103,1.9812556748150776e-38,2.440287817099818e-37,-6.354181761838827e-39,3.5662602146636244e-36,4.392518070775335e-35,-1.1437527171298625e-36,0,70,255.0,255.0,255.0
1999,99.95,42.155,-0.236,-44.103,2.278444026035142e-37,2.8063309896620806e-36,-7.307309026107612e-38,4.755013619551386e-36,5.856690761033642e-35,-1.5250036228397805e-36,0,70,255.0,255.0,255.0
