idx,t,px,py,pz,vx,vy,vz,ax,ay,az,yaw,mode,ledr,ledg,ledb
0,0.0,13.5,3.0,0.0,-2.4849605440839382e-20,6.504229151892383e-20,0.019030436776039605,2.981952652900726e-19,-7.80507498227086e-19,-0.5155652413124753,0,70,255.0,255.0,255.0
1,0.05,13.5,3.0,0.0003090957239374257,-1.1430818502786115e-20,2.991945409870496e-20,-0.006625999083021784,2.3855621223205807e-19,-6.244059985816688e-19,-0.5106921930499801,0,70,255.0,255.0,255.0
2,0.1,13.5,3.0,-0.0006585390347500995,-9.939842176335754e-22,2.6016916607569546e-21,-0.03203878252895842,1.7891715917404357e-19,-4.683044989362516e-19,-0.5058191447874851,0,70,255.0,255.0,255.0
3,0.15000000000000002,13.5,3.0,-0.0028907216554063375,6.460897414618245e-21,-1.6910995794920202e-20,-0.0572079135617703,1.1927810611602901e-19,-3.122029992908343e-19,-0.50094609652499,0,70,255.0,255.0,255.0
4,0.2,13.5,3.0,-0.006375269517375051,1.0933826393969325e-20,-2.861860826832648e-20,-0.08213339218145743,5.963905305801453e-20,-1.5610149964541715e-19,-0.49607304826249493,0,70,255.0,255.0,255.0
5,0.25,13.5,3.0,-0.0111,1.2424802720419691e-20,-3.252114575946192e-20,-0.1068152183880198,0.0,0.0,-0.49119999999999986,0,70,255.0,255.0,255.0
6,0.30000000000000004,13.5,3.0,-0.017052730482624956,1.0933826393969325e-20,-2.861860826832648e-20,-0.13125339218145746,-5.963905305801458e-20,1.5610149964541732e-19,-0.48632695173750495,0,70,255.0,255.0,255.0
7,0.35000000000000003,13.5,3.0,-0.02422127834459367,6.460897414618234e-21,-1.6910995794920187e-20,-0.15544791356177032,-1.1927810611602908e-19,3.122029992908345e-19,-0.4814539034750101,0,70,255.0,255.0,255.0
8,0.4,13.5,3.0,-0.032593460965249905,-9.939842176335806e-22,2.6016916607569606e-21,-0.17939878252895844,-1.789171591740436e-19,4.683044989362517e-19,-0.4765808552125152,0,70,255.0,255.0,255.0
9,0.45,13.5,3.0,-0.04215709572393743,-1.143081850278612e-20,2.991945409870497e-20,-0.20310599908302182,-2.3855621223205807e-19,6.244059985816688e-19,-0.47170780695002035,0,70,255.0,255.0,255.0
10,0.5,13.5,3.0,-0.0529,-2.4849605440839382e-20,6.504229151892383e-20,-0.22656956322396044,-2.9819526529007265e-19,7.805074982270861e-19,-0.4668347586875261,0,70,255.0,255.0,255.0
11,0.55,13.5,3.0,-0.06480937379343764,-3.23044870730912e-20,8.455497897460099e-20,-0.24975243219114862,2.407412430484045e-34,-5.7777898331617076e-34,-0.46048000000000017,0,70,255.0,255.0,255.0
12,0.6000000000000001,13.5,3.0,-0.07786994758687528,-2.484960544083935e-20,6.504229151892379e-20,-0.27261756322396047,2.9819526529007313e-19,-7.805074982270872e-19,-0.4541252413124742,0,70,255.0,255.0,255.0
13,0.65,13.5,3.0,-0.09206583448359407,-2.4849605440839327e-21,6.5042291518923654e-21,-0.29516495632239603,5.963905305801452e-19,-1.5610149964541723e-18,-0.44777048262494834,0,70,255.0,255.0,255.0
14,0.7000000000000001,13.5,3.0,-0.10738114758687527,3.47894476171752e-20,-9.10592081264935e-20,-0.3173946114864553,8.945857958702181e-19,-2.341522494681259e-18,-0.4414157239374224,0,70,255.0,255.0,255.0
15,0.75,13.5,3.0,-0.1238,8.697361904293784e-20,-2.2764802031623344e-19,-0.3393065287161383,1.1927810611602904e-18,-3.1220299929083446e-18,-0.4350609652498987,0,70,255.0,255.0,255.0
16,0.8,13.5,3.0,-0.14130657434362454,1.1828412189839546e-19,-3.0960130763007747e-19,-0.3609048790539482,5.963905305801362e-20,-1.5610149964541465e-19,-0.42887304826249545,0,70,255.0,255.0,255.0
17,0.8500000000000001,13.5,3.0,-0.15988533130790536,9.29375243487392e-20,-2.4325817028077496e-19,-0.3821938335423879,-1.0735029550442632e-18,2.8098269936175153e-18,-0.42268513127509216,0,70,255.0,255.0,255.0
18,0.9,13.5,3.0,-0.17952080110037383,1.0933826393969304e-20,-2.86186082683264e-20,-0.40317339218145737,-2.2066449631465377e-18,5.775755486880439e-18,-0.41649721428768893,0,70,255.0,255.0,255.0
19,0.9500000000000001,13.5,3.0,-0.20019751392856158,-1.2772697196591467e-19,3.343173784072692e-19,-0.4238435549711568,-3.3397869712488145e-18,8.741683980143368e-18,-0.4103092973002857,0,70,255.0,255.0,255.0
20,1.0,13.5,3.0,-0.2219,-3.23044870730912e-19,8.4554978974601e-19,-0.444204321911486,-4.472928979351088e-18,1.170761247340629e-17,-0.4041213803128847,0,70,255.0,255.0,255.0
21,1.05,13.5,3.0,-0.24461232883206424,-4.408320005204906e-19,1.153850251545709e-18,-0.4642280515930587,-2.385562122320537e-19,6.244059985816571e-19,-0.3968278069500214,0,70,255.0,255.0,255.0
22,1.1,13.5,3.0,-0.2683167271815035,-3.4690049195411744e-19,9.079903896041756e-19,-0.4838871026064882,3.995816554886981e-18,-1.0458800476242975e-17,-0.38953423358715816,0,70,255.0,255.0,255.0
23,1.1500000000000001,13.5,3.0,-0.29299496111491063,-4.125034503179213e-20,1.0797020392141041e-19,-0.5031814749517745,8.230189322006015e-18,-2.1542006951067608e-17,-0.38224066022429487,0,70,255.0,255.0,255.0
24,1.2000000000000002,13.5,3.0,-0.3186287966988786,4.761184402464848e-19,-1.246210305502587e-18,-0.5221111686289177,1.246456208912505e-17,-3.2625213425892243e-17,-0.3749470868614316,0,70,255.0,255.0,255.0
25,1.25,13.5,3.0,-0.3452,1.20520586388071e-18,-3.1545511386678063e-18,-0.5406761836379177,1.6698934856244065e-17,-4.3708419900716826e-17,-0.36765351349857234,0,70,255.0,255.0,255.0
26,1.3,13.5,3.0,-0.37269131032811864,1.6450438801835673e-18,-4.3057996985527585e-18,-0.5589349145738176,8.945857958702035e-19,-2.341522494681224e-18,-0.3626957239374235,0,70,255.0,255.0,255.0
27,1.35,13.5,3.0,-0.40108935996608086,1.2946644434677307e-18,-3.3887033881359292e-18,-0.5769457560316601,-1.4909763264503658e-17,3.902537491135438e-17,-0.35773793437627466,0,70,255.0,255.0,255.0
28,1.4000000000000001,13.5,3.0,-0.4303817544399837,1.5406755373319998e-19,-4.0326220741731794e-19,-0.5947087080114452,-3.071411232487752e-17,8.039227231738997e-17,-0.3527801448151258,0,70,255.0,255.0,255.0
29,1.4500000000000002,13.5,3.0,-0.46055609927592445,-1.7767467890200246e-18,4.650523843603077e-18,-0.6122237705131727,-4.651846138525138e-17,1.217591697234256e-16,-0.347822355253977,0,70,255.0,255.0,255.0
30,1.5,13.5,3.0,-0.4916,-4.497778584791928e-18,1.1772654764925215e-17,-0.6294909435368428,-6.232281044562517e-17,1.63126067129461e-16,-0.3428645656928282,0,70,255.0,255.0,255.0
31,1.55,13.5,3.0,-0.5235000298554613,-6.139343520213777e-18,1.6069348542665323e-17,-0.6464482901116706,-3.3397869712487686e-18,8.74168398014323e-18,-0.3354292973002863,0,70,255.0,255.0,255.0
32,1.6,13.5,3.0,-0.5562386329541733,-4.831757281916805e-18,1.2646823162939537e-17,-0.6630338732668715,5.564323650312763e-17,-1.4564269916917455e-16,-0.32799402890774443,0,70,255.0,255.0,255.0
33,1.6500000000000001,13.5,3.0,-0.5897972211251546,-5.750198699010086e-19,1.5050786257478536e-18,-0.6792476930024451,1.1462625997750404e-16,-3.000270823184923e-16,-0.32055876051520255,0,70,255.0,255.0,255.0
34,1.7000000000000002,13.5,3.0,-0.6241572061974241,6.6308687158336085e-18,-1.7355885068909725e-17,-0.6950897493183917,1.7360928345188042e-16,-4.544114654678101e-16,-0.31312349212266066,0,70,255.0,255.0,255.0
35,1.75,13.5,3.0,-0.6593,1.6785908475287002e-17,-4.393606792103305e-17,-0.7105600422147111,2.325923069262566e-16,-6.087958486171269e-16,-0.30568822373011706,0,70,255.0,255.0,255.0
36,1.8,13.5,3.0,-0.6952077702500362,2.2912330200671545e-17,-5.997159447210853e-17,-0.7257039249795,1.2464562089124856e-17,-3.262521342589164e-17,-0.30006708686143246,0,70,255.0,255.0,255.0
37,1.85,13.5,3.0,-0.7318657082172262,1.803236468419949e-17,-4.719858926362222e-17,-0.7405667509008544,-2.076631827480069e-16,5.435454217653437e-16,-0.2944459499927479,0,70,255.0,255.0,255.0
38,1.9000000000000001,13.5,3.0,-0.7692597610593979,2.1460119258708342e-18,-5.6170522955741105e-18,-0.7551485199787747,-4.2779092758513863e-16,1.119716056956579e-15,-0.28882481312406333,0,70,255.0,255.0,255.0
39,1.9500000000000002,13.5,3.0,-0.8073758759343798,-2.474672807431441e-17,6.477301643203578e-17,-0.7694492322132608,-6.479186724222704e-16,1.6958866921478143e-15,-0.28320367625537873,0,70,255.0,255.0,255.0
40,2.0,13.5,3.0,-0.8462,-6.264585531635607e-17,1.6397161691920699e-16,-0.7834688876043125,-8.680464172594012e-16,2.272057327339048e-15,-0.2775825393866942,0,70,255.0,255.0,255.0
41,2.0500000000000003,13.5,3.0,-0.8857176891443939,-8.550997728247241e-17,2.238170293457689e-16,-0.7971840099703295,-4.6518461385246944e-17,1.217591697234147e-16,-0.27102235525397833,0,70,255.0,255.0,255.0
42,2.1,13.5,3.0,-0.9259129341769223,-6.729770145488114e-17,1.761475338915494e-16,-0.8105711231297105,7.750094944889e-16,-2.0285389878921998e-15,-0.2644621711212625,0,70,255.0,255.0,255.0
43,2.15,13.5,3.0,-0.966769334637254,-8.009027833582661e-18,2.096313055654953e-17,-0.8236302270824556,1.596537450363047e-15,-4.178837145507815e-15,-0.25790198698854677,0,70,255.0,255.0,255.0
44,2.2,13.5,3.0,-1.0082704900650574,9.235604358142403e-17,-2.4173618065923337e-16,-0.836361321828565,2.4180654062372012e-15,-6.329135303123448e-15,-0.2513418028558309,0,70,255.0,255.0,255.0
45,2.25,13.5,3.0,-1.0504,2.337975127901373e-16,-6.119503997557949e-16,-0.8487644073680386,3.2395933621113484e-15,-8.479433460739062e-15,-0.24478161872311954,0,70,255.0,255.0,255.0
46,2.3000000000000003,13.5,3.0,-1.0931414731723892,3.191275789292181e-16,-8.352965229109669e-16,-0.8608400351391832,1.7360928345186383e-16,-4.544114654677653e-16,-0.23824349212266305,0,70,255.0,255.0,255.0
47,2.35,13.5,3.0,-1.1364785550750847,2.5115844113532507e-16,-6.5739154630257515e-16,-0.872588756580305,-2.892374795207593e-15,7.570610529803459e-15,-0.23170536552220664,0,70,255.0,255.0,255.0
48,2.4000000000000004,13.5,3.0,-1.1803949003915861,2.989009940845723e-17,-7.823546993061682e-17,-0.8840105716914038,-5.958358873867078e-15,1.5595632525074753e-14,-0.22516723892175014,0,70,255.0,255.0,255.0
49,2.45,13.5,3.0,-1.2248741638053915,-3.4467744625138187e-16,9.021717062048982e-16,-0.8951054804724801,-9.024342952526535e-15,2.362065452034598e-14,-0.21862911232129373,0,70,255.0,255.0,255.0
50,2.5,13.5,3.0,-1.2699,-8.725441958441932e-16,2.2838299821039728e-15,-0.9058734829235332,-1.2090327031185992e-14,3.16456765156172e-14,-0.2120909857208444,0,70,255.0,255.0,255.0
51,2.5500000000000003,13.5,3.0,-1.3154564181660506,-1.1910003384344e-15,3.117369062298098e-15,-0.9163358494729388,-6.4791867242221e-16,1.6958866921476476e-15,-0.20640367625537637,0,70,255.0,255.0,255.0
52,2.6,13.5,3.0000000000000004,-1.3615288455227395,-9.373360630864192e-16,2.453418651318751e-15,-0.9265138505490709,1.0794489686341471e-14,-2.825390313132164e-14,-0.20071636678990837,0,70,255.0,255.0,255.0
53,2.6500000000000004,13.5,3.0000000000000004,-1.4081030637964034,-1.1155136980024677e-16,2.9197874916591833e-16,-0.9364074861519296,2.2236898045105254e-14,-5.820369295479118e-14,-0.19502905732444034,0,70,255.0,255.0,255.0
54,2.7,13.5,3.0,-1.455164854713378,1.2863537414241032e-15,-3.36695064416036e-15,-0.9460167562815149,3.3679306403868934e-14,-8.815348277826048e-14,-0.18934174785897234,0,70,255.0,255.0,255.0
55,2.75,13.5,3.0,-1.5027,3.2563792705866356e-15,-8.523369528660096e-15,-0.9553416609378268,4.5121714762632626e-14,-1.1810327260172976e-13,-0.1836544383935097,0,70,255.0,255.0,255.0
56,2.8000000000000003,13.5,2.9999999999999996,-1.5506936541634093,4.444873774808382e-15,-1.1634179726281427e-14,-0.9643445669690605,2.418065406236973e-15,-6.3291353031228394e-15,-0.17646180285583468,0,70,255.0,255.0,255.0
57,2.85,13.5,2.999999999999999,-1.599128462833958,3.4981858112103518e-15,-9.156283058972432e-15,-0.9729878412234103,-4.02855839501583e-14,1.054450019954831e-13,-0.16926916731815975,0,70,255.0,255.0,255.0
58,2.9000000000000004,13.5,2.9999999999999987,-1.6479864444228025,4.1631537979253005e-16,-1.0896795267330596e-15,-0.9812714837008765,-8.298923330655396e-14,2.1721913929409e-13,-0.16207653178048473,0,70,255.0,255.0,255.0
59,2.95,13.5,2.999999999999999,-1.6972496173410976,-4.800737519445032e-15,1.256563087043654e-14,-0.9891954944014587,-1.2569288266294923e-13,3.2899327659269595e-13,-0.1548838962428098,0,70,255.0,255.0,255.0
60,3.0,13.5,3.0,-1.7469,-1.2152972886502349e-14,3.180964813253641e-14,-0.9967598733251574,-1.6839653201934447e-13,4.407674138913019e-13,-0.14769126070513483,0,70,255.0,255.0,255.0
61,3.0500000000000003,13.5,3.000000000000002,-1.7969201651803128,-1.6588494760799127e-14,4.3419349842827615e-14,-1.0039978826508182,-9.024342952525672e-15,2.362065452034381e-14,-0.1418291123212997,0,70,255.0,255.0,255.0
62,3.1,13.499999999999998,3.000000000000004,-1.8472949031414287,-1.3055407181754992e-14,3.417171358457098e-14,-1.0109427845572874,1.5034784611429171e-13,-3.9352610485061065e-13,-0.13596696393746457,0,70,255.0,255.0,255.0
63,3.1500000000000004,13.499999999999998,3.000000000000005,-1.8980095585123884,-1.553710149369864e-15,4.066739357766333e-15,-1.0175945790445646,3.0972003518111047e-13,-8.106728642215687e-13,-0.13010481555362943,0,70,255.0,255.0,255.0
64,3.2,13.499999999999998,3.000000000000004,-1.949049475922232,1.7916596336356023e-14,-4.689557283758577e-14,-1.0239532661126503,4.690922242479279e-13,-1.2278196235925232e-12,-0.12424266716979433,0,70,255.0,255.0,255.0
65,3.25,13.5,3.0,-2.0004,4.535551227542276e-14,-1.1871522300148556e-13,-1.030018845761544,6.284644133147453e-13,-1.6449663829634775e-12,-0.11838051878595834,0,70,255.0,255.0,255.0
66,3.3000000000000003,13.500000000000002,2.9999999999999925,-2.0520464851153406,6.190910526838811e-14,-1.6204321964502904e-13,-1.0357919024276674,3.367930640386571e-14,-8.81534827782521e-14,-0.11254174785897032,0,70,255.0,255.0,255.0
67,3.35,13.500000000000007,2.999999999999985,-2.1039743246003275,4.872344291580961e-14,-1.2753057127931148e-13,-1.0412730205474412,-5.611058005070086e-13,1.4686594174069592e-12,-0.10670297693198236,0,70,255.0,255.0,255.0
68,3.4000000000000004,13.500000000000007,2.999999999999981,-2.156168921527646,5.798525217686929e-15,-1.517727790433224e-14,-1.0464622001208654,-1.1558909074178883e-12,3.025472317592185e-12,-0.10086420600499432,0,70,255.0,255.0,255.0
69,3.45,13.500000000000005,2.999999999999985,-2.2086156789699753,-6.686564782597905e-14,1.750166604799066e-13,-1.0513594411479406,-1.7506760143287625e-12,4.582285217777396e-12,-0.09502543507800636,0,70,255.0,255.0,255.0
70,3.5,13.5,3.0,-2.2613,-1.692690762151887e-13,4.4305124387340584e-13,-1.055964743628666,-2.3454611212396368e-12,6.139098117962608e-12,-0.0891866641510255,0,70,255.0,255.0,255.0
71,3.5500000000000003,13.49999999999999,3.0000000000000275,-2.3142066943583273,-2.310479263127534e-13,6.047535287372885e-13,-1.060242507638512,-1.2569288266293706e-13,3.2899327659266444e-13,-0.0819238962428123,0,70,255.0,255.0,255.0
72,3.6,13.499999999999977,3.0000000000000555,-2.3673181984572604,-1.8183836448148336e-13,4.759505715326748e-13,-1.0641571332529474,2.0940753559137432e-12,-5.481111564777227e-12,-0.07466112833459916,0,70,255.0,255.0,255.0
73,3.6500000000000004,13.499999999999973,3.0000000000000706,-2.4206163553770317,-2.1640390721377972e-14,5.664237225956255e-14,-1.0677086204719721,4.313843594490443e-12,-1.1291216406147172e-11,-0.06739836042638596,0,70,255.0,255.0,255.0
74,3.7,13.499999999999979,3.0000000000000564,-2.4740830081978684,2.495459949675603e-13,-6.531710690820409e-13,-1.0708969692955859,6.533611833067123e-12,-1.7101321247517062e-11,-0.06013559251817281,0,70,255.0,255.0,255.0
75,3.75,13.5,3.0,-2.5277,6.31720792585332e-13,-1.6534897524921378e-12,-1.0737221797237895,8.753380071643801e-12,-2.2911426088886952e-11,-0.05287282460996501,0,70,255.0,255.0,255.0
76,3.8000000000000003,13.500000000000039,2.999999999999898,-2.5814499374513518,8.622825999826254e-13,-2.2569708953041247e-12,-1.0762300670182834,4.690922242478824e-13,-1.2278196235924028e-12,-0.047442667169797274,0,70,255.0,255.0,255.0
77,3.85,13.50000000000008,2.9999999999997926,-2.635318481570628,6.786300150101239e-13,-1.776271714851388e-12,-1.0784664464407692,-7.815195623147962e-12,2.0455786841701953e-11,-0.04201250972962959,0,70,255.0,255.0,255.0
78,3.9000000000000004,13.5000000000001,2.9999999999997384,-2.6892920569642285,8.076303766782465e-14,-2.1139221113391812e-13,-1.0804313179912466,-1.609948347054388e-11,4.2139393306996505e-11,-0.036582352289461856,0,70,255.0,255.0,255.0
79,3.95,13.500000000000082,2.999999999999789,-2.743357088238553,-9.313183320442616e-13,2.437667615848255e-12,-1.0821246816697154,-2.4383771317939725e-11,6.382299977229086e-11,-0.03115219484929417,0,70,255.0,255.0,255.0
80,4.0,13.5,3.0,-2.7975,-2.3576140941261392e-12,6.170907766095145e-12,-1.0835465374761761,-3.266805916533557e-11,8.55066062375852e-11,-0.025722037409135368,0,70,255.0,255.0,255.0
81,4.05,13.499999999999854,3.000000000000382,-2.8517063558362654,-3.2180824736177474e-12,8.42313005247921e-12,-1.0846452242883549,-1.7506760143288714e-12,4.582285217777675e-12,-0.018225435078010603,0,70,255.0,255.0,255.0
82,4.1000000000000005,13.499999999999703,3.0000000000007754,-2.905958275260226,-2.5326816955589996e-12,6.62913628787284e-12,-1.085369080983977,2.916670713667838e-11,-7.63420358020313e-11,-0.010728832746885707,0,70,255.0,255.0,255.0
83,4.15,13.499999999999627,3.000000000000977,-2.960237016766054,-3.0141175994992115e-13,7.889264722761099e-13,-1.0857181075630433,6.008409028768508e-11,-1.572663568218388e-10,-0.003232230415760942,0,70,255.0,255.0,255.0
84,4.2,13.4999999999997,3.0000000000007865,-3.0145238388479214,3.4757273332094867e-12,-9.097499394310979e-12,-1.0856923040255533,9.100147343869176e-11,-2.381906778416463e-10,0.004264371915363822,0,70,255.0,255.0,255.0
85,4.25,13.5,3.0,-3.0688,8.798735583919224e-12,-2.303014131188844e-11,-1.085291670371507,1.2191885658969844e-10,-3.191149988614538e-10,0.011760974246488587,0,70,255.0,255.0,255.0
86,4.3,13.500000000000545,2.9999999999985754,-3.123047839203586,1.2010047294488362e-11,-3.143554931461271e-11,-1.084581035828299,6.533611833067501e-12,-1.7101321247518086e-11,0.016664407481825787,0,70,255.0,255.0,255.0
87,4.3500000000000005,13.500000000001103,2.999999999997108,-3.1772540173884676,9.452096767225877e-12,-2.474027343663999e-11,-1.0836252296233244,-1.0885163292356548e-10,2.84912356366423e-10,0.021567840717163077,0,70,255.0,255.0,255.0
88,4.4,13.500000000001393,2.999999999996353,-3.2314062759715556,1.1248840021318547e-12,-2.9443136779705232e-12,-1.0824242517565827,-2.2423687768019643e-10,5.869260339803588e-10,0.026471273952500277,0,70,255.0,255.0,255.0
89,4.45,13.500000000001123,2.999999999997065,-3.285492356369763,-1.2971591000793682e-11,3.395232996139567e-11,-1.0809781022280744,-3.396221224368274e-10,8.889397115942945e-10,0.031374707187837476,0,70,255.0,255.0,255.0
90,4.5,13.5,3.0,-3.3395,-3.283732824155076e-11,8.594965748145861e-11,-1.0792867810377993,-4.550073671934582e-10,1.19095338920823e-09,0.03627814042317645,0,70,255.0,255.0,255.0
91,4.55,13.49999999999797,3.000000000005316,-3.3934158873493914,-4.4822106704335704e-11,1.1731906720597162e-10,-1.077286632398452,-2.43837713179412e-11,6.382299977229477e-11,0.04372780515070748,0,70,255.0,255.0,255.0
92,4.6000000000000005,13.499999999995875,3.0000000000107927,-3.4472224551859063,-3.527570537334451e-11,9.233195745868714e-11,-1.0749140005227287,4.0623982455758346e-10,-1.0633073896636608e-09,0.05117746987823865,0,70,255.0,255.0,255.0
93,4.65,13.499999999994799,3.0000000000136104,-3.5009010793477247,-4.198124248577518e-12,1.0988328239605993e-11,-1.0721688854106284,8.368634204331005e-10,-2.1904377790995963e-09,0.05862713460576968,0,70,255.0,255.0,255.0
94,4.7,13.499999999995817,3.000000000010952,-3.554433135673029,4.841063666996524e-11,-1.267118204512717e-10,-1.0690512870621516,1.2674870163086175e-09,-3.317568168535532e-09,0.06607679933330071,0,70,255.0,255.0,255.0
95,4.75,13.5,3.0,-3.6078,1.225505773822838e-10,-3.20768488613946e-10,-1.065561205477298,1.6981106121841351e-09,-4.444698557971467e-09,0.07352646406083707,0,70,255.0,255.0,255.0
96,4.800000000000001,13.50000000000758,2.9999999999801585,-3.6609838113988507,1.6727837952285452e-10,-4.37840719509274e-10,-1.0617444345778928,9.100147343866894e-11,-2.3819067784158646e-10,0.07914437191536913,0,70,255.0,255.0,255.0
97,4.8500000000000005,13.500000000015389,2.999999999959721,-3.713969761867911,1.316507247261522e-10,-3.4458755639810854e-10,-1.057646768285761,-1.5161076653067687e-09,3.9683172022882195e-09,0.08476227976990108,0,70,255.0,255.0,255.0
98,4.9,13.500000000019405,2.999999999949205,-3.766743806637547,1.5667612992178175e-11,-4.1008999280453305e-11,-1.0532682066009027,-3.123216804052207e-09,8.174825082418026e-09,0.09038018762443305,0,70,255.0,255.0,255.0
99,4.95,13.500000000015616,2.999999999959126,-3.819291900938122,-1.8067095567906738e-10,4.728949518436912e-10,-1.0486087495233178,-4.730325942797645e-09,1.2381332962547833e-08,0.09599809547896501,0,70,255.0,255.0,255.0
100,5.0,13.5,3.0,-3.8716,-4.5736498128758445e-10,1.1971242969743253e-09,-1.0436683970530063,-6.3374350815430814e-09,1.6587840842677634e-08,0.10161600333349341,0,70,255.0,255.0,255.0
101,5.050000000000001,13.499999999971708,3.00000000007405,-3.923653667055212,-6.242914113870824e-10,1.6340438108311239e-09,-1.0384236292899731,-3.396221224367418e-10,8.88939711594069e-10,0.10817470718783478,0,70,255.0,255.0,255.0
102,5.1000000000000005,13.49999999994257,3.0000000001503215,-3.9754368973424525,-4.913271935312641e-10,1.286018268133747e-09,-1.0328509263342227,5.65819083666949e-09,-1.4809961419489218e-08,0.11473341104217603,0,70,255.0,255.0,255.0
103,5.15,13.499999999927574,3.0000000001895697,-4.026933294102088,-5.847232772013528e-11,1.5304766888220743e-10,-1.0269502881857555,1.1656003795775722e-08,-3.05088625505725e-08,0.12129211489651728,0,70,255.0,255.0,255.0
104,5.2,13.49999999994172,3.000000000152544,-4.078126460574482,6.742731860463039e-10,-1.7648679869234935e-09,-1.020721714844571,1.7653816754881958e-08,-4.620776368165579e-08,0.12785081875085852,0,70,255.0,255.0,255.0
105,5.25,13.5,3.0,-4.129,1.706909347768054e-09,-4.467728699283355e-09,-1.0141652063106699,2.3651629713988182e-08,-6.190666481273907e-08,0.13440952260519978,0,70,255.0,255.0,255.0
106,5.300000000000001,13.500000000105583,2.999999999723642,-4.179537520380308,2.3298872660254746e-09,-6.098334523815222e-09,-1.0072810482622077,1.267487016308293e-09,-3.3175681685346864e-09,0.14095679933328473,0,70,255.0,255.0,255.0
107,5.3500000000000005,13.500000000214333,2.999999999438991,-4.229722648762281,1.8336580493989038e-09,-4.7994855161368765e-09,-1.0000695263773414,-2.11166556813712e-08,5.527152847566865e-08,0.14750407606136953,0,70,255.0,255.0,255.0
108,5.4,13.500000000270296,2.999999999292518,-4.2795390169541,2.182216978883628e-10,-5.711816762483762e-10,-0.9925306406560707,-4.3500798379050694e-08,1.13860625119872e-07,0.15405135278945434,0,70,255.0,255.0,255.0
109,5.45,13.500000000217504,2.999999999430697,-4.328970256763948,-2.5164217885061497e-09,6.586576995850282e-09,-0.9846643910983959,-6.588494107673018e-08,1.7244972176407534e-07,0.16059862951753917,0,70,255.0,255.0,255.0
110,5.5,13.5,3.0,-4.378,-6.370272409784631e-09,1.6673790500159095e-08,-0.9764707777043169,-8.826908377440966e-08,2.3103881840827868e-07,0.1671459062456222,0,70,255.0,255.0,255.0
111,5.550000000000001,13.499999999605958,3.0000000010313808,-4.426612251423562,-8.695257652714816e-09,2.2759294284429766e-08,-0.9679721776612019,-4.730325942796445e-09,1.238133296254468e-08,0.17279809547897151,0,70,255.0,255.0,255.0
112,5.6000000000000005,13.49999999920009,3.000000002093715,-4.474792507608426,-6.843305004064352e-09,1.791192379641377e-08,-0.9591909681564197,7.880843188881528e-08,-2.062761524831854e-07,0.17845028471232074,0,70,255.0,255.0,255.0
113,5.65,13.499999998991242,3.0000000026403586,-4.5225266380815095,-8.14414463833319e-10,2.1316790361113e-09,-0.9501271491899699,1.6234718972042703e-07,-4.249336379289155e-07,0.18410247394566998,0,70,255.0,255.0,255.0
114,5.7,13.499999999188264,3.000000002124668,-4.569800512369729,9.391413967978287e-09,-2.4581439996477635e-08,-0.9407807207618528,2.4588594755203874e-07,-6.435911233746457e-07,0.1897546631790192,0,70,255.0,255.0,255.0
115,5.75,13.5,3.0,-4.6166,2.377418029137047e-08,-6.222743330135303e-08,-0.9311516828720682,3.2942470538365046e-07,-8.622486088203754e-07,0.195406852412364,0,70,255.0,255.0,255.0
116,5.800000000000001,13.500000001470585,2.9999999961508346,-4.662910273925448,3.245114334483379e-08,-8.493884261390383e-08,-0.9211982410929872,1.7653816754877484e-08,-4.620776368164402e-08,0.20273081875086973,0,70,255.0,255.0,255.0
117,5.8500000000000005,13.500000002985304,2.99999999218615,-4.708713720804018,2.5539561966858508e-08,-6.684820966951821e-08,-0.910878600996981,-2.9411707187389e-07,7.698330814570729e-07,0.21005478508937533,0,70,255.0,255.0,255.0
118,5.9,13.500000003764733,2.9999999901460477,-4.753992030719863,3.0394361574448944e-09,-7.955534468196825e-09,-0.9001927625840497,-6.058879605026575e-07,1.5858739265957898e-06,0.21737875142788093,0,70,255.0,255.0,255.0
119,5.95,13.50000000302944,2.9999999920706304,-4.79872689375714,-3.5049234083407004e-08,9.173918299006023e-08,-0.8891407258541931,-9.176588491314249e-07,2.4019147717345065e-06,0.22470271776638653,0,70,255.0,255.0,255.0
120,6.0,13.5,3.0,-4.8429,-8.872644875569725e-08,2.32235942705253e-07,-0.8777224908074112,-1.2294297377601924e-06,3.2179556168732235e-06,0.2320266841048957,0,70,255.0,255.0,255.0
121,6.050000000000001,13.4999999945117,3.000000014365281,-4.886493852874652,-1.2110931572662037e-07,3.1699607617118557e-07,-0.8659868579668504,-6.588494107671364e-08,1.7244972176403185e-07,0.23739862951753235,0,70,255.0,255.0,255.0
122,6.1000000000000005,13.49999998885869,3.000000029161686,-4.929494209175508,-9.531494286336972e-08,2.49480914881659e-07,-0.8539826278556578,1.0976598556067444e-06,-2.8730561733451056e-06,0.24277057493016893,0,70,255.0,255.0,255.0
123,6.15,13.499999985949827,3.0000000367754507,-4.97188763903904,-1.1343330165946358e-08,2.9690458836675975e-08,-0.8417098004738335,2.2612046522902024e-06,-5.918562068454244e-06,0.2481425203428055,0,70,255.0,255.0,255.0
124,6.2,13.499999988693977,3.0000000295928104,-5.013660712601714,1.3080552236564978e-07,-3.4237529196376324e-07,-0.8291683758213774,3.42474944897366e-06,-8.96406796356338e-06,0.25351446575544206,0,70,255.0,255.0,255.0
125,6.25,13.5,3.0,-5.0548,3.311316147314185e-07,-8.667163375196589e-07,-0.8163583538982894,4.588294245657119e-06,-1.2009573858672519e-05,0.2588864111680804,0,70,255.0,255.0,255.0
126,6.300000000000001,13.500000020482611,2.999999946388042,-5.095291114575951,4.519861195616476e-07,-1.1830454620708385e-06,-0.8032223270396115,2.4588594755197707e-07,-6.435911233744827e-07,0.2665546631790256,0,70,255.0,255.0,255.0
127,6.3500000000000005,13.50000004157994,2.9999998911671057,-5.135115842493953,3.557202094866203e-07,-9.310754498571178e-07,-0.7897028875803866,-4.096522350553087e-06,1.0722391611923353e-05,0.2742229151899706,0,70,255.0,255.0,255.0
128,6.4,13.500000052435958,2.999999862752149,-5.17425501312398,4.23338845063403e-08,-1.1080630087850726e-07,-0.7758000355206146,-8.438930648658151e-06,2.208837434722119e-05,0.2818911672009156,0,70,255.0,255.0,255.0
129,6.45,13.500000042194653,2.9999998895581284,-5.2126894558360055,-4.88172855379192e-07,1.277761984864993e-06,-0.7615137708602953,-1.2781338946763218e-05,3.3454357082519026e-05,0.2895594192118607,0,70,255.0,255.0,255.0
130,6.5,13.5,3.0,-5.2504,-1.2358000101699768e-06,3.2346294073733827e-06,-0.7468440935994285,-1.7123747244868282e-05,4.482033981781684e-05,0.29722767122281013,0,70,255.0,255.0,255.0
131,6.550000000000001,13.499999923557851,3.0000002000825514,-5.287369688821551,-1.68683516251997e-06,4.415185772112168e-06,-0.7319238338746984,-9.176588491311951e-07,2.401914771733893e-06,0.29958271776638484,0,70,255.0,255.0,255.0
132,6.6000000000000005,13.499999844821556,3.0000004061698897,-5.323590420848684,-1.3275658950831111e-06,3.4748208845468116e-06,-0.7168858218227898,1.52884295466056e-05,-4.001651027434829e-05,0.30193776430995956,0,70,255.0,255.0,255.0
133,6.65,13.499999804306336,3.0000005122159528,-5.359056308465043,-1.579922078594151e-07,4.135347446773521e-07,-0.7017300574437026,3.1494517942342404e-05,-8.243493532043047e-05,0.30429281085353427,0,70,255.0,255.0,255.0
134,6.7,13.49999984252741,3.0000004121746766,-5.3937614640542675,1.8218858991511184e-06,-4.768672647496207e-06,-0.6864565407374364,4.77006063380792e-05,-0.00012485336036651266,0.3066478573971089,0,70,255.0,255.0,255.0
135,6.75,13.5,3.0,-5.4277,4.612068425948488e-06,-1.2071801291973871e-05,-0.6710652717039918,6.390669473381599e-05,-0.00016727178541259483,0.30900290394068364,0,70,255.0,255.0,255.0
136,6.800000000000001,13.50000028528598,2.9999992532817528,-5.460858130137852,6.295354530518231e-06,-1.6477697626377834e-05,-0.6550823374615886,3.4247494489727905e-06,-8.964067963561107e-06,0.3303144657554337,0,70,255.0,255.0,255.0
137,6.8500000000000005,13.500000579133832,2.9999984841533354,-5.493190474111313,4.954543370845822e-06,-1.2968208088330128e-05,-0.6380338251284483,-5.705719583586934e-05,0.0001493436494854698,0.3516260275701834,0,70,255.0,255.0,255.0
138,6.9,13.500000730338696,2.9999980883840416,-5.524643753015851,5.896349469313184e-07,-1.543332677830896e-06,-0.6199197347045704,-0.00011753914112071147,0.00030765136693450073,0.37293758938493315,0,70,255.0,255.0,255.0
139,6.95,13.500000587695705,2.999998461743165,-5.555164687946925,-6.799370741225284e-06,1.779692860511983e-05,-0.6007400661899551,-0.00017802108640555358,0.0004659590843835316,0.39424915119968285,0,70,255.0,255.0,255.0
140,7.0,13.5,3.0,-5.5847,-1.7212473693623975e-05,4.50525757605221e-05,-0.5804948195846023,-0.00023850303169039569,0.0006242668018325631,0.41556071301443076,0,70,255.0,255.0,255.0
141,7.050000000000001,13.499998935298231,3.0000035867904384,-5.613192190627046,-2.3494582959552954e-05,0.00010949560473350183,-0.5589308162789449,-1.2781338946759967e-05,0.0019534543570865898,0.4469994192118539,0,70,255.0,255.0,255.0
142,7.1000000000000005,13.499997838643115,3.000012057216769,-5.6405668827060635,-1.849060758830018e-05,0.00024039801146918092,-0.5357948776634166,0.00021294035379687174,0.0032826419123405926,0.47843812540927644,0,70,255.0,255.0,255.0
143,7.15,13.499997274338883,3.0000287342478815,-5.666745479471557,-2.200547579865856e-06,0.00043775979596755995,-0.5110870037380173,0.0004386620465405035,0.0046118294675945954,0.5098768316066989,0,70,255.0,255.0,255.0
144,7.2,13.499997806689766,3.0000569408526623,-5.691649384158034,2.537559706575001e-05,0.0007015809582286388,-0.4848071945027469,0.0006643837392841352,0.005941017022848599,0.5413155378041214,0,70,255.0,255.0,255.0
145,7.25,13.5,3.0001,-5.7152,6.423782634854741e-05,0.0010318614982524179,-0.45695544995760545,0.0008901054320277667,0.007270204578102603,0.5727542440015436,0,70,255.0,255.0,255.0
146,7.300000000000001,13.500003973521096,3.0001599995564945,-5.737345107353964,8.76829773076936e-05,0.0013544952786957018,-0.4291143974226383,4.770060633806723e-05,0.005635146639628566,0.5408878573971257,0,70,255.0,255.0,255.0
147,7.3500000000000005,13.50000806629371,3.0002340869795874,-5.758137995064435,6.900788698235491e-05,0.0015953761622152789,-0.4028666642178926,-0.0007947042193516173,0.004000088701154559,0.5090214707927084,0,70,255.0,255.0,255.0
148,7.4,13.500010172305773,3.0003181746244336,-5.777658329097924,8.212555372532151e-06,0.0017545041488111562,-0.37821225034336764,-0.0016371090450413017,0.0023650307626805513,0.47715508418829117,0,70,255.0,255.0,255.0
149,7.45,13.500008185545225,3.000408174846187,-5.7959857754209425,-9.470301752177469e-05,0.0018318792384833331,-0.35515115579906364,-0.0024795138707309865,0.0007299728242065439,0.4452886975838739,0,70,255.0,255.0,255.0
150,7.5,13.5,3.0005,-5.8132,-0.00023973883170056565,0.00182750143123181,-0.3336833805849804,-0.003321918696420671,-0.0009050851142674756,0.4134223109794575,0,70,255.0,255.0,255.0
151,7.550000000000001,13.499984370617382,3.000590014983585,-5.8293729799571,-0.0003752373262711109,0.001768523280484609,-0.31334759403050155,-0.002098021086401061,-0.0014540409156205323,0.40000915119968594,0,70,255.0,255.0,255.0
152,7.6000000000000005,13.499963496182048,3.000676394864881,-5.8445459370362,-0.00044954094034067393,0.0016820973396697568,-0.2936824654650116,-0.000874123476381473,-0.002002996716973579,0.38659599141991463,0,70,255.0,255.0,255.0
153,7.65,13.499940436438024,3.0007577672543846,-5.858752404136751,-0.00046264967390925786,0.0015682236087872518,-0.27468799488851026,0.00034977413363811464,-0.002551952518326626,0.3731828316401433,0,70,255.0,255.0,255.0
154,7.7,13.499918251129332,3.0008327597625915,-5.8720259141582005,-0.0004145635269768625,0.0014269020878370949,-0.2563641823009974,0.0015736717436577031,-0.003100908319679673,0.359769671860372,0,70,255.0,255.0,255.0
155,7.75,13.4999,3.0009,-5.8844,-0.0003052824995434881,0.0012581327768192857,-0.23871102770247313,0.002797569353677292,-0.0036498641210327264,0.34635651208060225,0,70,255.0,255.0,255.0
156,7.800000000000001,13.499888144009375,3.0009583405091664,-5.895910972817639,-0.00017073367221956246,0.0010754115993648128,-0.22189522645535506,0.0025843837392796566,-0.003658982977146085,0.32627553780411056,0,70,255.0,255.0,255.0
157,7.8500000000000005,13.4998827489781,3.0010075335608897,-5.9066062567907665,-4.684412561552088e-05,0.0008922344791046753,-0.20608347392206186,0.002371198124882025,-0.003668101833259443,0.3061945635276192,0,70,255.0,255.0,255.0
158,7.9,13.499883281942134,3.00104755635803,-5.916536054355075,6.638614026863922e-05,0.0007086014160388697,-0.19127577010259325,0.0021580125104843934,-0.0036772206893728016,0.2861135892511279,0,70,255.0,255.0,255.0
159,7.95,13.499889209937447,3.001078386103447,-5.925750567946255,0.00016895712543291768,0.0005245124101673963,-0.1774721149969492,0.0019448268960867618,-0.0036863395454861596,0.2660326149746366,0,70,255.0,255.0,255.0
160,8.0,13.4999,3.0011,-5.9343,0.0002608688298773147,0.000339967461490255,-0.16467250860512972,0.0017316412816891294,-0.0036954584015995206,0.24595164069814457,0,70,255.0,255.0,255.0
161,8.05,13.499915053345116,3.00111182297975,-5.9422335287723484,0.0003381720151510456,0.00012183032205533633,-0.15281550014807882,0.0013604861292600611,-0.005030027175797103,0.22832869758388477,0,70,255.0,255.0,255.0
162,8.1,13.499933507905554,3.0011110708915605,-5.949596235800737,0.00039691744280332097,-0.00016303525608945115,-0.14183963884674128,0.0009893309768310063,-0.006364595949994638,0.21070575446962558,0,70,255.0,255.0,255.0
163,8.15,13.499954435793436,3.001094407313496,-5.9564321784429515,0.0004371051128341452,-0.0005146292729441276,-0.13174492470111637,0.0006181758244019381,-0.007699164724192221,0.19308281135536576,0,70,255.0,255.0,255.0
164,8.200000000000001,13.499976909120878,3.0010584958236213,-5.9627854140567775,0.00045873502524351566,-0.000932951728508684,-0.12253135771120444,0.00024702067197287006,-0.009033733498389804,0.17545986824110596,0,70,255.0,255.0,255.0
165,8.25,13.5,3.001,-5.9687,0.0004618071800314327,-0.0014180026227831022,-0.11419893787700582,-0.00012413448045618626,-0.010368302272587341,0.15783692512684666,0,70,255.0,255.0,255.0
166,8.3,13.50002284261016,3.0009159675718338,-5.974220512092969,0.0004500456116115821,-0.001946732887589551,-0.10677877295232516,-0.0003463282563378293,-0.010780908319670308,0.1389696718603757,0,70,255.0,255.0,255.0
167,8.35,13.500044819399681,3.0008049828728685,-5.979393600006288,0.0004271743543976503,-0.0024960934547501286,-0.10030197069096827,-0.0005685220322194644,-0.011193514366753261,0.12010241859390541,0,70,255.0,255.0,255.0
168,8.4,13.50006537488412,3.000666014387986,-5.984266431873122,0.0003931934083896355,-0.003066084324264874,-0.09476853109293468,-0.0007907158081011075,-0.011606120413836227,0.10123516532743443,0,70,255.0,255.0,255.0
169,8.450000000000001,13.50008395357904,3.000498030602069,-5.988886175826638,0.0003481027735875384,-0.003656705496133768,-0.09017845415822467,-0.0010129095839827504,-0.012018726460919196,0.08236791206096347,0,70,255.0,255.0,255.0
170,8.5,13.5001,3.0003,-5.9933,0.00029190244999136126,-0.004267956970356789,-0.08653173988683834,-0.0012351033598643835,-0.01243133250800215,0.06350065879449318,0,70,255.0,255.0,255.0
171,8.55,13.500113576214238,3.000070706732915,-5.997554022855773,0.0002616455383970326,-0.004910898771694087,-0.08376540804261053,2.4826896091255813e-05,-0.013286339545489379,0.04715261497461751,0,70,255.0,255.0,255.0
172,8.6,13.50012721449572,2.999808197616966,-6.001690164174111,0.0002943851396004846,-0.005596590924905721,-0.08181647838937657,0.0012847571520468505,-0.014141346582976576,0.030804571154742402,0,70,255.0,255.0,255.0
173,8.65,13.50014406467008,2.9995103351345596,-6.005749294064561,0.00039012125360171943,-0.00632503342999174,-0.08068495092713633,0.0025446874080024893,-0.014996353620463802,0.014456527334866728,0,70,255.0,255.0,255.0
174,8.700000000000001,13.500167276562959,2.9991749817681024,-6.009772282636674,0.0005488538804007371,-0.0070962262869521215,-0.08037082565588988,0.0038046176639581286,-0.01585136065795103,-0.0018915164850089594,0,70,255.0,255.0,255.0
175,8.75,13.5002,2.9988,-6.0138,0.0007705830199975287,-0.007910169495786835,-0.08087410257563718,0.0050645479199137285,-0.016706367695438165,-0.01823956030488394,0,70,255.0,255.0,255.0
176,8.8,13.50024445253288,2.9983836054965067,-6.0178753964839355,0.0009993722347953259,-0.008745672025632737,-0.08231959487723192,0.004087020671998022,-0.016713733498397436,-0.03958013175890453,0,70,255.0,255.0,255.0
177,8.85,13.500299122617438,2.997925426659268,-6.022049743297268,0.0011792850871973311,-0.009581542845626572,-0.08483211575152759,0.003109493424082349,-0.016721099301356703,-0.06092070321292436,0,70,255.0,255.0,255.0
178,8.9,13.50036156643556,2.9974254450737754,-6.0263763918686335,0.0013103215772035579,-0.010417781955768401,-0.08841166519852436,0.0021319661761666424,-0.016728465104315974,-0.08226127466694495,0,70,255.0,255.0,255.0
179,8.950000000000001,13.500429340169118,2.9968836423255216,-6.030908693626665,0.0013924817048139983,-0.011254389356058193,-0.09305824321822219,0.0011544389282509351,-0.01673583090727524,-0.10360184612096554,0,70,255.0,255.0,255.0
180,9.0,13.5005,2.9963,-6.0357,0.0014257654700286528,-0.01209136504649592,-0.09877184981062086,0.0001769116803352639,-0.016743196710234484,-0.12494241757498525,0,70,255.0,255.0,255.0
181,9.05,13.500571813654243,2.995674071281058,-6.040800391208485,0.0014528655224365018,-0.012954413125774653,-0.10535621244847099,0.0009070904159786837,-0.01777872646091431,-0.13843208793901618,0,70,255.0,255.0,255.0
182,9.1,13.500645895034523,2.995003695745964,-6.046246862636817,0.0015164745116265197,-0.013869237692587341,-0.11261505860452241,0.0016372691516220775,-0.018814256211594094,-0.1519217583030466,0,70,255.0,255.0,255.0
183,9.15,13.500724069587685,2.9942862845703404,-6.052073138460908,0.0016165924375987103,-0.014835838746934057,-0.12054838827877562,0.0023674478872654976,-0.01984978596227392,-0.16541142866707753,0,70,255.0,255.0,255.0
184,9.200000000000001,13.500808162760563,2.9935192489298115,-6.058312942856665,0.0017532193003530726,-0.01585421628881476,-0.1291562014712304,0.003097626622908917,-0.020885315712953743,-0.17890109903110846,0,70,255.0,255.0,255.0
185,9.25,13.5009,2.9927,-6.065,0.0019263550998895999,-0.01692437031822942,-0.13843849818188636,0.003827805358552313,-0.021920845463633626,-0.19239076939513833,0,70,255.0,255.0,255.0
186,9.3,13.501001092850153,2.9918273093792616,-6.072157438682126,0.002117165675452363,-0.017964675471269252,-0.14775955532888999,0.003804617663958103,-0.01969136065795911,-0.18045151648500132,0,70,255.0,255.0,255.0
187,9.35,13.501111697244468,2.990905390356878,-6.079766006155465,0.002306816866285409,-0.018893506384025326,-0.15648364983038646,0.003781429969363894,-0.017461875852284668,-0.16851226357486473,0,70,255.0,255.0,255.0
188,9.4,13.501231755213702,2.989939816644864,-6.08779585428774,0.002495308672388751,-0.01971086305649771,-0.16461078168637638,0.0037582422747696846,-0.015232391046610151,-0.1565730106647277,0,70,255.0,255.0,255.0
189,9.450000000000001,13.501361208788627,2.9889361619552326,-6.096217134946676,0.0026826410937623828,-0.020416745488686362,-0.17214095089685943,0.0037350545801754747,-0.013002906240935632,-0.1446337577545907,0,70,255.0,255.0,255.0
190,9.5,13.5015,2.9879,-6.105,0.0028688141304062972,-0.021011153680591275,-0.17907415746183544,0.0037118668855812657,-0.010773421435261221,-0.13269450484445344,0,70,255.0,255.0,255.0
191,9.55,13.501647814945144,2.9868350912018964,-6.1141210540630135,0.003038471775752846,-0.02160288498915428,-0.18579756623597082,0.003074438928280579,-0.012895830907258606,-0.136241846120957,0,70,255.0,255.0,255.0
192,9.600000000000001,13.501803315987612,2.9857379428265243,-6.123582712741328,0.0031762580232343597,-0.022300736771317154,-0.19269834207393133,0.002437010970979892,-0.015018240379255992,-0.13978918739746057,0,70,255.0,255.0,255.0
193,9.65,13.501964909557504,2.9846032488502043,-6.133393844388136,0.0032821728728508353,-0.02310470902707987,-0.1997764849757168,0.0017995830136792279,-0.0171406498512533,-0.14333652867396401,0,70,255.0,255.0,255.0
194,9.700000000000001,13.502131002084932,2.983425703249256,-6.14356331735663,0.003356216324602281,-0.02401480175644248,-0.2070319949413277,0.001162155056378541,-0.01926305932325069,-0.14688386995046757,0,70,255.0,255.0,255.0
195,9.75,13.5023,2.9822,-6.1541,0.00339838837848869,-0.02503101495940493,-0.2144648719707635,0.0005247270990778631,-0.021385468795248136,-0.150431211226971,0,70,255.0,255.0,255.0
196,9.8,13.502470847369267,2.9809227258131537,-6.165010345065823,0.0034409472215376187,-0.026039784572110106,-0.22193017972721607,0.001177626622879276,-0.018965315712958224,-0.14818109903112842,0,70,255.0,255.0,255.0
197,9.850000000000001,13.50264463880509,2.9795980383370244,-6.176291142879225,0.0035161510407766194,-0.02692754653070078,-0.22928298187387655,0.0018305261466806887,-0.01654516263066831,-0.1459309868352858,0,70,255.0,255.0,255.0
198,9.9,13.502823006556282,2.978231987954319,-6.187936768159715,0.003623999836205686,-0.027694300835176936,-0.23652327841074464,0.0024834256704820783,-0.014125009548378486,-0.1436808746394433,0,70,255.0,255.0,255.0
199,9.950000000000001,13.503007582871648,2.976830625047742,-6.199941595626803,0.0037644936078248276,-0.02834004748553862,-0.24365106933782082,0.003136325194283491,-0.011704856466088574,-0.1414307624436007,0,70,255.0,255.0,255.0
200,10.0,13.5032,2.9754,-6.2123,0.003937632355634033,-0.02886478648178579,-0.2506663546551046,0.003789224718084877,-0.009284703383798637,-0.13918065024775617,0,70,255.0,255.0,255.0
201,10.05,13.503401595577788,2.9739444055454904,-6.225007165673692,0.004125739338091397,-0.02937397672240448,-0.2576177148551637,0.0037350545802095837,-0.011082906240948662,-0.13887375775460356,0,70,255.0,255.0,255.0
202,10.100000000000001,13.503612528792027,2.9724611038253785,-6.238061515741772,0.004311137813654996,-0.029973077105880673,-0.2645537304305652,0.003680884442334291,-0.012881109098098687,-0.13856686526145098,0,70,255.0,255.0,255.0
203,10.15,13.503832664217372,2.970945599332522,-6.251462282973005,0.004493827782324824,-0.030662087632214344,-0.2714744013813088,0.0036267143044589997,-0.014679311955248648,-0.1382599727682984,0,70,255.0,255.0,255.0
204,10.200000000000001,13.50406186642848,2.9693933965597763,-6.265208700136159,0.004673809244100895,-0.03144100830140554,-0.27837972770739494,0.0035725441665837064,-0.016477514812398675,-0.1379530802751458,0,70,255.0,255.0,255.0
205,10.25,13.5043,2.9678,-6.2793,0.004851082198983195,-0.0323098391134542,-0.2852697094088233,0.003518374028708436,-0.018275717669548497,-0.13764618778199234,0,70,255.0,255.0,255.0
206,10.3,13.50454677031958,2.9661620520048846,-6.293735392239405,0.005016095426109407,-0.033200308538273875,-0.2921429608521342,0.003082155056339967,-0.017343059323238107,-0.13728386995043876,0,70,255.0,255.0,255.0
207,10.350000000000001,13.504801246026801,2.964480746361461,-6.308513994153688,0.0051592977046171955,-0.03404414504577803,-0.2989980964038674,0.002645936083971498,-0.016410400976927714,-0.13692155211888515,0,70,255.0,255.0,255.0
208,10.4,13.505062336574232,2.9627584147155956,-6.323634899948266,0.005280689034506557,-0.03484134863596665,-0.30583511606402264,0.0022097171116030444,-0.015477742630617356,-0.13655923428733158,0,70,255.0,255.0,255.0
209,10.450000000000001,13.505328951414443,2.960997388713153,-6.3390972038285645,0.005380269415777499,-0.035591919308839766,-0.3126540198326005,0.0017734981392345753,-0.014545084284306967,-0.136196916455778,0,70,255.0,255.0,255.0
210,10.5,13.5056,2.9592,-6.3549,0.005458038848430016,-0.03629585706439733,-0.3194548077096004,0.0013372791668661288,-0.013612425937996442,-0.1358345986242253,0,70,255.0,255.0,255.0
211,10.55,13.505874523143891,2.957368186434971,-6.371042465368685,0.005521878957458868,-0.036976789124499566,-0.32624244173629646,0.001216325194287941,-0.013624856466092627,-0.13567076244361376,0,70,255.0,255.0,255.0
212,10.600000000000001,13.506152087100768,2.9555023107287766,-6.387524107643479,0.005579671367858812,-0.037658342711006605,-0.33302188395396193,0.0010953712217097531,-0.013637286994188813,-0.1355069262630022,0,70,255.0,255.0,255.0
213,10.65,13.506432389485699,2.9536023418050967,-6.40434451723393,0.005631416079629844,-0.03834051782391844,-0.3397931343625966,0.0009744172491315697,-0.013649717522284999,-0.13534309008239065,0,70,255.0,255.0,255.0
214,10.700000000000001,13.506715127913754,2.9516682485876116,-6.421503284549588,0.005677113092771967,-0.039023314463235106,-0.34655619296220097,0.0008534632765533819,-0.013662148050381184,-0.1351792539017791,0,70,255.0,255.0,255.0
215,10.75,13.507,2.9497,-6.439,0.005716762407285182,-0.03970673262895655,-0.35331105975277455,0.0007325093039751915,-0.013674578578477314,-0.13501541772116799,0,70,255.0,255.0,255.0
216,10.8,13.507287137104854,2.9476972022552315,-6.456833946285855,0.0057763887440501205,-0.04041253496372857,-0.3600392722026827,0.0016525441666223055,-0.014557514812403095,-0.13411308027515412,0,70,255.0,255.0,255.0
217,10.850000000000001,13.507578405570124,2.945658010723432,-6.475003175272397,0.005882016823947415,-0.04116248411019688,-0.36672236778029016,0.0025725790292694195,-0.015440451046328876,-0.13321074282914028,0,70,255.0,255.0,255.0
218,10.9,13.507876105482968,2.9435802180640174,-6.493505431116012,0.00603364664697706,-0.04195658006836145,-0.3733603464855967,0.0034926138919165015,-0.016323387280254627,-0.13230840538312644,0,70,255.0,255.0,255.0
219,10.950000000000001,13.508182536930539,2.941461616936401,-6.512338457973085,0.006231278213139065,-0.04279482283822234,-0.37995320831860274,0.0044126487545636155,-0.017206323514180406,-0.13140606793711257,0,70,255.0,255.0,255.0
220,11.0,13.5085,2.9393,-6.5315,0.0064749115224334184,-0.04367721241977949,-0.3865009532793079,0.005332683617210683,-0.018089259748106323,-0.13050373049109698,0,70,255.0,255.0,255.0
221,11.05,13.508829728436693,2.937094204544102,-6.550988149487898,0.006700566066343588,-0.044541071020589504,-0.3930244694529793,0.0036934981391959837,-0.016465084284293906,-0.1304369164557569,0,70,255.0,255.0,255.0
222,11.100000000000001,13.509168690618736,2.9348472463774944,-6.570802391266936,0.006844261336353022,-0.045323720848208904,-0.3995446449248838,0.0020543126611812837,-0.014840908820481488,-0.13037010242041677,0,70,255.0,255.0,255.0
223,11.15,13.50951278858243,2.9325631859388346,-6.590942558302024,0.006905997332461719,-0.046025161902637654,-0.40606147969502093,0.00041512718316664195,-0.01321673335666913,-0.13030328838507668,0,70,255.0,255.0,255.0
224,11.200000000000001,13.509857924364082,2.930246083666783,-6.611408483558075,0.006885774054669683,-0.04664539418387581,-0.4125749737633914,-0.0012240582948480575,-0.011592557892856712,-0.13023647434973656,0,70,255.0,255.0,255.0
225,11.25,13.5102,2.9279,-6.6322,0.006783591502976916,-0.04718441769192332,-0.4190851271299945,-0.0028632437728627336,-0.00996838242904452,-0.13016966031439248,0,70,255.0,255.0,255.0
226,11.3,13.510536349148369,2.9255275795683584,-6.653316655762555,0.006685346990570145,-0.04772718095390908,-0.4255748499853988,-0.0010665367234080148,-0.011742148050385695,-0.12941925390177492,0,70,255.0,255.0,255.0
227,11.350000000000001,13.51087003195493,2.9231258037665917,-6.674756859659864,0.006676937830636112,-0.0483586324969619,-0.4320270525201722,0.000730170326046704,-0.013515913671726871,-0.12866884748915736,0,70,255.0,255.0,255.0
228,11.4,13.511205540187309,2.920690238180645,-6.696518735675895,0.006758364023174813,-0.04907877232108176,-0.43844173473431447,0.0025268773755013595,-0.015289679293067984,-0.12791844107653985,0,70,255.0,255.0,255.0
229,11.450000000000001,13.511547365613124,2.9182164483964654,-6.718600407794618,0.006929625568186251,-0.0498876004262687,-0.44481889662782614,0.004323584424956078,-0.017063444914409157,-0.1271680346639223,0,70,255.0,255.0,255.0
230,11.5,13.5119,2.9157,-6.741,0.0071907224656704155,-0.050785116812522665,-0.45115853820070667,0.006120291474410705,-0.018837210535750493,-0.12641762825130654,0,70,255.0,255.0,255.0
231,11.55,13.51226647496983,2.9131378771824634,-6.7637156274618855,0.007454045971393923,-0.051686205163771384,-0.457460130605418,0.004412648754529456,-0.017206323514197572,-0.12564606793714386,0,70,255.0,255.0,255.0
232,11.600000000000001,13.512643981561538,2.910532738556141,-6.786745370093614,0.007631987341123367,-0.05250574916394245,-0.46372314499442124,0.0027050060346482064,-0.015575436492644654,-0.1248745076229812,0,70,255.0,255.0,255.0
233,11.65,13.51302825066834,2.9078886613385873,-6.810087298994398,0.007724546574858746,-0.05324374881303584,-0.4699475813677161,0.0009973633147670182,-0.013944549471091795,-0.12410294730881856,0,70,255.0,255.0,255.0
234,11.700000000000001,13.513415013183426,2.905209722747355,-6.8337394852634565,0.007731723672600065,-0.05390020411105162,-0.47613343972530303,-0.0007102794051142315,-0.012313662449538874,-0.1233313869946559,0,70,255.0,255.0,255.0
235,11.75,13.5138,2.9025,-6.8577,0.007653518634347326,-0.054475115057989736,-0.48228072006718165,-0.0024179221249954475,-0.010682775427986069,-0.12255982668049414,0,70,255.0,255.0,255.0
236,11.8,13.514180150972322,2.8997625117017884,-6.881967234389906,0.007562469123851238,-0.05503199839101038,-0.4884086275929371,-0.0012240582948480291,-0.011592557892839686,-0.1225564743497185,0,70,255.0,255.0,255.0
237,11.850000000000001,13.514557241798911,2.8969960420088445,-6.906540859965686,0.007531112804862521,-0.055634370847273726,-0.4945363675021537,-3.019446470061077e-05,-0.012502340357693301,-0.12255312201894286,0,70,255.0,255.0,255.0
238,11.9,13.514934257139334,2.8941983164650065,-6.931420868346512,0.007559449677381175,-0.05628223242677971,-0.5006639397948314,0.0011636693654467653,-0.013412122822546885,-0.12254976968816722,0,70,255.0,255.0,255.0
239,11.950000000000001,13.515314181653173,2.8913670606141126,-6.956607251151559,0.0076474797414072,-0.056975583129528405,-0.5067913444709703,0.0023575331955941834,-0.014321905287400502,-0.12254641735739158,0,70,255.0,255.0,255.0
240,12.0,13.5157,2.8885,-6.9821,0.007795202996940591,-0.057714422955519755,-0.5129185815305705,0.003551397025741608,-0.015231687752254308,-0.1225430650266146,0,70,255.0,255.0,255.0
241,12.05,13.51609372114088,2.885595276010383,-7.007898634978494,0.007944077533208145,-0.05847380127218626,-0.5190173590228335,0.0024035844249605076,-0.015143444914405235,-0.12140803466390133,0,70,255.0,255.0,255.0
242,12.100000000000001,13.516493451242821,2.8826526934084797,-7.034000790043648,0.008035561439436645,-0.0592287674469603,-0.5250593849969608,0.0012557718241794072,-0.01505520207655616,-0.12027300430118806,0,70,255.0,255.0,255.0
243,12.15,13.516896320774324,2.879672472801385,-7.0604036276195545,0.008069654715626087,-0.05997932147984187,-0.5310446594529522,0.00010795922339834792,-0.014966959238707089,-0.11913797393847485,0,70,255.0,255.0,255.0
244,12.200000000000001,13.517299460203882,2.8766548347961938,-7.087104310130309,0.008046357361776477,-0.060725463370831,-0.5369731823908082,-0.001039853377382753,-0.014878716400858015,-0.11800294357576158,0,70,255.0,255.0,255.0
245,12.25,13.5177,2.8736,-7.1141,0.007965669377887816,-0.06146719311992766,-0.5428449538105282,-0.0021876659781638053,-0.014790473563008832,-0.11686791321304568,0,70,255.0,255.0,255.0
246,12.3,13.51809616446416,2.8705083842566803,-7.141388625696119,0.007893220743305866,-0.06219279652024168,-0.5487059363157216,-0.000710279405114196,-0.014233662449551446,-0.11757138699468649,0,70,255.0,255.0,255.0
247,12.350000000000001,13.518490553229807,2.867381184357237,-7.1689711798597235,0.007894641437376396,-0.06289055936488283,-0.554602092509997,0.0007671071679354134,-0.013676851336094059,-0.11827486077632729,0,70,255.0,255.0,255.0
248,12.4,13.518886859763375,2.8642197923294535,-7.19684942117527,0.007969931460099404,-0.06356048165385107,-0.5605334223933542,0.0022444937409849706,-0.013120040222636693,-0.11897833455796808,0,70,255.0,255.0,255.0
249,12.450000000000001,13.519288777531296,2.861025600201113,-7.22502510832721,0.008119090811474895,-0.06420256338714649,-0.5664999259657938,0.00372188031403458,-0.012563229109179307,-0.11968180833960888,0,70,255.0,255.0,255.0
250,12.5,13.5197,2.8578,-7.2535,0.00834211949150286,-0.06481680456476901,-0.5725016032273151,0.0051992668870841224,-0.012006417995721552,-0.12038528212125144,0,70,255.0,255.0,255.0
251,12.55,13.52012322100248,2.8545439869628955,-7.282274862237033,0.008579039493570561,-0.06542701264684697,-0.5784788957142811,0.0042775331956237846,-0.012401905287396358,-0.11870641735738442,0,70,255.0,255.0,255.0
252,12.600000000000001,13.520557135837949,2.851256969162572,-7.31134649051746,0.008769872811065242,-0.06605699509350867,-0.5843722449630538,0.0033557995041634467,-0.012797392579071165,-0.11702755259351742,0,70,255.0,255.0,255.0
253,12.65,13.520999440172176,2.8479379578808017,-7.340710687679367,0.008914619443986907,-0.06670675190475409,-0.5901816509736327,0.0024340658127031418,-0.013192879870745957,-0.11534868782965048,0,70,255.0,255.0,255.0
254,12.700000000000001,13.521447829670937,2.8445859643993536,-7.370363256560852,0.009013279392335557,-0.06737628308058326,-0.5959071137460187,0.001512332121242804,-0.013588367162420765,-0.11366982306578347,0,70,255.0,255.0,255.0
255,12.75,13.5219,2.8412,-7.4003,0.009065852656111187,-0.06806558862099614,-0.601548633280211,0.0005905984297825267,-0.013983854454095224,-0.11199095830191386,0,70,255.0,255.0,255.0
256,12.8,13.522354151525922,2.837779667891738,-7.430517525355752,0.009102621282420219,-0.06873915289237009,-0.6071544808271528,0.0008801466225787161,-0.012958716400862443,-0.11224294357575548,0,70,255.0,255.0,255.0
257,12.850000000000001,13.522810503418404,2.834326938992474,-7.461015658070444,0.00915386731836906,-0.0693614602610824,-0.6127729276377867,0.0011696948153749054,-0.011933578347629663,-0.11249492884959712,0,70,255.0,255.0,255.0
258,12.9,13.523269779547922,2.830844376147341,-7.491795028107259,0.00921959076395771,-0.06993251072713305,-0.6184039737121125,0.0014592430081710843,-0.010908440294396918,-0.11274691412343874,0,70,255.0,255.0,255.0
259,12.950000000000001,13.52373270378496,2.8273345422014717,-7.522856265429383,0.00929979161918617,-0.07045230429052209,-0.6240476190501306,0.0017487912009672736,-0.009883302241164137,-0.11299889939728036,0,70,255.0,255.0,255.0
260,13.0,13.5242,2.8238,-7.5542,0.009394469884054435,-0.07092084095124948,-0.6297038636518404,0.0020383393937634248,-0.008858164187931283,-0.1132508846711211,0,70,255.0,255.0,255.0
261,13.05,13.524672172893828,2.820242141470152,-7.585826236339959,0.009490475376749496,-0.07140837578367715,-0.6353351809771088,0.0018018803140390054,-0.010643229109175126,-0.11200180833961111,0,70,255.0,255.0,255.0
262,13.100000000000001,13.525148850488444,2.816657674867531,-7.617732477200769,0.009574657915458336,-0.07198516386216701,-0.6409040444858016,0.0015654212343145862,-0.012428294030418969,-0.11075273200810112,0,70,255.0,255.0,255.0
263,13.15,13.525629441636141,2.813042137529834,-7.649915599891597,0.009647017500180956,-0.07265120518671904,-0.6464104541779188,0.0013289621545901752,-0.014213358951662747,-0.10950365567659119,0,70,255.0,255.0,255.0
264,13.200000000000001,13.526113355189228,2.809391066794758,-7.682372481721617,0.009707554130917355,-0.07340649975733328,-0.6518544100534607,0.001092503074865756,-0.015998423872906592,-0.1082545793450812,0,70,255.0,255.0,255.0
265,13.25,13.5266,2.8057,-7.7151,0.00975626780766753,-0.07425104757400969,-0.657235912112427,0.0008560439951413173,-0.01778348879415015,-0.10700550301357392,0,70,255.0,255.0,255.0
266,13.3,13.527089156898764,2.8019661662276527,-7.74809592928441,0.009815477210577135,-0.07508334397292364,-0.662608795264411,0.0015123321212428386,-0.015508367162407456,-0.107909823065779,0,70,255.0,255.0,255.0
267,13.350000000000001,13.52758209462783,2.7981935615374005,-7.781361633126485,0.009907501019791817,-0.07580188429025045,-0.6680268944190051,0.00216862024734436,-0.013233245530664763,-0.10881414311798408,0,70,255.0,255.0,255.0
268,13.4,13.528080453907515,2.7943878737333216,-7.814899372326355,0.01003233923531157,-0.07640666852599011,-0.6734902095762093,0.0028249083734458577,-0.010958123898922152,-0.10971846317018913,0,70,255.0,255.0,255.0
269,13.450000000000001,13.528585875458132,2.7905547906194945,-7.848711407684149,0.010189991857136402,-0.07689769668014267,-0.6789987407360241,0.003481196499547379,-0.008683002267179458,-0.1106227832223942,0,70,255.0,255.0,255.0
270,13.5,13.5291,2.7867,-7.8828,0.010380458885266305,-0.07727496875270806,-0.6845524878984488,0.004137484625648849,-0.006407880635436847,-0.11152710327460014,0,70,255.0,255.0,255.0
271,13.55,13.52962399951112,2.782827593619235,-7.9171660465224,0.01057561578093245,-0.07763424832462343,-0.6900696379652461,0.0036687912009968756,-0.00796330224117725,-0.10915889939728768,0,70,255.0,255.0,255.0
272,13.600000000000001,13.530157171000237,2.7789352789828663,-7.951804990293295,0.010747338005365998,-0.0780712989768258,-0.6954683778381777,0.003200097776344902,-0.009518723846917654,-0.10679069551997522,0,70,255.0,255.0,255.0
273,13.65,13.530698342733801,2.7750191675368807,-7.986710910802986,0.01089562555856694,-0.07858612070931517,-0.7007487075172435,0.0027314043516929445,-0.011074145452658002,-0.10442249164266285,0,70,255.0,255.0,255.0
274,13.700000000000001,13.531246342978243,2.7710753707272633,-8.021877887541786,0.01102047844053529,-0.07917871352209159,-0.705910627002444,0.002262710927040971,-0.012629567058398405,-0.10205428776535039,0,70,255.0,255.0,255.0
275,13.75,13.5318,2.7671,-8.0573,0.011121896651271036,-0.07984907741515501,-0.7109541362937785,0.0017940175023889726,-0.014184988664138753,-0.09968608388803712,0,70,255.0,255.0,255.0
276,13.8,13.532358045056764,2.7630898592954085,-8.09297268462599,0.011194059665701554,-0.08055566272858126,-0.715960652874607,0.0010925030748316312,-0.014078423872910938,-0.10057457934510074,0,70,255.0,255.0,255.0
277,13.850000000000001,13.532918821371215,2.7590445225311346,-8.128896805700343,0.0112311469587542,-0.08125691980244612,-0.7210115942282886,0.0003909886472742896,-0.013971859081683122,-0.10146307480216435,0,70,255.0,255.0,255.0
278,13.9,13.533480575157283,2.7549642561191567,-8.1650745844617,0.011233158530428982,-0.08195284863674956,-0.7261069603548234,-0.00031052578028302686,-0.01386529429045531,-0.10235157025922792,0,70,255.0,255.0,255.0
279,13.950000000000001,13.534041552628901,2.750849326471452,-8.201508242148705,0.011200094380725896,-0.08264344923149165,-0.7312467512542115,-0.0010120402078403683,-0.013758729499227493,-0.10324006571629153,0,70,255.0,255.0,255.0
280,14.0,13.5346,2.7467,-8.2382,0.011131954509644947,-0.08332872158667233,-0.7364309669264525,-0.0017135546353977127,-0.01365216470799957,-0.10412856117335156,0,70,255.0,255.0,255.0
281,14.05,13.535155020261827,2.742516969199132,-8.275151214973643,0.011080145556248911,-0.08398310076105181,-0.741607750536345,-0.0003588035004436804,-0.012523002267178958,-0.1029427832223435,0,70,255.0,255.0,255.0
282,14.100000000000001,13.535709143514902,2.738302630892596,-8.312359786905343,0.011096074159600578,-0.08458102181339024,-0.746725245248687,0.0009959476345103519,-0.011393839826358344,-0.10175700527133544,0,70,255.0,255.0,255.0
283,14.15,13.536265756637066,2.7340598079864935,-8.34982275135022,0.011179740319699944,-0.08512248474368762,-0.7517834510634784,0.002350698769464336,-0.010264677385537772,-0.1005712273203274,0,70,255.0,255.0,255.0
284,14.200000000000001,13.536828246506152,2.7297913233869275,-8.387537143863398,0.011331144036547013,-0.08560748955194401,-0.7567823679807197,0.0037054499044183687,-0.00913551494471716,-0.09938544936931934,0,70,255.0,255.0,255.0
285,14.25,13.5374,2.7255,-8.4255,0.011550285310141777,-0.08603603623815936,-0.7617219960004102,0.005060201039372325,-0.008006352503896697,-0.09819967141831043,0,70,255.0,255.0,255.0
286,14.3,13.537983473895926,2.721187863908064,-8.463708855479439,0.011781358109302854,-0.08645593422721654,-0.766632344980002,0.00418271092707057,-0.00878956705839028,-0.09821428776535938,0,70,255.0,255.0,255.0
287,14.350000000000001,13.538577404569171,2.7168537538984823,-8.502163246678291,0.011968556402848841,-0.0869149929439984,-0.7715434247769464,0.0033052208147688143,-0.009572781612883862,-0.09822890411240834,0,70,255.0,255.0,255.0
288,14.4,13.53917959829445,2.712495711934869,-8.540863210137422,0.012111880190779734,-0.08741321238850493,-0.7764552353912428,0.0024277307024670896,-0.010355996167377418,-0.0982435204594573,0,70,255.0,255.0,255.0
289,14.450000000000001,13.539787861346486,2.708111779980837,-8.579808782397704,0.012211329473095545,-0.08795059256073615,-0.781367776822892,0.0015502405901653337,-0.011139210721871,-0.09825813680650626,0,70,255.0,255.0,255.0
290,14.5,13.5404,2.7037,-8.619,0.012266904249796269,-0.088527133460692,-0.7862810490718936,0.000672750477863554,-0.011922425276364668,-0.0982727531535561,0,70,255.0,255.0,255.0
291,14.55,13.541014284154468,2.69925877516861,-8.658436563108603,0.012306422006545885,-0.08912116233008172,-0.7911748695436409,0.0009079597921210414,-0.011838729499223554,-0.09748006571633762,0,70,255.0,255.0,255.0
292,14.600000000000001,13.541630838208418,2.6947879535134724,-8.6981168263815,0.012357700229008376,-0.08971100641061439,-0.7960290556435274,0.0011431691063785287,-0.011755033722082439,-0.09668737827911913,0,70,255.0,255.0,255.0
293,14.65,13.54225025018513,2.69028774427403,-8.738038808100095,0.012420738917183738,-0.09029666570228996,-0.8008436073715529,0.0013783784206360078,-0.011671337944941329,-0.09589469084190066,0,70,255.0,255.0,255.0
294,14.700000000000001,13.542873108107896,2.6857583566897247,-8.778200526545792,0.012495538071071975,-0.09087814020510851,-0.8056185247277174,0.0016135877348934951,-0.011587642167800215,-0.09510200340468218,0,70,255.0,255.0,255.0
295,14.75,13.5435,2.6812,-8.8186,0.012582097690673085,-0.09145542991906999,-0.810353807712021,0.0018487970491509464,-0.011503946390659214,-0.09430931596746372,0,70,255.0,255.0,255.0
296,14.8,13.544131389486202,2.676613035417494,-8.859235292086145,0.01267295386451243,-0.09201941645245472,-0.8150521768454401,0.0017854499044228024,-0.011055514944729821,-0.0936254493692976,0,70,255.0,255.0,255.0
297,14.850000000000001,13.544767242597166,2.671998432047626,-8.900104647795713,0.012760642681115368,-0.09256098141354299,-0.8197163526489509,0.0017221027596946584,-0.010607083498800428,-0.0929415827711315,0,70,255.0,255.0,255.0
298,14.9,13.545407400965026,2.6673573109690114,-8.941206357462208,0.012845164140481896,-0.09308012480233477,-0.8243463351225533,0.0016587556149665168,-0.01015865205287105,-0.09225771617296541,0,70,255.0,255.0,255.0
299,14.950000000000001,13.546051706221924,2.662690793260264,-8.982538711419139,0.012926518242612019,-0.09357684661883009,-0.8289421242662474,0.0015954084702383727,-0.009710220606941657,-0.09157384957479929,0,70,255.0,255.0,255.0
300,15.0,13.5467,2.658,-9.0241,0.013004704987505732,-0.09405114686302894,-0.8335037200800332,0.0015320613255102311,-0.009261789161012612,-0.09088998297663142,0,70,255.0,255.0,255.0
301,15.05,13.547352157900725,2.6532858831614132,-9.06588866854682,0.013081762535398476,-0.09451317186010094,-0.8380404230746112,0.0015502405901994423,-0.009219210721866954,-0.09057813680649023,0,70,255.0,255.0,255.0
302,15.100000000000001,13.548008191402925,2.648548718296022,-9.107903782435654,0.01315972904652568,-0.09497306793521565,-0.8425615337606823,0.0015684198548886535,-0.009176632282721297,-0.09026629063634903,0,70,255.0,255.0,255.0
303,15.15,13.548668145954764,2.6437886118499243,-9.15014456205108,0.013238604520887341,-0.09543083508837306,-0.8470670521382462,0.001586599119577864,-0.00913405384357564,-0.08995444446620783,0,70,255.0,255.0,255.0
304,15.200000000000001,13.549332067004404,2.6390056702692175,-9.192610227777669,0.013318388958483465,-0.0958864733195732,-0.851556978207303,0.0016047783842670753,-0.009091475404429982,-0.08964259829606663,0,70,255.0,255.0,255.0
305,15.25,13.55,2.6342,-9.2353,0.013399082359314045,-0.09633998262881605,-0.8560313119678528,0.0016229576489562442,-0.00904889696528377,-0.08933075212592367,0,70,255.0,255.0,255.0
306,15.3,13.550671978910897,2.629371431936851,-9.278213233726584,0.013479995993909435,-0.09680789610714305,-0.8604981308561174,0.0016135877348593646,-0.009667642167796062,-0.08934200340466117,0,70,255.0,255.0,255.0
307,15.350000000000001,13.551347991791129,2.6245186947682835,-9.321349822461679,0.013560441132799984,-0.09730674684559568,-0.864965512308319,0.001604217820762485,-0.010286387370308354,-0.08935325468339865,0,70,255.0,255.0,255.0
308,15.4,13.552028015215916,2.61964024163129,-9.36470979433348,0.013640417775985684,-0.09783653484417389,-0.8694334563244572,0.0015948479066656056,-0.010905132572820624,-0.08936450596213615,0,70,255.0,255.0,255.0
309,15.450000000000001,13.552712025760467,2.614734525662864,-9.40829317747019,0.013719925923466544,-0.09839726010287772,-0.8739019629045326,0.001585477992568726,-0.011523877775332916,-0.08937575724087363,0,70,255.0,255.0,255.0
310,15.5,13.5534,2.6098,-9.4521,0.013798965575242558,-0.09898892262170715,-0.8783710320485447,0.0015761080784718329,-0.012142622977844852,-0.08938700851961556,0,70,255.0,255.0,255.0
311,15.55,13.55409192645569,2.6048355890911803,-9.496129596546849,0.013878253488960313,-0.09958324371132672,-0.8827990535009063,0.0015954084702383688,-0.01163022060693743,-0.08773384957484323,0,70,255.0,255.0,255.0
312,15.600000000000001,13.554787841432557,2.5998421026308427,-9.540378527717639,0.013958506422266398,-0.1001519446824009,-0.8871444170060292,0.001614708862004905,-0.011117818236030004,-0.08608069063007089,0,70,255.0,255.0,255.0
313,15.65,13.555487793181577,2.5948208216249156,-9.584842660615,0.014039724375160805,-0.1006950255349297,-0.8914071225639133,0.0016340092537714403,-0.010605415865122599,-0.08442753168529861,0,70,255.0,255.0,255.0
314,15.700000000000001,13.55619182995373,2.5897730270793256,-9.629517862341574,0.01412190734764354,-0.10121248626891316,-0.8955871701745589,0.0016533096455379763,-0.010093013494215175,-0.08277437274052626,0,70,255.0,255.0,255.0
315,15.75,13.5569,2.5847,-9.6744,0.014205055339714601,-0.10170432688435123,-0.8996845598379658,0.0016726100373045394,-0.009580611123307547,-0.08112121379575132,0,70,255.0,255.0,255.0
316,15.8,13.557612315266343,2.579603011698428,-9.71948598008602,0.014286990050253892,-0.10217112904754488,-0.9037616551402609,0.001604778384267063,-0.009091475404438191,-0.08196259829604832,0,70,255.0,255.0,255.0
317,15.850000000000001,13.55832864247865,2.5744832947083447,-9.764776866667777,0.01436553317814131,-0.10261347442479506,-0.9078808196675708,0.0015369467312295862,-0.008602339685568835,-0.08280398279634531,0,70,255.0,255.0,255.0
318,15.9,13.55904881205778,2.5693420718690474,-9.810274763206527,0.01444068472337685,-0.10303136301610176,-0.9120420534198954,0.001469115078192112,-0.008113203966699498,-0.08364536729664228,0,70,255.0,255.0,255.0
319,15.950000000000001,13.55977265442461,2.5641805660198336,-9.855981773163517,0.01451244468596052,-0.10342479482146501,-0.9162453563972349,0.0014012834251546354,-0.007624068247830141,-0.08448675179693926,0,70,255.0,255.0,255.0
320,16.0,13.5605,2.559,-9.9019,0.014580813065892314,-0.10379376984088477,-0.9204907285995894,0.0013334517721171057,-0.007134932528960136,-0.08532813629723712,0,70,255.0,255.0,255.0
321,16.05,13.561230812478932,2.5538011641151086,-9.94803048310908,0.014653786310009461,-0.10416424009849232,-0.9247143259380426,0.0015854779925687048,-0.007683877775341438,-0.0836157572408897,0,70,255.0,255.0,255.0
322,16.1,13.561965588652852,2.548583118535779,-9.994370005611259,0.014739360865149187,-0.10456215761841892,-0.9288523043236784,0.0018375042130203039,-0.00823282302172274,-0.08190337818454227,0,70,255.0,255.0,255.0
323,16.150000000000002,13.562704958587299,2.5433444908988943,-10.040914286558898,0.014837536731311494,-0.1049875224006646,-0.9329046637564968,0.002089530433471903,-0.008781768268104041,-0.08019099912819484,0,70,255.0,255.0,255.0
324,16.2,13.563449552347832,2.5380839088413407,-10.087659045004358,0.014948313908496371,-0.10544033444522931,-0.9368714042364977,0.0023415566539234842,-0.009330713514485304,-0.07847862007184754,0,70,255.0,255.0,255.0
325,16.25,13.5642,2.5328,-10.1346,0.015071692396703838,-0.10592059375211312,-0.9407525257636816,0.0025935828743750833,-0.009879658760866605,-0.07676624101549923,0,70,255.0,255.0,255.0
326,16.3,13.564956434817915,2.5274915318411377,-10.181733687477674,0.015177864709702518,-0.10641991055848996,-0.9445970411075817,0.0016533096455720907,-0.010093013494206706,-0.07701437274050296,0,70,255.0,255.0,255.0
327,16.35,13.565717002909945,2.5221578311485398,-10.229059910887196,0.01523702336126105,-0.10692989510153379,-0.948453963037732,0.0007130364167690982,-0.01030636822754681,-0.0772625044655067,0,70,255.0,255.0,255.0
328,16.400000000000002,13.566479353593017,2.516798364535373,-10.276579290557885,0.01524916835137943,-0.10745054738124465,-0.9523232915541325,-0.00022723681203389414,-0.01051972296088691,-0.07751063619051043,0,70,255.0,255.0,255.0
329,16.45,13.567241136184059,2.511412598614804,-10.324292446819047,0.015214299680057664,-0.10798186739762246,-0.9562050266567829,-0.0011675100408368201,-0.010733077694226998,-0.07775876791551414,0,70,255.0,255.0,255.0
330,16.5,13.568,2.506,-10.3722,0.015132417347295748,-0.10852385515066733,-0.9600991683456838,-0.002107783269639771,-0.010946432427566877,-0.07800689964051255,0,70,255.0,255.0,255.0
331,16.55,13.568754648249401,2.5005607085203403,-10.420301966980235,0.01506675485118288,-0.10903611766755193,-0.9639695096316198,-0.0005187165748749857,-0.009544068247816775,-0.07680675179692197,0,70,255.0,255.0,255.0
332,16.6,13.569507999707364,2.4950975568700606,-10.46859595083996,0.01508054568980825,-0.10947826197544902,-0.967779843525376,0.0010703501198897993,-0.008141704068066673,-0.07560660395333138,0,70,255.0,255.0,255.0
333,16.650000000000002,13.570264027040627,2.4896140509596116,-10.517078951209571,0.01517378986317186,-0.1098502880743586,-0.9715301700269529,0.0026594168146545846,-0.006739339888316571,-0.07440645610974078,0,70,255.0,255.0,255.0
334,16.7,13.571026702915926,2.484113696699442,-10.56574796771945,0.015346487371273695,-0.11015219596428066,-0.97522048913635,0.004248483509419257,-0.005336975708566569,-0.07320630826615028,0,70,255.0,255.0,255.0
335,16.75,13.5718,2.4786,-10.6146,0.015598638214113782,-0.11038398564521525,-0.9788508008535677,0.005837550204184014,-0.003934611528816023,-0.0720061604225517,0,70,255.0,255.0,255.0
336,16.8,13.57258657218448,2.473075234077501,-10.663632844601395,0.015851115885566362,-0.110619618771298,-0.9824689203659289,0.004261556653918971,-0.00549071351449415,-0.07271862007189364,0,70,255.0,255.0,255.0
337,16.85,13.573383798260599,2.4675367413712155,-10.712847485752969,0.016024793879505686,-0.11093305699666467,-0.9861226628607572,0.0026855631036539285,-0.0070468155001722765,-0.07343107972123557,0,70,255.0,255.0,255.0
338,16.900000000000002,13.574187738244474,2.4619806316261794,-10.762245704603846,0.016119672195931755,-0.11132430032131524,-0.9898120283380526,0.0011095695533888863,-0.008602917485850403,-0.07414353937057751,0,70,255.0,255.0,255.0
339,16.95,13.574994452152232,2.4564030145874294,-10.811829282303146,0.016135750834844576,-0.11179334874524968,-0.9935370167978147,-0.0004664239968760449,-0.010159019471528419,-0.07485599901991938,0,70,255.0,255.0,255.0
340,17.0,13.5758,2.4508,-10.8616,0.01607302979624415,-0.11234020226846805,-0.9972976282400442,-0.0020424175471410733,-0.01171512145720599,-0.0755684586692551,0,70,255.0,255.0,255.0
341,17.05,13.576601463012672,2.4451687551696564,-10.911558654614192,0.015992781606545554,-0.1129014072472541,-1.0010348089046637,-0.001167510040802687,-0.010733077694235357,-0.07391876791552059,0,70,255.0,255.0,255.0
342,17.1,13.577400007250244,2.4395106776450772,-10.961702106148174,0.015956278792163877,-0.1134135100378916,-1.0046895050315963,-0.0002926025344643008,-0.009751033931264724,-0.07226907716178607,0,70,255.0,255.0,255.0
343,17.150000000000002,13.578197819981476,2.4338282225356695,-11.012026230375058,0.015963521353099124,-0.11387651064038058,-1.0082617166208423,0.0005823049718740852,-0.008768990168294091,-0.07061938640805156,0,70,255.0,255.0,255.0
344,17.2,13.57899708847514,2.4281238449508415,-11.06252690306796,0.016014509289351286,-0.114290409054721,-1.0117514436724013,0.0014572124782124096,-0.007786946405323528,-0.06896969565431717,0,70,255.0,255.0,255.0
345,17.25,13.5798,2.4224,-11.1132,0.016109242600920365,-0.1146552052809129,-1.015158686186274,0.00233211998455074,-0.0068049026423523395,-0.06732000490057644,0,70,255.0,255.0,255.0
346,17.3,13.580608375764829,2.416658545243874,-11.164042136941845,0.016225757688268876,-0.11500675223968576,-1.0185278440154408,0.0023284835093896118,-0.007256975708561859,-0.06744630826608998,0,70,255.0,255.0,255.0
347,17.35,13.58142257273843,2.410898948048476,-11.215052889654352,0.016342090951859328,-0.1153809028517691,-1.021903317012883,0.002324847034228483,-0.007709048774771379,-0.06757261163160351,0,70,255.0,255.0,255.0
348,17.400000000000002,13.58224258182962,2.4051200782311417,-11.266232573895937,0.016458242391691726,-0.11577765711716291,-1.0252851051786012,0.0023212105590673547,-0.008161121840980898,-0.06769891499711705,0,70,255.0,255.0,255.0
349,17.45,13.583068393947205,2.3993208056092046,-11.317581505425013,0.01657421200776606,-0.11619701503586716,-1.0286732085125947,0.0023175740839062263,-0.008613194907190385,-0.06782521836263057,0,70,255.0,255.0,255.0
350,17.5,13.5839,2.3935,-11.3691,0.016689999800082345,-0.11663897660788193,-1.0320676270148639,0.002313937608745098,-0.009065267973399016,-0.06795152172813879,0,70,255.0,255.0,255.0
351,17.55,13.584737033928013,2.387657063854848,-11.420787997618442,0.01678418764037896,-0.11707158379400501,-1.0354458150335657,0.001453576003119471,-0.008239019471523844,-0.06717599901993444,0,70,255.0,255.0,255.0
352,17.6,13.585577701796034,2.3817935301610174,-11.472643935234434,0.016835357400394293,-0.11746287855503433,-1.0387852269168574,0.0005932143974938442,-0.007412770969648673,-0.0664004763117301,0,70,255.0,255.0,255.0
353,17.650000000000002,13.586419852700049,2.3759114645397625,-11.524665874041204,0.016843509080128344,-0.11781286089096989,-1.042085862664739,-0.00026714720813178277,-0.006586522467773501,-0.06562495360352574,0,70,255.0,255.0,255.0
354,17.7,13.587261335736041,2.370012932612339,-11.576851875231982,0.01680864267958112,-0.11812153080181167,-1.0453477222772098,-0.0011275088137573486,-0.005760273965898389,-0.06484943089532146,0,70,255.0,255.0,255.0
355,17.75,13.5881,2.3641,-11.6292,0.01673075819875261,-0.1183888882875597,-1.0485708057542709,-0.0019878704193829755,-0.004934025464023106,-0.06407390818711711,0,70,255.0,255.0,255.0
356,17.8,13.588934688523123,2.3581739993367328,-11.681708272584395,0.016669491750223458,-0.11865891258429348,-1.051752895850307,-0.000462787521783104,-0.005866946405327913,-0.06320969565432967,0,70,255.0,255.0,255.0
357,17.85,13.589768220077438,2.352233331307453,-11.73437456940792,0.0166844794465743,-0.11897558292809249,-1.054891775319704,0.0010622953758167675,-0.006799867346632719,-0.06234548312154222,0,70,255.0,255.0,255.0
358,17.900000000000002,13.590604407370193,2.346275663609806,-11.787196729939254,0.016775721287805134,-0.11933889931895675,-1.0579874441624613,0.0025873782734166387,-0.007732788287937526,-0.06148127058875477,0,70,255.0,255.0,255.0
359,17.95,13.591447063108632,2.34029866394144,-11.840172593647054,0.016943217273915952,-0.11974886175688623,-1.0610399023785793,0.004112461171016402,-0.008665709229242266,-0.06061705805596739,0,70,255.0,255.0,255.0
360,18.0,13.5923,2.3343,-11.8933,0.017186967404906776,-0.12020547024188098,-1.064049149968058,0.005637544068616301,-0.009598630170546962,-0.05975284552317994,0,70,255.0,255.0,255.0
361,18.05,13.593165811979505,2.3282781387982188,-11.946577312043992,0.01743384535871973,-0.1206607658688244,-1.0670466015652018,0.004237574083901727,-0.008613194907189934,-0.06014521836257707,0,70,255.0,255.0,255.0
362,18.1,13.594042217894218,2.3222347446091702,-12.000004987133886,0.017610724813296955,-0.12106678973259999,-1.0700636718043157,0.002837604099187151,-0.007627759643832904,-0.0605375912019742,0,70,255.0,255.0,255.0
363,18.150000000000002,13.59492571781918,2.3161722810210112,-12.05358400620179,0.01771760576863845,-0.12142354183320771,-1.0731003606853995,0.0014376341144725756,-0.0066423243804758746,-0.06092996404137134,0,70,255.0,255.0,255.0
364,18.2,13.595812811829427,2.3100932116219024,-12.107315350179793,0.01775448822474421,-0.12173102217064757,-1.076156668208453,3.766412975810072e-05,-0.005656889117118916,-0.06132233688076844,0,70,255.0,255.0,255.0
365,18.25,13.5967,2.304,-12.1612,0.017721372181614254,-0.12198923074491957,-1.0792325943734764,-0.0013623058549564748,-0.0046714538537611094,-0.061714709720163796,0,70,255.0,255.0,255.0
366,18.3,13.597584463558862,2.2978942454703897,-12.215238479239646,0.01765912681489726,-0.12225002394041085,-1.0823006978888656,-0.001127508813723257,-0.005760273965889533,-0.06100943089539682,0,70,255.0,255.0,255.0
367,18.35,13.59846610834569,2.291774090255865,-12.269429482056534,0.017608621300241926,-0.12256525814150854,-1.0853335374630162,-0.0008927117724900391,-0.006849094078017957,-0.06030415207062985,0,70,255.0,255.0,255.0
368,18.400000000000002,13.599345521353088,2.2856368123061457,-12.323771245253598,0.017569855637648256,-0.12293493334821266,-1.0883311130959286,-0.0006579147312568212,-0.00793791419014638,-0.059598873245862875,0,70,255.0,255.0,255.0
369,18.45,13.600223289573655,2.279479689570951,-12.378262005633772,0.017542829827116243,-0.12335904956052315,-1.0912934247876023,-0.00042311769002362004,-0.009026734302274726,-0.05889359442109595,0,70,255.0,255.0,255.0
370,18.5,13.6011,2.2733,-12.4329,0.01752754386864589,-0.1238376067784401,-1.094220472538038,-0.00018832064879048538,-0.010115554414402705,-0.058188315596325424,0,70,255.0,255.0,255.0
371,18.55,13.601976333785046,2.26709607932022,-12.487683170997423,0.01752964738170006,-0.12430713836953125,-1.0970946068793448,0.0002724611709571788,-0.00866570922924226,-0.05677705805594113,0,70,255.0,255.0,255.0
372,18.6,13.60285334872302,2.2608704943673676,-12.542608284639986,0.017554789985741608,-0.12470417770136434,-1.0998981783436321,0.000733242990704843,-0.0072158640440818135,-0.05536580051555685,0,70,255.0,255.0,255.0
373,18.650000000000002,13.603732196768473,2.2546268697544045,-12.597671812783835,0.017602971680770543,-0.12502872477393945,-1.1026311869309005,0.001194024810452507,-0.0057660188589213675,-0.053954542975172555,0,70,255.0,255.0,255.0
374,18.7,13.604614029875949,2.2483688300942952,-12.652870227285122,0.017674192466786857,-0.12528077958725647,-1.1052936326411493,0.0016548066302001386,-0.004316173673761024,-0.05254328543478837,0,70,255.0,255.0,255.0
375,18.75,13.6055,2.2421,-12.7082,0.017768452343790556,-0.12546034214131552,-1.1078855154743792,0.0021155884499477473,-0.002866328488600356,-0.051132027894404075,0,70,255.0,255.0,255.0
376,18.8,13.60639100130095,2.2358230372487284,-12.763658436770665,0.017870283658283942,-0.1256254225814588,-1.1104568745937582,0.001957664129787704,-0.0037368891171315377,-0.05172233688075779,0,70,255.0,255.0,255.0
377,18.85,13.60728689676223,2.2295367322746635,-12.819246179383532,0.01796421875676933,-0.12583403105302868,-1.1130577491624551,0.0017997398096276606,-0.0046074497456627195,-0.0523126458671115,0,70,255.0,255.0,255.0
378,18.900000000000002,13.608187291573028,2.2232389086762345,-12.874964703611068,0.018050257639246715,-0.1260861675560251,-1.1156881391804696,0.0016418154894676173,-0.005478010374193902,-0.05290295485346522,0,70,255.0,255.0,255.0
379,18.95,13.609091790922552,2.216927390051871,-12.930815485225732,0.018128400305716087,-0.12638183209044804,-1.1183480446478014,0.001483891169307585,-0.006348571002725022,-0.05349326383981889,0,70,255.0,255.0,255.0
380,19.0,13.61,2.2106,-12.9868,0.018198646756177463,-0.1267210246562976,-1.1210374655644515,0.001325966849147514,-0.007219131631256648,-0.05408357282617082,0,70,255.0,255.0,255.0
381,19.05,13.610911661011144,2.204254971684866,-13.042919081919921,0.018269217985156305,-0.12707917130463578,-1.1237178947456337,0.0014968823100059837,-0.007106734302270733,-0.053133594421106156,0,70,255.0,255.0,255.0
382,19.1,13.611827064228066,2.197892176533977,-13.099170997825894,0.018348334987178062,-0.12743169808652466,-1.1263508250065621,0.0016677977708644536,-0.006994336973284818,-0.05218361601604148,0,70,255.0,255.0,255.0
383,19.150000000000002,13.612746636939415,2.1915118955406543,-13.155553372771909,0.01843599776224275,-0.12777860500196428,-1.1289362563472378,0.0018387132317229233,-0.006881939644298902,-0.051233637610976816,0,70,255.0,255.0,255.0
384,19.200000000000003,13.61367080643384,2.185114409698221,-13.21206383181195,0.01853220631035036,-0.12811989205095456,-1.1314741887676598,0.002009628692581393,-0.006769542315312987,-0.05028365920591215,0,70,255.0,255.0,255.0
385,19.25,13.6146,2.1787,-13.2687,0.018636960631500884,-0.12845555923349558,-1.1339646222678286,0.0021805441534398506,-0.006657144986327745,-0.049333680800838664,0,70,255.0,255.0,255.0
386,19.3,13.615534354654464,2.1722690760118057,-13.325459635549658,0.018732844401091887,-0.1287778921999977,-1.1364155464237178,0.001654806630200121,-0.006236173673756479,-0.04870328543472694,0,70,255.0,255.0,255.0
387,19.35,13.616472846325506,2.1658225615894278,-13.382341029312903,0.018802441294520897,-0.12907917660087123,-1.1388349508113014,0.0011290691069603914,-0.005815202361185211,-0.04807289006861522,0,70,255.0,255.0,255.0
388,19.400000000000002,13.617414160669314,2.1593615091611453,-13.43934260530132,0.018845751311787926,-0.12935941243611623,-1.1412228354305793,0.0006033315837206618,-0.005394231048613944,-0.047442494702503495,0,70,255.0,255.0,255.0
389,19.450000000000003,13.618356983342082,2.1528869711552425,-13.496462787526491,0.01886277445289297,-0.12961859970573264,-1.1435792002815517,7.759406048093217e-05,-0.004973259736042677,-0.04681209933639177,0,70,255.0,255.0,255.0
390,19.5,13.6193,2.1464,-13.5537,0.018853510717836017,-0.12985673840972045,-1.1459040453642182,-0.0004481434627588432,-0.004552288423470774,-0.04618170397027477,0,70,255.0,255.0,255.0
391,19.55,13.620242120370994,2.1399015242679096,-13.611052775881452,0.018831404410498992,-0.13008125989537547,-1.1482039195594718,-0.00043610883072209267,-0.004428571002729418,-0.04581326383987196,0,70,255.0,255.0,255.0
392,19.6,13.62118315046991,2.1333919771083125,-13.668520084922507,0.018809899834763808,-0.1302995955099934,-1.1504853717482055,-0.00042407419868534214,-0.004304853581988063,-0.04544482370946915,0,70,255.0,255.0,255.0
393,19.650000000000002,13.62212312038333,2.126871667814761,-13.726101006022834,0.01878899699063046,-0.13051174525357429,-1.1527484019304188,-0.00041203956664859155,-0.004181136161246707,-0.04507638357906634,0,70,255.0,255.0,255.0
394,19.700000000000003,13.623062060197833,2.120340905680806,-13.783794618082108,0.018768695878098946,-0.13071770912611808,-1.154993010106112,-0.000400004934611841,-0.004057418740505352,-0.04470794344866354,0,70,255.0,255.0,255.0
395,19.75,13.624,2.1138,-13.8416,0.018748996497169275,-0.1309174871276248,-1.1572191962752851,-0.00038797030257514686,-0.003933701319764449,-0.04433950331826786,0,70,255.0,255.0,255.0
396,19.8,13.624937163861562,2.1072488269165537,-13.899516460924533,0.018741537956918693,-0.13113706821850143,-1.1594407753383908,8.962869255175321e-05,-0.004849542315301139,-0.04452365920595902,0,70,255.0,255.0,255.0
397,19.85,13.625874551794855,2.1006855299773197,-13.957544230997081,0.01875795936642445,-0.13140244135915494,-1.161671562195881,0.0005672276876786533,-0.0057653833108378275,-0.04470781509365019,0,70,255.0,255.0,255.0
398,19.900000000000002,13.626813357797369,2.0941078195798086,-14.01568377060736,0.018798260725686557,-0.13171360654958522,-1.1639115568477558,0.0010448266828055534,-0.006681224306374517,-0.04489197098134135,0,70,255.0,255.0,255.0
399,19.950000000000003,13.627754775866588,2.0875134061215315,-14.073935540145097,0.018862442034705006,-0.13207056378979237,-1.1661607592940153,0.0015224256779324534,-0.007597065301911206,-0.04507612686903252,0,70,255.0,255.0,255.0
400,20.0,13.6287,2.0809,-14.1323,0.0189505032934798,-0.13247331307977633,-1.168419169534659,0.002000024673059292,-0.008512906297447831,-0.04526028275672367,0,70,255.0,255.0,255.0
401,20.05,13.62965002418276,2.074266368065873,-14.190776580420422,0.01905044376181905,-0.13285846723061392,-1.1706249790869854,0.001997594060510527,-0.006893259736054768,-0.042972099336327896,0,70,255.0,255.0,255.0
402,20.1,13.630605042350673,2.0676155029824064,-14.249360591089184,0.019150262699530855,-0.13316263905338183,-1.172716379468292,0.0019951634479617618,-0.005273613174661705,-0.04068391591593212,0,70,255.0,255.0,255.0
403,20.150000000000002,13.631565048427202,2.0609514538660028,-14.308046311547736,0.019249960106615227,-0.1333858285480801,-1.1746933706785787,0.0019927328354129967,-0.0036539666132686423,-0.03839573249553635,0,70,255.0,255.0,255.0
404,20.200000000000003,13.632530036335822,2.054278269833066,-14.366828021337527,0.019349535983072156,-0.13352803571470867,-1.1765559527178455,0.0019903022228642316,-0.0020343200518755785,-0.03610754907514058,0,70,255.0,255.0,255.0
405,20.25,13.6335,2.0476,-14.4257,0.01944899032890164,-0.13358926055326764,-1.1783041255860927,0.0019878716103154392,-0.000414673490482631,-0.03381936565474142,0,70,255.0,255.0,255.0
406,20.3,13.634474739407397,2.0409193008199527,-14.484658017393789,0.019536686995794975,-0.13365306285904247,-1.1800273083136767,0.0015199950654177718,-0.0021374187405100355,-0.03510794344861916,0,70,255.0,255.0,255.0
407,20.35,13.635453278802458,2.034233258093054,-14.543703804646197,0.019600989835443422,-0.13380300242731863,-1.1818149199309547,0.0010521185205201043,-0.0038601639905374396,-0.0363965212424969,0,70,255.0,255.0,255.0
408,20.400000000000002,13.63643444849382,2.027537564956179,-14.602840583201715,0.019641898847846985,-0.13403907925809622,-1.1836669604379264,0.0005842419756224371,-0.005582909240564844,-0.03768509903637464,0,70,255.0,255.0,255.0
409,20.450000000000003,13.637417078790122,2.020827914546203,-14.662071574504822,0.019659414033005664,-0.13436129335137514,-1.185583429834592,0.00011636543072476965,-0.007305654490592248,-0.03897367683025237,0,70,255.0,255.0,255.0
410,20.5,13.6384,2.0141,-14.7214,0.019653535390919467,-0.13476964470715538,-1.1875643281209518,-0.00035151111417278114,-0.009028399740617976,-0.0402622546241318,0,70,255.0,255.0,255.0
411,20.55,13.63938221818765,2.007350828654316,-14.780828150004432,0.01963480825501272,-0.1351852813332184,-1.189553787658283,-0.0003975743220971779,-0.007597065301902119,-0.03931612686911448,0,70,255.0,255.0,255.0
412,20.6,13.640363442439494,2.000582664645377,-14.840354590326033,0.01961377795870975,-0.1355293512373456,-1.1914959408078634,-0.0004436375300215747,-0.0061657308631862615,-0.03836999911409717,0,70,255.0,255.0,255.0
413,20.650000000000002,13.641343557597516,1.9937990863092798,-14.899976955645423,0.01959044450201056,-0.13580185441953702,-1.1933907875696927,-0.0004897007379459714,-0.004734396424470405,-0.037423871359079854,0,70,255.0,255.0,255.0
414,20.700000000000003,13.64232244850369,1.9870036719821218,-14.959692880643209,0.01956480788491515,-0.13600279087979264,-1.1952383279437715,-0.0005357639458703682,-0.003303061985754548,-0.03647774360406254,0,70,255.0,255.0,255.0
415,20.75,13.6433,1.9802,-15.0195,0.019536868107423527,-0.13613216061811245,-1.1970385619300992,-0.0005818271537947894,-0.0018717275470376826,-0.035531615849039966,0,70,255.0,255.0,255.0
416,20.8,13.644276387842003,1.9733909845627835,-15.079395782588495,0.01952407998414952,-0.13622981180808527,-1.198781541053204,7.030222283453777e-05,-0.002034320051875673,-0.03418754907514019,0,70,255.0,255.0,255.0
417,20.85,13.645252951439561,1.9665768833254371,-15.139377034049676,0.01954389832970698,-0.1363355926233,-1.2004573168376131,0.000722431599463865,-0.002196912556713664,-0.032843482301240415,0,70,255.0,255.0,255.0
418,20.900000000000002,13.64623132111612,1.9597572898066993,-15.199440394216614,0.019596323144095908,-0.13644950306375667,-1.2020658892833278,0.0013745609760931923,-0.002359505061551655,-0.031499415527340646,0,70,255.0,255.0,255.0
419,20.950000000000003,13.64721312719512,1.9529317975253073,-15.259582502922369,0.019681354427316302,-0.1365715431294552,-1.2036072583903474,0.0020266903527225194,-0.0025220975663896453,-0.03015534875344087,0,70,255.0,255.0,255.0
420,21.0,13.6482,1.9461,-15.3198,0.019798992179368154,-0.1367017128203956,-1.2050814241586718,0.002678819729351689,-0.0026846900712269584,-0.028811281979534087,0,70,255.0,255.0,255.0
421,21.05,13.649193030444337,1.9392612330945496,-15.380090319641596,0.01991687180837166,-0.13685547143444105,-1.2065360481289145,0.0020363654307885355,-0.0034656544905919185,-0.029373676830172366,0,70,255.0,255.0,255.0
422,21.1,13.650191151802252,1.932413802052873,-15.44045407347527,0.020002628722447013,-0.1370482782694548,-1.2080187918416891,0.0013939111322253822,-0.004246618909956879,-0.029936071680810642,0,70,255.0,255.0,255.0
423,21.150000000000002,13.651192757938002,1.9255557544639212,-15.500892667488142,0.0200562629215942,-0.13728013332543676,-1.2095296552969956,0.0007514568336622288,-0.005027583329321838,-0.03049846653144892,0,70,255.0,255.0,255.0
424,21.200000000000003,13.652196242715831,1.918685137916646,-15.561407507667345,0.020077774405813233,-0.13755103660238696,-1.2110686384948341,0.00010900253509907526,-0.005808547748686799,-0.0310608613820872,0,70,255.0,255.0,255.0
425,21.25,13.6532,1.9118,-15.622,0.02006716317510411,-0.13786098810030545,-1.2126357414352045,-0.0005334517634640878,-0.0065895121680528135,-0.031623256232727215,0,70,255.0,255.0,255.0
426,21.3,13.654202690380641,1.904899283059017,-15.682670938845124,0.02004043278237075,-0.13815630245415064,-1.2141942664311256,-0.0005357639458703601,-0.005223061985754266,-0.030717743604110115,0,70,255.0,255.0,255.0
427,21.35,13.655204041351418,1.89798550846307,-15.743418672049257,0.020013586780517074,-0.13838329429888088,-1.2157075157956154,-0.0005380761282766322,-0.003856611803455717,-0.02981223097549301,0,70,255.0,255.0,255.0
428,21.400000000000002,13.656204047131872,1.891062092337614,-15.80424093583083,0.019986625169543082,-0.13854196363449622,-1.2171754895286748,-0.0005403883106829045,-0.0024901616211571694,-0.028906718346875908,0,70,255.0,255.0,255.0
429,21.450000000000003,13.657202701941555,1.8841324508081052,-15.865135466408269,0.019959547949448785,-0.13863231046099658,-1.2185981876303031,-0.0005427004930891767,-0.0011237114388586208,-0.028001205718258808,0,70,255.0,255.0,255.0
430,21.5,13.6582,1.8772,-15.9261,0.019932355120234172,-0.13865433477838207,-1.2199756101005006,-0.0005450126754953655,0.00024273874343938573,-0.027095693089638218,0,70,255.0,255.0,255.0
431,21.55,13.659196208033098,1.870267234669381,-15.987132324977914,0.019921397062163258,-0.13866331874895582,-1.2213108861465778,0.00010669035265873739,-0.0006020975663894155,-0.026315348753445267,0,70,255.0,255.0,255.0
432,21.6,13.660192682792074,1.8633329640948462,-16.048230438327714,0.019943024155500047,-0.138714544535021,-1.222607144975845,0.0007583933808128402,-0.0014469338762182168,-0.025535004417252316,0,70,255.0,255.0,255.0
433,21.650000000000002,13.661191053534504,1.8563950761856205,-16.109392389188553,0.019997236400244544,-0.13880801213657765,-1.223864386588303,0.0014100964089669432,-0.002291770186047018,-0.024754660081059365,0,70,255.0,255.0,255.0
434,21.700000000000003,13.662192949517955,1.8494514588509299,-16.170616226699597,0.020084033796396745,-0.13894372155362572,-1.225082610983951,0.002061799437121046,-0.0031366064958758193,-0.023974315744866415,0,70,255.0,255.0,255.0
435,21.75,13.6632,1.8425,-16.2319,0.020203416343956643,-0.13912167278616522,-1.2262618181627896,0.0027135024652751305,-0.003981442805704116,-0.023193971408666414,0,70,255.0,255.0,255.0
436,21.8,13.664213277486974,1.8355389782634584,-16.293242161243224,0.02032197896896674,-0.13931842255002502,-1.2274261889825588,0.002029002535128689,-0.0038885477486872754,-0.023380861382104715,0,70,255.0,255.0,255.0
437,21.85,13.665231627480287,1.828568235157545,-16.3546427746399,0.020406316597469516,-0.13951052756103396,-1.228599904301,0.0013445026049822477,-0.0037956526916704345,-0.023567751355543017,0,70,255.0,255.0,255.0
438,21.900000000000002,13.666253338730112,1.8215880029199023,-16.416102307414967,0.020456429229464966,-0.13969798781919207,-1.2297829641181133,0.0006600026748358064,-0.0037027576346535932,-0.023754641328981314,0,70,255.0,255.0,255.0
439,21.950000000000003,13.667276699986626,1.8145985137881728,-16.477621226793364,0.020472316864953096,-0.13988080332449931,-1.2309753684338982,-2.4497255310635107e-05,-0.0036098625776367524,-0.023941531302419616,0,70,255.0,255.0,255.0
440,22.0,13.6683,1.8076,-16.5392,0.020453979503933902,-0.14005897407695572,-1.232177117248355,-0.0007089971854571109,-0.003516967520619474,-0.024128421275850798,0,70,255.0,255.0,255.0
441,22.05,13.669321882019004,1.8005928522767856,-16.6008382300492,0.020422687061971097,-0.14022299105094277,-1.2333363579232064,-0.0005427004930550404,-0.0030437114388628325,-0.022241205718201203,0,70,255.0,255.0,255.0
442,22.1,13.670342407286773,1.7935780952749738,-16.662532063112693,0.020399709454628396,-0.140363345220842,-1.2344012378201752,-0.0003764038006529699,-0.0025704553571061915,-0.020353990160551606,0,70,255.0,255.0,255.0
443,22.150000000000002,13.671361991545043,1.786556912134769,-16.724276781151588,0.0203850466819058,-0.1404800365866534,-1.2353717569392615,-0.00021010710825089941,-0.0020971992753495506,-0.01846677460290201,0,70,255.0,255.0,255.0
444,22.200000000000003,13.672381050535542,1.7795304859963763,-16.78606766612699,0.020378698743803308,-0.14057306514837697,-1.2362479152804655,-4.3810415848828926e-05,-0.0016239431935929092,-0.016579559045252417,0,70,255.0,255.0,255.0
445,22.25,13.6734,1.7725,-16.8479,0.020380665640320914,-0.1406424309060127,-1.2370297128437868,0.000122486276553202,-0.0011506871118367457,-0.014692343487606507,0,70,255.0,255.0,255.0
446,22.3,13.674419194437014,1.7654664126293995,-16.909770518559988,0.02038727278316118,-0.1407016132462054,-1.2378043793245983,0.00014179943705732194,-0.0012166064958718092,-0.016294315744850275,0,70,255.0,255.0,255.0
447,22.35,13.675438743372617,1.7584297837425593,-16.971681772909342,0.020394845584026645,-0.14076409155559985,-1.2386591444182717,0.0001611125975614419,-0.0012825258799068725,-0.017896288002094043,0,70,255.0,255.0,255.0
448,22.400000000000002,13.676458695089716,1.7513899485410194,-17.0336377679787,0.020403384042917323,-0.1408298658341961,-1.2395940081248078,0.00018042575806556188,-0.0013484452639419358,-0.019498260259337808,0,70,255.0,255.0,255.0
449,22.450000000000003,13.67747909787121,1.7443467422263192,-17.095642508698706,0.0204128881598332,-0.14089893608199408,-1.2406089704442056,0.00019973891856968183,-0.0014143646479769993,-0.021100232516581576,0,70,255.0,255.0,255.0
450,22.5,13.6785,1.7373,-17.1577,0.02042335793477429,-0.14097130229899382,-1.2417040313764658,0.00021905207907380042,-0.00148028403201228,-0.022702204773821677,0,70,255.0,255.0,255.0
451,22.55,13.679521340232947,1.7302494972056162,-17.219812495710844,0.020428221805369223,-0.14105055596423505,-1.2427741247783737,-2.4497255276537816e-05,-0.0016898625776366613,-0.020101531302491756,0,70,255.0,255.0,255.0
452,22.6,13.68054261922276,1.7231947697547882,-17.281975245249942,0.020420908209246635,-0.14114028855675748,-1.243714184506715,-0.00026804658962687605,-0.0018994411232610424,-0.017500857831161835,0,70,255.0,255.0,255.0
453,22.650000000000002,13.681563228096094,1.7161352937011523,-17.344181746933625,0.020401417146406534,-0.14124050007656117,-1.2445242105614898,-0.0005115959239772143,-0.0021090196688854238,-0.014900184359831915,0,70,255.0,255.0,255.0
454,22.700000000000003,13.68258255797962,1.709070545098344,-17.406425499078203,0.020369748616848912,-0.14135119052364603,-1.2452042029426982,-0.0007551452583275525,-0.0023185982145098047,-0.012299510888501994,0,70,255.0,255.0,255.0
455,22.75,13.6836,1.702,-17.4687,0.020325902620573776,-0.14147235989801213,-1.24575416165034,-0.0009986945926780677,-0.002528176760134171,-0.00969883741717581,0,70,255.0,255.0,255.0
456,22.8,13.684615444631195,1.694923598548135,-17.531000298596634,0.020299839995361453,-0.14157616289685532,-1.2462671215619012,-4.381041581480753e-05,-0.0016239431935930564,-0.010819559045269517,0,70,255.0,255.0,255.0
457,22.85,13.685630779736352,1.6878431372382865,-17.593327646090884,0.020321521578992297,-0.14163475421737146,-1.246836117554867,0.0009110737610484526,-0.0007197096270519419,-0.011940280673363222,0,70,255.0,255.0,255.0
458,22.900000000000002,13.686648392525909,1.68076087665437,-17.65568484428681,0.020390947371466298,-0.14164813385956052,-1.2474611496292376,0.0018659579379117128,0.00018452393948917246,-0.01306100230145693,0,70,255.0,255.0,255.0
459,22.950000000000003,13.687670670210311,1.6736790773803023,-17.71807469498849,0.02050811737278347,-0.1416163018234225,-1.2481422177850128,0.002820842114774973,0.0010887575060302872,-0.014181723929550635,0,70,255.0,255.0,255.0
460,23.0,13.6887,1.6666,-17.7805,0.02067303158294379,-0.1415392581089575,-1.2488793220221923,0.0037757262916381096,0.001992991072570671,-0.015302445557638933,0,70,255.0,255.0,255.0
461,23.05,13.689737681242274,1.6595249086018427,-17.842962309902624,0.02082041821319717,-0.1414767924483427,-1.2495973889740466,0.002119738918496987,0.0005056353520224166,-0.013420232516527948,0,70,255.0,255.0,255.0
462,23.1,13.690780661831843,1.6524510812920652,-17.905458170386538,0.02088500547479349,-0.14148869457375526,-1.250221345273845,0.0004637515453558643,-0.000981720368525838,-0.011538019475416963,0,70,255.0,255.0,255.0
463,23.150000000000002,13.691824801800275,1.6453747996813666,-17.96798287591914,0.020866793367732756,-0.14157496448519524,-1.2507511909215883,-0.0011922358277852577,-0.0024690760890740925,-0.009655806434305978,0,70,255.0,255.0,255.0
464,23.200000000000003,13.692865961179137,1.6382923453804452,-18.03053172096783,0.020765781892014962,-0.14173560218266268,-1.2511869259172756,-0.002848223200926381,-0.003956431809622347,-0.007773593393194993,0,70,255.0,255.0,255.0
465,23.25,13.6939,1.6312,-18.0931,0.020581971047640132,-0.1419706076661575,-1.251528550260908,-0.004504210574067358,-0.005443787530169164,-0.005891380352085918,0,70,255.0,255.0,255.0
466,23.3,13.694924230399712,1.6240951670444943,-18.155684061792876,0.020402487151831218,-0.14221266730977455,-1.2518393225419213,-0.0026751452582890207,-0.004238598214513161,-0.006539510888449494,0,70,255.0,255.0,255.0
467,23.35,13.69594177293628,1.616979737593452,-18.218284472362974,0.020314456521811228,-0.1423944674876088,-1.2521825013497527,-0.0008460799425106837,-0.0030334088988571584,-0.00718764142481307,0,70,255.0,255.0,255.0
468,23.400000000000002,13.696957200272989,1.6098567246201627,-18.280902852036633,0.02031787915758015,-0.14251600819966026,-1.2525580866844026,0.0009829853732676534,-0.0018282195832011556,-0.007835771961176647,0,70,255.0,255.0,255.0
469,23.450000000000003,13.697975085073136,1.6027291410979154,-18.343540821140195,0.020412755059137994,-0.14257728944592893,-1.2529660785458705,0.0028120506890459904,-0.0006230302675451528,-0.008483902497540222,0,70,255.0,255.0,255.0
470,23.5,13.699,1.5956,-18.4062,0.02059908422648474,-0.1425783112264148,-1.2534064769341566,0.0046411160048242805,0.0005821590481107641,-0.009132033033896647,0,70,255.0,255.0,255.0
471,23.55,13.700034997158875,1.58847202322018,-18.468881442925873,0.020785633179475578,-0.14253653831256105,-1.2538453208582447,0.0028208421148089875,0.0010887575060381032,-0.008421723929625802,0,70,255.0,255.0,255.0
472,23.6,13.70107704642304,1.5813467683341251,-18.53158394016157,0.020881168437965645,-0.14246943547581098,-1.2542486493271192,0.0010005682247936948,0.0015953559639654423,-0.007711414825354959,0,70,255.0,255.0,255.0
473,23.650000000000002,13.702121597107764,1.5742255018379803,-18.594305715934333,0.02088569000195495,-0.14237700271616452,-1.2546164623407803,-0.0008197056652215979,0.0021019544218927816,-0.007001105721084114,0,70,255.0,255.0,255.0
474,23.700000000000003,13.703164098528326,1.5671094902278901,-18.657044994471395,0.020799197871443482,-0.1422592400336217,-1.2549487598992277,-0.002639979555236891,0.0026085528798201205,-0.00629079661681327,0,70,255.0,255.0,255.0
475,23.75,13.7042,1.56,-18.7198,0.02062169204643127,-0.14211614742818252,-1.2552455420024613,-0.004460253445252055,0.003115151337748312,-0.005580487512537147,0,70,255.0,255.0,255.0
476,23.8,13.705226180964782,1.552897540074785,-18.78256856650363,0.020438980130275956,-0.14199317943997947,-1.255483394025105,-0.0028482232009603586,0.0018035681903737092,-0.003933593393206158,0,70,255.0,255.0,255.0
477,23.85,13.706245241371565,1.5457995890700458,-18.845346966990743,0.02033686972633523,-0.14193579060914513,-1.255638901341782,-0.0012361929566686624,0.0004919850429991064,-0.002286699273875168,0,70,255.0,255.0,255.0
478,23.900000000000002,13.707261211295954,1.5387028680279142,-18.908131084226042,0.020315360834609088,-0.14194398093567956,-1.2557120639524924,0.0003758372876230343,-0.0008195981043754965,-0.000639805154544178,0,70,255.0,255.0,255.0
479,23.950000000000003,13.708278120813562,1.5316040979905217,-18.970916800974233,0.020374453455097533,-0.1420177504195827,-1.2557028818572364,0.00198786753191473,-0.0021311812517500993,0.001007088964786811,0,70,255.0,255.0,255.0
480,24.0,13.7093,1.5245,-19.0337,0.02051414758780055,-0.14215709906085455,-1.255611355056014,0.0035998977762064233,-0.003442764399124165,0.0026539830841123546,0,70,255.0,255.0,255.0
481,24.05,13.710329878981993,1.5173882164806798,-19.096477891059607,0.02067444629943101,-0.14230674392752138,-1.2555171030413483,0.002812050689011863,-0.0025430302675492605,0.0011160975025063416,0,70,255.0,255.0,255.0
482,24.1,13.711366788090704,1.5102700753856908,-19.159252991875455,0.02079535265670174,-0.14241140208760947,-1.2554997453057632,0.0020242036018173035,-0.0016432961359743557,-0.00042178807909967145,0,70,255.0,255.0,255.0
483,24.150000000000002,13.712408757708422,1.5031478260503617,-19.222029147161503,0.020876866659612744,-0.14247107354111882,-1.2555592818492585,0.0012363565146227438,-0.000743562004399451,-0.001959673660705684,0,70,255.0,255.0,255.0
484,24.200000000000003,13.713453818217427,1.4960237178100215,-19.284810201631696,0.020918988308164018,-0.1424857582880494,-1.255695712671834,0.0004485094274281837,0.00015617212717545376,-0.0034975592423116975,0,70,255.0,255.0,255.0
485,24.25,13.7145,1.4889,-19.3476,0.020921717602355568,-0.1424554563284013,-1.2559090377734896,-0.00033933765976618124,0.0010559062587498502,-0.0050354448239211536,0,70,255.0,255.0,255.0
486,24.3,13.715545503107252,1.4817783940024951,-19.410400669257953,0.020895234671981237,-0.1424118448499368,-1.256096193809508,-0.0007199795552071452,0.0006885528798289134,-0.0024507966168193806,0,70,255.0,255.0,255.0
487,24.35,13.716589206265617,1.4746585093871902,-19.473207465507446,0.020849719646834852,-0.1423866010404184,-1.2561541174351716,-0.001100621450648109,0.00032119950090797665,0.00013385159028239235,0,70,255.0,255.0,255.0
488,24.400000000000002,13.717630157870357,1.4675394277706373,-19.536013927127968,0.02078517252691642,-0.14237972489984602,-1.2560828086504798,-0.001481263346089073,-4.615387801296003e-05,0.0027184997973841657,0,70,255.0,255.0,255.0
489,24.450000000000003,13.71866740631673,1.4604202307693896,-19.598813592498992,0.020701593312225944,-0.14239121642821967,-1.255882267455433,-0.001861905241530037,-0.0004135072569338969,0.005303148004485938,0,70,255.0,255.0,255.0
490,24.5,13.7197,1.4533,-19.6616,0.020598982002763427,-0.1424210756255394,-1.2555524938500315,-0.0022425471369708905,-0.0007808606358548076,0.007887796211585751,0,70,255.0,255.0,255.0
491,24.55,13.720727308588994,1.4461782075093381,-19.72436823190859,0.020496615012638095,-0.14244587667272965,-1.2551861217206226,-0.0018521324680422669,-0.00021118125175422517,0.006767088964771146,0,70,255.0,255.0,255.0
492,24.6,13.72174998684682,1.4390558870655472,-19.787119546094768,0.020413768755959197,-0.14244219375071482,-1.2548757849535546,-0.0014617177991136433,0.00035849813234635724,0.00564638171795654,0,70,255.0,255.0,255.0
493,24.650000000000002,13.722769010810147,1.4319344628670867,-19.849856744326654,0.02035044323272673,-0.142410026859495,-1.254621483548827,-0.0010713031301850195,0.0009281775164469395,0.004525674471141935,0,70,255.0,255.0,255.0
494,24.700000000000003,13.72378535651565,1.4248153591124173,-19.912582628372363,0.020306638442940693,-0.14234937599907013,-1.25442321750644,-0.0006808884612563959,0.001497856900547522,0.0034049672243273293,0,70,255.0,255.0,255.0
495,24.75,13.7248,1.4177,-19.9753,0.020282354386601087,-0.14226024116944028,-1.2542809868263942,-0.0002904737923278833,0.0020675362846473977,0.0022842599775128036,0,70,255.0,255.0,255.0
496,24.8,13.725814062536765,1.4105895759601512,-20.03801040310769,0.020286305277477743,-0.14215664845914472,-1.254119319308013,0.00044850942739417196,0.0020761721271748803,0.004182440757737665,0,70,255.0,255.0,255.0
497,24.85,13.726829246347098,1.4034843423506207,-20.100710350113484,0.020327205329340504,-0.14205262395672277,-1.2538627427506206,0.0011874926471162272,0.002084807969702363,0.006080621537962526,0,70,255.0,255.0,255.0
498,24.900000000000002,13.72784739888905,1.3963843207610143,-20.163395095565434,0.02040505454218937,-0.14194816766217447,-1.2535112571542166,0.0019264758668382826,0.0020934438122298454,0.007978802318187386,0,70,255.0,255.0,255.0
499,24.950000000000003,13.728870367620667,1.3892895327809385,-20.226059894011595,0.020519852916024338,-0.1418432795754998,-1.2530648625188017,0.0026654590865603377,0.002102079654757328,0.009876983098412248,0,70,255.0,255.0,255.0
500,25.0,13.7299,1.3822,-20.2887,0.020671600450845394,-0.14173795969669878,-1.2525235588443753,0.0034044423062823403,0.0021107154972845876,0.01177516387863875,0,70,255.0,255.0,255.0
501,25.05,13.730937241263947,1.3751154886500558,-20.351311755660653,0.02080616387746313,-0.14164752949069,-1.2519526010472992,0.0019780947584269754,0.0015064927430660817,0.011063148004402014,0,70,255.0,255.0,255.0
502,25.1,13.731979427764792,1.3680347435319689,-20.41389585345129,0.020869409926688093,-0.14158731042239217,-1.251417244043935,0.0005517472105716109,0.0009022699888475755,0.010351132130165277,0,70,255.0,255.0,255.0
503,25.150000000000002,13.73302299363366,1.3609562540888545,-20.47645407341161,0.02086133859852029,-0.14155730249180526,-1.2509174878342826,-0.0008746003372837536,0.0002980472346290695,0.00963911625592854,0,70,255.0,255.0,255.0
504,25.200000000000003,13.734064373001686,1.3538785097638264,-20.538988195581286,0.020781949892959718,-0.14155750569892925,-1.2504533324183422,-0.0023009478851391185,-0.0003061755195894367,0.008927100381691803,0,70,255.0,255.0,255.0
505,25.25,13.7351,1.3468,-20.6015,0.02063124381000639,-0.1415879200437642,-1.2500247777961135,-0.0037272954329944374,-0.0009103982738070115,0.008215084507451564,0,70,255.0,255.0,255.0
506,25.3,13.736127372407445,1.3397196694396256,-20.663990574249706,0.02047303921265108,-0.14162123357809578,-1.2495902765028177,-0.0026008884612178937,-0.00042214309945655534,0.009164967224380418,0,70,255.0,255.0,255.0
507,25.35,13.737148242593742,1.3326382835215023,-20.726458236081356,0.020371154963884596,-0.14163013435370986,-1.2491082810736753,-0.0014744814894413496,6.611207489390088e-05,0.010114849941309272,0,70,255.0,255.0,255.0
508,25.400000000000002,13.73816542657631,1.3255570628835662,-20.788900610788144,0.02032559106370694,-0.14161462237060637,-1.248578791508687,-0.0003480745176648054,0.0005543672492443572,0.011064732658238126,0,70,255.0,255.0,255.0
509,25.450000000000003,13.739181740372587,1.3184772281637531,-20.851315323663297,0.020336347512118113,-0.1415746976287854,-1.2480018078078516,0.0007783324541117383,0.0010426224235948133,0.01201461537516698,0,70,255.0,255.0,255.0
510,25.5,13.7402,1.3114,-20.9137,0.02040342430911811,-0.14151036012824691,-1.2473773299711701,0.0019047394258882022,0.001530877597945235,0.012964498092092214,0,70,255.0,255.0,255.0
511,25.55,13.741222069106264,1.304326633591442,-20.976052347340524,0.02046967927193029,-0.14141953619692915,-1.2467102929414076,0.000745459086598871,0.002102079654765462,0.013716983098404268,0,70,255.0,255.0,255.0
512,25.6,13.742246001860241,1.2972585223820206,-21.0383704022233,0.020477970217778,-0.14130015216277036,-1.2460056316613297,-0.0004138212526904601,0.0026732817115856893,0.01446946810471632,0,70,255.0,255.0,255.0
513,25.650000000000002,13.743268900061093,1.2901970943768786,-21.100652283435817,0.02042829714666124,-0.14115220802577058,-1.245263346130936,-0.0015731015919797915,0.003244483768405917,0.015221953111028374,0,70,255.0,255.0,255.0
514,25.700000000000003,13.744287865507962,1.2831437775811576,-21.16289610976556,0.020320660058580017,-0.14097570378592977,-1.2444834363502266,-0.0027323819312691225,0.003815685825226144,0.015974438117340426,0,70,255.0,255.0,255.0
515,25.75,13.7453,1.2761,-21.2251,0.020155058953534342,-0.14077063944324797,-1.2436659023192023,-0.0038916622705585102,0.004386887882047219,0.016726923123654203,0,70,255.0,255.0,255.0
516,25.8,13.7463035511675,1.2690665961946062,-21.2872624363882,0.020000243699640194,-0.14057262163418652,-1.242832551731569,-0.0023009478852073213,0.003533824480410873,0.01660710038167501,0,70,255.0,255.0,255.0
517,25.85,13.747301349965285,1.2620420269504131,-21.349383355025445,0.019924964165013607,-0.14041725699520688,-1.2420051922810347,-0.0007102334998561324,0.0026807610787745275,0.016487277639695815,0,70,255.0,255.0,255.0
518,25.900000000000002,13.748297373179321,1.2550241596089173,-21.411463055468587,0.01992922034965458,-0.14030454552630905,-1.2411838239675994,0.0008804808854950561,0.0018276976771381816,0.016367454897716623,0,70,255.0,255.0,255.0
519,25.950000000000003,13.749295597595571,1.2480108615116141,-21.473501837274494,0.02001301225356311,-0.14023448722749304,-1.240368446791263,0.0024711952708462454,0.000974634275501836,0.016247632155737428,0,70,255.0,255.0,255.0
520,26.0,13.7503,1.241,-21.5355,0.02017633987673919,-0.14020708209875887,-1.2395590607520257,0.004061909656197182,0.00012157087386555077,0.01612780941375469,0,70,255.0,255.0,255.0
521,26.05,13.75131332622374,1.2339901816301335,-21.59745710710668,0.020345345929497653,-0.14017797726632258,-1.2387115001323015,0.0026983324541412753,0.0010426224235860946,0.01777461537521854,0,70,255.0,255.0,255.0
522,26.1,13.752333398278614,1.2269829698163257,-21.659369777674925,0.02044617312215332,-0.14010281985640027,-1.2377815992145038,0.0013347552520853677,0.0019636739733066384,0.01942142133668239,0,70,255.0,255.0,255.0
523,26.150000000000002,13.753356807221618,1.2199806671874511,-21.721233894689835,0.02047882145470619,-0.1399816098689919,-1.2367693579986332,-2.882194997053892e-05,0.002884725523027182,0.02106822729814624,0,70,255.0,255.0,255.0
524,26.200000000000003,13.75438014410975,1.2129855763723845,-21.783045341136493,0.020443290927156268,-0.13981434730409753,-1.2356747764846892,-0.0013923991520264469,0.003805777072747726,0.02271503325961009,0,70,255.0,255.0,255.0
525,26.25,13.7554,1.206,-21.8448,0.020339581539503552,-0.13960103216171713,-1.2344978546726721,-0.00275597635408234,0.0047268286224688705,0.024361839221077375,0,70,255.0,255.0,255.0
526,26.3,13.756413543937542,1.1990254772848596,-21.90649473518507,0.020202372582370617,-0.13938746930052465,-1.2332974477392138,-0.002732381931234978,0.0038156858252308503,0.023654438117256038,0,70,255.0,255.0,255.0
527,26.35,13.757420256920255,1.1920604937842831,-21.968130334274843,0.02006634334638005,-0.13921946357919404,-1.2321324108609464,-0.002708787508387616,0.00290454302799283,0.022947037013434705,0,70,255.0,255.0,255.0
528,26.400000000000002,13.758420197934198,1.1851027716412759,-22.029708565772086,0.019931493831531852,-0.13909701499772537,-1.2310027440378704,-0.002685193085540254,0.0019934002307548104,0.022239635909613368,0,70,255.0,255.0,255.0
529,26.450000000000003,13.759413425965429,1.178150032998846,-22.09123119817955,0.019797824037826022,-0.13902012355611856,-1.2299084472699853,-0.002661598662692892,0.0010822574335167903,0.02153223480579203,0,70,255.0,255.0,255.0
530,26.5,13.7604,1.1712,-22.1527,0.01966533396526257,-0.1389887892543737,-1.228849520557291,-0.002638004239845504,0.00017111463627816903,0.020824833701972523,0,70,255.0,255.0,255.0
531,26.55,13.761380498026094,1.1642511092304262,-22.214115952153044,0.0195651637410361,-0.1389601455315791,-1.2277787089108467,-0.0013688047292131507,0.0009746342755058927,0.022007632155789752,0,70,255.0,255.0,255.0
532,26.6,13.762357574040363,1.1573046550465413,-22.27547688522571,0.019528453492341256,-0.1388913258268231,-1.2266487573417117,-9.960521858079757e-05,0.0017781539147336163,0.02319043060960698,0,70,255.0,255.0,255.0
533,26.650000000000002,13.763334401041588,1.1503626462474432,-22.336779842221844,0.019555203219178023,-0.13878233014010571,-1.225459665849886,0.0011695942920515552,0.00258167355396134,0.024373229063424214,0,70,255.0,255.0,255.0
534,26.700000000000003,13.76431415202854,1.1434270916322298,-22.39802186614532,0.019645412921546413,-0.13863315847142696,-1.2242114344353696,0.002438793802683909,0.0033851931931890636,0.025556027517241443,0,70,255.0,255.0,255.0
535,26.75,13.7653,1.1365,-22.4592,0.0197990825994464,-0.13844381082078683,-1.222904063098162,0.003707993313315977,0.004188712832417174,0.026738825971055036,0,70,255.0,255.0,255.0
536,26.8,13.766294063958087,1.1295828857934345,-22.52031185620274,0.01995297245347927,-0.13824394857315778,-1.2215717166173956,0.0024476008479986534,0.0038057770727441156,0.026555033259600687,0,70,255.0,255.0,255.0
537,26.85,13.767294246918294,1.1226752860295508,-22.581357324822335,0.02004384268424627,-0.1380632331135124,-1.220248559772202,0.0011872083826813293,0.0034228413130710567,0.02637124054814634,0,70,255.0,255.0,255.0
538,26.900000000000002,13.768297397899456,1.1157762433689502,-22.642336865340553,0.020071693291747406,-0.13790166444185067,-1.218934592562581,-7.318408263599484e-05,0.0030399055533979983,0.026187447836691993,0,70,255.0,255.0,255.0
539,26.950000000000003,13.769300365920413,1.1088848004722327,-22.703250937239186,0.02003652427598267,-0.1377592425581726,-1.2176298149885327,-0.0013335765479533185,0.0026569697937249394,0.026003655125237647,0,70,255.0,255.0,255.0
540,27.0,13.7703,1.102,-22.7641,0.01993833563695208,-0.1376359674624782,-1.2163342270500572,-0.0025939690132707194,0.0022740340340519083,0.025819862413783312,0,70,255.0,255.0,255.0
541,27.05,13.771293646141562,1.095121347595835,-22.824883823035993,0.019806946445052986,-0.13750406017578898,-1.215006424619568,-0.0026615986626928943,0.0030022574335161526,0.027292234805781156,0,70,255.0,255.0,255.0
542,27.1,13.772280638286464,1.088250200835254,-22.885599415484965,0.01967217577068279,-0.13733574171912658,-1.2136050035694792,-0.0027292283121150692,0.003730480832980397,0.028764607197779,0,70,255.0,255.0,255.0
543,27.150000000000002,13.773260807360588,1.081388380276755,-22.946243096415948,0.01953402361384148,-0.13713101209249096,-1.2121299638997902,-0.002796857961537244,0.004458704232444641,0.030236979589776843,0,70,255.0,255.0,255.0
544,27.200000000000003,13.774233984289808,1.0745377064788375,-23.006811184897952,0.019392489974529057,-0.1368898712958821,-1.2105813056105013,-0.002864487610959419,0.0051869276319088855,0.031709351981774686,0,70,255.0,255.0,255.0
545,27.25,13.7752,1.0677,-23.0673,0.019247574852745537,-0.13661231932930004,-1.2089590287016128,-0.002932117260381728,0.0059151510313733,0.03318172437377953,0,70,255.0,255.0,255.0
546,27.3,13.776159351475671,1.060876523823225,-23.127706451653303,0.019139241766302457,-0.136331810723686,-1.2072985849043376,-0.0014012061973413985,0.005305193193188931,0.033236027517224896,0,70,255.0,255.0,255.0
547,27.35,13.77711519993585,1.054066310629433,-23.188029813237815,0.019107454233011398,-0.13608180000998113,-1.20563542594989,0.00012970486569893096,0.004695235355004561,0.03329033066067027,0,70,255.0,255.0,255.0
548,27.400000000000002,13.778071372658191,1.047267835524028,-23.248269948995677,0.01915221225287235,-0.13586228718818552,-1.2039695518382705,0.0016606159287392607,0.0040852775168201926,0.033344633804115634,0,70,255.0,255.0,255.0
549,27.450000000000003,13.779031696920356,1.0404795736124155,-23.308426723169024,0.019273515825885323,-0.13567327225829912,-1.2023009625694787,0.00319152699177959,0.003475319678635823,0.033398936947561,0,70,255.0,255.0,255.0
550,27.5,13.78,1.0337,-23.3685,0.019471364952050298,-0.13551475522032194,-1.2006296581435145,0.0047224380548197,0.002865361840452385,0.033453240091006364,0,70,255.0,255.0,255.0
551,27.55,13.780978547955753,1.026927757111265,-23.428489570350802,0.01965208648972344,-0.1353766969294675,-1.1989512357631071,0.002506423452105901,0.0026569697937252694,0.03368365512528655,0,70,255.0,255.0,255.0
552,27.6,13.781963361970137,1.0201621566470143,-23.488394931563782,0.019722007297260893,-0.1352490582409494,-1.197261292630986,0.00029040884939210247,0.002448577746998154,0.03391407015956674,0,70,255.0,255.0,255.0
553,27.650000000000002,13.782948902006643,1.013402677627131,-23.54821550760137,0.01968112737466265,-0.13513183915476767,-1.1955598287471505,-0.0019256057533216962,0.0022401857002710378,0.03414448519384693,0,70,255.0,255.0,255.0
554,27.700000000000003,13.783929628028767,1.0066487990714983,-23.607950722425976,0.01952944672192872,-0.1350250396709223,-1.193846844111601,-0.004141620356035495,0.002031793653543922,0.034374900228127114,0,70,255.0,255.0,255.0
555,27.75,13.7849,0.9999,-23.6676,0.019266965339059115,-0.13492865978941326,-1.1921223387243378,-0.00635763495874922,0.0018234016068179315,0.034605315262403735,0,70,255.0,255.0,255.0
556,27.8,13.785856056701316,0.993156447731715,-23.72716246694351,0.018988412274815653,-0.13480140155844503,-1.1903684720432335,-0.004784487610989091,0.003266927631911563,0.03554935198176709,0,70,255.0,255.0,255.0
557,27.85,13.786800152183606,0.9864210627825095,-23.786636060507057,0.0187885165779602,-0.1346019670262221,-1.188567403526161,-0.003211340263228962,0.004710453657005195,0.03649338870113044,0,70,255.0,255.0,255.0
558,27.900000000000002,13.787736219315235,0.9796974539674468,-23.84601842059886,0.018667278248492753,-0.1343303561927445,-1.1867191331731204,-0.0016381929154688328,0.006153979682098827,0.037437425420493796,0,70,255.0,255.0,255.0
559,27.950000000000003,13.788668190964579,0.9729892301015891,-23.905307187127107,0.018624697286413312,-0.13398656905801223,-1.1848236609841116,-6.504556770870439e-05,0.007597505707192457,0.038381462139857145,0,70,255.0,255.0,255.0
560,28.0,13.7896,0.9663,-23.9645,0.01866077369172188,-0.13357060562202525,-1.182880986959135,0.0015081017800513408,0.009041031732286653,0.03932549885922221,0,70,255.0,255.0,255.0
561,28.05,13.790534825238984,0.9596320519618751,-24.023594961875183,0.01873026441101691,-0.13316169683675216,-1.1809188760639657,0.001271526991749835,0.007315319678635676,0.03915893694755006,0,70,255.0,255.0,255.0
562,28.1,13.791472829295444,0.9529823922229466,-24.082592026407994,0.018787926390896863,-0.13283907365416167,-1.17896509326438,0.0010349522034483294,0.0055896076249847,0.03899237503587791,0,70,255.0,255.0,255.0
563,28.150000000000002,13.792413420732416,0.9463467065030806,-24.141491610003214,0.018833759631361746,-0.1326027360742537,-1.177019638560378,0.0007983774151468236,0.0038638955713337243,0.03882581312420576,0,70,255.0,255.0,255.0
564,28.200000000000003,13.793356008112925,0.9397206805221431,-24.200294129065625,0.01886776413241155,-0.1324526840970283,-1.1750825119519592,0.0005618026268453179,0.0021381835176827475,0.03865925121253361,0,70,255.0,255.0,255.0
565,28.25,13.7943,0.9331,-24.259,0.018889939894046272,-0.13238891772248543,-1.1731537134391243,0.0003252278385437457,0.00041247146403144974,0.03849268930085614,0,70,255.0,255.0,255.0
566,28.3,13.795244642342753,0.9264817444207846,-24.317608885555778,0.01889053008110961,-0.13232781109454608,-1.1711880237008985,-0.0003016203560102937,0.0020317936535420916,0.040134900228176944,0,70,255.0,255.0,255.0
567,28.35,13.796188530634614,0.9198685683257032,-24.376117433860987,0.018859777858445243,-0.13218573835713124,-1.1691402234163064,-0.0009284685505643331,0.003651115843052734,0.04177711115549774,0,70,255.0,255.0,255.0
568,28.400000000000002,13.797130097755101,0.9132645200202294,-24.434521539388303,0.018797683226053175,-0.1319626995102408,-1.1670103125853486,-0.0015553167451183725,0.005270438032563376,0.04341932208281854,0,70,255.0,255.0,255.0
569,28.450000000000003,13.798067776583725,0.9066736478098368,-24.492817096610413,0.018704246183933404,-0.13165869455387486,-1.1647982912080248,-0.002182164939672412,0.006889760222074018,0.045061533010139335,0,70,255.0,255.0,255.0
570,28.5,13.799,0.9001,-24.551,0.018579466732085943,-0.13127372348803346,-1.162504159284335,-0.002809013134226268,0.008509082411584323,0.046703743937451137,0,70,255.0,255.0,255.0
571,28.55,13.799925805390005,0.8935465703549859,-24.60906709590171,0.018459615264537682,-0.13087105878506394,-1.1601850291324045,-0.001985045567704224,0.007597505707195027,0.046061462139769194,0,70,255.0,255.0,255.0
572,28.6,13.800846648166093,0.8870121344742398,-24.667019038148073,0.018380962175315516,-0.13051397291731395,-1.1578980130703582,-0.0011610780011821796,0.0066859290028057315,0.04541918034208726,0,70,255.0,255.0,255.0
573,28.650000000000002,13.801764588247176,0.8804944134160007,-24.72485743244358,0.01834350746441946,-0.13020246588478337,-1.1556431110981957,-0.0003371104346601354,0.005774352298416436,0.044776898544405315,0,70,255.0,255.0,255.0
574,28.700000000000003,13.802681685552173,0.8739911282385077,-24.782583884492727,0.018347251131849502,-0.1299365376874723,-1.1534203232159175,0.0004868571318619088,0.00486277559402714,0.04413461674672337,0,70,255.0,255.0,255.0
575,28.75,13.8036,0.8675,-24.8402,0.018392193177605647,-0.1297161883253807,-1.1512296494235235,0.001310824698383839,0.00395119888963813,0.04349233494904858,0,70,255.0,255.0,255.0
576,28.8,13.804520936097223,0.8610191741592714,-24.897706730837378,0.018439008860736374,-0.12951595376519767,-1.149031859769484,0.0005618026268452207,0.004058183517682725,0.04441925121252376,0,70,255.0,255.0,255.0
577,28.85,13.805443276701013,0.8545484937773368,-24.955102413546733,0.01844837344029017,-0.12931036997361242,-1.146787724302271,-0.00018721944469339753,0.0041651681457273194,0.045346167475998934,0,70,255.0,255.0,255.0
578,28.900000000000002,13.806365149256193,0.8480882263157665,-25.01238473083739,0.018420286916267035,-0.12909943695062492,-1.144497243021884,-0.0009362415162320155,0.004272152773771913,0.04627308373947411,0,70,255.0,255.0,255.0
579,28.950000000000003,13.80728468120758,0.8416386392361308,-25.0695513654187,0.01835474928866697,-0.12888315469623524,-1.1421604159283236,-0.001685263587770634,0.004379137401816508,0.04720000000294929,0,70,255.0,255.0,255.0
580,29.0,13.8082,0.8352,-25.1266,0.018251760557489977,-0.1286615232104433,-1.1397772430215893,-0.0024342856593092543,0.004486122029861539,0.048126916266427955,0,70,255.0,255.0,255.0
581,29.05,13.8091096502211,0.8287727330079285,-25.183528380748772,0.018136349292515435,-0.12842512615414498,-1.1373515317896739,-0.0021821649396723116,0.004969760222071924,0.0489015330101939,0,70,255.0,255.0,255.0
582,29.1,13.81001384502985,0.8223578904164122,-25.240334507665015,0.018033544063522745,-0.12816454718823608,-1.1348870897205698,-0.001930044220035369,0.00545339841428231,0.04967614975395984,0,70,255.0,255.0,255.0
583,29.150000000000002,13.810913214728052,0.8159566813209317,-25.29701644420687,0.017943344870511895,-0.1278797863127167,-1.1323839168142777,-0.0016779235003984265,0.005937036606492694,0.050450766497725785,0,70,255.0,255.0,255.0
584,29.200000000000003,13.811808389617502,0.8095703148169673,-25.35357225383249,0.017865751713482897,-0.12757084352758682,-1.1298420130707971,-0.0014258027807614838,0.00642067479870308,0.05122538324149173,0,70,255.0,255.0,255.0
585,29.25,13.8127,0.8032,-25.41,0.01780076459243575,-0.12723771883284643,-1.1272613784901286,-0.001173682061124559,0.006904312990914319,0.05199999998526117,0,70,255.0,255.0,255.0
586,29.3,13.813588463018375,0.7968466938090142,-25.466298146167542,0.01773559396920429,-0.12689554161822286,-1.1246660130718293,-0.001433142868133678,0.0067827755940272,0.051814616746709063,0,70,255.0,255.0,255.0
587,29.35,13.814473343179582,0.7905103445570135,-25.522466755793218,0.01765745030562238,-0.1265594412734437,-1.1220799168154576,-0.0016926036751427971,0.006661238197140081,0.05162923350815695,0,70,255.0,255.0,255.0
588,29.400000000000002,13.815353991831598,0.7841906484005056,-25.57850629233512,0.01756633360169001,-0.12622941779850885,-1.1195030897210134,-0.0019520644821519161,0.006539700800252963,0.051443850269604845,0,70,255.0,255.0,255.0
589,29.450000000000003,13.81622976032241,0.7778873014959983,-25.63441721925135,0.017462243857407186,-0.1259054711934184,-1.1169355317884972,-0.002211525289161035,0.0064181634033658435,0.05125846703105273,0,70,255.0,255.0,255.0
590,29.5,13.8171,0.7716,-25.6902,0.017345181072773917,-0.1255876014581723,-1.1143772430179082,-0.002470986096170219,0.006296626006480066,0.05107308379250597,0,70,255.0,255.0,255.0
591,29.55,13.817964497705397,0.765328491756014,-25.745854234581067,0.017241274830675394,-0.12527270737296484,-1.1117764159230203,-0.0016852635877706522,0.006299137401818955,0.05296000000300583,0,70,255.0,255.0,255.0
592,29.6,13.818824782251824,0.7590727313555328,-25.80137606916213,0.01717665471399685,-0.12495768771799039,-1.1090812430176074,-0.0008995410793710855,0.006301648797157844,0.05484691621350569,0,70,255.0,255.0,255.0
593,29.650000000000002,13.819682817945553,0.7528327250770444,-25.856760786452654,0.017151320722738284,-0.12464254249324902,-1.1062917243016699,-0.00011381857097151867,0.006304160192496733,0.05673383242400555,0,70,255.0,255.0,255.0
594,29.700000000000003,13.820540569092854,0.7466084791990371,-25.91200366916212,0.0171652728568997,-0.12432727169874072,-1.1034078597752068,0.0006719039374280481,0.006306671587835622,0.058620748634505414,0,70,255.0,255.0,255.0
595,29.75,13.8214,0.7404,-25.9671,0.017218511116481084,-0.12401187533446548,-1.1004296494382193,0.001457626445827559,0.006309182983174955,0.060507664845001585,0,70,255.0,255.0,255.0
596,29.8,13.822262346160038,0.7342073391669287,-26.02204651550819,0.01726730670810677,-0.12369362888991846,-1.0974443232360591,0.0004941972191999241,0.006420674798705452,0.058905383241404485,0,70,255.0,255.0,255.0
597,29.85,13.823125927813123,0.7280307300208542,-26.076845767558275,0.01726793083840108,-0.12336980785459492,-1.0945391111140788,-0.00046923200742771077,0.006532166614235949,0.057303101637807385,0,70,255.0,255.0,255.0
598,29.900000000000002,13.82398833638619,0.7218704512913153,-26.131501761854267,0.017220383507364,-0.12304041222849485,-1.0917140130722782,-0.0014326612340553459,0.006643658429766447,0.055700820034210285,0,70,255.0,255.0,255.0
599,29.950000000000003,13.824847163306172,0.7157267817078509,-26.18601850410018,0.01712466471499554,-0.12270544201161827,-1.0889690291106577,-0.0023960904606829805,0.006755150245296943,0.054098538430613186,0,70,255.0,255.0,255.0
600,30.0,13.8257,0.7096,-26.2404,0.016980774461295714,-0.12236489720396518,-1.0863041592292173,-0.0033595196873105193,0.0068666420608274326,0.05249625682700376,0,70,255.0,255.0,255.0
601,30.05,13.826545317654455,0.7034901515762705,-26.294648503386178,0.016841498336884777,-0.12203277706736038,-1.0836142911327662,-0.00221152528912692,0.0064181634033641565,0.05509846703104383,0,70,255.0,255.0,255.0
602,30.1,13.827385106495687,0.6973963485610492,-26.348759260604776,0.016759621932383017,-0.12172308086362875,-1.080794312526113,-0.0010635308909433213,0.005969684745900881,0.0577006772350839,0,70,255.0,255.0,255.0
603,30.150000000000002,13.828222236509692,0.6913174697576929,-26.402725766130285,0.01673514524779044,-0.12143580859277028,-1.0778442234092576,8.446350724027789e-05,0.005521206088437605,0.06030288743912397,0,70,255.0,255.0,255.0
604,30.200000000000003,13.829059577682465,0.6852523939695574,-26.4565415144372,0.01676806828310705,-0.12117096025478499,-1.0747640237822003,0.0012324579054238767,0.00507272743097433,0.06290509764316404,0,70,255.0,255.0,255.0
605,30.25,13.8299,0.6792,-26.5102,0.01685839103833282,-0.12092853584967286,-1.0715537136449416,0.002380452303607311,0.004624248773511086,0.06550730784720216,0,70,255.0,255.0,255.0
606,30.3,13.830745183222144,0.6731600545279892,-26.563696270947116,0.016934699944358703,-0.12065526284063924,-1.0683065122328959,0.0006719039374279568,0.006306671587833691,0.06438074863462971,0,70,255.0,255.0,255.0
607,30.35,13.83159204620413,0.6671358757349479,-26.617031590022638,0.016925581432075617,-0.12029786869088949,-1.0651156387814784,-0.0010366444287513974,0.007989094402156297,0.06325418942205727,0,70,255.0,255.0,255.0
608,30.400000000000002,13.832436317575045,0.6611316696779119,-26.670208773624605,0.01683103550148356,-0.1198563534004236,-1.06198109329069,-0.002745192794930752,0.009671517216478902,0.062127630209484815,0,70,255.0,255.0,255.0
609,30.450000000000003,13.833273725963975,0.6551516424139172,-26.72323063815105,0.016651062152582538,-0.11933071696924158,-1.0589028757605299,-0.004453741161110106,0.011353940030801507,0.06100107099691237,0,70,255.0,255.0,255.0
610,30.5,13.8341,0.6492,-26.7761,0.016385661385372563,-0.11872095939734349,-1.0558809861909988,-0.006162289527289477,0.013036362845123883,0.05987451178434,0,70,255.0,255.0,255.0
611,30.55,13.834912349456971,0.6432792303117726,-26.82881841282538,0.016123701885673362,-0.11813017157008292,-1.0528396599356273,-0.004316090460678419,0.010595150245298633,0.06177853843052151,0,70,255.0,255.0,255.0
612,30.6,13.835713908687788,0.6373849484991584,-26.881382379304693,0.015954052339304713,-0.11766144437281362,-1.0497031323479464,-0.0024698913940673613,0.008153937645473383,0.06368256507670302,0,70,255.0,255.0,255.0
613,30.650000000000002,13.836509293190122,0.6315110515306579,-26.933787139371308,0.015876712746266623,-0.11731477780553556,-1.046471403427957,-0.0006236923274563037,0.005712725045648133,0.06558659172288452,0,70,255.0,255.0,255.0
614,30.700000000000003,13.837303118461639,0.6256514363747714,-26.986027932958617,0.015891683106559085,-0.1170901718682488,-1.0431444731756578,0.0012225067391547547,0.003271512445822883,0.06749061836906602,0,70,255.0,255.0,255.0
615,30.75,13.8381,0.6198,-27.0381,0.015998963420182085,-0.11698762656095328,-1.0397223415910504,0.003068705805765487,0.0008302998459986943,0.0693946450152545,0,70,255.0,255.0,255.0
616,30.8,13.838903018949976,0.6139526242249201,-27.089999677751358,0.016106492512961815,-0.11688805087902894,-1.0362708480245901,0.0012324579054237023,0.003152727430974977,0.06866509764315153,0,70,255.0,255.0,255.0
617,30.85,13.839709119044713,0.6081131302684177,-27.1417276927586,0.016122209210724457,-0.11667235381785578,-1.0328558318267351,-0.0006037899949180824,0.00547515501595126,0.06793555027104856,0,70,255.0,255.0,255.0
618,30.900000000000002,13.840513709664464,0.6022873241994553,-27.193285868890175,0.016046113513470007,-0.11634053537743382,-1.0294772929974851,-0.002440037895259867,0.007797582600927543,0.0672060028989456,0,70,255.0,255.0,255.0
619,30.950000000000003,13.841312200189476,0.5964810120869951,-27.2446760300145,0.015878205421198468,-0.115892595557763,-1.0261352315368406,-0.004276285795601652,0.010120010185903826,0.06647645552684263,0,70,255.0,255.0,255.0
620,31.0,13.8421,0.5907,-27.2959,0.015618484933909856,-0.11532853435884345,-1.0228296474448009,-0.006112533695943376,0.012442437770880166,0.0657469081547486,0,70,255.0,255.0,255.0
621,31.05,13.842873974743133,0.5849486727885462,-27.346958876169197,0.015354328062482664,-0.1147336249138014,-1.0195169479660078,-0.004453741161144144,0.011353940030801198,0.0667610709969683,0,70,255.0,255.0,255.0
622,31.1,13.843636815133362,0.5792257304271696,-27.3978508496609,0.015173110817795436,-0.1141931403557633,-1.016153540345104,-0.002794948626344912,0.010265442290722229,0.067775233839188,0,70,255.0,255.0,255.0
623,31.150000000000002,13.844392668152024,0.5735284516715198,-27.448573385068006,0.015074833199848169,-0.11370708068472916,-1.0127394245820889,-0.00113615609154568,0.00917694455064326,0.06878939668140771,0,70,255.0,255.0,255.0
624,31.200000000000003,13.845145680780458,0.5678541152772465,-27.49912394698341,0.015059495208640866,-0.11327544590069898,-1.0092746006769633,0.0005226364432535519,0.008088446810564292,0.06980355952362742,0,70,255.0,255.0,255.0
625,31.25,13.8459,0.5622,-27.5495,0.015127096844173517,-0.11289823600367277,-1.0057590686297264,0.0021814289780525548,0.00699994907048529,0.07081772236584527,0,70,255.0,255.0,255.0
626,31.3,13.846658682077498,0.5565638846208942,-27.59969921757186,0.015212195237104547,-0.11254544946576506,-1.0022053601113554,0.0012225067391886172,0.007111512445822934,0.07133061836898912,0,70,255.0,255.0,255.0
627,31.35,13.847420420421846,0.5509455480229029,-27.6497201085978,0.01524934751809238,-0.11218708475909046,-0.9986260067928273,0.00026358450032467956,0.007223075821160577,0.07184351437213296,0,70,255.0,255.0,255.0
628,31.400000000000002,13.848182817727443,0.5453452691144645,-27.699561390837808,0.015238553687137016,-0.11182314188364899,-0.9950210086741421,-0.0006953377385392583,0.007334639196498221,0.0723564103752768,0,70,255.0,255.0,255.0
629,31.450000000000003,13.848943476688692,0.5397633268040172,-27.749221782051876,0.015179813744238452,-0.11145362083944065,-0.9913903657552996,-0.0016542599774031956,0.007446202571835864,0.07286930637842065,0,70,255.0,255.0,255.0
630,31.5,13.8497,0.5342,-27.7987,0.015073127689396702,-0.1110785216264654,-0.9877340780363002,-0.0026131822162671348,0.0075577659471742775,0.07338220238156978,0,70,255.0,255.0,255.0
631,31.55,13.850450496946875,0.5286557887278769,-27.847994653543363,0.01494889098909987,-0.11068457722313844,-0.9840456115885884,-0.002356285795606052,0.00820001018590427,0.0741564555269001,0,70,255.0,255.0,255.0
632,31.6,13.85119510317926,0.5231320774812183,-27.897103915947902,0.014837499109836094,-0.11025852060787497,-0.9803184324836101,-0.0020993893749449693,0.008842254424634263,0.07493070867223042,0,70,255.0,255.0,255.0
633,31.650000000000002,13.85193446093821,0.5176304718706214,-27.94602585158077,0.01473895205160537,-0.109800351780675,-0.9765525407213652,-0.0018424929542838865,0.009484498663364255,0.07570496181756073,0,70,255.0,255.0,255.0
634,31.700000000000003,13.852669212464772,0.5121525775066829,-27.99475852480909,0.014653249814407703,-0.10931007074153852,-0.972747936301854,-0.0015855965336228038,0.010126742902094248,0.07647921496289105,0,70,255.0,255.0,255.0
635,31.75,13.8534,0.5067,-28.0433,0.01458039239824309,-0.10878767749046558,-0.9689046192250762,-0.001328700112961781,0.010768987140824304,0.07725346810822042,0,70,255.0,255.0,255.0
636,31.8,13.854127330135004,0.5012737604675984,-28.09164856825469,0.01451224080649964,-0.10826824164168088,-0.9650361935342805,-0.0013973635567762137,0.010008446810563842,0.07748355952360679,0,70,255.0,255.0,255.0
637,31.85,13.854851166861113,0.49587254205222325,-28.13980342761058,0.014440656042565468,-0.10778683280940918,-0.9611562632727154,-0.0014660270005906464,0.00924790648030338,0.07771365093899317,0,70,255.0,255.0,255.0
638,31.900000000000002,13.855571338519724,0.4904944434030488,-28.187764002839117,0.014365638106440573,-0.10734345099365053,-0.9572648284403811,-0.0015346904444050792,0.008487366150042919,0.07794374235437954,0,70,255.0,255.0,255.0
639,31.950000000000003,13.856287673452222,0.48513756316924944,-28.235529718711774,0.014287186998124956,-0.10693809619440488,-0.9533618890372774,-0.001603353888219512,0.007726825819782459,0.07817383376976592,0,70,255.0,255.0,255.0
640,32.0,13.857,0.4798,-28.2831,0.014205302717618624,-0.10657076841167228,-0.9494474450634047,-0.0016720173320340093,0.006966285489522606,0.07840392518514427,0,70,255.0,255.0,255.0
641,32.050000000000004,13.857708182513113,0.47448036940172883,-28.330474273437865,0.01412214578488354,-0.10621045621013826,-0.9455216142743156,-0.001654259977369081,0.00744620257183641,0.07862930637840686,0,70,255.0,255.0,255.0
642,32.1,13.858412229376283,0.4691793543098879,-28.377651973609773,0.014039876719881713,-0.10582614815448863,-0.9415845144255639,-0.0016365026227041551,0.007926119654150146,0.07885468757166941,0,70,255.0,255.0,255.0
643,32.15,13.859112184982896,0.46389815451718247,-28.424632537062752,0.013958495522613133,-0.10541784424472331,-0.9376361455171491,-0.0016187452680392295,0.008406036736463882,0.07908006876493195,0,70,255.0,255.0,255.0
644,32.2,13.85980809372634,0.45863796981631744,-28.471415400343826,0.013878002193077789,-0.10498554448084223,-0.9336765075490706,-0.0016009879133743012,0.008885953818777687,0.07930544995819454,0,70,255.0,255.0,255.0
645,32.25,13.8605,0.4534,-28.518,0.0137983967312757,-0.10452924886284552,-0.9297056005213297,-0.0015832305587094309,0.009365870901091422,0.07953083115145798,0,70,255.0,255.0,255.0
646,32.300000000000004,13.861187939812542,0.4481855619254841,-28.56438553799388,0.013719176053967387,-0.10404193351776585,-0.925709349368469,-0.001585596533622852,0.010126742902094275,0.080319214962953,0,70,255.0,255.0,255.0
647,32.35,13.86187191563375,0.44299644070822414,-28.610570277950337,0.013639837077913414,-0.10351657457263608,-0.9216736790250343,-0.0015879625085362726,0.01088761490309702,0.08110759877444791,0,70,255.0,255.0,255.0
648,32.4,13.862551921548688,0.4378345385282219,-28.656552248909865,0.013560379803113769,-0.1029531720274562,-0.9175985894910247,-0.0015903284834496933,0.011648486904099765,0.08189598258594281,0,70,255.0,255.0,255.0
649,32.45,13.863227951642417,0.43270175756547924,-28.702329479912933,0.013480804229568441,-0.10235172588222607,-0.9134840807664398,-0.0015926944583631144,0.012409358905102617,0.08268436639743784,0,70,255.0,255.0,255.0
650,32.5,13.8639,0.4276,-28.7479,0.013401110357277453,-0.10171223613694591,-0.9093301528512809,-0.0015950604332765767,0.013170230906105918,0.08347275020893186,0,70,255.0,255.0,255.0
651,32.550000000000004,13.864568058236715,0.42253018289633226,-28.79326197458666,0.013321149999240044,-0.10109380971879862,-0.9051449882518136,-0.001603353888219542,0.011566825819783452,0.08393383376974878,0,70,255.0,255.0,255.0
652,32.6,13.86523210808871,0.4174892828572147,-28.838414114588886,0.013240774968455497,-0.10055555355496754,-0.900936769474306,-0.0016116473431625063,0.009963420733461213,0.08439491733056564,0,70,255.0,255.0,255.0
653,32.65,13.865892128822347,0.4124732913699308,-28.88335526729778,0.0131599852649238,-0.10009746764545256,-0.8967054965187574,-0.0016199407981054707,0.008360015647138976,0.08485600089138251,0,70,255.0,255.0,255.0
654,32.7,13.866548099703992,0.40747819992176404,-28.92808428000446,0.013078780888644947,-0.09971955199025365,-0.8924511693851676,-0.001628234253048436,0.006756610560816509,0.08531708445219943,0,70,255.0,255.0,255.0
655,32.75,13.8672,0.4025,-28.9726,0.012997161839618958,-0.0994218065893709,-0.8881737880735373,-0.0016365277079913865,0.005153205474493938,0.08577816801302252,0,70,255.0,255.0,255.0
656,32.800000000000004,13.867847827240594,0.39753610648918425,-29.01690096365952,0.012916223949084808,-0.09911882760703908,-0.883854697624257,-0.0016009879133743157,0.006965953818777847,0.08698544995817868,0,70,255.0,255.0,255.0
657,32.85,13.868491652011404,0.39258962786291624,-29.06098446369414,0.012837063048281522,-0.09872521120749311,-0.8794752430777194,-0.00156544811875725,0.008778702163061498,0.08819273190333468,0,70,255.0,255.0,255.0
658,32.9,13.869131563161917,0.38766509599205573,-29.104847481899,0.012759679137209093,-0.09824095739073298,-0.8750354244339239,-0.0015299083241401845,0.01059145050734515,0.0894000138484907,0,70,255.0,255.0,255.0
659,32.95,13.869767649541622,0.38276704274746304,-29.148487000069245,0.012684072215867504,-0.09766606615675859,-0.8705352416928701,-0.0014943685295231138,0.012404198851629059,0.09060729579364686,0,70,255.0,255.0,255.0
660,33.0,13.8704,0.3779,-29.1919,0.012610242284256777,-0.09700053750557007,-0.8659746948545592,-0.001458828734906062,0.014216947195912932,0.09181457773880197,0,70,255.0,255.0,255.0
661,33.050000000000004,13.871028632800911,0.37306699114692815,-29.235084570775285,0.012533954204424186,-0.09633487985304467,-0.8614202212511534,-0.0015926944583972568,0.012409358905100733,0.09036436639741781,0,70,255.0,255.0,255.0
662,33.1,13.871653283865673,0.3682650056911197,-29.278043230634566,0.01245097283841705,-0.09575960161505996,-0.8569382582148173,-0.0017265601818884323,0.01060177061428879,0.08891415505603387,0,70,255.0,255.0,255.0
663,33.15,13.87227361852998,0.3634895246618471,-29.32077960510621,0.012361298186235353,-0.09527470279161586,-0.8525288057455505,-0.001860425905379608,0.008794182323476847,0.08746394371464991,0,70,255.0,255.0,255.0
664,33.2,13.872889302129527,0.3587360290883823,-29.363297319718576,0.012264930247879086,-0.09488018338271229,-0.8481918638433522,-0.0019942916288708027,0.0069865940326646475,0.08601373237326576,0,70,255.0,255.0,255.0
665,33.25,13.8735,0.354,-29.4056,0.012161869023348272,-0.09457604338834938,-0.8439274325082239,-0.002128157352362034,0.005179005741853038,0.0845635210318827,0,70,255.0,255.0,255.0
666,33.300000000000004,13.874105641555769,0.3492783289231007,-29.447689553239368,0.012067959233213856,-0.09427765298078256,-0.8396324173711214,-0.0016282342530142923,0.0067566105608188225,0.08723708445219924,0,70,255.0,255.0,255.0
667,33.35,13.874707212525903,0.34457354937260404,-29.489561013767595,0.011999045598046836,-0.0939003823322675,-0.8352037240630038,-0.001128311153666622,0.008334215379784383,0.08991064787251543,0,70,255.0,255.0,255.0
668,33.4,13.875305962718155,0.3398896053605569,-29.531207697676145,0.0119551281178472,-0.09344423144280417,-0.8306413525838705,-0.0006283880543189516,0.009911820198749942,0.09258421129283159,0,70,255.0,255.0,255.0
669,33.45,13.87590314194027,0.335230440899006,-29.57262292105647,0.011936206792614945,-0.09290920031239247,-0.8259453029337205,-0.0001284649549712102,0.011489425017715727,0.09525777471314816,0,70,255.0,255.0,255.0
670,33.5,13.8765,0.3306,-29.6138,0.011942281622350073,-0.09229528894103257,-0.8211155751125555,0.0003714581443764464,0.01306702983668162,0.09793133813346433,0,70,255.0,255.0,255.0
671,33.550000000000004,13.877097600976017,0.3260012931606668,-29.654734016267273,0.011962208862721297,-0.09165850822382475,-0.816258109264376,0.00042563147047241416,0.012404198851628988,0.09636729579370037,0,70,255.0,255.0,255.0
672,33.6,13.87769626603071,0.3214335968184632,-29.695427114295057,0.011984844769397315,-0.09105486905586965,-0.8114788455331853,0.00047980479656837427,0.01174136786657645,0.09480325345393666,0,70,255.0,255.0,255.0
673,33.65,13.878296130597395,0.31689525389592604,-29.735883204189204,0.012010189342378132,-0.09048437143716717,-0.8067777839189828,0.0005339781226643343,0.011078536881523911,0.09323921111417292,0,70,255.0,255.0,255.0
674,33.7,13.878897330109385,0.31238460731559214,-29.776106196055572,0.01203824258166375,-0.08994701536771725,-0.802154924421768,0.0005881514487603021,0.01041570589647128,0.09167516877440898,0,70,255.0,255.0,255.0
675,33.75,13.8795,0.3079,-29.8161,0.012069004487254164,-0.08944280084752003,-0.7976102670415418,0.000642324774856276,0.00975287491141874,0.0901111264346488,0,70,255.0,255.0,255.0
676,33.800000000000004,13.880103954540164,0.3034396984342301,-29.85586718169156,0.012083205315903687,-0.08897631412391793,-0.7930631455713439,-7.429162887535314e-05,0.0089065940326634,0.0917737323732538,0,70,255.0,255.0,255.0
677,33.85,13.880707723351254,0.29900166335354245,-29.895404929052184,0.012061575324366632,-0.08855214144425368,-0.7884328938042163,-0.0007909080326068806,0.00806031315390818,0.09343633831185856,0,70,255.0,255.0,255.0
678,33.9,13.881309514892262,0.29458377905573957,-29.93470908556703,0.012004114512643004,-0.08817028280852716,-0.7837195117401585,-0.0015075244363384078,0.007214032275152962,0.09509894425046332,0,70,255.0,255.0,255.0
679,33.95,13.881907537622181,0.290183929838624,-29.973775494721252,0.011910822880732785,-0.08783073821673837,-0.7789229993791699,-0.0022241408400700373,0.006367751396397621,0.09676155018906832,0,70,255.0,255.0,255.0
680,34.0,13.8825,0.2858,-30.0126,0.011781700428636003,-0.08753350766888739,-0.7740433567212515,-0.0029407572438015644,0.005521470517642846,0.09842415612767219,0,70,255.0,255.0,255.0
681,34.050000000000004,13.88308578086333,0.2814311131024107,-30.051178856966498,0.011656969873666784,-0.08720423528050338,-0.7691053084502325,-0.0020484649549667045,0.0076494250177166195,0.0990977747130693,0,70,255.0,255.0,255.0
682,34.1,13.883666440564273,0.27708134976736626,-30.089509969496206,0.011576853933139323,-0.08676856516711573,-0.7641335792499444,-0.0011561726661319712,0.009777379517790091,0.09977139329846631,0,70,255.0,255.0,255.0
683,34.15,13.884244209833552,0.27275602988111636,-30.127591653542666,0.011541352607053596,-0.08622649732872442,-0.7591281691203864,-0.0002638803772972379,0.011905334017863561,0.10044501188386333,0,70,255.0,255.0,255.0
684,34.2,13.884821319401889,0.26846047332991047,-30.16542222505942,0.011550465895409605,-0.08557803176532934,-0.7540890780615579,0.000628411911537622,0.014033288517937335,0.10111863046926044,0,70,255.0,255.0,255.0
685,34.25,13.8854,0.2642,-30.203,0.011604193798207353,-0.08482316847693068,-0.7490163060734603,0.0015207042003723692,0.01616124301801125,0.10179224905465567,0,70,255.0,255.0,255.0
686,34.300000000000004,13.885981722006514,0.259978249156125,-30.240323790442474,0.011656915189434819,-0.08406274475406852,-0.743939620627732,0.0005881514487261246,0.014255705896471887,0.10127516877445575,0,70,255.0,255.0,255.0
687,34.35,13.88656491439165,0.2557921375769917,-30.277394392963007,0.011663008943079973,-0.08339759788728346,-0.7388887891960145,-0.0003444013029199875,0.012350168774932791,0.1007580884942559,0,70,255.0,255.0,255.0
688,34.4,13.88714724577353,0.2516369014197958,-30.314213100262304,0.011622475059142824,-0.08282772787657533,-0.7338638117783071,-0.0012769540545660998,0.010444631653393698,0.10024100821405606,0,70,255.0,255.0,255.0
689,34.45,13.887726384770273,0.2475077768417328,-30.35078120504107,0.011535313537623354,-0.08235313472194408,-0.7288646883746088,-0.0022095068062123443,0.008539094531854332,0.09972392793385614,0,70,255.0,255.0,255.0
690,34.5,13.8883,0.2434,-30.3871,0.01140152437852159,-0.08197381842338987,-0.7238914189849214,-0.003142059557858498,0.006633557410315238,0.0992068476536554,0,70,255.0,255.0,255.0
691,34.550000000000004,13.88886653111061,0.23931029027308723,-30.423169981263626,0.01126736936857422,-0.08160078570322202,-0.7188962090388531,-0.0022241408400358233,0.008287751396397688,0.1006015501890601,0,70,255.0,255.0,255.0
692,34.6,13.88942750186912,0.23524129992466608,-30.458988458651774,0.011179110294517998,-0.0811450432837501,-0.7138312639660153,-0.0013062221222132787,0.009941945382479903,0.10199625272446461,0,70,255.0,255.0,255.0
693,34.65,13.889985207072327,0.23119716443970112,-30.49455194540811,0.011136747156352902,-0.08060659116497408,-0.7086965837664072,-0.000388303404390734,0.011596139368562117,0.10339095525986913,0,70,255.0,255.0,255.0
694,34.7,13.890541941517021,0.22718201930315696,-30.5298569547763,0.01114027995407893,-0.07998542934689386,-0.7034921684400282,0.0005296153134319408,0.013250333354644567,0.10478565779527384,0,70,255.0,255.0,255.0
695,34.75,13.8911,0.2232,-30.5649,0.01118970868769609,-0.07928155782950963,-0.6982180179868797,0.0014475340312544716,0.01490452734072667,0.10618036033067835,0,70,255.0,255.0,255.0
696,34.800000000000004,13.89166095355104,0.21925418975152391,-30.599677884503045,0.011241607336266748,-0.07855811243304298,-0.6928915432168794,0.0006284119115716159,0.014033288517936808,0.10687863046931471,0,70,255.0,255.0,255.0
697,34.85,13.89222347813186,0.21534346272434327,-30.63418857242991,0.011252549878853258,-0.07787822897771592,-0.6875301549399481,-0.00019071020811112335,0.013162049695147069,0.10757690060795097,0,70,255.0,255.0,255.0
698,34.9,13.892785525937159,0.21146564082140049,-30.66843031810525,0.011222536315455636,-0.07724190746352835,-0.6821338531560849,-0.0010098323277938628,0.01229081087235733,0.10827517074658724,0,70,255.0,255.0,255.0
699,34.95,13.893345049161638,0.207618545945638,-30.702401375853736,0.011151566646073864,-0.07664914789048018,-0.6767026378652892,-0.0018289544474767183,0.011419572049567468,0.1089734408852236,0,70,255.0,255.0,255.0
700,35.0,13.8939,0.2038,-30.7361,0.011039640870707967,-0.07609995025857157,-0.6712365090675623,-0.0026480765671594853,0.010548333226778506,0.1096717110238643,0,70,255.0,255.0,255.0
701,35.050000000000004,13.894448854685228,0.20000815072081504,-30.769524880724223,0.010918201286371956,-0.0755747645646057,-0.6657616180936193,-0.0022095068062804994,0.010459094531854488,0.10932392793383411,0,70,255.0,255.0,255.0
702,35.1,13.894992185603437,0.19624244917796022,-30.802676451628606,0.01081869019007991,-0.07505404080538611,-0.6603041162741787,-0.001770937045401576,0.010369855836930484,0.10897614484380397,0,70,255.0,255.0,255.0
703,35.15,13.895531089179036,0.19250267227469775,-30.83555558217088,0.01074110758183181,-0.0745377789809127,-0.6548640036092396,-0.0013323672845226523,0.010280617142006478,0.10862836175377383,0,70,255.0,255.0,255.0
704,35.2,13.896066661836423,0.18878859691428973,-30.868163141808772,0.010685453461627647,-0.07402597909118544,-0.6494412800988012,-0.0008937975236436664,0.01019137844708246,0.10828057866374363,0,70,255.0,255.0,255.0
705,35.25,13.8966,0.1851,-30.9005,0.010651727829467437,-0.07351864113620443,-0.6440359457428649,-0.00045522776276475663,0.010102139752159234,0.10793279557371616,0,70,255.0,255.0,255.0
706,35.300000000000004,13.89713162770805,0.18143720736521401,-30.932566592600086,0.010605587518235074,-0.07298282930853428,-0.6386219844086399,-0.0013903846865295992,0.011330333354645299,0.10862565779526451,0,70,255.0,255.0,255.0
707,35.35,13.897659779454388,0.1778027405638152,-30.96436162105568,0.010512689360814481,-0.0723856078007399,-0.6331733799633383,-0.0023255416102943086,0.01255852695713119,0.10931852001681276,0,70,255.0,255.0,255.0
708,35.4,13.898182117346696,0.17419967007980916,-30.99588335321123,0.010373033357205656,-0.07172697661282122,-0.6276901324069593,-0.0032606985340590186,0.01378672055961708,0.11001138223836103,0,70,255.0,255.0,255.0
709,35.45,13.89869630349267,0.1706310663972017,-31.02713005691119,0.01018661950740857,-0.07100693574477816,-0.6221722417395021,-0.0041958554578238605,0.015014914162103148,0.11070424445990938,0,70,255.0,255.0,255.0
710,35.5,13.8992,0.1671,-31.0581,0.009953447811423271,-0.0702254851966109,-0.6166197079609683,-0.005131012381588543,0.016243107764589038,0.11139710668145675,0,70,255.0,255.0,255.0
711,35.550000000000004,13.899691834482566,0.163608619818327,-31.088791148875448,0.009731448640696737,-0.0694379182012569,-0.6110144442718011,-0.0037489544474720764,0.015259572049567766,0.11281344088521669,0,70,255.0,255.0,255.0
712,35.6,13.900174296579015,0.16015538856677836,-31.119200264148677,0.00957855236667605,-0.06869952799165409,-0.6053383638724465,-0.0023668965133558065,0.014276036334546632,0.11422977508897642,0,70,255.0,255.0,255.0
713,35.65,13.900650841434178,0.1567378474060661,-31.14932380498419,0.009494758989361168,-0.06801031456780234,-0.599591466762904,-0.0009848385792395366,0.013292500619525499,0.11564610929273617,0,70,255.0,255.0,255.0
714,35.7,13.901124924192896,0.15335353749690217,-31.179158230546467,0.009480068508752102,-0.06737027792970153,-0.5937737529431727,0.0003972193548769298,0.012308964904504227,0.1170624434964961,0,70,255.0,255.0,255.0
715,35.75,13.9016,0.15,-31.2087,0.009534480924848853,-0.06677941807735188,-0.5878852224132542,0.0017792772889931724,0.011325429189483316,0.11847877770025939,0,70,255.0,255.0,255.0
716,35.800000000000004,13.902078634361683,0.14667551336147633,-31.23794641189814,0.00960461791898163,-0.06619349788643768,-0.5819762385041541,0.0010262024763176333,0.012111378447082788,0.11788057866372442,0,70,255.0,255.0,255.0
717,35.85,13.902559834229555,0.1433813051690708,-31.266898122349616,0.009637101172480622,-0.06556828023264359,-0.5760971645468815,0.00027312766364220105,0.01289732770468215,0.11728237962718956,0,70,255.0,255.0,255.0
718,35.9,13.903041716916585,0.140119340295927,-31.295556626852022,0.009631930685345848,-0.06490376511596954,-0.5702480005414359,-0.00047994714903323117,0.013683276962281509,0.11668418059065468,0,70,255.0,255.0,255.0
719,35.95,13.903522399735746,0.1368915836151884,-31.323923420902954,0.009589106457577294,-0.06419995253641542,-0.564428746487816,-0.0012330219617087703,0.014469226219880981,0.11608598155411973,0,70,255.0,255.0,255.0
720,36.0,13.904,0.1337,-31.352,0.009508628489174975,-0.06345684249398141,-0.5586394023860236,-0.0019860967743841745,0.015255175477481009,0.11548778251758929,0,70,255.0,255.0,255.0
721,36.050000000000004,13.904472828070706,0.13054612673576613,-31.379787203532015,0.009402079683370507,-0.06270009025299174,-0.5528406017115843,-0.0022758554577941735,0.015014914162102945,0.11646424445996385,0,70,255.0,255.0,255.0
722,36.1,13.904939966502768,0.12742979075693792,-31.40728324645287,0.009281042943395556,-0.061955351077771094,-0.5469929779400271,-0.0025656141412041308,0.014774652846724915,0.11744070640233828,0,70,255.0,255.0,255.0
723,36.15,13.905400690899475,0.12435039141022657,-31.43448568760773,0.009145518269250108,-0.06122262496831934,-0.541096531071351,-0.002855372824614089,0.014534391531346887,0.11841716834471272,0,70,255.0,255.0,255.0
724,36.2,13.905854276864122,0.12130732804234311,-31.461392085841727,0.008995505660934142,-0.06050191192463639,-0.5351512611055557,-0.0031451315080240874,0.014294130215968823,0.11939363028708729,0,70,255.0,255.0,255.0
725,36.25,13.9063,0.1183,-31.488,0.008831005118447697,-0.059793211946722435,-0.5291571680426422,-0.0034348901914339897,0.014053868900590905,0.12037009222945994,0,70,255.0,255.0,255.0
726,36.300000000000004,13.906737253355494,0.11532797969545767,-31.51430717397382,0.008659063347533977,-0.059086141101595,-0.5231253546494931,-0.003442780645114194,0.014228964904504086,0.12090244349648693,0,70,255.0,255.0,255.0
727,36.35,13.907165899759375,0.112391531803177,-31.540312091838892,0.008486727053936272,-0.058370315456272005,-0.5170669236929933,-0.0034506710987943973,0.014404060908417242,0.12143479476351386,0,70,255.0,255.0,255.0
728,36.4,13.907585919485511,0.10949109406316739,-31.566013422717063,0.008313996237654558,-0.05764573501075336,-0.5109818751731423,-0.003458561552474601,0.0145791569123304,0.12196714603054078,0,70,255.0,255.0,255.0
729,36.45,13.907997292807762,0.10662710421543818,-31.59140983573015,0.008140870898688809,-0.056912399765038944,-0.5048702090899392,-0.0034664520061548055,0.014754252916243582,0.12249949729756777,0,70,255.0,255.0,255.0
730,36.5,13.9084,0.1038,-31.6165,0.007967351037039074,-0.05617030971912898,-0.49873192544338546,-0.003474342459834953,0.01492934892015696,0.12303184856459515,0,70,255.0,255.0,255.0
731,36.550000000000004,13.90879415850732,0.10100995448240173,-31.641282500572714,0.007801666926499729,-0.055435345340627946,-0.49256197969041915,-0.0031530219617383172,0.014469226219881831,0.12376598155403681,0,70,255.0,255.0,255.0
732,36.6,13.909180434459731,0.09825608203035356,-31.66575558619155,0.007652048840865236,-0.05472338709714077,-0.4863553272879816,-0.0028317014636417273,0.014009103519606768,0.12450011454347838,0,70,255.0,255.0,255.0
733,36.65,13.909559631158487,0.0955372323371044,-31.68991742152402,0.007518496780135571,-0.054034434988667356,-0.480111968236072,-0.0025103809655451373,0.013548980819331704,0.12523424753291995,0,70,255.0,255.0,255.0
734,36.7,13.909932551904825,0.0928522550959032,-31.713766171237666,0.00740101074431072,-0.05336848901520759,-0.47383190253468943,-0.0021890604674485014,0.013088858119056575,0.12596838052236162,0,70,255.0,255.0,255.0
735,36.75,13.9103,0.0902,-31.7373,0.007299590733390716,-0.052725549176761664,-0.4675151301838356,-0.0018677399693518976,0.012628735418781678,0.1267025135118054,0,70,255.0,255.0,255.0
736,36.800000000000004,13.910662912615233,0.08758020237493401,-31.760517223735313,0.007222268946457053,-0.052052477535892844,-0.4611707265888615,-0.0012251315079943683,0.014294130215968745,0.1270736302871374,0,70,255.0,255.0,255.0
737,36.85,13.911022762401696,0.0849961400754083,-31.783416763394907,0.0071770775825912726,-0.05129613615516478,-0.4548077671551217,-0.0005825230466369304,0.015959525013155576,0.12744474706246933,0,70,255.0,255.0,255.0
738,36.9,13.911381155880544,0.08245197658841547,-31.805997691186846,0.007164016641793364,-0.05045652503457738,-0.4484262518826153,6.0085414720507805e-05,0.017624919810342407,0.1278158638378013,0,70,255.0,255.0,255.0
739,36.95,13.911739699572927,0.07995187540094816,-31.828259079319192,0.007183086124063329,-0.0495336441741305,-0.44202618077134137,0.0007026938760780368,0.019290314607529474,0.1281869806131333,0,70,255.0,255.0,255.0
740,37.0,13.9121,0.0775,-31.8502,0.007234286029401164,-0.048527493573824416,-0.4356075538213018,0.0013453023374354958,0.020955709404716305,0.12855809738846702,0,70,255.0,255.0,255.0
741,37.050000000000004,13.912461391031748,0.07509883601786094,-31.871820604486036,0.007181257287683168,-0.04753874451580034,-0.4292351139541489,-0.003466452006155183,0.018594252916243535,0.126339497297627,0,70,255.0,255.0,255.0
742,37.1,13.912814115933482,0.07274415766801282,-31.893125360228826,0.006887640828785675,-0.04666806828220002,-0.4229736040915389,-0.008278206349745179,0.0162327964277711,0.1241208972067873,0,70,255.0,255.0,255.0
743,37.15,13.913146145319342,0.07043006130923413,-31.914119813728597,0.006353436652708697,-0.045915464873023316,-0.41682302423347084,-0.013089960693335173,0.013871339939298667,0.12190229711594759,0,70,255.0,255.0,255.0
744,37.2,13.913445449803469,0.06815064330030339,-31.934809511485582,0.005578644759452104,-0.04528093428827015,-0.41078337437994394,-0.017901715036925853,0.011509883450825896,0.11968369702510757,0,70,255.0,255.0,255.0
745,37.25,13.9137,0.0659,-31.9552,0.004563265149016119,-0.044764476527940696,-0.40485465453095987,-0.022713469380515855,0.00914842696235324,0.11746509693426921,0,70,255.0,255.0,255.0
746,37.300000000000004,13.913893923257772,0.06367405355362102,-31.975299558320557,0.0030767019028154563,-0.0442565444009054,-0.39920081759454257,-0.03674906046750559,0.011168858119056862,0.10868838052240215,0,70,255.0,255.0,255.0
747,37.35,13.913995973864376,0.061476029252539977,-31.9951273956898,0.0008883591022656075,-0.043647590716035,-0.3939858164787194,-0.05078465155449334,0.0131892892757602,0.09991166411053636,0,70,255.0,255.0,255.0
748,37.4,13.913971062842094,0.05931097817464835,-32.01470545389877,-0.0020017632526335887,-0.04293761547332946,-0.38920965118348955,-0.06482024264148109,0.015209720432463533,0.09113494769867055,0,70,255.0,255.0,255.0
749,37.45,13.913784101213208,0.057183951397837565,-32.03405567473849,-0.005593665161882692,-0.04212661867278862,-0.3848723217088523,-0.07885583372847083,0.01723015158916716,0.0823582312868035,0,70,255.0,255.0,255.0
750,37.5,13.9134,0.0551,-32.0532,-0.009887346625480683,-0.041214600314412736,-0.38097382805480895,-0.09289142481545856,0.019250582745870437,0.07358151487493991,0,70,255.0,255.0,255.0
751,37.550000000000004,13.91279491593716,0.05306254976765389,-32.07215316223176,-0.01420806489896425,-0.04029907788057767,-0.37708161566760917,-0.07993730612386937,0.017370314607529087,0.08210698061303782,0,70,255.0,255.0,255.0
752,37.6,13.911989988609012,0.05106852532182688,-32.09090105701198,-0.017881077237867825,-0.03947756885365979,-0.37276312999350514,-0.06698318743228202,0.015490046469188003,0.09063244635113452,0,70,255.0,255.0,255.0
753,37.65,13.911017603312285,0.049113225992172854,-32.10942237067632,-0.02090638364219207,-0.038750073233658956,-0.36801837103249624,-0.05402906874069466,0.01360977833084692,0.09915791208923122,0,70,255.0,255.0,255.0
754,37.7,13.909910145343703,0.047191951108345655,-32.12769578956044,-0.023283984111937273,-0.03811659102057509,-0.36284733878458175,-0.04107495004910546,0.011729510192505569,0.10768337782732912,0,70,255.0,255.0,255.0
755,37.75,13.9087,0.0453,-32.1457,-0.025013878647102764,-0.03757712221440838,-0.3572500332497632,-0.028120831357518028,0.00984924205416432,0.11620884356542538,0,70,255.0,255.0,255.0
756,37.800000000000004,13.907416012993579,0.04343414737576241,-32.163415792752424,-0.02630844230696362,-0.03704314407678357,-0.35135271973500276,-0.023661715036911765,0.01150988345082606,0.11968369702497149,0,70,255.0,255.0,255.0
757,37.85,13.906072871699571,0.04159706946015214,-32.18083237626229,-0.027380050150794005,-0.036426133869325764,-0.3452816635472659,-0.019202598716306134,0.013170524847487566,0.1231585504845171,0,70,255.0,255.0,255.0
758,37.9,13.90468172390877,0.03979291785666059,-32.19794106339593,-0.028228702178594123,-0.03572609159203489,-0.3390368646865517,-0.014743482395700508,0.014831166244149072,0.12663340394406272,0,70,255.0,255.0,255.0
759,37.95,13.903253717411976,0.03802584416877915,-32.214733167019716,-0.028854398390364046,-0.03494301724491083,-0.3326183231528594,-0.010284366075094243,0.01649180764081081,0.13010825740360882,0,70,255.0,255.0,255.0
760,38.0,13.9018,0.0363,-32.2312,-0.029257138786103594,-0.034076910827953805,-0.32602603894619075,-0.0058252497544884485,0.01815244903747215,0.13358311086315489,0,70,255.0,255.0,255.0
761,38.050000000000004,13.900333032088513,0.034618460729295544,-32.247331666758555,-0.029358165873177983,-0.03319234581228775,-0.319187505392436,0.0017841662715132704,0.01723015158916704,0.13995823128701304,0,70,255.0,255.0,255.0
762,38.1,13.898870524592702,0.03297999683756425,-32.26311343793889,-0.02907872215895232,-0.03235389566903707,-0.3120302158174893,0.009393582297513909,0.01630785414086206,0.1463333517108703,0,70,255.0,255.0,255.0
763,38.15,13.897431501052639,0.0313823025811851,-32.27852937573994,-0.028418807643426643,-0.031561560398201634,-0.3045541702213498,0.017002998323514547,0.015385556692557083,0.15270847213472755,0,70,255.0,255.0,255.0
764,38.2,13.896034985008383,0.029823072216537128,-32.29356354236068,-0.027378422326600784,-0.030815339999781345,-0.29675936860401625,0.024612414349516266,0.014463259244251972,0.15908359255858573,0,70,255.0,255.0,255.0
765,38.25,13.8947,0.0283,-32.3082,-0.025957566208475034,-0.030115234473776415,-0.288645810965491,0.032221830375516985,0.013540961795946688,0.16545871298244208,0,70,255.0,255.0,255.0
766,38.300000000000004,13.893444658652367,0.026811209707054553,-32.32242394021336,-0.024210894200314928,-0.029435472674065054,-0.2802812586952462,0.03764504995088136,0.013649510192505503,0.16912337782732184,0,70,255.0,255.0,255.0
767,38.35,13.892283429929615,0.025356543189590578,-32.336225071982156,-0.022193061213386885,-0.028750283454525846,-0.27173347318275864,0.04306826952624497,0.013758058589064301,0.17278804267220108,0,70,255.0,255.0,255.0
768,38.400000000000006,13.891229871880677,0.023936271818599066,-32.34959423364427,-0.01990406724769033,-0.0280596668151586,-0.26300245442802583,0.048491489101609345,0.013866606985623116,0.1764527075170808,0,70,255.0,255.0,255.0
769,38.45,13.890297542554492,0.022550666965071808,-32.362522263537585,-0.017343912303225916,-0.027363622755963518,-0.2540882024310503,0.05391470867697295,0.013975155382181914,0.18011737236196004,0,70,255.0,255.0,255.0
770,38.5,13.8895,0.0212,-32.375,-0.01451259637999334,-0.02666215127694049,-0.2449907171918309,0.05933792825233662,0.01408370377874088,0.18378203720683794,0,70,255.0,255.0,255.0
771,38.550000000000004,13.888851533302013,0.019884700442485487,-32.387017372388,-0.011366257325562212,-0.025945763491451636,-0.23565545982657068,0.06651563392489773,0.014571807640810733,0.18962825740353845,0,70,255.0,255.0,255.0
772,38.6,13.888369355688837,0.018605830404073185,-32.39856067413249,-0.007861032987503524,-0.025204970512859397,-0.22602789145147684,0.0736933395974578,0.015059911502880515,0.19547447760023812,0,70,255.0,255.0,255.0
773,38.650000000000006,13.888071411424656,0.01736461014441791,-32.40961528968299,-0.003996923365816276,-0.024439772341163565,-0.21610801206654656,0.08087104527001891,0.015548015364950369,0.20132069779693862,0,70,255.0,255.0,255.0
774,38.7,13.887975644773649,0.01616225992317518,-32.42016660348899,0.00022607153949843074,-0.023650168976364343,-0.20589582167178275,0.088048750942579,0.01603611922702015,0.2071669179936383,0,70,255.0,255.0,255.0
775,38.75,13.8881,0.015,-32.4302,0.004807951728441123,-0.022836160418461635,-0.19539132026718392,0.09522645661513908,0.016524223089089907,0.21301313819033885,0,70,255.0,255.0,255.0
776,38.800000000000004,13.88846280813958,0.013878788523002837,-32.43970097023464,0.009771923502558465,-0.02201347336012802,-0.18460090199845822,0.10333241434953773,0.0163832592442518,0.21860359255865203,0,70,255.0,255.0,255.0
777,38.85,13.889083947315035,0.012798535194116462,-32.44865543148787,0.015141193163394986,-0.021197834494036432,-0.17353096101131846,0.11143837208393523,0.016242295399413714,0.22419404692696437,0,70,255.0,255.0,255.0
778,38.900000000000006,13.889983682420699,0.011758887603728473,-32.45704940762379,0.020915760710952205,-0.02038924382018663,-0.16218149730576142,0.11954432981833388,0.01610133155457561,0.22978450129527755,0,70,255.0,255.0,255.0
779,38.95,13.891182278350907,0.010759493342227068,-32.464868922506476,0.027095626145228483,-0.019587701338578848,-0.1505525108817904,0.1276502875527314,0.015960367709737525,0.23537495566358993,0,70,255.0,255.0,255.0
780,39.0,13.8927,0.0098,-32.4721,0.03368078946622462,-0.018793207049212966,-0.13864400173940378,0.13575624528712893,0.015819403864899412,0.24096541003190275,0,70,255.0,255.0,255.0
781,39.050000000000004,13.894553234139664,0.008880145465502599,-32.478730746673456,0.04043856331532815,-0.018000343068035864,-0.1265809321795598,0.1345547086769893,0.015895155382182013,0.2415573723618159,0,70,255.0,255.0,255.0
782,39.1,13.896742855051023,0.008000028819460785,-32.484757599916016,0.04713626033392374,-0.017203691510994743,-0.11448826450322185,0.13335317206684982,0.015970906899464607,0.24214933469172897,0,70,255.0,255.0,255.0
783,39.150000000000006,13.89926585889255,0.007159839440667509,-32.49017907982183,0.05377388052201331,-0.01640325237808938,-0.10236599871038654,0.1321516354567102,0.016046658416747208,0.2427412970216421,0,70,255.0,255.0,255.0
784,39.2,13.902119241822717,0.006359766707916219,-32.49499370648511,0.06035142387959496,-0.01559902566932,-0.0902141348010573,0.13095009884657074,0.016122409934029802,0.24333325935155517,0,70,255.0,255.0,255.0
785,39.25,13.9053,0.0056,-32.4992,0.06686889040666964,-0.014791011384686494,-0.0780326727752324,0.12974856223643105,0.016198161451312323,0.24392522168146824,0,70,255.0,255.0,255.0
786,39.300000000000004,13.908821855301758,0.004880629614986301,-32.50278724307154,0.07432982323614518,-0.013985154367728115,-0.06526736928335196,0.1686887509425644,0.016036119227020085,0.2666869179937061,0,70,255.0,255.0,255.0
787,39.35,13.91276543248087,0.004201349528040253,-32.505707768848076,0.08373776550092604,-0.013187399461984462,-0.051363980975861576,0.20762893964869222,0.01587407700272787,0.2894486143059407,0,70,255.0,255.0,255.0
788,39.400000000000006,13.917228082009105,0.0035617546336009316,-32.50790467308886,0.09509271720101495,-0.012397746667455306,-0.03632250785275731,0.24656912835482558,0.01571203477843563,0.3122103106181785,0,70,255.0,255.0,255.0
789,39.45,13.922307154358228,0.002961439826107789,-32.509321051553094,0.10839467833640867,-0.011616195984140874,-0.020142949914043445,0.2855093170609534,0.015549992554143416,0.3349720069304131,0,70,255.0,255.0,255.0
790,39.5,13.9281,0.0024,-32.5099,0.12364364890710866,-0.010842747412041054,-0.002825307159717909,0.32444950576708065,0.0153879503298512,0.3577337032426477,0,70,255.0,255.0,255.0
791,39.550000000000004,13.93472814465331,0.001875736074551837,-32.50957388104043,0.14229014374010482,-0.010155039461051283,0.016274409312945153,0.4214102875527025,0.012120367709737264,0.4062549556638096,0,70,255.0,255.0,255.0
792,39.6,13.9424098150255,0.0013817730683780914,-32.50823212469169,0.16578467766237884,-0.009630710641067287,0.037800188406663285,0.5183710693383106,0.008852785089623793,0.4547762080849646,0,70,255.0,255.0,255.0
793,39.650000000000006,13.951387413071037,0.0009099420249283365,-32.50575342782275,0.19412725067393732,-0.009269760952088915,0.061752030121442605,0.6153318511239323,0.005585202469509857,0.5032974605061264,0,70,255.0,255.0,255.0
794,39.7,13.961903340744382,0.0004520739876524231,-32.50201648730253,0.22731786277477223,-0.00907219039411627,0.08812993445727632,0.7122926329095404,0.0023176198493963848,0.5518187129272816,0,70,255.0,255.0,255.0
795,39.75,13.9742,0.0,-32.4969,0.2653565139648873,-0.00903799896714929,0.11693390141416761,0.8092534146951489,-0.0009499627707170305,0.6003399653484366,0,70,255.0,255.0,255.0
796,39.800000000000004,13.98846556608501,-0.00045237391319392147,-32.49031003276677,0.3049896018034344,-0.009042687788066469,0.14652173203166202,0.7760700988465994,0.0007624099340299217,0.5831732593512392,0,70,255.0,255.0,255.0
797,39.85,14.004671307417135,-0.0009028418015527042,-32.482262132385166,0.34296352384954853,-0.008961757973746308,0.1752512273492925,0.7428867829980548,0.0024747826387766306,0.5660065533540443,0,70,255.0,255.0,255.0
798,39.900000000000006,14.02273426570676,-0.0013471227333146085,-32.47279921562017,0.37927828010324066,-0.00879520952418879,0.20312238736706714,0.7097034671495053,0.0041871553435235825,0.5488398473568469,0,70,255.0,255.0,255.0
799,39.95,14.042571482664254,-0.0017809357767176414,-32.46196419923679,0.4139338705645004,-0.008543042439393956,0.23013521208497809,0.6765201513009605,0.005899528048270292,0.5316731413596519,0,70,255.0,255.0,255.0
800,40.0,14.0641,-0.0022,-32.4498,0.44693029523333283,-0.008205256719361792,0.2562897015030293,0.6433368354524136,0.007611900753017098,0.5145064353624589,0,70,255.0,255.0,255.0
801,40.050000000000004,14.087250391006654,-0.002601440421776383,-32.436343587892495,0.47907944904617017,-0.007866209386682754,0.28194266256035666,0.6426293170609705,0.005949992554143293,0.5116120069305462,0,70,255.0,255.0,255.0
802,40.1,14.112007355305957,-0.0029880058621673503,-32.421608145767664,0.5111932269394308,-0.007610257463947442,0.3074509021960847,0.6419217986695275,0.004288084355269724,0.508717578498634,0,70,255.0,255.0,255.0
803,40.150000000000006,14.138369124101938,-0.0033638510916701976,-32.40560090969658,0.5432716289131239,-0.0074374009511557855,0.33281442041022075,0.6412142802780842,0.0026261761563959206,0.5058231500667214,0,70,255.0,255.0,255.0
804,40.2,14.16633392859861,-0.0037331308807820015,-32.38832911575033,0.5753146549672401,-0.007347639848307834,0.35803321720275755,0.6405067618866412,0.0009642679575223518,0.5029287216348092,0,70,255.0,255.0,255.0
805,40.25,14.1959,-0.0041,-32.3698,0.6073223051017842,-0.007340974155403556,0.38310729257369885,0.6397992434951956,-0.0006976402413512092,0.5000342932028983,0,70,255.0,255.0,255.0
806,40.300000000000004,14.227061669888384,-0.004467464399700753,-32.35002201566326,0.6390606020119048,-0.007348474665202419,0.40796361772695877,0.6297326329095219,0.0003976198493966857,0.4942187129274124,0,70,255.0,255.0,255.0
807,40.35,14.259797671359037,-0.0048339347497779635,-32.3290084845442,0.6702955683927374,-0.007301212170463894,0.43252916386644086,0.6196660223238496,0.0014928799401444253,0.4884031326519273,0,70,255.0,255.0,255.0
808,40.400000000000006,14.294082837885503,-0.0051966729000048634,-32.30677394559351,0.7010272042442905,-0.007199186671187967,0.45680393099215216,0.609599411738176,0.00258814003089232,0.48258755237644146,0,70,255.0,255.0,255.0
809,40.45,14.329892002941312,-0.005552940700154481,-32.28333293776188,0.7312555095665559,-0.007042398167374666,0.4807879191040857,0.5995328011525037,0.00368340012164006,0.4767719721009564,0,70,255.0,255.0,255.0
810,40.5,14.3672,-0.0059,-32.2587,0.7609804843595376,-0.006830846659023983,0.504481128202245,0.5894661905668315,0.004778660212387764,0.4709563918254709,0,70,255.0,255.0,255.0
811,40.550000000000004,14.405982929439828,-0.006235901979420791,-32.23288914945446,0.7902781429062343,-0.006611891952507516,0.5279148665318686,0.5824401513009417,0.003979528048270157,0.466393141359396,0,70,255.0,255.0,255.0
812,40.6,14.446221959257903,-0.0065618551387208604,-32.20591231605553,0.8192244994896326,-0.006432893854196956,0.5511204423381854,0.575414112035053,0.003180395884152664,0.4618298908933218,0,70,255.0,255.0,255.0
813,40.650000000000006,14.48789952435607,-0.006879857308310593,-32.17778090792937,0.8478195541097405,-0.00629385236409225,0.5740978556212014,0.5683880727691633,0.0023812637200350574,0.45726664042724696,0,70,255.0,255.0,255.0
814,40.7,14.530998059636156,-0.007191906318600193,-32.148506333202135,0.8760633067665498,-0.006194767482193441,0.5968471063809108,0.5613620335032745,0.0015821315559175642,0.45270338996117276,0,70,255.0,255.0,255.0
815,40.75,14.5755,-0.0075,-32.1181,0.9039557574600647,-0.006135639208500504,0.6193681946173162,0.554335994237384,0.0007829993918001057,0.448140139495095,0,70,255.0,255.0,255.0
816,40.800000000000004,14.621387412352325,-0.007805727682616249,-32.08657418651887,0.931474826363168,-0.0060919575247674355,0.6416089161455675,0.546426761886653,0.0009642679575224857,0.44148872163488323,0,70,255.0,255.0,255.0
817,40.85,14.66864089160936,-0.00810904469533865,-32.05394465123365,0.9585984336487309,-0.006039212412748255,0.6635170667808051,0.538517529535923,0.0011455365232448398,0.43483730377467233,0,70,255.0,255.0,255.0
818,40.900000000000006,14.71724066469024,-0.008409497866752984,-32.020228022689004,0.985326579316761,-0.005977403872442949,0.6850926465230353,0.530608297185192,0.0013268050889672198,0.42818588591446055,0,70,255.0,255.0,255.0
819,40.95,14.767166958514077,-0.008706634025444852,-31.98544092942957,1.0116592633672508,-0.005906531903851533,0.7063356553722518,0.522699064834462,0.001508073654689574,0.42153446805424966,0,70,255.0,255.0,255.0
820,41.0,14.8184,-0.009,-31.9496,1.0375964858002042,-0.005826596506974001,0.7272460933284578,0.5147898324837286,0.0016893422204119213,0.4148830501940397,0,70,255.0,255.0,255.0
821,41.050000000000004,14.870920221150898,-0.009289187290114364,-31.912720504470037,1.0631505516411124,-0.005740277948422696,0.7479054688858365,0.5073728011525127,0.001763400121639975,0.4114919721010415,0,70,255.0,255.0,255.0
822,41.1,14.92470887430467,-0.009573966079924588,-31.874812279009827,1.0883337659154562,-0.005650256494810001,0.7683952905385626,0.49995576982129797,0.001837458022868018,0.4081008940080438,0,70,255.0,255.0,255.0
823,41.150000000000006,14.979747416883004,-0.009854151224677683,-31.83588380131459,1.113146128623243,-0.005556532146135891,0.7887155582866415,0.4925387384900822,0.0019115159240960717,0.4047098159150456,0,70,255.0,255.0,255.0
824,41.2,15.036017306307553,-0.010129557579620497,-31.795943549079574,1.1375876397644653,-0.0054591049024003925,0.8088662721300677,0.4851217071588674,0.0019855738253241146,0.4013187378220479,0,70,255.0,255.0,255.0
825,41.25,15.0935,-0.0104,-31.755,1.161658299339127,-0.005357974763603491,0.8288474320688441,0.4777046758276491,0.002059631726552158,0.3979276597290511,0,70,255.0,255.0,255.0
826,41.300000000000004,15.152176503044112,-0.010665523156926435,-31.713062995600964,1.1853309670724013,-0.00526693068154174,0.8485772083111015,0.4692020335032488,0.0015821315559175634,0.39126338996117743,0,70,255.0,255.0,255.0
827,41.35,15.212026011171972,-0.010927090984963044,-31.670147832727025,1.2085785026894524,-0.005199761608011728,0.8679737710649625,0.4606993911788497,0.0011046313852830368,0.3845991201933048,0,70,255.0,255.0,255.0
828,41.400000000000006,15.273027267777788,-0.011185897234536479,-31.626271172052604,1.231400906190287,-0.0051564675430134385,0.8870371203304326,0.4521967488544495,0.0006271312146484422,0.3779348504254311,0,70,255.0,255.0,255.0
829,41.45,15.335159016255732,-0.011443135656073257,-31.581449674252124,1.253798177574898,-0.005137048486546881,0.9057672561075062,0.4436941065300504,0.00014963104401391546,0.37127058065755847,0,70,255.0,255.0,255.0
830,41.5,15.3984,-0.0117,-31.5357,1.2757703168432895,-0.005141504438612047,0.9241641783961864,0.4351914642056478,-0.00032786912662061823,0.3646063108896884,0,70,255.0,255.0,255.0
831,41.550000000000004,15.46272976667269,-0.01195752008218002,-31.489037913126086,1.2973655800692943,-0.005159999325410324,0.9422816978697831,0.42861906483447443,-0.0004119263453104124,0.3600944680541202,0,70,255.0,255.0,255.0
832,41.6,15.528131081007455,-0.01221606998022328,-31.44147559008205,1.3186322233267376,-0.005182697073143088,0.9601736252015989,0.422046665463302,-0.0004959835640001946,0.3555826252185526,0,70,255.0,255.0,255.0
833,41.650000000000006,15.594587512005887,-0.01247585983717658,-31.393024310474956,1.3395702466156252,-0.005209597681810345,0.9778399603916388,0.4154742660921286,-0.0005800407826899888,0.3510707823829844,0,70,255.0,255.0,255.0
834,41.7,15.662082628669546,-0.012737099796086565,-31.34369535391191,1.360179649935951,-0.005240701151412086,0.9952807034398978,0.40890186672095613,-0.000664098001379771,0.3465589395474168,0,70,255.0,255.0,255.0
835,41.75,15.7306,-0.013,-31.2935,1.3804604332877182,-0.005276007481948319,1.0124958543463787,0.4023294673497748,-0.0007481552200695879,0.3420470967118465,0,70,255.0,255.0,255.0
836,41.800000000000004,15.800122030265168,-0.01326439651435361,-31.242450151894662,1.4003427126504362,-0.005293072016816956,1.0294480002097295,0.39296170715887396,6.557382532415004e-05,0.3360387378221303,0,70,255.0,255.0,255.0
837,41.85,15.870626464798221,-0.013528629094143874,-31.190560206944767,1.4197566040036063,-0.00526945009941591,1.0460997281285922,0.38359394696797444,0.0008793028707177722,0.3300303789324149,0,70,255.0,255.0,255.0
838,41.900000000000006,15.942089884198705,-0.01379066341675738,-31.137845186047542,1.4387021073472341,-0.005205141729745172,1.0624510381029715,0.37422618677707364,0.0016930319161115102,0.32402202004269864,0,70,255.0,255.0,255.0
839,41.95,16.01448886906612,-0.014048465159580572,-31.084320110100215,1.457179222681314,-0.005100146907804763,1.0785019301328627,0.3648584265861741,0.0025067609615051323,0.31801366115298324,0,70,255.0,255.0,255.0
840,42.0,16.0878,-0.0143,-31.03,1.4751879500058493,-0.004954465633594674,1.0942524042182677,0.35549066639527105,0.003320490006898734,0.3120053022632554,0,70,255.0,255.0,255.0
841,42.050000000000004,16.162001312266685,-0.014544093860405666,-30.97489907929526,1.4928155693289833,-0.0048197126073218485,1.1097503012912915,0.34961410653002983,0.0020696310440138288,0.30791058065763616,0,70,255.0,255.0,255.0
842,42.1,16.23707665979968,-0.014783013643201264,-30.919028382138876,1.5101493606588527,-0.004747502529193279,1.125043462284032,0.3437375466647895,0.0008187720811291006,0.30381585905201747,0,70,255.0,255.0,255.0
843,42.150000000000006,16.31301135119935,-0.015019886495794072,-30.862398145334858,1.5271893239954628,-0.004737835399208946,1.1401318871964934,0.3378609867995483,-0.0004320868817558046,0.2997211374463982,0,70,255.0,255.0,255.0
844,42.2,16.389790695066008,-0.015257839565591236,-30.80501860568723,1.5439354593388082,-0.004790711217368851,1.155015576028672,0.33198442693430796,-0.0016829458446405328,0.2956264158407796,0,70,255.0,255.0,255.0
845,42.25,16.4674,-0.0155,-30.7469,1.5603877666888917,-0.00490612998367299,1.1696945287805698,0.3261078670690676,-0.0029338048075252324,0.29153169423515735,0,70,255.0,255.0,255.0
846,42.300000000000004,16.545823120668146,-0.01574882804402385,-30.688053530924293,1.5764590100336429,-0.005044077553895625,1.184110794625134,0.31674186672092786,-0.002584098001379694,0.28511893954735557,0,70,255.0,255.0,255.0
847,42.35,16.625038096003074,-0.016004116333051117,-30.628494264499725,1.592061953360985,-0.005164539783810965,1.1982064227353058,0.30737586637278946,-0.002234391195234206,0.27870618485955473,0,70,255.0,255.0,255.0
848,42.400000000000006,16.705021511003956,-0.016264990600066503,-30.568238232613,1.607196596670922,-0.005267516673419046,1.2119814131110898,0.29800986602464974,-0.0018846843890886677,0.27229343017175295,0,70,255.0,255.0,255.0
849,42.45,16.785749950669885,-0.01653057657805457,-30.507301467150857,1.6218629399634503,-0.005353008222719838,1.2254357657524817,0.28864386567651135,-0.0015349775829431793,0.26588067548395206,0,70,255.0,255.0,255.0
850,42.5,16.8672,-0.0168,-30.4457,1.6360609832385715,-0.005421014431713355,1.2385694806594831,0.27927786532836407,-0.0011852707767976908,0.2594679207961459,0,70,255.0,255.0,255.0
851,42.550000000000004,16.949349405060786,-0.017072593963499062,-30.383449197007543,1.6498603905364373,-0.0054839771770956785,1.251422520208211,0.27269842658621446,-0.0013332390384950211,0.2546536611529198,0,70,255.0,255.0,255.0
852,42.6,17.03218055618803,-0.017348521024594322,-30.320561759862215,1.6633308258971935,-0.0055543383355628586,1.2640348467747755,0.26611898784406574,-0.0014812073001923304,0.2498394015096944,0,70,255.0,255.0,255.0
853,42.650000000000006,17.11567700478489,-0.017628151103940105,-30.257049724213097,1.676472289320844,-0.005632097907114914,1.2764064603591807,0.25953954910191607,-0.0016291755618896607,0.2450251418664683,0,70,255.0,255.0,255.0
854,42.7,17.199822302254496,-0.017911854122190568,-30.19292512570933,1.6892847808073854,-0.005717255891751825,1.2885373609614226,0.2529601103597674,-0.00177714382358697,0.24021088222324288,0,70,255.0,255.0,255.0
855,42.75,17.2846,-0.0182,-30.1282,1.7017683003568194,-0.005809812289473602,1.3004275485815036,0.24638067161762223,-0.0019251120852843001,0.23539662258001393,0,70,255.0,255.0,255.0
856,42.800000000000004,17.36999285908875,-0.018492796101980045,-30.062886481045503,1.7138754278206192,-0.0059000137377217265,1.312071124542025,0.23790442693432537,-0.0016829458446403671,0.2303464158407933,0,70,255.0,255.0,255.0
857,42.85,17.455980479244833,-0.018789799568571647,-29.996997096051413,1.7255587430502524,-0.005978106873937643,1.3234621901655832,0.22942818225102973,-0.0014407796039964686,0.2252962091015734,0,70,255.0,255.0,255.0
858,42.900000000000006,17.542541669856544,-0.01909040498417328,-29.930544470534556,1.7368182460457224,-0.006044091698121375,1.3346007454521824,0.22095193756773288,-0.0011986133633525354,0.22024600236235278,0,70,255.0,255.0,255.0
859,42.95,17.629655240312168,-0.019394006933183255,-29.863541230011805,1.7476539368070259,-0.0060979682102729,1.3454867904018188,0.21247569288443724,-0.000956447122708637,0.2151957956231329,0,70,255.0,255.0,255.0
860,43.0,17.7173,-0.0197,-29.796,1.7580658153341648,-0.006139736410392232,1.3561203250144946,0.20399944820114158,-0.0007142808820647384,0.21014558888390766,0,70,255.0,255.0,255.0
861,43.050000000000004,17.805455158584248,-0.020008221628580916,-29.727933678810412,1.7680778981811054,-0.006195967872017438,1.3664849816236921,0.19648386567644785,-0.001534977582943265,0.20444067548395303,0,70,255.0,255.0,255.0
862,43.1,17.894101526832678,-0.020320280701119152,-29.659356255932128,1.77771420190181,-0.006293234168686555,1.37656439256289,0.18896828315175518,-0.002355674283821675,0.19873576208399923,0,70,255.0,255.0,255.0
863,43.150000000000006,17.983220315788994,-0.020638228959366983,-29.590281993648624,1.786974726496281,-0.0064315353003996135,1.386358557832092,0.18145270062706145,-0.0031763709847002016,0.1930308486840446,0,70,255.0,255.0,255.0
864,43.2,18.07279273649687,-0.020964118145076517,-29.520725154243415,1.7958594719645165,-0.006610871267156574,1.3958674774312951,0.1739371181023688,-0.003997067685578611,0.1873259352840908,0,70,255.0,255.0,255.0
865,43.25,18.1628,-0.0213,-29.4507,1.804368438306517,-0.006831242068957452,1.4050911513605,0.1664215355776797,-0.0048177643864570074,0.1816210218841352,0,70,255.0,255.0,255.0
866,43.300000000000004,18.253223306574302,-0.021647117383696447,-29.38022040371281,1.8125009794549543,-0.0070441147742085685,1.4140529489631855,0.15888011035978458,-0.0036971438235869278,0.17685088222325399,0,70,255.0,255.0,255.0
867,43.35,18.344043813424484,-0.022003477626951803,-29.309298680220067,1.8202564493424958,-0.007200956451316159,1.4227762395828256,0.15133868514189053,-0.0025765232607170077,0.17208074256237346,0,70,255.0,255.0,255.0
868,43.400000000000006,18.435242666987534,-0.022366279178359014,-29.237946754870908,1.8276348479691436,-0.007301767100280265,1.4312610232194232,0.14379725992399542,-0.0014559026978469285,0.16731060290149224,0,70,255.0,255.0,255.0
869,43.45,18.526801013700386,-0.02273272048651078,-29.166176553014505,1.8346361753348956,-0.007346546721100861,1.4395072998729752,0.13625583470610136,-0.000335282134977008,0.16254046324061172,0,70,255.0,255.0,255.0
870,43.5,18.6187,-0.0231,-29.094,1.841260431439753,-0.007335295313777965,1.4475150695434833,0.12871440948820023,0.0007853384278928913,0.1577703235797312,0,70,255.0,255.0,255.0
871,43.550000000000004,18.710920415118604,-0.02346650883663348,-29.021429506338325,1.8474861839990695,-0.007339573031148364,1.4552552225235575,0.12031569288444359,-0.0009564471227088063,0.15183579562321142,0,70,255.0,255.0,255.0
872,43.6,18.803441619469407,-0.023835408791073678,-28.94847942318761,1.8532920007281974,-0.0074309400260488346,1.4626986491058047,0.11191697628068814,-0.002698232673310256,0.14590126766669248,0,70,255.0,255.0,255.0
873,43.650000000000006,18.89624261626092,-0.024211054327197213,-28.875164586867708,1.8586778816271385,-0.007609396298479405,1.469845349290227,0.10351825967693148,-0.004440018223911954,0.1399667397101727,0,70,255.0,255.0,255.0
874,43.7,18.98930240870162,-0.024597799908880464,-28.801499833698546,1.8636438266958908,-0.007874941848440025,1.4766953230768223,0.09511954307317604,-0.0061818037745134035,0.13403221175365376,0,70,255.0,255.0,255.0
875,43.75,19.0826,-0.025,-28.7275,1.8681898359344553,-0.008227576675930711,1.4832485704655916,0.08672082646940815,-0.007923589325114888,0.12809768379713482,0,70,255.0,255.0,255.0
876,43.800000000000004,19.176115032951333,-0.025420447269769827,-28.653179170933846,1.8723542845487504,-0.008573593101198072,1.4895501609426194,0.0798571181023822,-0.005917067685578315,0.12396593528396381,0,70,255.0,255.0,255.0
877,43.85,19.269829708697902,-0.025855687208753537,-28.5785484270295,1.8761755477446935,-0.008819283444488565,1.4956451639939883,0.07299340973535723,-0.003910546046042028,0.11983418677079338,0,70,255.0,255.0,255.0
878,43.900000000000006,19.36372686796883,-0.026300703512852415,-28.503618097658208,1.8796536255222862,-0.008964647705802265,1.501533579619699,0.06612970136833127,-0.001904024406505455,0.11570243825762236,0,70,255.0,255.0,255.0
879,43.95,19.45778935149316,-0.026750479877967498,-28.428398512191286,1.8827885178815271,-0.009009685885139129,1.5072154078197506,0.05926599300130629,0.00010249723303083248,0.11157068974445193,0,70,255.0,255.0,255.0
880,44.0,19.552,-0.0272,-28.3529,1.8855802248224163,-0.008954397982499182,1.5126906485941436,0.05240228463426533,0.0021090188725671477,0.1074389412312744,0,70,255.0,255.0,255.0
881,44.050000000000004,19.646341053076117,-0.02764610208428743,-28.277133809926244,1.8879926778059257,-0.008910054564059432,1.517904133705943,0.04409583470610556,-0.0003352821349772747,0.1011004632406836,0,70,255.0,255.0,255.0
882,44.1,19.74079234573899,-0.028093042373912237,-28.2011148686944,1.8899898082930269,-0.008987926195996893,1.522800694918212,0.035789384777946985,-0.0027795831425213493,0.09476198525009369,0,70,255.0,255.0,255.0
883,44.150000000000006,19.835333111863815,-0.02854693162139342,-28.124859022499415,1.8915716162837204,-0.009188012878311589,1.5273803322309525,0.02748293484978722,-0.005223884150065772,0.08842350725950289,0,70,255.0,255.0,255.0
884,44.2,19.929942585325755,-0.0290138805792497,-28.048382117536292,1.8927381017780058,-0.009510314611003459,1.5316430456441625,0.019176484921628642,-0.007668185157609846,0.08208502926891298,0,70,255.0,255.0,255.0
885,44.25,20.0246,-0.0295,-27.9717,1.893489264775883,-0.00995483139407253,1.535588835157843,0.010870034993471833,-0.010112486165153853,0.07574655127831065,0,70,255.0,255.0,255.0
886,44.300000000000004,20.119284754744243,-0.030009544393080678,-27.894827989361136,1.8938350042275494,-0.010410188642564246,1.5392493042336426,0.0029595430731849254,-0.008101803774513243,0.07067221175366242,0,70,255.0,255.0,255.0
887,44.35,20.213976908346158,-0.03053934329559757,-27.817779298192903,1.8937852190832014,-0.01076501177152388,1.5426560563332092,-0.004950948847100858,-0.0060911213838729175,0.0655978722290149,0,70,255.0,255.0,255.0
888,44.400000000000006,20.308656684575965,-0.031084370001574217,-27.740566612344086,1.8933399093428394,-0.011019300780951534,1.5458090914565443,-0.012861440767387766,-0.004080438993232307,0.06052353270436668,0,70,255.0,255.0,255.0
889,44.45,20.403304307203843,-0.03163959780503387,-27.663202617663515,1.8924990750064627,-0.01117305567084713,1.5487084096036463,-0.02077193268767355,-0.0020697566025919822,0.05544919317971917,0,70,255.0,255.0,255.0
890,44.5,20.4979,-0.0322,-27.5857,1.8912627160740723,-0.011226276441210718,1.5513540107745158,-0.028682424607957557,-5.907421195161522e-05,0.05037485365506811,0,70,255.0,255.0,255.0
891,44.550000000000004,20.592424727946955,-0.032762120343390114,-27.50807103262916,1.8896753052839041,-0.011273190865683746,1.553770649359501,-0.0348140069987556,-0.0018175027669693478,0.04629068974432934,0,70,255.0,255.0,255.0
892,44.6,20.686862420876402,-0.03332878444369757,-27.43032633853397,1.8877813153741967,-0.011408026717907643,1.555983079748949,-0.04094558938955277,-0.0035759313219868305,0.04220652583359114,0,70,255.0,255.0,255.0
893,44.650000000000006,20.781197749832387,-0.03390438837231008,-27.35247612812419,1.8855807463449488,-0.011630783997882446,1.55799130194286,-0.04707717178035081,-0.005334359877004563,0.03812236192285237,0,70,255.0,255.0,255.0
894,44.7,20.875415385858908,-0.034493328200615014,-27.274530611809613,1.8830735981961617,-0.011941462705608094,1.559795315941234,-0.05320875417114798,-0.007092788432022046,0.034038198012114176,0,70,255.0,255.0,255.0
895,44.75,20.9695,-0.0351,-27.1965,1.8802598709278344,-0.01234006284108461,1.5613951217440716,-0.05934033656194515,-0.0088512169870395,0.029954034101377758,0,70,255.0,255.0,255.0
896,44.800000000000004,21.06343313346798,-0.035727574233359156,-27.118396680122178,1.8769517746368265,-0.01275304789470087,1.5626600983283307,-0.0729835150783626,-0.007668185157609518,0.020645029268981846,0,70,255.0,255.0,255.0
897,44.85,21.157183808148254,-0.03637431892961224,-27.040241747671192,1.8729615194199982,-0.013106881356845582,1.5634596246709698,-0.08662669359477813,-0.006485153328179704,0.011336024436587256,0,70,255.0,255.0,255.0
898,44.900000000000006,21.250717916094555,-0.03703727650918587,-26.962058475159104,1.8682891052773485,-0.013401563227518842,1.5637937007719893,-0.10026987211119559,-0.005302121498749722,0.0020270196041913442,0,70,255.0,255.0,255.0
899,44.95,21.34400134936056,-0.03771348939250629,-26.883870135098018,1.8629345322088786,-0.01363709350672057,1.5636623266313892,-0.11391305062761112,-0.004119089669319908,-0.007281985228203246,0,70,255.0,255.0,255.0
900,45.0,21.437,-0.0384,-26.8057,1.8568978002145877,-0.013813472194450812,1.563065502249169,-0.12755622914402487,-0.00293605783989008,-0.016590990060590727,0,70,255.0,255.0,255.0
901,45.050000000000004,21.529678738181165,-0.03909398272317359,-26.727576646882092,1.8501175961687952,-0.013938617555512877,1.5616849573271492,-0.14365193268765739,-0.002069756602592122,-0.03863080682019852,0,70,255.0,255.0,255.0
902,45.1,21.6219983465306,-0.039793139837853556,-26.649549870781254,1.8425326069458219,-0.014020447854710032,1.5592024215671492,-0.15974763623128763,-0.0012034553652942874,-0.06067062357980318,0,70,255.0,255.0,255.0
903,45.150000000000006,21.71391858578946,-0.04049530559094686,-26.571674771239344,1.834142832545666,-0.014058963092042302,1.5556178949691686,-0.17584333977492014,-0.00033715412799632935,-0.08271044033941097,0,70,255.0,255.0,255.0
904,45.2,21.80539921669888,-0.04119831422936006,-26.4940064477983,1.8249482729683297,-0.014054163267509672,1.5509313775332083,-0.19193904331855038,0.0005291471093015051,-0.10475025709901563,0,70,255.0,255.0,255.0
905,45.25,21.8964,-0.0419,-26.4166,1.8149489282138123,-0.014006048381112152,1.545142869259268,-0.20803474686217882,0.001395448346599465,-0.1267900738586114,0,70,255.0,255.0,255.0
906,45.300000000000004,21.98688951380741,-0.042598894873946844,-26.339502332349408,1.8046738406879785,-0.013956481883247713,1.5387440723631027,-0.20296875417113994,0.0005872115679779887,-0.12916180198798008,0,70,255.0,255.0,255.0
907,45.35,22.076871605729377,-0.043296321718973636,-26.262727569203793,1.7946520527966978,-0.013947327224314347,1.5322266890604697,-0.19790276148010177,-0.00022102521064337266,-0.13153353011734842,0,70,255.0,255.0,255.0
908,45.400000000000006,22.16635894074766,-0.04399430112702715,-26.186281639883465,1.7848835645399679,-0.013978584404312055,1.5255907193513676,-0.19283676878906292,-0.001029261989264849,-0.13390525824671712,0,70,255.0,255.0,255.0
909,45.45,22.25536418384395,-0.044694853690053715,-26.110170473708763,1.7753683759177914,-0.014050253423240826,1.5188361632357978,-0.18777077609802476,-0.0018374987678862103,-0.13627698637608546,0,70,255.0,255.0,255.0
910,45.5,22.3439,-0.0454,-26.0344,1.7661064869301666,-0.014162334281100664,1.51196302071376,-0.1827047834069795,-0.002645735546507419,-0.13864871450544136,0,70,255.0,255.0,255.0
911,45.550000000000004,22.431976806589248,-0.046111237781039406,-25.95897882372024,1.7569630410793,-0.014283454911496352,1.504810753220418,-0.1830330506276518,-0.0021990896693197238,-0.1474419852282129,0,70,255.0,255.0,255.0
912,45.6,22.519596030551916,-0.046827973286252,-25.883926252403562,1.7478031818674011,-0.014382243248032642,1.4972188221909386,-0.18336131784832405,-0.0017524437921320924,-0.15623525595098317,0,70,255.0,255.0,255.0
913,45.650000000000006,22.606756851219977,-0.04754908990094503,-25.809264269226748,1.7386269092944673,-0.01445869929070956,1.4891872276253195,-0.18368958506899635,-0.0013057979149443974,-0.16502852667375473,0,70,255.0,255.0,255.0
914,45.7,22.69345844792535,-0.04827347101042532,-25.73501485736663,1.7294342233605013,-0.014512823039527088,1.4807159695235628,-0.1840178522896686,-0.000859152037756766,-0.173821797396525,0,70,255.0,255.0,255.0
915,45.75,22.7797,-0.049,-25.6612,1.7202251240655018,-0.014544614494485231,1.4718050478856681,-0.18434611951033553,-0.0004125061605691205,-0.18261506811928996,0,70,255.0,255.0,255.0
916,45.800000000000004,22.865481659835638,-0.04972735400189592,-25.5878407727696,1.71105799499478,-0.01454169847076692,1.462508914755213,-0.182339043318502,0.0005291471093015613,-0.18923025709888308,0,70,255.0,255.0,255.0
917,45.85,22.950807472062973,-0.050453385136018485,-25.51495462118196,1.7019912197336513,-0.014491699783555082,1.4528820221757797,-0.1803319671266688,0.0014708003791721093,-0.19584544607847523,0,70,255.0,255.0,255.0
918,45.900000000000006,23.0356824543725,-0.05117573926919323,-25.442558083209505,1.693024798282113,-0.0143946184328497,1.4429243701473653,-0.1783248909348353,0.002412453649042791,-0.20246063505806836,0,70,255.0,255.0,255.0
919,45.95,23.12011162445468,-0.051892062268245255,-25.370667696824704,1.6841587306401675,-0.014250454418650806,1.4326359586699724,-0.17631781474300207,0.003354106918913339,-0.2090758240376605,0,70,255.0,255.0,255.0
920,46.0,23.2041,-0.0526,-25.2993,1.6753930168078137,-0.014059207740958384,1.4220167877436003,-0.17431073855116885,0.004295760188783984,-0.21569101301725624,0,70,255.0,255.0,255.0
921,46.050000000000004,23.287651754068232,-0.05329854621137728,-25.228471685201317,1.666676978941584,-0.013901751205435929,1.4110575877587623,-0.17433077609798636,0.002002501232113714,-0.22267698637622205,0,70,255.0,255.0,255.0
922,46.1,23.370767681196202,-0.05399208616967417,-25.158200062868588,1.6579599391980149,-0.013858957617746992,1.3997490891059778,-0.1743508136448039,-0.0002907577245562301,-0.22966295973518688,0,70,255.0,255.0,255.0
923,46.150000000000006,23.45344773129008,-0.05468635302228255,-25.088502597935186,1.6492418975771035,-0.013930826977891567,1.3880912917852433,-0.1743708511916214,-0.0025840166812265003,-0.23664893309415272,0,70,255.0,255.0,255.0
924,46.2,23.535691854255962,-0.055387079916593904,-25.01939675533453,1.6405228540788526,-0.014117359285869631,1.3760841957965622,-0.17439088873843894,-0.004877275637896444,-0.24363490645311753,0,70,255.0,255.0,255.0
925,46.25,23.6175,-0.0561,-24.9509,1.6318028087032606,-0.014418554541681184,1.363727801139933,-0.17441092628525645,-0.007170534594566361,-0.25062087981208236,0,70,255.0,255.0,255.0
926,46.300000000000004,23.69887292389148,-0.05682886115259532,-24.88303008642509,1.6231300892388842,-0.014715296707489285,1.3510047342097165,-0.17249785228976028,-0.004699152037756685,-0.258301797396529,0,70,255.0,255.0,255.0
927,46.35,23.77981460315222,-0.05756947018528494,-24.815805927343682,1.6145530234742842,-0.014888469745456878,1.3378976214002796,-0.17058477829426438,-0.00222776948094736,-0.26598271498097453,0,70,255.0,255.0,255.0
928,46.400000000000006,23.86032982046724,-0.05831564864167702,-24.749246725049716,1.6060716114094578,-0.014938073655584009,1.3244064627116188,-0.1686717042987682,0.00024361307586231486,-0.27366363256542114,0,70,255.0,255.0,255.0
929,46.45,23.940423358521496,-0.05906121806537935,-24.683371681837173,1.5976858530444071,-0.014864108437870662,1.3105312581437374,-0.16675863030327231,0.0027149956326716403,-0.2813445501498667,0,70,255.0,255.0,255.0
930,46.5,24.0201,-0.0598,-24.6182,1.5893957483791312,-0.014666574092316857,1.2962720076966334,-0.16484555630777464,0.00518637818948095,-0.2890254677343176,0,70,255.0,255.0,255.0
931,46.550000000000004,24.099363750365896,-0.06052760917824179,-24.553750369098292,1.5811546641028622,-0.014453061964606986,1.281659475402336,-0.16479781474295904,0.0033541069189131573,-0.29547582403753003,0,70,255.0,255.0,255.0
932,46.6,24.178215506194924,-0.061246833089186194,-24.490039427756688,1.572915966904835,-0.014331163400425524,1.2667244252928802,-0.16475007317814344,0.0015218356483456242,-0.30192618034074153,0,70,255.0,255.0,255.0
933,46.650000000000006,24.256655386841018,-0.06196225241100984,-24.42708330186592,1.5646796567850476,-0.014300878399772435,1.2514668573682612,-0.16470233161332784,-0.00031043562222216915,-0.308376536643954,0,70,255.0,255.0,255.0
934,46.7,24.33468351165807,-0.06267844782188892,-24.364898117316777,1.556445733743502,-0.014362206962647728,1.2358867716284843,-0.16465459004851227,-0.002142706892789702,-0.31482689294716554,0,70,255.0,255.0,255.0
935,46.75,24.4123,-0.0634,-24.3035,1.5482141977801973,-0.014515149089051393,1.2199841680735468,-0.16460684848370022,-0.0039749781633572345,-0.32127724925036816,0,70,255.0,255.0,255.0
936,46.800000000000004,24.48950567464497,-0.06413030213443789,-24.242905237181713,1.5400272543496443,-0.014688455434082745,1.2037493641809565,-0.1628708887383992,-0.0029572756378962914,-0.32811490645319014,0,70,255.0,255.0,255.0
937,46.85,24.566304172068083,-0.06486799745797041,-24.18313076162957,1.5319271089063573,-0.014810876652841032,1.1871726774282274,-0.16113492899309842,-0.0019395731124354932,-0.3349525636560111,0,70,255.0,255.0,255.0
938,46.900000000000006,24.64269983216873,-0.06561054171428414,-24.12419366748656,1.523913761450334,-0.014882412745326291,1.1702541078153548,-0.1593989692477974,-0.0009218705869745501,-0.3417902208588331,0,70,255.0,255.0,255.0
939,46.95,24.718696994846244,-0.06635539064706518,-24.066111048895703,1.5159872119815772,-0.014903063711538498,1.1529936553423437,-0.15766300950249662,9.583193848624813e-05,-0.34862787806165413,0,70,255.0,255.0,255.0
940,47.0,24.7943,-0.0671,-24.0089,1.508147460500085,-0.014872829551477666,1.1353913200091916,-0.15592704975720117,0.001113534463947019,-0.3554655352644698,0,70,255.0,255.0,255.0
941,47.050000000000004,24.869512751054252,-0.06784238228400705,-23.95257828217482,1.5003683184985719,-0.014825116299062194,1.1174070678738313,-0.15523863030329993,0.0007949956326716751,-0.36390455014988315,0,70,255.0,255.0,255.0
942,47.1,24.944337405532735,-0.0685827770789323,-23.89716632572502,1.4926235974697548,-0.014793329988210495,1.099000864994203,-0.15455021084939877,0.00047645680139637644,-0.3723435650352953,0,70,255.0,255.0,255.0
943,47.150000000000006,25.018775684484112,-0.06932198073185418,-23.8426852281878,1.4849132974136316,-0.014777470618922558,1.0801727113703012,-0.15386179139549752,0.00015791797012103248,-0.38078257992070863,0,70,255.0,255.0,255.0
944,47.2,25.09282930895698,-0.07006078958985064,-23.78915608710039,1.477237418330205,-0.01477753819119839,1.0609226070021314,-0.1531733719415964,-0.00016062086115426616,-0.3892215948061208,0,70,255.0,255.0,255.0
945,47.25,25.1665,-0.0708,-23.7366,1.469595960219473,-0.014793532705037986,1.0412505518896915,-0.15248495248769167,-0.00047915969242960654,-0.3976606096915276,0,70,255.0,255.0,255.0
946,47.300000000000004,25.23978972113805,-0.07154016872953432,-23.685036834118982,1.4620034716560664,-0.014811079369668464,1.0212303643237226,-0.1512145900485424,-0.00022270689278939025,-0.4031468929471598,0,70,255.0,255.0,255.0
947,47.35,25.312701405800976,-0.07228089422630049,-23.63448153547034,1.4544745012146185,-0.014815803394316927,1.0009358625949751,-0.14994422760939333,3.374590685078951e-05,-0.4086331762027912,0,70,255.0,255.0,255.0
948,47.400000000000006,25.38523822989488,-0.07302153535829967,-23.584947819762196,1.447009048895127,-0.014807704778983383,0.9803670467034429,-0.14867386517024406,0.00029019870649100586,-0.4141194594584234,0,70,255.0,255.0,255.0
949,47.45,25.457403369325853,-0.0737614509935325,-23.536449402702704,1.439607114697594,-0.014786783523667827,0.9595239166491322,-0.14740350273109498,0.0005466515061311856,-0.4196057427140548,0,70,255.0,255.0,255.0
950,47.5,25.5292,-0.0745,-23.489,1.4322686986220183,-0.014753039628370268,0.9384064724320397,-0.14613314029194946,0.0008031043057714071,-0.42509202596968887,0,70,255.0,255.0,255.0
951,47.550000000000004,25.60063076439357,-0.07523694279785606,-23.442614381349227,1.4249617948771574,-0.014730566222263842,0.9169514748312542,-0.14614300950246067,9.583193848561951e-05,-0.43310787806166057,0,70,255.0,255.0,255.0
952,47.6,25.671696171263374,-0.0759736460158658,-23.39731153239362,1.4176543976717721,-0.014743456434521702,0.8950956846258731,-0.14615287871297192,-0.0006114404288000675,-0.4411237301536311,0,70,255.0,255.0,255.0
953,47.650000000000006,25.742396195936404,-0.07671187783494765,-23.353111492763382,1.41034650700586,-0.014791710265143854,0.8728391018158903,-0.14616274792348313,-0.0013187127960858553,-0.4491395822456028,0,70,255.0,255.0,255.0
954,47.7,25.81273081373962,-0.07745340643601963,-23.31003430208877,1.4030381228794235,-0.014875327714130283,0.8501817264013122,-0.14617261713399438,-0.002025985163371542,-0.45715543433757333,0,70,255.0,255.0,255.0
955,47.75,25.8827,-0.0782,-23.2681,1.3957292452924617,-0.014994308781480996,0.8271235583821356,-0.14618248634450381,-0.002733257530657257,-0.4651712864295474,0,70,255.0,255.0,255.0
956,47.800000000000004,25.9523048212877,-0.07895286007904181,-23.227328040484085,1.388485348835308,-0.015114655741276288,0.8036997363512434,-0.1435733719416168,-0.0020806208611540253,-0.4717815948060626,0,70,255.0,255.0,255.0
957,47.85,26.021550709145533,-0.0797109217102364,-23.187735534955188,1.3813719080982998,-0.015202370867596406,0.7799453989015287,-0.14096425753873013,-0.0014279841916508865,-0.4783919031825768,0,70,255.0,255.0,255.0
958,47.900000000000006,26.090444186359537,-0.08047255330191022,-23.149339009184246,1.3743889230814348,-0.015257454160441374,0.7558605460329849,-0.1383551431358431,-0.000775347522147655,-0.48500221155909196,0,70,255.0,255.0,255.0
959,47.95,26.158991775715684,-0.0812361232623893,-23.112154988942205,1.3675363937847151,-0.015279905619811176,0.7314451777456189,-0.13574602873295646,-0.00012271085264451602,-0.4916125199356062,0,70,255.0,255.0,255.0
960,48.0,26.2272,-0.082,-23.0762,1.3608143202081397,-0.015269725245705825,0.7066992940394271,-0.13313691433007513,0.0005299258168586229,-0.4982228283121204,0,70,255.0,255.0,255.0
961,48.050000000000004,26.295073950455667,-0.08276281688597709,-23.041491056714417,1.354136809781609,-0.01524281081263107,0.6815935797637688,-0.1339635027311293,0.0005466515061314528,-0.5060057427141276,0,70,255.0,255.0,255.0
962,48.1,26.362612992154496,-0.08352426714318875,-23.00804712778562,1.3474179699350266,-0.01521506009509268,0.6560987197680137,-0.13479009113218335,0.0005633771954042803,-0.5137886571161335,0,70,255.0,255.0,255.0
963,48.150000000000006,26.429815058625504,-0.08428430895741199,-22.975887670499617,1.3406578006683905,-0.015186473093090642,0.6302147140521547,-0.1356166795332375,0.0005801028846771103,-0.5215715715181407,0,70,255.0,255.0,255.0
964,48.2,26.49667808339767,-0.08504290051442344,-22.94503214214241,1.3338563019817027,-0.015157049806624969,0.6039415626161989,-0.13644326793429157,0.0005968285739499378,-0.5293544859201467,0,70,255.0,255.0,255.0
965,48.25,26.5632,-0.0858,-22.9155,1.3270134738749624,-0.015126790235695652,0.5772792654601431,-0.13726985633534738,0.0006135542632227653,-0.5371374003221501,0,70,255.0,255.0,255.0
966,48.300000000000004,26.62938017688967,-0.08655587237705024,-22.887310132658236,1.3202154120382295,-0.015114101008199377,0.5502619445936493,-0.1346526171339517,-0.00010598516337178589,-0.5435554343375094,0,70,255.0,255.0,255.0
967,48.35,26.695223722236495,-0.0873120097170088,-22.860479153902318,1.313548212161567,-0.015137388752032827,0.5229237220263915,-0.1320353779325564,-0.0008255245899662349,-0.5499734683528678,0,70,255.0,255.0,255.0
968,48.400000000000006,26.76073717913849,-0.08807021086844237,-22.835023108817275,1.3070118742449737,-0.015196653467196007,0.4952645977583617,-0.12941813873116073,-0.0015450640165607862,-0.556391502368227,0,70,255.0,255.0,255.0
969,48.45,26.825927090693657,-0.08883227467991724,-22.810958042488156,1.3006063982884508,-0.0152918951536889,0.46728457178956795,-0.12680089952976545,-0.002264603443155235,-0.5628095363835854,0,70,255.0,255.0,255.0
970,48.5,26.8908,-0.0896,-22.7883,1.2943317842919977,-0.015423113811511516,0.4389836441200064,-0.12418366032837014,-0.0029841428697496564,-0.569227570398946,0,70,255.0,255.0,255.0
971,48.550000000000004,26.955361341985693,-0.09037449360582238,-22.767065212652636,1.288121542065465,-0.015548785154571382,0.4103506418616399,-0.12422602873291809,-0.0020427108526445167,-0.5760925199356158,0,70,255.0,255.0,255.0
972,48.6,27.019612118899545,-0.09115409398877623,-22.747270656605117,1.2819091814187058,-0.015627384896775978,0.38137439212644403,-0.12426839713746603,-0.0011012788355395109,-0.5829574694722847,0,70,255.0,255.0,255.0
973,48.650000000000006,27.08355222482056,-0.09193644756881908,-22.728933494231274,1.2756947023517182,-0.01565891303812533,0.35205489491441055,-0.12431076554201398,-0.000159846818434371,-0.5898224190089545,0,70,255.0,255.0,255.0
974,48.7,27.147181553827714,-0.09271920076590787,-22.712070887904954,1.269478104864504,-0.015643369578619424,0.3223921502255478,-0.12435313394656192,0.0007815851986706346,-0.5966873685456233,0,70,255.0,255.0,255.0
975,48.75,27.2105,-0.0935,-22.6967,1.2632593889570627,-0.015580754518258268,0.2923861580598516,-0.12439550235110275,0.0017230172157756962,-0.6035523180822953,0,70,255.0,255.0,255.0
976,48.800000000000004,27.273508055167593,-0.0942773531996607,-22.68283861673121,1.2570744196999266,-0.015522758373515124,0.26199948795978595,-0.12300326793431952,0.0005968285739498575,-0.6119144859202263,0,70,255.0,255.0,255.0
977,48.85,27.33620860216534,-0.09505321432788638,-22.670507019677217,1.2509590621636306,-0.015521071660863275,0.23119470946782814,-0.1216110335175365,-0.0005293600678758213,-0.6202766537581562,0,70,255.0,255.0,255.0
978,48.900000000000006,27.398605121579305,-0.09583039885628189,-22.659726114257623,1.2449133163481727,-0.015575694380302716,0.1999718225839694,-0.12021879910075325,-0.00165554870970166,-0.6286388215960873,0,70,255.0,255.0,255.0
979,48.95,27.460701093995507,-0.09661172225645152,-22.65051680589202,1.238937182253555,-0.015686626531833434,0.16833082730821858,-0.11882656468397022,-0.0027817373515273388,-0.6370009894340173,0,70,255.0,255.0,255.0
980,49.0,27.5225,-0.0974,-22.6429,1.2330306598797764,-0.01585386811545543,0.13627172364057125,-0.11743433026718719,-0.003907925993352879,-0.6453631572719484,0,70,255.0,255.0,255.0
981,49.050000000000004,27.58400483734397,-0.09819689359553528,-22.636895520422524,1.2271647791348514,-0.01600818135136814,0.10385940629918186,-0.11720089952978936,-0.0022646034431550153,-0.6511295363835164,0,70,255.0,255.0,255.0
982,49.1,27.6452166724391,-0.09899944869967833,-22.63251886468601,1.2213105699267972,-0.01608032845977095,0.07115877000221871,-0.11696746879239156,-0.0006212808929573852,-0.6568959154950837,0,70,255.0,255.0,255.0
983,49.150000000000006,27.706136088862266,-0.0998035570060539,-22.629784448738228,1.2154680322556122,-0.016070309440663868,0.03816981474967251,-0.11673403805499373,0.0010220416572404778,-0.6626622946066518,0,70,255.0,255.0,255.0
984,49.2,27.76676367019028,-0.10060511020828626,-22.628706688526968,1.209637166121298,-0.01597812429404691,0.0048925405415526195,-0.11650060731759594,0.0026653642074381083,-0.6684286737182191,0,70,255.0,255.0,255.0
985,49.25,27.8271,-0.1014,-22.6293,1.2038179715238533,-0.015803773019920076,-0.028673052622145607,-0.11626717658020524,0.004308686757635821,-0.6741950528297865,0,70,255.0,255.0,255.0
986,49.300000000000004,27.887147795456574,-0.1021854724181986,-22.631579301578693,1.198138463760683,-0.0156285162210124,-0.06255711315653398,-0.11091313394659277,0.002701585198670544,-0.6811673685456325,0,70,255.0,255.0,255.0
987,49.35,27.946918308078263,-0.1029641908734004,-22.63556152157875,1.1927266581291938,-0.015533614500053007,-0.09678978947670978,-0.10555909131298107,0.0010944836397054946,-0.6881396842614776,0,70,255.0,255.0,255.0
988,49.400000000000006,28.00642492297169,-0.10374017311950305,-22.64126409078946,1.1875825546293846,-0.015519067857041862,-0.13137108158268276,-0.10020504867936861,-0.0005126179192597828,-0.6951119999773236,0,70,255.0,255.0,255.0
989,49.45,28.0656810252434,-0.10451743691040374,-22.648704440000113,1.1827061532612568,-0.015584876291978973,-0.1663009894744431,-0.0948510060457569,-0.002119719478224832,-0.7020843156931688,0,70,255.0,255.0,255.0
990,49.5,28.1247,-0.1053,-22.6579,1.1780974540248095,-0.015731039804864334,-0.20157951315199563,-0.08949696341214519,-0.0037268210371898813,-0.7090566314090134,0,70,255.0,255.0,255.0
991,49.550000000000004,28.183502380829783,-0.10609081673167074,-22.668861673262708,1.1741853658224068,-0.015893753764582266,-0.23681495367307412,-0.06698656468395135,-0.002781737351526872,-0.7003609894340054,0,70,255.0,255.0,255.0
992,49.6,28.242137295247847,-0.1068885878067202,-22.681574248998995,1.1713987975564142,-0.016009213540017032,-0.2716156120953972,-0.04447616595576072,-0.0018366536658639973,-0.6916653474589984,0,70,255.0,255.0,255.0
993,49.650000000000006,28.300661019251034,-0.10769095051593443,-22.696015988103937,1.1697377492268308,-0.016077419131168662,-0.3059814884189749,-0.02196576722756688,-0.0008915699802009881,-0.6829697054839904,0,70,255.0,255.0,255.0
994,49.7,28.359129828836142,-0.10849554215009903,-22.712165151472583,1.1692022208336572,-0.016098370538037136,-0.3399125826437973,0.0005446315006237545,5.351370546188665e-05,-0.6742740635089834,0,70,255.0,255.0,255.0
995,49.75,28.4176,-0.1093,-22.73,1.1697922123768931,-0.01607206776062247,-0.37340889476986944,0.023055030228810836,0.0009985973911249002,-0.665578421533978,0,70,255.0,255.0,255.0
996,49.800000000000004,28.476118681224325,-0.11010246065511882,-22.74950200537049,1.1709600729496739,-0.016028468720658398,-0.4066630721511774,0.023659392682414244,0.000745364207437727,-0.664588673718228,0,70,255.0,255.0,255.0
997,49.85,28.53469651093035,-0.11090305789971894,-22.770665482425272,1.1721581516451345,-0.015997531339878697,-0.43986776214169315,0.024263755136017567,0.00049213102375059,-0.6635989259024783,0,70,255.0,255.0,255.0
998,49.900000000000006,28.59333500002422,-0.11170242481675978,-22.793487956794817,1.1733864484632757,-0.015979255618283342,-0.4730229647414262,0.024868117589620976,0.0002388978400634168,-0.6626091780867284,0,70,255.0,255.0,255.0
999,49.95,28.65203565941205,-0.11250119448920036,-22.81796695410957,1.1746449634040967,-0.015973641555872352,-0.506128679950367,0.0254724800432243,-1.4335343623720275e-05,-0.6616194302709787,0,70,255.0,255.0,255.0
1000,50.0,28.7108,-0.1133,-22.8441,1.1759336964675977,-0.01598068915264571,-0.5391849077685203,0.026076842496825847,-0.0002675685273107742,-0.6606296824552329,0,70,255.0,255.0,255.0
1001,50.050000000000004,28.769632494272944,-0.11409934064785437,-22.871883105255346,1.1774303423788757,-0.015992371352784106,-0.5721007577222342,0.03378899395428578,-0.0001997194782249576,-0.6560043156932079,0,70,255.0,255.0,255.0
1002,50.1,28.828549461030768,-0.11489918059440418,-22.901306221299922,1.1793125958630264,-0.01600066110046821,-0.6047853393378422,0.04150114541174461,-0.00013187042913915067,-0.6513789489311836,0,70,255.0,255.0,255.0
1003,50.150000000000006,28.887570180652133,-0.11569935021702699,-22.93235778471683,1.18158045692005,-0.01600555839569802,-0.6372386526153535,0.04921329686920454,-6.402138005333409e-05,-0.6467535821691588,0,70,255.0,255.0,255.0
1004,50.2,28.946713933515657,-0.11649967989309978,-22.96502623208916,1.1842339255499468,-0.01600706323847354,-0.6694606975547589,0.056925448326663367,3.8276690324728435e-06,-0.6421282154071345,0,70,255.0,255.0,255.0
1005,50.25,29.006,-0.1173,-22.9993,1.1872730017527162,-0.016005175628794777,-0.7014514741560632,0.06463759978412931,7.167671811830756e-05,-0.6375028486451066,0,70,255.0,255.0,255.0
1006,50.300000000000004,29.06544654168392,-0.11810017675346411,-23.03516877360814,1.1906305575348348,-0.016002045868205264,-0.7332858969599171,0.06966463150060001,5.3513705462181043e-05,-0.6358740635089355,0,70,255.0,255.0,255.0
1007,50.35,29.12506724494658,-0.11890021972266443,-23.072627232375048,1.1942394649027763,-0.015999824258248557,-0.7650388805069578,0.07469166321707,3.535069280605711e-05,-0.6342452783727646,0,70,255.0,255.0,255.0
1008,50.400000000000006,29.184874677367294,-0.11970017431513284,-23.11167130433789,1.1980997238565418,-0.01599851079892466,-0.7967104247971943,0.07971869493354071,1.7187680149930595e-05,-0.6326164932365934,0,70,255.0,255.0,255.0
1009,50.45,29.244881406525334,-0.1205000859384008,-23.152296917533818,1.2022113343961303,-0.015998105490233564,-0.828300529830618,0.0847457266500107,-9.753325061933384e-07,-0.6309877081004225,0,70,255.0,255.0,255.0
1010,50.5,29.3051,-0.1213,-23.1945,1.2065742965215427,-0.015998608332175278,-0.8598091956072331,0.08977275836648246,-1.913834516220625e-05,-0.629358922964256,0,70,255.0,255.0,255.0
1011,50.550000000000004,29.365542938991403,-0.12209995233828966,-23.23827540031212,1.211183427481785,-0.015999445174394916,-0.8911716544381154,0.09459248004319645,-1.433534362335024e-05,-0.6251394302709308,0,70,255.0,255.0,255.0
1012,50.6,29.42622235918291,-0.12289994051493823,-23.283613649199904,1.2160335445258625,-0.016000041866537612,-0.9223231386343271,0.09941220171990978,-9.532342084494913e-06,-0.6209199375776061,0,70,255.0,255.0,255.0
1013,50.650000000000006,29.487150309878725,-0.12369995252244215,-23.33050419793164,1.2211246476537763,-0.01600039840860337,-0.953263648195877,0.10423192339662377,-4.729340545638902e-06,-0.6167004448842809,0,70,255.0,255.0,255.0
1014,50.7,29.548338840383018,-0.12449997635329732,-23.378936497775577,1.226456736865525,-0.016000514800592176,-0.9839931831227561,0.10905164507333708,7.366099321642379e-08,-0.6124809521909563,0,70,255.0,255.0,255.0
1015,50.75,29.6098,-0.1253,-23.4289,1.232029812161109,-0.016000391042504045,-1.014511743414969,0.11387136675004506,4.876662532182774e-06,-0.6082614594976317,0,70,255.0,255.0,255.0
1016,50.800000000000004,29.67154650235049,-0.12610001389337772,-23.48038482514342,1.2378837325380287,-0.016000173434214934,-1.044859485287593,0.12028544832672187,3.827669032219116e-06,-0.6056482154072172,0,70,255.0,255.0,255.0
1017,50.85,29.733593718321785,-0.12690001821758276,-23.53338377082535,1.2440583569937813,-0.016000008275600823,-1.0750765649556917,0.12669952990339778,2.778675532255607e-06,-0.6030349713168032,0,70,255.0,255.0,255.0
1018,50.900000000000006,29.795957683117848,-0.12770001559509905,-23.587890303935584,1.2505536855283688,-0.01599989556666171,-1.1051629824192741,0.13311361148007458,1.7296820322919487e-06,-0.6004217272263888,0,70,255.0,255.0,255.0
1019,50.95,29.858654431942604,-0.1285000086484102,-23.64389789136387,1.257369718141789,-0.015999835307397594,-1.1351187376783314,0.1395276930567505,6.8068853232844e-07,-0.5978084831359747,0,70,255.0,255.0,255.0
1020,51.0,29.9217,-0.1293,-23.7014,1.2645064548340432,-0.015999827497808476,-1.1649438307328681,0.14594177463342817,-3.683049676905803e-07,-0.5951952390455606,0,70,255.0,255.0,255.0
1021,51.050000000000004,29.985109451606675,-0.13009999208819983,-23.76039009911423,1.271905642366128,-0.01599986108874533,-1.1946384044115208,0.15002572664992933,-9.75332506458811e-07,-0.5925877081004459,0,70,255.0,255.0,255.0
1022,51.1,30.04889396752996,-0.13089998661473085,-23.820861667498697,1.2795090274990364,-0.015999925031059122,-1.2242026015429137,0.15410967866642988,-1.5823600452269554e-06,-0.5899801771553317,0,70,255.0,255.0,255.0
1023,51.150000000000006,30.11306375764993,-0.13169998509716205,-23.882808186326063,1.287316610232771,-0.016000019324749853,-1.2536364221270548,0.15819363068293105,-2.189387583995186e-06,-0.587372646210217,0,70,255.0,255.0,255.0
1024,51.2,30.17762903184659,-0.13249998905306212,-23.94622313676895,1.2953283905673296,-0.01600014396981752,-1.2829398661639362,0.1622775826994316,-2.7964151227633305e-06,-0.5847651152651027,0,70,255.0,255.0,255.0
1025,51.25,30.2426,-0.1333,-24.0111,1.3035443685027135,-0.01600029896626213,-1.3121129336535617,0.1663615347159375,-3.4034426614204527e-06,-0.5821575843199849,0,70,255.0,255.0,255.0
1026,51.300000000000004,30.30798849122285,-0.1341000177538233,-24.077431578399697,1.3120616979974473,-0.016000382210803826,-1.3411148970663365,0.1743316450733875,7.366099358282144e-08,-0.5779209521908989,0,70,255.0,255.0,255.0
1027,51.35,30.373812811558377,-0.13490003532349404,-24.14520795917986,1.3209775330100524,-0.01600029160016277,-1.3699050288726524,0.18230175543083632,3.5507646485856018e-06,-0.5736843200618135,0,70,255.0,255.0,255.0
1028,51.400000000000006,30.44009288628249,-0.13570004401625324,-24.21441855076019,1.3302918735405311,-0.016000027134338967,-1.3984833290725185,0.1902718657882863,7.027868303588875e-06,-0.5694476879327275,0,70,255.0,255.0,255.0
1029,51.45,30.506848640671063,-0.13650003513934156,-24.285052761560337,1.3400047195888813,-0.01599958881333241,-1.426849797665926,0.19824197614573516,1.0504971958591656e-05,-0.5652110558036421,0,70,255.0,255.0,255.0
1030,51.5,30.5741,-0.1373,-24.3571,1.350116071155104,-0.015998976637143104,-1.4550044346528797,0.2062120865031929,1.3982075613677702e-05,-0.5609744236745584,0,70,255.0,255.0,255.0
1031,51.550000000000004,30.641864583501953,-0.13809993689650732,-24.430550787287018,1.360487565644103,-0.015998610068039452,-1.483014007323146,0.20864769305672887,6.806885322996095e-07,-0.5594084831359963,0,70,255.0,255.0,255.0
1032,51.6,30.710150786236543,-0.1388998720912932,-24.505400095781866,1.3709808404607773,-0.015998908568289873,-1.5109452829664802,0.21108329961026448,-1.2620698549076593e-05,-0.5578425425974345,0,70,255.0,255.0,255.0
1033,51.650000000000006,30.778964697220164,-0.13969983883782558,-24.58164401063322,1.3815958956051295,-0.01599987213789436,-1.5387982615828901,0.21351890616380045,-2.5922085630454686e-05,-0.5562766020588723,0,70,255.0,255.0,255.0
1034,51.7,30.848312405469184,-0.1404998703895719,-24.659278616989706,1.3923327310771574,-0.01600150077685292,-1.566572943172368,0.2159545127173361,-3.922347271183089e-05,-0.5547106615203105,0,70,255.0,255.0,255.0
1035,51.75,30.9182,-0.1413,-24.7383,1.4031913468768622,-0.01600379448516554,-1.5942693277349178,0.21839011927087704,-5.252485979306831e-05,-0.5531447209817433,0,70,255.0,255.0,255.0
1036,51.800000000000004,30.988636374769367,-0.14210023466014782,-24.818702872452263,1.4143400394261205,-0.016005177517038435,-1.6218050736410916,0.22755758269941892,-2.796415122692445e-06,-0.5482851152651164,0,70,255.0,255.0,255.0
1037,51.85,31.059641643495468,-0.14290047631133332,-24.900476457692683,1.4259471051468042,-0.01600407412667781,-1.6490978392614302,0.23672504612795953,4.693202954767636e-05,-0.5434255095484902,0,70,255.0,255.0,255.0
1038,51.900000000000006,31.131238724836905,-0.14370060063244505,-24.98360860670698,1.438012544038917,-0.016000484314083668,-1.6761476245959415,0.2458925095565014,9.666047421805224e-05,-0.5385659038318634,0,70,255.0,255.0,255.0
1039,51.95,31.20345053745222,-0.14450048330237114,-25.068087170480844,1.450536356102455,-0.015994408079256006,-1.7029544296446173,0.255059972985042,0.00014638891888842104,-0.5337062981152372,0,70,255.0,255.0,255.0
1040,52.0,31.2763,-0.1453,-25.1539,1.4635185413374197,-0.015985845422194823,-1.729518254407462,0.2642274364135826,0.0001961173635588731,-0.5288466923986075,0,70,255.0,255.0,255.0
1041,52.050000000000004,31.349806717420616,-0.14609912446290188,-25.241032122903967,1.4767602766514067,-0.01598067986380687,-1.7556696981125202,0.2654419761458546,1.050497195914741e-05,-0.5172110558036181,0,70,255.0,255.0,255.0
1042,52.1,31.423977039781587,-0.1468982226633737,-25.329457273447424,1.4900627389520056,-0.015984794924998904,-1.7812393599878247,0.26665651587812644,-0.00017510741964055194,-0.5055754192086305,0,70,255.0,255.0,255.0
1043,52.150000000000006,31.498814003432262,-0.1476977586323948,-25.41914636253892,1.50342592823922,-0.01599819060577093,-1.8062272400333836,0.2678710556103984,-0.00036071981124027766,-0.49393978261364113,0,70,255.0,255.0,255.0
1044,52.2,31.574320644721954,-0.14849819640094383,-25.510070301086934,1.5168498445130458,-0.016020866906122935,-1.8306333382491895,0.2690855953426703,-0.000546332202839977,-0.48230414601865346,0,70,255.0,255.0,255.0
1045,52.25,31.6505,-0.1493,-25.6022,1.5303344877734852,-0.016052823826054927,-1.8544576546352465,0.270300135074935,-0.0007319445944397041,-0.47066850942366756,0,70,255.0,255.0,255.0
1046,52.300000000000004,31.72735435554821,-0.15010326748824515,-25.695507835931924,1.54383485396829,-0.016072103027733726,-1.877788133908848,0.269714512717211,-3.922347271224295e-05,-0.4625506615203172,0,70,255.0,255.0,255.0
1047,52.35,31.8048829973782,-0.15090663303517193,-25.789972048517633,1.5573059390452066,-0.016056746173326156,-1.900712720787279,0.269128890359487,0.0006534976490151197,-0.45443281361696797,0,70,255.0,255.0,255.0
1048,52.400000000000006,31.883084461434102,-0.15170836483797634,-25.8855723431374,1.5707477430042391,-0.01600675326283221,-1.9232314152705454,0.268543268001763,0.001346218770742581,-0.44631496571361756,0,70,255.0,255.0,255.0
1049,52.45,31.961957283659995,-0.15250673109385376,-25.982288425171436,1.5841602658453835,-0.0159221242962519,-1.9453442173586413,0.267957645644039,0.0020389398924699435,-0.4381971178102684,0,70,255.0,255.0,255.0
1050,52.5,32.0415,-0.1533,-26.0801,1.5975435075686415,-0.015802859273585223,-1.9670511270515698,0.2673720232863115,0.0027316610141973896,-0.43007926990691914,0,70,255.0,255.0,255.0
1051,52.550000000000004,32.12171106038659,-0.15408700558411795,-26.178986133368394,1.610892307475426,-0.015682908025258086,-1.9883137662521253,0.26657997298501457,0.002066388918887689,-0.420426298115226,0,70,255.0,255.0,255.0
1052,52.6,32.20258857070562,-0.15486884519593858,-26.27892333248206,1.6242015048671434,-0.015596220381696446,-2.009093756863093,0.26578792268371776,0.0014011168235780835,-0.4107733263235343,0,70,255.0,255.0,255.0
1053,52.650000000000006,32.284130550831385,-0.15564718201570035,-26.379887464911548,1.637471099743798,-0.01554279634290028,-2.029391098884479,0.26499587238242084,0.0007358447282683834,-0.40112035453184125,0,70,255.0,255.0,255.0
1054,52.7,32.36633502063809,-0.15642367922364137,-26.48185439822735,1.6507010921053857,-0.015522635908869603,-2.0492057923162776,0.26420382208112403,7.057263295877749e-05,-0.3914673827401495,0,70,255.0,255.0,255.0
1055,52.75,32.4492,-0.1572,-26.5848,1.6638914819519088,-0.015535739079604406,-2.068537837158492,0.2634117717798308,-0.0005946994623509394,-0.3818144109484649,0,70,255.0,255.0,255.0
1056,52.800000000000004,32.53272380290547,-0.15797751017528341,-26.688700430594565,1.6770599161299744,-0.015564264871234157,-2.0874048010826693,0.26332559534275113,-0.0005463322028389687,-0.372864146018572,0,70,255.0,255.0,255.0
1057,52.85,32.6169059197993,-0.15875638618107385,-26.793533021554165,1.6902240414861842,-0.015590372299888305,-2.1058242517603496,0.2632394189056715,-0.0004979649433270048,-0.36391388108868034,0,70,255.0,255.0,255.0
1058,52.900000000000006,32.701746135240406,-0.1595365070992227,-26.899275397216496,1.703383858020542,-0.015614061365566858,-2.123796189191538,0.26315324246859184,-0.00044959768381503404,-0.35496361615878735,0,70,255.0,255.0,255.0
1059,52.95,32.78724423378765,-0.16031775201158097,-27.00590518191921,1.7165393657330439,-0.015635332068269808,-2.1413206133762293,0.2630670660315122,-0.00040123042430307014,-0.3460133512288957,0,70,255.0,255.0,255.0
1060,53.0,32.8734,-0.1611,-27.1134,1.729690564623692,-0.015654184407997162,-2.1583975243144256,0.2629808895944272,-0.0003528631647911895,-0.33706308629901116,0,70,255.0,255.0,255.0
1061,53.050000000000004,32.960212927991535,-0.1618829537147487,-27.221737744253403,1.7428200280046566,-0.0156600324898052,-2.175043029417162,0.2621976456441153,0.0001189398924696619,-0.3287571178103882,0,70,255.0,255.0,255.0
1062,53.1,33.04768135009717,-0.16266561007976615,-27.33089738130131,1.755910329188104,-0.015642290418750197,-2.1912732360954648,0.2614144016938034,0.0005907429497304462,-0.3204511493217664,0,70,255.0,255.0,255.0
1063,53.150000000000006,33.13580330820706,-0.16344678958740935,-27.440858146222542,1.7689614681740373,-0.015600958194832152,-2.2070881443493393,0.2606311577434915,0.0010625460069912977,-0.31214518083314335,0,70,255.0,255.0,255.0
1064,53.2,33.224576844211285,-0.16422531273003502,-27.551599274095842,1.7819734449624534,-0.015536035818051071,-2.22248775417878,0.2598479137931796,0.001534349064252082,-0.30383921234452155,0,70,255.0,255.0,255.0
1065,53.25,33.314,-0.165,-27.6631,1.7949462595533536,-0.015447523288406954,-2.237472065583789,0.2590646698428696,0.0020061521215128802,-0.2955332438558891,0,70,255.0,255.0,255.0
1066,53.300000000000004,33.40407088512841,-0.1657698749657221,-27.775338992391887,1.8078839718514532,-0.01534760516954516,-2.252007081248692,0.25844382208107347,0.0019905726329585718,-0.28586738274019,0,70,255.0,255.0,255.0
1067,53.35,33.49478787981201,-0.16653477349986168,-27.88829265324061,1.8207906417614612,-0.015248466025111094,-2.2660588038578084,0.2578229743192775,0.001974993144404266,-0.2762015216244923,0,70,255.0,255.0,255.0
1068,53.400000000000006,33.586149431931425,-0.16729473455114033,-28.00193681789341,1.8336662692833814,-0.01515010585510473,-2.2796272334111416,0.2572021265574814,0.0019594136558499574,-0.26653566050879324,0,70,255.0,255.0,255.0
1069,53.45,33.678153989367225,-0.1680497970682793,-28.116247321697465,1.84651085441721,-0.015052524659526095,-2.292712369908688,0.25658127879568543,0.0019438341672956513,-0.2568697993930955,0,70,255.0,255.0,255.0
1070,53.5,33.7708,-0.1688,-28.2312,1.8593243971629485,-0.014955722438375174,-2.30531421335045,0.2559604310338788,0.001928254678741359,-0.24720393827739073,0,70,255.0,255.0,255.0
1071,53.550000000000004,33.86408593149487,-0.1695455464223633,-28.34677108617911,1.8721080845895812,-0.01486954683201419,-2.317456645588106,0.25538706603138794,0.0015187695756977077,-0.23849335122880713,0,70,255.0,255.0,255.0
1072,53.6,33.95801033065479,-0.1702872959207873,-28.462938405736274,1.8848631037660877,-0.014803845480805397,-2.329163548473331,0.25481370102889717,0.0011092844726541145,-0.22978276418022478,0,70,255.0,255.0,255.0
1073,53.650000000000006,34.0525717640673,-0.17102627220802977,-28.579680182203905,1.8975894546924714,-0.01475861838474878,-2.3404349220061285,0.25424033602640633,0.0006997993696104632,-0.22107217713164118,0,70,255.0,255.0,255.0
1074,53.7,34.14776879831987,-0.17176349899684806,-28.696974639114348,1.9102871373687287,-0.014733865543844349,-2.3512707661864956,0.2536669710239156,0.0002903142665668702,-0.21236159008305883,0,70,255.0,255.0,255.0
1075,53.75,34.2436,-0.1725,-28.8148,1.9229561517948612,-0.014729586958092096,-2.3616710810144337,0.25309360602142306,-0.00011917083647665361,-0.20365100303446582,0,70,255.0,255.0,255.0
1076,53.800000000000004,34.34006378889219,-0.17323673934482492,-28.933134262891738,1.935587689790228,-0.014742207502397733,-2.3716223363989086,0.25216791379319964,-0.00038565093574879136,-0.1943992123444921,0,70,255.0,255.0,255.0
1077,53.85,34.43715799756883,-0.17397444281698918,-29.05195452381432,1.9481729431741814,-0.014768152051666974,-2.381111002248883,0.25124222156497633,-0.0006521310350208913,-0.18514742165451964,0,70,255.0,255.0,255.0
1078,53.900000000000006,34.53488031179941,-0.17471377661674106,-29.171237653291058,1.9607119119467258,-0.014807420605899825,-2.3901370785643605,0.2503165293367529,-0.000918611134293029,-0.1758956309645459,0,70,255.0,255.0,255.0
1079,53.95,34.63322841735332,-0.17545540694432857,-29.290960521845186,1.973204596107857,-0.014860013165096277,-2.398700565345338,0.24939083710852963,-0.001185091233565129,-0.1666438402745735,0,70,255.0,255.0,255.0
1080,54.0,34.7322,-0.1762,-29.4111,1.9856509956575776,-0.014925929729256332,-2.4068014625918166,0.24846514488030458,-0.001451571332837201,-0.1573920495845904,0,70,255.0,255.0,255.0
1081,54.050000000000004,34.83179331293645,-0.17694749619833722,-29.531633462254003,1.9980851562494824,-0.014961623158394877,-2.414470008816259,0.24890127879583415,2.3834167295467548e-05,-0.1493497993930703,0,70,255.0,255.0,255.0
1082,54.1,34.932008879069876,-0.17769493281125606,-29.652540299006468,2.0105411235371613,-0.014923546312526795,-2.4217364425311243,0.24933741271136364,0.0014992396674279266,-0.14130754920155134,0,70,255.0,255.0,255.0
1083,54.150000000000006,35.0328477887351,-0.17843862132500643,-29.773800404631963,2.023018897520619,-0.014811699191652072,-2.428600763736414,0.2497735466268932,0.0029746451675605953,-0.1332652990100312,0,70,255.0,255.0,255.0
1084,54.2,35.13431113226688,-0.17917487322583786,-29.895393673504955,2.035518478199851,-0.014626081795770744,-2.435062972432127,0.2502096805424227,0.004450050667693054,-0.12522304881851223,0,70,255.0,255.0,255.0
1085,54.25,35.2364,-0.1799,-30.0173,2.0480398655748595,-0.014366694124882791,-2.441123068618264,0.2506458144579504,0.005925456167825527,-0.1171807986269755,0,70,255.0,255.0,255.0
1086,54.300000000000004,35.339114959362064,-0.1806116758618266,-30.13949668809231,2.060551685211904,-0.014115299864022946,-2.4466256283360184,0.249826971023787,0.004130314266567394,-0.10292159008317177,0,70,255.0,255.0,255.0
1087,54.35,35.44245448615167,-0.1813130259379867,-30.261950680159817,2.0730225626772385,-0.013953662698226033,-2.451415227626582,0.2490081275896237,0.002335172365309517,-0.08866238153937006,0,70,255.0,255.0,255.0
1088,54.400000000000006,35.54641653326026,-0.18200853808323364,-30.384626328181188,2.085452497970867,-0.013881782627492005,-2.455491866489955,0.2481892841554603,0.0005400304640513845,-0.07440317299556634,0,70,255.0,255.0,255.0
1089,54.45,35.650999053579234,-0.1827027001523203,-30.50748798413503,2.097841491092785,-0.013899659651820882,-2.4588555449261382,0.24737044072129702,-0.001255111437206493,-0.060143964451764634,0,70,255.0,255.0,255.0
1090,54.5,35.7562,-0.1834,-30.6305,2.1101895420429946,-0.014007293771212646,-2.461506262935131,0.24655159728711595,-0.0030502533384643704,-0.04588475590793806,0,70,255.0,255.0,255.0
1091,54.550000000000004,35.86201644961536,-0.18410340035435674,-30.75362458537681,2.1224441029028855,-0.01411317738551339,-2.4633154778396933,0.2436308371084704,-0.0011850912335649463,-0.0264838402745473,0,70,255.0,255.0,255.0
1092,54.6,35.96844197632348,-0.1848097634367973,-30.87681538035428,2.1345526257538423,-0.014125802894569155,-2.464154646962586,0.24071007692982524,0.0006800708713342127,-0.007082924641159297,0,70,255.0,255.0,255.0
1093,54.650000000000006,36.07546927822393,-0.1855144263420596,-31.000023882643372,2.146515110595868,-0.014045170298379954,-2.4640237703038093,0.2377893167511797,0.002545232976233637,0.012317990992231458,0,70,255.0,255.0,255.0
1094,54.7,36.183091053416256,-0.18621272616488121,-31.12320158995497,2.1583315574289603,-0.013871279596945802,-2.462922847863363,0.23486855657253455,0.004410395081132796,0.031718906625619464,0,70,255.0,255.0,255.0
1095,54.75,36.2913,-0.1869,-31.2463,2.17000196625312,-0.0136041307902667,-2.4608518796412477,0.23194779639389296,0.006275557186031969,0.05111982225901812,0,70,255.0,255.0,255.0
1096,54.800000000000004,36.400085642176556,-0.18757312272074683,-31.369276970400534,2.181335903176532,-0.013335990593923557,-2.4581924603052316,0.22140968054256244,0.0044500506676928425,0.05525695118162339,0,70,255.0,255.0,255.0
1097,54.85,36.50942480855444,-0.18823512031482434,-31.492115798423093,2.1921429343073764,-0.013159125723497396,-2.4553261845230856,0.21087156469123342,0.0026245441493539753,0.05939408010422807,0,70,255.0,255.0,255.0
1098,54.900000000000006,36.61929115384409,-0.18889055654852854,-31.61480614124541,2.202423059645656,-0.013073536178988168,-2.4522530522948083,0.2003334488399029,0.0007990376310148487,0.06353120902683335,0,70,255.0,255.0,255.0
1099,54.95,36.729658332755804,-0.18954399518815512,-31.737337656045142,2.2121762791913673,-0.013079221960395898,-2.448973063620402,0.18979533298857387,-0.001026468887324018,0.06766833794943802,0,70,255.0,255.0,255.0
1100,55.0,36.8405,-0.1902,-31.8597,2.2214025929445125,-0.013176183067720563,-2.445486218499865,0.1792572171372484,-0.0028519754056628988,0.0718054668720427,0,70,255.0,255.0,255.0
1101,55.050000000000004,36.95179058167849,-0.19086170876265632,-31.981882733021134,2.2301482843909777,-0.013278860238792302,-2.4417866809393605,0.1705704407213282,-0.0012551114372062713,0.0761760355481318,0,70,255.0,255.0,255.0
1102,55.1,37.06350758945875,-0.19152655530390555,-32.10387502595337,2.238459637016646,-0.013301694211441202,-2.4378686149450517,0.1618836643054093,0.0003417525312501288,0.0805466042242203,0,70,255.0,255.0,255.0
1103,55.150000000000006,37.1756293063998,-0.19219054746382674,-32.225665952375074,2.246336650821519,-0.013244684985667277,-2.4337320205169384,0.1531968878894891,0.0019386164997067567,0.08491717290030941,0,70,255.0,255.0,255.0
1104,55.2,37.288134015560566,-0.19284969308249858,-32.34724458586451,2.253779325805595,-0.013107832561470537,-2.429376897655021,0.14451011147357015,0.0035354804681631564,0.0892877415763979,0,70,255.0,255.0,255.0
1105,55.25,37.401,-0.1935,-32.4686,2.2607876619688754,-0.01289113693885098,-2.4248032463592994,0.13582333505764765,0.005132344436619529,0.09365831025248994,0,70,255.0,255.0,255.0
1106,55.300000000000004,37.514205631109576,-0.1941384422286283,-32.589720097515006,2.2673669592596264,-0.012652568450907157,-2.419940815937345,0.12734855657237032,0.004410395081132617,0.1008389066256682,0,70,255.0,255.0,255.0
1107,55.35,37.627729633610564,-0.19476585846955366,-32.71058809776343,2.2735225176261125,-0.012450097430737706,-2.414719355696733,0.1188737780870942,0.0036884457256458076,0.10801950299884544,0,70,255.0,255.0,255.0
1108,55.400000000000006,37.74155082055679,-0.19538405359616498,-32.83118604925437,2.2792543370683362,-0.012283723878342576,-2.4091388656374604,0.11039899960181689,0.0029664963701588956,0.1152000993720237,0,70,255.0,255.0,255.0
1109,55.45,37.855648005001996,-0.19599483248185082,-32.95149600049687,2.2845624175862946,-0.012153447793721808,-2.40319934575953,0.10192422111654076,0.002244547014672086,0.12238069574520094,0,70,255.0,255.0,255.0
1110,55.5,37.97,-0.1966,-33.0715,2.28944675917999,-0.012059269176875382,-2.396900796062941,0.09344944263126109,0.0015225976591852902,0.1295612921183853,0,70,255.0,255.0,255.0
1111,55.550000000000004,38.08458529388328,-0.19720132232283089,-33.191181676918916,2.2938878785704873,-0.011998865957578849,-2.3903380553112434,0.08419533298861587,0.000893531112675843,0.1329483379494927,0,70,255.0,255.0,255.0
1112,55.6,38.199381076099016,-0.19780041081788,-33.31053098299294,2.2978662924788518,-0.01196991606560779,-2.3836059622679917,0.07494122334597196,0.00026446456616648507,0.13633538378059962,0,70,255.0,255.0,255.0
1113,55.650000000000006,38.314364211373125,-0.19839883815151377,-33.42953945060753,2.3013820009050843,-0.011972419500962204,-2.376704516933183,0.06568711370332672,-0.0003646019803429622,0.13972242961170703,0,70,255.0,255.0,255.0
1114,55.7,38.42951156443149,-0.19899817699009834,-33.54819861214807,2.3044350038491843,-0.012006376263642085,-2.3696337193068207,0.05643300406068282,-0.00099366852685232,0.14310947544281397,0,70,255.0,255.0,255.0
1115,55.75,38.5448,-0.1996,-33.6665,2.3070253013111524,-0.012071786353647428,-2.3623935693889027,0.0471788944180318,-0.0016227350733616086,0.14649652127392798,0,70,255.0,255.0,255.0
1116,55.800000000000004,38.66020679335737,-0.2002050684800485,-33.7844331948094,2.3091775264584435,-0.012119967718777396,-2.354866962817646,0.038910111473609996,-0.0003045195318369261,0.15456774157631512,0,70,255.0,255.0,255.0
1117,55.85,38.775710861993396,-0.2008108982589265,-33.901979970264854,2.3109163124585135,-0.012102238306831131,-2.346936795231271,0.030641328529189358,0.001013696009687569,0.1626389618787011,0,70,255.0,255.0,255.0
1118,55.900000000000006,38.89129153395076,-0.20141419379778036,-34.019120148315615,2.3122416593113626,-0.012018598117808628,-2.3386030666297755,0.022372545584767548,0.002331911551212251,0.17071018218108824,0,70,255.0,255.0,255.0
1119,55.95,39.006928137272084,-0.2020116595577561,-34.1358335509109,2.31315356701699,-0.011869047151709911,-2.3298657770131617,0.014103762640346913,0.0036501270927367466,0.17878140248347424,0,70,255.0,255.0,255.0
1120,56.0,39.1226,-0.2026,-34.2521,2.3136520355753967,-0.011653585408534974,-2.3207249263814287,0.005834979695915621,0.004968342634261297,0.186852622785878,0,70,255.0,255.0,255.0
1121,56.050000000000004,39.238285932687326,-0.20317680375697547,-34.36790154384354,2.313706015595706,-0.011425263167311612,-2.311314093418153,-0.0036757788835545153,0.004164547014672385,0.18958069574511877,0,70,255.0,255.0,255.0
1122,56.1,39.35396267592743,-0.20374319614641417,-34.48322913594769,2.313284457687041,-0.011237130707067724,-2.3017668568069163,-0.013186537463023298,0.003360751395083588,0.19230876870435915,0,70,255.0,255.0,255.0
1123,56.150000000000006,39.46960645282388,-0.20430118665736524,-34.598075956130096,2.312387361849403,-0.011089188027803256,-2.292083216547717,-0.022697296042493435,0.002556955775494677,0.1950368416635999,0,70,255.0,255.0,255.0
1124,56.2,39.58519348648022,-0.20485278477887753,-34.712435184208324,2.311014728082792,-0.010981435129518248,-2.2822631726405564,-0.03220805462196222,0.0017531601559058795,0.1977649146228403,0,70,255.0,255.0,255.0
1125,56.25,39.7007,-0.2054,-34.8263,2.309166556387207,-0.010913872012212675,-2.2723067250854343,-0.04171881320143456,0.0009493645363171793,0.20049298758207001,0,70,255.0,255.0,255.0
1126,56.300000000000004,39.81610307589339,-0.20594451649204995,-34.93966142981654,2.3068944111586926,-0.010866979611976052,-2.2620846635098086,-0.049166995939139396,0.0009263314731475578,0.2083894754429323,0,70,255.0,255.0,255.0
1127,56.35,39.931383234296916,-0.20648671715541694,-35.05250188594444,2.3042498567932928,-0.010821238864897918,-2.2514677775411407,-0.05661517867684317,0.0009032984099779395,0.21628596330379346,0,70,255.0,255.0,255.0
1128,56.400000000000006,40.04652185475378,-0.20702665957275906,-35.1648016271641,2.3012328932910076,-0.010776649770978258,-2.2404560671794287,-0.064063361414548,0.0008802653468083178,0.22418245116465574,0,70,255.0,255.0,255.0
1129,56.45,40.16150031680707,-0.20756440132673407,-35.27654091225583,2.297843520651838,-0.010733212330217085,-2.229049532424675,-0.07151154415225178,0.0008572322836386995,0.2320789390255169,0,70,255.0,255.0,255.0
1130,56.5,40.2763,-0.2081,-35.3877,2.2940817388757835,-0.01069092654261439,-2.2172481732768787,-0.0789597268899378,0.0008341992204691506,0.23997542688637452,0,70,255.0,255.0,255.0
1131,56.550000000000004,40.39090096373915,-0.20863313027482505,-35.498260736890416,2.2898683397695425,-0.010626818384784232,-2.2051472525426283,-0.08957623735968545,0.0017301270927369814,0.24406140248360692,0,70,255.0,255.0,255.0
1132,56.6,40.5052779868849,-0.20916193523191823,-35.608211320274606,2.285124115139815,-0.010517913833340697,-2.192842033028518,-0.10019274782943158,0.0026260549650046847,0.24814737808083873,0,70,255.0,255.0,255.0
1133,56.650000000000006,40.619404528161084,-0.20968417505159892,-35.717541535213606,2.2798490649865992,-0.010364212888283753,-2.1803325147345443,-0.11080925829917923,0.0035219828372725155,0.25223335367807115,0,70,255.0,255.0,255.0
1134,56.7,40.733254046291506,-0.2101976099141864,-35.82624116676839,2.2740431893098965,-0.010165715549613446,-2.16761869766071,-0.12142576876892537,0.004417910709540219,0.25631932927530293,0,70,255.0,255.0,255.0
1135,56.75,40.8468,-0.2107,-35.9343,2.2677064881097073,-0.009922421817329755,-2.154700581807015,-0.1320422792386573,0.005313838581807964,0.2604053048725419,0,70,255.0,255.0,255.0
1136,56.800000000000004,40.960017069150034,-0.21119016240865007,-36.04170682262187,2.2609122297631874,-0.009697746848886897,-2.1415183263196336,-0.13972805462212246,0.0036731601559056156,0.26688491462267677,0,70,255.0,255.0,255.0
1137,56.85,41.07288481816351,-0.21167114191691028,-36.14844643295717,2.253733682647495,-0.009555105801739176,-2.128012090344747,-0.1474138300055865,0.0020324817300034995,0.2733645243728107,0,70,255.0,255.0,255.0
1138,56.900000000000006,41.18538403260197,-0.21214704022084557,-36.25450263198156,2.2461708467626287,-0.009494498675886556,-2.114181873882352,-0.15509960538905165,0.000391803304101151,0.2798441341229456,0,70,255.0,255.0,255.0
1139,56.95,41.29749549802695,-0.21262195901652056,-36.35985922067063,2.2382237221085894,-0.009515925471329048,-2.100027676932452,-0.1627853807725157,-0.0012488751218009651,0.2863237438730796,0,70,255.0,255.0,255.0
1140,57.0,41.4092,-0.2131,-36.4645,2.229892308685378,-0.009619386188066646,-2.0855494994950456,-0.1704711561559762,-0.0028895535477030942,0.29280335362323484,0,70,255.0,255.0,255.0
1141,57.050000000000004,41.52047795966075,-0.21358382009057494,-36.568409572622144,2.221154741177675,-0.009718194219668255,-2.070795442178826,-0.17903154415213224,-0.0010627677163609014,0.2973589390255047,0,70,255.0,255.0,255.0
1142,57.1,41.63130834046111,-0.21407029710044073,-36.67157574789672,2.2119891542701646,-0.00972566295970275,-2.0558136055924945,-0.1875919321482871,0.0007640181149810321,0.3019145244277739,0,70,255.0,255.0,255.0
1143,57.150000000000006,41.7416697414311,-0.2145548640650191,-36.773987136860235,2.2023955479628454,-0.009641792408170136,-2.040603989736048,-0.19615232014444314,0.0025908039463232247,0.30647010983004375,0,70,255.0,255.0,255.0
1144,57.2,41.85154076160074,-0.21503295401973163,-36.87563235054916,2.19237392225572,-0.009466582565070438,-2.02516659460949,-0.204712708140598,0.004417589777665158,0.31102569523231294,0,70,255.0,255.0,255.0
1145,57.25,41.9609,-0.2155,-36.9765,2.1819242771487866,-0.009200033430403647,-2.009501420212818,-0.21327309613676348,0.006244375609007091,0.3155812806345857,0,70,255.0,255.0,255.0
1146,57.300000000000004,42.06972549220702,-0.2159529572290504,-37.07657808688959,2.171012805526144,-0.008933476272439947,-1.9935719049650666,-0.22318576876889024,0.00441791070954004,0.3215993292754218,0,70,255.0,255.0,255.0
1147,57.35,42.177993019992094,-0.2163948696813269,-37.17585217545598,2.1596057002718974,-0.008758242359449622,-1.9773414872852755,-0.2330984414010156,0.002591445810073249,0.32761737791625706,0,70,255.0,255.0,255.0
1148,57.400000000000006,42.28567780167368,-0.21683030351907825,-37.27430722057759,2.147702961386042,-0.00867433169143263,-1.9608101671734401,-0.24301111403314238,0.0007649809106061974,0.3336354265570932,0,70,255.0,255.0,255.0
1149,57.45,42.39275505557018,-0.21726382490455307,-37.371928177132794,2.135304588868583,-0.00868174426838899,-1.9439779446295657,-0.2529237866652677,-0.0010614839888605935,0.3396534751979285,0,70,255.0,255.0,255.0
1150,57.5,42.4992,-0.2177,-37.4687,2.1224105827195174,-0.008780480090318685,-1.9268448196536492,-0.2628364592973895,-0.0028879488883273713,0.345671523838762,0,70,255.0,255.0,255.0
1151,57.550000000000004,42.60498887151125,-0.21814195099322367,-37.564607679819545,2.1090820367177647,-0.00888390069057191,-1.9094129379608553,-0.2703053807726696,-0.0012488751218012646,0.3516037438729336,0,70,255.0,255.0,255.0
1152,57.6,42.71010197957055,-0.21858702417425174,-37.65963635027939,2.0953800446422504,-0.008905367602498826,-1.8916844452663555,-0.27777430224794863,0.0003901986447246092,0.35753596390710435,0,70,255.0,255.0,255.0
1153,57.650000000000006,42.814520651874254,-0.21903112185866813,-37.75377118082948,2.0813046064929694,-0.008844880826099437,-1.8736593415701444,-0.2852432237232287,0.002029272411250716,0.363468183941276,0,70,255.0,255.0,255.0
1154,57.7,42.918226216118626,-0.21947014636205628,-37.846997340919714,2.066855722269927,-0.008702440361373761,-1.8553376268722275,-0.29271214519850774,0.0036683461777765897,0.36940040397544677,0,70,255.0,255.0,255.0
1155,57.75,43.0212,-0.2199,-37.9393,2.0520333919731204,-0.008478046208321797,-1.8367193011726015,-0.30018106667378675,0.005307419944302505,0.3753326240096193,0,70,255.0,255.0,255.0
1156,57.800000000000004,43.123422221748044,-0.22031763879805516,-38.03066479383229,2.0367710476027607,-0.008234920965272561,-1.8178323431915486,-0.310312708140564,0.004417589777666049,0.3801456952324284,0,70,255.0,255.0,255.0
1157,57.85,43.22486866172573,-0.22072423362166615,-38.12107922342647,2.021002121159064,-0.008036287230555179,-1.798704731649358,-0.3204443496073398,0.003527759611029721,0.3849587664552368,0,70,255.0,255.0,255.0
1158,57.900000000000006,43.3255139908294,-0.22112200904624957,-38.21053125610454,2.004726612642026,-0.007882145004169592,-1.7793364665460245,-0.33057599107411706,0.0026379294443932655,0.38977183767804585,0,70,255.0,255.0,255.0
1159,57.95,43.42533287995537,-0.22151318964722197,-38.29900885918839,1.9879445220516514,-0.007772494286115842,-1.759727547881553,-0.34070763254089287,0.0017480992777569363,0.3945849089008543,0,70,255.0,255.0,255.0
1160,58.0,43.5243,-0.2219,-38.3865,1.9706558493879385,-0.007707335076393908,-1.7398779756559413,-0.3508392740076687,0.0008582691111206076,0.3993979801236627,0,70,255.0,255.0,255.0
1161,58.050000000000004,43.62239104149662,-0.2222842938145558,-38.47299234485137,1.9529217728711181,-0.00766441544833742,-1.7197696892729002,-0.3585237866650864,0.0008585160111387547,0.4049334751979129,0,70,255.0,255.0,255.0
1162,58.1,43.71958577352657,-0.22266644133908373,-38.558472356014725,1.9348034707214294,-0.007621483475280031,-1.6993846281361495,-0.366208299322503,0.0008587629111569018,0.41046897027216234,0,70,255.0,255.0,255.0
1163,58.150000000000006,43.815864984808215,-0.2230464419563338,-38.64292619475243,1.916300942938867,-0.007578539157221729,-1.6787227922456833,-0.37389281197992064,0.0008590098111750489,0.41600446534641256,0,70,255.0,255.0,255.0
1164,58.2,43.91120946405991,-0.2234242950490559,-38.72634002232674,1.8974141895234369,-0.007535582494162525,-1.6577841816015078,-0.38157732463733723,0.0008592567111931959,0.421539960420662,0,70,255.0,255.0,255.0
1165,58.25,44.0056,-0.2238,-38.8087,1.8781432104751357,-0.007492613486102414,-1.6365687962036197,-0.38926183729476094,0.0008595036112113291,0.4270754554949132,0,70,255.0,255.0,255.0
1166,58.300000000000004,44.09901681226552,-0.22417318594372174,-38.88999222676229,1.8584538609127998,-0.0074274172413777186,-1.6150728997168609,-0.39831214519860586,0.0017483461777762703,0.432760403975371,0,70,255.0,255.0,255.0
1167,58.35,44.191437844168036,-0.22454200102199898,-38.97020255251462,1.8383119959552747,-0.00731777886832479,-1.593292755806082,-0.4073624531024495,0.002637188744341085,0.438445352455828,0,70,255.0,255.0,255.0
1168,58.400000000000006,44.2828404699378,-0.2249042231284154,-39.04931676488583,1.8177176156025543,-0.0071636983669436,-1.5712283644712774,-0.41641276100629443,0.003526031310906026,0.4441303009362858,0,70,255.0,255.0,255.0
1169,58.45,44.37320206380503,-0.22525763015655453,-39.12732065150469,1.7966707198546445,-0.006965175737234189,-1.548879725712453,-0.4254630689101381,0.0044148738774708405,0.4498152494167428,0,70,255.0,255.0,255.0
1170,58.5,44.4625,-0.2256,-39.2042,1.775171308711543,-0.006722210979196541,-1.5262468395296058,-0.4345133768139835,0.005303716444035669,0.4555001978971944,0,70,255.0,255.0,255.0
1171,58.550000000000004,44.55071130944135,-0.22593016241055744,-39.27994034809953,1.7531987834776686,-0.006497915586151701,-1.5033147118596482,-0.4443876325409247,0.0036680992777571773,0.46178490890103757,0,70,255.0,255.0,255.0
1172,58.6,44.63781164980133,-0.22625115457292042,-39.3545262339268,1.73073254545745,-0.006355401051420806,-1.4800683486395014,-0.4542618882678645,0.0020324821114789176,0.46806961990487983,0,70,255.0,255.0,255.0
1173,58.650000000000006,44.723776335440654,-0.22656706553000475,-39.42794194570431,1.7077725946508813,-0.006294667375003817,-1.4565077498691594,-0.4641361439948057,0.000396864945200426,0.4743543309087229,0,70,255.0,255.0,255.0
1174,58.7,44.80858068071998,-0.22688198432472603,-39.50017177165454,1.684318931057969,-0.006315714556900751,-1.4326329155486286,-0.4740103997217455,-0.001238752221077834,0.4806390419125652,0,70,255.0,255.0,255.0
1175,58.75,44.8922,-0.2272,-39.5712,1.6603715546787097,-0.006418542597111595,-1.4084438456779056,-0.48388465544868353,-0.002874369387356114,0.48692375291641454,0,70,255.0,255.0,255.0
1176,58.800000000000004,44.97461074996914,-0.22752376441404873,-39.64101198083962,1.6359990051765583,-0.006516920414015667,-1.3840042528444805,-0.4910173246372898,-0.0010607432888064504,0.49065996042050447,0,70,255.0,255.0,255.0
1177,58.85,45.05579395662667,-0.22785018068631946,-39.7095973117782,1.6112698222149802,-0.006524616925992254,-1.3593778496358544,-0.4981499938258951,0.0007528828097429553,0.49439616792459384,0,70,255.0,255.0,255.0
1178,58.900000000000006,45.13573178829965,-0.22817471475156584,-39.77694665229696,1.586184005793968,-0.006441632133041358,-1.3345646360520202,-0.5052826630145014,0.0025665089082926194,0.49813237542868377,0,70,255.0,255.0,255.0
1179,58.95,45.214406413315075,-0.2284928325445415,-39.84305066187714,1.5607415559135291,-0.006267966035163002,-1.3095646120929854,-0.5124153322031066,0.004380135006842025,0.5018685829327731,0,70,255.0,255.0,255.0
1180,59.0,45.2918,-0.2288,-39.9079,1.53494247257366,-0.006003618632357179,-1.284377777758746,-0.5195480013917244,0.006193761105391479,0.5056047904368697,0,70,255.0,255.0,255.0
1181,59.050000000000004,45.36789369068215,-0.22909317993324776,-39.97148372854199,1.5087251958161068,-0.00573840275778559,-1.2589082767624056,-0.5291430689103099,0.004414873877471196,0.5131752494166618,0,70,255.0,255.0,255.0
1182,59.1,45.44266452369202,-0.22937532268180183,-40.033784518960424,1.4820281656826284,-0.005562131244610041,-1.233060252817079,-0.5387381364288941,0.002635986649551166,0.520745708396453,0,70,255.0,255.0,255.0
1183,59.150000000000006,45.51608851136081,-0.22965087546373206,-40.094783445107886,1.4548513821732165,-0.005474804092830483,-1.2068337059227594,-0.5483332039474796,0.000857099421630883,0.5283161673762452,0,70,255.0,255.0,255.0
1184,59.2,45.58814166601974,-0.22992428549710817,-40.15446158083689,1.4271948452878795,-0.005476421302446939,-1.1802286360794538,-0.5579282714660637,-0.0009217878062891469,0.5358866263560362,0,70,255.0,255.0,255.0
1185,59.25,45.6588,-0.2302,-40.2128,1.3990585550266137,-0.0055669828734593915,-1.1532450432871588,-0.5675233389846497,-0.002700675034209163,0.5434570853358309,0,70,255.0,255.0,255.0
1186,59.300000000000004,45.728039287302295,-0.23048111585296027,-40.269781104992454,1.3704282115589541,-0.005665468554841596,-1.125962640105942,-0.5776903997216382,-0.0012387522210786986,0.5478390419127525,0,70,255.0,255.0,255.0
1187,59.35,45.795834348605275,-0.23076532858647322,-40.32539261238012,1.3412895150544493,-0.005690858095567274,-1.0984611390958827,-0.5878574604586251,0.00022317059205155792,0.5522209984896734,0,70,255.0,255.0,255.0
1188,59.400000000000006,45.86215976625713,-0.23104898339350607,-40.37962356727156,1.3116424655130905,-0.00564315149563643,-1.0707405402569736,-0.5980245211956136,0.001685093405182022,0.556602955066595,0,70,255.0,255.0,255.0
1189,59.45,45.92699012260598,-0.23132842546702592,-40.432463014775344,1.281487062934887,-0.0055223487550490795,-1.0428008435892224,-0.6081915819326005,0.0031470162183122787,0.5609849116435159,0,70,255.0,255.0,255.0
1190,59.5,45.9903,-0.2316,-40.4839,1.250823307319834,-0.00532844987380522,-1.0146420490926253,-0.6183586426695946,0.0046089390314425355,0.5653668682204369,0,70,255.0,255.0,255.0
1191,59.550000000000004,46.05206676010869,-0.2318607566549112,-40.53392385148823,1.219817957948015,-0.00510372302284809,-0.9862811628137949,-0.6218553322030647,0.004380135006841923,0.569068582932687,0,70,255.0,255.0,255.0
1192,59.6,46.11227888188685,-0.23211056297230534,-40.58252503151912,1.1886377740995266,-0.00489043637312102,-0.9577351907993559,-0.6253520217365343,0.004151330982241343,0.5727702976449366,0,70,255.0,255.0,255.0
1193,59.650000000000006,46.170927623610694,-0.23234999096224385,-40.629694285805904,1.1572827557743606,-0.00468858992462395,-0.9290041330493003,-0.6288487112700043,0.003922526957640731,0.5764720123571867,0,70,255.0,255.0,255.0
1194,59.7,46.22800424355635,-0.2325796126347882,-40.67542236006179,1.1257529029725255,-0.004498183677356939,-0.9000879895636364,-0.6323454008034739,0.0036937229330401508,0.5801737270694363,0,70,255.0,255.0,255.0
1195,59.75,46.2835,-0.2328,-40.7197,1.0940482156940168,-0.004319217631319957,-0.87098676034236,-0.6358420903369435,0.003464918908439571,0.5838754417816858,0,70,255.0,255.0,255.0
1196,59.800000000000004,46.33739687226298,-0.23301185752739495,-40.76251308905466,1.0616119566489415,-0.004159639353766165,-0.8414087086389129,-0.6616082714659585,0.0029182121937115562,0.5992466263560955,0,70,255.0,255.0,255.0
1197,59.85,46.38963972384729,-0.23321641952430555,-40.80382806154341,1.02788738854742,-0.004027396411948793,-0.8110620977067498,-0.6873744525949697,0.0023715054789836196,0.614617810930503,0,70,255.0,255.0,255.0
1198,59.900000000000006,46.44016413930011,-0.23341505275751875,-40.84360648950486,0.9928745113894434,-0.003922488805867804,-0.7799469275458617,-0.7131406337239846,0.0018247987642556046,0.6299889955049128,0,70,255.0,255.0,255.0
1199,59.95,46.48890570316862,-0.2336091239938213,-40.881809944977526,0.9565733251750208,-0.003844916535523226,-0.7480631981562577,-0.7389068148529958,0.0012780920495276678,0.6453601800793203,0,70,255.0,255.0,255.0
1200,60.0,46.5358,-0.2338,-40.9184,0.9189838299041481,-0.003794679600915043,-0.7154109095379333,-0.7646729959820044,0.0007313853347997515,0.6607313646537278,0,70,255.0,255.0,255.0
1201,60.050000000000004,46.58077935083942,-0.23398861323550912,-40.953340592293166,0.8799102154562752,-0.0037457195620872337,-0.6821320026304972,-0.798271581932776,0.0012270162183124537,0.6704249116436025,0,70,255.0,255.0,255.0
1202,60.1,46.623763022724006,-0.23417415893047247,-40.986605122307225,0.8391566717108696,-0.003671977979083799,-0.6483684183735722,-0.8318701678835428,0.0017226471018250854,0.6801184586334759,0,70,255.0,255.0,255.0
1203,60.150000000000006,46.66466701918888,-0.23435539800768126,-41.0181693561747,0.7967231986679195,-0.0035734548519047193,-0.6141201567671486,-0.8654687538343144,0.0022182779853377873,0.6898120056233505,0,70,255.0,255.0,255.0
1204,60.2,46.70340734376917,-0.2345310913899267,-41.048009060028114,0.7526097963274371,-0.003450150180550021,-0.5793872178112361,-0.8990673397850812,0.0027139088688504192,0.6995055526132239,0,70,255.0,255.0,255.0
1205,60.25,46.7399,-0.2347,-41.0761,0.7068164646894165,-0.0033020639650196922,-0.5441696015058303,-0.9326659257358534,0.0032095397523630477,0.7091990996030964,0,70,255.0,255.0,255.0
1206,60.300000000000004,46.774086524379356,-0.23486088953056858,-41.102431741772676,0.6608751815259282,-0.0031294823978846096,-0.5092952808390219,-0.9049854008035207,0.0036937229330396646,0.6857737270691199,0,70,255.0,255.0,255.0
1207,60.35,46.8060105852567,-0.23501254475380456,-41.12704904922768,0.616317924609063,-0.002932691671715724,-0.47559222879891716,-0.877304875871192,0.004177906113716213,0.6623483545351467,0,70,255.0,255.0,255.0
1208,60.400000000000006,46.83574138394438,-0.23515375521175624,-41.150010485796344,0.573144693938808,-0.002711691786512979,-0.44306044538550643,-0.8496243509388594,0.00466208929439283,0.6389229820011704,0,70,255.0,255.0,255.0
1209,60.45,46.8633481217547,-0.23528331044647197,-41.17137461491001,0.5313554895151756,-0.0024664827422764377,-0.41169993059879906,-0.8219438260065307,0.005146272475069377,0.6154976094671972,0,70,255.0,255.0,255.0
1210,60.5,46.8889,-0.2354,-41.1912,0.49095031133815964,-0.0021970645390060706,-0.38151068443879027,-0.7942633010742015,0.005630455655745936,0.5920722369332236,0,70,255.0,255.0,255.0
1211,60.550000000000004,46.91246015164315,-0.23550302864221656,-41.20954204061613,0.4515650584399789,-0.001928350846374218,-0.3523028740134702,-0.7811468148528923,0.00511809204952725,0.5762401800794794,0,70,255.0,255.0,255.0
1212,60.6,46.93406743624918,-0.23559326205430925,-41.22644348078206,0.4128356298528692,-0.0016852553340533346,-0.3238866664308414,-0.7680303286315848,0.004605728443308635,0.5604081232257375,0,70,255.0,255.0,255.0
1213,60.650000000000006,46.95375464503363,-0.23567198114529372,-41.241943900639924,0.3747620255768194,-0.0014677780020433515,-0.29626206169089575,-0.7549138424102756,0.004093364837089949,0.5445760663719933,0,70,255.0,255.0,255.0
1214,60.7,46.97155456921205,-0.23574046682418548,-41.25608288033187,0.33734424561184045,-0.0012759188503443303,-0.2694290597936412,-0.7417973561889681,0.003581001230871335,0.5287440095182514,0,70,255.0,255.0,255.0
1215,60.75,46.9875,-0.2358,-41.2689,0.30058228995792685,-0.0011096778789562384,-0.24338766073907367,-0.7286808699676599,0.003068637624652733,0.5129119526645096,0,70,255.0,255.0,255.0
1216,60.800000000000004,47.00162486904801,-0.23585179590056526,-41.280435295762814,0.2645445847141064,-0.000965114216618622,-0.21816522310712322,-0.7128273397850364,0.00271390886885143,0.4959855526134228,0,70,255.0,255.0,255.0
1217,60.85,47.01396766974656,-0.23589680702895838,-41.290730627644095,0.2292995559794221,-0.0008382869920710891,-0.19378910547773057,-0.6969738096024152,0.002359180113050178,0.4790591525623384,0,70,255.0,255.0,255.0
1218,60.900000000000006,47.02456803592111,-0.23593592020706888,-41.299828311643964,0.19484720375386397,-0.0007291962053136033,-0.1702593078508888,-0.6811202794197917,0.002004451357248875,0.4621327525112516,0,70,255.0,255.0,255.0
1219,60.95,47.03346560139709,-0.23597002225678626,-41.307770663762554,0.16118752803744182,-0.0006378418563461962,-0.14757583022660462,-0.6652667492371704,0.0016497226014476226,0.4452063524601672,0,70,255.0,255.0,255.0
1220,61.0,47.0407,-0.236,-41.3146,0.12832052883015072,-0.0005642239451688505,-0.12573867260487465,-0.6494132190545495,0.0012949938456463719,0.428279952409083,0,70,255.0,255.0,255.0
1221,61.050000000000004,47.046310772164794,-0.23602658775552243,-41.32035917633262,0.09624060270362024,-0.0004991922871509679,-0.10478023355796924,-0.63378382600656,0.0013062724750687107,0.4100576094670616,0,70,255.0,255.0,255.0
1222,61.1,47.05033708476457,-0.23604990982985724,-41.325093208641576,0.06494214622949371,-0.0004335966976619777,-0.08473291165816778,-0.6181544329585728,0.001317551104491048,0.3918352665250428,0,70,255.0,255.0,255.0
1223,61.150000000000006,47.05281801128196,-0.23606993802643078,-41.328847652784226,0.0344251594077622,-0.0003674371767018612,-0.06559670690546454,-0.6025250399105833,0.0013288297339133868,0.3736129235830214,0,70,255.0,255.0,255.0
1224,61.2,47.053792625199556,-0.2360866441486696,-41.331668064617915,0.004689642238434411,-0.0003007137242706372,-0.04737161929986497,-0.586895646862596,0.001340108363335724,0.35539058064100254,0,70,255.0,255.0,255.0
1225,61.25,47.0533,-0.2361,-41.3336,-0.02426440527849406,-0.0002334263403682964,-0.030057648841366295,-0.5712662538146088,0.001351386992758062,0.3371682376989839,0,70,255.0,255.0,255.0
1226,61.300000000000004,47.05137924229282,-0.23610985307734492,-41.33468799890668,-0.05243499552858819,-0.0001581166347775616,-0.013593842660938993,-0.5555573561890602,0.001661001230871074,0.321384009518052,0,70,255.0,255.0,255.0
1227,61.35,47.048069591195166,-0.23611555365161266,-41.334972537789575,-0.07982014089740098,-6.732621728118886e-05,0.002080752110439469,-0.5398484585635138,0.001970615468984042,0.3055997813371223,0,70,255.0,255.0,255.0
1228,61.400000000000006,47.043410318951096,-0.23611632768720794,-41.33449307721912,-0.10641984138494023,3.89449121208476e-05,0.01696613547277356,-0.5241395609379652,0.002280229707097054,0.2898155531561904,0,70,255.0,255.0,255.0
1229,61.45,47.03744069780469,-0.2361114011485355,-41.333289077765784,-0.13223409699119834,0.00016069675342851757,0.03106230742605903,-0.5084306633124188,0.002589843945210022,0.2740313249752607,0,70,255.0,255.0,255.0
1230,61.5,47.0302,-0.2361,-41.3314,-0.15726290771617923,0.0002979293066418351,0.044369267970298075,-0.4927217656868721,0.0028994581833229898,0.25824709679433117,0,70,255.0,255.0,255.0
1231,61.550000000000004,47.02172745866393,-0.23608199993509787,-41.32886642804064,-0.1815086205892797,0.00041165882626113457,0.05681960420166502,-0.47710674923706275,0.0016497226014486025,0.23976635246030428,0,70,255.0,255.0,255.0
1232,61.6,47.01206215045478,-0.2360598755636921,-41.32573344020012,-0.2049735826398863,0.0004629015667867065,0.06834590321632898,-0.4614917327872556,0.00039998701957439254,0.22128560812628,0,70,255.0,255.0,255.0
1233,61.650000000000006,47.00124311291365,-0.23603675122473744,-41.32204723833928,-0.22765779386800578,0.0004516575282185656,0.07894816501429319,-0.44587671633744624,-0.0008497485622999948,0.20280486379225313,0,70,255.0,255.0,255.0
1234,61.7,46.98930938358169,-0.2360157512571885,-41.31785402431896,-0.24956125427363166,0.0003779267105567147,0.08862638959555472,-0.43026169988763907,-0.0020994841441742047,0.18432411945822885,0,70,255.0,255.0,255.0
1235,61.75,46.9763,-0.236,-41.3132,-0.27068396385676724,0.00024170911380115703,0.09738057696011504,-0.4146466834378306,-0.0033492197260484137,0.16584337512420433,0,70,255.0,255.0,255.0
1236,61.800000000000004,46.96225492305145,-0.23599174718226357,-41.30813028893079,-0.29097052211428215,9.548132973331304e-05,0.10527542585424932,-0.3968156468626969,-0.002499891636664847,0.14995058064113997,0,70,255.0,255.0,255.0
1237,61.85,46.94721780698571,-0.23598974409361884,-41.30268570140998,-0.3103655285430376,-8.280049865337237e-06,0.11237563502422936,-0.37898461028756564,-0.0016505635472814008,0.13405778615807787,0,70,255.0,255.0,255.0
1238,61.900000000000006,46.93123322939428,-0.2359918674138423,-41.29690596942377,-0.32886898314303914,-6.957502499482329e-05,0.11868120447005719,-0.3611535737124319,-0.0008012354578978338,0.11816499167501351,0,70,255.0,255.0,255.0
1239,61.95,46.91434576786856,-0.2359959938227105,-41.29083082495838,-0.34648088591428144,-8.840359565512779e-05,0.12419213419173099,-0.34332253713730065,4.809263148561208e-05,0.10227219719195142,0,70,255.0,255.0,255.0
1240,62.0,46.8966,-0.236,-41.2845,-0.36320123685676725,-6.476576184626237e-05,0.12890842418925175,-0.3254915005621668,0.0008974207208690585,0.08637940270888933,0,70,255.0,255.0,255.0
1241,62.050000000000004,46.87803844913031,-0.23600221133584776,-41.27794601623621,-0.37915329095363104,-2.558414519429098e-05,0.1332626923813548,-0.3125906633123285,0.0006698439452096634,0.08779132497521841,0,70,255.0,255.0,255.0
1242,62.1,46.85869542160234,-0.23600274806183247,-41.27117255415998,-0.3944603031880006,2.218632674706534e-06,0.13768755668677368,-0.29968982606249195,0.0004422671695503006,0.08920324724154728,0,70,255.0,255.0,255.0
1243,62.150000000000006,46.83860316950922,-0.23600217911989332,-41.264176083965644,-0.4091222735598805,1.8642571760738102e-05,0.14218301710550968,-0.28678898881265363,0.00021469039389090548,0.09061516950787636,0,70,255.0,255.0,255.0
1244,62.2,46.817793944944064,-0.23600107345196947,-41.256953075847534,-0.4231392020692665,2.3687672063799e-05,0.14674907363756146,-0.2738881515628171,-1.2886381768457272e-05,0.09202709177420525,0,70,255.0,255.0,255.0
1245,62.25,46.7963,-0.236,-41.2495,-0.4365110887161606,1.735393358389242e-05,0.15138572628292968,-0.2609873143129784,-0.00024046315742782024,0.09343901404053456,0,70,255.0,255.0,255.0
1246,62.300000000000004,46.77414888042732,-0.2359994074743454,-41.24181444612438,-0.4495203140711786,6.855251043850858e-06,0.15602580462039775,-0.25938169988769644,-0.0001794841441738065,0.09216411945817178,0,70,255.0,255.0,255.0
1247,62.35,46.75134930660491,-0.23599926365905124,-41.233898481950106,-0.46244925870493064,-5.944808334889187e-07,0.160602138228747,-0.25777608546241465,-0.00011850513091980145,0.09088922487580918,0,70,255.0,255.0,255.0
1248,62.400000000000006,46.72790529256884,-0.23599941610658437,-41.22575529471365,-0.47529792261742043,-4.995262048129024e-06,0.16511472710797878,-0.2561704710371327,-5.752611766578772e-05,0.0896143302934464,0,70,255.0,255.0,255.0
1249,62.45,46.703820852355186,-0.23599971236941164,-41.21738807165147,-0.4880663058086443,-6.34709260006821e-06,0.16956357125809177,-0.2545648566118509,3.452895588217336e-06,0.0883394357110838,0,70,255.0,255.0,255.0
1250,62.5,46.6791,-0.236,-41.2088,-0.5007544082786041,-4.649972489307313e-06,0.17394867067908665,-0.2529592421865692,6.443190884222235e-05,0.0870645411287212,0,70,255.0,255.0,255.0
1251,62.550000000000004,46.653747629160435,-0.2360001587667706,-41.199994599266276,-0.5133094527617023,-1.8368589811124478e-06,0.17825008913709972,-0.2492425371373154,4.809263148556265e-05,0.0849921971917877,0,70,255.0,255.0,255.0
1252,62.6,46.627772151978036,-0.23600019730196256,-41.19097671803957,-0.5256786619923359,1.5929065924913632e-07,0.18244789039826556,-0.2455258320880621,3.175335412890527e-05,0.0829198532548545,0,70,255.0,255.0,255.0
1253,62.650000000000006,46.60118286021541,-0.23600015645376915,-41.18175153717972,-0.5378620359705089,1.3384764317780084e-06,0.18654207446258528,-0.24180912703880833,1.5414076772245562e-05,0.080847509317921,0,70,255.0,255.0,255.0
1254,62.7,46.573989045635194,-0.23600007707038387,-41.17232423754659,-0.5498595746962172,1.7006983364738306e-06,0.1905326413300578,-0.23809242198955505,-9.252005844118143e-07,0.0787751653809878,0,70,255.0,255.0,255.0
1255,62.75,46.5462,-0.236,-41.1627,-0.5616712781694629,1.2459563733368316e-06,0.19441959100068362,-0.23437571694030002,-1.726447794106919e-05,0.07670282144405505,0,70,255.0,255.0,255.0
1256,62.800000000000004,46.517825402930924,-0.23599995745857202,-41.152883156810525,-0.5732738748820393,4.921848805989351e-07,0.19825383883114478,-0.22972815156271387,-1.2886381768444096e-05,0.07666709177437774,0,70,255.0,255.0,255.0
1257,62.85,46.48887648548294,-0.23599994713309846,-41.14287464589161,-0.5846440933257347,-4.2681803507627465e-08,0.20208630017812151,-0.22508058618512838,-8.508285595819623e-06,0.07663136210470042,0,70,255.0,255.0,255.0
1258,62.900000000000006,46.459364866569494,-0.2359999580783389,-41.13267455656744,-0.5957819335005523,-3.586436789830081e-07,0.2059169750416149,-0.22043302080754223,-4.130189423194528e-06,0.07659563243502311,0,70,255.0,255.0,255.0
1259,62.95,46.42930216510403,-0.23599997934905287,-41.122282978162175,-0.6066873954064892,-4.557007458271173e-07,0.20974586342162393,-0.21578545542995675,2.4790674942994504e-07,0.07655990276534581,0,70,255.0,255.0,255.0
1260,63.0,46.3987,-0.236,-41.1117,-0.6173604790435469,-3.338530040400145e-07,0.2135729653181491,-0.21113789005237305,4.6260029220544215e-06,0.07652417309566828,0,70,255.0,255.0,255.0
1261,63.050000000000004,46.36756915911585,-0.23600001139894128,-41.10092637349163,-0.6278510477101527,-1.3188054128329328e-07,0.2173585555383207,-0.20848485661182284,3.4528955882137387e-06,0.07489943571118296,0,70,255.0,255.0,255.0
1262,63.1,46.335917106090186,-0.2360000141656436,-41.08996549839398,-0.6382089647047294,1.1436554781372563e-08,0.22106290888926752,-0.205831823171273,2.279788254373222e-06,0.07327469832669786,0,70,255.0,255.0,255.0
1263,63.150000000000006,46.30375047350658,-0.23600001123287526,-41.07882143655053,-0.6484342300272803,9.609828415402377e-08,0.22468602537099058,-0.2031787897307228,1.106680920532539e-06,0.07164996094221254,0,70,255.0,255.0,255.0
1264,63.2,46.27107589394866,-0.23600000553340458,-41.06749824980471,-0.658526843677802,1.2210464683463628e-07,0.22822790498348888,-0.20052575629017294,-6.642641330797769e-08,0.07002522355772745,0,70,255.0,255.0,255.0
1265,63.25,46.2379,-0.236,-41.056,-0.6684868056562963,8.945564282322639e-08,0.23168854772676292,-0.19787272284961865,-1.239533747148494e-06,0.06840048617324279,0,70,255.0,255.0,255.0
1266,63.300000000000004,46.204229960605645,-0.23599999694566287,-41.04433054922294,-0.6782819342772806,3.5337284534237985e-08,0.23507993901561283,-0.19393242198972377,-9.252005844108576e-07,0.06725516538074222,0,70,255.0,255.0,255.0
1267,63.35,46.17007509015633,-0.23599999620432724,-41.03249296053242,-0.6878800478552689,-3.064415617862906e-09,0.23841406426483724,-0.1899921211298294,-6.108674216732657e-07,0.06610984458824182,0,70,255.0,255.0,255.0
1268,63.400000000000006,46.13544523940417,-0.23599999699016014,-41.02049009723045,-0.6972811463902638,-2.5749457633087213e-08,0.2416909234744371,-0.18605182026993453,-2.965342589356292e-07,0.06496452379574125,0,70,255.0,255.0,255.0
1269,63.45,46.10035025910135,-0.2359999985173287,-41.00832482261898,-0.7064852298822627,-3.271784151142848e-08,0.24491051664441146,-0.18211151941004017,1.7798903801962753e-08,0.06381920300324084,0,70,255.0,255.0,255.0
1270,63.5,46.0648,-0.236,-40.996,-0.7154922983312668,-2.3969567252891027e-08,0.2480728437747608,-0.17817121855014406,3.321320665395547e-07,0.06267388221074022,0,70,255.0,255.0,255.0
1271,63.550000000000004,46.02880459846154,-0.23600000081840714,-40.983518629616604,-0.7242852151807692,-9.46859685365863e-09,0.2511696883991675,-0.17354545542991953,2.479067494296917e-07,0.061199902765517906,0,70,255.0,255.0,255.0
1272,63.6,45.99237533328452,-0.23600000101704743,-40.97088425947629,-0.732846843874259,8.211076900790877e-10,0.25419283405131265,-0.16891969230969567,1.6368143231984054e-07,0.059725923320295804,0,70,255.0,255.0,255.0
1273,63.650000000000006,45.955523768876716,-0.23600000080648414,-40.95810057452767,-0.741177184411739,6.8995463783250554e-09,0.2571422807311972,-0.16429392918947114,7.94561152099775e-08,0.0582519438750735,0,70,255.0,255.0,255.0
1274,63.7,45.91826146964595,-0.23600000039728058,-40.94517125971937,-0.7492762367932064,8.766719211077541e-09,0.26001802843882016,-0.15966816606924725,-4.769201899873638e-09,0.0567779644298514,0,70,255.0,255.0,255.0
1275,63.75,45.8806,-0.236,-40.9321,-0.7571440010186627,6.422626188337715e-09,0.26282007717418193,-0.1550424029490216,-8.899451900972474e-08,0.05530398498462796,0,70,255.0,255.0,255.0
1276,63.800000000000004,45.84255004554815,-0.23599999978070846,-40.91889013231065,-0.7648332049996409,2.53710288039654e-09,0.2655693073877419,-0.15252575629007745,-6.6426413307909e-08,0.05466522355776323,0,70,255.0,255.0,255.0
1277,63.85,45.804118776705586,-0.23599999972748292,-40.905543601562414,-0.7723965766476707,-2.2001514245344054e-10,0.2682865995299583,-0.15000910963113362,-4.385830760609647e-08,0.054026462130898595,0,70,255.0,255.0,255.0
1278,63.900000000000006,45.765312485088934,-0.2359999997839032,-40.89206200465885,-0.7798341159627544,-1.848727880213009e-09,0.27097195360083187,-0.14749246297218946,-2.129020190428073e-08,0.05338770070403386,0,70,255.0,255.0,255.0
1279,63.95,45.72613746231487,-0.23599999989354897,-40.878446938503515,-0.7871458229448899,-2.3490353328817046e-09,0.2736253696003618,-0.14497581631324563,1.2779037975318112e-09,0.05274893927716923,0,70,255.0,255.0,255.0
1280,64.0,45.6866,-0.236,-40.8647,-0.7943316975940782,-1.7209375004598364e-09,0.27624684752854844,-0.14245916965430183,2.384600949934434e-08,0.052110177850302364,0,70,255.0,255.0,255.0
1281,64.05,45.646707219345835,-0.23600000005875896,-40.85082324114078,-0.8013419648206872,-6.798146679276548e-10,0.27880908204988253,-0.137951519410075,1.7798903801945296e-08,0.05037920300306712,0,70,255.0,255.0,255.0
1282,64.10000000000001,45.60646955989313,-0.23600000007302072,-40.83682053427405,-0.8081268495350868,5.895287973475874e-11,0.2812847678288556,-0.1334438691658469,1.175179810454453e-08,0.04864822815583138,0,70,255.0,255.0,255.0
1283,64.15,45.56589829076752,-0.23600000005790295,-40.82269620683693,-0.814686351737273,4.953651425269842e-10,0.2836739048654661,-0.12893621892162008,5.7046924071454856e-09,0.046917253308596134,0,70,255.0,255.0,255.0
1284,64.2,45.52500468109461,-0.23600000002852345,-40.80845458626654,-0.821020471427248,6.294221204492753e-10,0.2859764931597149,-0.12442856867739326,-3.4241329025355757e-10,0.04518627846136088,0,70,255.0,255.0,255.0
1285,64.25,45.4838,-0.236,-40.7941,-0.8271292086050117,4.6112381350163035e-10,0.288192532711602,-0.11992091843316643,-6.389518987652604e-09,0.04345530361412697,0,70,255.0,255.0,255.0
1286,64.3,45.442294677068524,-0.23599999998425555,-40.77963690312623,-0.8330629357175708,1.821557913136071e-10,0.2903143644127057,-0.11742816606920897,-4.769201899868959e-09,0.041417964430023727,0,70,255.0,255.0,255.0
1287,64.35000000000001,45.40049578372187,-0.2359999999804341,-40.76507026134138,-0.8388720252119335,-1.5796376485283253e-11,0.29233432915460467,-0.1149354137052508,-3.1488848120848547e-09,0.039380625245919905,0,70,255.0,255.0,255.0
1288,64.4,45.358409551840964,-0.23599999998448495,-40.75040516799342,-0.8445564770880969,-1.3273268989492827e-10,0.29425242693729803,-0.11244266134129333,-1.5285677243012101e-09,0.03734328606181666,0,70,255.0,255.0,255.0
1289,64.45,45.31604221330671,-0.23599999999235716,-40.73564671643031,-0.8501162913460623,-1.6865314891539561e-10,0.2960686577607861,-0.10994990897733586,9.174936348243478e-11,0.03530594687771342,0,70,255.0,255.0,255.0
1290,64.5,45.2734,-0.236,-40.7208,-0.8555514679858298,-1.2355775354668524e-10,0.2977830216250692,-0.1074571566133784,1.7120664512660789e-09,0.03326860769361062,0,70,255.0,255.0,255.0
1291,64.55,45.23049007238007,-0.2360000000042187,-40.705869146354296,-0.8608062923090011,-4.880849732677389e-11,0.2994534602993363,-0.10273581631348093,1.2779037975305454e-09,0.033548939277076056,0,70,255.0,255.0,255.0
1292,64.60000000000001,45.187323305219344,-0.23600000000524265,-40.69085442036041,-0.8658250496171788,4.232626206374033e-12,0.3011379155527771,-0.0980144760135821,8.437411437948885e-10,0.03382927086054158,0,70,255.0,255.0,255.0
1293,64.65,45.143911501868594,-0.23600000000415725,-40.67575512118937,-0.8706077399103601,3.556561705272834e-11,0.3028363873853907,-0.09329313571368462,4.09578490059355e-10,0.034109602444007014,0,70,255.0,255.0,255.0
1294,64.7,45.100266465678565,-0.23600000000204788,-40.66057054801221,-0.8751543631885466,4.51904752123072e-11,0.3045488757971776,-0.08857179541378715,-2.458416367617847e-11,0.03438993402747245,0,70,255.0,255.0,255.0
1295,64.75,45.0564,-0.236,-40.6453,-0.8794649194517383,3.310720068511062e-11,0.3062753807881378,-0.08385045511388967,-4.5874681741171205e-10,0.03467026561093922,0,70,255.0,255.0,255.0
1296,64.8,45.012322633411195,-0.2359999999988696,-40.62994411145656,-0.8836158950465124,1.3078197993488397e-11,0.30793579438994434,-0.08218856867708278,-3.424132902532224e-10,0.03174627846132524,0,70,255.0,255.0,255.0
1297,64.85000000000001,44.9680397954007,-0.23599999999859522,-40.61450885721696,-0.8876837763194473,-1.1341283402128882e-12,0.3094500086342706,-0.08052668224027543,-2.260797630946997e-10,0.028822291311710425,0,70,255.0,255.0,255.0
1298,64.9,44.92355564068461,-0.23599999999888605,-40.59900154724909,-0.8916685632705407,-9.529778315985152e-12,0.3108180235211157,-0.07886479580346853,-1.0974623593621009e-10,0.025898304162096444,0,70,255.0,255.0,255.0
1299,64.95,44.87887432397901,-0.23599999999945123,-40.58342949152081,-0.8955702558997937,-1.2108751933833268e-11,0.31203983905048005,-0.07720290936666165,6.587291222279554e-12,0.02297431701248246,0,70,255.0,255.0,255.0
1300,65.0,44.834,-0.236,-40.5678,-0.8993888542072064,-8.871049193757233e-12,0.3131154552223637,-0.07554102292985476,1.229208183807692e-10,0.020050329862867144,0,70,255.0,255.0,255.0
1301,65.05,44.788938593975125,-0.23600000000030288,-40.552119207819466,-0.9030181275048866,-3.5042946471797043e-12,0.3141153621408791,-0.0696299089773621,9.174936348234416e-11,0.01994594687774925,0,70,255.0,255.0,255.0
1302,65.10000000000001,44.7437031131778,-0.2360000000003764,-40.53638855077173,-0.9063518451049432,3.038871544775224e-13,0.31511004991013886,-0.06371879502486776,6.057790858391028e-11,0.019841563892631323,0,70,255.0,255.0,255.0
1303,65.15,44.69830833539292,-0.23600000000029847,-40.52060828981426,-0.909390007007374,2.553496211212281e-12,0.31609951853014234,-0.0578076810723751,2.940645368548525e-11,0.01973718090751343,0,70,255.0,255.0,255.0
1304,65.2,44.65276903840536,-0.23600000000014704,-40.50477868590454,-0.9121326132121803,3.2445325230258817e-12,0.31708376800089005,-0.05189656711988244,-1.7650012129397743e-12,0.019632797922395532,0,70,255.0,255.0,255.0
1305,65.25,44.6071,-0.236,-40.4889,-0.9145796637193621,2.3769960899183157e-12,0.3180627983223818,-0.04598545316738889,-3.293645611136481e-11,0.01952841493727675,0,70,255.0,255.0,255.0
1306,65.3,44.56131419068831,-0.23599999999991883,-40.47297345726559,-0.916839594933899,9.389805952304193e-13,0.3189787570464998,-0.044411795414094166,-2.4584163676154315e-11,0.017109934027445345,0,70,255.0,255.0,255.0
1307,65.35000000000001,44.51541735188807,-0.23599999999989912,-40.45700413969611,-0.9190208432607718,-8.142027769720669e-14,0.31977379172512643,-0.042838137660799,-1.6231871240941443e-11,0.01469145311761325,0,70,255.0,255.0,255.0
1308,65.4,44.46941341774369,-0.23599999999992002,-40.44099809349383,-0.9211234086999793,-6.842065288639824e-13,0.3204479023582613,-0.04126447990750428,-7.879578805730945e-12,0.012272972207781844,0,70,255.0,255.0,255.0
1309,65.45,44.42330632239953,-0.23599999999996057,-40.42496136486104,-0.9231472912515221,-8.693781582702566e-13,0.3210010889459046,-0.03969082215420956,4.727136294795493e-13,0.009854491297950437,0,70,255.0,255.0,255.0
1310,65.5,44.3771,-0.236,-40.4089,-0.9250924909154001,-6.369351659160297e-13,0.32143335148805635,-0.038117164400915726,8.825006064690049e-12,0.0074360103881176975,0,70,255.0,255.0,255.0
1311,65.55,44.33079984327166,-0.23600000000002175,-40.39281896311819,-0.9268714927595835,-2.5162773374197314e-13,0.32180960967307565,-0.03304290936642389,6.587291222273089e-12,0.007614317012653416,0,70,255.0,255.0,255.0
1312,65.60000000000001,44.28441707926989,-0.23600000000002702,-40.37671889044384,-0.9283967818520428,2.1793956311303618e-14,0.32219478318932177,-0.02796865433193061,4.349576379855494e-12,0.007792623637189186,0,70,255.0,255.0,255.0
1313,65.65,44.23796439363231,-0.23600000000002141,-40.3605993362104,-0.9296683581927769,1.8332990424364508e-13,0.3225888720367946,-0.02289439929743877,2.1118615374385345e-12,0.007970930261724905,0,70,255.0,255.0,255.0
1314,65.7,44.19145447199649,-0.23600000000001056,-40.344459854651305,-0.9306862217817865,2.3298011005514506e-13,0.3229918762154942,-0.017820144262946935,-1.2585330497842469e-13,0.008149236886260623,0,70,255.0,255.0,255.0
1315,65.75,44.1449,-0.236,-40.3283,-0.9314503726190715,1.7074457374580328e-13,0.3234037957254206,-0.012745889228455098,-2.363568147395384e-12,0.008327543510795454,0,70,255.0,255.0,255.0
1316,65.8,44.098312836225055,-0.23599999999999413,-40.31212029026167,-0.932010434027779,6.753033973747346e-14,0.32376680426124604,-0.00965656711984497,-1.7650012129380432e-12,0.006192797922221903,0,70,255.0,255.0,255.0
1317,65.85000000000001,44.05170153103231,-0.23599999999999274,-40.29592509852853,-0.932416029331056,-5.755547548007578e-15,0.3240230755176428,-0.006567245011233964,-1.1664342784805326e-12,0.004058052333647746,0,70,255.0,255.0,255.0
1318,65.9,44.00507380772704,-0.23599999999999421,-40.27971976166456,-0.9326671585289024,-4.911308811059823e-14,0.32417260949461085,-0.0034779229026238347,-5.678673440231919e-13,0.0019233067450741955,0,70,255.0,255.0,255.0
1319,65.95,43.95843738961451,-0.23599999999999716,-40.263509616533725,-0.9327638216213184,-6.254228195032356e-14,0.3242154061921502,-0.0003886007940137066,3.06995904341486e-14,-0.000211438843499355,0,70,255.0,255.0,255.0
1320,66.0,43.9118,-0.236,-40.2473,-0.9327060186083039,-4.6043129067183563e-14,0.3241514656102609,0.002700721314599086,6.292665248914893e-13,-0.0023461844320737946,0,70,255.0,255.0,255.0
1321,66.05,43.865169611828115,-0.23600000000000157,-40.231095875835145,-0.9324787711292969,-1.849362520792075e-14,0.3240031732819069,0.006389177845683459,4.727136294790858e-13,-0.003585508702086689,0,70,255.0,255.0,255.0
1322,66.10000000000001,43.81855519660084,-0.23600000000000199,-40.214900715442035,-0.9320671008237355,1.2282338807268161e-15,0.32379291474005223,0.010077634376768882,3.161607340666377e-13,-0.0048248329720999355,0,70,255.0,255.0,255.0
1323,66.15,43.771965975459516,-0.23600000000000157,-40.19871761713136,-0.93147100769162,1.3122448198747932e-14,0.3235206899846969,0.013766090907853254,1.5960783865423414e-13,-0.0060641572421128295,0,70,255.0,255.0,255.0
1324,66.2,43.72541116954546,-0.2360000000000008,-40.1825496792138,-0.9306904917329503,1.718901774614932e-14,0.32318649901584096,0.017454547438937627,3.054943241830596e-15,-0.007303481512125724,0,70,255.0,255.0,255.0
1325,66.25,43.6789,-0.236,-40.1664,-0.9297255529477263,1.342794252293097e-14,0.3227903418334844,0.021143003970022,-1.53497952170573e-13,-0.008542805782140395,0,70,255.0,255.0,255.0
1326,66.3,43.632441516462485,-0.23599999999999952,-40.150271406397785,-0.9285864814550485,6.4441610942095574e-15,0.3223485026110935,0.02441985573709004,-1.2585330497829943e-13,-0.009130763113495333,0,70,255.0,255.0,255.0
1327,66.35000000000001,43.58604408256429,-0.23599999999999935,-40.134165639703326,-0.9272835673740171,8.426120251003452e-16,0.32187726552213475,0.027696707504159007,-9.820865778601803e-14,-0.009718720444850438,0,70,255.0,255.0,255.0
1328,66.4,43.53971589043488,-0.23599999999999938,-40.11808416981,-0.9258168107046325,-3.376704684393476e-15,0.3213766305666084,0.030973559271227042,-7.056401059374445e-14,-0.010306677776205374,0,70,255.0,255.0,255.0
1329,66.45,43.49346513220364,-0.23599999999999963,-40.10202846661112,-0.9241862114468945,-6.2137890342737e-15,0.3208465977445143,0.03425041103829508,-4.2919363401470894e-14,-0.010894635107560313,0,70,255.0,255.0,255.0
1330,66.5,43.4473,-0.236,-40.086,-0.9223917696008033,-7.668641024540318e-15,0.32028716705585236,0.03752726280536045,-1.5274716209197333e-14,-0.011482592438917472,0,70,255.0,255.0,255.0
1331,66.55,43.401229122321965,-0.23600000000000038,-40.07000089857376,-0.9204073030505188,-7.283019168917474e-15,0.3196588162737876,0.041851399206023855,3.069959043411198e-14,-0.013651438843673046,0,70,255.0,255.0,255.0
1332,66.60000000000001,43.35526287314194,-0.23600000000000068,-40.054035925744614,-0.9182066296802005,-4.598681981128205e-15,0.31892202317148494,0.04617553560668848,7.667389707743436e-14,-0.01582028524842924,0,70,255.0,255.0,255.0
1333,66.65,43.309412062800945,-0.23600000000000076,-40.03811050362861,-0.9157897494898496,3.8437053882596304e-16,0.3180767877489446,0.050499672007351885,1.2264820372074368e-13,-0.01798913165318481,0,70,255.0,255.0,255.0
1334,66.7,43.263687501639964,-0.2360000000000006,-40.02223005434173,-0.9131566624794656,7.666138390945467e-15,0.31712311000616655,0.05482380840801529,1.68622510364053e-13,-0.020157978057940385,0,70,255.0,255.0,255.0
1335,66.75,43.2181,-0.236,-40.0064,-0.9103073686490484,1.7246621575230302e-14,0.3160609899431506,0.05914794480867869,2.1459681700736228e-13,-0.022326824462697292,0,70,255.0,255.0,255.0
1336,66.8,43.17265959424966,-0.23599999999999893,-39.99062499930719,-0.9072883063428591,2.2687915581460338e-14,0.3149362322937776,0.06161454743890311,3.0549432418514724e-15,-0.022663481512226795,0,70,255.0,255.0,255.0
1337,66.85000000000001,43.127373224867895,-0.23599999999999788,-39.97490665731816,-0.9041459139051575,1.7552115899412465e-14,0.3137946417919278,0.06408115006912822,-2.0848693052371947e-13,-0.02300013856175639,0,70,255.0,255.0,255.0
1338,66.9,43.082247058361325,-0.23599999999999738,-39.95924581567554,-0.9008801913359457,1.8392225290896114e-15,0.31263621843760175,0.06654775269935263,-4.2002880428923025e-13,-0.023336795611285894,0,70,255.0,255.0,255.0
1339,66.95,43.0372872612365,-0.23599999999999788,-39.94364331602194,-0.8974911386352226,-2.445076452950818e-14,0.3114609622307993,0.06901435532957706,-6.315706780547411e-13,-0.023673452660815393,0,70,255.0,255.0,255.0
1340,67.0,42.9925,-0.236,-39.9281,-0.8939787558029884,-6.131784527638089e-14,0.3102688731715204,0.07148095795980325,-8.431125518202519e-13,-0.02401010971034445,0,70,255.0,255.0,255.0
1341,67.05,42.94789250067942,-0.23600000000000376,-39.91261750419748,-0.8902794715780352,-8.346864315692387e-14,0.30901225455107717,0.07649041103833171,-4.2919363401517935e-14,-0.02625463510738891,0,70,255.0,255.0,255.0
1342,67.10000000000001,42.90347622738642,-0.23600000000000768,-39.897200644982725,-0.8863297146991544,-6.560978161652167e-14,0.3076434096607813,0.08149986411686158,7.572738250174436e-13,-0.028499160504434,0,70,255.0,255.0,255.0
1343,67.15,42.859263703753726,-0.23600000000000967,-39.881855033669225,-0.8821294851663485,-7.741260655184424e-15,0.3061623385006335,0.08650931719539003,1.5574670134361775e-12,-0.030743685901478458,0,70,255.0,255.0,255.0
1344,67.2,42.81526745341402,-0.2360000000000078,-39.866586281570484,-0.877678782979616,9.013691972708725e-14,0.3045690410706336,0.09151877027391847,2.3576602018549113e-12,-0.03298821129852291,0,70,255.0,255.0,255.0
1345,67.25,42.7715,-0.236,-39.8514,-0.872977608138957,2.2802475953029326e-13,0.3028635173707814,0.09652822335244782,3.1578533902736455e-12,-0.03523273669556781,0,70,255.0,255.0,255.0
1346,67.3,42.727972803032685,-0.2359999999999859,-39.836300983902895,-0.8680898073449499,3.1118665704623515e-13,0.3010947495019412,0.09898380840784324,1.6862251036422044e-13,-0.035517978058041674,0,70,255.0,255.0,255.0
1347,67.35000000000001,42.68469306558638,-0.23599999999997134,-39.821290762750934,-0.8630792272981718,2.4488701056667426e-13,0.29931171956497693,0.10143939346323935,-2.8206083695460544e-12,-0.03580321942051561,0,70,255.0,255.0,255.0
1348,67.4,42.64166692662375,-0.2359999999999639,-39.806370049647526,-0.8579458679986252,2.9125820091648086e-14,0.2975144275598894,0.10389497851863477,-5.809839249455479e-12,-0.036088460782989475,0,70,255.0,255.0,255.0
1349,67.45,42.5989005251074,-0.23599999999997096,-39.79153955769608,-0.8526897294463089,-3.360969143788407e-13,0.2957028734866782,0.1063505635740302,-8.799070129364905e-12,-0.03637370214546333,0,70,255.0,255.0,255.0
1350,67.5,42.5564,-0.236,-39.7768,-0.8473108116412228,-8.507811928447922e-13,0.29387705734534325,0.10880614862942384,-1.1788301009274325e-11,-0.036658943507936304,0,70,255.0,255.0,255.0
1351,67.55,42.51417228718985,-0.23600000000005264,-39.76215296019093,-0.8417612990422456,-1.1612779850280167e-12,0.29198474744112546,0.1131743553296782,-6.315706780553611e-13,-0.03903345266077855,0,70,255.0,255.0,255.0
1352,67.60000000000001,42.47222751026802,-0.23600000000010682,-39.74760350401351,-0.835993376108254,-9.139382606501754e-13,0.28997371207926503,0.11754256202993382,1.0525159653166773e-11,-0.04140796181362148,0,70,255.0,255.0,255.0
1353,67.65,42.43057658975127,-0.2360000000001347,-39.73315756774063,-0.8300070428392513,-1.0876201971140822e-13,0.287843951259763,0.12191076873018819,2.168188998438574e-11,-0.04378247096646373,0,70,255.0,255.0,255.0
1354,67.7,42.38923044615635,-0.2360000000001084,-39.71882108764516,-0.8238022992352357,1.2542507377882755e-12,0.2855954649826189,0.12627897543044256,3.28386203156047e-11,-0.04615698011930598,0,70,255.0,255.0,255.0
1355,67.75,42.3482,-0.236,-39.7046,-0.8173791452962077,3.1751000118488752e-12,0.2832282532478327,0.13064718213069693,4.399535064682366e-11,-0.04853148927214823,0,70,255.0,255.0,255.0
1356,67.8,42.30749564820791,-0.2359999999998036,-39.69049917533338,-0.8107689964860882,4.333925283065831e-12,0.2808062607335669,0.13375877027409366,2.3576602018572325e-12,-0.04834821129848762,0,70,255.0,255.0,255.0
1357,67.85000000000001,42.267125693341505,-0.2359999999996013,-39.676519221195,-0.8040032682687972,3.4108660320340266e-12,0.2783934321179835,0.1368703584174913,-3.928003024312103e-11,-0.04816493332482696,0,70,255.0,255.0,255.0
1358,67.9,42.22709791437114,-0.23599999999949722,-39.66265967938993,-0.7970819606443381,4.059222587539862e-13,0.27598976740108383,0.13998194656088803,-8.091772068808746e-11,-0.047981655351166344,0,70,255.0,255.0,255.0
1359,67.95,42.187420090267196,-0.2359999999995954,-39.64892009172325,-0.7900050736127091,-4.680906036774261e-12,0.27359526658286715,0.14309353470428476,-1.2255541113305387e-10,-0.04779837737750573,0,70,255.0,255.0,255.0
1360,68.0,42.1481,-0.236,-39.6353,-0.7827726071739103,-1.1849618854550708e-11,0.27120992966333357,0.1462051228476824,-1.641931015780203e-10,-0.04761509940384645,0,70,255.0,255.0,255.0
1361,68.05,42.1091459199785,-0.23600000000073296,-39.62179993847556,-0.7753547150133723,-1.6174423147235307e-11,0.2687742096246,0.15051056357385778,-8.79907012937356e-12,-0.04981370214550052,0,70,255.0,255.0,255.0
1362,68.10000000000001,42.070568116365926,-0.23600000000148794,-39.608424411206485,-0.7677215508165232,-1.2729525867485926e-11,0.26622855944878304,0.15481600430003442,1.4659496131931733e-10,-0.05201230488715522,0,70,255.0,255.0,255.0
1363,68.15,42.03237735276411,-0.2360000000018764,-39.59517891469963,-0.7598731145833675,-1.5149270153045318e-12,0.2635729791358841,0.1591214450262098,3.0198899276796404e-10,-0.0542109076288093,0,70,255.0,255.0,255.0
1364,68.2,41.99458439277486,-0.23600000000150995,-39.582068945461856,-0.751809406313903,1.746937340930876e-11,0.26080746868590243,0.16342688575238523,4.573830242166108e-10,-0.05640951037046337,0,70,255.0,255.0,255.0
1365,68.25,41.9572,-0.236,-39.5691,-0.7435304260081298,4.4223375406353956e-11,0.25793202809883803,0.1677323264785615,6.127770556652577e-10,-0.058608113112119664,0,70,255.0,255.0,255.0
1366,68.3,41.920234271878094,-0.23599999999726448,-39.556277070764374,-0.7350761434604061,6.036376730587541e-11,0.25497690076805163,0.1704389754304071,3.283862031563704e-11,-0.059596980119343036,0,70,255.0,255.0,255.0
1367,68.35000000000001,41.883694641194744,-0.23599999999444687,-39.543603133979026,-0.7264865284650877,4.75072374379097e-11,0.25197233008690323,0.17314562438225345,-5.470998150341484e-10,-0.060585847126566686,0,70,255.0,255.0,255.0
1368,68.4,41.847587874572376,-0.23599999999299706,-39.531080661811515,-0.7177615810221794,5.653785802464154e-12,0.24891831605539447,0.17585227333409903,-1.127038250383769e-09,-0.06157471413379006,0,70,255.0,255.0,255.0
1369,68.45,41.811920738633326,-0.2359999999943648,-39.518712126429335,-0.7089013011316787,-6.519658760046079e-11,0.24581485867352454,0.1785589222859446,-1.7069766857333898e-09,-0.06256358114101343,0,70,255.0,255.0,255.0
1370,68.5,41.7767,-0.236,-39.5065,-0.6999056887935858,-1.650438827708651e-10,0.24266195794129344,0.18126557123779374,-2.28691512108301e-09,-0.06355244814823702,0,70,255.0,255.0,255.0
1371,68.55,41.74193299250915,-0.23600000001020904,-39.49444697846697,-0.6907407111450334,-2.252806460762663e-10,0.23944618730315276,0.18533353470432445,-1.2255541113317464e-10,-0.06507837737739695,0,70,255.0,255.0,255.0
1372,68.60000000000001,41.70762931885505,-0.2360000000207244,-39.48255665287737,-0.6813723353231517,-1.7729942388415284e-10,0.23615412020355317,0.18940149817085636,2.0418042988172763e-09,-0.0666043066065573,0,70,255.0,255.0,255.0
1373,68.65,41.67379914894638,-0.23600000002613533,-39.4708328380543,-0.6718005613279462,-2.110021619455198e-11,0.23278575664249648,0.19346946163738707,4.206164008767112e-09,-0.06813023583571724,0,70,255.0,255.0,255.0
1374,68.7,41.64045265269181,-0.23600000002103083,-39.459279348820814,-0.6620253891594141,2.433169769925345e-10,0.22934109661998184,0.1975374251039178,6.370523718716947e-09,-0.06965616506487717,0,70,255.0,255.0,255.0
1375,68.75,41.6076,-0.236,-39.4479,-0.6520468188175554,6.159521556771065e-10,0.22582014013600918,0.2016053885704494,8.534883428666784e-09,-0.0711820942940371,0,70,255.0,255.0,255.0
1376,68.8,41.575251358085325,-0.23599999996189938,-39.43669821536777,-0.6418650119594842,8.407588169991899e-10,0.22224635001939433,0.20566688575242273,4.5738302421706244e-10,-0.07176951037056495,0,70,255.0,255.0,255.0
1377,68.85000000000001,41.543416883385035,-0.23599999992265533,-39.425675854511454,-0.6314801302423114,6.616904580987019e-10,0.21864318909895208,0.2097283829343972,-7.620117380234955e-09,-0.07235692644709296,0,70,255.0,255.0,255.0
1378,68.9,41.51210672964208,-0.23599999990246162,-39.41483438597126,-0.6208921736660428,7.8747078975744e-11,0.21501065737468442,0.2137898801163705,-1.5697617784684678e-08,-0.07294434252362081,0,70,255.0,255.0,255.0
1379,68.95,41.481331050599415,-0.23599999992151188,-39.40417527828738,-0.6101011422306756,-9.080713203696768e-10,0.21134875484659038,0.21785137729834383,-2.3775118189134398e-08,-0.07353175860014866,0,70,255.0,255.0,255.0
1380,69.0,41.4511,-0.236,-39.3937,-0.5991070359362095,-2.2987647399375607e-09,0.20765748151467,0.22191287448032337,-3.185261859358411e-08,-0.07411917467667628,0,70,255.0,255.0,255.0
1381,69.05,41.42142317514954,-0.2360000001421933,-39.38341056006198,-0.5879432410170526,-3.137754621920492e-09,0.20390441261922704,0.22463892228597654,-1.706976685735066e-09,-0.07600358114105042,0,70,255.0,255.0,255.0
1382,69.10000000000001,41.39230794760479,-0.2360000002886541,-39.3733111290768,-0.5766431437076099,-2.4694624085106527e-09,0.2000571234005643,0.22736497009163045,2.8438665222122555e-08,-0.07788798760542509,0,70,255.0,255.0,255.0
1383,69.15,41.36376113248528,-0.2360000003640182,-39.363406418060634,-0.5652067440078877,-2.938880997084237e-10,0.1961156138586839,0.23009101789728362,5.85843071299716e-08,-0.07977239406979923,0,70,255.0,255.0,255.0
1384,69.2,41.335789544910504,-0.23600000029292154,-39.35370113802965,-0.5536340419178828,3.388968304486174e-09,0.19207988399358483,0.23281706570293675,8.872994903782064e-08,-0.08165680053417336,0,70,255.0,255.0,255.0
1385,69.25,41.3084,-0.236,-39.3442,-0.5419250374375952,8.579106804073136e-09,0.18794993380526706,0.2355431135085908,1.1887559094566964e-07,-0.08354120699854772,0,70,255.0,255.0,255.0
1386,69.3,41.28159994131651,-0.23599999946932726,-39.33490754438435,-0.5300420239722822,1.1710259670682779e-08,0.18373599950368597,0.23977742510395478,6.370523718723207e-09,-0.08501616506470505,0,70,255.0,255.0,255.0
1387,69.35000000000001,41.255399326195764,-0.23599999892272822,-39.325827629181354,-0.5179472949271977,9.216159175943911e-09,0.17944831729879582,0.24401173669931994,-1.061345435082552e-07,-0.08649112313086278,0,70,255.0,255.0,255.0
1388,69.4,41.22980874041677,-0.23599999864146556,-39.316963941786184,-0.5056408503023483,1.0968053198579519e-09,0.175086887190599,0.2482460482946839,-2.1863961073520164e-07,-0.08796608119702011,0,70,255.0,255.0,255.0
1389,69.45,41.20483876975853,-0.2359999989068019,-39.30832016959401,-0.4931226900977307,-1.2647801897575014e-08,0.1706517091790943,0.25248035989004786,-3.3114467796214807e-07,-0.08944103926317742,0,70,255.0,255.0,255.0
1390,69.5,41.1805,-0.236,-39.2999,-0.4803928143133449,-3.201766247635498e-08,0.16614278326428175,0.2567146714854136,-4.436497451890946e-07,-0.09091599732933608,0,70,255.0,255.0,255.0
1391,69.55,41.15680265958445,-0.23600000198049753,-39.29170646240064,-0.4674726630937541,-4.370328406081063e-08,0.16159958936604077,0.26009137729824855,-2.37751181891578e-08,-0.09081175860031326,0,70,255.0,255.0,255.0
1392,69.60000000000001,41.13375554761213,-0.23600000402043286,-39.283739954197785,-0.45438367658351775,-3.439517429526499e-08,0.15706160740424965,0.2634680831110844,3.9609950881089833e-07,-0.0907075198712904,0,70,255.0,255.0,255.0
1393,69.65,41.1113671058476,-0.23600000507011942,-39.276000214794614,-0.44112585478264343,-4.093333179723371e-09,0.15252883737891096,0.26684478892391933,8.159741358108352e-07,-0.09060328114226758,0,70,255.0,255.0,255.0
1394,69.7,41.08964577605538,-0.23600000407987065,-39.268486983594286,-0.42769919769112735,4.72022392858139e-08,0.1480012792900234,0.2702214947367542,1.2358487628107718e-06,-0.09049904241324475,0,70,255.0,255.0,255.0
1395,69.75,41.0686,-0.236,-39.2612,-0.41410370530896956,1.1949154310134678e-07,0.14347893313758703,0.27359820054959094,1.6557233898107087e-06,-0.09039480368422215,0,70,255.0,255.0,255.0
1396,69.8,41.04823822034572,-0.23599999260868254,-39.25414020601309,-0.4003393236526614,1.631028765725597e-07,0.13888964303213147,0.27697706570276653,8.87299490379079e-08,-0.09317680053400974,0,70,255.0,255.0,255.0
1397,69.85000000000001,41.028568883355696,-0.2359999849955402,-39.24731335402749,-0.3864059987386905,1.2836453800511604e-07,0.13416125308418522,0.28035593085594307,-1.478263491735338e-06,-0.09595879738379812,0,70,255.0,255.0,255.0
1398,69.9,41.00960043619281,-0.2359999810780566,-39.240726399035374,-0.37230373056706473,1.5276527399035544e-08,0.1292937632937509,0.28373479600911866,-3.045256932508139e-06,-0.09874079423358571,0,70,255.0,255.0,255.0
1399,69.95,40.991341326019956,-0.23599998477371534,-39.23438629602883,-0.3580325191377802,-1.7616115524568055e-07,0.12428717366082723,0.28711366116229425,-4.612250373280939e-06,-0.1015227910833733,0,70,255.0,255.0,255.0
1400,70.0,40.9738,-0.236,-39.2283,-0.343592364450837,-4.4594850992903213e-07,0.11914148418541416,0.2904925263154685,-6.17924381405374e-06,-0.10430478793316056,0,70,255.0,255.0,255.0
1401,70.05,40.95698525903268,-0.23600002758477226,-39.22247351354703,-0.3289620422956956,-6.087082222294281e-07,0.11391383850550349,0.2947203598902219,-3.311446779624745e-07,-0.10480103926327837,0,70,255.0,255.0,255.0
1402,70.10000000000001,40.940907318965074,-0.23600005599740628,-39.216909029692225,-0.31412032846181226,-4.790629777251992e-07,0.10866138025908542,0.2989481934649764,5.516954458130453e-06,-0.10529729059339632,0,70,255.0,255.0,255.0
1403,70.15,40.925576749381136,-0.2360000706176541,-39.2116077890639,-0.2990672229491954,-5.701277641641878e-08,0.10338410944616297,0.3031760270397298,1.136505359422172e-05,-0.10579354192351412,0,70,255.0,255.0,255.0
1404,70.2,40.9110041198648,-0.23600005682526795,-39.206571032290384,-0.283802725757841,6.57442381696908e-07,0.0980820260667346,0.30740386061448316,1.7213152730312985e-05,-0.10628979325363193,0,70,255.0,255.0,255.0
1405,70.25,40.8972,-0.236,-39.2018,-0.2683268368877489,1.6643024966147816e-06,0.09275513012080036,0.3116316941892374,2.3061251866404247e-05,-0.1067860445837503,0,70,255.0,255.0,255.0
1406,70.3,40.884174343523576,-0.2359998970522283,-39.19729613979879,-0.252676507164594,2.271730012345153e-06,0.08739100294587167,0.3143814947369934,1.2358487628119875e-06,-0.10777904241340924,0,70,255.0,255.0,255.0
1407,70.35000000000001,40.871934640784,-0.23599979101483468,-39.193061727203606,-0.23688868741404684,1.78788737289568e-06,0.0819772258794585,0.3171312952847501,-2.0589554340786472e-05,-0.10877204024306847,0,70,255.0,255.0,255.0
1408,70.4,40.860487766282624,-0.23599973645132694,-39.18909924470903,-0.22096337763611634,2.1277457826663983e-07,0.07651379892156393,0.31988109583250607,-4.241495744437873e-05,-0.10976503807272742,0,70,255.0,255.0,255.0
1409,70.45,40.84984059452084,-0.23599978792521276,-39.18541117480963,-0.20490057783079804,-2.453608371541951e-06,0.07100072207218638,0.322630896380262,-6.4240360547971e-05,-0.11075803590238636,0,70,255.0,255.0,255.0
1410,70.5,40.84,-0.236,-39.182,-0.188700287998092,-6.211261476530094e-06,0.06543799533132591,0.32538069692801774,-8.606576365156326e-05,-0.11175103373204553,0,70,255.0,255.0,255.0
1411,70.55,40.83097496687302,-0.2360003842063145,-39.17886912725783,-0.17223592904584126,-8.478211827151183e-06,0.05977014971094667,0.33319366116204885,-4.612250373285488e-06,-0.11496279108313678,0,70,255.0,255.0,255.0
1412,70.60000000000001,40.82278291789895,-0.23600077994325497,-39.17602566149337,-0.15538092188188415,-6.672486513857524e-06,0.05394171622301121,0.34100662539608223,7.684126290501543e-05,-0.11817454843422893,0,70,255.0,255.0,255.0
1413,70.65,40.815443385488365,-0.23600098357703816,-39.17347763209998,-0.13813526650623026,-7.940855366501399e-07,0.04795269486752282,0.34881958963011334,0.0001582947761832932,-0.12138630578532018,0,70,255.0,255.0,255.0
1414,70.7,40.80897590205185,-0.23600079147388092,-39.17123306847107,-0.12049896291887481,9.156991104470898e-06,0.041803085644479876,0.3566325538641445,0.00023974828946157097,-0.12459806313641142,0,70,255.0,255.0,255.0
1415,70.75,40.8034,-0.236,-39.1693,-0.10247201111981784,2.3180743409505594e-05,0.03549288855388239,0.3644455180981754,0.0003212018027398488,-0.12780982048750267,0,70,255.0,255.0,255.0
1416,70.8,40.79872498898435,-0.2359985661225136,-39.167682551169904,-0.08466777665200642,3.164111729625958e-05,0.02925639821035526,0.3477238606143221,1.721315273032993e-05,-0.12164979325359673,0,70,255.0,255.0,255.0
1417,70.85000000000001,40.79491928762024,-0.23599708921214538,-39.16636922682294,-0.06769962505838291,2.490205868253441e-05,0.02332790922852177,0.331002203130464,-0.00028677549727927534,-0.11548976601968905,0,70,255.0,255.0,255.0
1418,70.9,40.791941091763945,-0.23599632924052036,-39.16534462689103,-0.051567556338956946,2.9635675683339165e-06,0.017707421608385284,0.3142805456466107,-0.0005907641472887941,-0.10932973878578311,0,70,255.0,255.0,255.0
1419,70.95,40.78974859727177,-0.23599704617926354,-39.16459335130607,-0.036271570493723614,-3.417435604634166e-05,0.01239493534994408,0.2975588881627574,-0.0008947527972983129,-0.10316971155187718,0,70,255.0,255.0,255.0
1420,71.0,40.7883,-0.236,-39.1641,-0.021811667522682907,-8.651171216149228e-05,0.007390450453198152,0.280837230678904,-0.001198741447307832,-0.0970096843179713,0,70,255.0,255.0,255.0
1421,71.05,40.78753147718959,-0.23600535130363104,-39.16384146806256,-0.00950896434620129,-0.00011808625735788715,0.003156257447683767,0.2112708963803887,-6.424036054803448e-05,-0.07235803590261375,0,70,255.0,255.0,255.0
1422,71.10000000000001,40.78729113162013,-0.23601086320816347,-39.16376383121488,-0.0006845778846432237,-9.293574821628016e-05,0.0001546468629365109,0.14170456208185364,0.0010702607262120857,-0.04770638748724918,0,70,255.0,255.0,255.0
1423,71.15,40.78740504745587,-0.23601369946088036,-39.16380546033592,0.004661491861986267,-1.106018473668555e-05,-0.0016143813010419082,0.07213822778333837,0.0022047618129718833,-0.023054739071891622,0,70,255.0,255.0,255.0
1424,71.2,40.78769930886108,-0.23601102380906483,-39.16390472630464,0.006529244893690198,0.00012754043308089568,-0.0021508270442525193,0.0025718934848230623,0.0033392628997316806,0.0015969093434659298,0,70,255.0,255.0,255.0
1425,71.25,40.788,-0.236,-39.164,0.00491868121046857,0.00032286610523646353,-0.0014546903666953223,-0.06699444081369219,0.0044737639864914774,0.026248557758823496,0,70,255.0,255.0,255.0
1426,71.3,40.788169102257285,-0.23598002866296217,-39.16404357657984,0.0019836340367332585,0.00044070391213528893,-0.0003614280011331111,-0.05040744613572695,0.00023974828946180665,0.017481936863667447,0,70,255.0,255.0,255.0
1427,71.35000000000001,40.78821218589923,-0.23595945795520065,-39.16404344831752,-0.0001220634031043194,0.00034684093418258606,0.0002935033196714464,-0.033820451457757,-0.003994267407569068,0.008715315968508903,0,70,255.0,255.0,255.0
1428,71.4,40.78817071841254,-0.23594887291595806,-39.16402153176529,-0.001398411109042966,4.1277171378408255e-05,0.0005101035957179785,-0.017233456779791767,-0.008228283104598739,-5.130492664714645e-05,0,70,255.0,255.0,255.0
1429,71.45,40.78808616728389,-0.235958858584477,-39.163999743475365,-0.0018454090810833988,-0.0004759873762772411,0.0002883728270067316,-0.0006464621018265337,-0.01246229880162841,-0.0088179258218032,0,70,255.0,255.0,255.0
1430,71.5,40.788,-0.236,-39.164,-0.0014630573192256167,-0.0012049527087843617,-0.000371688986462292,0.015940532576138693,-0.016696314498658084,-0.017584546716959252,0,70,255.0,255.0,255.0
1431,71.55,40.78794571378125,-0.23607453404452028,-39.16403542561807,-0.0007295718007537265,-0.0016447293911832687,-0.000942545443180376,0.013398888162738582,-0.0008947527972991975,-0.005249711551765401,0,70,255.0,255.0,255.0
1432,71.60000000000001,40.78792492478291,-0.23615130497103387,-39.16408397551501,-0.00012316850295168025,-0.0012944279885140646,-0.0008966601416387013,0.01085724374933775,0.014906808904064178,0.007085123613431957,0,70,255.0,255.0,255.0
1433,71.65,40.78793127889394,-0.23619080887528726,-39.16411481260293,0.00035615257418017724,-0.00015404850077694763,-0.000234033081837295,0.00831559933593764,0.030708370605423065,0.019419958778625807,0,70,255.0,255.0,255.0
1434,71.7,40.787958422003314,-0.2361535418530271,-39.16409709979389,0.0007083914306420362,0.001776409072028068,0.0010453357362237687,0.00577395492253753,0.04650993230678196,0.03175479394381965,0,70,255.0,255.0,255.0
1435,71.75,40.788,-0.236,-39.164,0.000933548066433897,0.0044969447299009835,0.00294144631254449,0.0032323105091374184,0.06231149400814084,0.0440896291090135,0,70,255.0,255.0,255.0
1436,71.8,40.78804804261769,-0.23572183515895662,-39.16381472094789,0.0009346531662816481,0.006138213652597785,0.004131609773854614,-0.0031881065152273725,0.0033392628997349696,0.003516909343394145,0,70,255.0,255.0,255.0
1437,71.85000000000001,40.788088114969106,-0.23543532216066385,-39.163620649622416,0.0006147374149110411,0.004830871019873671,0.0032931372468833573,-0.009608523539593988,-0.05563296820868766,-0.03705581042223674,0,70,255.0,255.0,255.0
1438,71.9,40.788104166011664,-0.23528789158289287,-39.16351921782301,-2.619918767774159e-05,0.0005749168317293815,0.00042602873163120024,-0.01602894056395878,-0.11460519931709354,-0.07762853018785608,0,70,255.0,255.0,255.0
1439,71.95,40.78808014470282,-0.23542697400341459,-39.16361185734907,-0.000988156641484746,-0.006629648911835033,-0.004469715771901809,-0.02244935758832357,-0.1735774304254994,-0.11820124995347543,0,70,255.0,255.0,255.0
1440,72.0,40.788,-0.236,-39.164,-0.0022711349465099713,-0.01678282621081957,-0.011394096263715668,-0.02886977461268834,-0.23254966153390522,-0.15877396971909474,0,70,255.0,255.0,255.0
1441,72.05,40.787844515747956,-0.23713972531965316,-39.16481529059038,-0.0040650408643702835,-0.029004125219207186,-0.022159893652237354,-0.04288646210172824,-0.25630229880162714,-0.27185792582179713,0,70,255.0,255.0,255.0
1442,72.10000000000001,40.78758181534065,-0.2389202063863109,-39.1663102259953,-0.00655978115668336,-0.04241305609098481,-0.03857988884589931,-0.05690314959077211,-0.2800549360693558,-0.3849418819245317,0,70,255.0,255.0,255.0
1443,72.15,40.78717685705938,-0.24140082479314157,-39.168767516105056,-0.00975535582344778,-0.05700961882614481,-0.060654081844692204,-0.070919837079812,-0.3038075733370777,-0.4980258380272341,0,70,255.0,255.0,255.0
1444,72.2,40.7865945991854,-0.24464096213331485,-39.17246987080986,-0.013651764864664157,-0.07279381342469085,-0.08838247264861988,-0.0849365245688519,-0.32756021060479956,-0.6111097941299365,0,70,255.0,255.0,255.0
1445,72.25,40.7858,-0.2487,-39.1777,-0.018249008280332487,-0.08976563988662291,-0.12176506125768237,-0.09895321205789179,-0.35131284787252104,-0.7241937502326384,0,70,255.0,255.0,255.0
1446,72.3,40.78476989439049,-0.25355046356243016,-39.184676916690606,-0.022834489708719367,-0.10271371277576594,-0.1569800351649018,-0.08446604507759391,-0.16661006769322925,-0.6844052060562194,0,70,255.0,255.0,255.0
1447,72.35000000000001,40.783528623668275,-0.25881745229409475,-39.19336484639635,-0.02669561278809239,-0.10642664665594462,-0.19020558186330958,-0.0699788780972919,0.018092712486115048,-0.644616661879789,0,70,255.0,255.0,255.0
1448,72.4,40.78211240575084,-0.2640392092445427,-39.20366431775679,-0.02983237751844936,-0.10090444152715691,-0.22144170135288677,-0.055491711116994025,0.20279549266540686,-0.60482811770337,0,70,255.0,255.0,255.0
1449,72.45,40.780557458555585,-0.2687539774633272,-39.215475859411484,-0.032244783899791477,-0.0861470973894051,-0.25068839363364315,-0.041004544136696144,0.3874982728446986,-0.5650395735269509,0,70,255.0,255.0,255.0
1450,72.5,40.7789,-0.2725,-39.2287,-0.03393283193211874,-0.06215461424268923,-0.27794565870557864,-0.026517377156398236,0.5722010530239909,-0.5252510293505317,0,70,255.0,255.0,255.0
1451,72.55,40.77717350669011,-0.274836820430625,-39.24325384264722,-0.035061000300736944,-0.03020502367772883,-0.30420796568817404,-0.018609357588332605,0.7057825695744977,-0.5252412499533431,0,70,255.0,255.0,255.0
1452,72.60000000000001,40.77540048998623,-0.2754091844373138,-39.259120788419324,-0.03579376769095204,0.008423642714768453,-0.3304697837009174,-0.010701338020264722,0.8393640861250423,-0.5252314705561545,0,70,255.0,255.0,255.0
1453,72.65,40.77360071993731,-0.2738831382286899,-39.27630081286782,-0.03613113410276362,0.05373138493478067,-0.35673111274379393,-0.00279331845219909,0.9729456026755491,-0.525221691158966,0,70,255.0,255.0,255.0
1454,72.7,40.77179396659226,-0.26992472801337736,-39.2947938915442,-0.03607309953617194,0.10571820298231782,-0.38299195281681103,0.005114701115866545,1.1065271192260557,-0.5252119117617774,0,70,255.0,255.0,255.0
1455,72.75,40.77,-0.2632,-39.3146,-0.03561966399117699,0.16438409685737995,-0.4092523039199687,0.013022720683932454,1.2401086357765634,-0.5252021323645861,0,70,255.0,255.0,255.0
1456,72.8,40.76824007884911,-0.25337025471506985,-39.33571331272052,-0.03468150908830128,0.23001380748667014,-0.4351641020823325,0.0245034754310979,1.385079789395193,-0.5112697941300259,0,70,255.0,255.0,255.0
1457,72.85000000000001,40.766541416386794,-0.2400778099566478,-39.35810479992637,-0.03316931644806683,0.30289207579691313,-0.46037928333297545,0.035984230178266616,1.5300509430138636,-0.4973374558954617,0,70,255.0,255.0,255.0
1458,72.9,40.76493271449993,-0.2229602378406948,-39.38173963077195,-0.031083086070474483,0.3830189017880675,-0.48489784767188315,0.04746498492543206,1.6750220966324931,-0.48340511766090144,0,70,255.0,255.0,255.0
1459,72.95,40.76344267507537,-0.20165511048316104,-39.4065829744117,-0.028422817955523892,0.47039428546015294,-0.508719795099063,0.0589457396725975,1.8199932502511227,-0.4694727794263412,0,70,255.0,255.0,255.0
1460,73.0,40.7621,-0.1758,-39.4326,-0.02518851210321506,0.5650182268131694,-0.5318451256145146,0.07042649441976309,1.964964403869752,-0.45554044119178183,0,70,255.0,255.0,255.0
1461,73.05,40.76092937791346,-0.14503256070910003,-39.45976010647068,-0.02162096334613669,0.6668857937310244,-0.5545276259824832,0.07227545586338,2.1097382728446794,-0.4517595735270135,0,70,255.0,255.0,255.0
1462,73.10000000000001,40.75993944446659,-0.1089907757360779,-39.488049611875205,-0.017960966516876422,0.7759920540976574,-0.5770210829672198,0.07412441730699741,2.254512141819648,-0.4479787058622441,0,70,255.0,255.0,255.0
1463,73.15,40.759134822062975,-0.0673127104085168,-39.51745906404436,-0.014208521615436339,0.8923370079130064,-0.5993254965687114,0.07597337875061431,2.399286010794576,-0.44419783819747577,0,70,255.0,255.0,255.0
1464,73.2,40.758520133106245,-0.019636430053969922,-39.54797901080901,-0.01036362864181542,1.0159206551771014,-0.6214408667869649,0.0778223401942312,2.5440598797695033,-0.4404169705327074,0,70,255.0,255.0,255.0
1465,73.25,40.7581,0.0344,-39.5796,-0.006426287596013662,1.1467429958899422,-0.6433671936219797,0.07967130163784814,2.68883374874442,-0.43663610286794263,0,70,255.0,255.0,255.0
1466,73.3,40.75789280949702,0.095071697551458,-39.61231506139672,-0.0015706375271655683,1.2795950175891964,-0.665253393987718,0.11455470111608666,2.625247119226049,-0.43881191176163775,0,70,255.0,255.0,255.0
1467,73.35000000000001,40.75797200574685,0.16230651290100043,-39.64612715257286,0.005029182515596477,1.4092677078125686,-0.6872483847981472,0.1494381005943351,2.56166048970766,-0.4409877206553334,0,70,255.0,255.0,255.0
1468,73.4,40.758424797248146,0.23594547947479308,-39.681041713050625,0.013373172532268721,1.535761066559985,-0.709352166053255,0.18432150007257364,2.498073860189289,-0.44316352954902855,0,70,255.0,255.0,255.0
1469,73.45,40.75933839249964,0.31582963069905823,-39.71706418235225,0.02346133252285279,1.6590750938314833,-0.7315647377530475,0.21920489955081215,2.434487230670918,-0.4453393384427236,0,70,255.0,255.0,255.0
1470,73.5,40.7608,0.4018,-39.7542,0.03529366248734869,1.779209789627063,-0.7538860998975249,0.25408829902905095,2.370900601152563,-0.4475151473364152,0,70,255.0,255.0,255.0
1471,73.55,40.76290578409842,0.4937089705032462,-39.79245004794241,0.04940751345488288,1.8968461359121485,-0.7760427980665977,0.3104657396723487,2.3345532502511226,-0.4387527794265487,0,70,255.0,255.0,255.0
1472,73.60000000000001,40.76578773254602,0.5914543241321482,-39.831796977833406,0.066340236454587,2.012665114652195,-0.7977613778401834,0.36684318031566243,2.2982058993496715,-0.42999041151667977,0,70,255.0,255.0,255.0
1473,73.65,40.76958678894442,0.6949451925093968,-39.87221888375318,0.08609183148645146,2.126666725847136,-0.8190418392182696,0.4232206209589602,2.261858548448231,-0.4212280436068133,0,70,255.0,255.0,255.0
1474,73.7,40.774443896895214,0.8040907072577651,-39.91369385978197,0.10866229855048062,2.238850969497005,-0.8398841822008623,0.47959806160225793,2.2255111975467905,-0.41246567569694687,0,70,255.0,255.0,255.0
1475,73.75,40.7805,0.9188,-39.9562,0.13405163764667452,2.3492178456018027,-0.8602884067879619,0.5359755022455557,2.189163846645357,-0.40370330778708485,0,70,255.0,255.0,255.0
1476,73.8,40.7878936541093,1.0389788204355248,-39.999716746833606,0.16211658370766346,2.457564438762168,-0.8803354137459514,0.5866223401940656,2.1446998797694943,-0.3981769705325369,0,70,255.0,255.0,255.0
1477,73.85000000000001,40.79675386406906,1.1645193905705093,-40.04422893609356,0.1927138716660868,2.56368783357877,-0.9001061038412189,0.6372691781425899,2.1002359128936186,-0.3926506332779874,0,70,255.0,255.0,255.0
1478,73.9,40.807207246974194,1.2953105504876923,-40.08972275193669,0.22584350152192717,2.667588030051548,-0.9196004770737535,0.6879160160910998,2.0557719460177557,-0.38712429602343945,0,70,255.0,255.0,255.0
1479,73.95,40.81938041991955,1.431241140269919,-40.136184378519886,0.26150547327519286,2.7692650281805338,-0.9388185334435607,0.7385628540396096,2.011307979141893,-0.3815979587688915,0,70,255.0,255.0,255.0
1480,74.0,40.8334,1.5722,-40.1836,0.2996997869258839,2.8687188279657256,-0.9577602729506406,0.7892096919881202,1.9668440122660371,-0.37607162151434625,0,70,255.0,255.0,255.0
1481,74.05,40.84939319946443,1.7180773477546125,-40.231954964723144,0.34046215171435945,2.9660321090391446,-0.9763755469495639,0.8412848995509951,1.9256872306709336,-0.3685393384426283,0,70,255.0,255.0,255.0
1482,74.10000000000001,40.867489611177746,1.8687689135859453,-40.2812312777924,0.3838282768809913,3.061287551032835,-0.9946142067949065,0.8933601071138846,1.8845304490758181,-0.3610070553709082,0,70,255.0,255.0,255.0
1483,74.15,40.88781942315883,2.024171805539925,-40.33141010850009,0.4297981624257548,3.1544851539467427,-1.0124762524866577,0.9454353146767595,1.8433736674807146,-0.3534747722991903,0,70,255.0,255.0,255.0
1484,74.2,40.910512823426615,2.1841831316626057,-40.38247262613851,0.4783718083486619,3.2456249177808956,-1.0299616840248236,0.9975105222396343,1.8022168858856111,-0.3459424892274723,0,70,255.0,255.0,255.0
1485,74.25,40.9357,2.3487,-40.4344,0.5295492146497126,3.3347068425352933,-1.0470705014094033,1.0495857298025077,1.761060104290511,-0.33841020615575523,0,70,255.0,255.0,255.0
1486,74.3,40.96351194803298,2.517618988545975,-40.4871737942738,0.5833788094348348,3.421699125081221,-1.063826398455728,1.1035980616025018,1.718631197546796,-0.3318256756972737,0,70,255.0,255.0,255.0
1487,74.35000000000001,40.99408289121998,2.6908345550858663,-40.540777152736865,0.6399090208099729,3.5065699622899866,-1.0802530689791334,1.157610393402511,1.6762022908030694,-0.3252411452387903,0,70,255.0,255.0,255.0
1488,74.4,41.02754786039049,2.868240627352716,-40.59519361406301,0.699139848775095,3.589319354161543,-1.0963505129796098,1.2116227252025051,1.6337733840593545,-0.31865661478030877,0,70,255.0,255.0,255.0
1489,74.45,41.06404188637399,3.0497311330797134,-40.6504067169261,0.7610712933302166,3.669947300695913,-1.1121187304571625,1.265635057002499,1.5913444773156398,-0.3120720843218272,0,70,255.0,255.0,255.0
1490,74.5,41.1037,3.2352,-40.7064,0.8257033544753376,3.7484538018930973,-1.127557721411791,1.3196473888024887,1.5489155705719284,-0.3054875538633457,0,70,255.0,255.0,255.0
1491,74.55,41.146653408403616,3.4245410980614297,-40.763157058181626,0.8928066105463803,3.8248353906359385,-1.1426708592275923,1.3644828540393725,1.5063479791419037,-0.299037958768745,0,70,255.0,255.0,255.0
1492,74.60000000000001,41.19301802394235,3.6176480660707693,-40.8206617112602,0.9621516398792871,3.8990885998073,-1.157461517288668,1.4093183192762688,1.463780387711867,-0.2925883636741424,0,70,255.0,255.0,255.0
1493,74.65,41.24290593527925,3.814414485049334,-40.87889783524793,1.0337384424740186,3.9712134294071384,-1.1719296955950091,1.4541537845131527,1.4212127962818422,-0.28613876857954174,0,70,255.0,255.0,255.0
1494,74.7,41.29642923107745,4.014733936018602,-40.93784930615711,1.1075670183305941,4.041209879435476,-1.1860753941466202,1.4989892497500366,1.3786452048518176,-0.279689173484941,0,70,255.0,255.0,255.0
1495,74.75,41.3537,4.2185,-40.9975,1.183637367449014,4.1090779498923125,-1.1998986129435019,1.543824714986922,1.3360776134218142,-0.2732395783903492,0,70,255.0,255.0,255.0
1496,74.8,41.41484241835254,4.42560781920824,-41.057833972999674,1.2626747483796694,4.174911312374995,-1.2134101646339428,1.617670522239478,1.2972568858856315,-0.26722248922731884,0,70,255.0,255.0,255.0
1497,74.85000000000001,41.48002901301069,4.635958780631255,-41.11883600222244,1.3454044196729766,4.238803638480886,-1.226620861866236,1.6915163294920552,1.2584361583494375,-0.26120540006428683,0,70,255.0,255.0,255.0
1498,74.9,41.54944439849256,4.849455832450084,-41.18049104494535,1.4318263813288883,4.30075492820995,-1.2395307046403738,1.7653621367446113,1.2196154308132547,-0.2551883109012565,0,70,255.0,255.0,255.0
1499,74.95,41.623273189316286,5.066001922845946,-41.24278405844551,1.5219406333474275,4.360765181562204,-1.2521396929563602,1.8392079439971674,1.1807947032770718,-0.24917122173822615,0,70,255.0,255.0,255.0
1500,75.0,41.7017,5.2855,-41.3057,1.6157471757285944,4.41883439853765,-1.2644478268141952,1.913053751249718,1.141973975740889,-0.24315413257520824,0,70,255.0,255.0,255.0
1501,75.05,41.78490171818621,5.507835625105535,-41.36922304981965,1.7127823959348973,4.473919359864061,-1.2764084822366215,1.968355057002625,1.061424477315649,-0.23527208432187274,0,70,255.0,255.0,255.0
1502,75.10000000000001,41.87302432401497,5.7328248114044245,-41.43333427985013,1.8125826814288744,4.524976846269223,-1.2879750352463843,2.0236563627555473,0.9808749788903858,-0.22739003606853503,0,70,255.0,255.0,255.0
1503,75.15,41.96620607075058,5.960266185150474,-41.498013984970754,1.9151480322104686,4.572006857753109,-1.299147485843477,2.0789576685084543,0.9003254804651456,-0.21950798781519953,0,70,255.0,255.0,255.0
1504,75.2,42.064585211657466,6.189958372597688,-41.56324246006093,2.0204784482797082,4.615009394315733,-1.3099258340279032,2.1342589742613614,0.8197759820399053,-0.21162593956186404,0,70,255.0,255.0,255.0
1505,75.25,42.1683,6.4217,-41.629,2.128573929636593,4.653984455957095,-1.3203100797996625,2.1895602800142626,0.7392264836146509,-0.20374389130853032,0,70,255.0,255.0,255.0
1506,75.3,42.277461908902566,6.655284880369543,-41.695265827721684,2.2378276678806936,4.688643248168754,-1.3302359064195022,2.1805892497500143,0.6471252048518106,-0.1932891734850769,0,70,255.0,255.0,255.0
1507,75.35000000000001,42.39207529092953,6.8904875737512805,-41.76201487837711,2.346632854611613,4.71869697644228,-1.3396389971481717,2.171618219485764,0.555023926088944,-0.18283445566162052,0,70,255.0,255.0,255.0
1508,75.4,42.51211771850519,7.127077826948175,-41.82922101517166,2.4549894898292886,4.7441456407776545,-1.348519351985666,2.1626471892215156,0.46292264732610366,-0.17237973783816707,0,70,255.0,255.0,255.0
1509,75.45,42.6375667640539,7.364825386763383,-41.89685810131081,2.562897573533752,4.764989241174888,-1.3568769709319874,2.1536761589572673,0.3708213685632633,-0.16192502001471365,0,70,255.0,255.0,255.0
1510,75.5,42.7684,7.6035,-41.9649,2.670357105725003,4.781227777633978,-1.3647118539871363,2.144705128693005,0.27872008980040164,-0.15147030219126378,0,70,255.0,255.0,255.0
1511,75.55,42.90460104620349,7.842872853416218,-42.03332003929357,2.7777309325422532,4.792947647460913,-1.3719918920853746,2.1502479439972486,0.19007470327705042,-0.13973122173828467,0,70,255.0,255.0,255.0
1512,75.60000000000001,43.046177712266996,8.082720893590697,-42.102089406641504,2.8853819001247465,4.800235247961684,-1.3786849761609659,2.155790759301494,0.10142931675367403,-0.12799214128530223,0,70,255.0,255.0,255.0
1513,75.65,43.19314385522874,8.322822507056992,-42.171178754342634,2.993310008472421,4.803090579136283,-1.3847911062139062,2.161333574605738,0.012783930230322815,-0.11625306083232312,0,70,255.0,255.0,255.0
1514,75.7,43.345513332126984,8.562956080348862,-42.24055873469584,3.1015152575853078,4.801513640984716,-1.3903102822441975,2.166876389909982,-0.07586145629302843,-0.10451398037934401,0,70,255.0,255.0,255.0
1515,75.75,43.5033,8.8029,-42.3102,3.2099976474634064,4.795504433506981,-1.39524250425184,2.172419205214222,-0.1645068428163654,-0.09277489992636134,0,70,255.0,255.0,255.0
1516,75.8,43.66651630628345,9.042432505965506,-42.38007401510402,3.318672601950289,4.785054161987572,-1.399636525239041,2.1745789742613346,-0.253504017960018,-0.08298593956168701,0,70,255.0,255.0,255.0
1517,75.85000000000001,43.8351690600026,9.281331251886177,-42.45015549505695,3.4274555448895585,4.770154031710975,-1.4035410982080092,2.1767387433084475,-0.3425011931036958,-0.07319697919700989,0,70,255.0,255.0,255.0
1518,75.9,44.00926366057997,9.519373744824023,-42.52041996745785,3.5363464762811527,4.750804042677201,-1.4069562231587427,2.17889851235556,-0.4314983682473484,-0.06340801883233554,0,70,255.0,255.0,255.0
1519,75.95,44.18880550743824,9.756337491841252,-42.59084295990584,3.6453453961251023,4.727004194886243,-1.4098819000912424,2.1810582814026724,-0.5204955433910009,-0.05361905846766122,0,70,255.0,255.0,255.0
1520,76.0,44.3738,9.992,-42.6614,3.7544523044214073,4.698754488338103,-1.4123181290055087,2.1832180504497707,-0.6094927185346535,-0.04383009810299221,0,70,255.0,255.0,255.0
1521,76.05,44.56425292866267,10.226137922721682,-42.73206630029036,3.863690659656573,4.666003704588819,-1.4142460069584537,2.1863161589571125,-0.700538631436786,-0.03328502001481322,0,70,255.0,255.0,255.0
1522,76.10000000000001,44.760171647722785,10.458524498864836,-42.802815813130785,3.973083920317137,4.628700625194417,-1.41564663100699,2.189414267464455,-0.7915845443389442,-0.022739941926631223,0,70,255.0,255.0,255.0
1523,76.15,44.9615639024515,10.688932113647077,-42.87362217582601,4.082632086403037,4.586845250154919,-1.4165200011511172,2.1925123759717975,-0.8826304572410767,-0.012194863838452231,0,70,255.0,255.0,255.0
1524,76.2,45.16843743812016,10.917133152286219,-42.94445902568082,4.192335157914305,4.540437579470314,-1.4168661173908352,2.1956104844791393,-0.9736763701432092,-0.0016497857502732333,0,70,255.0,255.0,255.0
1525,76.25,45.3808,11.1429,-43.0153,4.302193134850939,4.489477613140603,-1.4166849797261445,2.198708592986499,-1.0647222830453487,0.008895292337902205,0,70,255.0,255.0,255.0
1526,76.3,45.59865917906582,11.36600700314769,-43.086118383734515,4.412196759423347,4.434083019657146,-1.4159554469271793,2.2014363899100413,-1.1510614562930295,0.020286019620705947,0,70,255.0,255.0,255.0
1527,76.35000000000001,45.82202194910648,11.58623635265471,-43.15688605242,4.522336773841962,4.374371467511289,-1.4146563777640735,2.204164186833585,-1.2374006295407347,0.03167674690351293,0,70,255.0,255.0,255.0
1528,76.4,46.050895129614155,11.803372200587818,-43.2275745292382,4.632613178106724,4.310342956703065,-1.412787772236828,2.2068919837571275,-1.3237398027884153,0.04306747418631667,0,70,255.0,255.0,255.0
1529,76.45,46.285285540081226,12.017198699013951,-43.29815533737094,4.743025972217662,4.241997487232456,-1.4103496303454421,2.2096197806806703,-1.4100789760360959,0.05445820146912042,0,70,255.0,255.0,255.0
1530,76.5,46.5252,12.2275,-43.3686,4.853575156174778,4.1693350590994624,-1.4073419520899164,2.2123475776042127,-1.4964181492838051,0.06584892875191883,0,70,255.0,255.0,255.0
1531,76.55,46.770645555073976,12.434054064687478,-43.43888096477156,4.964274302649945,4.091984216782598,-1.4038202053328093,2.215618281402719,-1.5976155433909112,0.0750209415323754,0,70,255.0,255.0,255.0
1532,76.60000000000001,47.02163015585154,12.636614090516538,-43.50897437718931,5.075136984315069,4.009573504760357,-1.3998398579366782,2.2188889852012257,-1.698812937498046,0.08419295431283459,0,70,255.0,255.0,255.0
1533,76.65,47.278161979092026,12.834927084001793,-43.578857307221256,5.1861632011700864,3.922102923032781,-1.3954009099015252,2.222159688999732,-1.8000103316051523,0.09336496709329116,0,70,255.0,255.0,255.0
1534,76.7,47.54024920155501,13.028740051658037,-43.648506824835465,5.29735295321503,3.8295724715998514,-1.3905033612273496,2.2254303927982377,-1.9012077257122586,0.10253697987374774,0,70,255.0,255.0,255.0
1535,76.75,47.8079,13.2178,-43.7179,5.408706240449897,3.731982150461566,-1.385147211914151,2.228701096596737,-2.0024051198193966,0.11170899265420786,0,70,255.0,255.0,255.0
1536,76.80000000000001,48.08108020063825,13.401865538102376,-43.78701375717924,5.5176820299768226,3.6300281132124756,-1.379323731741555,2.1303304844792796,-2.0757563701432904,0.12123021424957944,0,70,255.0,255.0,255.0
1537,76.85000000000001,48.359586227487625,13.580741685279344,-43.85582443882284,5.621739288897844,3.5244065134472202,-1.3730241904891922,2.03195987236185,-2.1491076204671633,0.1307514358449483,0,70,255.0,255.0,255.0
1538,76.9,48.6431721540179,13.754245063405143,-43.92430824187682,5.720878017212995,3.4151173511657715,-1.366248588157061,1.9335892602444207,-2.222458870791036,0.14027265744031717,0,70,255.0,255.0,255.0
1539,76.95,48.9315920536988,13.922192294353964,-43.992441363287206,5.815098214922275,3.302160626368129,-1.3589969247451612,1.8352186481269912,-2.295810121114909,0.14979387903568606,0,70,255.0,255.0,255.0
1540,77.0,49.2246,14.0844,-44.0602,5.904399882025685,3.1855363390542935,-1.3512692002534932,1.7368480360095546,-2.3691613714388104,0.15931510063106202,0,70,255.0,255.0,255.0
1541,77.05000000000001,49.521955242373316,14.240705382903203,-44.12756080651155,5.989093577442956,3.0664793303673923,-1.3430928677009848,1.6508997806805144,-2.393118976036141,0.16773820146919768,0,70,255.0,255.0,255.0
1542,77.10000000000001,49.823437734198244,14.39102796836627,-44.19450226751942,6.069489860093752,2.9462244414506595,-1.334495380106572,1.5649515253514987,-2.4170765806334646,0.17616130230733093,0,70,255.0,255.0,255.0
1543,77.15,50.12883260483654,14.535307862377755,-44.2610033252715,6.145588729978098,2.82477167230406,-1.3254767374702527,1.4790032700224829,-2.4410341852307886,0.18458440314546418,0,70,255.0,255.0,255.0
1544,77.2,50.43792498364991,14.673485170926162,-44.32704292201573,6.217390187095992,2.7021210229275945,-1.3160369397920266,1.3930550146934673,-2.464991789828112,0.19300750398359745,0,70,255.0,255.0,255.0
1545,77.25,50.7505,14.8055,-44.3926,6.284894231447435,2.578272493321262,-1.3061759870718943,1.30710675936443,-2.488949394425447,0.20143060482172537,0,70,255.0,255.0,255.0
1546,77.30000000000001,51.06634122986892,14.931285730285023,-44.45765341677464,6.348007660251511,2.4528225653177915,-1.2958887974545046,1.2174303927980328,-2.5290477257122426,0.21005697987377037,0,70,255.0,255.0,255.0
1547,77.35000000000001,51.38522603571973,15.05074884125573,-44.52218169109959,6.406637270727249,2.325367720750017,-1.2851702890845156,1.127754026231661,-2.5691460569990268,0.21868335492581292,0,70,255.0,255.0,255.0
1548,77.4,51.70693022663613,15.16378908708394,-44.586163257037214,6.460783062874671,2.1959079596179034,-1.2740204619619244,1.038077659665289,-2.609244388285811,0.22730972997785548,0,70,255.0,255.0,255.0
1549,77.45,52.0312296117017,15.270306221941436,-44.64957654864989,6.510445036693772,2.064443281921451,-1.2624393160867313,0.9484012930989172,-2.649342719572595,0.23593610502989804,0,70,255.0,255.0,255.0
1550,77.5,52.3579,15.3702,-44.7124,6.555623192184557,1.9309736876606591,-1.250426851458936,0.8587249265325028,-2.689441050859374,0.24456248008194414,0,70,255.0,255.0,255.0
1551,77.55000000000001,52.68671743815146,15.463373295956874,-44.774611926389966,6.596331781551055,1.7956864083612711,-1.2379759424809915,0.7696186481270612,-2.722050121114916,0.25347387903572405,0,70,255.0,255.0,255.0
1552,77.60000000000001,53.01745892292316,15.54974146661093,-44.836190168082325,6.6325850569972715,1.6587686755491446,-1.2250794635553617,0.6805123697216449,-2.754659191370449,0.26238527798950145,0,70,255.0,255.0,255.0
1553,77.65,53.34990168861915,15.629222989286564,-44.8971124465797,6.664383018523216,1.5202204892242417,-1.211737414682043,0.5914060913162287,-2.7872682616259823,0.27129667694327886,0,70,255.0,255.0,255.0
1554,77.7,53.683822969543435,15.701736341308134,-44.95735648338472,6.691725666128891,1.3800418493865623,-1.1979497958610352,0.5022998129108124,-2.819877331881515,0.28020807589705626,0,70,255.0,255.0,255.0
1555,77.75,54.019,15.7672,-45.0169,6.714612999814294,1.2382327560361066,-1.1837166070923386,0.41319353450536767,-2.852486402137039,0.28911947485083545,0,70,255.0,255.0,255.0
1556,77.80000000000001,54.35521061752567,15.825530685887609,-45.0757204776656,6.733081213544273,1.094687801236944,-1.1690234326214755,0.32553501469360524,-2.8893117898281586,0.2986075039835534,0,70,255.0,255.0,255.0
1557,77.85000000000001,54.69223507258798,15.876638092300631,-45.13379443657121,6.747166501283659,0.9493015770532667,-1.1538558566939807,0.2378764948818677,-2.926137177519268,0.30809553311626864,0,70,255.0,255.0,255.0
1558,77.9,55.02985421888748,15.920430155769854,-45.19109815664404,6.756868863032459,0.8020740834850338,-1.1382138793098504,0.15021797507013018,-2.962962565210377,0.3175835622489839,0,70,255.0,255.0,255.0
1559,77.95,55.36784891012467,15.956814812826053,-45.24760791781125,6.762188298790671,0.6530053205322458,-1.1220975004690843,0.06255945525839263,-2.999787952901486,0.3270715913816991,0,70,255.0,255.0,255.0
1560,78.0,55.706,15.9857,-45.3033,6.763124808558297,0.5020952881949022,-1.1055067201716826,-0.025099064553373296,-3.0366133405925972,0.336559620514409,0,70,255.0,255.0,255.0
1561,78.05000000000001,56.044085691746325,16.006994360492765,-45.35815096294774,6.759519364271932,0.3493863866907391,-1.088458327033072,-0.11911870690122589,-3.071742719572536,0.3453761050298491,0,70,255.0,255.0,255.0
1562,78.10000000000001,56.38187358672529,16.020609364186594,-45.41213848563289,6.751212937868175,0.1949210162376229,-1.0709691096686949,-0.21313834924905178,-3.106872098552465,0.35419258954528676,0,70,255.0,255.0,255.0
1563,78.15,56.71912863583115,16.026457187634044,-45.46524052684417,6.738205529347027,0.03869917683551031,-1.0530390680785455,-0.3071579915968777,-3.142001477532394,0.36300907406072436,0,70,255.0,255.0,255.0
1564,78.2,57.055615789958004,16.024450007387664,-45.517435045370306,6.720497138708489,-0.11927913151559863,-1.0346682022626246,-0.4011776339447035,-3.1771308565123233,0.37182555857616195,0,70,255.0,255.0,255.0
1565,78.25,57.3911,16.0145,-45.5687,6.698087765952559,-0.2790139088157039,-1.0158565122209318,-0.49519727629255783,-3.2122602354922507,0.3806420430915942,0,70,255.0,255.0,255.0
1566,78.30000000000001,57.725351415489506,15.996560672141353,-45.61901727054353,6.6712893293680064,-0.438025348000085,-0.9968392592462101,-0.5767401870892954,-3.1481973318815464,0.38004807589709755,0,70,255.0,255.0,255.0
1567,78.35000000000001,58.0581609805112,15.970750850953001,-45.66838442089729,6.640413747243626,-0.5938336420038862,-0.9778517046312187,-0.6582830978860099,-3.0841344282708603,0.3794541087026011,0,70,255.0,255.0,255.0
1568,78.4,58.389324837788166,15.937230693693973,-45.716802935979295,6.605461019579409,-0.7464387908271535,-0.9588938483759522,-0.7398260086827243,-3.020071524660174,0.3788601415081046,0,70,255.0,255.0,255.0
1569,78.45,58.718639130043435,15.896160357623298,-45.76427430070755,6.566431146375358,-0.8958407944698865,-0.9399656904804105,-0.8213689194794387,-2.956008621049488,0.37826617431360815,0,70,255.0,255.0,255.0
1570,78.5,59.0459,15.8477,-45.8108,6.5233241276314695,-1.0420396529320854,-0.9210672309445934,-0.9029118302762029,-2.8919457174387997,0.3776722071191143,0,70,255.0,255.0,255.0
1571,78.55000000000001,59.370908646296115,15.792008550941807,-45.856379954878236,6.476443318256013,-1.1851089946906253,-0.9021046359820686,-0.972320544741615,-2.8308279529014895,0.3808315913817088,0,70,255.0,255.0,255.0
1572,78.60000000000001,59.693486491230274,15.729240032001377,-45.90100783077799,6.4260920731573,-1.3251224482222594,-0.8829840718064194,-1.0417292592070073,-2.769710188364197,0.3839909756443024,0,70,255.0,255.0,255.0
1573,78.65,60.01346001301642,15.659547237590036,-45.944675729238654,6.372270392335318,-1.462080013527029,-0.8637055384176405,-1.1111379736723999,-2.708592423826904,0.38715035990689606,0,70,255.0,255.0,255.0
1574,78.7,60.33065568986837,15.58308296211913,-45.98737575179954,6.314978275790067,-1.5959816906049344,-0.844269035815732,-1.1805466881377922,-2.6474746592896117,0.39030974416948966,0,70,255.0,255.0,255.0
1575,78.75,60.6449,15.5,-46.0291,6.254215723521545,-1.726827479455975,-0.8246745640006936,-1.2499554026031916,-2.586356894752317,0.3934691284320859,0,70,255.0,255.0,255.0
1576,78.80000000000001,60.9560187993265,15.410451524091341,-46.069841309943605,6.189945397607834,-1.8545946732376177,-0.8049661968254843,-1.3208576339446856,-2.5243308565122256,0.3948655585761049,0,70,255.0,255.0,255.0
1577,78.85000000000001,61.26383545456805,15.314592221041423,-46.109595455990764,6.122129960127066,-1.97926056510722,-0.7851880081430799,-1.3917598652861591,-2.462304818272152,0.3962619887201234,0,70,255.0,255.0,255.0
1578,78.9,61.568172710146385,15.212577155945828,-46.14835894706613,6.050769411079226,-2.100825155064819,-0.7653399979534743,-1.462662096627633,-2.400278780032078,0.39765841886414194,0,70,255.0,255.0,255.0
1579,78.95,61.86885331048315,15.104561393900156,-46.186128292094324,5.975863750464311,-2.219288443110414,-0.7454221662566679,-1.5335643279691067,-2.3382527417920045,0.3990548490081605,0,70,255.0,255.0,255.0
1580,79.0,62.1657,14.9907,-46.2229,5.897412978282325,-2.3346504292440065,-0.7254345130526605,-1.6044665593105876,-2.2762267035519415,0.40045127915218437,0,70,255.0,255.0,255.0
1581,79.05000000000001,62.45853615639831,14.871146952692708,-46.25867000534738,5.815455091312557,-2.446976312359069,-0.7053425767160073,-1.6738489194794028,-2.2168086210495312,0.40322617431375846,0,70,255.0,255.0,255.0
1582,79.10000000000001,62.74718769049783,14.746051883832825,-46.29343194525897,5.730028086334371,-2.5563312913489793,-0.6851118956212813,-1.7432312796481986,-2.1573905385471375,0.40600106947533177,0,70,255.0,255.0,255.0
1583,79.15,63.03148114639824,14.615563338626579,-46.32717888249688,5.641131963347746,-2.6627153662137704,-0.6647424697684765,-1.812613639816994,-2.097972456044744,0.408775964636905,0,70,255.0,255.0,255.0
1584,79.2,63.3112430681991,14.479829862280216,-46.359903879823186,5.548766722352682,-2.766128536953442,-0.644234299157593,-1.8819959999857896,-2.0385543735423504,0.41155085979847833,0,70,255.0,255.0,255.0
1585,79.25,63.5863,14.339,-46.3916,5.452932363349177,-2.8665708035679938,-0.6235873837886309,-1.951378360154635,-1.9791362910399641,0.4143257549600543,0,70,255.0,255.0,255.0
1586,79.30000000000001,63.856474975080666,14.193224665137663,-46.42226106866689,5.353418237141841,-2.963900077326255,-0.6028474963103907,-2.0291866881378957,-1.9140346592896031,0.41526974416936435,0,70,255.0,255.0,255.0
1587,79.35000000000001,64.12157698344092,14.042664243627144,-46.45188396297337,5.2500136945353715,-3.057974269496971,-0.5820604093716909,-2.106995016121134,-1.8489330275392606,0.4162137333786742,0,70,255.0,255.0,255.0
1588,79.4,64.38141150426085,13.887481489547776,-46.48046632294639,5.14271873552974,-3.148793380080171,-0.5612261229725257,-2.184803344104373,-1.7838313957889183,0.41715772258798395,0,70,255.0,255.0,255.0
1589,79.45,64.63578401672054,13.727839156978936,-46.50800578861295,5.031533360124947,-3.236357409075853,-0.5403446371128948,-2.2626116720876115,-1.7187297640385757,0.4181017117972938,0,70,255.0,255.0,255.0
1590,79.5,64.8845,13.5639,-46.5345,4.9164575683209915,-3.3206663564840184,-0.5194159517927985,-2.340420000070864,-1.653628132288219,0.41904570100660443,0,70,255.0,255.0,255.0
1591,79.55000000000001,65.12739754327939,13.395832786756442,-46.55994811998505,4.799447960119962,-3.4013593783360423,-0.4985314380424274,-2.339964327969264,-1.5740927417919968,0.41633484900805273,0,70,255.0,255.0,255.0
1592,79.60000000000001,65.36444517573878,13.223830341658447,-46.584355402847585,4.682461135524045,-3.4780756306632323,-0.47778246689198967,-2.3395086558676637,-1.494557351295797,0.4136239970095018,0,70,255.0,255.0,255.0
1593,79.65,65.59564403655853,13.048091503182217,-46.607728625717584,4.5654970945332085,-3.5508151134656134,-0.45716903834147954,-2.3390529837660634,-1.4150219607995973,0.4109131450109509,0,70,255.0,255.0,255.0
1594,79.7,65.82099526491884,12.868815109803988,-46.63007456572506,4.448555837147452,-3.6195778267431846,-0.4366911523908969,-2.3385973116644636,-1.3354865703033978,0.40820229301239996,0,70,255.0,255.0,255.0
1595,79.75,66.0405,12.6862,-46.6514,4.331637363366775,-3.684363770495945,-0.41634880904024185,-2.3381416395628847,-1.2559511798071732,0.40549144101384904,0,70,255.0,255.0,255.0
1596,79.80000000000001,66.25416605180209,12.500443387836345,-46.67171365139293,4.2151419223780335,-3.7452704093296965,-0.39625875151992324,-2.3216759999856698,-1.1803143735423225,0.3981108597987139,0,70,255.0,255.0,255.0
1597,79.85000000000001,66.46202791360415,12.311735989738885,-46.691032025636346,4.099469763368187,-3.8023952078501884,-0.3765377230603669,-2.3052103604084593,-1.1046775672774933,0.39073027858358084,0,70,255.0,255.0,255.0
1598,79.9,66.66412674950519,12.120266897723235,-46.70937357418331,3.9846208863372015,-3.8557381660574395,-0.35718572366156737,-2.288744720831249,-1.0290407610126642,0.38334969736844776,0,70,255.0,255.0,255.0
1599,79.95,66.86050372360415,11.926225203805052,-46.72675674848685,3.870595291285076,-3.905299283951449,-0.33820275332352434,-2.2722790812540388,-0.953403954747835,0.37596911615331474,0,70,255.0,255.0,255.0
1600,80.0,67.0512,11.7298,-46.7432,3.75739297821181,-3.951078561532217,-0.31958881204623807,-2.255813441676853,-0.8777671484830023,0.3685885349381821,0,70,255.0,255.0,255.0
1601,80.05000000000001,67.23625504951254,11.531180061897924,-46.75872047444329,3.644912350367678,-3.9930949843452646,-0.3012655558778473,-2.2434116720873853,-0.802889764038514,0.3643417117972829,0,70,255.0,255.0,255.0
1602,80.10000000000001,67.41570156984479,11.330552899385808,-46.77333009460707,3.533051811003052,-4.0313675379360765,-0.2831546408665066,-2.231009902497921,-0.728012379594047,0.36009488865638495,0,70,255.0,255.0,255.0
1603,80.15,67.5895705654208,11.128105705924709,-46.78703947754922,3.4218113601178994,-4.065896222304665,-0.2652560670122108,-2.2186081329084564,-0.6531349951495798,0.355848065515487,0,70,255.0,255.0,255.0
1604,80.2,67.75789304066454,10.924025674975736,-46.79985924032758,3.311190997712219,-4.09668103745103,-0.24756983431495994,-2.206206363318992,-0.5782576107051127,0.351601242374589,0,70,255.0,255.0,255.0
1605,80.25,67.9207,10.7185,-46.8118,3.201190723786013,-4.123721983375174,-0.23009594277475387,-2.1938045937295243,-0.5033802262606386,0.3473544192336928,0,70,255.0,255.0,255.0
1606,80.30000000000001,68.07802255014803,10.511716364571685,-46.82287325083396,3.0918166761511325,-4.14698965328928,-0.21288702496860226,-2.1811573116646996,-0.42732657030340254,0.3410022930122146,0,70,255.0,255.0,255.0
1607,80.35000000000001,68.22989220701686,10.303864412717669,-46.83309399593538,2.9830749926195246,-4.166454640405519,-0.1959957134735294,-2.1685100295998785,-0.35127291434618807,0.33465016679073817,0,70,255.0,255.0,255.0
1608,80.4,68.3763405888117,10.095134278577788,-46.842478115619826,2.8749656731911566,-4.182116944723897,-0.17942200828953037,-2.155862747535058,-0.27521925838897365,0.32829804056926176,0,70,255.0,255.0,255.0
1609,80.45,68.51739931373767,9.885716096291935,-46.85104149020285,2.7674887178660303,-4.193976566244415,-0.1631659094166051,-2.1432154654702367,-0.19916560243175918,0.3219459143477853,0,70,255.0,255.0,255.0
1610,80.5,68.6531,9.6758,-46.8588,2.660644126644146,-4.202033504967071,-0.14722741685475366,-2.130568183405405,-0.12311194647450918,0.31559378812630867,0,70,255.0,255.0,255.0
1611,80.55000000000001,68.78347394989554,9.46557527981506,-46.8657689222209,2.5544129450276403,-4.206338402497631,-0.13157034424775915,-2.11867908125386,-0.04908395474787164,0.3106891161533292,0,70,255.0,255.0,255.0
1612,80.60000000000001,68.9085512020879,9.255227849743306,-46.871961121651424,2.4487762185187414,-4.20694190044186,-0.11615850523941802,-2.106789979102318,0.024944036978744866,0.30578444418035117,0,70,255.0,255.0,255.0
1613,80.65,69.02836147933253,9.044942779764003,-46.87738885997149,2.34373394711742,-4.203843998799757,-0.10099189982972577,-2.0949008769507764,0.09897202870536137,0.30087977220737305,0,70,255.0,255.0,255.0
1614,80.7,69.14293450438475,8.83490513985646,-46.88206439886104,2.2392861308236762,-4.197044697571324,-0.08607052801868242,-2.0830117747992345,0.17300002043197787,0.295975100234395,0,70,255.0,255.0,255.0
1615,80.75,69.2523,8.6253,-46.886,2.1354327696375086,-4.186543996756559,-0.07139438980628796,-2.071122672647693,0.2470280121586157,0.2910704282614168,0,70,255.0,255.0,255.0
1616,80.80000000000001,69.35649045026999,8.416315316167795,-46.88920866028244,2.0323395437383094,-4.1721687367202165,-0.05700759804037892,-2.052606363319345,0.3279823892949678,0.2844012423748135,0,70,255.0,255.0,255.0
1617,80.85000000000001,69.45554938463162,8.208150588308888,-46.89170631745895,1.9301721333055564,-4.1537457578270605,-0.04295426556880408,-2.0340900539910027,0.40893676643129695,0.27773205648821214,0,70,255.0,255.0,255.0
1618,80.9,69.5495230938583,8.00100820236606,-46.89350964449423,1.8289305383392205,-4.13127506007709,-0.029234392391559293,-2.0155737446626603,0.4898911435676261,0.2710628706016108,0,70,255.0,255.0,255.0
1619,80.95,69.63845786872332,7.79509054428215,-46.89463531435301,1.7286147588393017,-4.104756643470301,-0.01584797850864455,-1.9970574353343178,0.5708455207039552,0.26439368471500935,0,70,255.0,255.0,255.0
1620,81.0,69.7224,7.5906,-46.8951,1.6292247948058003,-4.074190508006696,-0.002795023920059853,-1.97854112600597,0.6517998978403057,0.257724498828408,0,70,255.0,255.0,255.0
1621,81.05000000000001,69.80141704902468,7.387717855513473,-46.89492123664933,1.5320368800188768,-4.040842650621474,0.009872736409345245,-1.908975465470078,0.6821143975682714,0.24898591434768078,0,70,255.0,255.0,255.0
1622,81.10000000000001,69.87566165938567,7.186540997020925,-46.89412000851279,1.4383272482587752,-4.0059790682498635,0.022103567514710473,-1.8394098049342054,0.7124288972962285,0.24024732986695607,0,70,255.0,255.0,255.0
1623,81.15,69.94530774523433,6.987145210771617,-46.892718162051594,1.3480958995254668,-3.9695997608918554,0.033897469396039485,-1.769844144398333,0.7427433970241857,0.23150874538623137,0,70,255.0,255.0,255.0
1624,81.2,70.010529220722,6.7896062830148685,-46.89073754372693,1.261342833818952,-3.9317047285474493,0.04525444205333229,-1.7002784838624607,0.7730578967521428,0.22277016090550664,0,70,255.0,255.0,255.0
1625,81.25,70.0715,6.594,-46.8882,1.1780680511392305,-3.8922939712166458,0.0561744854865889,-1.6307128233265917,0.8033723964800963,0.21403157642478204,0,70,255.0,255.0,255.0
1626,81.30000000000001,70.12838215363138,6.400394861778038,-46.88512719312022,1.0975609361860736,-3.8518046607938357,0.0666686524030674,-1.589571774798946,0.8162000204319363,0.2057351002342626,0,70,255.0,255.0,255.0
1627,81.35000000000001,70.18129037782572,6.20883022360721,-46.881540048489846,1.019110873659322,-3.810673969173445,0.07674799551001703,-1.5484307262713122,0.8290276443837726,0.19743862404374554,0,70,255.0,255.0,255.0
1628,81.4,70.2303275252044,6.0193381545473414,-46.877459307299375,0.9427178635589514,-3.7689018963554632,0.08641251480744083,-1.5072896777436782,0.8418552683356091,0.18914214785322847,0,70,255.0,255.0,255.0
1629,81.45,70.27559644838871,5.831950723658312,-46.87290571073927,0.8683819058849626,-3.726488442339889,0.0956622102953388,-1.4661486292160442,0.8546828922874454,0.1808456716627114,0,70,255.0,255.0,255.0
1630,81.5,70.3172,5.6467,-46.8679,0.7961030006373552,-3.6834336071267235,0.10449708197371095,-1.4250075806884128,0.8675105162393031,0.17254919547219438,0,70,255.0,255.0,255.0
1631,81.55000000000001,70.35524393644991,5.463621097374115,-46.86246359086979,0.7260553752367608,-3.639554706203131,0.11287665397839372,-1.3768974353347267,0.8876455207039893,0.16263368471504003,0,70,255.0,255.0,255.0
1632,81.60000000000001,70.38984562931148,5.282761308550043,-46.856620597527794,0.6584132571038701,-3.5946690550563174,0.12076045044521647,-1.3287872899810542,0.9077805251686697,0.15271817395788848,0,70,255.0,255.0,255.0
1633,81.65,70.42112535394809,5.104170971038891,-46.850395808750896,0.593176646238663,-3.5487766536862697,0.1281484713741817,-1.2806771446273817,0.9279155296333501,0.14280266320073692,0,70,255.0,255.0,255.0
1634,81.7,70.44920338572312,4.927900422351823,-46.843814013316006,0.5303455426411393,-3.5018775020929875,0.13504071676528936,-1.2325669992737094,0.9480505340980305,0.13288715244358537,0,70,255.0,255.0,255.0
1635,81.75,70.4742,4.754,-46.8369,0.46991994631129896,-3.4539716002764718,0.1414371866185395,-1.1844568539200377,0.9681855385627323,0.12297164168643393,0,70,255.0,255.0,255.0
1636,81.80000000000001,70.49623570056902,4.5825183487252525,-46.82967764340062,0.4119135628667281,-3.405160514393588,0.1473927316833422,-1.1357984838622697,0.9842578967521732,0.1152501609056196,0,70,255.0,255.0,255.0
1637,81.85000000000001,70.51543190492838,4.413497342192436,-46.82216716139899,0.3563400979250616,-3.3555458106012463,0.15296220270910252,-1.0871401138045154,1.0003302549416098,0.10752868012480744,0,70,255.0,255.0,255.0
1638,81.9,70.53191025900323,4.2469771612969724,-46.81438785769703,0.30319955148628275,-3.3051274888994326,0.15814559969582231,-1.038481743746761,1.0164026131310462,0.0998071993439953,0,70,255.0,255.0,255.0
1639,81.95,70.54579240871873,4.082997986934336,-46.80635903599672,0.25249192355039146,-3.2539055492881475,0.16294292264350152,-0.9898233736890067,1.0324749713204826,0.09208571856318315,0,70,255.0,255.0,255.0
1640,82.0,70.5572,3.9216,-46.7981,0.2042172141173877,-3.2018799917673904,0.16735417155214008,-0.941165003631252,1.0485473295099261,0.08436423778236946,0,70,255.0,255.0,255.0
1641,82.05000000000001,70.566253261274,3.7628239077246395,-46.78963063552771,0.15829037329619758,-3.149019236222444,0.1713444192882656,-0.895908629215934,1.065882892287441,0.0752456716626144,0,70,255.0,255.0,255.0
1642,82.10000000000001,70.57306675097495,3.6067125226800427,-46.780973156876264,0.11462635119578601,-3.0952917025386375,0.1748787387184023,-0.8506522548006288,1.0832184550649508,0.06612710554286191,0,70,255.0,255.0,255.0
1643,82.15,70.57775361003891,3.453309183773108,-46.77215036046097,0.07322514781613956,-3.0406973907159554,0.17795712984255138,-0.8053958803853236,1.1005540178424609,0.05700853942310945,0,70,255.0,255.0,255.0
1644,82.2,70.58042697940192,3.3026572299107793,-46.76318504269712,0.03408676315725823,-2.9852363007543974,0.1805795926607129,-0.7601395059700184,1.1178895806199707,0.047889973303356974,0,70,255.0,255.0,255.0
1645,82.25,70.5812,3.1548,-46.7541,-0.0027888027808579585,-2.9289084326539645,0.1827461271728868,-0.714883131554713,1.135225143397502,0.03877140718360428,0,70,255.0,255.0,255.0
1646,82.30000000000001,70.58018725433496,3.0097812203759746,-46.744918214488514,-0.03731505605157677,-2.871690540716563,0.18444559116356612,-0.6661669992737254,1.1534905340980393,0.02920715244355301,0,70,255.0,255.0,255.0
1647,82.35000000000001,70.57750909117173,2.8676461670872357,-46.73566341109593,-0.06940550270823687,-2.813559379244151,0.1856668424172425,-0.6174508669927516,1.1717559247985714,0.01964289770350446,0,70,255.0,255.0,255.0
1648,82.4,70.57328730084103,2.7284405036104924,-46.72635950045908,-0.09906014275084842,-2.7545149482367126,0.18640988093391644,-0.5687347347117779,1.1900213154991035,0.010078642963455908,0,70,255.0,255.0,255.0
1649,82.45,70.56764367367354,2.5922098934224973,-46.71703039321482,-0.12627897617941145,-2.6945572476942474,0.18667470671358802,-0.5200186024308041,1.2082867061996356,0.0005143882234073596,0,70,255.0,255.0,255.0
1650,82.5,70.5607,2.459,-46.7077,-0.15106200299392586,-2.6336862776167558,0.18646131975625718,-0.4713024701498303,1.2265520969001678,-0.009049866516641192,0,70,255.0,255.0,255.0
1651,82.55000000000001,70.55257612138615,2.3288568107712666,-46.69839090651821,-0.1735261490899055,-2.571882600911225,0.1858492160574234,-0.4272633736891509,1.2455949713204995,-0.015434281436704408,0,70,255.0,255.0,255.0
1652,82.60000000000001,70.54338408433806,2.2018276089708717,-46.68912039874003,-0.19378834036284523,-2.5091267804846957,0.1849178916125867,-0.383224277228484,1.2646378457408258,-0.02181869635676581,0,70,255.0,255.0,255.0
1653,82.65,70.5332339865969,2.0779600017848283,-46.679904437702724,-0.2118485768127517,-2.4454188163371495,0.18366734642174695,-0.3391851807678171,1.2836807201611522,-0.028203111276827213,0,70,255.0,255.0,255.0
1654,82.7,70.52223592590383,1.9573015963991875,-46.670758984443616,-0.227706858439625,-2.380758708468588,0.18209758048490413,-0.2951460843071502,1.3027235945814784,-0.03458752619688861,0,70,255.0,255.0,255.0
1655,82.75,70.5105,1.8399,-46.6617,-0.2413631852434651,-2.3151464568790097,0.18020859380205825,-0.251106987846484,1.3217664690018012,-0.04097194111695068,0,70,255.0,255.0,255.0
1656,82.80000000000001,70.49814266012046,1.7257979365387839,-46.652746959438616,-0.2524363475888721,-2.2488750556384502,0.17778954460672042,-0.19181950596969494,1.329089580619966,-0.055790026696541026,0,70,255.0,255.0,255.0
1657,82.85000000000001,70.485305771476,1.6150185970291502,-46.643933393943975,-0.26054513584043704,-2.1822374988170017,0.17462959113240387,-0.1325320240929227,1.3364126922381288,-0.07060811227612715,0,70,255.0,255.0,255.0
1658,82.9,70.47213755277131,1.5075802892501113,-46.63529634873003,-0.2656895499981636,-2.1152337864146453,0.1707287333791081,-0.07324454221615048,1.3437358038562914,-0.08542619785571329,0,70,255.0,255.0,255.0
1659,82.95,70.45878622271108,1.4035013209807128,-46.62687286901072,-0.2678695900620517,-2.0478639184313803,0.16608697134683306,-0.013957060339378241,1.3510589154744541,-0.1002442834352994,0,70,255.0,255.0,255.0
1660,83.0,70.4454,1.3028,-46.6187,-0.2670852560321013,-1.9801278948672076,0.16070430503557873,0.045330421537394194,1.358382027092615,-0.11506236901488598,0,70,255.0,255.0,255.0
1661,83.05000000000001,70.432117238132,1.205479443073445,-46.6108124557273,-0.26392846055444175,-1.912937176534886,0.1547206055157857,0.0809413975689604,1.3292467061996371,-0.12428561177678087,0,70,255.0,255.0,255.0
1662,83.10000000000001,70.41903682975791,1.1114820029124168,-46.603235625484054,-0.2589911162752051,-1.8472032242472323,0.1482757438578997,0.1165523736005165,1.3001113853066673,-0.13350885453867314,0,70,255.0,255.0,255.0
1663,83.15,70.40624780231785,1.0207348412146546,-46.595992567377145,-0.25227322319439077,-1.7829260380042267,0.14136972006191914,0.1521633496320726,1.2709760644136976,-0.1427320973005654,0,70,255.0,255.0,255.0
1664,83.2,70.39383918325184,0.9331651196779266,-46.58910633951349,-0.2437747813119987,-1.7201056178058698,0.134002534127844,0.1877743256636287,1.241840743520728,-0.15195534006245767,0,70,255.0,255.0,255.0
1665,83.25,70.3819,0.8487,-46.5826,-0.23349579062802892,-1.658741963652161,0.12617418605567424,0.2233853016951859,1.2127054226277636,-0.1611785828243495,0,70,255.0,255.0,255.0
1666,83.30000000000001,70.37050038735156,0.7672834911673059,-46.57648961765215,-0.22256981019333316,-1.597824238221916,0.11830403333013825,0.21365391569254588,1.22400359458148,-0.1536275261970185,0,70,255.0,255.0,255.0
1667,83.35000000000001,70.35963490949233,0.6889269913210887,-46.5707633041198,-0.21213039905877235,-1.5363416041940028,0.11081143343597097,0.20392252968990865,1.2353017665351933,-0.14607646956968967,0,70,255.0,255.0,255.0
1668,83.4,70.34927923795733,0.6136587458912091,-46.565402181761364,-0.2021775572243434,-1.474294061568404,0.10369638637317011,0.19419114368727142,1.2465999384889066,-0.13852541294236084,0,70,255.0,255.0,255.0
1669,83.45,70.33940904428157,0.5415070003075514,-46.56038737293528,-0.19271128469004634,-1.411681610345119,0.09695889214173567,0.18445975768463418,1.2578981104426197,-0.130974356315032,0,70,255.0,255.0,255.0
1670,83.5,70.33,0.4725,-46.5557,-0.18373158145588106,-1.3485042505241491,0.09059895074166767,0.17472837168199784,1.2691962823963259,-0.12342329968770305,0,70,255.0,255.0,255.0
1671,83.55000000000001,70.3210324124618,0.40666179225722254,-46.551323473664084,-0.17496029867230597,-1.2850138705773653,0.0844792611635976,0.17612293966092638,1.2704189154744465,-0.12136428343504453,0,70,255.0,255.0,255.0
1672,83.60000000000001,70.31250513227273,0.34399963180314996,-46.54725035803676,-0.16611928748978694,-1.2214623589766938,0.07846252239816215,0.17751750763985455,1.2716415485525667,-0.1193052671823866,0,70,255.0,255.0,255.0
1673,83.65,70.3044216458528,0.2845165752204586,-46.54347550557739,-0.1572085479083215,-1.157849715722116,0.07254873444535961,0.1789120756187827,1.272864181630687,-0.11724625092972865,0,70,255.0,255.0,255.0
1674,83.7,70.2967854396219,0.22821567909184345,-46.53999376874535,-0.1482280799279097,-1.094175940813632,0.06673789730518996,0.18030664359771084,1.2740868147088074,-0.11518723467707072,0,70,255.0,255.0,255.0
1675,83.75,70.2896,0.1751,-46.5368,-0.13917788354855143,-1.0304410342512424,0.0610300109776532,0.18170121157663965,1.275309447786924,-0.11312821842441262,0,70,255.0,255.0,255.0
1676,83.80000000000001,70.28286756280124,0.1251717398037163,-46.5338876876915,-0.13013299511753545,-0.9666962794685365,0.05550692201547936,0.1800943256639176,1.2744807435207333,-0.10779534006249045,0,70,255.0,255.0,255.0
1677,83.85000000000001,70.27658536141664,0.07842968146624871,-46.53124486373315,-0.12116845098215812,-0.9029929598991582,0.050250476971403155,0.17848743975119596,1.2736520392545427,-0.1024624617005698,0,70,255.0,255.0,255.0
1678,83.9,70.27074937863142,0.034871753226917115,-46.528858195929054,-0.11228425114241686,-0.8393310755430895,0.04526067584542297,0.17688055383847434,1.2728233349883524,-0.09712958333864914,0,70,255.0,255.0,255.0
1679,83.95,70.26535559723081,-0.005504116674943958,-46.5267143520833,-0.10348039559831168,-0.7757106264003303,0.040537518637538794,0.17527366792575272,1.271994630722162,-0.09179670497672848,0,70,255.0,255.0,255.0
1680,84.0,70.2604,-0.0427,-46.5248,-0.09475688434984259,-0.7121316124708806,0.03608100534775064,0.1736667820130311,1.2711659264559687,-0.08646382661480806,0,70,255.0,255.0,255.0
1681,84.05000000000001,70.25588053633324,-0.07670715147215368,-46.52310257556992,-0.0859957208574053,-0.6479450115484013,0.03184505077449918,0.17677975768438073,1.29629811044262,-0.08297435631521172,0,70,255.0,255.0,255.0
1682,84.10000000000001,70.25180302206064,-0.10747355766819103,-46.52161258703063,-0.07707890858140305,-0.5825018014266079,0.02778356971622871,0.17989273335572947,1.3214302944292642,-0.07948488601561637,0,70,255.0,255.0,255.0
1683,84.15,70.24817523962147,-0.13493638812815562,-46.52032131070638,-0.06800644752183338,-0.5158019821054823,0.023896562172937997,0.1830057090270782,1.3465624784159085,-0.07599541571602103,0,70,255.0,255.0,255.0
1684,84.2,70.24500497145488,-0.1590328123920808,-46.51922002292142,-0.05877833767869627,-0.4478455535850247,0.02018402814462704,0.18611868469842693,1.3716946624025526,-0.07250594541642569,0,70,255.0,255.0,255.0
1685,84.25,70.2423,-0.1797,-46.5183,-0.049394579051991745,-0.3786325158652349,0.01664596763129584,0.18923166036977584,1.3968268463891964,-0.0690164751168304,0,70,255.0,255.0,255.0
1686,84.30000000000001,70.24006149186587,-0.1969183339151456,-46.51755161002882,-0.040252121452805746,-0.31075567433776985,0.013336874886453099,0.17646664359758088,1.318246814708788,-0.06334723467684919,0,70,255.0,255.0,255.0
1687,84.35000000000001,70.23826415034074,-0.21084105079351428,-46.516961588144326,-0.03174791469223197,-0.24680783439434373,0.010311244163610301,0.16370162682538955,1.2396667830284018,-0.057677994236869576,0,70,255.0,255.0,255.0
1688,84.4,70.23687606288267,-0.22166460071431224,-46.51651576124542,-0.023881958770267726,-0.1867889960349367,0.007569075462766468,0.1509366100531982,1.1610867513480156,-0.052008753796889975,0,70,255.0,255.0,255.0
1689,84.45,70.23586531694974,-0.2295854337567405,-46.51619995623101,-0.01665425368691301,-0.13069915925954873,0.005110368783921599,0.13817159328100687,1.0825067196676297,-0.04633951335691037,0,70,255.0,255.0,255.0
1690,84.5,70.2352,-0.2348,-46.516,-0.010064799442167826,-0.07853832406817988,0.002935124127075693,0.1254065765088155,1.0039266879872442,-0.0406702729169308,0,70,255.0,255.0,255.0
1691,84.55000000000001,70.23484069620329,-0.2375755128672858,-46.51589978431481,-0.0045637933313012555,-0.03455229110043616,0.0011594496797336868,0.0946336679257973,0.755514630722105,-0.030356704976733304,0,70,255.0,255.0,255.0
1692,84.60000000000001,70.23471797657639,-0.2384622391577654,-46.51587546039207,-0.0006014326495868516,-0.0029868609959594096,-0.00010054637059804246,0.06386075934278783,0.5071025734570366,-0.02004313703653873,0,70,255.0,255.0,255.0
1693,84.65,70.23475490884785,-0.23808120901460259,-46.51590124431193,0.0018222826029771636,0.01615796624526461,-0.0008448640239200728,0.03308785075977837,0.25869051619196803,-0.009729569096344162,0,70,255.0,255.0,255.0
1694,84.7,70.2348745607462,-0.23705345258095994,-46.51595135215452,0.0027073524263907956,0.022882190623235918,-0.001073503280232404,0.0023149421767688916,0.010278458926899603,0.0005839988438504085,0,70,255.0,255.0,255.0
1695,84.75,70.235,-0.236,-46.516,0.002053776820654041,0.017185812137954507,-0.0007864641395350358,-0.028457966406240584,-0.23813359833816894,0.010897566784044969,0,70,255.0,255.0,255.0
1696,84.80000000000001,70.235070123321,-0.23541321461571627,-46.51602685271191,0.0008112947779568942,0.0067888387395620324,-0.00031067360534916513,-0.02124131530163399,-0.1777453375974355,0.008134054583385533,0,70,255.0,255.0,255.0
1697,84.85000000000001,70.23508714335372,-0.23527079257542632,-46.51603337028737,-7.03547095096417e-05,-0.0005887216217914139,2.6941318803625912e-05,-0.014024664197029446,-0.1173570768567192,0.0053705423827268796,0,70,255.0,255.0,255.0
1698,84.9,70.23506910172595,-0.23542176322727815,-46.51602646150686,-0.000591171641745971,-0.004946868946109215,0.00022638063292349225,-0.006808013092424903,-0.05696881611600291,0.0026070301820682283,0,70,255.0,255.0,255.0
1699,84.95,70.23503404006546,-0.23571515591941997,-46.51601303515091,-0.0007511560187520925,-0.006285603233391383,0.00028764433701043376,0.0004086380121796421,0.003419444624713386,-0.0001564820185904238,0,70,255.0,255.0,255.0
1700,85.0,70.235,-0.236,-46.516,-0.000550307840528009,-0.004604924483637897,0.00021073243106445067,0.007625289116784184,0.06380770536542972,-0.0029199942192490763,0,70,255.0,255.0,255.0
1701,85.05000000000001,70.23498121051279,-0.2361572286698492,-46.51599280483753,-0.0002173857805771368,-0.0018190638578107678,8.324474166297412e-05,0.005691593281247677,0.047626719667630116,-0.0021795133568088252,0,70,255.0,255.0,255.0
1702,85.10000000000001,70.23497665000875,-0.23619539054052927,-46.51599105845845,1.8851487596834666e-05,0.00015774748312575074,-7.218904616460974e-06,0.0037578974457117198,0.031445733969835105,-0.0014390324943687849,0,70,255.0,255.0,255.0
1703,85.15,70.23498148424834,-0.2361549380762848,-46.51599290966061,0.00015840396399401379,0.0013255095391725637,-6.0658507773896146e-05,0.0018242016101757625,0.0152647482720401,-0.0006985516319287445,0,70,255.0,255.0,255.0
1704,85.2,70.23499087899195,-0.2360763237413602,-46.51599650724184,0.00020127164861440062,0.0016842223103296734,-7.707406780933139e-05,-0.00010949422536019483,-0.0009162374257549039,4.192923051129626e-05,0,70,255.0,255.0,255.0
1705,85.25,70.235,-0.236,-46.516,0.00014745454145799507,0.001233885796597079,-5.646558472276679e-05,-0.0020431900608961513,-0.017097223123549905,0.0007824100929513366,0,70,255.0,255.0,255.0
1706,85.30000000000001,70.23500503462793,-0.23595787070488689,-46.51600192793798,5.824834435165303e-05,0.0004874166916810377,-2.2305361302731356e-05,-0.0015250578233567192,-0.012761541073084956,0.0005839988438497701,0,70,255.0,255.0,255.0
1707,85.35000000000001,70.2350062566113,-0.23594764526245648,-46.516002395878836,-5.051240877697213e-06,-4.226831071158692e-05,1.9342996622180086e-06,-0.0010069255858174344,-0.008425859022621237,0.0003855875947482599,0,70,255.0,255.0,255.0
1708,85.4,70.23500496128071,-0.23595848446758266,-46.516001899850714,-4.244421423008471e-05,-0.0003551692105810382,1.625339817209244e-05,-0.0004887933482781498,-0.00409017697215752,0.00018717634564674977,0,70,255.0,255.0,255.0
1709,85.45,70.23500244396674,-0.23597954911513921,-46.51600093588172,-5.393057570550938e-05,-0.00045128600792731545,2.0651934226891908e-05,2.933888926113506e-05,0.00024550507830619836,-1.123490345476038e-05,0,70,255.0,255.0,255.0
1710,85.5,70.235,-0.236,-46.516,-3.951032530397127e-05,-0.00033061870275041984,1.51299078266165e-05,0.0005474711268004199,0.004581187128769914,-0.0002096461525562703,0,70,255.0,255.0,255.0
1711,85.55000000000001,70.23499865097551,-0.23601128851060324,-46.515999483410575,-1.560759682947538e-05,-0.00013060290891338364,5.976703547951281e-06,0.0004086380121791985,0.003419444624709716,-0.00015648201859025523,0,70,255.0,255.0,255.0
1712,85.60000000000001,70.23499832354605,-0.23601402840964472,-46.5159993580262,1.3534759139540352e-06,1.1325759720597471e-05,-5.182940324111135e-07,0.0002698048975580165,0.002257702120649849,-0.00010331788462425528,0,70,255.0,255.0,255.0
1713,85.65,70.23499867062884,-0.23601112405338456,-46.51599949093654,1.1372892926324737e-05,9.516730315158842e-05,-4.355084914473659e-06,0.00013097178293683463,0.0010959596165899818,-5.015375065825533e-05,0,70,255.0,255.0,255.0
1714,85.7,70.23499934514108,-0.23600547979808295,-46.51599974923125,1.4450654207636759e-05,0.00012092172137958933,-5.53366909823636e-06,-7.861331684347371e-06,-6.578288746988525e-05,3.0103833077446077e-06,0,70,255.0,255.0,255.0
1715,85.75,70.235,-0.236,-46.516,1.0586759757890058e-05,8.858901440460041e-05,-4.054046583699214e-06,-0.00014669444630552932,-0.0012275253915297523,5.617451727374457e-05,0,70,255.0,255.0,255.0
1716,85.80000000000001,70.23500036147001,-0.23599697525270008,-46.51600013841971,4.18204296624848e-06,3.4994943972496616e-05,-1.6014528890737712e-06,-0.00010949422536007554,-0.0009162374257539121,4.192923051125082e-05,0,70,255.0,255.0,255.0
1717,85.85000000000001,70.23500044920448,-0.23599624109896458,-46.51600017201636,-3.626627781189592e-07,-3.0347281708030248e-06,1.3887646742642744e-07,-7.229400441463234e-05,-0.0006049494599781604,2.7683943748761108e-05,0,70,255.0,255.0,255.0
1718,85.9,70.23500035620391,-0.235997019318879,-46.51600013640314,-3.0473574752143432e-06,-2.5500002025315974e-05,1.1669414858021815e-06,-3.5093783469189127e-05,-0.00029366149420240856,1.3438656986271405e-05,0,70,255.0,255.0,255.0
1719,85.95,70.23500017546893,-0.23599853169252896,-46.51600006719329,-3.8720411250376705e-06,-3.240087759104224e-05,1.482742166053491e-06,2.1064374762540716e-06,1.7626471573343062e-05,-8.06629776218302e-07,0,70,255.0,255.0,255.0
1720,86.0,70.235,-0.236,-46.516,-2.8367137275889486e-06,-2.3737354867981778e-05,1.0862785081803562e-06,3.930665842169727e-05,0.0003289144373490949,-1.505191653870801e-05,0,70,255.0,255.0,255.0
1721,86.05000000000001,70.2349999031444,-0.23600081047859628,-46.51599996291055,-1.1205750355185365e-06,-9.37686697660285e-06,4.291080083438054e-07,2.9338889261103592e-05,0.00024550507830593154,-1.1234903454748047e-05,0,70,255.0,255.0,255.0
1722,86.10000000000001,70.23499987963602,-0.23600100719449688,-46.515999953908356,9.717519852180271e-08,8.131529626146532e-07,-3.721183729459842e-08,1.9371120100512754e-05,0.0001620957192627919,-7.417890370789167e-06,0,70,255.0,255.0,255.0
1723,86.15,70.23499990455545,-0.23600079867109927,-46.51599996345089,8.165369745326281e-07,6.832704949675418e-06,-3.1268102873506894e-07,9.40335093992191e-06,7.868636021965224e-05,-3.6008772868302876e-06,0,70,255.0,255.0,255.0
1724,86.2,70.23499995298324,-0.2360003934318011,-46.51599998199561,1.0375102925139392e-06,8.681788984579425e-06,-3.972995659776067e-07,-5.644182206689287e-07,-4.722998823487379e-06,2.1613579712859196e-07,0,70,255.0,255.0,255.0
1725,86.25,70.235,-0.236,-46.516,7.600951524657386e-07,6.360405067326696e-06,-2.910674490222112e-07,-1.053218738125977e-05,-8.813235786662707e-05,4.0331488810874716e-06,0,70,255.0,255.0,255.0
1726,86.30000000000001,70.23500002595237,-0.23599978283291462,-46.51600000993809,3.002571758256686e-07,2.5125239339147977e-06,-1.1497914430145014e-07,-7.861331684338845e-06,-6.578288746981389e-05,3.01038330774137e-06,0,70,255.0,255.0,255.0
1727,86.35000000000001,70.23500003225143,-0.23599973012304792,-46.51600001235022,-2.603801596825097e-08,-2.1788367965557115e-07,9.970881751966001e-09,-5.19047598741868e-06,-4.343341707300706e-05,1.987617734395559e-06,0,70,255.0,255.0,255.0
1728,86.4,70.2350000255743,-0.23599978599672392,-46.5160000097933,-2.187904229161699e-07,-1.830817773385662e-06,8.378262913809446e-08,-2.5196202904985146e-06,-2.1083946676200228e-05,9.648521610497478e-07,0,70,255.0,255.0,255.0
1729,86.45,70.23500001259809,-0.2359998945802666,-46.51600000482426,-2.7800004501808816e-07,-2.3262783472754733e-06,1.0645609785693518e-07,1.5123540642165155e-07,1.2655237206065913e-06,-5.7913412296063277e-08,0,70,255.0,255.0,255.0
1730,86.5,70.235,-0.236,-46.516,-2.0366688227400575e-07,-1.704265401325009e-06,7.799128790848845e-08,2.822091103341817e-06,2.361499411741343e-05,-1.080678985641874e-06,0,70,255.0,255.0,255.0
1731,86.55000000000001,70.23499999304609,-0.23600005818974515,-46.5159999973371,-8.045366778413752e-08,-6.732287590563374e-07,3.080856886199508e-08,2.1064374762517914e-06,1.7626471573324054e-05,-8.066297762174318e-07,0,70,255.0,255.0,255.0
1732,86.60000000000001,70.23499999135826,-0.23600007231331135,-46.515999996690766,6.976865351201509e-09,5.838175600763202e-08,-2.6716897132654965e-09,1.3907838491619695e-06,1.163794902923638e-05,-5.325805667930676e-07,0,70,255.0,255.0,255.0
1733,86.65,70.2349999931474,-0.236000057342005,-46.51599999737589,5.86247171320515e-08,4.905661438672346e-07,-2.244948781730864e-08,6.751302220721476e-07,5.649426485148707e-06,-2.5853135736870346e-07,0,70,255.0,255.0,255.0
1734,86.7,70.23499999662434,-0.23600002824713243,-46.515999998707336,7.448988755841249e-08,6.233244045224699e-07,-2.8524825450134364e-08,-4.052340501767415e-08,-3.390960589389654e-07,1.5517852055660718e-08,0,70,255.0,255.0,255.0
1735,86.75,70.235,-0.236,-46.516,5.457237663028438e-08,4.566565379733394e-07,-2.0897702611742667e-08,-7.561770321074959e-07,-6.327618603026641e-06,2.89567061480025e-07,0,70,255.0,255.0,255.0
1736,86.80000000000001,70.23500000186328,-0.23599998440810477,-46.516000000713525,2.155749531088148e-08,1.8039110231055252e-07,-8.255131146530215e-09,-5.644182206683198e-07,-4.72299882348232e-06,2.1613579712835813e-07,0,70,255.0,255.0,255.0
1737,86.85000000000001,70.23500000231554,-0.2359999806237066,-46.5160000008867,-1.869445436555131e-09,-1.5643344374955738e-08,7.158771010960326e-10,-3.726594092291982e-07,-3.1183790439384557e-06,1.4270453277671212e-07,0,70,255.0,255.0,255.0
1738,86.9,70.23500000183616,-0.23599998463525604,-46.51600000070312,-1.570844561203622e-08,-1.3144680208327527e-07,6.015322131140187e-09,-1.8090059779007663e-07,-1.5137592643945914e-06,6.92732684250661e-08,0,70,255.0,255.0,255.0
1739,86.95,70.23500000090449,-0.23599999243120365,-46.51600000034637,-1.9959505215561765e-08,-1.6701927081440627e-07,7.64320394360225e-09,1.085821364904504e-08,9.086051514927375e-08,-4.157995926579914e-09,0,70,255.0,255.0,255.0
1740,87.0,70.235,-0.236,-46.516,-1.4622624247131773e-08,-1.2236075056834859e-07,5.59952253848221e-09,2.0261702508816666e-07,1.695480294693137e-06,-7.758926027822593e-08,0,70,255.0,255.0,255.0
1741,87.05000000000001,70.23499999950072,-0.23600000417783573,-46.51599999980881,-5.776313459388408e-09,-4.833565018587257e-08,2.211955724125779e-09,1.512354064214875e-07,1.26552372060523e-06,-5.7913412296000504e-08,0,70,255.0,255.0,255.0
1742,87.10000000000001,70.23499999937955,-0.23600000519186215,-46.515999999762414,5.009163950189951e-10,4.191621492191328e-09,-1.918186911186125e-10,9.985378775482293e-08,8.355671465174456e-07,-3.823756431378067e-08,0,70,255.0,255.0,255.0
1743,87.15,70.234999999508,-0.23600000411697072,-46.5159999998116,4.209065316093316e-09,3.522106446586721e-08,-1.6118007072520702e-09,4.847216908815836e-08,4.0561057242966106e-07,-1.8561716331560836e-08,0,70,255.0,255.0,255.0
1744,87.2,70.23499999975763,-0.23600000202805285,-46.51599999990719,5.348133303834555e-09,4.4752678735155115e-08,-2.0479903242745893e-09,-2.909449578506222e-09,-2.4346001658123664e-08,1.114131650659004e-09,0,70,255.0,255.0,255.0
1745,87.25,70.235,-0.236,-46.516,3.918120358242712e-09,3.2786464300055045e-08,-1.5003875421861784e-09,-5.429106824517078e-08,-4.543025757459081e-07,2.0789979632878824e-08,0,70,255.0,255.0,255.0
1746,87.30000000000001,70.2350000001338,-0.2359999988805523,-46.51600000005123,1.5477585266721483e-09,1.2951498432937802e-08,-5.926917499729018e-10,-4.05234050176302e-08,-3.390960589386013e-07,1.5517852055643986e-08,0,70,255.0,255.0,255.0
1747,87.35000000000001,70.23500000016624,-0.23599999860884469,-46.516000000063656,-1.3422014352084897e-10,-1.123141593809612e-09,5.139766337842758e-11,-2.675574179009353e-08,-2.238895421313272e-07,1.0245724478410647e-08,0,70,255.0,255.0,255.0
1748,87.4,70.23500000013183,-0.23599999889686102,-46.516000000050475,-1.127815652337053e-09,-9.437455780193647e-09,4.318806978681047e-10,-1.2988078562556861e-08,-1.0868302532405316e-07,4.973596901177307e-09,0,70,255.0,255.0,255.0
1749,87.45,70.23500000006494,-0.23599999945658487,-46.51600000002486,-1.4330279997764612e-09,-1.1991444126214309e-08,5.487573534961294e-10,7.795846649798093e-10,6.523491483220907e-09,-2.9853067605603213e-10,0,70,255.0,255.0,255.0
1750,87.5,70.235,-0.236,-46.516,-1.0498571858390758e-09,-8.785106631871583e-09,4.020276302625036e-10,1.4547247892516481e-08,1.21730008290495e-07,-5.570658253289371e-09,0,70,255.0,255.0,255.0
1751,87.55000000000001,70.23499999996416,-0.2360000002999551,-46.51599999998627,-4.147206473001864e-10,-3.4703435458786348e-09,1.588112757658279e-10,1.0858213649033317e-08,9.086051514917458e-08,-4.157995926575444e-09,0,70,255.0,255.0,255.0
1752,87.60000000000001,70.23499999995545,-0.2360000003727589,-46.51599999998294,3.596417906440088e-11,3.0094488304708835e-10,-1.377196239509636e-11,7.169179405551202e-09,5.999102200786294e-08,-2.7453335998619195e-09,0,70,255.0,255.0,255.0
1753,87.65,70.23499999996467,-0.23600000029558518,-46.51599999998647,3.0219729325489303e-10,2.528758654907316e-09,-1.1572208422034838e-10,3.4801451620690874e-09,2.9121528866551282e-08,-1.3326712731483944e-09,0,70,255.0,255.0,255.0
1754,87.7,70.2349999999826,-0.23600000014560765,-46.51599999999333,3.8397869527129004e-10,3.21309776970205e-09,-1.4703908970992815e-10,-2.088890814130281e-10,-1.7479642747603608e-09,7.999105356513042e-11,0,70,255.0,255.0,255.0
1755,87.75,70.235,-0.236,-46.516,2.8130838511359147e-10,2.353962227431291e-09,-1.0772297886383582e-10,-3.897923324895143e-09,-3.2617457416072004e-08,1.4926533802786556e-09,0,70,255.0,255.0,255.0
1756,87.80000000000001,70.2350000000096,-0.23599999991962728,-46.51600000000367,1.1112406252859742e-10,9.298757505767391e-10,-4.25533530904099e-11,-2.9094495785030714e-09,-2.4346001658097115e-08,1.1141316506577882e-09,0,70,255.0,255.0,255.0
1757,87.85000000000001,70.23500000001195,-0.23599999990011952,-46.516000000004574,-9.636572736754498e-12,-8.063793837874592e-11,3.690186201957878e-12,-1.920975832111281e-09,-1.607454590012458e-08,7.356099210370283e-10,0,70,255.0,255.0,255.0
1758,87.9,70.23500000000946,-0.23599999992079818,-46.51600000000362,-8.097352068251967e-11,-6.775788394356275e-10,3.100763901328874e-11,-9.325020857194903e-10,-7.803090142152043e-09,3.570881914162685e-10,0,70,255.0,255.0,255.0
1759,87.95,70.23500000000466,-0.23599999996098456,-46.51600000000179,-1.0288678130869818e-10,-8.609469525939051e-10,3.9399005343582704e-11,5.5971660672300675e-11,4.683656158204897e-10,-2.1433538204491414e-11,0,70,255.0,255.0,255.0
1760,88.0,70.235,-0.236,-46.516,-7.53763546152901e-11,-6.307422778535812e-10,2.8864285192839705e-11,1.0444454070640902e-09,8.739821373793029e-09,-3.9995526782525113e-10,0,70,255.0,255.0,255.0
1761,88.05000000000001,70.23499999999743,-0.2360000000215358,-46.51599999999901,-2.977560281420327e-11,-2.491594564283213e-10,1.1402136595811758e-11,7.795846649789683e-10,6.5234914832138975e-09,-2.98530676055708e-10,0,70,255.0,255.0,255.0
1762,88.10000000000001,70.2349999999968,-0.23600000002676289,-46.51599999999877,2.5821118826171485e-12,2.16068704678956e-11,-9.887824127350784e-13,5.147239228939217e-10,4.3071615926353955e-09,-1.971060842861936e-10,0,70,255.0,255.0,255.0
1763,88.15,70.23499999999746,-0.23600000002122207,-46.515999999999025,2.1696789475185976e-11,1.8155670283519363e-10,-8.308471832806482e-12,2.49863180808875e-10,2.0908317020568942e-09,-9.568149251667927e-11,0,70,255.0,255.0,255.0
1764,88.2,70.23499999999875,-0.23600000001045415,-46.51599999999952,2.7568429963503227e-11,2.306900406735731e-10,-1.055693166440246e-11,-1.4997561276171496e-11,-1.2549818852160784e-10,5.743099252835079e-12,0,70,255.0,255.0,255.0
1765,88.25,70.235,-0.236,-46.516,2.019703334756891e-11,1.6900688398303388e-10,-7.734161907523013e-12,-2.798583033612182e-10,-2.3418280791001074e-09,1.0716769102234946e-10,0,70,255.0,255.0,255.0
1766,88.30000000000001,70.23500000000068,-0.2359999999942295,-46.51600000000026,7.978348728215628e-12,6.676207513654618e-11,-3.055193292837111e-12,-2.0888908141280192e-10,-1.7479642747584707e-09,7.999105356504406e-11,0,70,255.0,255.0,255.0
1767,88.35000000000001,70.23500000000087,-0.2359999999928289,-46.51600000000033,-6.918747937140715e-13,-5.789543492836524e-12,2.649434489824623e-13,-1.379198594644058e-10,-1.1541004704170028e-09,5.281441610774639e-11,0,70,255.0,255.0,255.0
1768,88.4,70.23500000000067,-0.23599999999431356,-46.516000000000254,-5.813637218224165e-12,-4.864797190514751e-11,2.226248317937228e-12,-6.695063751600968e-11,-5.602366660755348e-10,2.5637778650448717e-11,0,70,255.0,255.0,255.0
1769,88.45,70.23500000000033,-0.2359999999971988,-46.516000000000126,-7.386938545314654e-12,-6.181321010038679e-11,2.8287213140271867e-12,4.018584432386447e-12,3.362713826593299e-11,-1.5388588068489544e-12,0,70,255.0,255.0,255.0
1770,88.5,70.235,-0.236,-46.516,-5.4117787749855444e-12,-4.528525807855438e-11,2.0723624372523423e-12,7.498780638078257e-11,6.274909426074011e-10,-2.871549626414661e-11,0,70,255.0,255.0,255.0
1771,88.55000000000001,70.23499999999981,-0.2360000000015462,-46.51599999999993,-2.1377920986592524e-12,-1.788884411786349e-11,8.186365755366863e-13,5.597166067223932e-11,4.683656158199853e-10,-2.143353820446823e-11,0,70,255.0,255.0,255.0
1772,88.60000000000001,70.23499999999977,-0.23600000000192145,-46.51599999999991,1.8538729223913496e-13,1.551303503450403e-12,-7.099138319476702e-14,3.695551496370147e-11,3.0924028903261466e-10,-1.415158014479192e-11,0,70,255.0,255.0,255.0
1773,88.65,70.23499999999981,-0.23600000000152366,-46.51599999999992,1.5577593977106844e-12,1.3035184785396223e-11,-5.965214389424257e-13,1.7939369255163624e-11,1.5011496224524403e-10,-6.8696220851156115e-12,0,70,255.0,255.0,255.0
1774,88.7,70.23499999999991,-0.23600000000075058,-46.51599999999997,1.9793242177553948e-12,1.6562799727973946e-11,-7.57953591706289e-13,-1.0767764533742278e-12,-9.010364542126503e-12,4.1233597456069635e-13,0,70,255.0,255.0,255.0
1775,88.75,70.235,-0.236,-46.516,1.4500817523732672e-12,1.213414833118362e-11,-5.552878414863584e-13,-2.0092922161912083e-11,-1.6813569132949708e-10,7.694294034237006e-12,0,70,255.0,255.0,255.0
1776,88.80000000000001,70.23500000000004,-0.23599999999958568,-46.51600000000002,5.728196664213817e-13,4.793301334907761e-12,-2.193530093096349e-13,-1.4997561276155357e-11,-1.2549818852147052e-10,5.7430992528288785e-12,0,70,255.0,255.0,255.0
1777,88.85000000000001,70.23500000000006,-0.23599999999948512,-46.51600000000003,-4.9674375242468964e-14,-4.1567052096510696e-13,1.9022083796606246e-14,-9.90220039040008e-12,-8.286068571345607e-11,3.791904471421306e-12,0,70,255.0,255.0,255.0
1778,88.9,70.23500000000004,-0.2359999999995917,-46.51600000000002,-4.1740037261856967e-13,-3.4927672364373757e-12,1.598374378324742e-13,-4.806839504644802e-12,-4.0223182905441624e-11,1.840709690013734e-12,0,70,255.0,255.0,255.0
1779,88.95,70.23500000000003,-0.23599999999979887,-46.516000000000005,-5.303583257069216e-13,-4.437988811509047e-12,2.0309305279796906e-13,2.885213811104737e-13,2.4143199025728133e-12,-1.1048509139383748e-13,0,70,255.0,255.0,255.0
1780,89.0,70.235,-0.236,-46.516,-3.885482345075241e-13,-3.251335246180106e-12,1.48788928693091e-13,5.383882266865749e-12,4.505182271058726e-11,-2.061679872801411e-12,0,70,255.0,255.0,255.0
1781,89.05000000000001,70.23499999999999,-0.236000000000111,-46.51599999999999,-1.534865670262743e-13,-1.284361221767557e-12,5.87754617018532e-14,4.018584432382105e-12,3.3627138265896814e-11,-1.5388588068472822e-12,0,70,255.0,255.0,255.0
1782,89.10000000000001,70.23499999999999,-0.23600000000013793,-46.51599999999999,1.3310208730740066e-14,1.1137858041002441e-13,-5.0969519916577815e-15,2.653286597898849e-12,2.2202453821209618e-11,-1.0160377408933024e-12,0,70,255.0,255.0,255.0
1783,89.15,70.23499999999999,-0.23600000000010937,-46.51599999999999,1.1184209276359555e-13,9.358841603532783e-13,-4.2828312387471267e-14,1.2879887634155925e-12,1.0777769376522422e-11,-4.932166749393223e-13,0,70,255.0,255.0,255.0
1784,89.2,70.235,-0.23600000000005386,-46.516,1.4210908507229202e-13,1.1891555180622052e-12,-5.441861948558724e-14,-7.730907106766301e-14,-6.469150681647701e-13,2.960439101465761e-14,0,70,255.0,255.0,255.0
1785,89.25,70.235,-0.236,-46.516,1.0411118565682958e-13,8.711926535368049e-13,-3.986787328600563e-14,-1.4426069055509198e-12,-1.2071599512851969e-11,5.524254569686378e-13,0,70,255.0,255.0,255.0
1786,89.30000000000001,70.235,-0.23599999999997026,-46.516,4.1126601683715595e-14,3.44143552162467e-13,-1.5748837497777943e-14,-1.0767764533730666e-12,-9.010364542116756e-12,4.123359745602503e-13,0,70,255.0,255.0,255.0
1787,89.35000000000001,70.235,-0.23599999999996302,-46.516000000000005,-3.566459680491464e-15,-2.9843800674990865e-14,1.3657241700249072e-15,-7.109460011953174e-13,-5.9491295713824115e-12,2.7224649215190263e-13,0,70,255.0,255.0,255.0
1788,89.4,70.235,-0.23599999999997068,-46.516,-2.9967998435812106e-14,-2.507694049757403e-13,1.1475811717410765e-14,-3.4511554901756823e-13,-2.8878946006480673e-12,1.3215700974355496e-13,0,70,255.0,255.0,255.0
1789,89.45,70.235,-0.23599999999998555,-46.516,-3.807801458224631e-14,-3.1863326073978136e-13,1.4581425144379647e-14,2.0714903160180947e-14,1.733403700862753e-13,-7.932472664792756e-15,0,70,255.0,255.0,255.0
1790,89.5,70.235,-0.236,-46.516,-2.7896508119794168e-14,-2.3343536796711375e-13,1.068256445093154e-14,3.865453553379298e-13,3.234575340820619e-12,-1.4802195507314042e-13,0,70,255.0,255.0,255.0
1791,89.55000000000001,70.235,-0.23600000000000795,-46.516,-1.1019839708588044e-14,-9.221298688231098e-14,4.219888289258584e-15,2.885213811101616e-13,2.4143199025702074e-12,-1.1048509139371902e-13,0,70,255.0,255.0,255.0
1792,89.60000000000001,70.235,-0.2360000000000099,-46.516,9.556299912258466e-16,7.996622289939193e-15,-3.659446884418393e-16,1.904974068824213e-13,1.5940644643200285e-12,-7.294822771430829e-14,0,70,255.0,255.0,255.0
1793,89.65,70.235,-0.23600000000000784,-46.516,8.029900979653e-15,6.719345954968275e-14,-3.07493448217183e-15,9.247343265468094e-14,7.738090260698496e-13,-3.541136403489756e-14,0,70,255.0,255.0,255.0
1794,89.7,70.23500000000001,-0.23600000000000385,-46.516,1.0202973256693418e-14,8.537752489691976e-14,-3.90708109193139e-15,-5.550541573059368e-15,-4.644641218032904e-14,2.1254996445131636e-15,0,70,255.0,255.0,255.0
1795,89.75,70.235,-0.236,-46.516,7.474846822347104e-15,6.254881833165011e-14,-2.862384517720526e-15,-1.0357451580079967e-13,-8.667018504305085e-13,3.966236332392391e-14,0,70,255.0,255.0,255.0
1796,89.80000000000001,70.235,-0.23599999999999785,-46.516,2.9527571506365847e-15,2.4708395366776938e-14,-1.1307156592563893e-15,-7.730907106758001e-14,-6.469150681640739e-13,2.96043910146258e-14,0,70,255.0,255.0,255.0
1797,89.85000000000001,70.235,-0.23599999999999735,-46.516,-2.5606028441192906e-16,-2.142688484765928e-15,9.805458374244966e-17,-5.1043626334367795e-14,-4.271282858977018e-13,1.9546418705330554e-14,0,70,255.0,255.0,255.0
1798,89.9,70.235,-0.23599999999999788,-46.516,-2.1516054827999043e-15,-1.8004433222990817e-14,8.239262112765547e-16,-2.4778181601155595e-14,-2.0734150363132972e-13,9.488446396035306e-15,0,70,255.0,255.0,255.0
1799,89.95,70.235,-0.23599999999999896,-46.516,-2.7338784445273458e-15,-2.2876838847897716e-14,1.0468992233459258e-15,1.4872631320566115e-15,1.2445278635042487e-14,-5.69525913259942e-16,0,70,255.0,255.0,255.0
1800,90.0,70.235,-0.236,-46.516,-2.0028791695942502e-15,-1.6759905359486648e-14,7.669736199505634e-16,2.775270786526883e-14,2.3223206090141444e-13,-1.0627498222555189e-14,0,70,255.0,255.0,255.0
1801,90.05000000000001,70.235,-0.23600000000000057,-46.516,-7.911888939582956e-16,-6.620594584796774e-15,3.02974347766974e-16,2.0714903160158335e-14,1.733403700860883e-13,-7.932472664784167e-15,0,70,255.0,255.0,255.0
1802,90.10000000000001,70.235,-0.23600000000000068,-46.516,6.861114642185979e-17,5.741316491244964e-16,-2.6273646527959247e-17,1.367709845504984e-14,1.144486792707789e-13,-5.237447107013911e-15,0,70,255.0,255.0,255.0
1803,90.15,70.235,-0.23600000000000057,-46.516,5.765209515466101e-16,4.8242733422804635e-15,-2.2077036293438731e-16,6.6392937499413434e-15,5.5556988455469485e-14,-2.542421549243655e-15,0,70,255.0,255.0,255.0
1804,90.2,70.235,-0.2360000000000003,-46.516,7.325405214159562e-16,6.129830494671128e-15,-2.805158014523103e-16,-3.9851095516715417e-16,-3.3347023598399455e-15,1.5260400852659974e-16,0,70,255.0,255.0,255.0
1805,90.25,70.235,-0.236,-46.516,5.366698560298969e-16,4.490803106296492e-15,-2.055099620817283e-16,-7.436315660275649e-15,-6.22263931751493e-14,2.8476295662968548e-15,0,70,255.0,255.0,255.0
1806,90.30000000000001,70.235,-0.23599999999999985,-46.516,2.1199842519659847e-16,1.7739829724101593e-15,-8.118173181150681e-17,-5.550541573053336e-15,-4.64464121802793e-14,2.1254996445108735e-15,0,70,255.0,255.0,255.0
1807,90.35000000000001,70.235,-0.2359999999999998,-46.516,-1.8384301275510805e-17,-1.538381117320578e-16,7.040002369387424e-18,-3.66476748583156e-15,-3.066643118541378e-14,1.4033697227250973e-15,0,70,255.0,255.0,255.0
1808,90.4,70.235,-0.23599999999999985,-46.516,-1.5447832338653663e-16,-1.2926601461310447e-15,5.915524046099496e-17,-1.778993398609783e-15,-1.4886450190548262e-14,6.812398009393212e-16,0,70,255.0,255.0,255.0
1809,90.45,70.235,-0.23599999999999993,-46.516,-1.962836411364791e-16,-1.6424831307867989e-15,7.516398246331574e-17,1.0678068861199412e-16,8.935308043172575e-16,-4.089012084645459e-17,0,70,255.0,255.0,255.0
1810,90.5,70.235,-0.236,-46.516,-1.4380025452533775e-16,-1.2033070656993222e-15,5.506622837634974e-17,1.992554775833771e-15,1.6673511799182777e-14,-7.630200426322304e-16,0,70,255.0,255.0,255.0
1811,90.55000000000001,70.235,-0.23600000000000002,-46.516,-5.680480682809832e-17,-4.753373048438648e-16,2.1752579479053234e-17,1.4872631320550149e-15,1.2445278635028896e-14,-5.695259132593269e-16,0,70,255.0,255.0,255.0
1812,90.60000000000001,70.235,-0.23600000000000004,-46.516,4.926058680183587e-18,4.1220797803733696e-17,-1.886362949590553e-18,9.819714882764022e-16,8.217045470876217e-15,-3.7603178388647845e-16,0,70,255.0,255.0,255.0
1813,90.65,70.235,-0.23600000000000004,-46.516,4.139234199953633e-17,3.463672422437102e-16,-1.5850598909592488e-17,4.766798444977896e-16,3.988812306723539e-15,-1.8253765451363e-16,0,70,255.0,255.0,255.0
1814,90.7,70.235,-0.23600000000000002,-46.516,5.2594043129959834e-17,4.401020284760645e-16,-2.0140128400952513e-17,-2.861179928082308e-17,-2.3942085742914106e-16,1.0956474859218432e-17,0,70,255.0,255.0,255.0
1815,90.75,70.235,-0.236,-46.516,3.853116207145415e-17,3.224251565007973e-16,-1.4754951423670688e-17,-5.339034430594356e-16,-4.467654021581821e-15,2.0445060423206697e-16,0,70,255.0,255.0,255.0
1816,90.80000000000001,70.235,-0.23599999999999996,-46.516,1.5220802115794874e-17,1.2736624696529997e-16,-5.8285861047061264e-18,-3.9851095516672335e-16,-3.3347023598362975e-15,1.526040085264343e-16,0,70,255.0,255.0,255.0
1817,90.85000000000001,70.235,-0.236,-46.516,-1.3199334452235125e-18,-1.1045079482877e-17,5.054494289747806e-19,-2.631184672740496e-16,-2.201750698091096e-15,1.0075741282081636e-16,0,70,255.0,255.0,255.0
1818,90.9,70.235,-0.236,-46.516,-1.1091044611608587e-17,-9.280882284379706e-17,4.247155177374937e-18,-1.277259793813758e-16,-1.0687990363458946e-15,4.8910817115198424e-17,0,70,255.0,255.0,255.0
1819,90.95,70.235,-0.236,-46.516,-1.4092531383360355e-17,-1.179249831174604e-16,5.396531140494342e-18,7.66650851129791e-18,6.415262539930678e-17,-2.9357785904195034e-18,0,70,255.0,255.0,255.0
1820,91.0,70.235,-0.236,-46.516,-1.0324393760478845e-17,-8.639356030386697e-17,3.9535773183330046e-18,1.4305899640397168e-16,1.1971042871445062e-15,-5.478237429603742e-17,0,70,255.0,255.0,255.0
1821,91.05000000000001,70.235,-0.236,-46.516,-4.078401635081159e-18,-3.4127683017335066e-17,1.5617649397712695e-18,1.0678068861187888e-16,8.935308043162948e-16,-4.089012084641023e-17,0,70,255.0,255.0,255.0
1822,91.10000000000001,70.235,-0.236,-46.516,3.536751007104696e-19,2.9595201277744476e-18,-1.354347663085649e-19,7.050238081979638e-17,5.899573214881698e-16,-2.6997867396786995e-17,0,70,255.0,255.0,255.0
1823,91.15,70.235,-0.236,-46.516,2.9718364468980775e-18,2.486804913147857e-17,-1.1380217999072769e-18,3.422407302771389e-17,2.8638383866004484e-16,-1.3105613947163759e-17,0,70,255.0,255.0,255.0
1824,91.2,70.235,-0.236,-46.516,3.776082403481663e-18,3.159790399377729e-17,-1.4459961610248651e-18,-2.054234764368609e-18,-1.718964416808036e-17,7.866395024594712e-19,0,70,255.0,255.0,255.0
1825,91.25,70.235,-0.236,-46.516,2.7664129704612286e-18,2.3149084714670655e-17,-1.0593578496613323e-18,-3.8332542556451105e-17,-3.2076312699620526e-16,1.467889295208272e-17,0,70,255.0,255.0,255.0
1826,91.30000000000001,70.235,-0.236,-46.516,1.0928044245297671e-18,9.144485104040269e-18,-4.1847365437895264e-19,-2.861179928079213e-17,-2.3942085742888276e-16,1.0956474859206636e-17,0,70,255.0,255.0,255.0
1827,91.35000000000001,70.235,-0.236,-46.516,-9.476695761836678e-20,-7.930010282208162e-19,3.628963625947772e-20,-1.889105600513592e-17,-1.5807858786158335e-16,7.234056766331611e-18,0,70,255.0,255.0,255.0
1828,91.4,70.235,-0.236,-46.516,-7.9630117598371725e-19,-6.663373682117166e-18,3.049320222541672e-19,-9.170312729479707e-18,-7.673631829428394e-17,3.511638673456586e-18,0,70,255.0,255.0,255.0
1829,91.45,70.235,-0.236,-46.516,-1.0117982305662845e-18,-8.466632857648766e-18,3.8745350360511613e-19,5.504305461765011e-19,4.6059512730154894e-18,-2.1077941941843984e-19,0,70,255.0,255.0,255.0
1830,91.5,70.235,-0.236,-46.516,-7.412581213660695e-19,-6.202778554815649e-18,2.838540803123247e-19,1.0271173821832715e-17,8.594822084031487e-17,-3.933197512293464e-18,0,70,255.0,255.0,255.0
1831,91.55000000000001,70.235,-0.236,-46.516,-2.92816063037909e-19,-2.4502573988260208e-18,1.1212967774454113e-19,7.666508511289627e-18,6.415262539923611e-17,-2.9357785904163175e-18,0,70,255.0,255.0,255.0
1832,91.60000000000001,70.235,-0.236,-46.516,2.5392729762995673e-20,2.12483985108819e-19,-9.723778729346226e-21,5.061843200747279e-18,4.235702995816355e-17,-1.9383596685394546e-18,0,70,255.0,255.0,255.0
1833,91.65,70.235,-0.236,-46.516,2.1336825703679003e-19,1.785445596990093e-18,-8.17062891093933e-20,2.4571778902049305e-18,2.0561434517090978e-17,-9.409407466625913e-19,0,70,255.0,255.0,255.0
1834,91.7,70.235,-0.236,-46.516,2.711105187834749e-19,2.2686274368178006e-18,-1.0381785339559997e-19,-1.4748742033741701e-19,-1.2341609239815865e-18,5.647817521427122e-20,0,70,255.0,255.0,255.0
1835,91.75,70.235,-0.236,-46.516,1.9861951500304943e-19,1.6620295045919394e-18,-7.605847158796645e-20,-2.752152730879764e-18,-2.3029756365054157e-17,1.0538970970911343e-18,0,70,255.0,255.0,255.0
1836,91.80000000000001,70.235,-0.236,-46.516,7.84598276218684e-20,6.565444912638158e-19,-3.004505659921183e-20,-2.054234764366384e-18,-1.7189644168061642e-17,7.866395024586319e-19,0,70,255.0,255.0,255.0
1837,91.85000000000001,70.235,-0.236,-46.516,-6.803961433616425e-21,-5.693491221445425e-20,2.6054786579072482e-21,-1.3563167978532027e-18,-1.1349531971070787e-17,5.193819078262055e-19,0,70,255.0,255.0,255.0
1838,91.9,70.235,-0.236,-46.516,-5.717185216344417e-20,-4.784087058431981e-19,2.1893134183405762e-20,-6.583988313400212e-19,-5.509419774079933e-18,2.5212431319377896e-19,0,70,255.0,255.0,255.0
1839,91.95,70.235,-0.236,-46.516,-7.264384456761482e-20,-6.078768896224166e-19,2.7817909977283704e-20,3.951913517316041e-20,3.3069242291092143e-19,-1.5133281438647533e-20,0,70,255.0,255.0,255.0
1840,92.0,70.235,-0.236,-46.516,-5.3219938646128356e-20,-4.453394635521091e-19,2.0379806039541097e-20,7.374371016863418e-19,6.17080461990177e-18,-2.8239087607107393e-19,0,70,255.0,255.0,255.0
1841,92.05000000000001,70.235,-0.236,-46.516,-2.1023247449564728e-20,-1.7592056622924172e-19,8.05054865230618e-21,5.504305461759103e-19,4.605951273010476e-18,-2.1077941941821055e-19,0,70,255.0,255.0,255.0
1842,92.10000000000001,70.235,-0.236,-46.516,1.8231159714700286e-21,1.5255663748999932e-20,-6.981359022827743e-22,3.63423990665532e-19,3.0410979261196265e-18,-1.3916796276536754e-19,0,70,255.0,255.0,255.0
1843,92.15,70.235,-0.236,-46.516,1.5319151616986396e-20,1.281892263827036e-19,-5.866247624229784e-21,1.7641743515515366e-19,1.4762445792287771e-18,-6.755650611252453e-20,0,70,255.0,255.0,255.0
1844,92.2,70.235,-0.236,-46.516,1.94648594869844e-20,1.628801216718692e-19,-7.453786513534847e-21,-1.0589120355224718e-20,-8.860876766207222e-20,4.054950540318481e-21,0,70,255.0,255.0,255.0
1845,92.25,70.235,-0.236,-46.516,1.426023958146399e-20,1.1932834961649703e-19,-5.460752570197954e-21,-1.97595675865603e-19,-1.65346211455292e-18,7.566640719316152e-20,0,70,255.0,255.0,255.0
1846,92.30000000000001,70.235,-0.236,-46.516,5.633162176390529e-21,4.713777365315115e-20,-2.1571380100129046e-21,-1.4748742033725697e-19,-1.2341609239802584e-18,5.647817521421043e-20,0,70,255.0,255.0,255.0
1847,92.35000000000001,70.235,-0.236,-46.516,-4.885024522636733e-22,-4.087742781545309e-21,1.8706495122384234e-22,-9.737916480892515e-20,-8.14859733407716e-19,3.728994323526478e-20,0,70,255.0,255.0,255.0
1848,92.4,70.235,-0.236,-46.516,-4.104754304501433e-21,-3.4348199687615807e-20,1.5718563135133623e-21,-4.7270909280593364e-20,-3.955585428351736e-19,1.8101711256319147e-20,0,70,255.0,255.0,255.0
1849,92.45,70.235,-0.236,-46.516,-5.215593380322741e-21,-4.364359706506041e-20,1.997236076855653e-21,2.8373462477384385e-21,2.374264773736879e-20,-1.0865207226264992e-21,0,70,255.0,255.0,255.0
1850,92.5,70.235,-0.236,-46.516,-3.821019679727607e-21,-3.1973934913879047e-20,1.4632042412507194e-21,5.294560177607019e-20,4.430438383099114e-19,-2.027475270157212e-20,0,70,255.0,255.0,255.0
1851,92.55000000000001,70.235,-0.236,-46.516,-1.5094012559973878e-21,-1.2630528383362902e-20,5.780033877454368e-22,3.951913517311754e-20,3.306924229105584e-19,-1.5133281438631132e-20,0,70,255.0,255.0,255.0
1852,92.60000000000001,70.235,-0.236,-46.516,1.3089383758467418e-22,1.095307377181214e-21,-5.0123902612595876e-23,2.6092668570168697e-20,2.1834100751123737e-19,-9.991810175691605e-21,0,70,255.0,255.0,255.0
1853,92.65,70.235,-0.236,-46.516,1.0998656010193334e-21,9.203572367759593e-21,-4.2117762982366674e-22,1.2666201967219856e-20,1.0598959211191635e-19,-4.8503389127520776e-21,0,70,255.0,255.0,255.0
1854,92.7,70.235,-0.236,-46.516,1.3975140343065879e-21,1.1694266588372256e-20,-5.351577938877763e-22,-7.602646357289821e-22,-6.361823287404674e-21,2.9113235018744666e-22,0,70,255.0,255.0,255.0
1855,92.75,70.235,-0.236,-46.516,1.0238391374464397e-21,8.567390039019169e-21,-3.920643948049239e-22,-1.418673123867783e-20,-1.1871323868672565e-19,5.432603613126973e-21,0,70,255.0,255.0,255.0
1856,92.80000000000001,70.235,-0.236,-46.516,4.044428475990225e-22,3.3843398803004634e-21,-1.5487554096884286e-22,-1.0589120355213224e-20,-8.860876766197542e-20,4.0549505403141114e-21,0,70,255.0,255.0,255.0
1857,92.85000000000001,70.235,-0.236,-46.516,-3.507289807502407e-23,-2.934867271795563e-22,1.3430659226541352e-23,-6.991509471749642e-21,-5.850429663723375e-20,2.6772974675016405e-21,0,70,255.0,255.0,255.0
1858,92.9,70.235,-0.236,-46.516,-2.94708099575902e-22,-2.4660897834225775e-21,1.1285420578130589e-22,-3.393898588286059e-21,-2.839982561249208e-20,1.2996443946891695e-21,0,70,255.0,255.0,255.0
1859,92.95,70.235,-0.236,-46.516,-3.744627569036106e-22,-3.1334692884286027e-21,1.4339509869545088e-22,2.0371229517752294e-22,1.7046454122495944e-21,-7.8008678123301e-23,0,70,255.0,255.0,255.0
1860,93.0,70.235,-0.236,-46.516,-2.743368700581507e-22,-2.2956252421976313e-21,1.0505333796897621e-22,3.801323178641105e-21,3.1809116436991256e-20,-1.4556617509357715e-21,0,70,255.0,255.0,255.0
1861,93.05000000000001,70.235,-0.236,-46.516,-1.083701343987017e-22,-9.068311378389517e-22,4.149877612993471e-23,2.8373462477353465e-21,2.37426477373433e-20,-1.0865207226253105e-21,0,70,255.0,255.0,255.0
1862,93.10000000000001,70.235,-0.236,-46.516,9.397754715421857e-24,7.863953153701556e-23,-3.5987342935693446e-24,1.873369316829862e-21,1.5676179037697633e-20,-7.173796943149544e-22,0,70,255.0,255.0,255.0
1863,93.15,70.235,-0.236,-46.516,7.896679728427385e-23,6.607867659307224e-22,-3.023919330155666e-23,9.09392385924377e-22,7.609710338051971e-21,-3.4823866600459836e-22,0,70,255.0,255.0,255.0
1864,93.2,70.235,-0.236,-46.516,1.0033699330785439e-22,8.396105653421702e-22,-3.842260089402718e-23,-5.458454498110742e-23,-4.567583615936972e-22,2.0902362305757715e-23,0,70,255.0,255.0,255.0
1865,93.25,70.235,-0.236,-46.516,7.350834278616332e-23,6.151109297713557e-22,-2.8148957070980977e-23,-1.0185614758865923e-21,-8.523227061239356e-21,3.9004339061611407e-22,0,70,255.0,255.0,255.0
1866,93.30000000000001,70.235,-0.236,-46.516,2.903768999578435e-23,2.429846710553432e-22,-1.1119563550895956e-23,-7.602646357281621e-22,-6.361823287397758e-21,2.911323501871318e-22,0,70,255.0,255.0,255.0
1867,93.35000000000001,70.235,-0.236,-46.516,-2.5181207866630348e-24,-2.1071398968505192e-23,9.642779477360968e-25,-5.019677955698053e-22,-4.200419513556775e-21,1.9222130975817772e-22,0,70,255.0,255.0,255.0
1868,93.4,70.235,-0.236,-46.516,-2.115908956119332e-23,-1.7705728030031028e-22,8.102567424920717e-24,-2.4367095541144847e-22,-2.0390157397157913e-21,9.331026932922358e-23,0,70,255.0,255.0,255.0
1869,93.45,70.235,-0.236,-46.516,-2.688521632780652e-23,-2.2497297294007274e-22,1.0295304880657923e-23,1.462588474690823e-23,1.2238803412519286e-22,-5.6007710997305175e-24,0,70,255.0,255.0,255.0
1870,93.5,70.235,-0.236,-46.516,-1.9696501086502603e-23,-1.648184768877918e-22,7.542490314947693e-24,2.7292272490526484e-22,2.283791807966177e-21,-1.045118115286847e-22,0,70,255.0,255.0,255.0
1871,93.55000000000001,70.235,-0.236,-46.516,-7.780625584435705e-24,-6.51075463824212e-23,2.979478073649118e-24,2.037122951773027e-22,1.70464541224774e-21,-7.800867812321678e-23,0,70,255.0,255.0,255.0
1872,93.60000000000001,70.235,-0.236,-46.516,6.747284312303863e-25,5.646064337004951e-24,-2.58377497375027e-25,1.3450186544936021e-22,1.125499016529467e-21,-5.150554471775639e-23,0,70,255.0,255.0,255.0
1873,93.65,70.235,-0.236,-46.516,5.6695609604995524e-24,4.744235527051907e-23,-2.1710763981262277e-24,6.529143572141775e-23,5.463526208111944e-22,-2.5002411312296006e-23,0,70,255.0,255.0,255.0
1874,93.7,70.235,-0.236,-46.516,7.203872003371791e-24,6.028132641812126e-23,-2.7586186286044852e-24,-3.91899400652471e-24,-3.279377490707841e-23,1.5007220931643672e-24,0,70,255.0,255.0,255.0
1875,93.75,70.235,-0.236,-46.516,5.2776615598471035e-24,4.416297777981147e-23,-2.0210041888097986e-24,-7.312942373446717e-23,-6.119401706253506e-22,2.8003855498624764e-23,0,70,255.0,255.0,255.0
1876,93.80000000000001,70.235,-0.236,-46.516,2.08481234195848e-24,1.7445514474341626e-23,-7.983487437005184e-25,-5.458454498104875e-23,-4.567583615932e-22,2.0902362305735324e-23,0,70,255.0,255.0,255.0
1877,93.85000000000001,70.235,-0.236,-46.516,-1.8079293825850009e-25,-1.512858379514628e-24,6.923204176401305e-26,-3.6039666227635596e-23,-3.0157655256109343e-22,1.3800869112847904e-23,0,70,255.0,255.0,255.0
1878,93.9,70.235,-0.236,-46.516,-1.5191542808048747e-24,-1.2712140781766007e-23,5.817381675841935e-25,-1.7494787474222444e-23,-1.4639474352898687e-22,6.699375919960481e-24,0,70,255.0,255.0,255.0
1879,93.95,70.235,-0.236,-46.516,-1.930271685680646e-24,-1.6152332732412492e-23,7.391696337600231e-25,1.0500912791907017e-24,8.787065503119646e-24,-4.0211727292693955e-25,0,70,255.0,255.0,255.0
1880,94.0,70.235,-0.236,-46.516,-1.4141451528858107e-24,-1.18334342314541e-23,5.415264402915018e-25,1.9594970032603853e-23,1.6396887453522616e-22,-7.503610465814361e-24,0,70,255.0,255.0,255.0
1881,94.05000000000001,70.235,-0.236,-46.516,-5.586237833982123e-25,-4.674511514945301e-24,2.1391690115295526e-25,1.4625884746892303e-23,1.223880341250607e-22,-5.600771099724521e-24,0,70,255.0,255.0,255.0
1882,94.10000000000001,70.235,-0.236,-46.516,4.844332180361471e-26,4.053691810536031e-25,-1.8550669681024983e-26,9.656799461182163e-24,8.080719371490703e-23,-3.697931733635221e-24,0,70,255.0,255.0,255.0
1883,94.15,70.235,-0.236,-46.516,4.0705616271994906e-25,3.406207856544943e-24,-1.558762722105458e-25,4.687714175472025e-24,3.922635330475338e-23,-1.795092367545921e-24,0,70,255.0,255.0,255.0
1884,94.2,70.235,-0.236,-46.516,5.172147393507905e-25,4.328004511528711e-24,-1.9805990643560693e-25,-2.813711102381148e-25,-2.3544871054002906e-24,1.0774699854337925e-25,0,70,255.0,255.0,255.0
1885,94.25,70.235,-0.236,-46.516,3.7891905169613956e-25,3.1707591460049294e-24,-1.4510157235620849e-25,-5.2504563959482535e-24,-4.3935327515553936e-23,2.010586364632678e-24,0,70,255.0,255.0,255.0
1886,94.30000000000001,70.235,-0.236,-46.516,1.4968279163436938e-25,1.2525315854395772e-24,-5.731886091130268e-26,-3.9189940065204684e-24,-3.2793774907042704e-23,1.5007220931627559e-24,0,70,255.0,255.0,255.0
1887,94.35000000000001,70.235,-0.236,-46.516,-1.2980348955959597e-26,-1.0861834469977887e-25,4.970636960087146e-27,-2.5875316170930618e-24,-2.1652222298534637e-23,9.908578216929785e-25,0,70,255.0,255.0,255.0
1888,94.4,70.235,-0.236,-46.516,-1.09070370074922e-25,-9.126906444137641e-25,4.176692125798954e-26,-1.2560692276656551e-24,-1.051066969002657e-23,4.809935502232014e-25,0,70,255.0,255.0,255.0
1889,94.45,70.235,-0.236,-46.516,-1.3858727172251796e-25,-1.1596853137023759e-24,5.306999198240454e-26,7.539316176175153e-26,6.308829184814933e-25,-2.8870721246575975e-26,0,70,255.0,255.0,255.0
1890,94.5,70.235,-0.236,-46.516,-1.0153105389874742e-25,-8.49602352565617e-25,3.887984913333218e-26,1.4068555511891574e-24,1.177243552698956e-23,-5.3873499271635295e-25,0,70,255.0,255.0,255.0
1891,94.55000000000001,70.235,-0.236,-46.516,-4.0107383139265275e-26,-3.356148268130085e-25,1.5358542492255394e-26,1.0500912791895696e-24,8.787065503110106e-24,-4.021172729265046e-25,0,70,255.0,255.0,255.0
1892,94.60000000000001,70.235,-0.236,-46.516,3.4780740202235585e-27,2.910419774551093e-26,-1.3318781593236491e-27,6.933270071900829e-25,5.8016954792315016e-24,-2.654995531366951e-25,0,70,255.0,255.0,255.0
1893,94.65,70.235,-0.236,-46.516,2.922531757973908e-26,2.445547211101088e-25,-1.119141282141261e-26,3.3656273519059645e-25,2.8163254553528967e-24,-1.2888183334688556e-25,0,70,255.0,255.0,255.0
1894,94.7,70.235,-0.236,-46.516,3.713434753928125e-26,3.107367432807847e-25,-1.422006149401147e-26,-2.0201536808890217e-26,-1.6904456852570743e-25,7.73588644292401e-27,0,70,255.0,255.0,255.0
1895,94.75,70.235,-0.236,-46.516,2.7205163898850165e-26,2.276502642575391e-25,-1.0417824177120241e-26,-3.769658088083768e-25,-3.1544145924043112e-24,1.443536062327335e-25,0,70,255.0,255.0,255.0
1896,94.80000000000001,70.235,-0.236,-46.516,1.074674092269176e-26,8.992772181245672e-26,-4.1153090577189155e-27,-2.813711102378098e-25,-2.3544871053977302e-24,1.0774699854326223e-25,0,70,255.0,255.0,255.0
1897,94.85000000000001,70.235,-0.236,-46.516,-9.319471249345726e-28,-7.798446282265398e-27,3.5687567720741964e-28,-1.8577641166726997e-25,-1.5545596183913764e-24,7.114039085380137e-26,0,70,255.0,255.0,255.0
1898,94.9,70.235,-0.236,-46.516,-7.830900244034179e-27,-6.552824002667209e-26,2.9987300276608167e-27,-9.018171309673014e-26,-7.546321313850227e-25,3.45337831643405e-26,0,70,255.0,255.0,255.0
1899,94.95,70.235,-0.236,-46.516,-9.950118434607067e-27,-8.32616594207633e-26,3.8102539936412734e-27,5.412985473809708e-27,4.529535562133093e-26,-2.0728245251203606e-27,0,70,255.0,255.0,255.0
1900,95.0,70.235,-0.236,-46.516,-7.289601696653235e-27,-6.099870446453927e-26,2.7914475751487942e-27,1.0100768404434956e-25,8.452228426276842e-25,-3.8679432214581224e-26,0,70,255.0,255.0,255.0
1901,95.05000000000001,70.235,-0.236,-46.516,-2.8795805515017554e-27,-2.4096060436818435e-26,1.1026937386202678e-27,7.539316176166954e-26,6.308829184808135e-25,-2.887072124654447e-26,0,70,255.0,255.0,255.0
1902,95.10000000000001,70.235,-0.236,-46.516,2.4971447951472495e-28,2.089587383550495e-27,-9.562454950603805e-29,4.9778639478996787e-26,4.165429943340036e-25,-1.9062010278510506e-26,0,70,255.0,255.0,255.0
1903,95.15,70.235,-0.236,-46.516,2.0982833963976415e-27,1.7558238996579546e-26,-8.0350728923067445e-28,2.4164117196324045e-26,2.0220307018719384e-25,-9.253299310476542e-27,0,70,255.0,255.0,255.0
1904,95.2,70.235,-0.236,-46.516,2.6661261991469914e-27,2.230989440226873e-26,-1.0209544805536392e-27,-1.4504050863487073e-27,-1.2136853959615937e-26,5.554116575574271e-28,0,70,255.0,255.0,255.0
1905,95.25,70.235,-0.236,-46.516,1.9532428877627764e-27,1.6344553600618015e-26,-7.479661234749351e-28,-2.706492736902146e-26,-2.2647677810642585e-25,1.0364122625591391e-26,0,70,255.0,255.0,255.0
1906,95.30000000000001,70.235,-0.236,-46.516,7.715812833152624e-28,6.456519934817026e-27,-2.9546589676215626e-28,-2.0201536808868348e-26,-1.6904456852552376e-25,7.735886442915647e-27,0,70,255.0,255.0,255.0
1907,95.35000000000001,70.235,-0.236,-46.516,-6.691079312432811e-29,-5.599032519366166e-28,2.562252081673294e-29,-1.3338146248717188e-26,-1.1161235894463796e-25,5.1076502602406506e-27,0,70,255.0,255.0,255.0
1908,95.4,70.235,-0.236,-46.516,-5.622333415563807e-28,-4.704715959646136e-27,2.1529912926187962e-28,-6.474755688566028e-27,-5.418014936375218e-26,2.479414077565653e-27,0,70,255.0,255.0,255.0
1909,95.45,70.235,-0.236,-46.516,-7.1438636198089375e-28,-5.977918188311525e-27,2.7356392857328393e-28,3.8863487158513264e-28,3.2520602171335945e-27,-1.488221051093437e-28,0,70,255.0,255.0,255.0
1910,95.5,70.235,-0.236,-46.516,-5.233698543978699e-28,-4.379509937932797e-27,2.0041691875094625e-28,7.25202543173629e-27,6.068426979801939e-26,-2.77705828778434e-27,0,70,255.0,255.0,255.0
1911,95.55000000000001,70.235,-0.236,-46.516,-2.067445817592938e-28,-1.7300193024496675e-27,7.916984842835722e-29,5.4129854738038736e-27,4.529535562128168e-26,-2.0728245251181178e-27,0,70,255.0,255.0,255.0
1912,95.60000000000001,70.235,-0.236,-46.516,1.7928692982589703e-29,1.5002562419597602e-28,-6.865533760893237e-30,3.5739455158719794e-27,2.990644144454834e-26,-1.3685907624520958e-27,0,70,255.0,255.0,255.0
1913,95.65,70.235,-0.236,-46.516,1.5064996982788385e-28,1.2606248420049962e-27,-5.768922781684456e-29,1.7349055579400853e-27,1.4517527267815007e-26,-6.643569997860738e-28,0,70,255.0,255.0,255.0
1914,95.7,70.235,-0.236,-46.516,1.9141924877658837e-28,1.6017783509773935e-27,-7.330123373949684e-29,-1.0413439999180891e-28,-8.713869089183382e-28,3.9876762879948334e-29,0,70,255.0,255.0,255.0
1915,95.75,70.235,-0.236,-46.516,1.4023652982870352e-28,1.1734861511131693e-27,-5.370155152884998e-29,-1.943174357923703e-27,-1.626030108565167e-26,7.441105255459703e-28,0,70,255.0,255.0,255.0
1916,95.80000000000001,70.235,-0.236,-46.516,5.5397043721913e-29,4.635572749816426e-28,-2.1213496951272703e-29,-1.450405086347146e-27,-1.2136853959602942e-26,5.554116575568251e-28,0,70,255.0,255.0,255.0
1917,95.85000000000001,70.235,-0.236,-46.516,-4.80397880603047e-30,-4.019924484728716e-29,1.8396142268399465e-30,-9.576358147707292e-28,-8.013406833555389e-27,3.6671278956773356e-28,0,70,255.0,255.0,255.0
1918,95.9,70.235,-0.236,-46.516,-4.0366537755154485e-29,-3.3778340837385053e-28,1.545778200549855e-29,-4.648665431943123e-28,-3.889959707507834e-27,1.7801392157864202e-28,0,70,255.0,255.0,255.0
1919,95.95,70.235,-0.236,-46.516,-5.129063312545902e-29,-4.291952155980485e-28,1.9641006384703135e-29,2.790272838210445e-29,2.3348741853972095e-28,-1.0684946410449558e-29,0,70,255.0,255.0,255.0
1920,96.0,70.235,-0.236,-46.516,-3.757626491694415e-29,-3.144346665198801e-28,1.438928736445367e-29,5.206719999585215e-28,4.3569345445872714e-27,-1.9938381439954096e-28,0,70,255.0,255.0,255.0
1921,96.05000000000001,70.235,-0.236,-46.516,-1.4843593128358185e-29,-1.2420979747690301e-28,5.6841393767336046e-30,3.886348715847105e-28,3.252060217130082e-27,-1.488221051091825e-28,0,70,255.0,255.0,255.0
1922,96.10000000000001,70.235,-0.236,-46.516,1.2872222415320863e-30,1.0771355193171468e-29,-4.929231464665672e-31,2.5659774321093704e-28,2.147185889673206e-27,-9.826039581883842e-29,0,70,255.0,255.0,255.0
1923,96.15,70.235,-0.236,-46.516,1.0816181192734068e-29,9.050879149040533e-29,-4.141900205149678e-30,1.2456061483716354e-28,1.0423115622163304e-27,-4.769868652849432e-29,0,70,255.0,255.0,255.0
1924,96.2,70.235,-0.236,-46.516,1.3743283725247725e-29,1.1500251141479855e-28,-5.2627917993157225e-30,-7.47651353660997e-30,-6.256276524054561e-29,2.8630227618497636e-30,0,70,255.0,255.0,255.0
1925,96.25,70.235,-0.236,-46.516,1.0068529839073114e-29,8.425251496635126e-29,-3.85559792896472e-30,-1.3951364191038339e-28,-1.1674370926974206e-27,5.342473205219387e-29,0,70,255.0,255.0,255.0
1926,96.30000000000001,70.235,-0.236,-46.516,3.977328791519738e-30,3.3281914925969483e-29,-1.5230605556617147e-30,-1.0413439999169627e-28,-8.713869089173868e-28,3.9876762879905124e-29,0,70,255.0,255.0,255.0
1927,96.35000000000001,70.235,-0.236,-46.516,-3.449101600979014e-31,-2.8861759253990593e-30,1.32078359026325e-31,-6.875515807301919e-29,-5.753367251374373e-28,2.632879370762023e-29,0,70,255.0,255.0,255.0
1928,96.4,70.235,-0.236,-46.516,-2.8981870157817892e-30,-2.425175758777099e-29,1.1098188151001592e-30,-3.337591615434211e-29,-2.792865413574878e-28,1.2780824535335342e-29,0,70,255.0,255.0,255.0
1929,96.45,70.235,-0.236,-46.516,-3.6825017755319246e-30,-3.0814830061146257e-29,1.4101608125597859e-30,2.0033257643349578e-30,1.6763642422461654e-29,-7.6714463694955246e-31,0,70,255.0,255.0,255.0
1930,96.5,70.235,-0.236,-46.516,-2.697854439348306e-30,-2.2575393345524927e-29,1.0331043514052073e-30,3.738256768301201e-29,3.1281382620241123e-28,-1.4315113809234446e-29,0,70,255.0,255.0,255.0
1931,96.55000000000001,70.235,-0.236,-46.516,-1.0657220377207716e-30,-8.917862226974888e-30,4.081028459132553e-31,2.7902728382074515e-29,2.334874185394661e-28,-1.068494641043795e-29,0,70,255.0,255.0,255.0
1932,96.60000000000001,70.235,-0.236,-46.516,9.241839885951822e-32,7.733485084248032e-31,-3.5390289638730285e-32,1.8422889081139715e-29,1.5416101087654354e-28,-7.054779011642483e-30,0,70,255.0,255.0,255.0
1933,96.65,70.235,-0.236,-46.516,7.765668703930953e-31,6.498238860678588e-30,-2.97375055250953e-31,8.943049780204916e-30,7.483460321362096e-29,-3.424611612847018e-30,0,70,255.0,255.0,255.0
1934,96.7,70.235,-0.236,-46.516,9.867233768799592e-31,8.256808829786464e-30,-3.7785145092341217e-31,-5.367895207298833e-31,-4.491804449301638e-30,2.05555785948449e-31,0,70,255.0,255.0,255.0
1935,96.75,70.235,-0.236,-46.516,7.228879183201104e-31,6.04905841574845e-30,-2.768194766561089e-31,-1.001662882166468e-29,-8.381821211222418e-29,3.835723184743916e-30,0,70,255.0,255.0,255.0
1936,96.80000000000001,70.235,-0.236,-46.516,2.8555935936334837e-31,2.3895339819300782e-30,-1.0935082799130622e-31,-7.476513536601826e-30,-6.25627652404774e-29,2.863022761846668e-30,0,70,255.0,255.0,255.0
1937,96.85000000000001,70.235,-0.236,-46.516,-2.476343534017185e-32,-2.072181083001256e-31,9.482799528596148e-33,-4.936398251539692e-30,-4.130731836873666e-29,1.890322338949697e-30,0,70,255.0,255.0,255.0
1938,96.9,70.235,-0.236,-46.516,-2.080804657905927e-31,-1.7411978549433536e-30,7.968140590365271e-32,-2.3962829664775596e-30,-2.0051871496995917e-29,9.176219160527259e-31,0,70,255.0,255.0,255.0
1939,96.95,70.235,-0.236,-46.516,-2.6439173198791415e-31,-2.2124052579996035e-30,1.0124499113386347e-31,1.4383231858457414e-31,1.2035753747448204e-30,-5.507850684424563e-32,0,70,255.0,255.0,255.0
1940,97.0,70.235,-0.236,-46.516,-1.9369723393213597e-31,-1.620840317468877e-30,7.417355521922839e-32,2.6839476036467083e-30,2.2459022246485572e-29,-1.0277789297412168e-30,0,70,255.0,255.0,255.0
1941,97.05000000000001,70.235,-0.236,-46.516,-7.651539973262209e-32,-6.40273700745426e-31,2.930046605196968e-32,2.0033257643327812e-30,1.676364242244354e-29,-7.671446369487237e-31,0,70,255.0,255.0,255.0
1942,97.10000000000001,70.235,-0.236,-46.516,6.635342501168925e-33,5.552392477570124e-32,-2.5409084756542178e-33,1.3227039250190477e-30,1.1068262598403132e-29,-5.065103441563047e-31,0,70,255.0,255.0,255.0
1943,97.15,70.235,-0.236,-46.516,5.57549927692752e-32,4.665525590948243e-31,-2.1350568363657907e-32,6.4208208570531415e-31,5.3728827743627196e-30,-2.4587605136388556e-31,0,70,255.0,255.0,255.0
1944,97.2,70.235,-0.236,-46.516,7.084355107169665e-32,5.9281220221194225e-31,-2.71285136120414e-32,-3.8539753608419204e-32,-3.2249704967769114e-31,1.4758241428533362e-32,0,70,255.0,255.0,255.0
1945,97.25,70.235,-0.236,-46.516,5.190101740843342e-32,4.343028541270573e-31,-1.9874744220804674e-32,-7.191615929221528e-31,-6.017876873718099e-30,2.753925342209523e-31,0,70,255.0,255.0,255.0
1946,97.30000000000001,70.235,-0.236,-46.516,2.0502239567139956e-32,1.715608210516259e-31,-7.851036216572447e-33,-5.367895207293e-31,-4.491804449296768e-30,2.055557859482275e-31,0,70,255.0,255.0,255.0
1947,97.35000000000001,70.235,-0.236,-46.516,-1.7779346645037636e-33,-1.4877590802679407e-32,6.808343740208181e-34,-3.5441744853649915e-31,-2.9657320248758704e-30,1.3571903767552251e-31,0,70,255.0,255.0,255.0
1948,97.4,70.235,-0.236,-46.516,-1.4939505286507955e-32,-1.2501238143594417e-31,5.720867550979032e-33,-1.7204537634369826e-31,-1.4396596004549728e-30,6.588228940281757e-32,0,70,255.0,255.0,255.0
1949,97.45,70.235,-0.236,-46.516,-1.8982472298872602e-32,-1.5884355084816855e-31,7.269063314302194e-33,1.0326695849102671e-32,8.641282396592449e-32,-3.95445886988742e-33,0,70,255.0,255.0,255.0
1950,97.5,70.235,-0.236,-46.516,-1.390683570159773e-32,-1.163710990393523e-31,5.325421663990312e-33,1.9269876804190356e-31,1.6124852483868218e-30,-7.379120714259239e-32,0,70,255.0,255.0,255.0
1951,97.55000000000001,70.235,-0.236,-46.516,-5.4935585359377435e-33,-4.5969583461077576e-32,2.103678814320115e-33,1.4383231858441943e-31,1.2035753747435269e-30,-5.50785068441862e-32,0,70,255.0,255.0,255.0
1952,97.60000000000001,70.235,-0.236,-46.516,4.763961568461316e-34,3.9864384350164665e-33,-1.8242902042904226e-34,9.496586912694919e-32,7.946655011003481e-31,-3.6365806545785325e-32,0,70,255.0,255.0,255.0
1953,97.65,70.235,-0.236,-46.516,4.003028376756633e-33,3.3496966648952736e-32,-1.5329018402582106e-33,4.609941966947894e-32,3.8575562745716933e-31,-1.7653106247384452e-32,0,70,255.0,255.0,255.0
1954,97.7,70.235,-0.236,-46.516,5.086338123793762e-33,4.2562001180731194e-32,-1.9477396451673857e-33,-2.767029787991304e-33,-2.3154246186009268e-32,1.0595940510164268e-33,0,70,255.0,255.0,255.0
1955,97.75,70.235,-0.236,-46.516,3.7263253979575167e-33,3.1181542030351897e-32,-1.426942435156576e-33,-5.16334792454616e-32,-4.32064119829188e-31,1.977229434941728e-32,0,70,255.0,255.0,255.0
1956,97.80000000000001,70.235,-0.236,-46.516,1.4719945766110202e-33,1.2317512792684421e-32,-5.6367904070801425e-34,-3.8539753608377745e-32,-3.2249704967733937e-31,1.4758241428517337e-32,0,70,255.0,255.0,255.0
1957,97.85000000000001,70.235,-0.236,-46.516,-1.2764996288077216e-34,-1.0681629373863478e-33,4.888170769535479e-35,-2.54460279712976e-32,-2.1292997952552183e-31,9.744188507618818e-33,0,70,255.0,255.0,255.0
1958,97.9,70.235,-0.236,-46.516,-1.0726082205185952e-33,-8.975485159866545e-33,4.10739810053812e-34,-1.2352302334217466e-32,-1.0336290937370434e-31,4.730135586720299e-33,0,70,255.0,255.0,255.0
1959,97.95,70.235,-0.236,-46.516,-1.3628801963024479e-33,-1.1404453874756187e-32,5.218952663673574e-34,7.4142330286267676e-34,6.204160778113198e-33,-2.839173341782216e-34,0,70,255.0,255.0,255.0
1960,98.0,70.235,-0.236,-46.516,-9.984658902323325e-34,-8.355069082055282e-33,3.823480766359917e-34,1.3835148939942816e-32,1.1577123092993063e-31,-5.297970255076741e-33,0,70,255.0,255.0,255.0
1961,98.05000000000001,70.235,-0.236,-46.516,-3.944197705063366e-34,-3.300467709660093e-33,1.5103734851194182e-34,1.0326695849091526e-32,8.641282396583093e-32,-3.9544588698831516e-33,0,70,255.0,255.0,255.0
1962,98.10000000000001,70.235,-0.236,-46.516,3.4203694676957894e-35,2.8621331452896496e-34,-1.3097810352376265e-35,6.818242758241232e-33,5.705441700173958e-32,-2.6109474846899435e-33,0,70,255.0,255.0,255.0
1963,98.15,70.235,-0.236,-46.516,2.8740450531774756e-34,2.4049739905135386e-33,-1.1005739995703769e-34,3.309789667390938e-33,2.7696010037648223e-32,-1.2674360994967361e-33,0,70,255.0,255.0,255.0
1964,98.2,70.235,-0.236,-46.516,3.6518266141603285e-34,3.055814318293628e-33,-1.3984142030204244e-34,-1.9866342345935648e-34,-1.6623969264431306e-33,7.607528569647197e-35,0,70,255.0,255.0,255.0
1965,98.25,70.235,-0.236,-46.516,2.67538162971813e-34,2.2387342978692355e-33,-1.0244987138739088e-34,-3.707116514309651e-33,-3.1020803890534484e-32,1.4195866708896797e-33,0,70,255.0,255.0,255.0
1966,98.30000000000001,70.235,-0.236,-46.516,1.0568450541432617e-34,8.84358045955957e-34,-4.047035333975313e-35,-2.7670297879883492e-33,-2.3154246185984335e-32,1.0595940510152663e-33,0,70,255.0,255.0,255.0
1967,98.35000000000001,70.235,-0.236,-46.516,-9.164815827058864e-36,-7.669032072950747e-35,3.509533714149896e-36,-1.8269430616673142e-33,-1.5287688481436422e-32,6.996014311409551e-34,0,70,255.0,255.0,255.0
1968,98.4,70.235,-0.236,-46.516,-7.700980075239482e-35,-6.444108021875986e-34,2.948978977433841e-35,-8.86856335346279e-34,-7.42113077688851e-33,3.3960881126664397e-34,0,70,255.0,255.0,255.0
1969,98.45,70.235,-0.236,-46.516,-9.785044936168172e-35,-8.188033984183164e-34,3.7470414840812345e-35,5.323039097475599e-35,4.4542692765940086e-34,-2.0383808607667292e-35,0,70,255.0,255.0,255.0
1970,98.5,70.235,-0.236,-46.516,-7.168676165491955e-35,-5.998681094216605e-34,2.745140891357179e-35,9.933171172957913e-34,8.311984632207318e-33,-3.8037642848197813e-34,0,70,255.0,255.0,255.0
1971,98.55000000000001,70.235,-0.236,-46.516,-2.831825115096808e-35,-2.3696447416373456e-34,1.0844064847070713e-35,7.4142330286187305e-34,6.204160778106419e-33,-2.8391733417791387e-34,0,70,255.0,255.0,255.0
1972,98.60000000000001,70.235,-0.236,-46.516,2.455568631277654e-36,2.0547968389064267e-35,-9.40324504223391e-37,4.895294884280264e-34,4.0963369240061174e-33,-1.8745823987387708e-34,0,70,255.0,255.0,255.0
1973,98.65,70.235,-0.236,-46.516,2.0634697691831765e-35,1.7266921823685392e-34,-7.90175914031593e-36,2.3763567399417967e-34,1.988513069905817e-33,-9.099914556984024e-35,0,70,255.0,255.0,255.0
1974,98.7,70.235,-0.236,-46.516,2.621913603069427e-35,2.193992753796345e-34,-1.0040239061206894e-35,-1.425814043966698e-35,-1.1931078419448374e-34,5.459948734196602e-36,0,70,255.0,255.0,255.0
1975,98.75,70.235,-0.236,-46.516,1.9208883647865184e-35,1.6073813981740623e-34,-7.35576426689631e-36,-2.6615195487351345e-34,-2.2271346382947833e-33,1.019190430382334e-34,0,70,255.0,255.0,255.0
1976,98.80000000000001,70.235,-0.236,-46.516,7.588499189546134e-36,6.349985069898116e-35,-2.905906048529719e-36,-1.986634234591429e-34,-1.662396926441335e-33,7.607528569638976e-35,0,70,255.0,255.0,255.0
1977,98.85000000000001,70.235,-0.236,-46.516,-6.574586980517606e-37,-5.5015528267494305e-36,2.5176430274368225e-37,-1.3117489204479155e-34,-1.097659214588047e-33,5.023152835455347e-35,0,70,255.0,255.0,255.0
1978,98.9,70.235,-0.236,-46.516,-5.5289900149322784e-36,-4.6266070759817286e-35,2.117246786925344e-36,-6.368636063044019e-35,-5.32921502734759e-34,2.4387771012717195e-35,0,70,255.0,255.0,255.0
1979,98.95,70.235,-0.236,-46.516,-7.026094761095412e-36,-5.879370310022226e-35,2.6905414040152612e-36,3.802170783911197e-36,3.1816209118528975e-35,-1.4559863291190954e-36,0,70,255.0,255.0,255.0
1980,99.0,70.235,-0.236,-46.516,-5.1487729365411826e-36,-4.308444984796456e-35,1.9716481540134436e-36,7.129070219826253e-35,5.96553920971817e-34,-2.7299743670955375e-35,0,70,255.0,255.0,255.0
1981,99.05000000000001,70.235,-0.236,-46.516,-2.035745607216447e-36,-1.703492863219015e-35,7.795593470481605e-37,5.323039097469858e-35,4.454269276589223e-34,-2.0383808607645108e-35,0,70,255.0,255.0,255.0
1982,99.10000000000001,70.235,-0.236,-46.516,1.7426616092938647e-37,1.4582429179336204e-36,-6.673270675133927e-38,3.517007975113977e-35,2.942999343460706e-34,-1.3467873544336806e-35,0,70,255.0,255.0,255.0
1983,99.15,70.235,-0.236,-46.516,1.481262367897329e-36,1.2395064802415233e-35,-5.672280073854434e-37,1.7109768527580962e-35,1.431729410332189e-34,-6.551938481028504e-36,0,70,255.0,255.0,255.0
1984,99.2,70.235,-0.236,-46.516,1.8852430136873842e-36,1.5775537021254687e-35,-7.219265548541523e-37,-9.505426959778528e-37,-7.954052279632842e-36,3.6399658227980057e-37,0,70,255.0,255.0,255.0
1985,99.25,70.235,-0.236,-46.516,1.386208098299549e-36,1.1599659574451995e-35,-5.308283491574656e-37,-1.9010853919536673e-35,-1.590810455924845e-34,7.2799316455881e-36,0,70,255.0,255.0,255.0
1986,99.30000000000001,70.235,-0.236,-46.516,5.544832393196576e-37,4.639863829779442e-36,-2.123313396629241e-37,-1.4258140439651424e-35,-1.1931078419435434e-34,5.459948734190661e-36,0,70,255.0,255.0,255.0
1987,99.35000000000001,70.235,-0.236,-46.516,-3.9605945665782287e-38,-3.3141884498502027e-37,1.516652426167296e-38,-9.505426959767525e-36,-7.954052279623548e-35,3.63996582279374e-36,0,70,255.0,255.0,255.0
1988,99.4,70.235,-0.236,-46.516,-3.960594566570409e-37,-3.314188449843653e-36,1.5166524261642916e-37,-4.752713479883627e-36,-3.9770261398116615e-35,1.819982911396818e-36,0,70,255.0,255.0,255.0
1989,99.45,70.235,-0.236,-46.516,-5.148772936541177e-37,-4.308444984796458e-36,1.9716481540134443e-37,2.6994923571931176e-49,2.2451223564774443e-48,-1.0290144133854953e-49,0,70,255.0,255.0,255.0
1990,99.5,70.235,-0.236,-46.516,-3.96059456657014e-37,-3.3141884498434266e-36,1.5166524261641874e-37,4.752713479884168e-36,3.9770261398121116e-35,-1.819982911397025e-36,0,70,255.0,255.0,255.0
1991,99.55000000000001,70.235,-0.236,-46.516,-1.8218735006218323e-37,-1.5245266869276144e-36,6.976601160353607e-38,3.8021707839071186e-36,3.1816209118495084e-35,-1.4559863291175371e-36,0,70,255.0,255.0,255.0
1992,99.60000000000001,70.235,-0.236,-46.516,-1.5842378266256277e-38,-1.325675379935338e-37,6.066609704647434e-39,2.851628087930339e-36,2.3862156838871313e-35,-1.0919897468381528e-36,0,70,255.0,255.0,255.0
1993,99.65,70.235,-0.236,-46.516,1.0297545873083442e-37,8.61688996959381e-37,-3.9432963080273033e-38,1.9010853919535593e-36,1.5908104559247542e-35,-7.279931645587686e-37,0,70,255.0,255.0,255.0
1994,99.7,70.235,-0.236,-46.516,1.7426616092908887e-37,1.45824291793113e-36,-6.67327067512253e-38,9.505426959767797e-37,7.954052279623771e-36,-3.639965822793843e-37,0,70,255.0,255.0,255.0
1995,99.75,70.235,-0.236,-46.516,1.98029728328507e-37,1.6570942249217133e-36,-7.583262130820936e-38,-6.681911775230489e-52,0.0,0.0,0,70,255.0,255.0,255.0
1996,99.80000000000001,70.235,-0.236,-46.516,1.7426616092907534e-37,1.4582429179310173e-36,-6.67327067512201e-38,-9.505426959770501e-37,-7.954052279626032e-36,3.639965822794877e-37,0,70,255.0,255.0,255.0
1997,99.85000000000001,70.235,-0.236,-46.516,1.029754587308074e-37,8.616889969591553e-37,-3.943296308026266e-38,-1.9010853919538293e-36,-1.5908104559249803e-35,7.27993164558872e-37,0,70,255.0,255.0,255.0
1998,99.9,70.235,-0.236,-46.516,-1.5842378266296786e-38,-1.3256753799387273e-37,6.066609704662959e-39,-2.8516280879306086e-36,-2.3862156838873574e-35,1.0919897468382563e-36,0,70,255.0,255.0,255.0
1999,99.95,70.235,-0.236,-46.516,-1.821873500622372e-37,-1.5245266869280664e-36,6.976601160355675e-38,-3.802170783907388e-36,-3.1816209118497345e-35,1.4559863291176404e-36,0,70,255.0,255.0,255.0
