idx,t,px,py,pz,vx,vy,vz,ax,ay,az,yaw,mode,ledr,ledg,ledb
0,0.0,10.5,-3.0,0.0,9.55277461894043e-19,2.6940144912556157e-19,0.019030436778708193,-1.1463329542728515e-17,-3.2328173895067388e-18,-0.5155652413444983,0,70,255.0,255.0,255.0
1,0.05,10.5,-3.0,0.00030909572403349495,4.394276324712598e-19,1.2392466659775831e-19,-0.006625999081794231,-9.170663634182812e-18,-2.586253911605391e-18,-0.5106921930755987,0,70,255.0,255.0,255.0
2,0.1,10.5,-3.0,-0.000658539034622007,3.821109847576167e-20,1.077605796502247e-20,-0.03203878252885167,-6.8779977256371086e-18,-1.939690433704043e-18,-0.505819144806699,0,70,255.0,255.0,255.0
3,0.15000000000000002,10.5,-3.0,-0.002890721655294257,-2.483721400924512e-19,-7.004437677264601e-20,-0.05720791356246414,-4.585331817091405e-18,-1.2931269558026954e-18,-0.5009460965377992,0,70,255.0,255.0,255.0
4,0.2,10.5,-3.0,-0.006375269517311004,-4.2032208323337898e-19,-1.1853663761524704e-19,-0.08213339218263159,-2.292665908545702e-18,-6.465634779013477e-19,-0.49607304826889953,0,70,255.0,255.0,255.0
5,0.25,10.5,-3.0,-0.0111,-4.776387309470215e-19,-1.3470072456278078e-19,-0.1068152183893541,0.0,0.0,-0.4912000000000001,0,70,255.0,255.0,255.0
6,0.30000000000000004,10.5,-3.0,-0.017052730482689002,-4.2032208323337883e-19,-1.1853663761524707e-19,-0.13125339218263163,2.292665908545705e-18,6.465634779013484e-19,-0.48632695173110047,0,70,255.0,255.0,255.0
7,0.35000000000000003,10.5,-3.0,-0.02422127834470575,-2.48372140092451e-19,-7.004437677264597e-20,-0.15544791356246415,4.5853318170914075e-18,1.293126955802696e-18,-0.48145390346220085,0,70,255.0,255.0,255.0
8,0.4,10.5,-3.0,-0.032593460965378,3.821109847576181e-20,1.0776057965022493e-20,-0.1793987825288517,6.87799772563711e-18,1.9396904337040434e-18,-0.4765808551933012,0,70,255.0,255.0,255.0
9,0.45,10.5,-3.0,-0.042157095724033505,4.394276324712599e-19,1.2392466659775839e-19,-0.20310599908179428,9.170663634182813e-18,2.586253911605391e-18,-0.47170780692440156,0,70,255.0,255.0,255.0
10,0.5,10.5,-3.0,-0.0529,9.55277461894043e-19,2.6940144912556157e-19,-0.22656956322129185,1.1463329542728517e-17,3.2328173895067384e-18,-0.4668347586555024,0,70,255.0,255.0,255.0
11,0.55,10.5,-3.0,-0.06480937379327753,1.241860700462256e-18,3.5022188386323002e-19,-0.24975243218767942,-1.0785207688568521e-32,-3.0814879110195774e-33,-0.4604799999999999,0,70,255.0,255.0,255.0
12,0.6000000000000001,10.5,-3.0,-0.07786994758655505,9.552774618940418e-19,2.694014491255613e-19,-0.2726175632212919,-1.1463329542728538e-17,-3.2328173895067446e-18,-0.45412524134449744,0,70,255.0,255.0,255.0
13,0.65,10.5,-3.0,-0.09206583448319379,9.552774618940347e-20,2.6940144912555993e-20,-0.2951649563221292,-2.2926659085457043e-17,-6.46563477901348e-18,-0.44777048268899494,0,70,255.0,255.0,255.0
14,0.7000000000000001,10.5,-3.0,-0.10738114758655504,-1.3373884466516632e-18,-3.77162028775787e-19,-0.3173946114901913,-3.438998862818557e-17,-9.698452168520221e-18,-0.44141572403349244,0,70,255.0,255.0,255.0
15,0.75,10.5,-3.0,-0.1238,-3.3434711166291508e-18,-9.429050719394654e-19,-0.3393065287254784,-4.5853318170914073e-17,-1.2931269558026954e-17,-0.43506096537799177,0,70,255.0,255.0,255.0
16,0.8,10.5,-3.0,-0.14130657434420096,-4.5471207186156455e-18,-1.282350897837673e-18,-0.36090487906665075,-2.292665908545671e-18,-6.465634779013369e-19,-0.42887304826890027,0,70,255.0,255.0,255.0
17,0.8500000000000001,10.5,-3.0,-0.1598853313090742,-3.572737707483718e-18,-1.0075614197295992e-18,-0.38219383355236847,4.126798635382273e-17,1.163814260222428e-17,-0.42268513115980877,0,70,255.0,255.0,255.0
18,0.9,10.5,-3.0,-0.1795208011018469,-4.2032208323337744e-19,-1.1853663761524695e-19,-0.40317339218263154,8.482863861619105e-17,2.3922848682349866e-17,-0.41649721405071727,0,70,255.0,255.0,255.0
19,0.9500000000000001,10.5,-3.0,-0.20019751392974644,4.9101261541353884e-18,1.3847234485053881e-18,-0.4238435549574402,1.2838929087855945e-16,3.620755476247548e-17,-0.41030929694162577,0,70,255.0,255.0,255.0
20,1.0,10.5,-3.0,-0.2219,1.2418607004622561e-17,3.5022188386323e-18,-0.4442043218767942,1.7194994314092782e-16,4.849226084260107e-17,-0.4041213798325365,0,70,255.0,255.0,255.0
21,1.05,10.5,-3.0,-0.24461232882991865,1.694662217400033e-17,4.7791817074874615e-18,-0.4642280515457177,9.170663634182684e-18,2.5862539116053414e-18,-0.3968278069244028,0,70,255.0,255.0,255.0
22,1.1,10.5,-3.0,-0.26831672717714833,1.3335673368040829e-17,3.760844229792835e-18,-0.4838871025692345,-1.5360861587256245e-16,-4.3319753019390385e-17,-0.38953423401626913,0,70,255.0,255.0,255.0
23,1.1500000000000001,10.5,-3.0,-0.29299496110941875,1.5857605867440708e-18,4.472064055484182e-19,-0.5031814749473447,-3.1638789537930753e-16,-8.92257599503861e-17,-0.3822406611081354,0,70,255.0,255.0,255.0
24,1.2000000000000002,10.5,-3.0,-0.3186287966944594,-1.8303116169889957e-17,-5.161731765245782e-18,-0.5221111686800481,-4.791671748860528e-16,-1.3513176688138185e-16,-0.3749470882000017,0,70,255.0,255.0,255.0
25,1.25,10.5,-3.0,-0.3452,-4.6330956901861095e-17,-1.3065970282589734e-17,-0.5406761837673448,-6.419464543927972e-16,-1.8103777381237734e-16,-0.3676535152918703,0,70,255.0,255.0,255.0
26,1.3,10.5,-3.0,-0.3726913103361245,-6.323936797738567e-17,-1.7834375932112172e-17,-0.5589349147504789,-3.438998862818514e-17,-9.698452168520053e-18,-0.36269572403349243,0,70,255.0,255.0,255.0
27,1.35,10.5,-3.0,-0.4010893599823326,-4.976995576467961e-17,-1.403581549944174e-17,-0.5769457561706941,5.731664771364269e-16,1.6164086947533723e-16,-0.35773793277511456,0,70,255.0,255.0,255.0
28,1.4000000000000001,10.5,-3.0,-0.4303817544604786,-5.9227202637429074e-18,-1.6702889845784352e-18,-0.5947087080279904,1.180722942901039e-15,3.329801911191945e-16,-0.3527801415167367,0,70,255.0,255.0,255.0
29,1.4500000000000002,10.5,-3.0,-0.4605560992924164,6.830233852542438e-17,1.9262203612477732e-17,-0.6122237703223679,1.788279408665651e-15,5.0431951276305175e-16,-0.34782235025835884,0,70,255.0,255.0,255.0
30,1.5,10.5,-3.0,-0.4916,1.7290522060282182e-16,4.876166229172664e-17,-0.6294909430538262,2.395835874430261e-15,6.756588344069082e-16,-0.3428645589999828,0,70,255.0,255.0,255.0
31,1.55,10.5,-3.0,-0.5235000298255836,2.3601084973554233e-16,6.655832202096123e-17,-0.6464482894523664,1.2838929087855738e-16,3.620755476247477e-17,-0.33542929694162743,0,70,255.0,255.0,255.0
32,1.6,10.5,-3.0,-0.5562386328935215,1.8574414969067756e-16,5.238241776797412e-17,-0.6630338727479891,-2.139057292673146e-15,-6.032437248819586e-16,-0.32799403488327206,0,70,255.0,255.0,255.0
33,1.6500000000000001,10.5,-3.0,-0.5897972210486673,2.2105120468227473e-17,6.233949532765312e-18,-0.6792476929406938,-4.4065038762248495e-15,-1.242695004526392e-15,-0.3205587728249167,0,70,255.0,255.0,255.0
34,1.7000000000000002,10.5,-3.0,-0.6241572061358756,-2.549062379318078e-16,-7.188708268466519e-17,-0.6950897500304807,-6.673950459776553e-15,-1.8821462841708254e-15,-0.3131235107665613,0,70,255.0,255.0,255.0
35,1.75,10.5,-3.0,-0.6593,-6.4528992550942625e-16,-1.819806788843168e-16,-0.7105600440173497,-8.941397043328247e-15,-2.5215975638152558e-15,-0.3056882487082051,0,70,255.0,255.0,255.0
36,1.8,10.5,-3.0,-0.695207770361541,-8.808040309647838e-16,-2.4839891215173275e-16,-0.7257039274400549,-4.791671748860466e-16,-1.351317668813792e-16,-0.30006708820000244,0,70,255.0,255.0,255.0
37,1.85,10.5,-3.0,-0.731865708443582,-6.93206642998031e-16,-1.954938555724548e-16,-0.7405667528373501,7.983062693556154e-15,2.2513340300524974e-15,-0.2944459276917998,0,70,255.0,255.0,255.0
38,1.9000000000000001,10.5,-3.0,-0.7692597613448526,-8.249776160916785e-17,-2.3265509146482774e-17,-0.755148520209235,1.6445292561998356e-14,4.637799826986373e-15,-0.2888247671835971,0,70,255.0,255.0,255.0
39,1.9500000000000002,10.5,-3.0,-0.8073758761640821,9.513226132018063e-16,2.6828612712618285e-16,-0.7694492295557097,2.4907522430440554e-14,7.024265623920251e-15,-0.28320360667539446,0,70,255.0,255.0,255.0
40,2.0,10.5,-3.0,-0.8462,2.408254481434883e-15,6.791610532455406e-16,-0.7834688808767742,3.336975229888272e-14,9.410731420854117e-15,-0.27758244616719097,0,70,255.0,255.0,255.0
41,2.0500000000000003,10.5,-3.0,-0.8857176887282525,3.287205274123593e-15,9.270373265859698e-16,-0.7971840007874131,1.7882794086654777e-15,5.043195127630054e-16,-0.2710223502583609,0,70,255.0,255.0,255.0
42,2.1,10.5,-3.0,-0.9259129333321507,2.587082422301445e-15,7.295930045218451e-16,-0.8105711159026104,-2.9793193481551485e-14,-8.402092395328028e-15,-0.2644622543495309,0,70,255.0,255.0,255.0
43,2.15,10.5,-3.0,-0.9667693335719225,3.0788592596845486e-16,8.682808705317008e-17,-0.823630226222366,-6.137466637176844e-14,-1.730850430341906e-14,-0.2579021584407009,0,70,255.0,255.0,255.0
44,2.2,10.5,-3.0000000000000004,-1.0082704892077965,-3.5503842148754175e-15,-1.0012574258200664e-15,-0.8363613317466805,-9.295613926198569e-14,-2.6214916211510173e-14,-0.25134206253187086,0,70,255.0,255.0,255.0
45,2.25,10.5,-3.0,-1.0504,-8.987728000230106e-15,-2.534663534097846e-15,-0.8487644324755531,-1.245376121522026e-13,-3.51213281196012e-14,-0.24478196662304175,0,70,255.0,255.0,255.0
46,2.3000000000000003,10.5,-3.0,-1.0931414747254498,-1.2268017065529587e-14,-3.4597503941921467e-15,-0.8608400694102932,-6.6739504597758975e-15,-1.8821462841706436e-15,-0.23824351076656228,0,70,255.0,255.0,255.0
47,2.35,10.499999999999998,-3.0000000000000004,-1.1364785582278156,-9.655123046207748e-15,-2.722878162514925e-15,-0.8725887835522094,1.1118971123264978e-13,3.1357035551259625e-14,-0.23170505491008286,0,70,255.0,255.0,255.0
48,2.4000000000000004,10.499999999999998,-3.0000000000000004,-1.180394904367457,-1.1490459422645467e-15,-3.2404683906616775e-16,-0.8840105749013015,2.2905337292507645e-13,6.459621738669019e-14,-0.22516659905360342,0,70,255.0,255.0,255.0
49,2.45,10.5,-3.0000000000000004,-1.224874167004732,1.3250214246299868e-14,3.736743576154085e-15,-0.8951054434575698,3.4691703461750216e-13,9.783539922212045e-14,-0.218628143197124,0,70,255.0,255.0,255.0
50,2.5,10.5,-3.0,-1.2699,3.354265751948554e-14,9.459493083145843e-15,-0.9058733892210139,4.647806963099279e-13,1.3107458105755074e-13,-0.21208968734064637,0,70,255.0,255.0,255.0
51,2.5500000000000003,10.500000000000002,-2.9999999999999996,-1.3154564123699495,4.578486298799476e-14,1.291196425018262e-14,-0.916335721571415,2.4907522430438226e-14,7.024265623919594e-15,-0.2064036066753898,0,70,255.0,255.0,255.0
52,2.6,10.500000000000004,-2.999999999999999,-1.3615288337565872,3.603340976252955e-14,1.0161919645537857e-14,-0.9265137498885528,-4.149656514490475e-13,-1.170260498097105e-13,-0.20071752601013326,0,70,255.0,255.0,255.0
53,2.6500000000000004,10.500000000000005,-2.9999999999999987,-1.4081030489582504,4.288297843089776e-15,1.2093592692115072e-15,-0.9364074741724282,-8.548388253285371e-13,-2.410763652433416e-13,-0.19503144534487665,0,70,255.0,255.0,255.0
54,2.7,10.500000000000004,-2.9999999999999987,-1.4551648427732757,-4.9450472770324034e-14,-1.3945716878796269e-14,-0.9460168944230406,-1.2947119992080228e-12,-3.651266806769717e-13,-0.18934536467962013,0,70,255.0,255.0,255.0
55,2.75,10.5,-3.0,-1.5027,-1.2518290207771206e-13,-3.530330879848553e-14,-0.95534201064039,-1.7345851730875088e-12,-4.891769961106016e-13,-0.18365928401436626,0,70,255.0,255.0,255.0
56,2.8000000000000003,10.499999999999991,-3.000000000000002,-1.5506936757947534,-1.7087143488644948e-13,-4.818810660653833e-14,-0.9643450443040461,-9.295613926197693e-14,-2.6214916211507563e-14,-0.17646206253187377,0,70,255.0,255.0,255.0
57,2.85,10.499999999999984,-3.000000000000005,-1.5991285067458356,-1.3447851600391052e-13,-3.7924800419636494e-14,-0.9729882168935775,1.54867289456354e-12,4.3674716368758227e-13,-0.16926484104938133,0,70,255.0,255.0,255.0
58,2.9000000000000004,10.499999999999979,-3.0000000000000053,-1.6479864997995424,-1.60041454300946e-14,-4.513390237779861e-15,-0.9812715284089842,3.190301928389072e-12,8.997092435866764e-13,-0.1620676195668888,0,70,255.0,255.0,255.0
59,2.95,10.499999999999984,-3.0000000000000044,-1.6972496619021658,1.845516768349963e-13,5.204612393903103e-14,-0.9891949788502663,4.8319309622145885e-12,1.3626713234857662e-12,-0.15487039808439637,0,70,255.0,255.0,255.0
60,3.0,10.5,-3.0,-1.7469,4.671889507913627e-13,1.3175374211079627e-13,-0.9967585682174238,6.473559996040106e-12,1.825633403384856e-12,-0.14767317660190038,0,70,255.0,255.0,255.0
61,3.0500000000000003,10.50000000000003,-2.999999999999992,-1.7969200844510382,6.377008765578029e-13,1.798404621759707e-13,-1.0039961012123995,3.4691703461746803e-13,9.783539922211124e-14,-0.14182814319712694,0,70,255.0,255.0,255.0
62,3.1,10.500000000000059,-2.999999999999983,-1.8472947392600694,5.018806542531124e-13,1.4153728203300818e-13,-1.0109413825371365,-5.779725926805115e-12,-1.629962604940618e-12,-0.13598310979235356,0,70,255.0,255.0,255.0
63,3.1500000000000004,10.500000000000073,-2.999999999999979,-1.8980093518435817,5.9728283877288e-14,1.6844201681907953e-14,-1.017594412191635,-1.1906368888227751e-11,-3.3577606091033625e-12,-0.13013807638758013,0,70,255.0,255.0,255.0
64,3.2,10.50000000000006,-2.9999999999999836,-1.9490493096180623,-6.887562345696612e-13,-1.9423877887732762e-13,-1.0239551901758945,-1.8033011849650335e-11,-5.085558613266092e-12,-0.12429304298280675,0,70,255.0,255.0,255.0
65,3.25,10.5,-3.0,-2.0004,-1.7435729010877387e-12,-4.917116596446995e-13,-1.0300237164899153,-2.4159654811072916e-11,-6.8133566174288215e-12,-0.11844800957803159,0,70,255.0,255.0,255.0
66,3.3000000000000003,10.499999999999892,-3.00000000000003,-2.0520467864010943,-2.3799320713447623e-12,-6.711737420973445e-13,-1.0357985508463565,-1.294711999207896e-12,-3.651266806769371e-13,-0.11254536467961739,0,70,255.0,255.0,255.0
67,3.35,10.499999999999782,-3.000000000000062,-2.103974936213887,-1.873044101008539e-12,-5.282243277123961e-13,-1.041278252957877,2.1570230812656917e-11,6.083103256074889e-12,-0.10664271978120324,0,70,255.0,255.0,255.0
68,3.4000000000000004,10.499999999999725,-3.000000000000078,-2.1561696928261336,-2.229089900790584e-13,-6.286341648985212e-14,-1.0464628228244768,4.4435173624521934e-11,1.2531333192826775e-11,-0.10074007488278905,0,70,255.0,255.0,255.0
69,3.45,10.499999999999778,-3.0000000000000626,-2.2086162996255863,2.5704732614436487e-12,7.249089915702797e-13,-1.051352260446156,6.730011643638675e-11,1.89795631295786e-11,-0.0948374299843749,0,70,255.0,255.0,255.0
70,3.5,10.5,-3.0,-2.2613,6.507102653559592e-12,1.835092896468002e-12,-1.0559465658229141,9.016505924825157e-11,2.542779306633043e-11,-0.08893478508596253,0,70,255.0,255.0,255.0
71,3.5500000000000003,10.500000000000401,-2.9999999999998863,-2.3142055699445856,8.882027408821246e-12,2.504854506213407e-12,-1.0602176954021731,4.8319309622141386e-12,1.3626713234856317e-12,-0.08191039808439658,0,70,255.0,255.0,255.0
72,3.6,10.500000000000817,-2.99999999999977,-2.367315915884383,6.990295749781044e-12,1.9713600288165756e-12,-1.0641376056313538,-8.050119732382254e-11,-2.2702450419358953e-11,-0.07488601108283069,0,70,255.0,255.0,255.0
73,3.6500000000000004,10.50000000000103,-2.9999999999997096,-2.4206134768518863,8.319076764389507e-13,2.346094642774997e-13,-1.0677062965104562,-1.6583432560985997e-10,-4.676757216220375e-11,-0.06786162408126474,0,70,255.0,255.0,255.0
74,3.7,10.50000000000083,-2.9999999999997664,-2.4740806918795935,-9.593136811204931e-12,-2.7053971874037923e-12,-1.0709237680394803,-2.5116745389589665e-10,-7.083269390504833e-11,-0.060837237079698854,0,70,255.0,255.0,255.0
75,3.75,10.5,-3.0,-2.5277,-2.428483771315063e-11,-6.848659926227308e-12,-1.0737900202184263,-3.365005821819334e-10,-9.489781564789287e-11,-0.0538128500781383,0,70,255.0,255.0,255.0
76,3.8000000000000003,10.499999999998497,-3.0000000000004237,-2.5814541338205625,-3.314817756394023e-11,-9.348244282756283e-12,-1.07632266754495,-1.803301184964865e-11,-5.085558613265593e-12,-0.04749304298280986,0,70,255.0,255.0,255.0
77,3.85,10.499999999996952,-3.0000000000008598,-2.635327000248582,-2.6088138898115636e-11,-7.357215787553907e-12,-1.0785393245167074,3.004345584826333e-10,8.472669842136089e-11,-0.04117323588748149,0,70,255.0,255.0,255.0
78,3.9000000000000004,10.499999999996154,-3.0000000000010845,-2.689302799766321,-3.1047217156767297e-12,-8.755744406201473e-13,-1.0804399911336982,6.18902128814918e-10,1.7453895545598817e-10,-0.03485342879215305,0,70,255.0,255.0,255.0
79,3.95,10.499999999996906,-3.0000000000008726,-2.7433657328560392,3.580207398337609e-11,1.0096679758044881e-11,-1.0820246673959226,9.373696991471999e-10,2.6435121249061465e-10,-0.028533621696824673,0,70,255.0,255.0,255.0
80,4.0,10.5,-3.0,-2.7975,9.063224819904293e-11,2.5559546808441227e-11,-1.0832933533033806,1.2558372694794816e-09,3.541634695252412e-10,-0.022213814601492743,0,70,255.0,255.0,255.0
81,4.05,10.500000000005606,-2.9999999999984186,-2.8516898947731635,1.2371068284693963e-10,3.488812262481172e-11,-1.0842516344180273,6.730011643639082e-11,1.8979563129579764e-11,-0.016117429984376506,0,70,255.0,255.0,255.0
82,4.1000000000000005,10.500000000011381,-2.9999999999967906,-2.9059200831212886,9.7362259842681e-11,2.745750312139892e-11,-1.0849050963018183,-1.121237036606721e-09,-3.1620434326608755e-10,-0.010021045367260164,0,70,255.0,255.0,255.0
83,4.15,10.500000000014351,-2.9999999999959526,-2.9601753240828317,1.1586979186267945e-11,3.2676882982030846e-12,-1.0852537389547534,-2.309774189649812e-09,-6.513882496617489e-10,-0.0039246607501439296,0,70,255.0,255.0,255.0
84,4.2,10.500000000011548,-2.999999999996743,-3.0144403766962498,-1.3361515912229938e-10,-3.768132184477575e-11,-1.0852975623768326,-3.4983113426929033e-09,-9.865721560574104e-10,0.002171723866972307,0,70,255.0,255.0,255.0
85,4.25,10.5,-3.0,-3.0687,-3.382441550830211e-10,-9.53895273075376e-11,-1.085036566568056,-4.686848495735994e-09,-1.3217560624530715e-09,0.008268108484093872,0,70,255.0,255.0,255.0
86,4.3,10.499999999979076,-3.0000000000059,-3.122939087086783,-4.6169455382381825e-10,-1.3020424621649057e-10,-1.0844787947829457,-2.51167453895912e-10,-7.083269390505251e-11,0.014042762920311327,0,70,255.0,255.0,255.0
87,4.3500000000000005,10.499999999957529,-3.0000000000119784,-3.177143067266265,-3.6336090047260856e-10,-1.0247279669804179e-10,-1.083632290276025,4.184513587944249e-09,1.1800906746429884e-09,0.019817417356528883,0,70,255.0,255.0,255.0
88,4.4,10.499999999946438,-3.0000000000151057,-3.2312975039023555,-4.324319502939512e-11,-1.2195178752192207e-11,-1.0824970530472928,8.62019462978433e-09,2.4310140431910077e-09,0.02559207179274634,0,70,255.0,255.0,255.0
89,4.45,10.499999999956898,-3.0000000000121556,-3.285387960358964,4.986585625058215e-10,1.406286076210581e-10,-1.08107308309675,1.3055875671624412e-08,3.681937411739026e-09,0.03136672622896379,0,70,255.0,255.0,255.0
90,4.5,10.5,-3.0,-3.3394,1.2623443721330414e-09,3.5599856242170913e-10,-1.0793603804243963,1.7491556713464493e-08,4.932860780287044e-09,0.03714138066519013,0,70,255.0,255.0,255.0
91,4.55,10.500000000078085,-2.999999999977979,-3.3933185568797057,1.7230675324483337e-09,4.859288622411504e-10,-1.077321186450187,9.37369699147257e-10,2.643512124906301e-10,0.04442637830317861,0,70,255.0,255.0,255.0
92,4.6000000000000005,10.500000000158511,-2.9999999999552975,-3.4471260478136547,1.3560813420477531e-09,3.824336836707681e-10,-1.0749177425940784,-1.561681731517027e-08,-4.404158355305867e-09,0.051711375941167224,0,70,255.0,255.0,255.0
93,4.65,10.500000000199897,-2.999999999943626,-3.500804260307749,1.6138580093131304e-10,4.551302671056558e-11,-1.0721500488560705,-3.2171004329487504e-08,-9.072667923102282e-09,0.058996373579155714,0,70,255.0,255.0,255.0
94,4.7,10.500000000160854,-2.999999999954637,-3.5543349818678958,-1.8610190909009855e-09,-5.24833108639457e-10,-1.069018105236163,-4.872519134380474e-08,-1.3741177490898695e-08,0.0662813712171442,0,70,255.0,255.0,255.0
95,4.75,10.5,-3.0,-3.6077,-4.7111333334491444e-09,-1.3286047223792989e-09,-1.065521911734356,-6.527937835812196e-08,-1.8409687058695102e-08,0.07356636885513979,0,70,255.0,255.0,255.0
96,4.800000000000001,10.499999999708587,-3.000000000082183,-3.6608818853943945,-6.430575575969519e-09,-1.8135112027481122e-09,-1.0617084594163033,-3.4983113426920066e-09,-9.865721560571584e-10,0.07897172386695964,0,70,255.0,255.0,255.0
97,4.8500000000000005,10.499999999408427,-3.000000000166832,-3.7138663414791204,-5.0609644677184015e-09,-1.4272619379850309e-09,-1.0576247393476599,5.828275567273684e-08,1.6436542746580474e-08,0.0843770788787794,0,70,255.0,255.0,255.0
98,4.9,10.499999999253973,-3.00000000021039,-3.7666398548666504,-6.023000086958544e-10,-1.6985692809007082e-10,-1.0532707515284256,1.200638226881657e-07,3.385965764921811e-08,0.08978243389059916,0,70,255.0,255.0,255.0
99,4.95,10.499999999399682,-3.0000000001692984,-3.8191889121694533,6.9454178010981264e-09,1.958703826936768e-09,-1.0486464959586,1.8184488970359458e-07,5.1282772551855746e-08,0.09518778890241891,0,70,255.0,255.0,255.0
100,5.0,10.5,-3.0,-3.8715,1.7582188961663536e-08,4.958420327095486e-09,-1.0437519726381839,2.436259567190234e-07,6.870588745449339e-08,0.10059314391423335,0,70,255.0,255.0,255.0
101,5.050000000000001,10.500000001087573,-2.9999999996932902,-3.9235587015427194,2.3999234771429738e-08,6.768115948751299e-09,-1.0385329758846034,1.305587567162111e-08,3.6819374117380992e-09,0.10816672622898313,0,70,255.0,255.0,255.0
102,5.1000000000000005,10.50000000220778,-2.999999999377375,-3.9753469862698654,1.8887776528825858e-08,5.326614068269355e-09,-1.0329353000152854,-2.1751420537577711e-07,-6.134201263101603e-08,0.11574030854373278,0,70,255.0,255.0,255.0
103,5.15,10.500000002784208,-2.999999999214815,-4.026845920225652,2.247814233852107e-09,6.339146856497169e-10,-1.0269589450302303,-4.480842864231753e-07,-1.2636596267377016e-07,0.12331389085848242,0,70,255.0,255.0,255.0
104,5.2,10.50000000224042,-2.9999999993681703,-4.078036569454292,-2.5920652113491515e-08,-7.309982199107616e-09,-1.0206039109294371,-6.786543674705735e-07,-1.9138991271652433e-07,0.13088747317323207,0,70,255.0,255.0,255.0
105,5.25,10.5,-3.0,-4.1289,-6.5617622513205e-08,-1.8505076586002645e-08,-1.0138701977129072,-9.092244485179716e-07,-2.564138627592784e-07,0.13846105548797638,0,70,255.0,255.0,255.0
106,5.300000000000001,10.49999999594113,-3.0000000011446573,-4.179418508434733,-8.956636350974943e-08,-2.5258952592257083e-08,-1.006831637045279,-4.8725191343792316e-08,-1.3741177490895242e-08,0.14308137121714715,0,70,255.0,255.0,255.0
107,5.3500000000000005,10.499999991760447,-3.000000002323668,-4.229579313441421,-7.049014164758502e-08,-1.9879194335092396e-08,-0.9995620605911925,8.117740658303718e-07,2.289315077774837e-07,0.14770168694631783,0,70,255.0,255.0,255.0
108,5.4,10.499999989609199,-3.0000000029303497,-4.279370864230743,-8.388956926712578e-09,-2.3658018145087967e-09,-0.9920614683506473,1.6722733230045358e-06,4.716041930458625e-07,0.1523220026754885,0,70,255.0,255.0,255.0
109,5.45,10.499999991638633,-3.0000000023580213,-4.328781610013377,9.673719065286793e-08,2.7281224969493698e-08,-0.9843298603236436,2.5327725801786996e-06,7.142768783142414e-07,0.1569423184046592,0,70,255.0,255.0,255.0
110,5.5,10.5,-3.0,-4.3778,2.4488830109115646e-07,6.90618860169151e-08,-0.9763672365101813,3.3932718373528638e-06,9.569495635826202e-07,0.16156263413383432,0,70,255.0,255.0,255.0
111,5.550000000000001,10.500000015147911,-2.99999999572808,-4.426412864718355,3.3426621926756806e-07,9.426769442027702e-08,-0.9680764759342753,1.8184488970354873e-07,5.128277255184262e-08,0.17006778890240562,0,70,255.0,255.0,255.0
112,5.6000000000000005,10.500000030750433,-2.999999991327953,-4.474600559964454,2.6307279006151433e-07,7.41901632721002e-08,-0.9593604576199407,-3.0295820579457087e-06,-8.543840184789189e-07,0.17857294367097679,0,70,255.0,255.0,255.0
113,5.65,10.500000038779001,-2.9999999890637863,-4.522341822851375,3.1308013472998205e-08,8.829292572385432e-09,-0.9502191815671776,-6.241009005594966e-06,-1.7600508095096805e-06,0.18707809843954795,0,70,255.0,255.0,255.0
114,5.7,10.500000031205046,-2.999999991199746,-4.5696153904921974,-3.6102811049798033e-07,-1.0181491767886724e-07,-0.9406526477759859,-9.452435953244225e-06,-2.665717600540442e-06,0.1955832532081191,0,70,255.0,255.0,255.0
115,5.75,10.5,-3.0,-4.6164,-9.139355818514208e-07,-2.5774246748165775e-07,-0.9306608562463657,-1.2663862900893482e-05,-3.5713843915712026e-06,0.2040884079766938,0,70,255.0,255.0,255.0
116,5.800000000000001,10.499999943467229,-3.0000000159430225,-4.662676432691849,-1.2474985135605227e-06,-3.518118250888511e-07,-0.9203664592176177,-6.786543674704024e-07,-1.9138991271647576e-07,0.20768747317322098,0,70,255.0,255.0,255.0
117,5.8500000000000005,10.499999885237823,-3.000000032364521,-4.708433646700765,-9.818010185984721e-07,-2.768814587533085e-07,-0.9098921089290436,1.1306554165952464e-05,3.188604566138191e-06,0.21128653836974806,0,70,255.0,255.0,255.0
118,5.9,10.499999855274801,-3.0000000408145064,-4.7536626443637555,-1.1684309696528037e-07,-3.2951368475033044e-08,-0.899237805380643,2.3291762699375327e-05,6.568599044992858e-06,0.21488560356627515,0,70,255.0,255.0,255.0
119,5.95,10.499999883541186,-3.000000032842995,-4.798354428017832,1.3473752513390522e-06,3.7997844574597516e-07,-0.8884035485724161,3.52769712327982e-05,9.948593523847524e-06,0.21848466876280226,0,70,255.0,255.0,255.0
120,6.0,10.5,-3.0,-4.8425,3.4108540263145268e-06,9.619079839097158e-07,-0.8773893385043628,4.726217976622105e-05,1.3328588002702191e-05,0.2220837339593329,0,70,255.0,255.0,255.0
121,6.050000000000001,10.500000210983172,-2.9999999404998285,-4.886087804514251,4.655727834974522e-06,1.3129796059351273e-06,-0.8660416871952625,2.532772580178057e-06,7.142768783140606e-07,0.2318223184046754,0,70,255.0,255.0,255.0
122,6.1000000000000005,10.500000428298277,-2.999999879213965,-4.92909605323249,3.664131284332374e-06,1.0333356717411337e-06,-0.8542071066638952,-4.219663460586415e-05,-1.1900034246073843e-05,0.24156090285001774,0,70,255.0,255.0,255.0
123,6.15,10.500000540121794,-2.9999998476781875,-4.971500399693602,4.3606437438812287e-07,1.229761813277465e-07,-0.8418855969102608,-8.692604179190636e-05,-2.451434537046175e-05,0.25129948729536006,0,70,255.0,255.0,255.0
124,6.2,10.50000043463021,-2.999999877428273,-5.013276497436477,-5.028472894858228e-06,-1.4180988653050327e-06,-0.8290771579343593,-0.00013165544897794854,-3.7128656494849654e-05,0.2610380717407024,0,70,255.0,255.0,255.0
125,6.25,10.5,-3.0,-5.0544,-1.2729480523406686e-05,-3.5898894681572056e-06,-0.8157817897361906,-0.00017638485616399077,-4.974296761923755e-05,0.27077665618604474,0,70,255.0,255.0,255.0
126,6.300000000000001,10.49999921260008,-3.0000002220576625,-5.094850749251152,-1.7375412826337567e-05,-4.900106598651657e-06,-0.802250792001336,-9.45243595324184e-06,-2.6657176005397633e-06,0.27046325320813286,0,70,255.0,255.0,255.0
127,6.3500000000000005,10.499998401569067,-3.0000004507796185,-5.134625340369283,-1.3674724118731023e-05,-3.856461228211224e-06,-0.7887354644153772,0.00015747998425750411,4.441153241815718e-05,0.270149850230221,0,70,255.0,255.0,255.0
128,6.4,10.499997984238018,-3.000000568472743,-5.1737245568618375,-1.6274144005872128e-06,-4.5895335683595456e-07,-0.775235806978314,0.00032441240446825007,9.148878243685413e-05,0.26983644725230904,0,70,255.0,255.0,255.0
129,6.45,10.499998377937978,-3.000000457443912,-5.212149182236261,1.8766516328093863e-05,5.292417015474157e-06,-0.7617518196901465,0.0004913448246789961,0.00013856603245555107,0.26952304427439716,0,70,255.0,255.0,255.0
130,6.5,10.5,-3.0,-5.2499,4.7507068067312215e-05,1.3397649888719106e-05,-0.7482835025508744,0.0006582772448897418,0.00018564328247424802,0.2692096412964835,0,70,255.0,255.0,255.0
131,6.550000000000001,10.500002938616511,-2.999999171269523,-5.286966798481147,6.484592347037574e-05,1.82874467886715e-05,-0.7341711447993922,3.527697123278917e-05,9.948593523845001e-06,0.29528466876279486,0,70,255.0,255.0,255.0
132,6.6000000000000005,10.500005965425453,-2.999998317667562,-5.323295385290385,5.1034765190591716e-05,1.439250924110377e-05,-0.7187550356745948,-0.0005877233024241524,-0.00016574609542655493,0.32135969622910576,0,70,255.0,255.0,255.0
133,6.65,10.500007522926136,-2.9999978784308396,-5.358820572859051,6.0735932279606995e-06,1.712837246016067e-06,-0.7020351751764818,-0.0012107235760810938,-0.00034144078437695486,0.3474347236954166,0,70,255.0,255.0,255.0
134,6.7,10.50000605361788,-2.9999982927960778,-5.393477173618478,-7.00375924175172e-05,-1.9751569196591594e-05,-0.6840115633050532,-0.0018337238497380354,-0.0005171354733273547,0.3735097511617275,0,70,255.0,255.0,255.0
135,6.75,10.5,-3.0,-5.4272,-0.00017729879174584217,-5.000071008671922e-05,-0.6646842000603093,-0.002456724123394977,-0.0006928301622777552,0.39958477862803754,0,70,255.0,255.0,255.0
136,6.800000000000001,10.499988232933871,-3.0000038928642465,-5.459920456824268,-0.0002900082810550549,-0.00011624968055613702,-0.6438486288010907,-0.002051655448973468,-0.0019571286564989197,0.4338380717406929,0,70,255.0,255.0,255.0
137,6.8500000000000005,10.499971336729125,-3.000012678550134,-5.491556318469183,-0.00038246433664319043,-0.0002457135757366111,-0.6213003928862398,-0.0016465867745519662,-0.0032214271507200617,0.4680913648533476,0,70,255.0,255.0,255.0
138,6.9,10.499950324057437,-3.0000295178038985,-5.522021951701963,-0.00045466695851025093,-0.0004383923956281421,-0.5970394923157561,-0.0012415181001304643,-0.004485725644941204,0.5023446579660024,0,70,255.0,255.0,255.0
139,6.95,10.4999262075905,-3.000057571371775,-5.55123172328983,-0.0005066161466562363,-0.0006942861402307299,-0.5710659270896397,-0.0008364494257089624,-0.005750024139162346,0.5365979510786572,0,70,255.0,255.0,255.0
140,7.0,10.4999,-3.0001,-5.5791,-0.0005383119010811468,-0.0010133948095443746,-0.5433796972078907,-0.00043138075128745963,-0.007014322633383488,0.5708512441913074,0,70,255.0,255.0,255.0
141,7.050000000000001,10.499872129647997,-3.0001588572734916,-5.6055673742217875,-0.0005848127992462476,-0.0013292887245674547,-0.5155543399962474,-0.0014286551753165436,-0.0056214339675395315,0.5421630442744076,0,70,255.0,255.0,255.0
142,7.1000000000000005,10.499840687658056,-3.000231768131902,-5.63067934083289,-0.000681177418612801,-0.001575538206298332,-0.4891633927804496,-0.0024259295993456103,-0.004228545301695599,0.5134748443575083,0,70,255.0,255.0,255.0
143,7.15,10.499803180844115,-3.000315250353567,-5.6545076203330975,-0.0008274057591808077,-0.001752143254737013,-0.4642068555604968,-0.0034232040233746763,-0.002835656635851668,0.48478664444060904,0,70,255.0,255.0,255.0
144,7.2,10.499757116020117,-3.000405821716821,-5.677123933222203,-0.0010234978209502676,-0.0018591038698834975,-0.4406847283363889,-0.004420478447403743,-0.0014427679700077358,0.45609844452370973,0,70,255.0,255.0,255.0
145,7.25,10.4997,-3.0005,-5.6986,-0.0012694536039211805,-0.0018964200517377862,-0.41859701110812597,-0.0054177528714328006,-4.987930416379405e-05,0.42741024460681043,0,70,255.0,255.0,255.0
146,7.300000000000001,10.499630448474141,-3.000595078041788,-5.719000446288583,-0.0014987405219511946,-0.001910595421174852,-0.39751801121391217,-0.003753723849767638,-0.0005171354733188301,0.41574975116173113,0,70,255.0,255.0,255.0
147,7.3500000000000005,10.499551512638657,-3.0006914489222583,-5.738361518199262,-0.0016448259888979476,-0.0019481335990696692,-0.3770220359919526,-0.002089694828102504,-0.000984391642473858,0.4040892577166521,0,70,255.0,255.0,255.0
148,7.4,10.499467352566104,-3.000790280781836,-5.756712366965649,-0.0017077100047614444,-0.0020090345854222374,-0.35710908544224707,-0.0004256658064373704,-0.0014516478116288858,0.392428764271573,0,70,255.0,255.0,255.0
149,7.45,10.499382128329032,-3.0008927417609415,-5.774082143821357,-0.0016873925695416849,-0.002093298380232557,-0.3377791595647955,0.0012383632152277628,-0.0019189039807839137,0.38076827082649395,0,70,255.0,255.0,255.0
150,7.5,10.4993,-3.001,-5.7905,-0.0015838736832386685,-0.002200924983500628,-0.31903225835959775,0.0029023922368928926,-0.002386160149938938,0.3691077773814162,0,70,255.0,255.0,255.0
151,7.550000000000001,10.499224476455442,-3.0011120305593577,-5.805998040623879,-0.0014362251129584392,-0.002260329590728496,-0.3010456151480964,0.0030035505743161916,9.975860824267945e-06,0.35035795107862827,0,70,255.0,255.0,255.0
152,7.6000000000000005,10.499156461787319,-3.0012240361790634,-5.8206201863700615,-0.0012835186258070479,-0.0021999273974182033,-0.2839964632517347,0.0031047089117394885,0.0024061118715874305,0.3316081247758407,0,70,255.0,255.0,255.0
153,7.65,10.499096208891475,-3.0013300265190908,-5.834413311804306,-0.0011257542217844917,-0.0020197184035697533,-0.26788480267051246,0.0032058672491627857,0.0048022478823505944,0.31285829847305313,0,70,255.0,255.0,255.0
154,7.7,10.499043970663754,-3.0014240112394117,-5.8474242914923655,-0.0009629319008907705,-0.0017197026091831458,-0.2527106334044295,0.0033070255865860826,0.0071983838931137575,0.29410847217026553,0,70,255.0,255.0,255.0
155,7.75,10.499,-3.0015,-5.8597,-0.0007950516631258846,-0.0012998800142583803,-0.238473955453486,0.0034081839240093816,0.009594519903876919,0.2753586458674788,0,70,255.0,255.0,255.0
156,7.800000000000001,10.498964445704095,-3.0015535997207805,-5.8712857912159,-0.0006283590262103359,-0.0008560862159115648,-0.22508352819370575,0.003259521552612471,0.008157232029995447,0.26025844452372277,0,70,255.0,255.0,255.0
157,7.8500000000000005,10.49893704021207,-3.001586806361486,-5.88222093632049,-0.0004690995078646356,-0.0004841568112588299,-0.21244811100111355,0.0031108591812155635,0.0067199441561140005,0.24515824317996693,0,70,255.0,255.0,255.0
158,7.9,10.498917411867998,-3.0016032131418013,-5.892543185817131,-0.0003172731080887806,-0.000184091800300167,-0.20056770387570916,0.0029621968098186555,0.005282656282232555,0.2300580418362111,0,70,255.0,255.0,255.0
159,7.95,10.49890518901595,-3.001606413281411,-5.902290290209181,-0.00017287982688277107,4.410881696442369e-05,-0.18944230681749252,0.002813534438421748,0.003845368408351109,0.21495784049245528,0,70,255.0,255.0,255.0
160,8.0,10.4989,-3.0016,-5.9115,-3.5919664246606835e-05,0.0002004450405349425,-0.1790719198264637,0.002664872067024842,0.002408080534469662,0.19985763914869992,0,70,255.0,255.0,255.0
161,8.05,10.498901740728185,-3.0015863705575194,-5.9202107945125215,0.00010966121780874582,0.0003566744543771798,-0.16950027207708326,0.003158363215189182,0.0038410960192197382,0.18300827082651205,0,70,255.0,255.0,255.0
162,8.1,10.498911377364406,-3.0015631383749914,-5.928464068347976,0.00027991665727230934,0.0005845546424569124,-0.16077109274381252,0.003651854363353505,0.005274111503969763,0.1661589025043248,0,70,255.0,255.0,255.0
163,8.15,10.498930143636535,-3.001526720913703,-5.9363019449271714,0.0004748466541440959,0.0008840856047741567,-0.15288438182665087,0.0041453455115178445,0.006707126988719839,0.14930953418213694,0,70,255.0,255.0,255.0
164,8.200000000000001,10.498959273272442,-3.001473535634944,-5.9437665476709105,0.0006944512084240997,0.0012552673413289057,-0.1458401393255986,0.004638836659682184,0.008140142473469916,0.13246016585994907,0,70,255.0,255.0,255.0
165,8.25,10.499,-3.0014,-5.9509,0.0009387303201123118,0.001698099852121143,-0.13963836524065598,0.00513232780784651,0.009573157958219943,0.11561079753776182,0,70,255.0,255.0,255.0
166,8.3,10.499053391383173,-3.00130251804914,-5.957743830734014,0.0011977141549730185,0.00221338839840427,-0.13424338349795542,0.00522702558658161,0.01103838389310482,0.10018847217025716,0,70,255.0,255.0,255.0
167,8.35,10.499119850330313,-3.001177440138547,-5.964337190287601,0.0014614328787704708,0.0028019382414316185,-0.12961951802363028,0.005321723365316706,0.012503609827989644,0.08476614680275303,0,70,255.0,255.0,255.0
168,8.4,10.499199613585866,-3.001021103203384,-5.970718634474183,0.0017298864915046874,0.003463749381203232,-0.12576676881768017,0.005416421144051806,0.013968835762874523,0.06934382143524837,0,70,255.0,255.0,255.0
169,8.450000000000001,10.499292917894278,-3.0008298441788144,-5.976926719107176,0.002003074993175659,0.0041988218177190905,-0.12268513588010534,0.005511118922786906,0.0154340616977594,0.053921496067743685,0,70,255.0,255.0,255.0
170,8.5,10.4994,-3.0006,-5.983,0.002280998383783376,0.005007155550979164,-0.12037461921090581,0.005605816701521993,0.016899287632644214,0.038499170700239116,0,70,255.0,255.0,255.0
171,8.55,10.499521493739122,-3.0003291572459205,-5.988977882551423,0.002587482162282603,0.00581377195200424,-0.11888619393108907,0.006653534438446916,0.015365368408358343,0.021037840492429558,0,70,255.0,255.0,255.0
172,8.6,10.499659621314342,-3.0000199010708197,-5.9949031705016145,0.002946351827628063,0.006543692391814996,-0.11827083516166283,0.007701252175371801,0.013831449184072527,0.0035765102846206168,0,70,255.0,255.0,255.0
173,8.65,10.49981700202,-2.9996760662727593,-6.000819517176096,0.0033576073798197823,0.0071969168704114845,-0.11852854290262704,0.008748969912296725,0.012297529959786658,-0.013884819923188942,0,70,255.0,255.0,255.0
174,8.700000000000001,10.499996255150437,-2.9993014876497988,-6.006770575900385,0.0038212488188577483,0.007773445387793679,-0.11965931715398175,0.009796687649221647,0.010763610735500787,-0.03134615013099851,0,70,255.0,255.0,255.0
175,8.75,10.5002,-2.9989,-6.0128,0.004337276144741942,0.008273277943961562,-0.12166315791572684,0.010844405386146533,0.009229691511214957,-0.04880748033880755,0,70,255.0,255.0,255.0
176,8.8,10.500430233660333,-2.9984736529671783,-6.018950239060294,0.004868357195888184,0.008803523793578683,-0.12446784077769758,0.010398836659702853,0.011980142473469499,-0.06337983414002069,0,70,255.0,255.0,255.0
177,8.85,10.500686464412317,-2.998017355578173,-6.025258927705938,0.005377159810712224,0.009471292191308503,-0.12800114132972887,0.009953267933259189,0.014730593435723943,-0.07795218794123332,0,70,255.0,255.0,255.0
178,8.9,10.500967578334134,-2.997524231705579,-6.031762496821434,0.005863683989214098,0.010276583137151074,-0.1322630595718209,0.009507699206815509,0.017481044397978485,-0.09252454174244645,0,70,255.0,255.0,255.0
179,8.950000000000001,10.501272461503966,-2.9969874052219896,-6.0384973772912875,0.006327929731393788,0.011219396631106377,-0.13725359550397365,0.009062130480371829,0.020231495360233026,-0.1070968955436596,0,70,255.0,255.0,255.0
180,9.0,10.5016,-2.9964,-6.0455,0.006769897037251278,0.012299732673174366,-0.14297274912618682,0.0086165617539282,0.022981946322487443,-0.12166924934487366,0,70,255.0,255.0,255.0
181,9.05,10.501949571619543,-2.9957570308853647,-6.0528083612074015,0.007219089054168939,0.01340413287368043,-0.1495144429581154,0.00935111892277798,0.021194061697754434,-0.1399985039322654,0,70,255.0,255.0,255.0
182,9.1,10.50232252103639,-2.995061076616486,-6.060466718674634,0.007705008929529072,0.014419138842949805,-0.15697259951941328,0.010085676091627733,0.01940617707302149,-0.15832775851965647,0,70,255.0,255.0,255.0
183,9.15,10.502720684643469,-2.994316606904924,-6.068520895538166,0.00822765666333171,0.01534475058098257,-0.16534721881008102,0.010820233260477513,0.017618292448288483,-0.17665701310704823,0,70,255.0,255.0,255.0
184,9.200000000000001,10.503145898833699,-2.9935280914622413,-6.077016714934465,0.008787032255576838,0.016180968087778677,-0.17463830083011833,0.011554790429327295,0.01583040782355547,-0.19498626769443994,0,70,255.0,255.0,255.0
185,9.25,10.5036,-2.9927,-6.086,0.009383135706264435,0.016927791363338114,-0.18484584557952494,0.012289347598177028,0.014042523198822432,-0.21331552228183126,0,70,255.0,255.0,255.0
186,9.3,10.504084279861498,-2.9918358234913613,-6.0955067161101,0.009983286587448445,0.017643944711696405,-0.1953783873898462,0.011716687649183016,0.014603610735508884,-0.20798615013101235,0,70,255.0,255.0,255.0
187,9.35,10.504597851442123,-2.990935137955883,-6.105533397595526,0.010554804471182733,0.018388152436888995,-0.20564446059262612,0.011144027700189026,0.015164698272195316,-0.20265677798019363,0,70,255.0,255.0,255.0
188,9.4,10.505139283091992,-2.989996540674725,-6.116066721025903,0.011097689357467343,0.019160414538915937,-0.21564406518786544,0.010571367751195014,0.01572578580888177,-0.19732740582937472,0,70,255.0,255.0,255.0
189,9.450000000000001,10.505707143161242,-2.989018628929044,-6.127093362970854,0.011611941246302248,0.019960731017777195,-0.22537720117556387,0.009998707802201003,0.01628687334556822,-0.1919980336785558,0,70,255.0,255.0,255.0
190,9.5,10.5063,-2.988,-6.1386,0.01209756013768744,0.02078910187347275,-0.23484386855572095,0.009426047853206956,0.016847960882254653,-0.18666866152773554,0,70,255.0,255.0,255.0
191,9.55,10.506916508934461,-2.986939675149191,-6.150575974352203,0.012559764596027768,0.021620088279534964,-0.2442040074825051,0.00906213048040593,0.016391495360233394,-0.18773689554362497,0,70,255.0,255.0,255.0
192,9.600000000000001,10.507555673195125,-2.9858383715599817,-6.163021290943265,0.013003773185728046,0.02242825140949611,-0.25361755811008374,0.008698213107604906,0.01593502983821213,-0.18880512955951437,0,70,255.0,255.0,255.0
193,9.65,10.508216582988556,-2.9846972303961765,-6.175938620358224,0.013429585906788256,0.02321359126335617,-0.2630845204384565,0.008334295734803893,0.015478564316190886,-0.18987336357540374,0,70,255.0,255.0,255.0
194,9.700000000000001,10.508898328521328,-2.9835173928215806,-6.189330633182123,0.01383720275920843,0.023976107841115195,-0.272604894467624,0.007970378362002867,0.015022098794169627,-0.19094159759129317,0,70,255.0,255.0,255.0
195,9.75,10.5096,-2.9823,-6.2032,0.014226623742988541,0.024715801142773133,-0.2821786801975857,0.007606460989201799,0.014565633272148576,-0.19200983160718144,0,70,255.0,255.0,255.0
196,9.8,10.510320884400652,-2.9810462759118743,-6.217548586481091,0.014609655028451997,0.025427702170165645,-0.29175758268012697,0.007714790429336214,0.013910407823551482,-0.19114626769446577,0,70,255.0,255.0,255.0
197,9.850000000000001,10.51106105577738,-2.9797577758041904,-6.232375038631419,0.014998102785922172,0.0261068419251283,-0.30129330696703255,0.007823119869470629,0.013255182374954386,-0.1902827037817501,0,70,255.0,255.0,255.0
198,9.9,10.511820784953779,-2.978436137740569,-6.247677197541201,0.015391967015399056,0.02675322040766108,-0.310785853058302,0.007931449309605041,0.012599956926357314,-0.1894191398690345,0,70,255.0,255.0,255.0
199,9.950000000000001,10.512600342753453,-2.9770829997846313,-6.263452904300656,0.015791247716882676,0.027366837617764025,-0.3202352209539359,0.008039778749739457,0.01194473147776022,-0.18855557595631883,0,70,255.0,255.0,255.0
200,10.0,10.5134,-2.9757,-6.2797,0.016195944890373,0.0279476935554371,-0.32964141065393376,0.008148108189873826,0.011289506029163288,-0.1876920120436023,0,70,255.0,255.0,255.0
201,10.05,10.514219953462927,-2.97428802120331,-6.296416079723433,0.01660161529017328,0.028541103039805196,-0.33898966179698775,0.008078707802137241,0.012446873345560123,-0.18623803367855138,0,70,255.0,255.0,255.0
202,10.100000000000001,10.515060103695362,-2.9728449252232556,-6.313597754531061,0.017003815670586737,0.02919238088999313,-0.34826521402178917,0.008009307414400655,0.013604240661956956,-0.18478405531350048,0,70,255.0,255.0,255.0
203,10.15,10.51592027719633,-2.9713678186415464,-6.331241389476974,0.017402546031613345,0.029901527106000886,-0.35746806732833775,0.007939907026664072,0.01476160797835375,-0.1833300769484496,0,70,255.0,255.0,255.0
204,10.200000000000001,10.516800300464867,-2.969853808039892,-6.349343349615258,0.017797806373253143,0.030668541687828503,-0.36659822171663403,0.007870506638927487,0.015918975294750583,-0.18187609858339868,0,70,255.0,255.0,255.0
205,10.25,10.5177,-2.9683,-6.3679,0.018189596695506093,0.031493424635475935,-0.3756556771866776,0.007801106251190959,0.017076342611147377,-0.18042212021835002,0,70,255.0,255.0,255.0
206,10.3,10.518619301747634,-2.966704039274886,-6.386908694625179,0.01858388381083765,0.03234388567060898,-0.38469977013191897,0.007970378362071097,0.016942098794173754,-0.1813415975912987,0,70,255.0,255.0,255.0
207,10.350000000000001,10.519558529441177,-2.9650657233027866,-6.406370743244336,0.018986634531713214,0.03318763451489334,-0.3937898369458077,0.008139650472951237,0.016807854977200127,-0.18226107496424737,0,70,255.0,255.0,255.0
208,10.4,10.520518106260898,-2.9633853876932443,-6.426288444550904,0.019397848858132772,0.03402467116832898,-0.4029258776283436,0.00830892258383137,0.016673611160226507,-0.18318055233719602,0,70,255.0,255.0,255.0
209,10.450000000000001,10.521498455387082,-2.9616633680558015,-6.4466640972383145,0.019817526790096348,0.03485499563091598,-0.41210789217952726,0.008478194694711508,0.016539367343252884,-0.1841000297101447,0,70,255.0,255.0,255.0
210,10.5,10.5225,-2.9599,-6.4675,0.02024566832760392,0.03567860790265427,-0.42133588059935806,0.008647466805591614,0.01640512352627954,-0.18501950708309467,0,70,255.0,255.0,255.0
211,10.55,10.52352283954653,-2.9580958216971465,-6.488797141775852,0.02066284946648635,0.036483354277755696,-0.43053125767534345,0.008039778749705292,0.015784731477777005,-0.18279557595631465,0,70,255.0,255.0,255.0
212,10.600000000000001,10.524565778539936,-2.956252181565598,-6.510551272491597,0.021049646202574462,0.037257081050431996,-0.43961543819498977,0.007432090693818971,0.015164339429274469,-0.18057164482953464,0,70,255.0,255.0,255.0
213,10.65,10.525627297760074,-2.9543706305854767,-6.5327568323194125,0.021406058535868248,0.03799978822068314,-0.4485884221582968,0.0068244026379326705,0.014543947380771955,-0.17834771370275468,0,70,255.0,255.0,255.0
214,10.700000000000001,10.52670587798681,-2.952452719736904,-6.555408261431487,0.021732086466367727,0.038711475788509184,-0.45745020956526516,0.0062167145820463485,0.01392355533226942,-0.17612378257597466,0,70,255.0,255.0,255.0
215,10.75,10.5278,-2.9505,-6.5785,0.022027729994072882,0.03939214375391008,-0.4662008004158942,0.005609026526159966,0.013303163283767017,-0.17389985144919695,0,70,255.0,255.0,255.0
216,10.8,10.52890854006624,-2.9485134739365284,-6.602027538271412,0.022316718323200185,0.040074697218372715,-0.47490319916670887,0.005950506638931945,0.013998975294737979,-0.17419609858338456,0,70,255.0,255.0,255.0
217,10.850000000000001,10.53003195639908,-2.94649195043482,-6.625990566789284,0.022622780657966086,0.040792041283383894,-0.4836204102742329,0.006291986751703925,0.014694787305708943,-0.17449234571757213,0,70,255.0,255.0,255.0
218,10.9,10.531171102698798,-2.9444336899648476,-6.650389826171447,0.022945916998370574,0.0415441759489436,-0.492352433738466,0.006633466864475892,0.015390599316679882,-0.1747885928517597,0,70,255.0,255.0,255.0
219,10.950000000000001,10.532326832665678,-2.942336952996583,-6.675226057035742,0.023286127344413675,0.04233110121505188,-0.5010992695594088,0.006974946977247872,0.016086411327650846,-0.17508483998594732,0,70,255.0,255.0,255.0
220,11.0,10.5335,-2.9402,-6.7005,0.023643411696095355,0.04315281708170868,-0.5098609177370607,0.007316427090019756,0.01678222333862167,-0.17538108712013756,0,70,255.0,255.0,255.0
221,11.05,10.534691000188504,-2.9380214825567394,-6.726211905138499,0.023990277240714605,0.04398585684875534,-0.5186079456578185,0.00655819469475008,0.016539367343244436,-0.17450002971016845,0,70,255.0,255.0,255.0
222,11.100000000000001,10.535898395863743,-2.93580161669512,-6.752360060351275,0.02429923116557037,0.04480675381603314,-0.5273109207080777,0.005799962299480405,0.016296511347867196,-0.17361897230019935,0,70,255.0,255.0,255.0
223,11.15,10.537120291444731,-2.933541009555132,-6.778942262994798,0.024570273470662644,0.04561550798354206,-0.5359698428878383,0.005041729904210757,0.016053655352489968,-0.1727379148902303,0,70,255.0,255.0,255.0
224,11.200000000000001,10.53835479135048,-2.9312402682767624,-6.805956310425549,0.024803404155991447,0.04641211935128214,-0.5445847121971007,0.004283497508941081,0.015810799357112732,-0.1718568574802612,0,70,255.0,255.0,255.0
225,11.25,10.5396,-2.9289,-6.8334,0.02499862322155675,0.04719658791925333,-0.5531555286358645,0.0035252651136712942,0.015567943361735448,-0.17097580007029656,0,70,255.0,255.0,255.0
226,11.3,10.540854659179749,-2.926520595836514,-6.861271241174593,0.0251941727139481,0.04798187538660378,-0.5616890182020213,0.004296714581982597,0.015843555332282027,-0.1703637825759724,0,70,255.0,255.0,255.0
227,11.350000000000001,10.542120060145953,-2.9241015827846972,-6.889568391805624,0.025428294679755017,0.04878094345248156,-0.570191906893462,0.005068164050293899,0.016119167302828603,-0.16975176508164827,0,70,255.0,255.0,255.0
228,11.4,10.543398131522281,-2.921642271814624,-6.91828992184936,0.025700989118977488,0.04959379211688663,-0.5786641947101862,0.005839613518605175,0.01639477927337517,-0.16913974758732414,0,70,255.0,255.0,255.0
229,11.450000000000001,10.544690801932406,-2.919141973896367,-6.9474343012620645,0.026012256031615534,0.05042042137981907,-0.5871058816521944,0.0066110629869164765,0.01667039124392175,-0.168527730093,0,70,255.0,255.0,255.0
230,11.5,10.546,-2.9166,-6.977,0.026362095417669127,0.0512608312412788,-0.595516967719486,0.007382512455227669,0.016946003214468208,-0.16791571259867233,0,70,255.0,255.0,255.0
231,11.55,10.547327163092502,-2.914016134097204,-7.006985530163134,0.026721031903481872,0.05208664160483158,-0.6038999815341012,0.006974946977281926,0.016086411327642214,-0.16740483998592984,0,70,255.0,255.0,255.0
232,11.600000000000001,10.54867176355245,-2.9113920521660894,-7.037389572426234,0.02705959011539733,0.05286947237404305,-0.6122574517180793,0.006567381499336183,0.015226819440816218,-0.16689396737318737,0,70,255.0,255.0,255.0
233,11.65,10.550032782466145,-2.908729903186372,-7.068210849607765,0.02737777005341549,0.053609323548913186,-0.6205893782714199,0.006159816021390455,0.014367227553990253,-0.1663830947604449,0,70,255.0,255.0,255.0
234,11.700000000000001,10.551409200919892,-2.9060318361377697,-7.099448084526198,0.027675571717536374,0.05430619512944206,-0.6288957611941236,0.0057522505434447115,0.013507635667164257,-0.16587222214770242,0,70,255.0,255.0,255.0
235,11.75,10.5528,-2.9033,-7.1311,0.027952995107759955,0.05496008711562961,-0.6371766004861901,0.005344685065498733,0.012648043780338236,-0.1653613495349564,0,70,255.0,255.0,255.0
236,11.8,10.554204688450238,-2.90053566777467,-7.163165038172873,0.028241699672121694,0.055623558194066,-0.6454150556615706,0.006203497508970602,0.013890799357117274,-0.16417685748026364,0,70,255.0,255.0,255.0
237,11.850000000000001,10.555624885644248,-2.8977366085509466,-7.195640518489446,0.028573344858657024,0.05634916705134135,-0.6535942862342167,0.007062309952442471,0.015133554933896311,-0.16299236542557086,0,70,255.0,255.0,255.0
238,11.9,10.55706273861314,-2.894899715439888,-7.228523479719581,0.028947930667365937,0.057136913687455625,-0.6617142922041277,0.007921122395914311,0.016376310510675306,-0.16180787337087812,0,70,255.0,255.0,255.0
239,11.950000000000001,10.55852039438802,-2.8920218815525534,-7.261810960633146,0.029365457098248456,0.057986798102408886,-0.6697750735713044,0.008779934839386178,0.01761906608745434,-0.16062338131618537,0,70,255.0,255.0,255.0
240,12.0,10.56,-2.8891,-7.2955,0.029825924151304545,0.05889882029620105,-0.6777766303357461,0.009638747282857935,0.018861821664232947,-0.15943888926148997,0,70,255.0,255.0,255.0
241,12.05,10.561502883106545,-2.886132394804118,-7.3295879171453775,0.03028016940804795,0.05978712561890513,-0.685735795819609,0.008531062986877848,0.016670391243930084,-0.15892773009302114,0,70,255.0,255.0,255.0
242,12.100000000000001,10.56302709387056,-2.8831231136301265,-7.364073153615987,0.03067903044999234,0.06056585942059408,-0.6936694033450483,0.0074233786908977605,0.014478960823627223,-0.1584165709245523,0,70,255.0,255.0,255.0
243,12.15,10.5645698630813,-2.880077635054076,-7.398954431513908,0.03102250727713772,0.06123502170126786,-0.7015774529120642,0.006315694394917712,0.012287530403324438,-0.1579054117560835,0,70,255.0,255.0,255.0
244,12.200000000000001,10.566128421528026,-2.8770014376520163,-7.434230472941221,0.031310599889484106,0.06179461246092651,-0.7094599445206566,0.005208010098937625,0.010096099983021576,-0.15739425258761466,0,70,255.0,255.0,255.0
245,12.25,10.5677,-2.8739,-7.4699,0.03154330828703149,0.06224463169957002,-0.7173168781708256,0.004100325802957383,0.007904669562718625,-0.15688309341914586,0,70,255.0,255.0,255.0
246,12.3,10.569282979123582,-2.8707771530088575,-7.505961693245618,0.03178962269569069,0.06268393933031668,-0.7251457610599966,0.005752250543410444,0.009667635667147591,-0.1562722221476898,0,70,255.0,255.0,255.0
247,12.350000000000001,10.57088033887352,-2.8676301369285477,-7.542414067046608,0.032118533341372546,0.06321139526628479,-0.7329441003855948,0.007404175283863504,0.01143060177157656,-0.15566135087623376,0,70,255.0,255.0,255.0
248,12.4,10.57249620906167,-2.864454544343809,-7.579255594224785,0.03253004022407703,0.06382699950747434,-0.7407118961476199,0.009056100024316505,0.013193567876005464,-0.15505047960477772,0,70,255.0,255.0,255.0
249,12.450000000000001,10.57413471949988,-2.86124596783938,-7.616484747601977,0.03302414334380419,0.06453075205388534,-0.7484491483460725,0.010708024764769565,0.014956533980434433,-0.15443960833332165,0,70,255.0,255.0,255.0
250,12.5,10.5758,-2.858,-7.6541,0.033600842700553975,0.06532265290551777,-0.756155856980952,0.0123599495052224,0.016719500084862893,-0.1538287370618674,0,70,255.0,255.0,255.0
251,12.55,10.577494800399132,-2.8547133931604503,-7.692099709872148,0.034177339809170794,0.0661331170598258,-0.7638251599404035,0.01069993483944983,0.015699066087458444,-0.15294338131618535,0,70,255.0,255.0,255.0
252,12.600000000000001,10.57921635063536,-2.851387538655682,-7.730481778197586,0.03467083618449897,0.06689255951426364,-0.7714501951125707,0.00903992017367726,0.014678632090053993,-0.15205802557050327,0,70,255.0,255.0,255.0
253,12.65,10.580960500672026,-2.8480249875706884,-7.76924399158695,0.03508133182653852,0.0676009802688312,-0.7790309624974537,0.007379905507904749,0.013658198092649579,-0.15117266982482125,0,70,255.0,255.0,255.0
254,12.700000000000001,10.58272310047246,-2.8446282909904634,-7.8083841366508775,0.03540882673528944,0.06825837932352859,-0.7865674620950528,0.005719890842132178,0.01263776409524513,-0.15028731407913917,0,70,255.0,255.0,255.0
255,12.75,10.5845,-2.8412,-7.8479,0.03565332091075174,0.0688647566783557,-0.7940596939053676,0.004059876176359722,0.011617330097840384,-0.14940195833345715,0,70,255.0,255.0,255.0
256,12.8,10.586288219279892,-2.8377420743493413,-7.887789867265791,0.03588501806763418,0.06945559243037758,-0.8015375991783945,0.005208010098937626,0.012016099983034195,-0.14971425258761517,0,70,255.0,255.0,255.0
257,12.850000000000001,10.588089458585031,-2.8342541084487247,-7.928054020163053,0.036174121920645515,0.07006636667665915,-0.8090311191641293,0.00635614402151553,0.012414869868228007,-0.1500265468417732,0,70,255.0,255.0,255.0
258,12.9,10.589906588250225,-2.8307351053734378,-7.968693239427417,0.03652063246978572,0.07069707941720037,-0.8165402538625717,0.007504277944093393,0.012813639753421804,-0.1503388410959312,0,70,255.0,255.0,255.0
259,12.950000000000001,10.591742478610282,-2.827184068198767,-8.009708305794522,0.03692454971505485,0.07134773065200133,-0.8240650032737223,0.008652411866671296,0.013212409638615617,-0.15065113535008923,0,70,255.0,255.0,255.0
260,13.0,10.5936,-2.8236,-8.0511,0.03738587365645286,0.07201832038106193,-0.8316053673975805,0.009800545789249104,0.013611179523809191,-0.1509634296042428,0,70,255.0,255.0,255.0
261,13.05,10.5954811224813,-2.8199823094421848,-8.092868021064687,0.037850587920301736,0.07268451321866772,-0.8390964433460196,0.008788024764705612,0.013036533980421608,-0.14867960833331748,0,70,255.0,255.0,255.0
262,13.100000000000001,10.597384215024512,-2.8163320275494192,-8.135007741150211,0.03826467613292343,0.0733219737791041,-0.8464733282309125,0.0077755037401621195,0.012461888437034024,-0.14639578706239215,0,70,255.0,255.0,255.0
263,13.15,10.59930674632707,-2.812650590935561,-8.177513450703385,0.03862813829431794,0.07393070206237111,-0.8537360220522587,0.006762982715618664,0.011887242893646462,-0.14411196579146687,0,70,255.0,255.0,255.0
264,13.200000000000001,10.60124618508642,-2.808939436214468,-8.220379440171046,0.038940974404485296,0.07451069806846874,-0.8608845248100591,0.005750461691075171,0.011312597350258878,-0.14182814452054154,0,70,255.0,255.0,255.0
265,13.25,10.6032,-2.8052,-8.2636,0.03920318446342545,0.07506196179739699,-0.8679188365043129,0.004737940666531437,0.010737951806871315,-0.13954432324961807,0,70,255.0,255.0,255.0
266,13.3,10.605166490794911,-2.801433487881918,-8.307170848475456,0.03946463025114375,0.07559835469495002,-0.8749246274375317,0.005719890842200428,0.010717764095249471,-0.14068731407912907,0,70,255.0,255.0,255.0
267,13.350000000000001,10.607147281316927,-2.7976401813535983,-8.351093415236113,0.0397751735476455,0.07613373820692196,-0.881987567912226,0.0067018410178694195,0.010697576383627627,-0.1418303049086401,0,70,255.0,255.0,255.0
268,13.4,10.609144826441488,-2.793820130884319,-8.395370557759039,0.04013481435293069,0.07666811233331278,-0.8891076579283956,0.007683791193538377,0.010677388672005784,-0.14297329573815107,0,70,255.0,255.0,255.0
269,13.450000000000001,10.611161581044033,-2.78997338694336,-8.44000513352131,0.04054355266699934,0.07720147707412252,-0.8962848974860411,0.008665741369207367,0.01065720096038394,-0.14411628656766207,0,70,255.0,255.0,255.0
270,13.5,10.6132,-2.7861,-8.485,0.04100138848985142,0.07773383242935117,-0.9035192865851618,0.009647691544876213,0.010637013248761651,-0.1452592773971766,0,70,255.0,255.0,255.0
271,13.55,10.61526171433906,-2.782199739030142,-8.530356585033484,0.04145889107513927,0.0782820680015355,-0.9107250469038435,0.008652411866637174,0.011292409638611299,-0.1429711353500888,0,70,255.0,255.0,255.0
272,13.600000000000001,10.617345059707782,-2.7782712470361877,-8.576070597905346,0.04186662967651515,0.07886307339321232,-0.9178164001201708,0.007657132188398135,0.011947806028460947,-0.140682993303001,0,70,255.0,255.0,255.0
273,13.65,10.619447547906978,-2.774312885527163,-8.622136318260461,0.042224604293979076,0.07947684860438159,-0.9247933462341436,0.006661852510159131,0.012603202418310571,-0.1383948512559133,0,70,255.0,255.0,255.0
274,13.700000000000001,10.621566690737449,-2.7703230160120915,-8.66854802574372,0.04253281492753106,0.08012339363504337,-0.9316558852457621,0.005666572831920093,0.01325859880816022,-0.1361067092088255,0,70,255.0,255.0,255.0
275,13.75,10.6237,-2.7663,-8.7153,0.042791261577171086,0.0808027084851976,-0.9384040171550261,0.004671293153680978,0.013913995198009843,-0.13381856716173068,0,70,255.0,255.0,255.0
276,13.8,10.625845851848856,-2.7622427559975127,-8.762387611390603,0.04305180544828999,0.08148137329890444,-0.9451031849470842,0.005750461691075041,0.013232597350263022,-0.13414814452059076,0,70,255.0,255.0,255.0
277,13.850000000000001,10.628006079851943,-2.75815243050165,-8.809810593142508,0.043366307746278594,0.08212596822022393,-0.9518188316070854,0.006829630228469105,0.0125511995025162,-0.13447772187945084,0,70,255.0,255.0,255.0
278,13.9,10.6301833819306,-2.75403072700703,-8.85756976919911,0.043734768471136894,0.08273649324915605,-0.9585509571350292,0.007908798765863131,0.011869801654769403,-0.13480729923831092,0,70,255.0,255.0,255.0
279,13.950000000000001,10.632380456006173,-2.749879349008274,-8.90566596350381,0.04415718762286491,0.08331294838570086,-0.9652995615309165,0.008987967303257195,0.01118840380702258,-0.135136876597171,0,70,255.0,255.0,255.0
280,14.0,10.6346,-2.7457,-8.9541,0.044633565201462604,0.08385533362985832,-0.9720646447947463,0.010067135840651165,0.010507005959275673,-0.13546645395602752,0,70,255.0,255.0,255.0
281,14.05,10.636843678265512,-2.741494036979807,-9.002872169404105,0.04510188713170993,0.0843844388028498,-0.9788142133078376,0.008665741369241422,0.010657200960383653,-0.1345162865676176,0,70,255.0,255.0,255.0
282,14.100000000000001,10.639109020884446,-2.737261430957214,-9.051980629524627,0.04550013933838676,0.08492105372589671,-0.9855162734515082,0.00726434689783168,0.010807395961491632,-0.13356611917920772,0,70,255.0,255.0,255.0
283,14.15,10.641392524370625,-2.7330018064447166,-9.101423004943099,0.045828321821493094,0.08546517839899898,-0.9921708252257583,0.0058629524264219865,0.010957590962599607,-0.13261595179079783,0,70,255.0,255.0,255.0
284,14.200000000000001,10.64369068523787,-2.728714787954813,-9.151196920241047,0.04608643458102895,0.08601681282215666,-0.9987778686305879,0.004461557955012244,0.011107785963707586,-0.1316657844023879,0,70,255.0,255.0,255.0
285,14.25,10.646,-2.7244,-9.2013,0.04627447761699432,0.08657595699536974,-1.005337403665997,0.0030601634836023295,0.011257980964815673,-0.13071561701397272,0,70,255.0,255.0,255.0
286,14.3,10.648317835089099,-2.7200570960832575,-9.251730110992982,0.046444646024880784,0.08714087148969404,-1.0118639618215663,0.0037465728318562637,0.011338598808156153,-0.1303467092088006,0,70,255.0,255.0,255.0
287,14.350000000000001,10.650645036610278,-2.7156858456694946,-9.302486088758986,0.046649134900179946,0.08770981687618537,-1.0183720745868772,0.004432982180110198,0.011419216651496636,-0.12997780140362847,0,70,255.0,255.0,255.0
288,14.4,10.652983320586909,-2.711286047214103,-9.353567011028499,0.046887944242891805,0.08828279315484369,-1.0248617419619293,0.005119391528364109,0.011499834494837114,-0.12960889359845637,0,70,255.0,255.0,255.0
289,14.450000000000001,10.655334403042358,-2.7068574991724743,-9.404971955532009,0.04716107405301636,0.08885980032566908,-1.0313329639467228,0.005805800876618043,0.011580452338177595,-0.12923998579328425,0,70,255.0,255.0,255.0
290,14.5,10.6577,-2.7024,-9.4567,0.047468524330553596,0.08944083838866147,-1.0377857405412574,0.006492210224871675,0.011661070181518407,-0.12887107798810327,0,70,255.0,255.0,255.0
291,14.55,10.660081781378093,-2.6979135786871624,-9.50874978662397,0.04780752876875778,0.09001207523837522,-1.0441939394058906,0.007067967303295672,0.011188403807031183,-0.12745687659722013,0,70,255.0,255.0,255.0
292,14.600000000000001,10.66248123267444,-2.6933991863648075,-9.561118215439432,0.048175321060883174,0.0905596787693646,-1.0505314282009794,0.007643724381719668,0.010715737432543957,-0.12604267520633702,0,70,255.0,255.0,255.0
293,14.65,10.664899793281746,-2.6888580046988717,-9.613801750942908,0.04857190120692975,0.09108364898162961,-1.0567982069265243,0.008219481460143644,0.010243071058056748,-0.12462847381545393,0,70,255.0,255.0,255.0
294,14.700000000000001,10.6673389025927,-2.6842912153552905,-9.666796857630924,0.04899726920689754,0.09158398587517028,-1.062994275582525,0.008795238538567642,0.009770404683569524,-0.12321427242457081,0,70,255.0,255.0,255.0
295,14.75,10.6698,-2.6797,-9.7201,0.049451425060786515,0.09206068944998655,-1.0691196341689813,0.009370995616991451,0.00929773830908176,-0.12180007103368418,0,70,255.0,255.0,255.0
296,14.8,10.672283839398535,-2.6750853891680917,-9.773708342511146,0.04989323890008639,0.09252282755680598,-1.075216280554882,0.008301557955003177,0.009187785963694893,-0.12206578440234032,0,70,255.0,255.0,255.0
297,14.850000000000001,10.674788432691956,-2.6704478088712738,-9.827621849483299,0.05028158085628684,0.09297946804635604,-1.0813262126092156,0.007232120293014902,0.009077833618308025,-0.12233149777099649,0,70,255.0,255.0,255.0
298,14.9,10.677311106286112,-2.6657875339904105,-9.881841185199875,0.05061645092938787,0.09343061091863678,-1.0874494303319815,0.006162682631026665,0.008967881272921162,-0.12259721113965263,0,70,255.0,255.0,255.0
299,14.950000000000001,10.679849186586845,-2.6611048394063648,-9.936367013944302,0.05089784911938951,0.09387625617364817,-1.0935859337231808,0.005093244969038391,0.008857928927534295,-0.12286292450830878,0,70,255.0,255.0,255.0
300,15.0,10.6824,-2.6564,-9.9912,0.051125775426291716,0.09431640381139018,-1.0997357227828124,0.0040238073070501534,0.008747976582147099,-0.12312863787696138,0,70,255.0,255.0,255.0
301,15.05,10.684961261027768,-2.6516728646404712,-10.046340043331451,0.05132351563088353,0.09477661453439863,-1.1058529383745688,0.0038858008766223897,0.009660452338190852,-0.12155998579329681,0,70,255.0,255.0,255.0
302,15.100000000000001,10.687532236557729,-2.646921578150097,-10.101783986627389,0.05151435551395396,0.09528244904520927,-1.1118917213621422,0.003747794446194626,0.010572928094234605,-0.11999133370963225,0,70,255.0,255.0,255.0
303,15.15,10.690112581573805,-2.642143859339487,-10.157527908257597,0.051698295075503,0.0958339073438221,-1.117852071745532,0.003609788015766867,0.011485403850278325,-0.11842268162596772,0,70,255.0,255.0,255.0
304,15.200000000000001,10.692701951059922,-2.6373374270192516,-10.21356788659187,0.051875334315530645,0.09643098943023712,-1.1237339895247391,0.0034717815853391037,0.01239787960632208,-0.11685402954230316,0,70,255.0,255.0,255.0
305,15.25,10.6953,-2.6325,-10.2699,0.052045473234036896,0.0970736953044543,-1.1295374746997624,0.0033337751549112893,0.013310355362365578,-0.11528537745863865,0,70,255.0,255.0,255.0
306,15.3,10.697907116490388,-2.6276303522700237,-10.326521084163048,0.05225269857637495,0.09769871430560256,-1.1353079659468432,0.004955238538610685,0.011690404683564725,-0.11553427242458802,0,70,255.0,255.0,255.0
307,15.350000000000001,10.700526621077124,-2.6227314785283387,-10.383431004007159,0.05254099708789797,0.09824273577281079,-1.1410909019422213,0.0065767019223100815,0.010070454004763873,-0.11578316739053741,0,70,255.0,255.0,255.0
308,15.4,10.703162567418666,-2.6178074286516417,-10.440630381769742,0.052910368768605956,0.09870575970607895,-1.1468862826858968,0.00819816530600942,0.008450503325963078,-0.11603206235648678,0,70,255.0,255.0,255.0
309,15.450000000000001,10.705819009173469,-2.6128622525166296,-10.498119839688218,0.05336081361849892,0.09908778610540708,-1.15269410817787,0.009819628689708815,0.006830552647162223,-0.11628095732243615,0,70,255.0,255.0,255.0
310,15.5,10.7085,-2.6079,-10.5559,0.053892331637576826,0.09938881497079516,-1.1585143784181404,0.011441092073408154,0.005210601968361317,-0.11652985228838553,0,70,255.0,255.0,255.0
311,15.55,10.711207873010677,-2.6029233262794333,-10.613970820016359,0.05440169006363692,0.09969252824319225,-1.1643071978380575,0.008933244968995334,0.006937928927521611,-0.11518292450829114,0,70,255.0,255.0,255.0
312,15.600000000000001,10.713938079133777,-2.5979293077365475,-10.67232959734399,0.05478565613447637,0.10008260786354732,-1.1700326708689697,0.006425397864582512,0.008665255886681905,-0.11383599672819673,0,70,255.0,255.0,255.0
313,15.65,10.716684348751539,-2.5929136260539463,-10.73097296466344,0.055044229850095175,0.10055905383186041,-1.175690797510877,0.003917550760169779,0.010392582845842137,-0.11248906894810239,0,70,255.0,255.0,255.0
314,15.700000000000001,10.7194404122462,-2.587871962914229,-10.78989755465526,0.05517741121049335,0.10112186614813154,-1.18128157776378,0.0014097036557569574,0.012119909805002431,-0.111142141168008,0,70,255.0,255.0,255.0
315,15.75,10.7222,-2.5828,-10.8491,0.05518520021567088,0.10177104481236067,-1.1868050116276778,-0.0010981434486557196,0.013847236764162552,-0.10979521338790654,0,70,255.0,255.0,255.0
316,15.8,10.724958991466904,-2.5776947426122425,-10.908577235771517,0.05519654116908722,0.10242717272162322,-1.1922792427009334,0.0015517815853094462,0.012397879606338914,-0.10917402954231824,0,70,255.0,255.0,255.0
317,15.850000000000001,10.727721862387773,-2.5725584905254695,-10.96832740661689,0.055340378374201825,0.10301083277299458,-1.1977224145819099,0.004201706619274612,0.010948522448515277,-0.10855284569672995,0,70,255.0,255.0,255.0
318,15.9,10.730495237575186,-2.567394867132575,-11.028348959576501,0.05561671183101468,0.10352202496647475,-1.2031345272706064,0.006851631653239683,0.009499165290691693,-0.10793166185114167,0,70,255.0,255.0,255.0
319,15.950000000000001,10.733285741841735,-2.562207495826453,-11.088640341690747,0.0560255415395258,0.10396074930206374,-1.208515580767024,0.00950155668720485,0.008049808132868055,-0.10731047800555336,0,70,255.0,255.0,255.0
320,16.0,10.7361,-2.557,-11.1492,0.056566867499735156,0.10432700577976153,-1.2138655750711618,0.012151481721169921,0.006600450975043914,-0.10668929415995798,0,70,255.0,255.0,255.0
321,16.05,10.738942561121709,-2.551775303271596,-11.210026636897577,0.05711614526000799,0.10466278087031668,-1.2191998313582206,0.009819628689742843,0.006830552647162017,-0.10668095732238889,0,70,255.0,255.0,255.0
322,16.1,10.741809671315144,-2.546533530161575,-11.27111997618846,0.057548830368709454,0.10501006104447774,-1.2245336708034007,0.007487775658315765,0.007060654319280119,-0.1066726204848198,0,70,255.0,255.0,255.0
323,16.150000000000002,10.744695500947719,-2.541274105415755,-11.332479997030553,0.05786492282583957,0.1053688463022447,-1.2298670934067026,0.005155922626888688,0.007290755991398222,-0.10666428364725071,0,70,255.0,255.0,255.0
324,16.2,10.747594220386867,-2.535996453779957,-11.394106678581762,0.05806442263139832,0.10573913664361756,-1.2352000991681256,0.0028240695954617756,0.0075208576635163085,-0.10665594680968163,0,70,255.0,255.0,255.0
325,16.25,10.7505,-2.5307,-11.456,0.05814732978538574,0.10612093206859632,-1.2405326880876706,0.0004922165640349752,0.007750959335633967,-0.10664760997211253,0,70,255.0,255.0,255.0
326,16.3,10.753408364046264,-2.5253840443013713,-11.51815941663818,0.05819487779088055,0.10652170379711202,-1.245833431866174,0.0014097036557571571,0.008279909804994254,-0.10538214116802001,0,70,255.0,255.0,255.0
327,16.35,10.756320252351665,-2.520047388828231,-11.580582288629282,0.05828830015096145,0.10694892304909577,-1.2510709022044728,0.002327190747479339,0.008808860274354539,-0.10411667236392748,0,70,255.0,255.0,255.0
328,16.400000000000002,10.759237958633937,-2.5146887112044043,-11.643265452301293,0.058427596865628484,0.10740258982454749,-1.2562450991025669,0.003244677839201521,0.009337810743714826,-0.10285120355983496,0,70,255.0,255.0,255.0
329,16.45,10.762163776610803,-2.5093066890537186,-11.7062057439822,0.0586127679348816,0.10788270412346723,-1.261356022560456,0.004162164930923638,0.009866761213075073,-0.10158573475574252,0,70,255.0,255.0,255.0
330,16.5,10.7651,-2.5039,-11.7694,0.058843813358720846,0.10838926594585499,-1.2664036725781411,0.005079652022645875,0.010395711682434472,-0.10032026595165533,0,70,255.0,255.0,255.0
331,16.55,10.768048782693242,-2.498467719522916,-11.832845296549703,0.05911234357646648,0.10889840394123744,-1.2714024411770728,0.005661556687179578,0.00996980813286305,-0.0996304780056036,0,70,255.0,255.0,255.0
332,16.6,10.771011719278201,-2.493010514525501,-11.896539669294418,0.05940996902743881,0.10938624675914131,-1.2763667203787017,0.0062434613517132805,0.009543904583291627,-0.09894069005955186,0,70,255.0,255.0,255.0
333,16.650000000000002,10.77399026451654,-2.487529449766627,-11.960481393764287,0.05973668971163782,0.10985279439956662,-1.281296510183028,0.006825366016246984,0.009118001033720206,-0.09825090211350013,0,70,255.0,255.0,255.0
334,16.7,10.776985873169918,-2.482025590005169,-12.024668745489432,0.06009250562906349,0.11029804686251331,-1.2861918105900514,0.007407270680780645,0.008692097484148814,-0.09756111416744845,0,70,255.0,255.0,255.0
335,16.75,10.78,-2.4765,-12.0891,0.060477416779715874,0.11072200414798146,-1.2910526215997726,0.007989175345314348,0.008266193934576838,-0.09687132622139671,0,70,255.0,255.0,255.0
336,16.8,10.783033305180771,-2.4709538776069624,-12.15377379716301,0.06084374790323591,0.11111668043793399,-1.2959008034255486,0.006664069595487014,0.007520857663524672,-0.09705594680963472,0,70,255.0,255.0,255.0
337,16.85,10.786083270535531,-2.4653889530697657,-12.218690234193048,0.06114382373926458,0.11147408991433394,-1.300758216280736,0.005338963845659679,0.006775521392472506,-0.09724056739787273,0,70,255.0,255.0,255.0
338,16.900000000000002,10.789146583299905,-2.459807089729088,-12.283849772641577,0.06137764428780189,0.11179423257718125,-1.305624860165336,0.004013858095832344,0.006030185121420341,-0.09742518798611073,0,70,255.0,255.0,255.0
339,16.95,10.79221993070952,-2.4542101509256073,-12.349252874060067,0.06154520954884782,0.11207710842647596,-1.310500735079347,0.0026887523460051048,0.005284848850368229,-0.09760980857434873,0,70,255.0,255.0,255.0
340,17.0,10.7953,-2.4486,-12.4149,0.06164651952240239,0.11232271746221807,-1.3153858410227706,0.001363646596177659,0.004539512579315619,-0.09779442916257963,0,70,255.0,255.0,255.0
341,17.05,10.798384396583671,-2.4429775700492344,-12.480790714798255,0.061736664810580884,0.11258687430702785,-1.3202263451207292,0.0022421649309622553,0.006026761213075104,-0.09582573475575626,0,70,255.0,255.0,255.0
342,17.1,10.80147439857967,-2.4373400731954353,-12.546920993933401,0.06187073601549862,0.1129253935835256,-1.3249684144983462,0.0031206832657468516,0.007514009846834589,-0.09385704034893289,0,70,255.0,255.0,255.0
343,17.150000000000002,10.804572202283833,-2.4316837913170195,-12.61328591566942,0.06204873313715558,0.11333827529171131,-1.3296120491556225,0.0039992016005314475,0.009001258480594073,-0.09188834594210951,0,70,255.0,255.0,255.0
344,17.2,10.807680003991997,-2.4260050062924035,-12.67988055827029,0.062270656175551754,0.11382551943158498,-1.334157249092557,0.004877719935315982,0.010488507114353451,-0.08991965153528628,0,70,255.0,255.0,255.0
345,17.25,10.8108,-2.4203,-12.7467,0.06253650513068718,0.11438712600314664,-1.3386040143091509,0.005756238270100633,0.011975755748112715,-0.08795095712846646,0,70,255.0,255.0,255.0
346,17.3,10.813933908484545,-2.4145662421961007,-12.813740143643969,0.06281759285445762,0.11495182233395307,-1.3430018160915485,0.005487270680716923,0.010612097484144026,-0.08796111416743954,0,70,255.0,255.0,255.0
347,17.35,10.817081535145787,-2.408805954148491,-12.881000190073356,0.06308523219875888,0.11544833575156106,-1.347400125725895,0.005218303091333213,0.009248439220175337,-0.08797127120641264,0,70,255.0,255.0,255.0
348,17.400000000000002,10.820242207564762,-2.4030225450028313,-12.94848016468076,0.06333942316359094,0.11587666625597061,-1.35179894321219,0.004949335501949503,0.007884780956206646,-0.08798142824538573,0,70,255.0,255.0,255.0
349,17.45,10.823415253322489,-2.3972194239047813,-13.016180092858772,0.06358016574895382,0.11623681384718171,-1.3561982685504335,0.004680367912565812,0.006521122692238054,-0.08799158528435883,0,70,255.0,255.0,255.0
350,17.5,10.8266,-2.3914,-13.0841,0.0638074599548475,0.11652877852519442,-1.360598101740626,0.004411400323181769,0.00515746442826992,-0.08800174232333724,0,70,255.0,255.0,255.0
351,17.55,10.829795969478155,-2.3855670611663626,-13.152239910625873,0.06403296377157791,0.11678983635716059,-1.3649983905130678,0.0046087523460345975,0.005284848850376768,-0.08800980857433452,0,70,255.0,255.0,255.0
352,17.6,10.833003460837174,-2.3797209102105987,-13.220599845773185,0.06426833518945096,0.11705726341023209,-1.3693990825980595,0.004806104368887426,0.005412233272483617,-0.08801787482533178,0,70,255.0,255.0,255.0
353,17.650000000000002,10.83622296745712,-2.373861228671654,-13.289179825607558,0.06451357420846666,0.11733105968440896,-1.373800177995601,0.005003456391740255,0.005539617694590465,-0.08802594107632906,0,70,255.0,255.0,255.0
354,17.7,10.839454982718042,-2.367987698088473,-13.357979870294617,0.06476868082862498,0.11761122517969112,-1.3782016767056922,0.005200808414593069,0.005667002116697305,-0.08803400732732633,0,70,255.0,255.0,255.0
355,17.75,10.8427,-2.3621,-13.427,0.06503365504992596,0.11789775989607869,-1.3826035787283337,0.005398160437445676,0.005794386538804264,-0.08804207357832539,0,70,255.0,255.0,255.0
356,17.8,10.845958213602836,-2.356197513138449,-13.496239413852539,0.065290552059245,0.11820883223740743,-1.386956621856175,0.00487771993531602,0.00664850711434516,-0.08607965153532927,0,70,255.0,255.0,255.0
357,17.85,10.849228621505507,-2.3502784050091123,-13.565694026833917,0.06552142704345758,0.11856261060751322,-1.3912115438818669,0.004357279433186364,0.007502627689886057,-0.08411722949233316,0,70,255.0,255.0,255.0
358,17.900000000000002,10.852509922606762,-2.3443405403105513,-13.635358932889025,0.06572628000256364,0.11895909500639605,-1.3953683448054086,0.0038368389310567074,0.008356748265426952,-0.08215480744933706,0,70,255.0,255.0,255.0
359,17.95,10.855800815805344,-2.3383817837413274,-13.705229225962752,0.06590511093656325,0.11939828543405588,-1.3994270246268004,0.003316398428927088,0.009210868840967789,-0.08019238540634109,0,70,255.0,255.0,255.0
360,18.0,10.8591,-2.3324,-13.7753,0.06605791984545636,0.1198801818904928,-1.4033875833460427,0.0027959579267977652,0.01006498941650913,-0.0782299633633432,0,70,255.0,255.0,255.0
361,18.05,10.862406376110508,-2.32639408627984,-13.845567233963974,0.06619682799143971,0.12034283469321139,-1.407303122062235,0.0027603679125360876,0.00844112269223398,-0.07839158528434816,0,70,255.0,255.0,255.0
362,18.1,10.865719653140799,-2.320367069752949,-13.91603044689116,0.06633395663670998,0.12072429415971622,-1.4112267418744777,0.00272477789827441,0.006817255967958833,-0.07855320720535311,0,70,255.0,255.0,255.0
363,18.150000000000002,10.869039742115833,-2.3143230100861385,-13.986690042836358,0.06646930578126715,0.12102456029000729,-1.4151584427827706,0.002689187884012732,0.005193389243683686,-0.07871482912635806,0,70,255.0,255.0,255.0
364,18.2,10.87236655406058,-2.308265966946218,-14.057546425854367,0.06660287542511124,0.12124363308408459,-1.4190982247871133,0.002653597869751057,0.0035695225194086527,-0.078876451047363,0,70,255.0,255.0,255.0
365,18.25,10.8757,-2.3022,-14.1286,0.06673466556824226,0.12138151254194815,-1.4230460878875066,0.0026180078554891573,0.0019456557951338382,-0.0790380729683644,0,70,255.0,255.0,255.0
366,18.3,10.87904028195513,-2.2961277417421915,-14.19985085029157,0.06688213597499527,0.12152382898974405,-1.4269828898948989,0.0032808084146314183,0.0037470021167018953,-0.0784340073273153,0,70,255.0,255.0,255.0
367,18.35,10.8823887659313,-2.2900461159790906,-14.271297785601456,0.06706274640970541,0.12175621275361835,-1.4308894886202381,0.003943608973773679,0.005548348438269952,-0.07782994168626621,0,70,255.0,255.0,255.0
368,18.400000000000002,10.8857471089299,-2.283950619344895,-14.342939295765563,0.06727649687237265,0.12207866383357105,-1.4347658840635253,0.004606409532915939,0.00734969475983801,-0.0772258760452171,0,70,255.0,255.0,255.0
369,18.45,10.889116967952337,-2.277836748473799,-14.414773870619774,0.06752338736299698,0.12249118222960212,-1.4386120762247598,0.0052692100920581535,0.009151041081405938,-0.07662181040416806,0,70,255.0,255.0,255.0
370,18.5,10.8925,-2.2717,-14.4868,0.06780341788157844,0.12299376794171163,-1.442428065103942,0.0059320106512003035,0.010952387402974217,-0.0760177447631154,0,70,255.0,255.0,255.0
371,18.55,10.895897296068968,-2.265537346751395,-14.559015764869754,0.06808262810858066,0.1234978493478104,-1.446189318358178,0.005236398428888757,0.009210868840976503,-0.07443238540632,0,70,255.0,255.0,255.0
372,18.6,10.899307683134007,-2.259351666330687,-14.631417610703023,0.06832705772446732,0.12391485482580929,-1.4498713036445743,0.00454078620657721,0.007469350278978788,-0.0728470260495246,0,70,255.0,255.0,255.0
373,18.650000000000002,10.902729422164562,-2.253147312534282,-14.704001574101415,0.0685367067292384,0.12424478437570828,-1.4534740209631307,0.0038451739842656632,0.005727831716981073,-0.0712616666927292,0,70,255.0,255.0,255.0
374,18.7,10.906160774130079,-2.2469286391585848,-14.776763691666536,0.06871157512289389,0.1244876379975074,-1.4569974703138469,0.003149561761954166,0.003986313154983481,-0.06967630733593391,0,70,255.0,255.0,255.0
375,18.75,10.9096,-2.2407,-14.8497,0.0688516629054338,0.12464341569120664,-1.4604416516967236,0.002453949539642619,0.002244794592986099,-0.06809094797912962,0,70,255.0,255.0,255.0
376,18.8,10.913045733769001,-2.234464471252229,-14.922807690229423,0.06897935159066951,0.12478877361901632,-1.4638758366723865,0.0026535978697850987,0.0035695225194003442,-0.0692764510473822,0,70,255.0,255.0,255.0
377,18.85,10.916498101532675,-2.2282200186981593,-14.996088571586466,0.06911702269241232,0.12500036794314667,-1.467369296801462,0.0028532461999275782,0.004894250445814589,-0.07046195411563477,0,70,255.0,255.0,255.0
378,18.900000000000002,10.919957602411849,-2.221963330517976,-15.069545607828795,0.06926467621066226,0.12527819866359777,-1.47092203208395,0.0030528945300700577,0.006218978372228835,-0.07164745718388735,0,70,255.0,255.0,255.0
379,18.95,10.92342473552735,-2.215691094891861,-15.143181762714079,0.06942231214541932,0.12562226578036953,-1.4745340425198505,0.0032525428602125234,0.007543706298642986,-0.07283296025213984,0,70,255.0,255.0,255.0
380,19.0,10.9269,-2.2094,-15.217,0.06958993049668352,0.12603256929346204,-1.4782053281091638,0.00345219119035467,0.008868434225056676,-0.07401846332038886,0,70,255.0,255.0,255.0
381,19.05,10.93038376885503,-2.2030879682396884,-15.291001474212562,0.06975996552874396,0.1264350561761235,-1.4818273349522773,0.0033492100920623252,0.007231041081401756,-0.07086181040414626,0,70,255.0,255.0,255.0
382,19.1,10.933875910735292,-2.196757858876674,-15.365180102951134,0.06992485150588976,0.1267556734016022,-1.4852915091495784,0.003246228993769981,0.005593647937746835,-0.06770515748790365,0,70,255.0,255.0,255.0
383,19.150000000000002,10.937376168188038,-2.190413765393815,-15.439527994583424,0.07008458842812096,0.12699442096989821,-1.4885978507010678,0.0031432478954776365,0.003956254794091915,-0.06454850457166103,0,70,255.0,255.0,255.0
384,19.200000000000003,10.940884283760521,-2.1840597812739704,-15.514037257477145,0.07023917629543752,0.12715129888101143,-1.4917463596067448,0.0030402667971852924,0.0023188616504369944,-0.061391851655418425,0,70,255.0,255.0,255.0
385,19.25,10.9444,-2.1777,-15.5887,0.07038861510783946,0.12722630713494187,-1.4947370358666094,0.002937285698892622,0.00068146850678108,-0.05823519873917249,0,70,255.0,255.0,255.0
386,19.3,10.947923190810874,-2.171337255789016,-15.663510412920337,0.07054078629435978,0.12729500167648633,-1.4976948235184875,0.003149561761920053,0.002066313154996477,-0.06007630733595096,0,70,255.0,255.0,255.0
387,19.35,10.951454255526155,-2.1649693457951447,-15.738471016609013,0.07070357128403147,0.1274329384504415,-1.5007446666002047,0.003361837824947484,0.0034511578032118745,-0.061917415932729425,0,70,255.0,255.0,255.0
388,19.400000000000002,10.954993724835997,-2.158592807906765,-15.813586413837523,0.07087697007685453,0.1276401174568075,-1.5038865651117606,0.003574113887974915,0.004836002451427271,-0.06375852452950789,0,70,255.0,255.0,255.0
389,19.450000000000003,10.958542129430562,-2.1522041800122564,-15.888861207377357,0.07106098267282897,0.12791653869558425,-1.5071205190531556,0.0037863899510023457,0.006220847099642669,-0.06559963312628636,0,70,255.0,255.0,255.0
390,19.5,10.9621,-2.1458,-15.9643,0.07125560907195477,0.12826220216677175,-1.5104465284243889,0.0039986660140300945,0.007605691747857968,-0.06744074172305936,0,70,255.0,255.0,255.0
391,19.55,10.965667467901467,-2.139377408604247,-16.039905674106095,0.07143688929381169,0.12864093711793406,-1.51376137097377,0.0032525428602466883,0.0075437062986344105,-0.06515296025219006,0,70,255.0,255.0,255.0
392,19.6,10.969243067160086,-2.132935957942747,-16.11567423061282,0.07158086335797945,0.12901657279663523,-1.516961824449608,0.002506419706463282,0.007481720849410854,-0.06286517878132074,0,70,255.0,255.0,255.0
393,19.650000000000002,10.97282493246797,-2.126475802979124,-16.191599950066497,0.07168753126445804,0.12938910920287516,-1.5200478888519025,0.0017602965526798756,0.007419735400187297,-0.060577397310451433,0,70,255.0,255.0,255.0
394,19.700000000000003,10.976411198517237,-2.119997098677001,-16.267677113013452,0.07175689301324743,0.12975854633665396,-1.5230195641806532,0.0010141733988964694,0.00735774995096374,-0.05828961583958212,0,70,255.0,255.0,255.0
395,19.75,10.98,-2.1135,-16.3439,0.07178894860434767,0.13012488419797155,-1.5258768504358604,0.00026805024511311615,0.0072957645017408534,-0.056001834368709424,0,70,255.0,255.0,255.0
396,19.8,10.983590137583253,-2.1069851097939956,-16.42026369065529,0.07182365653040439,0.13046124985177598,-1.5286676925864613,0.0011202667971554124,0.006158861650436204,-0.05563185165532793,0,70,255.0,255.0,255.0
397,19.85,10.987183075833501,-2.100454822433865,-16.49676646093972,0.07190097528406322,0.13074077036301518,-1.5314400356013933,0.0019724833491977086,0.005021958799131554,-0.055261868941946436,0,70,255.0,255.0,255.0
398,19.900000000000002,10.99078094529212,-2.0939119801767365,-16.573407385896505,0.07202090486532416,0.13096344573168914,-1.534193879480656,0.002824699901240005,0.0038850559478269056,-0.05489188622856494,0,70,255.0,255.0,255.0
399,19.950000000000003,10.994385876500495,-2.087359425279739,-16.650185540568863,0.07218344527418723,0.1311292759577979,-1.53692922422425,0.0036769164532823016,0.002748153096522256,-0.05452190351518345,0,70,255.0,255.0,255.0
400,20.0,10.998,-2.0808,-16.7271,0.07238859651065238,0.1312382610413414,-1.5396460698321743,0.004529133005324315,0.001611250245217466,-0.05415192080180553,0,70,255.0,255.0,255.0
401,20.05,11.001624781765516,-2.0742357522197703,-16.80414996327275,0.07259648458456056,0.13133806347496313,-1.5423518586803775,0.003786389951002434,0.0023808470996511955,-0.05407963312631203,0,70,255.0,255.0,255.0
402,20.1,11.005259029505911,-2.0676655523217917,-16.88133512562831,0.07276723550575262,0.13147634575130654,-1.5450540331448055,0.0030436468966805533,0.0031504439540849245,-0.054007345450818534,0,70,255.0,255.0,255.0
403,20.150000000000002,11.008900886363547,-2.0610874763139275,-16.958655306347502,0.07290084927422862,0.13165310787037163,-1.5477525932254592,0.002300903842358672,0.0039200408085186544,-0.053935057775325035,0,70,255.0,255.0,255.0
404,20.200000000000003,11.012548495480788,-2.054499600204042,-17.03611032471113,0.0729973258899885,0.1318683498321584,-1.5504475389223382,0.001558160788036791,0.004689637662952383,-0.05386277009983153,0,70,255.0,255.0,255.0
405,20.25,11.0162,-2.0479,-17.1137,0.0730566653530323,0.13212207163666684,-1.5531388702354425,0.0008154177337152957,0.005459234517386502,-0.053790482424339814,0,70,255.0,255.0,255.0
406,20.3,11.019853935354678,-2.0412870813269226,-17.19142365625373,0.07310240513134846,0.1323944962483753,-1.55579687269204,0.0010141733989307317,0.0054377499509517865,-0.05252961583955907,0,70,255.0,255.0,255.0
407,20.35,11.023510406142856,-2.034660568278967,-17.269278636547053,0.07315808269292537,0.132665846631762,-1.5583918318193986,0.0012129290641461677,0.005416265384517071,-0.05126874925477832,0,70,255.0,255.0,255.0
408,20.400000000000002,11.027169909253692,-2.028020514567551,-17.347261788713514,0.07322369803776307,0.132936122786827,-1.560923747617518,0.0014116847293616037,0.005394780818082355,-0.050007882669997575,0,70,255.0,255.0,255.0
409,20.450000000000003,11.030832941576351,-2.0213669739040903,-17.425369960586654,0.07329925116586154,0.13320532471357027,-1.5633926200863983,0.0016104403945770398,0.00537329625164764,-0.048747016085216824,0,70,255.0,255.0,255.0
410,20.5,11.0345,-2.0147,-17.5036,0.07338474207722076,0.1334734524119918,-1.5657984492260395,0.0018091960597921286,0.005351811685212704,-0.04748614950043617,0,70,255.0,255.0,255.0
411,20.55,11.038171476815766,-2.008019922472539,-17.58194901171235,0.07347389489004687,0.13372395153153518,-1.5681566505514304,0.0017569164532523988,0.0046681530965218335,-0.04684190351520242,0,70,255.0,255.0,255.0
412,20.6,11.041847345922665,-2.001328174562337,-17.66041512818349,0.073560433722546,0.13394026772164397,-1.57048263957756,0.001704636846712669,0.003984494507830963,-0.046197657529968676,0,70,255.0,255.0,255.0
413,20.650000000000002,11.045527476621682,-1.994626465415865,-17.738996738798452,0.07364435857471814,0.13412240098231829,-1.5727764163044273,0.0016523572401729392,0.0033008359191400924,-0.045553411544734926,0,70,255.0,255.0,255.0
414,20.700000000000003,11.049211738213799,-1.9879165041795952,-17.817692232942278,0.0737256694465633,0.134270351313558,-1.5750379807320334,0.0016000776336332094,0.002617177330449222,-0.04490916555950118,0,70,255.0,255.0,255.0
415,20.75,11.0529,-1.9812,-17.8965,0.07380436633808146,0.13438411871536318,-1.5772673328603777,0.0015477980270932612,0.0019335187417579558,-0.044264919574265704,0,70,255.0,255.0,255.0
416,20.8,11.056592157382255,-1.9744780287829207,-17.975418696896874,0.07388201530846057,0.13450169762548117,-1.5794805251022326,0.0015581607880711169,0.002769637662961134,-0.04426277009992212,0,70,255.0,255.0,255.0
417,20.85,11.060288210166478,-1.9677491334716841,-18.054448050718996,0.07396018241688856,0.13466108248165928,-1.58169360987037,0.0015685235490489728,0.003605756584164312,-0.04426062062557854,0,70,255.0,255.0,255.0
418,20.900000000000002,11.063988184259578,-1.961011223768987,-18.133588056092684,0.07403886766336547,0.1348622732838976,-1.5839065871647904,0.0015788863100268285,0.00444187550536749,-0.044258471151234956,0,70,255.0,255.0,255.0
419,20.950000000000003,11.067692105568451,-1.9542622093775266,-18.21283870764425,0.07411807104789127,0.13510527003219605,-1.5861194569854935,0.0015892490710046842,0.005277994426570668,-0.04425632167689138,0,70,255.0,255.0,255.0
420,21.0,11.0714,-1.9475,-18.2922,0.07419779257046595,0.13539007272655468,-1.5883322193324794,0.0015996118319828723,0.006114113347774008,-0.04425417220254424,0,70,255.0,255.0,255.0
421,21.05,11.075111893655214,-1.9407231623957777,-18.371671400700166,0.07427804387612909,0.13567725796654023,-1.5905132490396705,0.0016104403945428338,0.00537329625164772,-0.04298701608509282,0,70,255.0,255.0,255.0
422,21.1,11.078827813411417,-1.933932891550926,-18.451250268940537,0.07435883660992024,0.13592740235171946,-1.5926309209409888,0.0016212689571027952,0.004632479155521431,-0.04171985996764139,0,70,255.0,255.0,255.0
423,21.150000000000002,11.082547786340008,-1.9271310395081853,-18.530933436830832,0.07444017077183937,0.1361405058820924,-1.5946852350364347,0.0016320975196627567,0.0038916620593951417,-0.04045270385018997,0,70,255.0,255.0,255.0
424,21.200000000000003,11.086271839512403,-1.9203194583102965,-18.61071773648075,0.07452204636188652,0.13631656855765897,-1.5966761913260077,0.0016429260822227183,0.003150844963268853,-0.03918554773273854,0,70,255.0,255.0,255.0
425,21.25,11.09,-1.9135,-18.6906,0.07460446338006163,0.13645559037841923,-1.5986037898097083,0.001653754644782568,0.0024100278671415065,-0.03791839161528365,0,70,255.0,255.0,255.0
426,21.3,11.093732267996886,-1.9066741216339684,-18.77057730030248,0.07468580918702203,0.13658127050835886,-1.6004824787390783,0.0016000776336330784,0.0026171773304444674,-0.03722916555951875,0,70,255.0,255.0,255.0
427,21.35,11.09746853618786,-1.899841700324611,-18.850647673518864,0.07476447114342494,0.13671730811146368,-1.60232670636566,0.0015464006224835886,0.0028243267937474283,-0.03653993950375385,0,70,255.0,255.0,255.0
428,21.400000000000002,11.101208670380387,-1.893002218198269,-18.930809396584003,0.07484044924927039,0.1368637031877336,-1.6041364726894538,0.001492723611334099,0.0030314762570503896,-0.03585071344798895,0,70,255.0,255.0,255.0
429,21.450000000000003,11.104952536381944,-1.886155157381285,-19.01106074643276,0.07491374350455834,0.13702045573716873,-1.605911777710459,0.0014390466001846095,0.0032386257203533505,-0.03516148739222405,0,70,255.0,255.0,255.0
430,21.5,11.1087,-1.8793,-19.0914,0.07498435390928883,0.13718756575976895,-1.6076526214286762,0.0013853695890347906,0.0034457751836554085,-0.03447226133646275,0,70,255.0,255.0,255.0
431,21.55,11.112451034357235,-1.8724363510683475,-19.171825798089912,0.07505871937578983,0.1373576600000246,-1.6093808360040107,0.0015892490710048418,0.003357994426570919,-0.03465632167691446,0,70,255.0,255.0,255.0
432,21.6,11.116206041837147,-1.865564307150628,-19.25233823698402,0.07514327881638931,0.13752336520242606,-1.6111182535963675,0.0017931285529748933,0.00327021366948643,-0.034840382017366174,0,70,255.0,255.0,255.0
433,21.650000000000002,11.119965532138442,-1.8586840876987354,-19.33293777683317,0.07523803223108731,0.13768468136697326,-1.6128648742057472,0.0019970080349449447,0.0031824329124019407,-0.03502444235781788,0,70,255.0,255.0,255.0
434,21.700000000000003,11.123730014959824,-1.8517959121645617,-19.413624877788216,0.0753429796198838,0.13784160849366625,-1.6146206978321496,0.002200887516914996,0.0030946521553174514,-0.0352085026982696,0,70,255.0,255.0,255.0
435,21.75,11.1275,-1.8449,-19.4944,0.07545812098277882,0.13799414658250497,-1.6163857244755744,0.002404766998885588,0.0030068713982327466,-0.035392563038730174,0,70,255.0,255.0,255.0
436,21.8,11.131275594574173,-1.8379964740926416,-19.575262707337863,0.07555931330980653,0.1381480894915425,-1.6181061772448615,0.0016429260822228178,0.003150844963268542,-0.033425547732752366,0,70,255.0,255.0,255.0
437,21.85,11.13505529646355,-1.8310850710728748,-19.656208978545067,0.07562241359100111,0.13830923107883183,-1.6197282792488497,0.0008810851655600476,0.003294818528304337,-0.03145853242677456,0,70,255.0,255.0,255.0
438,21.900000000000002,11.138837201065842,-1.8241654310067872,-19.737233896083332,0.07564742182636254,0.13847757134437297,-1.6212520304875389,0.00011924424889727748,0.003438792093340132,-0.029491517120796746,0,70,255.0,255.0,255.0
439,21.950000000000003,11.142619403778754,-1.8172371939604661,-19.8183325424144,0.07563433801589083,0.13865311028816588,-1.6226774309609293,-0.0006425966677654927,0.0035827656583759275,-0.027524501814818934,0,70,255.0,255.0,255.0
440,22.0,11.1464,-1.8103,-19.8995,0.075583162159586,0.13883584791021056,-1.624004480669021,-0.0014044375844278756,0.0037267392234123786,-0.02555748650883949,0,70,255.0,255.0,255.0
441,22.05,11.150177787346076,-1.8033537525610865,-19.980732172558625,0.07553602738498087,0.1390099820338047,-1.625282455016548,-0.00048095339977703786,0.003238625720353154,-0.02556148739224433,0,70,255.0,255.0,255.0
442,22.1,11.153954372308652,-1.796399408557872,-20.062028248835727,0.07553506681960831,0.13915971048224587,-1.6265606294082455,0.00044253078487379986,0.0027505122172939295,-0.025565488275649174,0,70,255.0,255.0,255.0
443,22.150000000000002,11.157732063598191,-1.7894381882741142,-20.143388238833516,0.07558028046346826,0.1392850332555341,-1.6278390038441133,0.0013660149695246377,0.002262398714234705,-0.025569489159054014,0,70,255.0,255.0,255.0
444,22.200000000000003,11.161513169925152,-1.782471311993571,-20.224812152554208,0.07567166831656076,0.13938595035366935,-1.629117578324151,0.0022894991541754753,0.0017742852111754803,-0.025573490042458857,0,70,255.0,255.0,255.0
445,22.25,11.1653,-1.7755,-20.3063,0.0758092303788858,0.13946246177665164,-1.6303963528483587,0.0032129833388262474,0.0012861717081162904,-0.025577490925851265,0,70,255.0,255.0,255.0
446,22.3,11.169094056041525,-1.7685253156630127,-20.387851802427647,0.0759445771502785,0.1395239823732376,-1.6316760026889607,0.002200887516881086,0.0011746521553215746,-0.025608502698224813,0,70,255.0,255.0,255.0
447,22.35,11.172893614301843,-1.7615476946956368,-20.469467626112042,0.07602931913057391,0.1395799269921838,-1.6329572031181814,0.0011887916949359246,0.0010631326025268585,-0.025639514470598358,0,70,255.0,255.0,255.0
448,22.400000000000002,11.176696144541399,-1.7545674158967548,-20.551147548582613,0.07606345631977209,0.13963029563349028,-1.6342399541360206,0.00017669587299076316,0.0009516130497321426,-0.025670526242971906,0,70,255.0,255.0,255.0
449,22.450000000000003,11.180499116520636,-1.7475847580652482,-20.632891647368787,0.076046988717873,0.139675088297157,-1.6355242557424785,-0.0008353999489543983,0.0008400934969374266,-0.02570153801534545,0,70,255.0,255.0,255.0
450,22.5,11.1843,-1.7406,-20.7147,0.07597991632487665,0.13971430498318402,-1.636810107937555,-0.0018474957708994877,0.0007285739441427186,-0.025732549787715442,0,70,255.0,255.0,255.0
451,22.55,11.188097188487822,-1.7336129847868629,-20.796571817730793,0.07591766401391004,0.13977408847324688,-1.6380455342276186,-0.0006425966677652323,0.0016627656583722804,-0.023684501814829388,0,70,255.0,255.0,255.0
452,22.6,11.191892770483978,-1.7266218126595798,-20.87850284671612,0.07591565665810011,0.13988058154902125,-1.639178558119038,0.0005623024353690232,0.002596957372601842,-0.021636453841943334,0,70,255.0,255.0,255.0
453,22.650000000000002,11.19568975823622,-1.7196241481388652,-20.96048796683605,0.07597389425744693,0.14003378421050708,-1.640209179611813,0.0017672015385032784,0.0035311490868314044,-0.01958840586905728,0,70,255.0,255.0,255.0
454,22.700000000000003,11.19949116399231,-1.7126176557454338,-21.042522057970658,0.07609237681195045,0.1402336964577044,-1.6411373987059437,0.002972100641637534,0.004465340801060966,-0.017540357896171227,0,70,255.0,255.0,255.0
455,22.75,11.2033,-1.7056,-21.1246,0.07627110432161069,0.14048031829061317,-1.6419632154014299,0.0041769997447722584,0.005399532515290906,-0.015492309923272884,0,70,255.0,255.0,255.0
456,22.8,11.207117990007182,-1.698569945189535,-21.206717726649195,0.0764327667940844,0.14070766373377472,-1.6427498604005717,0.002289499154175551,0.0036942852111711867,-0.01597349004240379,0,70,255.0,255.0,255.0
457,22.85,11.21094170376225,-1.6915306546660425,-21.28887538702349,0.07650005423702824,0.14084974681173026,-1.6435605644056703,0.0004019985635788444,0.0019890379070514677,-0.016454670161534693,0,70,255.0,255.0,255.0
458,22.900000000000002,11.214766422513726,-1.6844863915477821,-21.371074184073198,0.07647296665044227,0.14090656752447986,-1.6443953274167253,-0.0014855020270178624,0.0002837906029317487,-0.016935850280665597,0,70,255.0,255.0,255.0
459,22.950000000000003,11.218587427510135,-1.6774414189530142,-21.4533153207486,0.07635150403432646,0.14087812587202347,-1.6452541494337367,-0.0033730026176145697,-0.0014214567011879703,-0.0174170303997965,0,70,255.0,255.0,255.0
460,23.0,11.2224,-1.6704,-21.5356,0.07613566638868084,0.14076442185436108,-1.6461370304567047,-0.005260503208210809,-0.003126704005308012,-0.017898210518911384,0,70,255.0,255.0,255.0
461,23.05,11.226201251483449,-1.663364834454996,-21.61792847567244,0.07593526880975182,0.14065925659165204,-1.6469870241700633,-0.002755399948949875,-0.0010799065030540666,-0.016101538015431745,0,70,255.0,255.0,255.0
462,23.1,11.229995614467025,-1.6563323686762494,-21.700297205189923,0.07586012639378585,0.14065643120405566,-1.6477471842582478,-0.0002502966896889402,0.0009668909991998789,-0.014304865511952107,0,70,255.0,255.0,255.0
463,23.150000000000002,11.233789351708877,-1.6492974856700051,-21.78270169687118,0.07591023914078292,0.14075594569157202,-1.6484175107212584,0.0022548065695719944,0.0030136885014538243,-0.01250819300847247,0,70,255.0,255.0,255.0
464,23.200000000000003,11.237588725967152,-1.6422550684425068,-21.865137459034962,0.07608560705074306,0.14095780005420105,-1.6489980035590952,0.004759909828832929,0.00506048600370777,-0.010711520504992831,0,70,255.0,255.0,255.0
465,23.25,11.2414,-1.6352,-21.9476,0.07638623012366619,0.14126199429194275,-1.6494886627717578,0.007265013088093797,0.007107283505961348,-0.008914848001506215,0,70,255.0,255.0,255.0
466,23.3,11.245227404059023,-1.6281291169904808,-22.030085970661048,0.07669015796690937,0.14155130989961823,-1.6499580429191982,0.00489210064163329,0.004465340801056923,-0.00986035789611536,0,70,255.0,255.0,255.0
467,23.35,11.249067038369654,-1.6210470706289586,-22.112596592216835,0.07687544018782952,0.14170852837204845,-1.6504746985613694,0.0025191881951727828,0.0018233980961524978,-0.010805867790724503,0,70,255.0,255.0,255.0
468,23.400000000000002,11.252912970650769,-1.6139604657721964,-22.1951342284421,0.07694207678642666,0.14173364970923347,-1.6510386296982706,0.00014627574871227574,-0.0008185446087519265,-0.011751377685333648,0,70,255.0,255.0,255.0
469,23.450000000000003,11.256759268621257,-1.606875907276956,-22.27770124311158,0.07689006776270076,0.14162667391117326,-1.6516498363299028,-0.0022266366977482313,-0.0034604873136563526,-0.012696887579942792,0,70,255.0,255.0,255.0
470,23.5,11.2606,-1.5998,-22.3603,0.07671941311665184,0.14138760097786787,-1.6523083184562652,-0.00459954914420857,-0.006102430018561256,-0.013642397474564305,0,70,255.0,255.0,255.0
471,23.55,11.264430732280456,-1.592737097583081,-22.442931641683373,0.07652009932260627,0.14115150380987412,-1.6529408041531244,-0.003373002617614267,-0.0033414567011881553,-0.011657030399807738,0,70,255.0,255.0,255.0
472,23.6,11.268253032054368,-1.5856825488079147,-22.52559242594275,0.07638211285489041,0.14105345530774904,-1.653474021496246,-0.0021464560910199643,-0.000580483383815055,-0.00967166332505117,0,70,255.0,255.0,255.0
473,23.650000000000002,11.27206996568805,-1.5786294512412082,-22.608277389360442,0.07630545371350426,0.14109345547149263,-1.6539079704856297,-0.0009199095644256616,0.002180489933558046,-0.007686296250294604,0,70,255.0,255.0,255.0
474,23.700000000000003,11.275884599547823,-1.5715709024496674,-22.690981568518755,0.07629012189844785,0.14127150430110486,-1.6542426511212756,0.0003066369621686415,0.004941463250931146,-0.005700929175538038,0,70,255.0,255.0,255.0
475,23.75,11.2797,-1.5645,-22.7737,0.07633611740972113,0.14158760179658572,-1.6544780634031837,0.001533183488762635,0.007702436568302717,-0.00371556210078694,0,70,255.0,255.0,255.0
476,23.8,11.283518466819155,-1.5574120926771953,-22.856428262605455,0.07639744474266123,0.14190667486088607,-1.6546467404683285,0.0009199098288416164,0.005060486003711258,-0.003031520505006559,0,70,255.0,255.0,255.0
477,23.85,11.287339233412883,-1.5503115341393818,-22.939164104012175,0.07642810839260529,0.14209365039695687,-1.6547812154536845,0.0003066361689205979,0.002418535439119798,-0.002347478909226178,0,70,255.0,255.0,255.0
478,23.900000000000002,11.291160766597033,-1.5432049292629701,-23.021905814116163,0.0764281083595533,0.14214852840479805,-1.654881488359251,-0.00030663749100042046,-0.00022341512547166195,-0.0016634373134457965,0,70,255.0,255.0,255.0
479,23.950000000000003,11.294981533187455,-1.5360988829243722,-23.10465168281344,0.07639744464350526,0.1420713088844097,-1.654947559185029,-0.0009199111509214392,-0.002865365690063121,-0.0009793957176654155,0,70,255.0,255.0,255.0
480,24.0,11.2988,-1.529,-23.1874,0.07633611724446114,0.14186199183579176,-1.6549794279310177,-0.001533184810842747,-0.005507316254654393,-0.0002953541218779776,0,70,255.0,255.0,255.0
481,24.05,11.302615400442924,-1.5219129317081364,-23.27014970789481,0.07629012170674626,0.1416377967465838,-1.6550162339735606,-0.0003066366977525761,-0.003460487313664566,-0.0011768875798353075,0,70,255.0,255.0,255.0
482,24.1,11.306430034294102,-1.514834514634557,-23.35290235800857,0.07630545357468588,0.14151594310442528,-1.6550971166890012,0.0009199114153375949,-0.001413658372674739,-0.0020584210377926375,0,70,255.0,255.0,255.0
483,24.150000000000002,11.310246967923819,-1.5077596317069095,-23.43566015417493,0.07638211284828002,0.14149643090931632,-1.65522207607734,0.0021464595284277654,0.0006331705683150874,-0.002939954495749968,0,70,255.0,255.0,255.0
484,24.200000000000003,11.314069267702358,-1.5006831658528412,-23.518425300227527,0.07652009952752867,0.14157926016125683,-1.6553911121385763,0.0033730076415179368,0.002679999509304915,-0.0038214879537072977,0,70,255.0,255.0,255.0
485,24.25,11.3179,-1.4936,-23.6012,0.0767194136124318,0.14176443086024682,-1.6556042248727105,0.004599555754607576,0.004726828450294818,-0.004703021411664565,0,70,255.0,255.0,255.0
486,24.3,11.32174073140915,-1.486506580490258,-23.683984905815304,0.0768900684303511,0.14195813815277755,-1.6557683236373943,0.0022266369621638635,0.0030214632509348617,-0.0018609291756881015,0,70,255.0,255.0,255.0
487,24.35,11.325587029410707,-1.4794056073223882,-23.766774463953546,0.07694207730864819,0.1420665771853403,-1.6557903177902793,-0.00014628183027984906,0.0013160980515749057,0.0009811630602883622,0,70,255.0,255.0,255.0
488,24.400000000000002,11.329432961707688,-1.4723013439093897,-23.849561569184132,0.07687544024732311,0.14208974795793505,-1.6556702073313654,-0.002519200622723562,-0.00038926714778505025,0.0038232552962648263,0,70,255.0,255.0,255.0
489,24.450000000000003,11.333272596003113,-1.4651980536642606,-23.932339116276484,0.07669015724637583,0.14202765047056182,-1.6554079922606528,-0.004892119415167274,-0.0020946323471450062,0.0066653475322412895,0,70,255.0,255.0,255.0
490,24.5,11.3371,-1.4581,-24.0151,0.0763862283058064,0.1418802847232206,-1.6550036725781414,-0.007265038207611263,-0.0037999975465046187,0.009507439768210446,0,70,255.0,255.0,255.0
491,24.55,11.34091127392047,-1.451010346330832,-24.097838668843984,0.07608560457184328,0.1417136506423064,-1.6545504714768766,-0.004759911150912708,-0.0028653656900630466,0.008620604282380371,0,70,255.0,255.0,255.0
492,24.6,11.344710648063064,-1.4439278560758886,-24.180555786177262,0.07591023719071512,0.14159374815421427,-1.6541416121499033,-0.002254784094214153,-0.0019307338336214742,0.0077337687965502964,0,70,255.0,255.0,255.0
493,24.650000000000002,11.348504385245423,-1.43685019265553,-24.263253569088544,0.07586012616242188,0.14152057725894424,-1.6537770945972217,0.0002503429624844027,-0.0009961019771799018,0.0068469333107202225,0,70,255.0,255.0,255.0
494,24.700000000000003,11.352298748285188,-1.4297750194901138,-24.345934234666558,0.07593527148696357,0.1414941379564963,-1.6534569188188313,0.0027554700191829568,-6.147012073832959e-05,0.005960097824890148,0,70,255.0,255.0,255.0
495,24.75,11.3561,-1.4227,-24.4286,0.07613567316434017,0.1415144302468704,-1.6531810848147326,0.005260597075881668,0.0008731617357031762,0.005073262339056583,0,70,255.0,255.0,255.0
496,24.8,11.359912572908964,-1.4156232341864146,-24.511252418808773,0.07635151328227516,0.14155525927799562,-1.6529097904550978,0.003373007641517818,0.0007599995093051854,0.005778512046338601,0,70,255.0,255.0,255.0
497,24.85,11.363733578337031,-1.4085445683740556,-24.59389039133742,0.07647297392849196,0.14159043019780093,-1.6526032336100986,0.0014854182071539677,0.0006468372829071946,0.006483761753620618,0,70,255.0,255.0,255.0
498,24.900000000000002,11.367558297310618,-1.4014642854684896,-24.676512154461694,0.07650005510299056,0.14161994300628633,-1.6522614142797356,-0.00040217122720988263,0.0005336750565092037,0.007189011460902636,0,70,255.0,255.0,255.0
499,24.950000000000003,11.371382010856136,-1.394382668375282,-24.759115945057307,0.07643275680577095,0.14164379770345184,-1.6518843324640085,-0.0022897606615737325,0.0004205128301112129,0.007894261168184653,0,70,255.0,255.0,255.0
500,25.0,11.3752,-1.3873,-24.8417,0.0762710790368332,0.1416619942892975,-1.6514719881629174,-0.004177350095937227,0.00030735060371345213,0.008599510875464844,0,70,255.0,255.0,255.0
501,25.05,11.379008834443672,-1.3802167169235098,-24.924262055920945,0.07609234229905547,0.1416653122457117,-1.6509943667027267,-0.002972119415171753,-0.00017463234714494975,0.010505347532162217,0,70,255.0,255.0,255.0
502,25.1,11.382810238588805,-1.3731338704278877,-25.00679784847306,0.07597386709531602,0.141644531054583,-1.6504214534097013,-0.0017668887344062792,-0.0006566152980033516,0.01241118418885959,0,70,255.0,255.0,255.0
503,25.150000000000002,11.386607225512103,-1.3660526654705103,-25.089302613064707,0.07591565342561483,0.14159965071591135,-1.6497532482838406,-0.0005616580536408054,-0.0011385982488617535,0.014317020845556964,0,70,255.0,255.0,255.0
504,25.200000000000003,11.390402808290268,-1.3589743070087554,-25.17177158510423,0.07591770128995193,0.14153067122969681,-1.6489897513251452,0.0006435726271246684,-0.0016205811997201554,0.016222857502254336,0,70,255.0,255.0,255.0
505,25.25,11.3942,-1.3519,-25.2542,0.07598001068832731,0.14143759259593935,-1.6481309625336154,0.0018488033078899457,-0.002102564150578967,0.018128694158955128,0,70,255.0,255.0,255.0
506,25.3,11.398000889316346,-1.3448306981195455,-25.336584157507456,0.07604711752150425,0.1413354917391564,-1.6472407427340183,0.00083547001918732,-0.0019814701207383914,0.017480097824931908,0,70,255.0,255.0,255.0
507,25.35,11.401803867307743,-1.3377663499143926,-25.41892461477035,0.07606355769024604,0.1412394455838655,-1.646382952751122,-0.0001778632695153058,-0.0018603760908978161,0.016831501490908687,0,70,255.0,255.0,255.0
508,25.400000000000002,11.405606400640966,-1.3307066526494673,-25.501222993279516,0.07602933119455271,0.14114945413006663,-1.6455575925849273,-0.0011911965582179318,-0.0017392820610572404,0.016182905156885467,0,70,255.0,255.0,255.0
509,25.450000000000003,11.409405955982791,-1.3236513035896944,-25.583480914525786,0.07594443803442426,0.1410655173777598,-1.6447646622354335,-0.0022045298469205573,-0.001618188031216665,0.015534308822862249,0,70,255.0,255.0,255.0
510,25.5,11.4132,-1.3166,-25.6657,0.07580887820986065,0.14098763532694497,-1.644004161702641,-0.0032178631356236664,-0.0014970940013765421,0.014885712488835523,0,70,255.0,255.0,255.0
511,25.55,11.416986808290938,-1.3095524905983078,-25.74788131404924,0.07567118761493072,0.14091272079766334,-1.6432426623612144,-0.0022897606615736566,-0.001499487169888436,0.015574261168231029,0,70,255.0,255.0,255.0
512,25.6,11.42076789218022,-1.3025087299145406,-25.830023692445558,0.07557990214370328,0.14083768660995613,-1.642446735585818,-0.001361658187523647,-0.00150188033840033,0.016262809847626535,0,70,255.0,255.0,255.0
513,25.650000000000002,11.424545571924037,-1.2954687239316192,-25.91212541381726,0.07553502179617835,0.1407625327638233,-1.6416163813764517,-0.00043355571347363734,-0.0015042735069122238,0.016951358527022037,0,70,255.0,255.0,255.0
514,25.700000000000003,11.42832216777857,-1.2884324786324652,-25.99418475679264,0.07553654657235592,0.1406872592592649,-1.6407515997331157,0.0004945467605763725,-0.0015066666754241177,0.017639907206417543,0,70,255.0,255.0,255.0
515,25.75,11.4321,-1.2814,-26.0762,0.07558447647223598,0.14061186609628093,-1.63985239065581,0.0014226492346260944,-0.0015090598439362335,0.018328455885813,0,70,255.0,255.0,255.0
516,25.8,11.4358806775199,-1.2743713394872227,-26.158168986295593,0.07563613201877975,0.14053362507018952,-1.6388926078211086,0.0006435726271246334,-0.0016205811997204406,0.020062857502247435,0,70,255.0,255.0,255.0
517,25.85,11.439662963971372,-1.2673467304274442,-26.24008781544743,0.07564883373494845,0.14044980797630888,-1.637846104905585,-0.0001355039803768276,-0.0017321025555046474,0.021797259118681873,0,70,255.0,255.0,255.0
518,25.900000000000002,11.44344491166289,-1.2603264516240547,-26.321952151451477,0.07562258162074208,0.14036041481463904,-1.6367128819092402,-0.0009145805878782885,-0.0018436239112888545,0.023531660735116307,0,70,255.0,255.0,255.0
519,25.950000000000003,11.44722457290294,-1.2533107818804432,-26.40375765830368,0.07555737567616061,0.14026544558517998,-1.6354929388320736,-0.0016936571953797496,-0.0019551452670730613,0.025266062351550742,0,70,255.0,255.0,255.0
520,26.0,11.451,-1.2463,-26.4855,0.0754532159012041,0.14016490028793172,-1.6341862756740853,-0.0024727338028818213,-0.0020666666228583708,0.027000463967988608,0,70,255.0,255.0,255.0
521,26.05,11.454769681629456,-1.239294151452802,-26.56717554076839,0.07533628430995817,0.14007277892157982,-1.6328349063543164,-0.002204529846955113,-0.0016181880312171096,0.027054308822767225,0,70,255.0,255.0,255.0
522,26.1,11.458533851934293,-1.232292348375682,-26.648783445764717,0.07523276291650859,0.14000308148481,-1.6314808447918083,-0.0019363258910284043,-0.0011697094395758485,0.027108153677545845,0,70,255.0,255.0,255.0
523,26.150000000000002,11.462293181424403,-1.2252934695721611,-26.730323580376858,0.07514265172085534,0.13995580797762225,-1.6301240909865617,-0.001668121935101696,-0.0007212308479345871,0.027161998532324462,0,70,255.0,255.0,255.0
524,26.200000000000003,11.466048340609674,-1.21829639384576,-26.811795809992667,0.0750659507229984,0.13993095840001654,-1.628764644938576,-0.0013999179791749875,-0.000272752256293326,0.027215843387103082,0,70,255.0,255.0,255.0
525,26.25,11.4698,-1.2113,-26.8932,0.07500265992293782,0.13992853275199293,-1.6274025066478515,-0.0011317140232486311,0.00017572633534723714,0.027269688241878143,0,70,255.0,255.0,255.0
526,26.3,11.473548595962278,-1.204304054701569,-26.97453605063086,0.07493873074137197,0.13989525924349103,-1.6260397667616429,-0.0014254532393851258,-0.0015066666754242747,0.02723990720646121,0,70,255.0,255.0,255.0
527,26.35,11.477293628291457,-1.1973118760698265,-27.055804001493694,0.07486011459899931,0.1397778660844505,-1.6246785159272055,-0.0017191924555216205,-0.0031890596861957866,0.02721012617104428,0,70,255.0,255.0,255.0
528,26.400000000000002,11.481034362639496,-1.1903276700872993,-27.13700392704111,0.07476681149581982,0.13957635327487142,-1.6233187541445384,-0.002012931671658115,-0.004871452696967298,0.027180345135627348,0,70,255.0,255.0,255.0
529,26.450000000000003,11.48477006465836,-1.1833556427365146,-27.21813590172568,0.0746588214318335,0.13929072081475374,-1.6219604814136426,-0.0023066708877946098,-0.00655384570773881,0.027150564100210415,0,70,255.0,255.0,255.0
530,26.5,11.4885,-1.1764,-27.2992,0.07453614440704034,0.13892096870409756,-1.6206036977345175,-0.0026004101039316385,-0.008236238718510203,0.027120783064793486,0,70,255.0,255.0,255.0
531,26.55,11.492223934521434,-1.1694632297409215,-27.380195456708194,0.07442879272455755,0.13857018410445798,-1.6191980265991073,-0.0016936571953800475,-0.0057951452670730414,0.029106062351612068,0,70,255.0,255.0,255.0
532,26.6,11.49594363489988,-1.162540947345011,-27.461118148260503,0.07436677868750234,0.13834145417739024,-1.6176930914993564,-0.0007869042868284568,-0.0033540518156358803,0.03109134163843065,0,70,255.0,255.0,255.0
533,26.650000000000002,11.499661368017609,-1.1556270500786394,-27.541963111458728,0.0743501022958747,0.13823477892289437,-1.6160888924352643,0.000119848621723134,-0.00091295836419872,0.03307662092524923,0,70,255.0,255.0,255.0
534,26.700000000000003,11.503379400756891,-1.1487154352081785,-27.62272538310463,0.07437876354967465,0.13825015834097037,-1.6143854294068314,0.001026601530274725,0.001528135087238442,0.035061900212067815,0,70,255.0,255.0,255.0
535,26.75,11.5071,-1.1418,-27.7034,0.07445276244890216,0.13838759243161824,-1.6125827024140575,0.0019333544388263624,0.003969228538675651,0.03704717949888625,0,70,255.0,255.0,255.0
536,26.8,11.510824465951986,-1.1348766263347434,-27.783982922536378,0.07451409836039333,0.13852800433867768,-1.61073612684191,0.0005200820208205246,0.001647247743701963,0.03681584338701107,0,70,255.0,255.0,255.0
537,26.85,11.514550232109023,-1.1279491345501278,-27.864473805464286,0.07450477065098421,0.13855231720598846,-1.6089011180753565,-0.0008931903971853132,-0.000674733051271725,0.03658450727513588,0,70,255.0,255.0,255.0
538,26.900000000000002,11.51827376529007,-1.1210233295981402,-27.944873227124003,0.0744247793206748,0.13846053103355052,-1.6070776761143966,-0.0023064628151911503,-0.002996713846245413,0.0363531711632607,0,70,255.0,255.0,255.0
539,26.950000000000003,11.521991532314077,-1.1141050164307682,-28.02518176585582,0.0742741243694651,0.1382526458213639,-1.6052658009590302,-0.0037197352331969887,-0.005318694641219101,0.03612183505138552,0,70,255.0,255.0,255.0
540,27.0,11.5257,-1.1072,-28.1054,0.07405280579735511,0.1379286615694286,-1.6034654926092582,-0.005133007651202726,-0.007640675436192401,0.03589049893951213,0,70,255.0,255.0,255.0
541,27.05,11.529396601670621,-1.1003126649201034,-28.185528053146307,0.07381881383388028,0.13757379854083043,-1.6016494660332639,-0.004226670887790416,-0.006553845707734258,0.036750564100258044,0,70,255.0,255.0,255.0
542,27.1,11.533082636664025,-1.0934417144544761,-28.26556422988236,0.07363013870857606,0.13727327699865516,-1.5997904361992323,-0.003320334124378107,-0.0054670159792761155,0.03761062926100396,0,70,255.0,255.0,255.0
543,27.150000000000002,11.536760370822117,-1.0865844315287974,-28.345506380045265,0.07348678042144247,0.1370270969429028,-1.5978884031071634,-0.0024139973609657974,-0.004380186250817973,0.03847069442174988,0,70,255.0,255.0,255.0
544,27.200000000000003,11.540432069986807,-1.0797380990687455,-28.425352353472114,0.07338873897247948,0.13683525837357335,-1.5959433667570573,-0.001507660597553488,-0.0032933565223598298,0.039330759582495795,0,70,255.0,255.0,255.0
545,27.25,11.5441,-1.0729,-28.5051,0.07333601436168712,0.13669776129066685,-1.593955327148914,-0.000601323834141243,-0.002206526793900654,0.04019082474325231,0,70,255.0,255.0,255.0
546,27.3,11.547765927365527,-1.0660679139848417,-28.584747264878406,0.0732986463040897,0.1365848014980003,-1.5919300090250312,-0.0008933984697549844,-0.0023118649127607874,0.04082190021205819,0,70,255.0,255.0,255.0
547,27.35,11.551429621234881,-1.0592416076319653,-28.664292475006278,0.07324667451471162,0.13646657479939078,-1.589873137127708,-0.0011854731053687257,-0.002417203031620921,0.041452975680864076,0,70,255.0,255.0,255.0
548,27.400000000000002,11.55509035142147,-1.0524213442866681,-28.743734052694954,0.07318009899355284,0.1363430811948382,-1.5877847114569448,-0.0014775477409824669,-0.002522541150481055,0.04208405114966996,0,70,255.0,255.0,255.0
549,27.450000000000003,11.558747387738705,-1.0456073872942473,-28.823070420255753,0.07309891974061337,0.13621432068434264,-1.585664732012741,-0.0017696223765962082,-0.0026278792693411883,0.042715126618475846,0,70,255.0,255.0,255.0
550,27.5,11.5624,-1.0388,-28.9023,0.07300313675589322,0.13608029326790413,-1.583513198795097,-0.0020616970122097067,-0.0027332173882006483,0.04334620208728701,0,70,255.0,255.0,255.0
551,27.55,11.566047688867272,-1.0319996791405288,-28.98142128734008,0.07290660094975879,0.13592699546716863,-1.5813344978666306,-0.0017997352331671841,-0.0033986946412193223,0.04380183505136622,0,70,255.0,255.0,255.0
552,27.6,11.56969087839646,-1.0252078550176604,-29.06043307009253,0.0728231632325765,0.13574042380378218,-1.5791330152899605,-0.0015377734541246616,-0.004064171894237996,0.044257468015445424,0,70,255.0,255.0,255.0
553,27.650000000000002,11.573330223492011,-1.0184261913245278,-29.13933420917494,0.07275282360434632,0.13552057827774483,-1.576908751065086,-0.001275811675082139,-0.004729649147256671,0.044713100979524634,0,70,255.0,255.0,255.0
554,27.700000000000003,11.576966379058376,-1.0116563517542632,-29.218123565504907,0.07269558206506828,0.13526745888905653,-1.5746617051920078,-0.0010138498960396165,-0.005395126400275345,0.04516873394360384,0,70,255.0,255.0,255.0
555,27.75,11.5806,-1.0049,-29.2968,0.07265143861474237,0.13498106563771733,-1.572391877670726,-0.0007518881169971126,-0.00606060365329375,0.045624366907681235,0,70,255.0,255.0,255.0
556,27.8,11.58423131716539,-0.9981581694530428,-29.37536198576129,0.07259494989687774,0.1346992166333259,-1.57007599950847,-0.0015076605975877008,-0.0052133565223635315,0.04701075958254963,0,70,255.0,255.0,255.0
557,27.85,11.587858865179289,-0.9914293722973914,-29.45380644462362,0.07250067255498359,0.13445972998548095,-1.5676908017124709,-0.002263433078178289,-0.004366109391433313,0.04839715225741802,0,70,255.0,255.0,255.0
558,27.900000000000002,11.591480754610489,-0.9847114904152187,-29.53212991060531,0.07236860658905991,0.13426260569418258,-1.5652362842827283,-0.003019205558768877,-0.0035188622605030946,0.04978354493228642,0,70,255.0,255.0,255.0
559,27.950000000000003,11.595095096027793,-0.9780024056886971,-29.610328917724665,0.0721987519991067,0.13410784375943066,-1.5627124472192422,-0.0037749780393594654,-0.002671615129572876,0.05116993760715481,0,70,255.0,255.0,255.0
560,28.0,11.5987,-0.9713,-29.6884,0.07199110878512398,0.1339954441812253,-1.5601192905220127,-0.004530750519950444,-0.0018243679986429395,0.052556330282021335,0,70,255.0,255.0,255.0
561,28.05,11.602294242471165,-0.9646028430472997,-29.766340369614777,0.07178559946271128,0.1338841379995258,-1.557497504099499,-0.003689622376557688,-0.0026278792693367973,0.052315126618523417,0,70,255.0,255.0,255.0
562,28.1,11.605879260886388,-0.9579122557927728,-29.844149951413005,0.07162214654746821,0.13373265625429162,-1.5548877778601602,-0.002848494233164932,-0.003431390540030655,0.052073922955025505,0,70,255.0,255.0,255.0
563,28.150000000000002,11.609457158066032,-0.951230247014596,-29.921829348403847,0.07150075003939477,0.13354099894552274,-1.5522901118039965,-0.0020073660897721754,-0.004234901810724513,0.051832719291527586,0,70,255.0,255.0,255.0
564,28.200000000000003,11.61303003683045,-0.9445588254909459,-29.99937916359646,0.07142140993849098,0.13330916607321916,-1.5497045059310075,-0.0011662379463794194,-0.005038413081418371,0.05159151562802967,0,70,255.0,255.0,255.0
565,28.25,11.6166,-0.9379,-30.0768,0.07138412624475682,0.1330371576373809,-1.5471309602411938,-0.0003251098029868338,-0.005841924352113281,0.051350311964533546,0,70,255.0,255.0,255.0
566,28.3,11.620168512949943,-0.9312552583577576,-30.154091735779616,0.07135065225228115,0.13275623136857115,-1.5445259840934924,-0.0010138498960395302,-0.005395126400275346,0.05284873394351808,0,70,255.0,255.0,255.0
567,28.35,11.623734491275151,-0.9246240045315162,-30.231251349724367,0.07128274125515285,0.13249764499735334,-1.5418460868468418,-0.0017025899890922265,-0.00494832844843741,0.05434715592250261,0,70,255.0,255.0,255.0
568,28.400000000000002,11.627296213125383,-0.9180051215263956,-30.30827509577932,0.07118039325337194,0.13226139852372742,-1.5390912685012421,-0.002391330082144923,-0.0045015304965994735,0.05584557790148714,0,70,255.0,255.0,255.0
569,28.450000000000003,11.63085195665041,-0.9113974923475167,-30.38515922788951,0.07104360824693837,0.13204749194769339,-1.5362615290566932,-0.0030800701751976193,-0.004054732544761538,0.057343999880471674,0,70,255.0,255.0,255.0
570,28.5,11.6344,-0.9048,-30.4619,0.0708723862358522,0.13185592526925127,-1.533356868513195,-0.0037688102682505997,-0.003607934592923634,0.05884242185945254,0,70,255.0,255.0,255.0
571,28.55,11.637938905729053,-0.8982121235216689,-30.538494287266776,0.07068379152816108,0.1316509365261888,-1.5304145595265302,-0.0037749780393938836,-0.004591615129574592,0.058849937607135416,0,70,255.0,255.0,255.0
572,28.6,11.641468374013005,-0.8916357260811616,-30.614941449689532,0.0704948884319128,0.1313967637562938,-1.5274718747524816,-0.003781145810537168,-0.00557529566622555,0.05885745335481829,0,70,255.0,255.0,255.0
573,28.650000000000002,11.644988389432434,-0.8850732668798198,-30.6912414684789,0.07030567694710736,0.13109340695956626,-1.5245288141910485,-0.0037873135816804517,-0.006558976202876507,0.05886496910250116,0,70,255.0,255.0,255.0
574,28.700000000000003,11.648498936567908,-0.8785272051189853,-30.767394324845515,0.07011615707374474,0.13074086613600616,-1.5215853778422312,-0.003793481352823736,-0.007542656739527465,0.05887248485018404,0,70,255.0,255.0,255.0
575,28.75,11.652,-0.872,-30.8434,0.06992632881182499,0.13033914128561352,-1.5186415657060301,-0.0037996491239670194,-0.008526337276178353,0.05888000059786691,0,70,255.0,255.0,255.0
576,28.8,11.655491864133843,-0.8654930475555667,-30.919258315153293,0.0697541816350673,0.12995202252667365,-1.5156877778003814,-0.0030862379463409205,-0.006958413081416537,0.059271515628080355,0,70,255.0,255.0,255.0
577,28.85,11.65897601267282,-0.8590034911438368,-30.994968451517515,0.06961770501719089,0.12964329997747187,-1.512714414143222,-0.0023728267687148216,-0.005390488886654721,0.0596630306582938,0,70,255.0,255.0,255.0
578,28.900000000000002,11.662454229144878,-0.8525274109543236,-31.070529430305093,0.06951689895819581,0.12941297363800816,-1.509721474734552,-0.0016594155910887227,-0.0038225646918929046,0.06005454568850725,0,70,255.0,255.0,255.0
579,28.950000000000003,11.665928297077954,-0.8460608871765402,-31.145940272728446,0.06945176345808202,0.12926104350828257,-1.5067089595743712,-0.0009460044134626238,-0.0022546404971310885,0.0604460607187207,0,70,255.0,255.0,255.0
580,29.0,11.6694,-0.8396,-31.2212,0.06942229851684956,0.12918750958829506,-1.50367686866268,-0.00023259323583602054,-0.0006867163023693834,0.06083757574893056,0,70,255.0,255.0,255.0
581,29.05,11.672870437735572,-0.8331420862560641,-31.29630685212006,0.06938748193157361,0.12911697336711672,-1.5005783292719452,-0.0011600701752019793,-0.002134732544763927,0.06310399988045536,0,70,255.0,255.0,255.0
582,29.1,11.676337975295707,-0.8266895093434902,-31.371255944240424,0.06930629149932936,0.12897403633381865,-1.4973664686746344,-0.002087547114567938,-0.0035827487871584705,0.06537042401198014,0,70,255.0,255.0,255.0
583,29.150000000000002,11.679800293988055,-0.8202458893028841,-31.44604161030075,0.06917872722011681,0.12875869848840088,-1.494041286870747,-0.0030150240539338962,-0.005030765029553014,0.06763684814350493,0,70,255.0,255.0,255.0
584,29.200000000000003,11.683255075120268,-0.8138148461748518,-31.52065818424072,0.06900478909393597,0.12847095983086335,-1.490602783860284,-0.003942500993299855,-0.006478781271947558,0.06990327227502972,0,70,255.0,255.0,255.0
585,29.25,11.6867,-0.8074,-31.5951,0.06878447712078682,0.1281108203612061,-1.4870509596432444,-0.004869977932666081,-0.007926797514342665,0.0721696964065579,0,70,255.0,255.0,255.0
586,29.3,11.690133584923865,-0.8010042074201764,-31.66936307636647,0.06856789063864872,0.1277240840048594,-1.4834869051118265,-0.0037934813528580037,-0.007542656739525405,0.0703924848501593,0,70,255.0,255.0,255.0
587,29.35,11.693557686144349,-0.7946272714822015,-31.743450171520816,0.06840512898550101,0.12735655468725357,-1.4800117111582285,-0.002716984773049927,-0.007158515964708146,0.06861527329376069,0,70,255.0,255.0,255.0
588,29.400000000000002,11.696974994902899,-0.7882682318341385,-31.81736572849192,0.06829619216134372,0.12700823240838857,-1.4766253777824503,-0.0016404881932418499,-0.006774375189890886,0.06683806173736208,0,70,255.0,255.0,255.0
589,29.450000000000003,11.700388202440966,-0.78192612812405,-31.89111419030869,0.06824108016617683,0.12667911716826447,-1.473327904984492,-0.0005639916134337732,-0.006390234415073626,0.06506085018096347,0,70,255.0,255.0,255.0
590,29.5,11.7038,-0.7756,-31.9647,0.06823979300000033,0.1263692089668812,-1.4701192927643543,0.0005125049663743386,-0.006006093640256616,0.06328363862456676,0,70,255.0,255.0,255.0
591,29.55,11.707212022568967,-0.7692890840632298,-32.03812564241406,0.06822895551382398,0.12606669061344647,-1.4668820502807722,-0.0009460044134281128,-0.006094640497132709,0.06620606071870694,0,70,255.0,255.0,255.0
592,29.6,11.710621680126899,-0.7629934047277025,-32.11138576967634,0.0681451925586575,0.1257597449171679,-1.4634986866924835,-0.002404513793230564,-0.006183187354008804,0.06912848281284711,0,70,255.0,255.0,255.0
593,29.650000000000002,11.714025326400348,-0.7567131833605603,-32.18447307573157,0.06798850413450093,0.12544837187804556,-1.4599692019994874,-0.003863023173033015,-0.006271734210884897,0.07205090490698728,0,70,255.0,255.0,255.0
594,29.700000000000003,11.717419315115865,-0.7504486413289453,-32.25738025452454,0.0677588902413542,0.12513257149607943,-1.4562935962017847,-0.005321532552835467,-0.006360281067760992,0.07497332700112745,0,70,255.0,255.0,255.0
595,29.75,11.7208,-0.7442,-32.3301,0.06745635087921739,0.12481234377126948,-1.452471869299375,-0.006780041932637593,-0.0064488279246370794,0.07789574909526387,0,70,255.0,255.0,255.0
596,29.8,11.72416472480027,-0.7379674563269035,-32.402626353977276,0.06714028730606905,0.12448915354135486,-1.4485848937651165,-0.005862500993295448,-0.006478781271947832,0.07758327227507955,0,70,255.0,255.0,255.0
597,29.85,11.727514793348057,-0.7317511096069871,-32.47495874977387,0.06687010077988785,0.12416446564407468,-1.4447135420718669,-0.004944960053953303,-0.006508734619258583,0.07727079545489522,0,70,255.0,255.0,255.0
598,29.900000000000002,11.73085249949571,-0.7255510347236186,-32.54709796858182,0.06664579130067373,0.12383828007942899,-1.4408578142196267,-0.004027419114611158,-0.0065386879665693355,0.0769583186347109,0,70,255.0,255.0,255.0
599,29.950000000000003,11.734180137095576,-0.7193673065601668,-32.61904479159318,0.06646735886842672,0.12351059684741775,-1.4370177102083959,-0.0031098781752690132,-0.006568641313880088,0.07664584181452659,0,70,255.0,255.0,255.0
600,30.0,11.7375,-0.7132,-32.6908,0.06633480348314684,0.12318141594804101,-1.4331932300381742,-0.0021923372359270443,-0.0065985946611909485,0.07633336499433874,0,70,255.0,255.0,255.0
601,30.05,11.740813878229956,-0.707049090629155,-32.76236414167684,0.06621789526191123,0.12285669522113438,-1.4293703746587907,-0.002483991613497753,-0.006390234415073978,0.07658085018100387,0,70,255.0,255.0,255.0
602,30.1,11.744121546480878,-0.7009141568443479,-32.83373683122823,0.06608640432179706,0.1225423925065336,-1.425535145020074,-0.0027756459910684623,-0.006181874168957008,0.076828335367669,0,70,255.0,255.0,255.0
603,30.150000000000002,11.747422275616819,-0.6947946777449631,-32.904917449941195,0.06594033066280437,0.12223850780423867,-1.4216875411220236,-0.003067300368639171,-0.005973513922840037,0.07707582055433414,0,70,255.0,255.0,255.0
604,30.200000000000003,11.750715336501843,-0.6886901324303855,-32.97590537910278,0.06577967428493314,0.12194504111424959,-1.4178275629646402,-0.0033589547462098803,-0.005765153676723067,0.07732330574099927,0,70,255.0,255.0,255.0
605,30.25,11.754,-0.6826,-33.0467,0.06560443518818337,0.12166199243656639,-1.413955210547924,-0.0036506091237806793,-0.005556793430606444,0.07757079092765906,0,70,255.0,255.0,255.0
606,30.3,11.757275762279908,-0.6765241811564754,-33.11730027931537,0.06542813164626957,0.1213640655741072,-1.4100456075997048,-0.00340153255277151,-0.006360281067761176,0.07881332700111658,0,70,255.0,255.0,255.0
607,30.35,11.760543020728436,-0.6704642630156201,-33.18770352531325,0.06526428193290622,0.12102596432979026,-1.4060738778478123,-0.0031524559817623404,-0.007163768704915908,0.0800558630745741,0,70,255.0,255.0,255.0
608,30.400000000000002,11.76380239803701,-0.6644222542965271,-33.257906631653434,0.06511288604809333,0.1206476887036156,-1.402040021292247,-0.0029033794107531713,-0.00796725634207064,0.08129839914803162,0,70,255.0,255.0,255.0
609,30.450000000000003,11.767054516897055,-0.6584001637182892,-33.32790649199574,0.06497394399183089,0.12022923869558319,-1.397944037933009,-0.0026543028397440016,-0.008770743979225372,0.08254093522148914,0,70,255.0,255.0,255.0
610,30.5,11.7703,-0.6524,-33.3977,0.06484745576411895,0.11977061430569307,-1.3937859277700984,-0.002405226268734739,-0.009574231616380824,0.08378347129495012,0,70,255.0,255.0,255.0
611,30.55,11.77353907265041,-0.6464229847449431,-33.467284341061664,0.06470957815301884,0.11931904248243654,-1.3895831949423618,-0.003109878175269053,-0.008488641313880014,0.08432584181450978,0,70,255.0,255.0,255.0
612,30.6,11.77677037060538,-0.6404671910931709,-33.536657867518805,0.06453646794659204,0.11892175017430506,-1.3853533435886471,-0.003814530081803367,-0.007403051011379205,0.08486821233406944,0,70,255.0,255.0,255.0
613,30.650000000000002,11.779992132235147,-0.6345299050689269,-33.6058192234451,0.0643281251448385,0.11857873738129861,-1.3810963737089548,-0.0045191819883376805,-0.006317460708878396,0.0854105828536291,0,70,255.0,255.0,255.0
614,30.700000000000003,11.783202595909941,-0.6286084126964553,-33.67476705291427,0.06408454974775826,0.1182900041034172,-1.3768122853032843,-0.005223833894871995,-0.005231870406377586,0.08595295337318877,0,70,255.0,255.0,255.0
615,30.75,11.7864,-0.6227,-33.7435,0.06380574175535132,0.11805555034066084,-1.372501078371636,-0.005928485801406258,-0.004146280103876965,0.0864953238927555,0,70,255.0,255.0,255.0
616,30.8,11.789583147118456,-0.616803079863752,-33.81201675643794,0.06352555574165931,0.11780776449614584,-1.3681656126307946,-0.005278954746273725,-0.0057651536767229904,0.08692330574090762,0,70,255.0,255.0,255.0
617,30.85,11.792753096850046,-0.6109205726116961,-33.88031620461154,0.06327784628072394,0.11747903497298853,-1.3638087477975451,-0.004629423691141192,-0.007384027249569016,0.08735128758905973,0,70,255.0,255.0,255.0
618,30.900000000000002,11.795911473022407,-0.6050565254277638,-33.94839727456616,0.06306261337254519,0.11706936177118893,-1.3594304838718885,-0.0039798926360086586,-0.00900290082241504,0.08777926943721186,0,70,255.0,255.0,255.0
619,30.950000000000003,11.799059899463181,-0.5992149854958876,-34.01625889634719,0.06287985701712306,0.11657874489074702,-1.3550308208538238,-0.0033303615808761254,-0.010621774395261067,0.08820725128536398,0,70,255.0,255.0,255.0
620,31.0,11.8022,-0.5934,-34.0839,0.0627295772144576,0.11600718433166284,-1.3506097587433523,-0.002680830525743527,-0.012240647968107754,0.08863523313351784,0,70,255.0,255.0,255.0
621,31.05,11.805333138875769,-0.5876142958000483,-34.151319033186546,0.06259619888032211,0.11543389953297956,-1.3461383545344774,-0.0026543028396757147,-0.01069074397922356,0.09022093522147297,0,70,255.0,255.0,255.0
622,31.1,11.808459641994437,-0.5818553184600445,-34.21851251403505,0.062464146930490023,0.11493810993374046,-1.3415876652212049,-0.002627775153607902,-0.009140839990339367,0.09180663730942809,0,70,255.0,255.0,255.0
623,31.150000000000002,11.811579575675223,-0.5761191932200167,-34.28547647829026,0.062333421364961325,0.1145198155339456,-1.3369576908035345,-0.0026012474675400897,-0.007590936001455173,0.0933923393973832,0,70,255.0,255.0,255.0
624,31.200000000000003,11.814693006237338,-0.5704020453199924,-34.35220696169699,0.06220402218373601,0.11417901633359494,-1.3322484312814664,-0.0025747197814722776,-0.00604103201257098,0.09497804148533832,0,70,255.0,255.0,255.0
625,31.25,11.8178,-0.5647,-34.4187,0.0620759493868141,0.11391571233268849,-1.3274598866550007,-0.002548192095404467,-0.004491128023687452,0.09656374357329511,0,70,255.0,255.0,255.0
626,31.3,11.820900297378472,-0.5590101369360545,-34.48495271081587,0.06192964873705708,0.1136726373719368,-1.322656969231334,-0.003303833894876462,-0.005231870406379901,0.09555295337337312,0,70,255.0,255.0,255.0
627,31.35,11.823992335172207,-0.5533333535481251,-34.55096653924831,0.061745565997326446,0.11339252529205049,-1.3179045913176632,-0.004059475694348457,-0.00597261278907235,0.09454216317345111,0,70,255.0,255.0,255.0
628,31.400000000000002,11.827074224276705,-0.5476715016921683,-34.6167440122728,0.06152370116762223,0.11307537609302956,-1.3132027529139887,-0.004815117493820452,-0.006713355171764799,0.09353137297352912,0,70,255.0,255.0,255.0
629,31.450000000000003,11.83014407558747,-0.5420264332241408,-34.682287656864865,0.06126405424794439,0.11272118977487401,-1.30855145402031,-0.005570759293292447,-0.007454097554457249,0.09252058277360711,0,70,255.0,255.0,255.0
630,31.5,11.8332,-0.5364,-34.7476,0.060966625238292986,0.11232996633758385,-1.3039506946366282,-0.006326401092764333,-0.008194839937149867,0.09150979257368164,0,70,255.0,255.0,255.0
631,31.55,11.836240871610345,-0.530793956455733,-34.81268212354998,0.06067720617145123,0.1119075509792735,-1.2993137685401541,-0.005250361580905612,-0.00870177439526368,0.09396725128528022,0,70,255.0,255.0,255.0
632,31.6,11.839268617316739,-0.5252096673474542,-34.877529328971754,0.06044158908020241,0.11145978889805748,-1.2945539695081,-0.00417432206904689,-0.009208708853377493,0.0964247099968788,0,70,255.0,255.0,255.0
633,31.650000000000002,11.842285927217958,-0.5196484000113089,-34.94213547261853,0.060259773964546536,0.11098668009393574,-1.289671297540466,-0.0030982825571881684,-0.009715643311491306,0.09888216870847738,0,70,255.0,255.0,255.0
634,31.700000000000003,11.845295491412784,-0.5141114217834423,-35.00649441084354,0.0601317608244836,0.11048822456690834,-1.284665752637252,-0.0020222430453294468,-0.01022257776960512,0.10133962742007596,0,70,255.0,255.0,255.0
635,31.75,11.8483,-0.5086,-35.0706,0.060057549660013594,0.10996442231697526,-1.2795373347984587,-0.0009462035334709129,-0.010729512227719118,0.10379708613167082,0,70,255.0,255.0,255.0
636,31.8,11.851301016180146,-0.5031148372410129,-35.13444759498419,0.059969526577140865,0.10944915871096808,-1.2743759566080373,-0.0025747197814382514,-0.00988103201256777,0.10265804148518497,0,70,255.0,255.0,255.0
637,31.85,11.854295595560842,-0.4976543770620571,-35.19803854486468,0.05980007768186977,0.10897631911571846,-1.26927153064994,-0.00420323602940559,-0.009032551797416419,0.10151899683869911,0,70,255.0,255.0,255.0
638,31.900000000000002,11.85727966685146,-0.49221649826259495,-35.26137569725306,0.0595492029742003,0.10854590353122642,-1.2642240569241672,-0.005831752277372928,-0.00818407158226507,0.10037995219221324,0,70,255.0,255.0,255.0
639,31.950000000000003,11.860249158761388,-0.48679907964208835,-35.324461899760976,0.05921690245413247,0.10815791195749194,-1.2592335354307185,-0.007460268525340267,-0.007335591367113721,0.09924090754572738,0,70,255.0,255.0,255.0
640,32.0,11.8632,-0.4814,-35.3873,0.058803176121666294,0.10781234439451508,-1.2542999661695948,-0.009088784773307601,-0.0064871111519625435,0.09810186289923628,0,70,255.0,255.0,255.0
641,32.050000000000004,11.866129463669068,-0.47601789458021476,-35.44989149651325,0.058388687520000516,0.10746381417685455,-1.249342405027767,-0.007490759293321932,-0.007454097554457444,0.10020058277386053,0,70,255.0,255.0,255.0
642,32.1,11.869040200439901,-0.4706544244043165,-35.51223249156955,0.05805410019233408,0.10706693463906933,-1.2442799078922087,-0.005892733813336492,-0.008421083956952208,0.10229930264848447,0,70,255.0,255.0,255.0
643,32.15,11.871936205376201,-0.46531200693831054,-35.57431773836924,0.057799414138666905,0.10662170578115937,-1.2391124747629192,-0.00429470833335105,-0.00938807035944697,0.10439802252310842,0,70,255.0,255.0,255.0
644,32.2,11.874821473541669,-0.4599930596482024,-35.63614199011262,0.05762462935899898,0.10612812760312461,-1.2338401056398975,-0.0026966828533653824,-0.010355056761941872,0.10649674239773267,0,70,255.0,255.0,255.0
645,32.25,11.8777,-0.4547,-35.6977,0.057529745853330344,0.10558620010496518,-1.2284628005231457,-0.0010986573733799965,-0.011322043164436857,0.10859546227236017,0,70,255.0,255.0,255.0
646,32.300000000000004,11.88057472914359,-0.4494343844381256,-35.758987218962844,0.05745172334286174,0.10504758458161403,-1.2230224232808349,-0.002022243045363704,-0.010222577769607284,0.10901962742005904,0,70,255.0,255.0,255.0
647,32.35,11.88344440267956,-0.4441943253206761,-35.82000188885713,0.057327521548793975,0.10456394232800444,-1.2175608377811398,-0.0029458287173472807,-0.009123112374777866,0.10944379256775784,0,70,255.0,255.0,255.0
648,32.4,11.88630671164374,-0.4389770739841634,-35.880742949269994,0.057157140471127035,0.1041352733441363,-1.2120780440240595,-0.003869414389330857,-0.00802364697994845,0.10986795771545664,0,70,255.0,255.0,255.0
649,32.45,11.889159347071947,-0.43377988176509996,-35.94120933978857,0.05694058010986088,0.10376157763000958,-1.2065740420095938,-0.004793000061314565,-0.006924181585118876,0.11029212286315551,0,70,255.0,255.0,255.0
650,32.5,11.892,-0.4286,-36.0014,0.05667784046499557,0.10344285518562438,-1.201048831737744,-0.005716585733298085,-0.0058247161902897915,0.11071628801085076,0,70,255.0,255.0,255.0
651,32.550000000000004,11.894826819756588,-0.42343576766727986,-36.061314027635404,0.05639641910853118,0.10311384749668925,-1.1955119018488365,-0.0055402685252764,-0.007335591367113898,0.11076090754542244,0,70,255.0,255.0,255.0
652,32.6,11.89763978884186,-0.41828987431297826,-36.12095115300194,0.05612381361246792,0.10270929604891299,-1.1899727409832015,-0.0053639513172547395,-0.008846466543937791,0.1108055270799941,0,70,255.0,255.0,255.0
653,32.65,11.900439348048838,-0.41316609712503655,-36.18031126455077,0.05586002397680574,0.10222920084229552,-1.1844313491408378,-0.00518763410923308,-0.010357341720761682,0.11085014661456576,0,70,255.0,255.0,255.0
654,32.7,11.903225938170547,-0.40806821329139586,-36.239394250733085,0.055605050201544604,0.1016735618768368,-1.1788877263217448,-0.005011316901211395,-0.01186821689758579,0.11089476614913743,0,70,255.0,255.0,255.0
655,32.75,11.906,-0.403,-36.2982,0.055358892286684586,0.10104237915253694,-1.173341872525924,-0.00483499969318979,-0.013379092074410126,0.11093938568370909,0,70,255.0,255.0,255.0
656,32.800000000000004,11.908761991830069,-0.39796414489275217,-36.35672787049557,0.05512260022302079,0.10040102543162813,-1.1677619693238825,-0.004616682853361035,-0.012275056761940645,0.112256742397926,0,70,255.0,255.0,255.0
657,32.85,11.911512441953002,-0.39295897742741,-36.414975099135134,0.05489722400134848,0.09981487347634285,-1.1621161982861312,-0.0043983660135323115,-0.011171021449471321,0.11357409911214272,0,70,255.0,255.0,255.0
658,32.9,11.914251896160904,-0.3879817375156914,-36.47293839252691,0.05468276362166759,0.09928392328668105,-1.1564045594126688,-0.004180049173703588,-0.010066986137001997,0.11489145582635946,0,70,255.0,255.0,255.0
659,32.95,11.91698090024587,-0.38302966506931474,-36.53061445727914,0.05447921908397811,0.09880817486264264,-1.1506270527034952,-0.003961732333874833,-0.008962950824532516,0.11620881254057637,0,70,255.0,255.0,255.0
660,33.0,11.9197,-0.3781,-36.588,0.0542865903882801,0.09838762820422778,-1.1447836781586112,-0.0037434154940463316,-0.007858915512063858,0.1175261692548002,0,70,255.0,255.0,255.0
661,33.050000000000004,11.922409212923142,-0.37319085276170866,-36.64509209038237,0.05407317999939435,0.09797005077679817,-1.1388962208556588,-0.004793000061382903,-0.008844181585119189,0.11797212286327546,0,70,255.0,255.0,255.0
662,33.1,11.925106443346133,-0.36830381597738093,-36.70188925045756,0.053807290382141805,0.09750321004571585,-1.1329864658722835,-0.005842584628719324,-0.009829447658174378,0.11841807647175068,0,70,255.0,255.0,255.0
663,33.15,11.927789067307552,-0.3634413528121985,-36.758390365341576,0.05348892153652245,0.09698710601098079,-1.1270544132084843,-0.0068921691960557455,-0.01081471373122957,0.11886403008022589,0,70,255.0,255.0,255.0
664,33.2,11.930454460845981,-0.35860592643134354,-36.814594320150405,0.05311807346253621,0.09642173867259288,-1.121100062864261,-0.007941753763392316,-0.0117999798042849,0.11930998368870116,0,70,255.0,255.0,255.0
665,33.25,11.9331,-0.3538,-36.8705,0.052694746160183215,0.09580710803055228,-1.1151234148396143,-0.008991338330728738,-0.01278524587734009,0.11975593729717815,0,70,255.0,255.0,255.0
666,33.300000000000004,11.935723556477358,-0.3490252440604104,-36.92610616797501,0.05224867977938575,0.09519077146117906,-1.1091171472534582,-0.008851316901168348,-0.011868216897586735,0.12049476614904726,0,70,255.0,255.0,255.0
667,33.35,11.938324984662463,-0.34428015866306555,-36.981411099034645,0.051809614470066365,0.09462028634079359,-1.1030739382247094,-0.00871129547160798,-0.010951187917833512,0.12123359500091627,0,70,255.0,255.0,255.0
668,33.4,11.940904634608888,-0.3395624512355151,-37.03641294610676,0.051377550232225,0.09409565266939578,-1.096993787753367,-0.008571274042047609,-0.010034158938080288,0.12197242385278526,0,70,255.0,255.0,255.0
669,33.45,11.94346285637021,-0.3348698292053093,-37.09110986211926,0.0509524870658616,0.09361687044698555,-1.0908766958394307,-0.008431252612487219,-0.009117129958326933,0.12271125270465437,0,70,255.0,255.0,255.0
670,33.5,11.946,-0.3302,-37.1455,0.05053442497097627,0.09318393967356307,-1.0847226624829016,-0.008291231182926795,-0.008200100978573821,0.12345008155652692,0,70,255.0,255.0,255.0
671,33.550000000000004,11.948516561167423,-0.32555137099664716,-37.19958163771763,0.05013210088305642,0.09275486337848539,-1.078539190130474,-0.0078017323338659544,-0.008962950824531956,0.12388881254056233,0,70,255.0,255.0,255.0
672,33.6,11.951013618004012,-0.32092514937035627,-37.25335355340389,0.04975425173758966,0.09228764459110987,-1.0723337812288452,-0.007312233484805183,-0.009725800670489981,0.12432754352459768,0,70,255.0,255.0,255.0
673,33.65,11.953492394256891,-0.31632324224574165,-37.306814650231345,0.04940087753457594,0.09178228331143645,-1.0661064357780148,-0.006822734635744412,-0.010488650516448006,0.12476627450863303,0,70,255.0,255.0,255.0
674,33.7,11.955954113673178,-0.31174755674741755,-37.35996383137254,0.049071978274015216,0.09123877953946505,-1.0598571537779817,-0.006333235786683572,-0.011251500362406141,0.12520500549266844,0,70,255.0,255.0,255.0
675,33.75,11.9584,-0.3072,-37.4128,0.048767553955907574,0.09065713327519581,-1.0535859352287478,-0.005843736937622801,-0.012014350208364721,0.1256437364767038,0,70,255.0,255.0,255.0
676,33.800000000000004,11.960830998852947,-0.3026820719529985,-37.46532168115451,0.04847091668838206,0.09006177502487948,-1.0472700922246128,-0.006021753763396758,-0.011799979804286024,0.12698998368868228,0,70,255.0,255.0,255.0
677,33.85,11.963246943321483,-0.2981936438555085,-37.517525887349784,0.04816537857956789,0.0894771352947672,-1.0408869368598794,-0.006199770589170688,-0.011585609400207357,0.1283362309006606,0,70,255.0,255.0,255.0
678,33.9,11.965647388363548,-0.29373417978151894,-37.569409252967816,0.047850939629465024,0.08890321408485882,-1.0344364691345473,-0.00637778741494462,-0.011371238996128692,0.1296824781126389,0,70,255.0,255.0,255.0
679,33.95,11.968031888937075,-0.2893031438050191,-37.62096841239056,0.04752759983807341,0.08834001139515431,-1.0279186890486152,-0.006555804240718575,-0.011156868592049994,0.1310287253246174,0,70,255.0,255.0,255.0
680,34.0,11.9704,-0.2849,-37.6722,0.04719535920539316,0.0877875272256538,-1.0213335966020851,-0.006733821066492507,-0.010942498187971328,0.13237497253660102,0,70,255.0,255.0,255.0
681,34.050000000000004,11.972751443420792,-0.2805243411913562,-37.72310123766436,0.04686423236341852,0.08723803652199631,-1.0147164409710554,-0.006511252612491628,-0.011037129958326649,0.13231125270456623,0,70,255.0,255.0,255.0
682,34.1,11.975086608710052,-0.27617627520760885,-37.77367169719696,0.04654423394414399,0.08668381422982113,-1.0081024713316284,-0.0062886841584907805,-0.011131761728681957,0.13224753287253144,0,70,255.0,255.0,255.0
683,34.15,11.977406052288918,-0.2718560386281832,-37.82391153789738,0.04623536394756948,0.08612486034912817,-1.001491687683803,-0.006066115704489934,-0.011226393499037266,0.13218381304049664,0,70,255.0,255.0,255.0
684,34.2,11.979710330578522,-0.26756386803250454,-37.87382091906521,0.04593762237369499,0.08556117487991738,-0.9948840900275784,-0.005843547250489055,-0.011321025269392587,0.13212009320846185,0,70,255.0,255.0,255.0
685,34.25,11.982,-0.2633,-37.9234,0.04565100922252057,0.08499275782218892,-0.9882796783629568,-0.005620978796488207,-0.011415657039747784,0.13205637337642173,0,70,255.0,255.0,255.0
686,34.300000000000004,11.984275227463884,-0.2590645632815743,-37.97264856818805,0.04535215385794125,0.084426078887135,-0.9816561438912261,-0.0063332357866836605,-0.011251500362406394,0.1328850054927849,0,70,255.0,255.0,255.0
687,34.35,11.9865346218383,-0.2548572553140553,-38.021564923862364,0.0450176856438522,0.08386760778594826,-0.9749911778136782,-0.007045492776879012,-0.011087343685065027,0.13371363760914792,0,70,255.0,255.0,255.0
688,34.4,11.988776402480777,-0.25067766570574884,-38.07014699544265,0.04464760458025339,0.08331734451862857,-0.968284780130312,-0.007757749767074364,-0.010923187007723661,0.13454226972551095,0,70,255.0,255.0,255.0
689,34.45,11.990998788748836,-0.24652538406496116,-38.11839271134863,0.04424191066714475,0.08277528908517588,-0.9615369508411269,-0.008470006757269817,-0.010759030330382271,0.13537090184187411,0,70,255.0,255.0,255.0
690,34.5,11.9932,-0.2424,-38.1663,0.043800603904526406,0.08224144148559033,-0.9547476899461246,-0.009182263747465336,-0.010594873653041126,0.13619953395823448,0,70,255.0,255.0,255.0
691,34.550000000000004,11.99537884672367,-0.23830140568234437,-38.21386688958346,0.04335915220482188,0.081697647929463,-0.9479229834640512,-0.008475804240714131,-0.011156868592050166,0.13678872532467587,0,70,255.0,255.0,255.0
692,34.6,11.997536503936738,-0.23423070353616943,-38.2610918073536,0.042953023480454974,0.0811257546263853,-0.9410688174136568,-0.007769344733963026,-0.011718863531059125,0.1373779166911172,0,70,255.0,255.0,255.0
693,34.65,11.99967473778797,-0.23018929854882214,-38.307973280332014,0.04258221773142563,0.08052576157635716,-0.9341851917949403,-0.007062885227211921,-0.012280858470068086,0.13796710805755852,0,70,255.0,255.0,255.0
694,34.7,12.001795314426136,-0.22617859570764942,-38.35450983554029,0.042246734957733775,0.07989766877937848,-0.9272721066079008,-0.006356425720460716,-0.012842853409077124,0.13855629942399994,0,70,255.0,255.0,255.0
695,34.75,12.0039,-0.2222,-38.4007,0.04194657515937953,0.07924147623544943,-0.9203295618525401,-0.005649966213709889,-0.013404848348086085,0.1391454907904448,0,70,255.0,255.0,255.0
696,34.800000000000004,12.005990185641437,-0.2182546139890462,-38.44654227347814,0.04165923732277453,0.07857532939501242,-0.9133559222525672,-0.005843547250489128,-0.013241025269391669,0.13980009320844278,0,70,255.0,255.0,255.0
697,34.85,12.008065762414748,-0.21434233054126642,-38.492035046723245,0.04136222043433061,0.07791737370851025,-0.9063495525316957,-0.0060371282872683394,-0.013077202190697275,0.14045469562644064,0,70,255.0,255.0,255.0
698,34.9,12.010126246367339,-0.21046274009896335,-38.53717668322929,0.04105552449404773,0.07726760917594278,-0.899310452689924,-0.006230709324047551,-0.012913379112002882,0.1411092980444385,0,70,255.0,255.0,255.0
699,34.95,12.01217115354662,-0.20661543310443978,-38.58196554649023,0.04073914950192584,0.07662603579730994,-0.8922386227272516,-0.0064242903608267895,-0.012749556033308464,0.14176390046243648,0,70,255.0,255.0,255.0
700,35.0,12.0142,-0.2028,-38.6264,0.040413095457965044,0.07599265357261191,-0.8851340626436802,-0.006617871397606334,-0.012585732954613627,0.1424185028804379,0,70,255.0,255.0,255.0
701,35.050000000000004,12.016212410710585,-0.19901613836146892,-38.67047841650402,0.040083898504093,0.07536103449048695,-0.8779973275256256,-0.006550006757274357,-0.01267903033038252,0.1430509018417189,0,70,255.0,255.0,255.0
702,35.1,12.018208446404277,-0.19526397429876433,-38.714199205753424,0.039758094782237595,0.07472475053957364,-0.8708289724595081,-0.006482142116942389,-0.012772327706151401,0.14368330080299982,0,70,255.0,255.0,255.0
703,35.15,12.020188276742676,-0.19154374105532512,-38.75756078675083,0.0394356842923988,0.07408380171987188,-0.8636289974453266,-0.006414277476610422,-0.012865625081920282,0.14431569976428074,0,70,255.0,255.0,255.0
704,35.2,12.022152071387383,-0.18785567187459018,-38.80056157849883,0.03911666703457655,0.0734381880313816,-0.8563974024830798,-0.006346412836278444,-0.012958922457689176,0.14494809872556175,0,70,255.0,255.0,255.0
705,35.25,12.0241,-0.1842,-38.8432,0.03880104300877094,0.07278790947410295,-0.8491341875727701,-0.006278548195946476,-0.013052219833457834,0.14558049768684622,0,70,255.0,255.0,255.0
706,35.300000000000004,12.026032171516226,-0.1805768325650762,-38.88547446050581,0.03848516866085988,0.07214053264303952,-0.8418387676449953,-0.006356425720494947,-0.012842853409077076,0.1462362994241206,0,70,255.0,255.0,255.0
707,35.35,12.02794845196815,-0.17698577226367562,-38.927383330263055,0.038165400436721446,0.07150362413319522,-0.8345105576303579,-0.006434303245043407,-0.012633486984696346,0.1468921011613949,0,70,255.0,255.0,255.0
708,35.4,12.02984864666196,-0.1734262956797368,-38.9689249697674,0.037841738336355575,0.07087718394456996,-0.8271495575288567,-0.006512180769591866,-0.012424120560315615,0.1475479028986692,0,70,255.0,255.0,255.0
709,35.45,12.031732560903848,-0.16989787939719822,-39.0100977395145,0.03751418235976224,0.07026121207716364,-0.8197557673404907,-0.006590058294140337,-0.012214754135934857,0.1482037046359436,0,70,255.0,255.0,255.0
710,35.5,12.0336,-0.1664,-39.0509,0.037182732506941533,0.06965570853097645,-0.8123291870652621,-0.006667935818688908,-0.012005387711554572,0.14885950637322143,0,70,255.0,255.0,255.0
711,35.550000000000004,12.035450903224515,-0.1629325313782244,-39.09133014147276,0.03685542685245446,0.06903683493735481,-0.804871601894367,-0.00642429036079283,-0.012749556033309115,0.14944390046255715,0,70,255.0,255.0,255.0
712,35.6,12.037285745723127,-0.15949693664653256,-39.13138667319436,0.03654030347086224,0.06838075292764553,-0.7973847970190062,-0.006180644902896786,-0.013493724355063552,0.15002829455189276,0,70,255.0,255.0,255.0
713,35.65,12.039105136609482,-0.15609507622572835,-39.17106813417958,0.036237362362164814,0.06768746250184852,-0.7898687724391786,-0.005936999445000741,-0.014237892676817989,0.1506126886412284,0,70,255.0,255.0,255.0
714,35.7,12.040909684997224,-0.15272881053661572,-39.2103730634432,0.03594660352636216,0.0669569636599637,-0.7823235281548832,-0.005693353987104663,-0.01498206099857253,0.1511970827305641,0,70,255.0,255.0,255.0
715,35.75,12.0427,-0.1494,-39.2493,0.035668026963454336,0.06618925640199126,-0.774749064166122,-0.0054497085292088965,-0.01572622932032741,0.15178147681989973,0,70,255.0,255.0,255.0
716,35.800000000000004,12.044476215585716,-0.1461098419220245,-39.28784737360316,0.03537312392931712,0.0654241276075408,-0.7671388247774921,-0.006346412836278579,-0.014878922457688886,0.15262809872527175,0,70,255.0,255.0,255.0
717,35.85,12.046236565139344,-0.14285688115019363,-39.3260131769595,0.03503338567982647,0.06470136415622234,-0.7594862542935946,-0.007243117143348136,-0.014031615595050482,0.15347472063064366,0,70,255.0,255.0,255.0
718,35.9,12.04797880690011,-0.13963899941735042,-39.36379529351426,0.03464881221498235,0.06402096604803582,-0.7517913527144285,-0.008139821450417691,-0.013184308732412078,0.15432134253601554,0,70,255.0,255.0,255.0
719,35.95,12.04970069910725,-0.13645407845633775,-39.40119160671268,0.03421940353478469,0.06338293328298111,-0.7440541200399928,-0.009036525757487375,-0.012337001869773552,0.15516796444138756,0,70,255.0,255.0,255.0
720,36.0,12.0514,-0.1333,-39.4382,0.033745159639233614,0.06278726586105844,-0.7362745562702896,-0.009933230064556764,-0.011489695007135259,0.15601458634675947,0,70,255.0,255.0,255.0
721,36.050000000000004,12.053075434432618,-0.13017530093367605,-39.47481876411463,0.03328407743026626,0.062194654632481645,-0.7284770989957183,-0.008510058294135692,-0.01221475413593453,0.1558837046360635,0,70,255.0,255.0,255.0
722,36.1,12.0547295937195,-0.12708113875269242,-39.51104781896767,0.032894153809820026,0.06156579044746498,-0.720686185806683,-0.007086886523714824,-0.0129398132647337,0.15575282292536752,0,70,255.0,255.0,255.0
723,36.15,12.056366035790075,-0.12401932610487058,-39.546887491763385,0.03257538877789482,0.060900673306008346,-0.7129018167031825,-0.005663714753293954,-0.01366487239353287,0.15562194121467154,0,70,255.0,255.0,255.0
724,36.2,12.057988318573766,-0.12099167563803216,-39.58233810970608,0.03232778233449063,0.06019930320811166,-0.7051239916852157,-0.004240542982872883,-0.014389931522332141,0.15549105950397557,0,70,255.0,255.0,255.0
725,36.25,12.0596,-0.118,-39.6174,0.032151334479607524,0.05946168015377512,-0.6973527107527848,-0.002817371212451847,-0.015114990651131421,0.15536017779328049,0,70,255.0,255.0,255.0
726,36.300000000000004,12.061203646683808,-0.11504575434326968,-39.65207276993835,0.03198656634961933,0.05870925386253244,-0.6895447792396833,-0.0037733539870752715,-0.01498206099857321,0.15695708273075631,0,70,255.0,255.0,255.0
727,36.35,12.06279785998265,-0.11212896383903621,-39.68635314716986,0.03177399908089999,0.057963474053917774,-0.6816570024797091,-0.00472933676169856,-0.014849131346015017,0.1585539876682319,0,70,255.0,255.0,255.0
728,36.4,12.064380249939585,-0.10924929616316777,-39.7202371394322,0.031513632673449504,0.057224340727931026,-0.6736893804728609,-0.005685319536321848,-0.014716201693456825,0.1601508926057075,0,70,255.0,255.0,255.0
729,36.45,12.065948426597684,-0.10640641899153255,-39.75372075446304,0.0312054671272678,0.05649185388457207,-0.665641913219138,-0.006641302310945273,-0.014583272040898612,0.1617477975431833,0,70,255.0,255.0,255.0
730,36.5,12.0675,-0.1036,-39.7868,0.030849502442354976,0.05576601352384114,-0.6575146007185424,-0.007597285085568589,-0.014450342388340531,0.1633447024806607,0,70,255.0,255.0,255.0
731,36.550000000000004,12.06903317883215,-0.10082968169324373,-39.81947175613202,0.03048165717127673,0.05504832991738823,-0.6493597840454943,-0.007116525757559931,-0.014257001869773706,0.16284796444123367,0,70,255.0,255.0,255.0
732,36.6,12.0705485663499,-0.0980950058911623,-39.85173639235292,0.03013784986659897,0.054340313336863746,-0.6412298042744188,-0.00663576642955134,-0.014063661351206907,0.16235122640180674,0,70,255.0,255.0,255.0
733,36.65,12.072047364451581,-0.09539548924245886,-39.88359515050781,0.029818080528321633,0.05364196378226761,-0.6331246614053146,-0.0061550071015427504,-0.01387032083264011,0.16185448836237984,0,70,255.0,255.0,255.0
734,36.7,12.073530775035508,-0.09273064839583665,-39.91504927244181,0.02952234915644469,0.052953281253599715,-0.6250443554381806,-0.005674247773534091,-0.013676980314073283,0.16135775032295283,0,70,255.0,255.0,255.0
735,36.75,12.075,-0.0901,-39.9461,0.02925065575096821,0.05227426575086026,-0.6169888863730192,-0.005193488445525418,-0.013483639795506819,0.16086101228352856,0,70,255.0,255.0,255.0
736,36.800000000000004,12.076456437987602,-0.08750351888375399,-39.97674740553362,0.029014804965259093,0.05157742646791423,-0.6088880845783313,-0.004240542982838621,-0.014389931522332066,0.16317105950395894,0,70,255.0,255.0,255.0
737,36.85,12.077902274617744,-0.08494301259631419,-40.006986883418485,0.028826601452684338,0.05083527259862704,-0.600671780422623,-0.0032875975201519586,-0.015296223249157186,0.16548110672438898,0,70,255.0,255.0,255.0
738,36.9,12.079339892254088,-0.08242074686699725,-40.036812658536526,0.028686045213243912,0.0500478041429986,-0.5923399739058933,-0.002334652057465297,-0.016202514975982303,0.16779115394481903,0,70,255.0,255.0,255.0
739,36.95,12.080771673260287,-0.07993898742511994,-40.06621895576972,0.028593136246937812,0.04921502110102878,-0.583892665028141,-0.0013817065947784994,-0.017108806702807552,0.1701012011652494,0,70,255.0,255.0,255.0
740,37.0,12.0822,-0.0775,-40.0952,0.028547874553766058,0.04833692347271782,-0.5753298537893682,-0.00042876113209186495,-0.018015098429632947,0.17241124838567945,0,70,255.0,255.0,255.0
741,37.050000000000004,12.08362346921745,-0.07510504277173898,-40.123752221733504,0.02832312296769106,0.04747396421095446,-0.5667838776411463,-0.00856130231090737,-0.016503272040898603,0.16942779754316525,0,70,255.0,255.0,255.0
742,37.1,12.08502553517912,-0.07275134372358054,-40.15188087397315,0.02769174432267537,0.04668659626862792,-0.5583870740350514,-0.016693843489721718,-0.01499144565216447,0.16644434670065147,0,70,255.0,255.0,255.0
743,37.15,12.086385866532067,-0.07043512328955251,-40.17959341534604,0.02665373861871898,0.0459748196457381,-0.5501394429710822,-0.02482638466853607,-0.013479619263430342,0.1634608958581377,0,70,255.0,255.0,255.0
744,37.2,12.087684131923343,-0.06815260190368272,-40.2068973044793,0.025209105855821666,0.045338634342284884,-0.5420409844492374,-0.03295892584735157,-0.011967792874695996,0.1604774450156235,0,70,255.0,255.0,255.0
745,37.25,12.0889,-0.0659,-40.2338,0.023357846033983835,0.04477804035826847,-0.5340916984695194,-0.04109146702616587,-0.010455966485961754,0.1574939941731106,0,70,255.0,255.0,255.0
746,37.300000000000004,12.090008085142607,-0.06367471002928889,-40.26031010753237,0.020796703163989204,0.044222716688267535,-0.526360404857115,-0.061354247773610676,-0.011756980314073517,0.1517577503230433,0,70,255.0,255.0,255.0
747,37.35,12.090962784665775,-0.06147881250936327,-40.286440820688924,0.017222421256622822,0.0436023423268611,-0.5189159234372149,-0.0816170285210526,-0.013057994142185095,0.14602150647297682,0,70,255.0,255.0,255.0
748,37.4,12.091713441617646,-0.05931555997479311,-40.312206480079304,0.012635000311884408,0.04291691727404911,-0.511758254209818,-0.10187980926849452,-0.014359007970296675,0.14028526262291033,0,70,255.0,255.0,255.0
749,37.45,12.092209399046343,-0.0571882049601484,-40.33762142631311,0.0070344403297730815,0.042166441529831414,-0.5048873971749236,-0.12214259001593933,-0.015660021798408436,0.13454901877284303,0,70,255.0,255.0,255.0
750,37.5,12.0924,-0.0551,-40.3627,0.00042074131029044484,0.04135091509420825,-0.49830335233253364,-0.14240537076338125,-0.016961035626520016,0.12881277492277743,0,70,255.0,255.0,255.0
751,37.550000000000004,12.09225059021213,-0.05305291711110435,-40.38745134813704,-0.006245935623662889,0.040547169035974995,-0.4916945029303338,-0.12426170659472938,-0.015188806702807327,0.13554120116519466,0,70,255.0,255.0,255.0
752,37.6,12.091790526157773,-0.05104380623896601,-40.411863843271156,-0.012005429349182797,0.03983203442392748,-0.48474923221601407,-0.10611804242608007,-0.01341657777909489,0.14226962740761095,0,70,255.0,255.0,255.0
753,37.65,12.091065166997353,-0.0490682368112754,-40.43592066433676,-0.01685773986627029,0.03920551125806558,-0.4774675401895735,-0.08797437825743078,-0.011644348855382453,0.14899805365002727,0,70,255.0,255.0,255.0
754,37.7,12.090119871891288,-0.047121778255722974,-40.459604990268254,-0.02080286717492587,0.03866759953838923,-0.469849426851011,-0.06983071408877889,-0.009872119931669764,0.1557264798924445,0,70,255.0,255.0,255.0
755,37.75,12.089,-0.0452,-40.4829,-0.02384081127514841,0.038218299264898586,-0.4618948922003288,-0.051687049920129596,-0.008099891007957272,0.1624549061348648,0,70,255.0,255.0,255.0
756,37.800000000000004,12.087746354008873,-0.043300021526292656,-40.50579009991948,-0.0262449606693358,0.037764607167832205,-0.4536775834215679,-0.044478925847357735,-0.010047792874696293,0.16623744501554438,0,70,255.0,255.0,255.0
757,37.85,12.086381510703127,-0.04142516253477234,-40.52826460622642,-0.0282887038598843,0.03721351997742896,-0.44527114769877413,-0.037270801774586894,-0.011995694741435036,0.17001998389622344,0,70,255.0,255.0,255.0
758,37.9,12.084923490392946,-0.039580292780105594,-40.55031406257362,-0.029972040846794275,0.036565037693688775,-0.43667558503194653,-0.030062677701816053,-0.013943596608173781,0.1738025227769025,0,70,255.0,255.0,255.0
759,37.95,12.08339031338851,-0.03777028201695903,-40.571929012613886,-0.03129497163006589,0.03581916031661154,-0.42789089542108366,-0.02285455362904419,-0.0158914984749128,0.17758506165758212,0,70,255.0,255.0,255.0
760,38.0,12.0818,-0.036,-40.5931,-0.03225749620969878,0.03497588784619748,-0.41891707886618806,-0.015646429556273156,-0.017839400341651712,0.18136760053826118,0,70,255.0,255.0,255.0
761,38.050000000000004,12.080171993752378,-0.03427339678372403,-40.61381705218504,-0.03277422169900408,0.034090402292695894,-0.40972316338340414,-0.005022590015937283,-0.017580021798408573,0.18638901877306305,0,70,255.0,255.0,255.0
762,38.1,12.078531431029715,-0.032590743621944314,-40.63406813182315,-0.032759755211292596,0.03321788566635659,-0.4002781769888815,0.00560124952439708,-0.017320643255165472,0.1914104370078642,0,70,255.0,255.0,255.0
763,38.15,12.076904871430864,-0.030951392068302518,-40.653840685368735,-0.03221409674656441,0.03235833796717945,-0.39058211968261886,0.01622508906473144,-0.01706126471192237,0.19643185524266538,0,70,255.0,255.0,255.0
764,38.2,12.075318874554677,-0.029354693676440297,-40.67312215927621,-0.031137246304819354,0.031511759195164336,-0.38063499146461466,0.026848928605067317,-0.016801886168679232,0.20145327347746725,0,70,255.0,255.0,255.0
765,38.25,12.0738,-0.0278,-40.6919,-0.02952920388605772,0.030678149350311497,-0.37043679233487187,0.037472768145401764,-0.01654250762543602,0.2064746917122693,0,70,255.0,255.0,255.0
766,38.300000000000004,12.072374470981616,-0.026286391338810357,-40.710162491340355,-0.027410152534641973,0.02987378366138379,-0.3600377630447596,0.047289285911220814,-0.015632119931669554,0.20948647989218488,0,70,255.0,255.0,255.0
767,38.35,12.071067165178007,-0.0248118629774501,-40.727901266480984,-0.024800275294935642,0.029114937357144512,-0.3494881443456531,0.057105803677038464,-0.014721732237903214,0.21249826807210007,0,70,255.0,255.0,255.0
768,38.400000000000006,12.069902623883593,-0.023374138946684397,-40.74510879595144,-0.021699572166937978,0.028401610437593452,-0.33878793623754927,0.06692232144285751,-0.013811344544136746,0.21551005625201566,0,70,255.0,255.0,255.0
769,38.45,12.068905388392784,-0.021970943277279234,-40.76177755028126,-0.018108043150649865,0.027733802902730812,-0.3279371387204512,0.07673883920867516,-0.012900956850370408,0.21852184443193082,0,70,255.0,255.0,255.0
770,38.5,12.0681,-0.0206,-40.7779,-0.0140256882460709,0.027111514752556486,-0.3169357517943574,0.0865553569744928,-0.01199056915660407,0.22153363261184644,0,70,255.0,255.0,255.0
771,38.550000000000004,12.067510922321162,-0.019260237861033782,-40.79346738245352,-0.009457168162434398,0.026462463061768506,-0.3057097844376168,0.09618544637095168,-0.013971498474912927,0.22750506165773865,0,70,255.0,255.0,255.0
772,38.6,12.067162308258252,-0.01795540446825503,-40.8084660022529,-0.004407143608975662,0.02571436490506519,-0.2941852456285833,0.1058155357674092,-0.015952427793221504,0.23347649070363,0,70,255.0,255.0,255.0
773,38.650000000000006,12.067078233034762,-0.016690452144959154,-40.82288093082551,0.0011243854143067407,0.02486722028244632,-0.28236213536725346,0.11544562516386808,-0.01793335711153036,0.2394479197495222,0,70,255.0,255.0,255.0
774,38.7,12.06728277187418,-0.015470333214442281,-40.83669723959875,0.007137418907411243,0.02392102919391214,-0.27024045365363075,0.12507571456032557,-0.01991428642983894,0.24541934879541358,0,70,255.0,255.0,255.0
775,38.75,12.0678,-0.0143,-40.8499,0.013631956870338588,0.022875791639462534,-0.25782020048771354,0.13470580395678305,-0.02189521574814765,0.25139077784130404,0,70,255.0,255.0,255.0
776,38.800000000000004,12.068655439733734,-0.013183057217053852,-40.86247517884557,0.02069482518438609,0.021812364091541775,-0.24515509920474288,0.1478089286050929,-0.02064188616867911,0.2552132734774786,0,70,255.0,255.0,255.0
777,38.85,12.069880401788978,-0.012117719149529563,-40.874412324507446,0.028412849730847997,0.020811603022594584,-0.23229887313996533,0.16091205325340086,-0.01938855658921075,0.2590357691136526,0,70,255.0,255.0,255.0
778,38.900000000000006,12.071507643977357,-0.011100852473478147,-40.88570188074653,0.0367860305097265,0.01987350843262068,-0.21925152229337722,0.1740151779017107,-0.01813522700974221,0.26285826474982715,0,70,255.0,255.0,255.0
779,38.95,12.073569924110492,-0.010129323864951233,-40.89633429132375,0.045814367521019216,0.018998080321620328,-0.2060130466649823,0.18711830255001866,-0.01688189743027385,0.2666807603860012,0,70,255.0,255.0,255.0
780,39.0,12.0761,-0.0092,-40.9063,0.05549786076472729,0.01818531868959339,-0.19258344625477863,0.20022142719832647,-0.01562856785080549,0.2705032560221756,0,70,255.0,255.0,255.0
781,39.050000000000004,12.079123318743905,-0.008310733270750248,-40.91559030216421,0.06539786742490218,0.017376080572063923,-0.17901381874342792,0.1957788392086355,-0.01674095685037057,0.2722818444318063,0,70,255.0,255.0,255.0
782,39.1,12.082636084585832,-0.0074633189336265485,-40.92419989971733,0.07507574468559115,0.01651122300455632,-0.16535526181159763,0.19133625121894515,-0.01785334584993549,0.2740604328414368,0,70,255.0,255.0,255.0
783,39.150000000000006,12.086627191055808,-0.00666053796112757,-40.93212434618836,0.08453149254679694,0.015590745987070338,-0.15160777545928386,0.1868936632292542,-0.01896573484950057,0.27583902125106746,0,70,255.0,255.0,255.0
784,39.2,12.091085531683854,-0.005905171325752457,-40.939359195106256,0.09376511100851688,0.014614649519606242,-0.1377713596864905,0.18245107523956383,-0.02007812384906549,0.2776176096606979,0,70,255.0,255.0,255.0
785,39.25,12.096,-0.0052,-40.9459,0.1027766000707523,0.013582933602163902,-0.12384601449321565,0.17800848724987384,-0.02119051284863044,0.27939619807032845,0,70,255.0,255.0,255.0
786,39.300000000000004,12.101387285290647,-0.004546809699944709,-40.9517364124976,0.11323370511600842,0.012555313620202084,-0.10947762582156696,0.24027571456033478,-0.019914286429838796,0.2953393487955705,0,70,255.0,255.0,255.0
787,39.35,12.107375259867693,-0.003943405115964107,-40.95683447662322,0.1268041715267857,0.011591504959179984,-0.0943120796136583,0.3025429418707869,-0.018638060011047338,0.3112824995208103,0,70,255.0,255.0,255.0
788,39.400000000000006,12.114119591799419,-0.0033865956820110414,-40.96115433450004,0.14348799930308798,0.010691507619097332,-0.07834937586948537,0.36481016918124787,-0.0173618335922557,0.3272256502460523,0,70,255.0,255.0,255.0
789,39.45,12.121775949154094,-0.0028731908320386926,-40.964656128251235,0.16328518844491055,0.009855321599954383,-0.06158951458905272,0.42707739649169996,-0.016085607173464238,0.3431688009712921,0,70,255.0,255.0,255.0
790,39.5,12.1305,-0.0024,-40.9673,0.18619573895225555,0.009082946901750998,-0.04403249577235813,0.4893446238021517,-0.014809380754672724,0.35911195169653176,0,70,255.0,255.0,255.0
791,39.550000000000004,12.14048034009351,-0.001963627929470589,-40.96903924784538,0.21419531211106307,0.008386664947127278,-0.02526767797029529,0.6306383025500533,-0.013041897430273735,0.39148076038591767,0,70,255.0,255.0,255.0
792,39.6,12.152037275943396,-0.001559860602516923,-40.96979979378979,0.24925956920726078,0.007778757158723594,-0.004884419733766033,0.7719319812979346,-0.011274414105874996,0.42384956907529897,0,70,255.0,255.0,255.0
793,39.650000000000006,12.165524041746528,-0.0011842793108278902,-40.96950071581151,0.29138851024085866,0.007259223536539774,0.01711727893723544,0.9132256600458362,-0.009506930781476007,0.4562183777646849,0,70,255.0,255.0,255.0
794,39.7,12.181293871699772,-0.0008324653460925996,-40.96806109188883,0.34058213521184466,0.006828064080575968,0.04073741804270287,1.0545193387937175,-0.007739447457077269,0.4885871864540662,0,70,255.0,255.0,255.0
795,39.75,12.1997,-0.0005,-40.9654,0.39684044412022446,0.0064852787908320905,0.06597599758263928,1.1958130175415995,-0.005971964132678545,0.5209559951434475,0,70,255.0,255.0,255.0
796,39.800000000000004,12.221017754335314,-0.0001834785821727119,-40.961454596120895,0.45548904643975835,0.006170026591288462,0.0917483377027469,1.1501310752395562,-0.00663812384906551,0.5099376096607693,0,70,255.0,255.0,255.0
797,39.85,12.245210836358725,0.00011644752603186827,-40.95623434821763,0.511853551644182,0.0058214664059255345,0.11696975854871701,1.1044491329375192,-0.007304283565452379,0.49891922417809276,0,70,255.0,255.0,255.0
798,39.900000000000006,12.272165041214482,0.0003981129253228581,-40.94976680225392,0.5659339597335115,0.00543959823474321,0.1416402601205568,1.0587671906354759,-0.007970443281839344,0.48790083869541456,0,70,255.0,255.0,255.0
799,39.95,12.301766164046823,0.0006598522164092107,-40.94207950419347,0.6177302707077315,0.005024422077741594,0.16575984241825925,1.013085248333439,-0.008636602998226214,0.476882453212738,0,70,255.0,255.0,255.0
800,40.0,12.3339,0.0009,-40.9332,0.6672424845668496,0.004575937934920637,0.18932850544182792,0.9674033060314002,-0.009302762714613083,0.46586406773006295,0,70,255.0,255.0,255.0
801,40.050000000000004,12.368471042565243,0.0011175422581615952,-40.92315116767106,0.7155925021299313,0.004133228687718667,0.21262632715936342,0.9665973964917,-0.008405607173464214,0.46604880097127804,0,70,255.0,255.0,255.0
802,40.1,12.40545857862171,0.0013140704983894995,-40.91193721333969,0.7639022242160209,0.003735377217574197,0.23593338553895637,0.9657914869519999,-0.007508451632315474,0.46623353421249314,0,70,255.0,255.0,255.0
803,40.150000000000006,12.444860593395562,0.0014918276095366415,-40.8995576751728,0.8121716508251327,0.003382383524487115,0.2592496805806134,0.9649855774122996,-0.0066112960911666055,0.46641826745370824,0,70,255.0,255.0,255.0
804,40.2,12.486675072112941,0.0016530564804558422,-40.886012091337264,0.8604007819572524,0.003074247608457521,0.28257521228432786,0.9641796678725996,-0.005714140550017864,0.4666030006949233,0,70,255.0,255.0,255.0
805,40.25,12.5309,0.0018,-40.8713,0.908589617612387,0.0028109694694853607,0.3059099806501031,0.9633737583328932,-0.004816985008869134,0.4667877339361386,0,70,255.0,255.0,255.0
806,40.300000000000004,12.577528475403732,0.001934109549526439,-40.85542233319485,0.9564449450405553,0.002545058657836673,0.3291703536598565,0.9508393387936762,-0.00581944745707747,0.46362718645391726,0,70,255.0,255.0,255.0
807,40.35,12.626534049154442,0.002053670480410166,-40.838385598423585,1.003673551491756,0.0022290247237776125,0.35227269929549554,0.9383049192544609,-0.006821909905285664,0.4604666389716964,0,70,255.0,255.0,255.0
808,40.400000000000006,12.677885385203295,0.002156176636530694,-40.82019769705487,1.0502754369660026,0.00186286766730809,0.37521701755702674,0.9257704997152439,-0.007824372353494001,0.457306091489475,0,70,255.0,255.0,255.0
809,40.45,12.731551147501428,0.0022391218617674735,-40.80086653045744,1.0962506014632818,0.0014465874884282083,0.3980033084444437,0.9132360801760286,-0.008826834801702195,0.4541455440072541,0,70,255.0,255.0,255.0
810,40.5,12.7875,0.0023,-40.7804,1.1415990449836004,0.0009801841871379204,0.42063157195774953,0.9007016606368108,-0.009829297249910392,0.4509849965250319,0,70,255.0,255.0,255.0
811,40.550000000000004,12.845702255819855,0.0023372195437327123,-40.7588058995495,1.1864197177078608,0.0005185366809344695,0.4431082582011991,0.8921252483334488,-0.008636602998226073,0.44808245321287415,0,70,255.0,255.0,255.0
812,40.6,12.906134824760533,0.0023528475799698538,-40.73609159296598,1.2308115698169468,0.00011652388731529243,0.4654398172790376,0.8835488360300879,-0.007443908746541925,0.4451799099007168,0,70,255.0,255.0,255.0
813,40.650000000000006,12.968776265791298,0.002349865844340642,-40.71226433660769,1.2747746013108707,-0.00022585419371972504,0.4876262491912714,0.874972423726726,-0.006251214494857606,0.4422773665885591,0,70,255.0,255.0,255.0
814,40.7,13.03360513788137,0.0023312560724742873,-40.68733138683294,1.3183088121896205,-0.0005085975621704855,0.5096675539378941,0.8663960114233652,-0.005058520243173457,0.43937482327640176,0,70,255.0,255.0,255.0
815,40.75,13.1006,0.0023,-40.6613,1.361414202453202,-0.0007317062180370419,0.531563731518909,0.857819599119999,-0.0038658259914893037,0.436472279964244,0,70,255.0,255.0,255.0
816,40.800000000000004,13.16973850131688,0.002258612275542729,-40.63417646860712,1.4040361841280213,-0.0009232053815747387,0.5533726135353885,0.8470596678726293,-0.003794140550017913,0.43588300069485897,0,70,255.0,255.0,255.0
817,40.85,13.240994651803431,0.002207739199710419,-40.605963229712515,1.4461201692404664,-0.001111120273038839,0.5751520315883956,0.8362997366252611,-0.0037224551085465315,0.43529372142547407,0,70,255.0,255.0,255.0
818,40.900000000000006,13.314341551631557,0.0021475599861067347,-40.57666175651434,1.4876661577905486,-0.0012954508924293967,0.5969019856779364,0.8255398053778914,-0.0036507696670751407,0.43470444215608905,0,70,255.0,255.0,255.0
819,40.95,13.389752300973115,0.0020782538483353715,-40.546273522210775,1.5286741497782566,-0.0014761972397463589,0.6186224758040051,0.8147798741305231,-0.00357908422560376,0.43411516288670415,0,70,255.0,255.0,255.0
820,41.0,13.4672,0.002,-40.5148,1.5691441452035964,-0.001653359314989752,0.6403135019666045,0.8040199428831514,-0.00350739878413236,0.43352588361732547,0,70,255.0,255.0,255.0
821,41.050000000000004,13.546658138912662,0.0019123313540963516,-40.482244226021976,1.6090995457800785,-0.0018657151546356357,0.6618812876572207,0.7941960801759982,-0.004986834801702262,0.4291855440072451,0,70,255.0,255.0,255.0
822,41.1,13.628101768025752,0.0018121956211884609,-40.44861548818395,1.6485637532211974,-0.0021520427951599746,0.6832320563673296,0.7843722174688463,-0.006466270819271953,0.4248452043971654,0,70,255.0,255.0,255.0
823,41.150000000000006,13.711506327682528,0.0016958942112323737,-40.41392463733492,1.6875367675269641,-0.0025123422365628508,0.7043658080969377,0.7745483547616931,-0.007945706836841855,0.42050486478708504,0,70,255.0,255.0,255.0
824,41.2,13.796847258226196,0.0015597285341842,-40.37818252432393,1.7260185886973678,-0.002946613478844161,0.7252825428460388,0.7647244920545413,-0.009425142854411546,0.4161645251770053,0,70,255.0,255.0,255.0
825,41.25,13.8841,0.0014,-40.3414,1.7640092167324137,-0.003454856522003952,0.745982260614636,0.754900629347377,-0.010904578871981253,0.41182418556692646,0,70,255.0,255.0,255.0
826,41.300000000000004,13.97324014303251,0.0012144623080718121,-40.303586627304924,1.8015176327516857,-0.00394993399988286,0.7665422358357243,0.7454360114233676,-0.008898520243173363,0.4105748232765353,0,70,255.0,255.0,255.0
827,41.35,14.064243876093567,0.001006678315535718,-40.26474681755167,1.8385528178747517,-0.004344708546321315,0.7870397429422902,0.7359713934993594,-0.006892461614365757,0.40932546098614425,0,70,255.0,255.0,255.0
828,41.400000000000006,14.157087537638386,0.0007816631689636786,-40.22488369414593,1.8751147721016224,-0.004639180161319431,0.8074747819343394,0.7265067755753499,-0.004886402985557867,0.40807609869575306,0,70,255.0,255.0,255.0
829,41.45,14.25174746612213,0.0005444320149277766,-40.18400038049348,1.9112034954322878,-0.004833348844877123,0.827847352811866,0.7170421576513417,-0.0028803443567502612,0.4068267364053621,0,70,255.0,255.0,255.0
830,41.5,14.3482,0.0003,-40.1421,1.9468189878667523,-0.004927214596994441,0.8481574555748732,0.7075775397273247,-0.0008742857279426391,0.40557737411497286,0,70,255.0,255.0,255.0
831,41.550000000000004,14.446421288957339,5.221941361630292e-05,-40.09918606475829,1.9819499232132014,-0.004990548845833108,0.8683817689999153,0.6976598741305216,-0.001659084225603805,0.40339516288664273,0,70,255.0,255.0,255.0
832,41.6,14.546386727599991,-0.00019970888333136828,-40.055263641609365,2.0165849752798057,-0.005093123019554818,0.888496971863538,0.6877422085337198,-0.002443882723264859,0.40121295165831294,0,70,255.0,255.0,255.0
833,41.650000000000006,14.648071521763992,-0.0004577468870872379,-40.01033818608129,2.050724144066574,-0.005234937118159603,0.9085030641657472,0.6778245429369167,-0.003228681220926025,0.3990307404299828,0,70,255.0,255.0,255.0
834,41.7,14.751450877285324,-0.0007238565938953858,-39.96441515370214,2.0843674295734984,-0.00541599114164742,0.9284000459065369,0.667906877340115,-0.004013479718587079,0.396848529201653,0,70,255.0,255.0,255.0
835,41.75,14.8565,-0.001,-39.9175,2.1175148318005816,-0.005636285090018287,0.9481879170859102,0.6579892117433026,-0.004798278216248099,0.39466631797332496,0,70,255.0,255.0,255.0
836,41.800000000000004,14.963193901138181,-0.001288139962537151,-39.86959871366189,2.15015467439553,-0.0058958706167847996,0.9678346881646664,0.6476044920545346,-0.005585142854411528,0.39120452517686005,0,70,255.0,255.0,255.0
837,41.85,15.071506813506481,-0.0015902427822102893,-39.82071941601086,2.182275281006036,-0.006194799375459441,0.9873083696035968,0.6372197723657682,-0.006372007492574845,0.3877427323803956,0,70,255.0,255.0,255.0
838,41.900000000000006,15.181412775305715,-0.0019082756206149091,-39.77087076152886,2.213876651632108,-0.006533071366042299,1.0066089614027067,0.6268350526770002,-0.0071588721307382745,0.38428093958393067,0,70,255.0,255.0,255.0
839,41.95,15.292885824736622,-0.002244205639346329,-39.720061404697915,2.2449587862737372,-0.006910686588533274,1.0257364635619903,0.6164503329882338,-0.007945736768901592,0.3808191467874662,0,70,255.0,255.0,255.0
840,42.0,15.4059,-0.0026,-39.6683,2.2755216849309274,-0.007327645042932413,1.044690876081451,0.6060656132994637,-0.008732601407064881,0.37735735399099823,0,70,255.0,255.0,255.0
841,42.050000000000004,15.520429506489995,-0.0029764595634678534,-39.6155942805941,2.3055753792046993,-0.007713968687027823,1.0635274783413635,0.5960821576513147,-0.006720344356750201,0.3761067364054326,0,70,255.0,255.0,255.0
842,42.1,15.6364492183741,-0.0033697199878275283,-39.56194829434718,2.3351299006960597,-0.007999679478607457,1.0823015497219948,0.5860987020031669,-0.004708087306435807,0.3748561188198671,0,70,255.0,255.0,255.0
843,42.150000000000006,15.753934177013232,-0.0037747506304533496,-39.50736516780322,2.364185249405017,-0.008184777417671395,1.1010130902233506,0.5761152463550178,-0.0026958302561211267,0.3736055012343014,0,70,255.0,255.0,255.0
844,42.2,15.872859423768231,-0.004186520848719417,-39.451848027506166,2.3927414253315624,-0.008269262504219587,1.1196620998454256,0.5661317907068701,-0.0006835732058067326,0.372354883648736,0,70,255.0,255.0,255.0
845,42.25,15.9932,-0.0046,-39.3954,2.420798428475701,-0.008253134738252066,1.1382485785882221,0.5561483350587331,0.0013286838445076554,0.37110426606316693,0,70,255.0,255.0,255.0
846,42.300000000000004,16.114931272901902,-0.0050116217835916264,-39.3380249639617,2.4483758087856757,-0.00822425463510405,1.1567273984698476,0.5469468773401543,-0.00017347971858715553,0.3680485292017882,0,70,255.0,255.0,255.0
847,42.35,16.238029912997142,-0.005423677266479662,-39.2797298066004,2.475493116209717,-0.008270482710110771,1.1750534315084014,0.537745419621577,-0.0016756432816817527,0.3649927923404099,0,70,255.0,255.0,255.0
848,42.400000000000006,16.362472916641444,-0.005839921857571961,-39.220522167258245,2.502150350747834,-0.008391818963272239,1.1932266777038891,0.5285439619029983,-0.003177806844776564,0.36193705547903116,0,70,255.0,255.0,255.0
849,42.45,16.488237280190496,-0.006264110965776143,-39.16040968527739,2.528347512400018,-0.008588263394588421,1.2112471370563052,0.519342504184421,-0.004679970407871161,0.3588813186176528,0,70,255.0,255.0,255.0
850,42.5,16.6153,-0.0067,-39.0994,2.5540846011662732,-0.008859816004059329,1.2291148095656521,0.5101410464658365,-0.0061821339709657586,0.35582558175626566,0,70,255.0,255.0,255.0
851,42.550000000000004,16.743637401902458,-0.007150653302165853,-39.03750026355909,2.579321385652627,-0.009165012772556037,1.246858927779245,0.499330332988225,-0.0060257367689015165,0.3539391467873893,0,70,255.0,255.0,255.0
852,42.6,16.87322312963737,-0.007616370946253895,-38.97471567925122,2.6040176344650963,-0.00946238968094949,1.2645087242443915,0.48851961951061507,-0.005869339566837296,0.35205271181851316,0,70,255.0,255.0,255.0
853,42.650000000000006,17.004030156421074,-0.008096761939259097,-38.91105096316379,2.6281733476036893,-0.009751946729239774,1.2820641989610968,0.47770890603300364,-0.005712942364773054,0.3501662768496368,0,70,255.0,255.0,255.0
854,42.7,17.136031455469844,-0.008591435288176161,-38.84651083138424,2.651788525068398,-0.010033683917426805,1.2995253519293557,0.4668981925553937,-0.005556545162708834,0.34827984188076067,0,70,255.0,255.0,255.0
855,42.75,17.2692,-0.0091,-38.7811,2.6748631668592253,-0.010307601245510624,1.316892183149171,0.45608747907778735,-0.005400147960644627,0.3463934069118846,0,70,255.0,255.0,255.0
856,42.800000000000004,17.403509519488335,-0.0096217650077452,-38.714823581801916,2.6974426486038414,-0.010555694274671928,1.334140890413188,0.44709179070678357,-0.0045235732058067695,0.34355488364873504,0,70,255.0,255.0,255.0
857,42.85,17.53893676845341,-0.01015483894850484,-38.64768827639474,2.719572345929904,-0.010759958566091313,1.351247671514045,0.438096102335781,-0.003646998450969036,0.34071636038558595,0,70,255.0,255.0,255.0
858,42.900000000000006,17.67545925767435,-0.010697030385391984,-38.579701180086566,2.74125225883742,-0.010920394119768832,1.3682125264517468,0.4291004139647772,-0.0027704236961311776,0.3378778371224364,0,70,255.0,255.0,255.0
859,42.95,17.813054497930185,-0.011246147881519376,-38.51086938918561,2.762482387326383,-0.011037000935704441,1.385035455226289,0.42010472559377465,-0.0018938489412934443,0.3350393138592873,0,70,255.0,255.0,255.0
860,43.0,17.9517,-0.0118,-38.4412,2.7832627313967953,-0.011109779013898166,1.4017164578376737,0.41110903722276504,-0.001017274186455655,0.3322007905961346,0,70,255.0,255.0,255.0
861,43.050000000000004,18.09137252014428,-0.012356686666853614,-38.37069980923319,2.803548019931979,-0.011156210128756339,1.4182735105680195,0.40030250418452107,-0.0008399704078710589,0.3300813186176457,0,70,255.0,255.0,255.0
862,43.1,18.232045796549002,-0.012915473259726827,-38.29937441516985,2.823292981815248,-0.011193776054685274,1.434724589699439,0.3894959711462786,-0.000662666629286488,0.3279618466391571,0,70,255.0,255.0,255.0
863,43.150000000000006,18.37369281288161,-0.013475916519173337,-38.2272291164899,2.8424976170466074,-0.011222476791684985,1.4510696952319357,0.3786894381080346,-0.0004853628507018918,0.32584237466066823,0,70,255.0,255.0,255.0
864,43.2,18.516286552809465,-0.014037573185746523,-38.1542692118733,2.861161925626052,-0.011242312339755466,1.467308827165506,0.36788290506979215,-0.00030805907211732086,0.3237229026821796,0,70,255.0,255.0,255.0
865,43.25,18.6598,-0.0146,-38.0805,2.879285907553584,-0.011253282698896715,1.483441985500152,0.3570763720315533,-0.00013075529353281934,0.3216034307036839,0,70,255.0,255.0,255.0
866,43.300000000000004,18.80420679993462,-0.015163488324840624,-38.00592678126528,2.8969092716682594,-0.011299465210302766,1.4994690673147641,0.3478581925554024,-0.001716545162709062,0.3194798418807574,0,70,255.0,255.0,255.0
867,43.35,18.949483245350603,-0.015731268012587937,-37.930554862925874,2.914071726809125,-0.011424937215167612,1.515389969688228,0.3386400130792528,-0.003302335031885079,0.31735625305783116,0,70,255.0,255.0,255.0
868,43.400000000000006,19.095606290799303,-0.016307303537915045,-37.85438955395381,2.930773272976185,-0.01162969871349129,1.531204692620548,0.3294218336031019,-0.004888124901061322,0.31523266423490465,0,70,255.0,255.0,255.0
869,43.45,19.24255289083199,-0.01689555937549473,-37.77743616332117,2.9470139101694355,-0.01191374970527374,1.546913236111719,0.3202036541269523,-0.006473914770237339,0.31310907541197847,0,70,255.0,255.0,255.0
870,43.5,19.3903,-0.0175,-37.6997,2.9627936383888787,-0.012277090190514987,1.562515600161744,0.3109854746507956,-0.008059704639413329,0.3109854865890487,0,70,255.0,255.0,255.0
871,43.550000000000004,19.53882428011733,-0.018122960033784188,-37.62118666570564,2.9780948933949927,-0.012621929030032678,1.577994220172952,0.30106472559370434,-0.005733848941293159,0.308159313859212,0,70,255.0,255.0,255.0
872,43.6,19.68810122204862,-0.01876025468992152,-37.54190293312664,2.9929001109482494,-0.012850475084644328,1.5933315315476655,0.2911439765366144,-0.003407993243173319,0.30533314112937576,0,70,255.0,255.0,255.0
873,43.650000000000006,19.838106023921277,-0.019406069329166872,-37.46185586769481,3.007209291048654,-0.012962728354349997,1.6085275342858898,0.2812232274795231,-0.0010821375450531488,0.30250696839953906,0,70,255.0,255.0,255.0
874,43.7,19.988813883862612,-0.02005458931227477,-37.38105253484199,3.0210224336962024,-0.012958688839149659,1.6235822283876198,0.2713024784224332,0.0012437181530666908,0.2996807956697028,0,70,255.0,255.0,255.0
875,43.75,20.1402,-0.0207,-37.2995,3.034339538890896,-0.012838356539043335,1.6384956138528584,0.2613817293653362,0.003569573851186572,0.2968546229398594,0,70,255.0,255.0,255.0
876,43.800000000000004,20.292239279596142,-0.02133827154002295,-37.217204955912116,3.047143154751777,-0.012708818669566599,1.653290051993414,0.2507629050698581,0.0016119409278824407,0.2949229026823099,0,70,255.0,255.0,255.0
877,43.85,20.444905466454937,-0.021972513227726097,-37.13417260456754,3.0594158293978824,-0.012677162446255075,1.6679879041210899,0.24014408077438146,-0.00034569199542141323,0.2929911824247607,0,70,255.0,255.0,255.0
878,43.900000000000006,20.59817201351569,-0.022607619145417892,-37.05040777526689,3.071157562829215,-0.012743387869108754,1.6825891702358904,0.22952525647890332,-0.0023033249187255442,0.29105946216721124,0,70,255.0,255.0,255.0
879,43.95,20.752012373717616,-0.02324848337540641,-36.965915297310836,3.082368355045773,-0.012907494938127618,1.6970938503378115,0.2189064321834267,-0.004260957842029399,0.289127741909662,0,70,255.0,255.0,255.0
880,44.0,20.9064,-0.0239,-36.8807,3.0930482060475573,-0.01316948365331167,1.7115019444268547,0.20828760788795364,-0.006218590765333279,0.287196021652111,0,70,255.0,255.0,255.0
881,44.050000000000004,21.061309001498184,-0.024565553806124348,-36.79476711064585,3.103236487597929,-0.013438796291700953,1.7257895718534546,0.1992436541268908,-0.0045539147702371606,0.28430907541184114,0,70,255.0,255.0,255.0
882,44.1,21.216716112131664,-0.025242492399174202,-36.70812344860318,3.1129725714602468,-0.013624875130335404,1.739932851968039,0.19019970036582923,-0.0028892387751412786,0.2814221291715717,0,70,255.0,255.0,255.0
883,44.150000000000006,21.37259872201608,-0.025926654089161998,-36.62077623123757,3.1222564576345126,-0.013727720169215073,1.7539317847706122,0.18115574660476635,-0.0012245627800451598,0.27853518293130186,0,70,255.0,255.0,255.0
884,44.2,21.528934221266987,-0.02661387718609981,-36.53273267591465,3.1310881461207236,-0.013747331408339933,1.7677863702611698,0.1721117928437048,0.0004401132150507218,0.27564823669103244,0,70,255.0,255.0,255.0
885,44.25,21.6857,-0.0273,-36.444,3.1394676369188814,-0.013683708847710004,1.7814966084397141,0.16306783908261835,0.002104789210146632,0.27276129045076125,0,70,255.0,255.0,255.0
886,44.300000000000004,21.842872714411204,-0.027981913235479994,-36.35458500150444,3.147350894856508,-0.013599996163629667,1.7950876605927266,0.15226247842242607,0.0012437181530665935,0.27088079566969747,0,70,255.0,255.0,255.0
887,44.35,22.000426085018436,-0.02866071717557722,-36.26449280101971,3.1546938847611243,-0.013559337032403336,1.8085846880066843,0.14145711776223532,0.0003826470959866772,0.2690003008886339,0,70,255.0,255.0,255.0
888,44.400000000000006,22.1583330984201,-0.02933856449793458,-36.17372809978275,3.1614966066327317,-0.013561731454031004,1.8219876906815906,0.13065175710204305,-0.0004784239610933611,0.2671198061075701,0,70,255.0,255.0,255.0
889,44.45,22.3165667412145,-0.03001760788019457,-36.08229559903053,3.1677590604713286,-0.013607179428512667,1.8352966686174417,0.11984639644185233,-0.0013394950181732776,0.2652393113265066,0,70,255.0,255.0,255.0
890,44.5,22.4751,-0.0307,-35.9902,3.1734812462769164,-0.013695680955848326,1.8485116218142397,0.10904103578165447,-0.002200566075253263,0.26335881654543947,0,70,255.0,255.0,255.0
891,44.550000000000004,22.63390654085709,-0.03138759325195604,-35.89744648333636,3.178703932976044,-0.013809219053780401,1.8616037857756216,0.0998664321834368,-0.0023409578420293463,0.26032774190979435,0,70,255.0,255.0,255.0
892,44.6,22.79296274779461,-0.03208103889851704,-35.80404214731797,3.1834678894952604,-0.013929776740051263,1.8745443960052195,0.09069182858522043,-0.0024813496088054096,0.2572966672741496,0,70,255.0,255.0,255.0
893,44.650000000000006,22.95224568430362,-0.03278068791910017,-35.70999456963137,3.1877731158345664,-0.014057354014660945,1.887333452503037,0.08151722498700276,-0.0026217413755814925,0.2542655926385045,0,70,255.0,255.0,255.0
894,44.7,23.111732413875075,-0.033486891293122135,-35.615311327963184,3.1916196119939606,-0.014191950877609414,1.8999709552690704,0.07234262138878639,-0.002762133142357556,0.2512345180028598,0,70,255.0,255.0,255.0
895,44.75,23.2714,-0.0342,-35.52,3.195007377973444,-0.014333567328896688,1.9124569043033217,0.06316801779056647,-0.002902524909133661,0.2482034433672098,0,70,255.0,255.0,255.0
896,44.800000000000004,23.43122512216053,-0.03491971375669623,-35.42406746515007,3.197913373239301,-0.01444312762124877,1.924833196304779,0.053071792843699075,-0.0014798867849492227,0.2468482366910293,0,70,255.0,255.0,255.0
897,44.85,23.591182923803142,-0.035643127230354746,-35.32751780970842,3.200314557257814,-0.014481556007391622,1.937141727972425,0.04297556789683313,-5.724866076498719e-05,0.24549303001484898,0,70,255.0,255.0,255.0
898,44.900000000000006,23.751248164365524,-0.03636668382566526,-35.23035442169172,3.202210930028984,-0.014448852487325258,1.9493824993062638,0.03287934294996574,0.001365389463419451,0.24413782333866846,0,70,255.0,255.0,255.0
899,44.95,23.911395603285257,-0.03708682694731714,-35.132580689116686,3.2036024915528105,-0.014345017061049686,1.9615555103062923,0.022783118003099782,0.0027880275876036864,0.24278261666248815,0,70,255.0,255.0,255.0
900,45.0,24.0716,-0.0378,-35.0342,3.2044892418292945,-0.014170049728564903,1.9736607609725112,0.01268689305623738,0.004210665711787992,0.24142740998630252,0,70,255.0,255.0,255.0
901,45.050000000000004,24.231836170500873,-0.03850395172125939,-34.93521645606332,3.204874574066747,-0.014002270461224526,1.9856554290053305,0.0027263964418493495,0.002500504981826528,0.2383593113264312,0,70,255.0,255.0,255.0
902,45.1,24.392079156992835,-0.039201652180064106,-34.83563701384835,3.2047618814734795,-0.013919999230382235,1.9974966921051547,-0.007234100172537266,0.0007903442518653061,0.23529121266656033,0,70,255.0,255.0,255.0
903,45.150000000000006,24.552304058234384,-0.03989737677823926,-34.735469343601686,3.2041511640494926,-0.013923236036038006,2.009184550271987,-0.0171945967869253,-0.0009198164780961585,0.23222311400668902,0,70,255.0,255.0,255.0
904,45.2,24.71248597298394,-0.04059540091760956,-34.63472111557003,3.203042421794787,-0.01401198087819184,2.0207190035058242,-0.027155093401311912,-0.00262997720805738,0.22915501534681812,0,70,255.0,255.0,255.0
905,45.25,24.8726,-0.0413,-34.5334,3.201435654709362,-0.014186233756843728,2.032100051806667,-0.03711559001569853,-0.004340137938018532,0.22608691668693837,0,70,255.0,255.0,255.0
906,45.300000000000004,25.032621395836046,-0.04201407935826658,-34.43151311059658,3.1993403304936887,-0.01436379053385314,2.0433610876739112,-0.046697378611213584,-0.0027621331423573663,0.22435451800278358,0,70,255.0,255.0,255.0
907,45.35,25.19252604822554,-0.042735064049388954,-34.32906533489817,3.1967659168482405,-0.01446244707107948,2.054535503606946,-0.05627916720672728,-0.001184128346696425,0.22262211931862902,0,70,255.0,255.0,255.0
908,45.400000000000006,25.352290002697043,-0.043459009061378166,-34.22606100390146,3.193712413773016,-0.014482203368522774,2.0656232996057744,-0.06586095580224234,0.00039387644896474085,0.22088972063447423,0,70,255.0,255.0,255.0
909,45.45,25.51188930477902,-0.04418196938224487,-34.12250444860317,3.1901798212680164,-0.014423059426183014,2.0766244756703935,-0.07544274439775603,0.0019718812446256817,0.21915732195031967,0,70,255.0,255.0,255.0
910,45.5,25.6713,-0.0449,-34.0184,3.1861681393332413,-0.014285015244060216,2.087539031800805,-0.08502453299326618,0.003549886040286568,0.21742492326616514,0,70,255.0,255.0,255.0
911,45.550000000000004,25.830496646155016,-0.04561013084567466,-33.91375350155029,3.181588103958489,-0.014126567403362947,2.098276220299024,-0.09817688199682065,0.0027880275876036743,0.21206261666255796,0,70,255.0,255.0,255.0
912,45.6,25.989447850105012,-0.04631329162238022,-33.80857684655893,3.176350451133559,-0.014006212485299839,2.108745293467061,-0.11132923100037326,0.002026169134920889,0.20670031005895154,0,70,255.0,255.0,255.0
913,45.650000000000006,26.148120730977542,-0.04701138697624857,-33.70288344079242,3.170455180858451,-0.01392395048987086,2.1189462513049198,-0.12448158000392773,0.001264310682237995,0.20133800345534436,0,70,255.0,255.0,255.0
914,45.7,26.30648240790003,-0.04770632155341123,-33.596686690017265,3.1639022931331664,-0.013879781417076032,2.128879093812596,-0.13763392900748034,0.0005024522295552099,0.19597569685173793,0,70,255.0,255.0,255.0
915,45.75,26.4645,-0.0484,-33.49,3.156691787957704,-0.013873705266915344,2.138543820990092,-0.15078627801104005,-0.00025940622312758954,0.1906133902481244,0,70,255.0,255.0,255.0
916,45.800000000000004,26.622140019543973,-0.04909419725903512,-33.38284088320222,3.148787253672392,-0.013897939852694973,2.147694031129966,-0.16539509340140324,-0.0007099772080574824,0.1753950153467984,0,70,255.0,255.0,255.0
917,45.85,26.77936655135442,-0.04979016946109029,-33.275243278866085,3.1401522786175633,-0.01394470298772109,2.1560833225247724,-0.18000390879176434,-0.0011605481929873114,0.16017664044547458,0,70,255.0,255.0,255.0
918,45.900000000000006,26.93614307339291,-0.05048904303362802,-33.16724523292883,3.130786862793215,-0.014013994671993709,2.1637116951745132,-0.19461272418212755,-0.0016111191779172042,0.1449582655441486,0,70,255.0,255.0,255.0
919,45.95,27.09243306362092,-0.05119194440411046,-33.05888479132772,3.1206910061993507,-0.014105814905512808,2.1705791490791877,-0.20922153957248865,-0.0020616901628470333,0.12973989064282476,0,70,255.0,255.0,255.0
920,46.0,27.2482,-0.0519,-32.9502,3.1098647088359677,-0.014220163688278399,2.1766856842387954,-0.22383035496283554,-0.0025122611477768203,0.11452151574150804,0,70,255.0,255.0,255.0
921,46.050000000000004,27.403412075669177,-0.0526138801181852,-32.84122616564079,3.0985908813519507,-0.014329673185857188,2.182195655181093,-0.2271227443978009,-0.0018681187553743405,0.10587732195038269,0,70,255.0,255.0,255.0
922,46.1,27.558056344477336,-0.05333243053325874,-32.731987637976715,3.0871524343961876,-0.01440697556381584,2.187273416433834,-0.23041513383276577,-0.0012239763629719525,0.09723312815925855,0,70,255.0,255.0,255.0
923,46.150000000000006,27.712124575450936,-0.054054040889239804,-32.62250602749223,3.075549367968674,-0.014452070822154378,2.191918967997019,-0.2337075232677311,-0.0005798339705694727,0.0885889343681332,0,70,255.0,255.0,255.0
924,46.2,27.865608537616346,-0.054777100830147196,-32.51280294467184,3.0637816820694135,-0.014464958960872793,2.1961323098706473,-0.23699991270269596,6.430842183291529e-05,0.07994474057700907,0,70,255.0,255.0,255.0
925,46.25,28.0185,-0.0555,-32.4029,3.0518493766984056,-0.01444563997997109,2.19991344205472,-0.24029230213766084,0.0007084508142352897,0.07130054678589559,0,70,255.0,255.0,255.0
926,46.300000000000004,28.170790077779397,-0.05622148226822444,-32.29281845423458,3.0397132209197784,-0.014415367403876321,2.2032833481456615,-0.24515392900737154,0.0005024522295553493,0.06349569685177134,0,70,255.0,255.0,255.0
927,46.35,28.322467270736258,-0.05694170840587489,-32.18257816922704,3.0273339837976683,-0.014395394757015553,2.2062630117398974,-0.2500155558770815,0.00029645364487543817,0.05569084691764821,0,70,255.0,255.0,255.0
928,46.400000000000006,28.473519424803445,-0.057661193409413246,-32.0721986571022,3.01471166533207,-0.014385722039388779,2.2088524328374266,-0.2548771827467922,9.045506019549781e-05,0.04788599698352396,0,70,255.0,255.0,255.0
929,46.45,28.623934385913742,-0.05838045227530102,-31.96169942998491,3.001846265522989,-0.014386349250996001,2.2110516114382497,-0.25973880961650225,-0.00011554352448441333,0.04008114704940083,0,70,255.0,255.0,255.0
930,46.5,28.7737,-0.0591,-31.8511,2.9887377843704215,-0.014397276391837221,2.212860547542367,-0.26460043648621934,-0.00032154210916439385,0.03227629711528124,0,70,255.0,255.0,255.0
931,46.550000000000004,28.92280441321331,-0.059820190808917414,-31.740420817420837,2.975404234968951,-0.014408857198637513,2.2142229522363173,-0.26874153957255126,-0.00014169016284719526,0.022219890642734295,0,70,255.0,255.0,255.0
932,46.6,29.071236972577662,-0.06054073584324184,-31.62968608511509,2.9618636304131662,-0.014411445408121943,2.2150825366066407,-0.27288264265888257,3.8161783469977794e-05,0.012163484170188778,0,70,255.0,255.0,255.0
933,46.650000000000006,29.21898732533539,-0.061261185473107695,-31.5189209440989,2.9481159707030624,-0.014405041020290513,2.2154393006533364,-0.2770237457452145,0.0002180137297871764,0.0021070776976418355,0,70,255.0,255.0,255.0
934,46.7,29.366045118728735,-0.061981090068648985,-31.40815053538848,2.9341612558386445,-0.014389644035143225,2.215293244376405,-0.2811648488315458,0.00039786567610434944,-0.007949328774903681,0,70,255.0,255.0,255.0
935,46.75,29.5124,-0.0627,-31.2974,2.919999485819909,-0.01436525445268008,2.214644367775846,-0.28530595191788777,0.0005777176224215502,-0.018005735247449195,0,70,255.0,255.0,255.0
936,46.800000000000004,29.658041069367453,-0.06341775449610629,-31.186693476082,2.905597839204393,-0.014349203801573712,2.2135528429090825,-0.29075991270270807,6.43084218331125e-05,-0.025655259423080366,0,70,255.0,255.0,255.0
937,46.85,29.80295523895312,-0.06413534822115788,-31.076051090312568,2.890923494549638,-0.014358823610496764,2.212078841833538,-0.29621387348752765,-0.00044910077875525214,-0.03330478359871045,0,70,255.0,255.0,255.0
938,46.900000000000006,29.9471288738551,-0.0648540646981565,-30.96549196650212,2.8759764518556397,-0.014394113879449241,2.2102223645492116,-0.30166783427234795,-0.0009625099793436898,-0.040954307774341614,0,70,255.0,255.0,255.0
939,46.95,30.09054833917137,-0.06557518745010334,-30.855035228461126,2.8607567111224026,-0.014455074608431132,2.207983411056104,-0.3071217950571675,-0.0014759191799320545,-0.0486038319499717,0,70,255.0,255.0,255.0
940,47.0,30.2332,-0.0663,-30.7447,2.8452642723499246,-0.014541705797442439,2.205361981354215,-0.31257575584199415,-0.0019893283805204193,-0.05625335612558402,0,70,255.0,255.0,255.0
941,47.050000000000004,30.375070509316966,-0.06702959120665783,-30.634506078251118,2.8295164082134625,-0.014642327595067573,2.202317676127315,-0.3173388096164399,-0.0020355435244846353,-0.0655188529504131,0,70,255.0,255.0,255.0
942,47.1,30.516147671609872,-0.06776427127212675,-30.524475953634624,2.81353039138828,-0.014745260149890905,2.198810096059174,-0.3221018633908849,-0.002081758668448845,-0.07478434977524087,0,70,255.0,255.0,255.0
943,47.150000000000006,30.65641957924432,-0.06850415573426691,-30.41463278989255,2.7973062218743734,-0.01485050346191246,2.1948392411497903,-0.32686491716533067,-0.0021279738124130613,-0.08404984660006995,0,70,255.0,255.0,255.0
944,47.2,30.795874324585835,-0.06924936013093798,-30.304999750766992,2.7808438996717464,-0.014958057531132215,2.190405111399167,-0.3316279709397757,-0.002174188956377271,-0.09331534342489771,0,70,255.0,255.0,255.0
945,47.25,30.9345,-0.07,-30.1956,2.7641434247803978,-0.015067922357550178,2.1855077068073014,-0.3363910247142279,-0.0022204041003414943,-0.10258084024971126,0,70,255.0,255.0,255.0
946,47.300000000000004,31.072284893364756,-0.07075588067726282,-30.086456610913487,2.7472165279417498,-0.015161485818156115,2.1801524525816847,-0.34068484883161965,-0.0015221343238956424,-0.11162932877493296,0,70,255.0,255.0,255.0
947,47.35,31.209218074607413,-0.07151556669033526,-29.97759229514893,2.7300749398972353,-0.015220135789939748,2.174344773929808,-0.3449786729490108,-0.0008238645474498898,-0.12067781730015338,0,70,255.0,255.0,255.0
948,47.400000000000006,31.34528880916772,-0.07227731236477644,-29.86902967392761,2.712718660646849,-0.0152438722729011,2.1680846708516692,-0.3492724970664026,-0.00012559477100403766,-0.1297263058253751,0,70,255.0,255.0,255.0
949,47.45,31.48048636248534,-0.07303937202614502,-29.760791368470866,2.6951476901905944,-0.015232695267040158,2.1613721433472706,-0.3535663211837938,0.0005726750054417147,-0.1387747943505955,0,70,255.0,255.0,255.0
950,47.5,31.6148,-0.0738,-29.6529,2.677362028528471,-0.01518660477235693,2.154207191416611,-0.3578601453011778,0.0012709447818875924,-0.14782328287579816,0,70,255.0,255.0,255.0
951,47.550000000000004,31.74821871722408,-0.07455808608429132,-29.54537787809487,2.6593454800195127,-0.015143729132308029,2.146608513545964,-0.36280179505710464,0.00044408082006827004,-0.15612383195005108,0,70,255.0,255.0,255.0
952,47.6,31.88073042996049,-0.07531506196653236,-29.43824606576963,2.6410818490227603,-0.015142196690350097,2.1385948082216055,-0.36774344481303073,-0.00038278314175093503,-0.16442438102430282,0,70,255.0,255.0,255.0
953,47.650000000000006,32.01232278408489,-0.07607299480662785,-29.331525314396934,2.622571135538209,-0.015182007446483129,2.1301660754435336,-0.37268509456895754,-0.0012096471035702573,-0.17272493009855575,0,70,255.0,255.0,255.0
954,47.7,32.142983425472856,-0.07683395176448218,-29.2252363753495,2.603813339565864,-0.015263161400707118,2.1213223152117497,-0.3776267443248837,-0.0020365110653894625,-0.18102547917280748,0,70,255.0,255.0,255.0
955,47.75,32.2727,-0.0776,-29.1194,2.5848084611057227,-0.015385658553022064,2.1120635275262543,-0.38256839408078847,-0.002863375027208667,-0.18932602824704858,0,70,255.0,255.0,255.0
956,47.800000000000004,32.40146023773901,-0.07837257498557233,-29.014037476706978,2.5655615519802066,-0.015511597652611729,2.102357493234456,-0.38730797093977826,-0.0021741889563775146,-0.19891534342485226,0,70,255.0,255.0,255.0
957,47.85,32.52925220555065,-0.07915058544353551,-28.90917224177253,2.546077664011744,-0.015603077448659824,2.0921719931837686,-0.3920475477987674,-0.0014850028855464602,-0.20850465860265457,0,70,255.0,255.0,255.0
958,47.900000000000006,32.6560640544928,-0.07993230840871265,-28.804828268484577,2.526356797200329,-0.015660097941166372,2.0815070273741902,-0.3967871246577571,-0.0007958168147153078,-0.21809397378045825,0,70,255.0,255.0,255.0
959,47.95,32.7818839356233,-0.08071602091592647,-28.70102953013109,2.506398951545968,-0.01568265913013136,2.070362595805723,-0.40152670151674624,-0.00010663074388425316,-0.22768328895826057,0,70,255.0,255.0,255.0
960,48.0,32.9067,-0.0815,-28.5978,2.4862041270486577,-0.015670761015554795,2.0587386984783658,-0.4062662783757318,0.0005825553269468153,-0.23727260413604512,0,70,255.0,255.0,255.0
961,48.050000000000004,33.030500331819965,-0.08228281397341976,-28.495162615077163,2.4657683120596676,-0.01564188025724508,2.0466975135161984,-0.41116632118379826,0.0005726750054417298,-0.24437479435061024,0,70,255.0,255.0,255.0
962,48.1,33.153272747836965,-0.08306419625932579,-28.39313616714022,2.4450874949302777,-0.015613493515010622,2.0343012190433045,-0.416066363991864,0.0005627946839366457,-0.25147698456517437,0,70,255.0,255.0,255.0
963,48.150000000000006,33.275004997944,-0.0838441715585221,-28.291738411664678,2.4241616756604807,-0.015585600788851415,2.0215498150596805,-0.4209664067999304,0.0005529143624315602,-0.2585791747797395,0,70,255.0,255.0,255.0
964,48.2,33.395684832034014,-0.08462276457181221,-28.190987104126098,2.402990854250284,-0.015558202078767463,2.00844330156533,-0.4258664496079962,0.0005430340409264761,-0.2656813649943036,0,70,255.0,255.0,255.0
965,48.25,33.5153,-0.0854,-28.0909,2.381575030699684,-0.015531297384758771,1.9949816785602517,-0.43076649241605125,0.0005331537194214059,-0.27278355520886777,0,70,255.0,255.0,255.0
966,48.300000000000004,33.63383843498118,-0.08617616912074907,-27.99149686298431,2.359925199781157,-0.01552088131840797,1.9810444527007114,-0.43522674432494424,-0.00011651106538940463,-0.2847054791727,0,70,255.0,255.0,255.0
967,48.35,33.75128880310153,-0.08695262951916151,-27.892805489666564,2.338052356267189,-0.015542948491297707,1.9665111306429814,-0.43968699623383656,-0.0007661758502001228,-0.2966274031365305,0,70,255.0,255.0,255.0
968,48.400000000000006,33.867639953731306,-0.08773100535719953,-27.794855684856646,2.315956500157773,-0.015597498903427988,1.9513817123870578,-0.44414724814272954,-0.0014158406350109332,-0.30854932710036276,0,70,255.0,255.0,255.0
969,48.45,33.98288073624072,-0.08851292079682499,-27.69767725336449,2.293637631452915,-0.015684532554798798,1.9356561979329447,-0.44860750005162187,-0.0020655054198216514,-0.3204712510641933,0,70,255.0,255.0,255.0
970,48.5,34.097,-0.0893,-27.6013,2.2710957501526137,-0.01580404944541014,1.91933458728064,-0.45306775196051063,-0.0027151702046323,-0.3323931750280291,0,70,255.0,255.0,255.0
971,48.550000000000004,34.209989928255375,-0.0900933095435844,-27.50575313298555,2.248530888815678,-0.015922594469123058,1.9024526756809796,-0.44952670151683777,-0.0020266307438839915,-0.3428832889583253,0,70,255.0,255.0,255.0
972,48.6,34.32185603975694,-0.09089168566402837,-27.411063474193508,2.226143080000929,-0.016006712519798547,1.885046258384807,-0.44598565107316535,-0.001338091283135781,-0.35337340288862,0,70,255.0,255.0,255.0
973,48.650000000000006,34.43260718713085,-0.0916934070126803,-27.317257248908675,2.2039323237083606,-0.016056403597436635,1.867115335392117,-0.4424446006294925,-0.0006495518223874723,-0.36386351681891627,0,70,255.0,255.0,255.0
974,48.7,34.54225222300316,-0.09249675224088812,-27.224360682415902,2.1818986199379795,-0.0160716677020373,1.848659906702915,-0.43890355018582006,3.898763836073828e-05,-0.37435363074921096,0,70,255.0,255.0,255.0
975,48.75,34.6508,-0.0933,-27.1324,2.160041968689782,-0.016052504833600562,1.8296799723171984,-0.43536249974215124,0.0007275270991089766,-0.3848437446795039,0,70,255.0,255.0,255.0
976,48.800000000000004,34.758259451997375,-0.09410179270491378,-27.041398605073447,2.138367244956032,-0.01602074080509968,1.8103448445753503,-0.43162644960777535,0.0005430340409262055,-0.3885613649943575,0,70,255.0,255.0,255.0
977,48.85,34.86463983787071,-0.09490222782472513,-26.951368613559396,2.116879323729004,-0.01599820142950794,1.7908238358177622,-0.4278903994734,0.0003585409827434608,-0.3922789853092106,0,70,255.0,255.0,255.0
978,48.900000000000006,34.96995049774539,-0.09570176659207974,-26.8623193195086,2.095578205008691,-0.015984886706825335,1.7711169460444285,-0.4241543493390242,0.0001740479245606897,-0.39599660562406425,0,70,255.0,255.0,255.0
979,48.95,35.074200771746696,-0.09650087023962284,-26.774260016971873,2.0744638887951004,-0.01598079663705187,1.751224175255355,-0.42041829920464885,-1.044513362205503e-05,-0.39971422593891737,0,70,255.0,255.0,255.0
980,49.0,35.1774,-0.0973,-26.6872,2.053536375088229,-0.01598593122018754,1.731145523450539,-0.41668224907026996,-0.00019493819180479988,-0.4034318462537705,0,70,255.0,255.0,255.0
981,49.050000000000004,35.279557863755166,-0.09809951963676086,-26.601150046720623,2.03281613136018,-0.015994442310478207,1.7107919460175918,-0.41212750005163445,-0.0001455054198217911,-0.41071125106405465,0,70,255.0,255.0,255.0
982,49.1,35.38068540876021,-0.09889940303707119,-26.516126871568915,2.012323625083065,-0.01600048176216972,1.690074398344133,-0.4075727510329996,-9.607264783878937e-05,-0.4179906558743378,0,70,255.0,255.0,255.0
983,49.150000000000006,35.48079402188766,-0.09969952661900121,-26.432148673056883,1.9920588562568793,-0.016004049575262084,1.6689928804301573,-0.4030180020143641,-4.66398758557806e-05,-0.425270060684622,0,70,255.0,255.0,255.0
984,49.2,35.579895090010076,-0.10049976680062077,-26.34923364969657,1.9720218248816281,-0.0160051457497553,1.6475473922756703,-0.39846325299572927,2.7928961272211442e-06,-0.4325494654949051,0,70,255.0,255.0,255.0
985,49.25,35.678,-0.1013,-26.2674,1.9522125309573086,-0.016003770285649362,1.6257379338806695,-0.39390850397710864,5.22256681102784e-05,-0.43982887030519,0,70,255.0,255.0,255.0
986,49.300000000000004,35.775119492981986,-0.10210012874804313,-26.18666440804402,1.9325922296032325,-0.016001489952987582,1.603655371354305,-0.39090355018586936,3.898763836098105e-05,-0.44347363074932244,0,70,255.0,255.0,255.0
987,49.35,35.87126172708848,-0.10290016002699023,-26.107037500164935,1.9131221759387211,-0.015999871521813265,1.5813905708057365,-0.38789859639463053,2.574960861168558e-05,-0.4471183911934543,0,70,255.0,255.0,255.0
988,49.400000000000006,35.966434214704016,-0.10370012693191594,-26.028528388263823,1.893802369963769,-0.015998914992126412,1.5589435322349587,-0.38489364260339126,1.2511578862388235e-05,-0.4507631516375867,0,70,255.0,255.0,255.0
989,49.45,36.06064446821302,-0.10450006255789436,-25.951146184241807,1.8746328116783815,-0.015998620363927026,1.5363142556419773,-0.3818886888121524,-7.264508869072372e-07,-0.4544079120817186,0,70,255.0,255.0,255.0
990,49.5,36.1539,-0.1053,-25.8749,1.8556135010825558,-0.015998987637215103,1.5135027410267894,-0.37888373502091355,-1.3964480636202703e-05,-0.45805267252585047,0,70,255.0,255.0,255.0
991,49.550000000000004,36.24620896431695,-0.10609996537106704,-25.799800321103234,1.836782950226916,-0.015999597877571554,1.4904265685651685,-0.37433829920461326,-1.0445133621788926e-05,-0.46499422593890166,0,70,255.0,255.0,255.0
992,49.6,36.33758208288587,-0.106899956854968,-25.725863127771323,1.8181796711620941,-0.016000032150577284,1.4670033184328986,-0.3697928633883136,-6.92578660737565e-06,-0.4719357793519519,0,70,255.0,255.0,255.0
993,49.650000000000006,36.428030719296345,-0.10769996565333562,-25.653105773887784,1.799803663888084,-0.01600029045623229,1.4432329906299726,-0.3652474275720133,-3.4064395929618743e-06,-0.47887733276500316,0,70,255.0,255.0,255.0
994,49.7,36.51756623713786,-0.10849998296780208,-25.581545613336168,1.7816549284048921,-0.016000372794536578,1.4191155851563977,-0.36070199175571366,1.1290742145140327e-07,-0.48581888617805336,0,70,255.0,255.0,255.0
995,49.75,36.6062,-0.1093,-25.5112,1.7637334647125151,-0.01600027916549014,1.3946511020121701,-0.3561565559394051,3.632254435947946e-06,-0.4927604395911036,0,70,255.0,255.0,255.0
996,49.800000000000004,36.693943049750274,-0.11010000976768916,-25.442085507543,1.7460199694891325,-0.016000118536726067,1.3698863543850182,-0.3523832529958398,2.792896126990669e-06,-0.49782946549488905,0,70,255.0,255.0,255.0
997,49.85,36.780805141368035,-0.11090001255313787,-25.37421558874975,1.7284951394129306,-0.015999999875877444,1.3448681554626805,-0.348609950052275,1.953537818033511e-06,-0.5028984913986738,0,70,255.0,255.0,255.0
998,49.900000000000006,36.866795708110686,-0.11170001045474218,-25.307602916184983,1.7111589744839044,-0.015999923182944263,1.3195965052451502,-0.34483664710870976,1.1141795090762342e-06,-0.5079675173024593,0,70,255.0,255.0,255.0
999,49.95,36.95192418323555,-0.11250000557089758,-25.242260162413487,1.6940114747020592,-0.015999888457926537,1.2940714037324341,-0.341063344165145,2.7482120011907645e-07,-0.5130365432062439,0,70,255.0,255.0,255.0
1000,50.0,37.0362,-0.1133,-25.1782,1.677052640067392,-0.015999895700824253,1.2682928509245288,-0.3372900412215838,-5.645371087825701e-07,-0.5181055691100269,0,70,255.0,255.0,255.0
1001,50.050000000000004,37.119632436682025,-0.11409999555817674,-25.11543524872473,1.660273171816546,-0.01599992797552415,1.2422520138947317,-0.33388868881219913,-7.264508871673985e-07,-0.5235279120817627,0,70,255.0,255.0,255.0
1002,50.1,37.202230151642,-0.11489999293248059,-25.05397931722967,1.6436637711861715,-0.01599996834591297,1.2159400597163519,-0.33048733640281497,-8.883646655522039e-07,-0.5289502550534978,0,70,255.0,255.0,255.0
1003,50.150000000000006,37.28400164826098,-0.11569999252769621,-24.993845761372235,1.6272244381762642,-0.016000016811990706,1.1893569883893813,-0.3270859839934303,-1.0502784439370323e-06,-0.5343725980252336,0,70,255.0,255.0,255.0
1004,50.2,37.364955429919966,-0.11649999474860782,-24.93504813700987,1.610955172786828,-0.016000073373757362,1.1625027999138278,-0.3236846315840461,-1.2121922223218378e-06,-0.5397949409969687,0,70,255.0,255.0,255.0
1005,50.25,37.4451,-0.1173,-24.8776,1.5948559750178612,-0.016000138031212936,1.1353774942896875,-0.32028327917466903,-1.3741060005678651e-06,-0.5452172839687108,0,70,255.0,255.0,255.0
1006,50.300000000000004,37.52444400352168,-0.1181000079996043,-24.82151509755806,1.5789353432446063,-0.016000169561177405,1.1079695900360182,-0.31654199175547293,1.1290742179549855e-07,-0.5510988861779728,0,70,255.0,255.0,255.0
1007,50.35,37.60299665206397,-0.11890001571693992,-24.76680794233157,1.5632017758423136,-0.016000126740470758,1.0802676056718894,-0.3128007043362774,1.599920844158651e-06,-0.5569804883872338,0,70,255.0,255.0,255.0
1008,50.400000000000006,37.68076729884544,-0.11970001943447355,-24.713493238326045,1.5476552728109783,-0.016000009569092987,1.0522715411972938,-0.3090594169170813,3.086934266522015e-06,-0.5628620905964957,0,70,255.0,255.0,255.0
1009,50.45,37.75776529708459,-0.12050001543467138,-24.661585689547017,1.532295834150605,-0.015999818047044104,1.023981396612239,-0.3053181294978857,4.573947688885167e-06,-0.5687436928057569,0,70,255.0,255.0,255.0
1010,50.5,37.834,-0.1213,-24.6111,1.5171234598611911,-0.0159995521743241,0.9953971719167215,-0.3015768420786955,6.060961111359342e-06,-0.5746252950150152,0,70,255.0,255.0,255.0
1011,50.550000000000004,37.90948114923127,-0.12209997244340652,-24.562050761043007,1.5021614552050895,-0.015999393779766308,0.9665256259611865,-0.296903344165317,2.748212004239418e-07,-0.5802365432062885,0,70,255.0,255.0,255.0
1012,50.6,37.98422004010211,-0.12289994419975991,-24.51445211344404,1.487433125444659,-0.01599952469220406,0.9373735175960919,-0.29222984625193915,-5.511318710510635e-06,-0.5858477913975608,0,70,255.0,255.0,255.0
1013,50.650000000000006,38.05822835635733,-0.12369992973441021,-24.46831808532356,1.4729384705798954,-0.015999944911637358,0.9079408468214294,-0.2875563483385607,-1.1297458621446037e-05,-0.5914590395888341,0,70,255.0,255.0,255.0
1014,50.7,38.13151778174169,-0.12449994351270693,-24.423662704802055,1.4586774906108024,-0.0160006544380662,0.8782276136372077,-0.28288285042518285,-1.7083598532380612e-05,-0.5970702877801064,0,70,255.0,255.0,255.0
1015,50.75,38.2041,-0.1253,-24.3805,1.4446501855373786,-0.01600165327149059,0.8482338180434222,-0.27820935251180856,-2.2869738443231924e-05,-0.6026815359713789,0,70,255.0,255.0,255.0
1016,50.800000000000004,38.27598579955328,-0.12610010222677004,-24.338843458269885,1.4308028359349798,-0.016002255319757235,0.8179919061192114,-0.27568463158409295,-1.2121922225198207e-06,-0.606994940996952,0,70,255.0,255.0,255.0
1017,50.85,38.3471823875276,-0.12690020748402053,-24.298704403892263,1.4170817223789687,-0.016001774490712842,0.7875343239437261,-0.2731599106563777,2.04453539981892e-05,-0.6113083460225244,0,70,255.0,255.0,255.0
1018,50.900000000000006,38.41769607572529,-0.1277002616278862,-24.2600936203797,1.4034868448693418,-0.016000210784357417,0.756861071516958,-0.2706351897286621,4.2102900218901306e-05,-0.6156217510480975,0,70,255.0,255.0,255.0
1019,50.95,38.48753317594864,-0.12850021051450114,-24.22302189124476,1.3900182034061024,-0.015997564200690956,0.7259721488389157,-0.2681104688009468,6.376044643961032e-05,-0.6199351560736699,0,70,255.0,255.0,255.0
1020,51.0,38.5567,-0.1293,-24.1875,1.3766757979892488,-0.015993834739713456,0.6948675559095946,-0.2655857478732262,8.541799266026384e-05,-0.6242485610992388,0,70,255.0,255.0,255.0
1021,51.050000000000004,38.625205252555624,-0.13009961864951367,-24.153541005877436,1.3636032010549755,-0.015991584941204732,0.6634107495619674,-0.2573181294976575,4.57394768861729e-06,-0.6340236928057386,0,70,255.0,255.0,255.0
1022,51.1,38.693067209787486,-0.13089922586415798,-24.12116707098689,1.3509439850394827,-0.015993377344944593,0.6314651866290198,-0.24905051112208992,-7.627009728301777e-05,-0.643798824512237,0,70,255.0,255.0,255.0
1023,51.150000000000006,38.760306540741546,-0.13169902375404563,-24.09040263315762,1.3386981499427664,-0.015999211950933036,0.5990308671107428,-0.2407828927465212,-0.00015711414225466432,-0.6535739562187368,0,70,255.0,255.0,255.0
1024,51.2,38.82694391446373,-0.1324992144292888,-24.061272130218903,1.32686569576483,-0.01600908875917006,0.5661077910071454,-0.23251527437095365,-0.00023795818722629938,-0.6633490879252353,0,70,255.0,255.0,255.0
1025,51.25,38.893,-0.1333,-24.0338,1.315446622505672,-0.01602300776965566,0.5326959583182231,-0.22424765599538077,-0.0003188022321978512,-0.6731242196317311,0,70,255.0,255.0,255.0
1026,51.300000000000004,38.95849879022428,-0.13410142317517573,-24.00800771822035,1.3046403598451508,-0.01603140491542391,0.4989730956329221,-0.20800285042542374,-1.7083598532010398e-05,-0.6757902877801959,0,70,255.0,255.0,255.0
1027,51.35,39.02347757332249,-0.13490288905934766,-23.983904912160163,1.2946463374631292,-0.016024716129508863,0.4651169295402026,-0.19175804485546902,0.0002846350351337876,-0.6784563559286604,0,70,255.0,255.0,255.0
1028,51.400000000000006,39.08797696130857,-0.13570364335593194,-23.96149824698979,1.285464555359604,-0.016002941411910526,0.4311274600400551,-0.175513239285512,0.0005863536687996284,-0.6811224240771252,0,70,255.0,255.0,255.0
1029,51.45,39.152037566196434,-0.13650293176834405,-23.940794387879617,1.2770950135345776,-0.015966080762628905,0.39700468713248915,-0.15926843371555727,0.0008880723024654264,-0.6837884922255897,0,70,255.0,255.0,255.0
1030,51.5,39.2157,-0.1373,-23.9218,1.269537711988049,-0.01591413418166399,0.36274861081750004,-0.14302362814560254,0.0011897909361312242,-0.6864545603740537,0,70,255.0,255.0,255.0
1031,51.550000000000004,39.278998786547284,-0.13809468864978383,-23.904517721241135,1.2624273595643878,-0.01588279539709972,0.3286008679063058,-0.14139046880083073,6.376044643947431e-05,-0.6794551560735977,0,70,255.0,255.0,255.0
1032,51.6,39.34194409692256,-0.13888921789845143,-23.88893408037245,1.2553986651079658,-0.015907758137020035,0.29480309521013925,-0.13975730945605913,-0.0010622700432521156,-0.6724557517731428,0,70,255.0,255.0,255.0
1033,51.650000000000006,39.4045400140242,-0.13968640282222725,-23.875031578883203,1.2484516286187817,-0.01598902240142494,0.26135529272899066,-0.1381241501112873,-0.002188300532943866,-0.6654563474726867,0,70,255.0,255.0,255.0
1034,51.7,39.46679062075056,-0.1404890584973353,-23.862792718262636,1.2415862500968369,-0.016126588190314414,0.22825746046286957,-0.13649099076651572,-0.0033143310226354554,-0.6584569431722317,0,70,255.0,255.0,255.0
1035,51.75,39.5287,-0.1413,-23.8522,1.2348025295421305,-0.016320455503688467,0.19550959841177126,-0.13485783142174945,-0.004440361512327046,-0.6514575388717774,0,70,255.0,255.0,255.0
1036,51.800000000000004,39.59027246358661,-0.14212062222568947,-23.843236596815107,1.2281142018973132,-0.016485413496177305,0.16307143274184394,-0.13267527437091375,-0.0021579581872258388,-0.6460690879252052,0,70,255.0,255.0,255.0
1037,51.85,39.65151323898728,-0.14294663934684682,-23.83588836635003,1.221535002105039,-0.016536251322411072,0.13090268961924978,-0.1304927173200784,0.00012444513787504378,-0.6406806369786339,0,70,255.0,255.0,255.0
1038,51.900000000000006,39.71242778259465,-0.14377234535515968,-23.83014183747739,1.2150649301653054,-0.01647296898238978,0.09900336904397966,-0.12831016026924272,0.0024068484629762507,-0.6352921860320617,0,70,255.0,255.0,255.0
1039,51.95,39.77302155080135,-0.14459203424231493,-23.82598353906984,1.2087039860781144,-0.01629556647611346,0.06737347101604267,-0.12612760321840732,0.004689251788077133,-0.6299037350854904,0,70,255.0,255.0,255.0
1040,52.0,39.8333,-0.1454,-23.8234,1.2024521698434656,-0.0160040438035821,0.03601299553543423,-0.12394504616756663,0.0069716551131779325,-0.6245152841389189,0,70,255.0,255.0,255.0
1041,52.050000000000004,39.893269759106325,-0.14619242244745884,-23.822377491498436,1.196379832846383,-0.015711550618190993,0.004937401126316798,-0.11894843371571781,0.004728072302465311,-0.6185084922256724,0,70,255.0,255.0,255.0
1042,52.1,39.952942147128354,-0.14697302471416138,-23.82290125422744,1.1905573264718936,-0.015531236573335544,-0.02583785368713393,-0.1139518212638697,0.0024844894917530084,-0.6125017003124268,0,70,255.0,255.0,255.0
1043,52.150000000000006,40.01232965559723,-0.14774741575713465,-23.824956271207224,1.184984650719996,-0.015463101669015704,-0.056312768904926716,-0.10895520881202089,0.0002409066810403872,-0.6064949083991803,0,70,255.0,255.0,255.0
1044,52.2,40.07144477604406,-0.14852120453340525,-23.828527525458007,1.1796618055906913,-0.01550714590523149,-0.08648734452705287,-0.10395859636017278,-0.0020026761296719157,-0.6004881164859347,0,70,255.0,255.0,255.0
1045,52.25,40.1303,-0.1493,-23.8336,1.1745887910839792,-0.015663369281982885,-0.11636158055351677,-0.09896198390832822,-0.004246258940384162,-0.5944813245726895,0,70,255.0,255.0,255.0
1046,52.300000000000004,40.18890689998813,-0.1500880879844756,-23.840159037191142,1.16971046671711,-0.0158523840310584,-0.14595703724714124,-0.09617099076641059,-0.003314331022635806,-0.5893369431721884,0,70,255.0,255.0,255.0
1047,52.35,40.24727337249932,-0.1508844617965077,-23.848191416740214,1.1649716920073379,-0.015994802384246477,-0.17529527487073648,-0.09337999762449335,-0.002382403104887583,-0.5841925617716881,0,70,255.0,255.0,255.0
1048,52.400000000000006,40.305406395016476,-0.15168679161630216,-23.857684277693718,1.160372466954661,-0.016090624341547153,-0.20437629342431082,-0.09058900448257572,-0.001450475187139227,-0.579048180371187,0,70,255.0,255.0,255.0
1049,52.45,40.36331294502242,-0.15249274762406434,-23.868624759098143,1.15591279155908,-0.01613984990296041,-0.23320009290785604,-0.08779801134065847,-0.0005185472693910033,-0.5739037989706867,0,70,255.0,255.0,255.0
1050,52.5,40.421,-0.1533,-23.881,1.1515926658205953,-0.016142479068486253,-0.26176667332137626,-0.08500701819875012,0.00041338064835710897,-0.5687594175701873,0,70,255.0,255.0,255.0
1051,52.550000000000004,40.478474640941194,-0.15410642561463905,-23.894796759736995,1.1474183002851686,-0.016110913257575403,-0.29005325213776945,-0.08196760321830406,0.0008492517880768252,-0.5627037350854422,0,70,255.0,255.0,255.0
1052,52.6,40.53574436287434,-0.15491072809980777,-23.910000278811708,1.1433959054987648,-0.016057553889678573,-0.31803704682992134,-0.07892818823785844,0.0012851229277964795,-0.556648052600698,0,70,255.0,255.0,255.0
1053,52.650000000000006,40.59281676433689,-0.15571181777765716,-23.926595418017918,1.1395254814613827,-0.015982400964795748,-0.34571805739784,-0.07588877325741238,0.0017209940675161958,-0.550592370115953,0,70,255.0,255.0,255.0
1054,52.7,40.6496994438663,-0.1565086049703376,-23.94456703814942,1.1358070281730233,-0.015885454482926952,-0.37309628384151744,-0.07284935827696676,0.00215686520723585,-0.5445366876312088,0,70,255.0,255.0,255.0
1055,52.75,40.7064,-0.1573,-23.9639,1.1322405456336864,-0.01576671444407218,-0.40017172616095775,-0.06980994329652113,0.002592736346955421,-0.5384810051464628,0,70,255.0,255.0,255.0
1056,52.800000000000004,40.76292653624713,-0.1580854095569686,-23.98457952386087,1.128856332142263,-0.015655962938640078,-0.42696595420177214,-0.06555859636039826,0.0018373238703282857,-0.5332881164860223,0,70,255.0,255.0,255.0
1057,52.85,40.81928917600334,-0.1588662258042612,-24.00659226801296,1.1256846859976464,-0.015582982057039344,-0.4535005378095608,-0.061307249424276,0.0010819113937012576,-0.5280952278255825,0,70,255.0,255.0,255.0
1058,52.900000000000006,40.87549854763601,-0.1596443372730697,-24.029925250234612,1.1227256071998355,-0.015547771799269956,-0.4797754769843311,-0.057055902488153135,0.0003264989170741225,-0.522902339165142,0,70,255.0,255.0,255.0
1059,52.95,40.93156527951244,-0.1604216324945854,-24.054565488304178,1.1199790957488311,-0.015550332165331924,-0.5057907717260758,-0.052804555552030875,-0.0004289135595529057,-0.5177094505047022,0,70,255.0,255.0,255.0
1060,53.0,40.9875,-0.1612,-24.0805,1.1174451516446327,-0.015590663155225245,-0.5315464220347984,-0.04855320861591217,-0.0011843260361799751,-0.5125165618442571,0,70,255.0,255.0,255.0
1061,53.050000000000004,41.04331281407033,-0.16198073615748707,-24.10771554481952,1.1150923711457223,-0.015633234987864512,-0.5570269310551729,-0.045558011340490014,-0.0005185472693905028,-0.5067037989706371,0,70,255.0,255.0,255.0
1062,53.1,41.099011733112306,-0.16276276868314749,-24.136197849136458,1.1128893505105835,-0.0156425178821643,-0.5822168019318629,-0.04256281406506828,0.00014723149739887475,-0.500891036097018,0,70,255.0,255.0,255.0
1063,53.150000000000006,41.154604245119124,-0.16354443313006453,-24.165932381043643,1.1108360897392155,-0.015618511838124616,-0.6071160346648754,-0.039567616789646126,0.0008130102641883473,-0.4950782732233981,0,70,255.0,255.0,255.0
1064,53.2,41.21009783808395,-0.164324065051321,-24.196904608633886,1.108932588831619,-0.015561216855745469,-0.6317246292542035,-0.036572419514224394,0.0014787890309777246,-0.48926551034977894,0,70,255.0,255.0,255.0
1065,53.25,41.2655,-0.1651,-24.2291,1.107178847787793,-0.015470632935026856,-0.6560425856998504,-0.033577222238800886,0.002144567797767144,-0.48345274747615896,0,70,255.0,255.0,255.0
1066,53.300000000000004,41.32081820747158,-0.16587084581308356,-24.262503896861073,1.1055741832748998,-0.015363097109901774,-0.6800623215775372,-0.030609358276926204,0.0021568652072358097,-0.47733668763122933,0,70,255.0,255.0,255.0
1067,53.35,41.37605989154746,-0.16663629946314898,-24.297101135441217,1.1041179119601003,-0.015254946414303272,-0.7037762544629741,-0.027641494315051945,0.0021691626167044736,-0.4712206277863006,0,70,255.0,255.0,255.0
1068,53.400000000000006,41.43123247188756,-0.1673963302066727,-24.332876425590833,1.1028100338433946,-0.015146180848231322,-0.7271843843561678,-0.02467363035317726,0.002181460026173139,-0.46510456794137095,0,70,255.0,255.0,255.0
1069,53.45,41.486343368151765,-0.1681509073001309,-24.369814477160293,1.1016505489247828,-0.015036800411685956,-0.7502867112571119,-0.021705766391303005,0.0021937574356418028,-0.45898850809644215,0,70,255.0,255.0,255.0
1070,53.5,41.5414,-0.1689,-24.4079,1.1006394572042644,-0.014926805104667155,-0.7730832351658095,-0.01873790242942519,0.002206054845110411,-0.45287244825151163,0,70,255.0,255.0,255.0
1071,53.550000000000004,41.596410356043386,-0.16964388059017899,-24.447118467736217,1.0998108957547221,-0.014834376572528231,-0.7956197826347173,-0.014404555552257023,0.0014910864404462766,-0.44858945050472415,0,70,255.0,255.0,255.0
1072,53.6,41.651384700697875,-0.17038403346425673,-24.487458409098686,1.0991990016490385,-0.01477769646062252,-0.8179421802162825,-0.01007120867508947,0.0007761180357822436,-0.44430645275793723,0,70,255.0,255.0,255.0
1073,53.650000000000006,41.706333867330684,-0.1711222460432451,-24.528909116593056,1.0988037748872133,-0.01475676476895001,-0.8400504279105117,-0.005737861797921302,6.114963111810909e-05,-0.44002345501114976,0,70,255.0,255.0,255.0
1074,53.7,41.76126868930899,-0.1718603057481556,-24.57145988272495,1.0986252154692464,-0.014771581497510703,-0.8619445257173981,-0.00140451492075375,-0.000653818773545924,-0.43574045726436283,0,70,255.0,255.0,255.0
1075,53.75,41.8162,-0.1726,-24.6151,1.098663323395138,-0.0148221466463046,-0.8836244736369454,0.002928831956413802,-0.0013687871782099709,-0.43145745951757775,0,70,255.0,255.0,255.0
1076,53.800000000000004,41.87113796835493,-0.1733424318262009,-24.659817432194096,1.0988782337061938,-0.014867396599985401,-0.9050105478836281,0.005667580485812585,-0.0004412109690220004,-0.42398551034965815,0,70,255.0,255.0,255.0
1077,53.85,41.92609010566107,-0.1740859666798242,-24.70559482816406,1.0992300814437193,-0.014866267743206808,-0.9260230246719119,0.008406329015210979,0.0004863652401658383,-0.4165135611817396,0,70,255.0,255.0,255.0
1078,53.900000000000006,41.98106325878974,-0.17482828562034727,-24.75241350803698,1.0997188666077147,-0.014818760075968811,-0.9466619040018026,0.011145077544609762,0.0014139414493538087,-0.40904161201381994,0,70,255.0,255.0,255.0
1079,53.95,42.03606427461227,-0.17556706970724684,-24.800254791939935,1.10034458919818,-0.01472487359827143,-0.9669271858732945,0.013883826074008154,0.0023415176585416474,-0.4015696628459014,0,70,255.0,255.0,255.0
1080,54.0,42.0911,-0.1763,-24.8491,1.1011072492151153,-0.01458460831011466,-0.9868188702863906,0.016622574603397666,0.0032690938677294584,-0.3940977136779855,0,70,255.0,255.0,255.0
1081,54.050000000000004,42.14617777053694,-0.17702559210501786,-24.89893180348743,1.102036169420422,-0.014448037027530357,-1.0064180258307553,0.0205342336088705,0.0021937574356422126,-0.3898685080965345,0,70,255.0,255.0,255.0
1082,54.1,42.201306876657874,-0.17774569981644647,-24.949738278245093,1.1031606725760024,-0.014365232566550428,-1.0258057210960447,0.02444589261434278,0.0011184210035551203,-0.3856393025150841,0,70,255.0,255.0,255.0
1083,54.150000000000006,42.25649709751037,-0.1784630114753663,-25.001508851259047,1.1044807586818564,-0.014336194927174853,-1.0449819560822642,0.028357551619815614,4.3084571467874415e-05,-0.3814100969336331,0,70,255.0,255.0,255.0
1084,54.2,42.311758212241905,-0.1791802154228574,-25.054232949515335,1.105996427737984,-0.014360924109403633,-1.0639467307894086,0.03226921062528789,-0.001032251860619218,-0.37718089135218263,0,70,255.0,255.0,255.0
1085,54.25,42.3671,-0.1799,-25.1079,1.107707679744385,-0.014439420113236767,-1.0827000452174804,0.03618086963076017,-0.002107588292706311,-0.3729516857707402,0,70,255.0,255.0,255.0
1086,54.300000000000004,42.42253174949737,-0.18062399975372814,-25.162498553856214,1.1095850886121346,-0.014508455289893075,-1.1011893487933602,0.03891548507922225,-0.0006538187735457678,-0.3666204572643901,0,70,255.0,255.0,255.0
1087,54.35,42.47806078770742,-0.18134963405439003,-25.218013658855583,1.111599228252307,-0.014504801990591355,-1.1193620909439201,0.041650100527683954,0.000799950745614569,-0.3602892287580408,0,70,255.0,255.0,255.0
1088,54.400000000000006,42.53369395116881,-0.18207326847818797,-25.274429486926852,1.1137500986649032,-0.014428460215331606,-1.1372182716691648,0.04438471597614604,0.0022537202647751123,-0.35395800025169066,0,70,255.0,255.0,255.0
1089,54.45,42.58943807642012,-0.18279126860132391,-25.331730209998742,1.116037699849922,-0.014279429964113851,-1.1547578909690897,0.04711933142460774,0.003707489783935449,-0.3476267717453414,0,70,255.0,255.0,255.0
1090,54.5,42.6453,-0.1835,-25.3899,1.1184620318073635,-0.01405771123693808,-1.171980948843697,0.049853946873067656,0.0051612593030958,-0.3412955432389886,0,70,255.0,255.0,255.0
1091,54.550000000000004,42.70128723147363,-0.18419680888006998,-25.448923581087744,1.1210634761310365,-0.013822141812897147,-1.1889205789958195,0.05420382607384193,0.0042615176585407595,-0.3362896628458475,0,70,255.0,255.0,255.0
1092,54.6,42.75740997251244,-0.18488296396599355,-25.50878788633259,1.1238824144147477,-0.013631559471083993,-1.2056099151282822,0.05855370527461558,0.0033617760139858475,-0.3312837824527071,0,70,255.0,255.0,255.0
1093,54.650000000000006,42.81367909781444,-0.1855607146118822,-25.569480401033577,1.1269188466584983,-0.013485964211498563,-1.2220489572410904,0.06290358447538985,0.0024620343694308077,-0.326277902059566,0,70,255.0,255.0,255.0
1094,54.7,42.870105482077626,-0.1862323101718472,-25.630988610489705,1.1301727728622868,-0.013385356034140901,-1.2382377053342393,0.0672534636761635,0.0015622927248758953,-0.3212720216664256,0,70,255.0,255.0,255.0
1095,54.75,42.9267,-0.1869,-25.6933,1.1336441930261143,-0.013329734939010985,-1.2541761594077312,0.07160334287693892,0.0006625510803209694,-0.31626614127328523,0,70,255.0,255.0,255.0
1096,54.800000000000004,42.98347292460814,-0.18756556472599228,-25.756401521792853,1.1372970068636747,-0.013290977458518427,-1.2698323352233698,0.07450921062546233,0.0008877481393811835,-0.30998089135220697,0,70,255.0,255.0,255.0
1097,54.85,43.04043212224283,-0.188228910081636,-25.82027799581407,1.1410951140886607,-0.013240960125072867,-1.2851742485429523,0.07741507837398531,0.0011129451984413655,-0.30369564143112965,0,70,255.0,255.0,255.0
1098,54.900000000000006,43.09758485757346,-0.18888947307428372,-25.88491370893888,1.1450385147010733,-0.013179682938674287,-1.3002018993664832,0.0803209461225087,0.0013381422575015796,-0.2974103915100514,0,70,255.0,255.0,255.0
1099,54.95,43.15493839526939,-0.18954669071128755,-25.950292948042453,1.1491272087009117,-0.013107145899322709,-1.3149152876939578,0.08322681387103169,0.0015633393165617616,-0.29112514158897407,0,70,255.0,255.0,255.0
1100,55.0,43.2125,-0.1902,-26.0164,1.153361196088176,-0.01302334900701812,-1.3293144135253787,0.08613268161954757,0.0017885363756219436,-0.28483989166789847,0,70,255.0,255.0,255.0
1101,55.050000000000004,43.27027707009386,-0.1908489322159613,-26.083219931740892,1.157748496414281,-0.01293394835302916,-1.3434460801107095,0.08935933142464086,0.0017874897839361276,-0.28042677174529373,0,70,255.0,255.0,255.0
1102,55.1,43.32827753851627,-0.19149339570746268,-26.150740930411136,1.16229712923064,-0.012844600028624505,-1.3573570906999086,0.0925859812297337,0.0017864431922503116,-0.2760136518226896,0,70,255.0,255.0,255.0
1103,55.150000000000006,43.386509471891756,-0.1921333930909835,-26.218951963210948,1.1670070945372546,-0.012755304033804128,-1.371047445292979,0.09581263103482698,0.0017853966005644953,-0.2716005319000848,0,70,255.0,255.0,255.0
1104,55.2,43.444980936844836,-0.19276892698300288,-26.287841997340504,1.171878392334123,-0.012666060368568053,-1.3845171438899175,0.09903928083991982,0.0017843500088786796,-0.2671874119774807,0,70,255.0,255.0,255.0
1105,55.25,43.5037,-0.1934,-26.3574,1.1769110226212462,-0.01257686903291627,-1.3977661864907256,0.10226593064500733,0.0017833034171928358,-0.2627742920548801,0,70,255.0,255.0,255.0
1106,55.300000000000004,43.56267479501647,-0.19402670641016284,-26.427612351243614,1.1821090074792704,-0.012493229129364571,-1.4106393443337617,0.10565346367593761,0.001562292724874837,-0.25215202166651896,0,70,255.0,255.0,255.0
1107,55.35,43.621913723692124,-0.1946495070885134,-26.498455082541387,1.1874763689888401,-0.012420639760428783,-1.4229813886573779,0.10904099670686743,0.0013412820325568696,-0.24152975127815926,0,70,255.0,255.0,255.0
1108,55.400000000000006,43.68142525485955,-0.19526895456178267,-26.569901638217363,1.1930131071499572,-0.012359100926108884,-1.4347923194615777,0.11242852973779771,0.0011202713402388709,-0.23090748088979807,0,70,255.0,255.0,255.0
1109,55.45,43.74121785735131,-0.19588560135670124,-26.641925462595555,1.1987192219626202,-0.012308612626404892,-1.446072136746358,0.11581606276872752,0.0008992606479209033,-0.2202852105014384,0,70,255.0,255.0,255.0
1110,55.5,43.8013,-0.1965,-26.7145,1.2045947134268293,-0.012269174861316798,-1.4568208405117207,0.11920359579965023,0.0006782499556029081,-0.2096629401130805,0,70,255.0,255.0,255.0
1111,55.550000000000004,43.8616741498403,-0.19711224214338768,-26.78759306328468,1.2102794736686004,-0.012213135129512677,-1.4667005425542723,0.10818681387117243,0.0015633393165618186,-0.18552514158894418,0,70,255.0,255.0,255.0
1112,55.6,43.92231876671525,-0.1977205759384838,-26.861149939423328,1.215413394813947,-0.01211284092966062,-1.4753733546706156,0.0971700319426962,0.0024484286775206033,-0.16138734306481128,0,70,255.0,255.0,255.0
1113,55.650000000000006,43.98320630867008,-0.19832278866188627,-26.935110283919645,1.21999647686287,-0.011968292261760605,-1.4828392768607532,0.08615325001421839,0.003333518038479514,-0.13724954454067495,0,70,255.0,255.0,255.0
1114,55.7,44.04430923374993,-0.19891666759019244,-27.0094137522773,1.2240287198153688,-0.011779489125812672,-1.4890983091246834,0.07513646808574218,0.0042186073994382985,-0.11311174601654206,0,70,255.0,255.0,255.0
1115,55.75,44.1056,-0.1995,-27.084,1.2275101236714439,-0.011546431521816797,-1.494150451462407,0.06411968615726238,0.005103696760397097,-0.08897394749240739,0,70,255.0,255.0,255.0
1116,55.800000000000004,44.1670542056224,-0.2000715250162869,-27.158816995617695,1.2306290978463723,-0.011326230352584867,-1.4984944854491533,0.06063928083987135,0.0037043500088794062,-0.0847874119774275,0,70,255.0,255.0,255.0
1117,55.85,44.228660009446884,-0.20063378915755145,-27.23384595976532,1.233574051755431,-0.01117599652092884,-1.5026291926601498,0.05715887552248081,0.0023050032573619142,-0.08060087646244819,0,70,255.0,255.0,255.0
1118,55.900000000000006,44.29040871046018,-0.20119029079067272,-27.309076426104117,1.2363449853986206,-0.011095730026848681,-1.5065545730953982,0.053678470205089784,0.0009056565058442228,-0.0764143409474683,0,70,255.0,255.0,255.0
1119,55.95,44.35229160764898,-0.20174452828252926,-27.38449792829527,1.2389418987759402,-0.011085430870344408,-1.510270626754897,0.05019806488769925,-0.0004936902456732688,-0.072227805432489,0,70,255.0,255.0,255.0
1120,56.0,44.4143,-0.2023,-27.4601,1.2413647918873902,-0.011145099051416007,-1.5137773536386467,0.046717659570312264,-0.0018930369971907474,-0.06804126991751325,0,70,255.0,255.0,255.0
1121,56.050000000000004,44.476424227670165,-0.2028592577914652,-27.535870954244583,1.2435561349458657,-0.011217943460147765,-1.5170015156491217,0.040936062768696005,-0.001020739352079331,-0.060925210501472295,0,70,255.0,255.0,255.0
1122,56.1,44.538650795497254,-0.20342106743131055,-27.6117942215154,1.24545839816426,-0.011247172986623949,-1.519869874688794,0.03515446596708058,-0.00014844170696803904,-0.053809151085432355,0,70,255.0,255.0,255.0
1123,56.150000000000006,44.60096524948926,-0.20398324817542338,-27.68785201166395,1.2470715815425737,-0.011232787630844563,-1.522382430757665,0.02937286916546432,0.000723855938143377,-0.04669309166939141,0,70,255.0,255.0,255.0
1124,56.2,44.66335313565418,-0.20454361927969075,-27.76402653454166,1.2483956850808064,-0.011174787392809615,-1.5245391838557332,0.023591272363848885,0.0015961535832546693,-0.03957703225335147,0,70,255.0,255.0,255.0
1125,56.25,44.7258,-0.2051,-27.8403,1.2494307087789587,-0.011073172272519105,-1.5263401339829998,0.01780967556223878,0.0024684512283659893,-0.03246097283730798,0,70,255.0,255.0,255.0
1126,56.300000000000004,44.78829128369696,-0.20565064381785259,-27.916654387404026,1.2501703623701637,-0.010953995806823998,-1.5277714519543462,0.011776468085957089,0.002298607399437935,-0.024791746016542205,0,70,255.0,255.0,255.0
1127,56.35,44.85081200856412,-0.20619554111720653,-27.993070754173086,1.2506083555875545,-0.010843311532575306,-1.5288193085846542,0.005743260609676254,0.002128763570509904,-0.017122519195777522,0,70,255.0,255.0,255.0
1128,56.400000000000006,44.913347091582814,-0.20673511650763424,-28.069529927240144,1.2507446884311313,-0.010741119449773006,-1.5294837038739237,-0.000289946866605436,0.0019589197415818497,-0.00945329237501175,0,70,255.0,255.0,255.0
1129,56.45,44.97588144973434,-0.20726979459870795,-28.14601273353813,1.250579360900894,-0.010647419558417118,-1.5297646378221554,-0.006323154342886272,0.001789075912653819,-0.0017840655542470697,0,70,255.0,255.0,255.0
1130,56.5,45.0384,-0.2078,-28.2225,1.2501123729968429,-0.010562211858507631,-1.5296621104293484,-0.012356361819165329,0.0016192320837258578,0.00588516126651939,0,70,255.0,255.0,255.0
1131,56.550000000000004,45.10088823754203,-0.2083261669371247,-28.29897309613935,1.2493784155735481,-0.0104860733125563,-1.5292086765334973,-0.01700193511262182,0.0014263097543271265,0.012252194567516571,0,70,255.0,255.0,255.0
1132,56.6,45.163333970246285,-0.20884876809986347,-28.37541556179227,1.2484121794855807,-0.010419580883074916,-1.528436890972597,-0.021647508406077653,0.0012333874249284228,0.018619227868512847,0,70,255.0,255.0,255.0
1133,56.650000000000006,45.225725584179514,-0.20936828579404002,-28.45181147937553,1.2472136647329402,-0.010362734570063458,-1.527346753746646,-0.026293081699534142,0.0010404650955296915,0.02498626116951003,0,70,255.0,255.0,255.0
1134,56.7,45.28805146540849,-0.2098852023254777,-28.52814493130585,1.2457828713156271,-0.010315534373521944,-1.5259382648556459,-0.030938654992989974,0.0008475427661309877,0.031353294470506304,0,70,255.0,255.0,255.0
1135,56.75,45.3503,-0.2104,-28.6044,1.2441197992336415,-0.010277980293450362,-1.5242114242995954,-0.03558422828645291,0.0006546204367323255,0.03772032777150791,0,70,255.0,255.0,255.0
1136,56.800000000000004,45.41245896613493,-0.21091268843364894,-28.680559628038615,1.24218797533558,-0.010221710942950681,-1.522097841911641,-0.041688727635999165,0.0015961535832547057,0.04682296774665431,0,70,255.0,255.0,255.0
1137,56.85,45.47451371045077,-0.21142138648333966,-28.756602198657852,1.2399509264700415,-0.010118364935124895,-1.51952912752493,-0.04779322698554456,0.002537686729776952,0.055925607721799414,0,70,255.0,255.0,255.0
1138,56.900000000000006,45.536448971699144,-0.211923740316206,-28.832504955257797,1.2374086526370256,-0.009967942269972975,-1.5165052811394613,-0.05389772633509081,0.003479219876299332,0.0650282476969458,0,70,255.0,255.0,255.0
1139,56.95,45.59824948863168,-0.21241739609938154,-28.90824514123849,1.2345611538365324,-0.009770442947494965,-1.5130263027552353,-0.060002225684636194,0.004420753022821578,0.07413088767209092,0,70,255.0,255.0,255.0
1140,57.0,45.6599,-0.2129,-28.9838,1.2314084300685624,-0.009525866967690843,-1.5090921923722522,-0.06610672503417625,0.005362286169343852,0.08323352764723779,0,70,255.0,255.0,255.0
1141,57.050000000000004,45.72138549791826,-0.21337027932827987,-29.059148391706223,1.2279656830841394,-0.00929908291564089,-1.504799955819929,-0.07160315434273,0.0037090759126535153,0.08845593444567941,0,70,255.0,255.0,255.0
1142,57.1,45.782691987950656,-0.21383128596677803,-29.13427564357633,1.2242481146342894,-0.009154959376425475,-1.500246598927684,-0.07709958365128296,0.0020558656559634125,0.09367834124412028,0,70,255.0,255.0,255.0
1143,57.150000000000006,45.843805729023934,-0.21428715294113634,-29.209168699593327,1.220255724719011,-0.009093496350044557,-1.4954321216955166,-0.0825960129598367,0.00040265539927307557,0.0989007480425619,0,70,255.0,255.0,255.0
1144,57.2,45.90471298006481,-0.21474201327699638,-29.283814503740217,1.2159885133383055,-0.009114693836498154,-1.490356524123428,-0.08809244226838966,-0.0012505548574170272,0.10412315484100276,0,70,255.0,255.0,255.0
1145,57.25,45.9654,-0.2152,-29.3582,1.2114464804921723,-0.009218551835786251,-1.4850198062114168,-0.0935888715769515,-0.0029037651141070597,0.10934556163944542,0,70,255.0,255.0,255.0
1146,57.300000000000004,46.02585344219205,-0.2156637942532319,-29.432310805136513,1.2066532923279152,-0.00931795739448565,-1.4793423348086658,-0.09813865499331736,-0.0010724572338685948,0.11775329447058064,0,70,255.0,255.0,255.0
1147,57.35,46.08606153774661,-0.2161302696495484,-29.506127227036846,1.2016326149928405,-0.009325797559173126,-1.4732444767643587,-0.10268843840968257,0.0007588506463696099,0.12616102730171466,0,70,255.0,255.0,255.0
1148,57.400000000000006,46.14601291220516,-0.21659484791924902,-29.579628246368927,1.1963844484869468,-0.009242072329848675,-1.4667262320784942,-0.10723822182604843,0.0025901585266080744,0.13456876013284985,0,70,255.0,255.0,255.0
1149,57.45,46.20569619110913,-0.21705295079263306,-29.652792843800665,1.1909087928102355,-0.009066781706512327,-1.4597876007510735,-0.11178800524241365,0.0044214664068462795,0.14297649296398388,0,70,255.0,255.0,255.0
1150,57.5,46.2651,-0.2175,-29.7256,1.1852056479627058,-0.008799925689164075,-1.4524285827820964,-0.11633778865878774,0.006252774287084553,0.151384225795125,0,70,255.0,255.0,255.0
1151,57.550000000000004,46.324211933313556,-0.21793294365879282,-29.79802918774775,1.1792131476041252,-0.008533087506416402,-1.444678704945415,-0.12336222568441808,0.004420753022821402,0.15861088767210302,0,70,255.0,255.0,255.0
1152,57.6,46.38301546106289,-0.21835483543502854,-29.870061848276315,1.172869425394264,-0.008357850386881917,-1.4365674940148858,-0.13038666271004742,0.0025887317585585106,0.16583754954908,0,70,255.0,255.0,255.0
1153,57.650000000000006,46.44149302215546,-0.21877025538186792,-29.94167991493101,1.16617448133312,-0.008274214330560562,-1.428094949990507,-0.13741109973567775,0.0007567104942953597,0.17306421142605805,0,70,255.0,255.0,255.0
1154,57.7,46.499627055498685,-0.2191837835524715,-30.012865321057138,1.159128315420696,-0.008282179337452365,-1.4192610728722799,-0.1444355367613071,-0.001075310769967532,0.18029087330303503,0,70,255.0,255.0,255.0
1155,57.75,46.5574,-0.2196,-30.0836,1.1517309276569903,-0.008381745407557307,-1.4100658626602043,-0.15145997378693643,-0.0029073320342304088,0.18751753518001557,0,70,255.0,255.0,255.0
1156,57.800000000000004,46.614795624553764,-0.22002203111159702,-30.153866043872515,1.1440621172556085,-0.008485692579848507,-1.4005188454096782,-0.1552924422683041,-0.001250554857417305,0.19436315484099917,0,70,255.0,255.0,255.0
1157,57.85,46.671803018001825,-0.22044718861033752,-30.223646179857923,1.1362016834301596,-0.008506800893299051,-1.3906295471761043,-0.15912491074967125,0.0004062223193955633,0.20120877450198177,0,70,255.0,255.0,255.0
1158,57.900000000000006,46.72841259917303,-0.22087133055327957,-30.292923293907076,1.1281496261806412,-0.00844507034790894,-1.3803979679594796,-0.16295737923103892,0.0020629994962086673,0.20805439416296537,0,70,255.0,255.0,255.0
1159,57.95,46.784614786896164,-0.22129031499748106,-30.36168027197082,1.1199059455070557,-0.008300500943678193,-1.3698241077598072,-0.16678984771240607,0.0037197766730215354,0.21490001382394797,0,70,255.0,255.0,255.0
1160,58.0,46.8404,-0.2217,-30.4299,1.1114706414094015,-0.008073092680606807,-1.358907966577086,-0.17062231619377322,0.005376553849834431,0.2217456334849306,0,70,255.0,255.0,255.0
1161,58.050000000000004,46.89575756847147,-0.22209733189481934,-30.49756503676222,1.1027783833734894,-0.00782814217418976,-1.347629913415862,-0.17706800524267569,0.004421466406846654,0.22937649296398946,0,70,255.0,255.0,255.0
1162,58.1,46.95067246692982,-0.2224836101236215,-30.564656632292024,1.0937638408851338,-0.0076309460399221285,-1.335970317280687,-0.18351369429157724,0.0034663789638590134,0.23700735244304724,0,70,255.0,255.0,255.0
1163,58.150000000000006,47.00512858115244,-0.22286122240501405,-30.631155709440726,1.0844270139443315,-0.007481504277803861,-1.323929178171557,-0.18995938334047974,0.0025112915208712365,0.2446382119221061,0,70,255.0,255.0,255.0
1164,58.2,47.0591097969167,-0.22323255645760437,-30.697043191059613,1.0747679025510855,-0.007379816887834996,-1.311506496088476,-0.1964050723893813,0.0015562040778835952,0.2522690714011639,0,70,255.0,255.0,255.0
1165,58.25,47.1126,-0.2236,-30.7623,1.0647865067053945,-0.007325883870015509,-1.298702271031442,-0.2028507614382864,0.0006011166348959679,0.2598999308802181,0,70,255.0,255.0,255.0
1166,58.300000000000004,47.16558370156043,-0.22396544130912588,-30.826907409078633,1.0545203492504058,-0.007289738723392284,-1.2855375009268595,-0.20779553676122908,0.0008446892300329286,0.2666908733030385,0,70,255.0,255.0,255.0
1167,58.35,47.21804791427894,-0.2243287708951766,-30.890848090974004,1.0440069530292715,-0.007241414947012218,-1.2720331837011378,-0.21274031208417107,0.0010882618251698548,0.27348181572585784,0,70,255.0,255.0,255.0
1168,58.400000000000006,47.26998027621725,-0.22468937982666448,-30.954105068330065,1.0332463180419884,-0.0071809125408752944,-1.2581893193542733,-0.21768508740711376,0.0013318344203068154,0.2802727581486782,0,70,255.0,255.0,255.0
1169,58.45,47.321368425437036,-0.22504665917210154,-31.016661363790746,1.0222384442885597,-0.007108231504981535,-1.2440059078862695,-0.22262986273005572,0.0015754070154437416,0.2870637005714976,0,70,255.0,255.0,255.0
1170,58.5,47.3722,-0.2254,-31.0785,1.010983331768984,-0.00702337183933093,-1.229482949297125,-0.2275746380529977,0.0018189796105806538,0.2938546429943134,0,70,255.0,255.0,255.0
1171,58.550000000000004,47.42246202528686,-0.22574890286867733,-31.139603726923273,0.9994442196248502,-0.006932902932240892,-1.2146040828766689,-0.2339898477123173,0.0017997766730205877,0.30130001382388255,0,70,255.0,255.0,255.0
1172,58.6,47.47213907595444,-0.22609330629567206,-31.199954203811973,0.987584346997752,-0.006843394172028869,-1.1993529479147365,-0.24040505737163595,0.0017805737354605244,0.3087453846534507,0,70,255.0,255.0,255.0
1173,58.650000000000006,47.521215113978585,-0.2264332582883282,-31.259532817239055,0.9754037138876862,-0.006754845558694836,-1.1837295444113232,-0.24682026703095555,0.0017613707979004583,0.31619075548301984,0,70,255.0,255.0,255.0
1174,58.7,47.56967410133516,-0.2267688068539895,-31.318320953777416,0.9629023202946562,-0.00666725709223882,-1.1677338723664341,-0.2532354766902742,0.001742167860340395,0.323636126312588,0,70,255.0,255.0,255.0
1175,58.75,47.6175,-0.2271,-31.3763,0.9500801662186603,-0.006580628772660806,-1.1513659317800664,-0.25965068634958843,0.0017229649227803248,0.33108149714215607,0,70,255.0,255.0,255.0
1176,58.800000000000004,47.66467779729215,-0.22742694721616497,-31.433451283228305,0.9369987722501838,-0.0064986495476441865,-1.134622167566482,-0.26360507238942943,0.0015562040778841694,0.33866907140116664,0,70,255.0,255.0,255.0
1177,58.85,47.71119658190332,-0.22775000392213518,-31.489755893778103,0.9237196589797171,-0.006425008364872385,-1.1174990246399494,-0.2675594584292699,0.001389443232988038,0.3462566456601762,0,70,255.0,255.0,255.0
1178,58.900000000000006,47.75704646786843,-0.22806958702002295,-31.545194862713753,0.9102428264072564,-0.006359705224345382,-1.099996503000464,-0.2715138444691109,0.0012226823880918825,0.3538442199191868,0,70,255.0,255.0,255.0
1179,58.95,47.80221756922234,-0.22838611341194048,-31.5997492210996,0.8965682745328055,-0.006302740126063194,-1.0821146026480302,-0.2754682305089514,0.001055921543195751,0.3614317941781963,0,70,255.0,255.0,255.0
1180,59.0,47.8467,-0.2287,-31.6534,0.8826960033563628,-0.006254113070025813,-1.063853323582646,-0.27942261654879186,0.0008891606982996333,0.36901936843721117,0,70,255.0,255.0,255.0
1181,59.050000000000004,47.89048278554456,-0.22901130826666294,-31.706128740163535,0.8685606913743923,-0.006192498877182222,-1.0452432468574233,-0.28598986272997745,0.0015754070154437878,0.3753837005716326,0,70,255.0,255.0,255.0
1182,59.1,47.93355059643228,-0.22931867801578726,-31.757919021075633,0.8540970170833647,-0.006096572368481437,-1.0263149535254823,-0.2925571089111621,0.002261653332587844,0.3817480327060531,0,70,255.0,255.0,255.0
1183,59.150000000000006,47.975887014547745,-0.22962039363158016,-31.808754931905977,0.8393049804832756,-0.00596633354392343,-1.0070684435868176,-0.2991243550923477,0.0029478996497319986,0.38811236484047457,0,70,255.0,255.0,255.0
1184,59.2,48.01747562177546,-0.22991473949824867,-31.858620561824207,0.8241845815741295,-0.005801782403508237,-0.9875037170414341,-0.30569160127353234,0.0036341459668760554,0.39447669697489507,0,70,255.0,255.0,255.0
1185,59.25,48.0583,-0.2302,-31.9075,0.8087358203559243,-0.005602918947235845,-0.96762077388933,-0.3122588474547161,0.004320392284020126,0.4008410291093183,0,70,255.0,255.0,255.0
1186,59.300000000000004,48.09834386052964,-0.23047501971718332,-31.955376156117577,0.7929664622522952,-0.005403354943626835,-0.9473488450037839,-0.31851547669039293,0.0036621678603396,0.4100361263124546,0,70,255.0,255.0,255.0
1187,59.35,48.137591432367536,-0.23074088401471576,-32.00222722191937,0.7768842726868845,-0.005236702161201874,-0.926617161258084,-0.3247721059260689,0.0030039434366591674,0.41923122351558967,0,70,255.0,255.0,255.0
1188,59.400000000000006,48.17602707394063,-0.23099923845365655,-32.04803020966239,0.7604892516596878,-0.005102960599960918,-0.9054257226522243,-0.33102873516174575,0.0023457190129786407,0.428426320718726,0,70,255.0,255.0,255.0
1189,59.45,48.21363514367581,-0.23125172859506493,-32.0927621316036,0.7437813991707096,-0.005002130259904003,-0.8837745291862109,-0.33728536439742174,0.0016874945892982082,0.43762141792186104,0,70,255.0,255.0,255.0
1190,59.5,48.2504,-0.2315,-32.1364,0.7267607152199477,-0.004934211141031106,-0.8616635808600408,-0.34354199363309856,0.001029270165617796,0.4468165151249952,0,70,255.0,255.0,255.0
1191,59.550000000000004,48.28630817233692,-0.23174541286460393,-32.178923435366166,0.7095574596163956,-0.004882081348310736,-0.8392493731274574,-0.3445882305089277,0.0010559215431968356,0.449751794178266,0,70,255.0,255.0,255.0
1192,59.6,48.32135487409757,-0.23198818592534975,-32.22032249124687,0.6923018921690545,-0.004828618986711422,-0.8166884014422136,-0.3456344673847566,0.0010825729207758713,0.45268707323153634,0,70,255.0,255.0,255.0
1193,59.650000000000006,48.355537489689766,-0.23222825255379373,-32.260589829444505,0.6749940128779194,-0.004773824056233147,-0.7939806658043032,-0.3466807042605857,0.0011092242983549109,0.45562235228480713,0,70,255.0,255.0,255.0
1194,59.7,48.38885340352131,-0.2324655461214918,-32.29971811176143,0.6576338217429953,-0.004717696556875929,-0.7711261662137323,-0.34772694113641467,0.0011358756759339466,0.45855763133807753,0,70,255.0,255.0,255.0
1195,59.75,48.4213,-0.2327,-32.3377,0.6402213187642799,-0.004660236488639759,-0.748124902670498,-0.34877317801224894,0.0011625270535129961,0.4614929103913452,0,70,255.0,255.0,255.0
1196,59.800000000000004,48.452867450122675,-0.2329313288244012,-32.37452130241779,0.6223236992821339,-0.004588319663130034,-0.7245656624863415,-0.36713160127352784,0.001714145966875749,0.4808766969748327,0,70,255.0,255.0,255.0
1197,59.85,48.48351707124216,-0.2331583722838852,-32.410140413093146,0.6035081586369268,-0.004488821891952185,-0.7000372329730142,-0.38549002453480413,0.002265764880238424,0.5002604835583174,0,70,255.0,255.0,255.0
1198,59.900000000000006,48.51320296730032,-0.23337975133116864,-32.44450887255961,0.5837746968286529,-0.004361743175106184,-0.674539614130509,-0.403848447796083,0.0028173837936011767,0.5196442701418049,0,70,255.0,255.0,255.0
1199,59.95,48.54187924223898,-0.23359408691896802,-32.47757822135071,0.563123313857318,-0.004207083512592068,-0.6480728059588331,-0.42220687105735927,0.003369002706963851,0.5390280567252896,0,70,255.0,255.0,255.0
1200,60.0,48.5695,-0.2338,-32.5093,0.5415540097229192,-0.004024842904409819,-0.6206368084579832,-0.4405652943186382,0.003920621620326525,0.5584118433087717,0,70,255.0,255.0,255.0
1201,60.050000000000004,48.59601802717238,-0.23399647183779138,-32.53962895496268,0.5189877432550145,-0.003836639999169189,-0.5924239769272142,-0.46208536439747266,0.003607494589298017,0.570101417921893,0,70,255.0,255.0,255.0
1202,60.1,48.62138084093377,-0.23418392493910944,-32.56853265638054,0.49534547328317147,-0.0036640934454800094,-0.5636266666657932,-0.4836054344763041,0.0032943675582695533,0.5817909925350125,0,70,255.0,255.0,255.0
1203,60.150000000000006,48.64553464110897,-0.2343631421215319,-32.59598188031708,0.4706271998073833,-0.0035072032433422313,-0.5342448776737121,-0.5051255045551386,0.0029812405272410447,0.5934805671481338,0,70,255.0,255.0,255.0
1204,60.2,48.66842562752277,-0.2345349062026362,-32.621947402835744,0.444832922827657,-0.003365969392755899,-0.504278609950979,-0.52664557463397,0.0026681134962125807,0.6051701417612534,0,70,255.0,255.0,255.0
1205,60.25,48.69,-0.2347,-32.6464,0.4179626423439892,-0.0032403918937209887,-0.47372786349759005,-0.5481656447128009,0.002354986465184127,0.6168597163743743,0,70,255.0,255.0,255.0
1206,60.300000000000004,48.7102204411878,-0.23485878382443343,-32.66932607773151,0.39100532769776203,-0.0031051203401930155,-0.44353042980477203,-0.5301269411361937,0.003055875675934338,0.591037631338243,0,70,255.0,255.0,255.0
1207,60.35,48.72911556502275,-0.23500992795967698,-32.69077456138467,0.36494994823036897,-0.002934804326127555,-0.4146241003637647,-0.5120882375595891,0.003756764886684449,0.5652155463021155,0,70,255.0,255.0,255.0
1208,60.400000000000006,48.74673046826382,-0.23515168018270388,-32.71081000617208,0.33979650394180255,-0.0027294438515245603,-0.3870088751745599,-0.49404953398298196,0.004457654097434659,0.5393934612659843,0,70,255.0,255.0,255.0
1209,60.45,48.76311024766992,-0.23528228827048717,-32.729496967306325,0.3155449948320699,-0.0024890389163840882,-0.36068475423716534,-0.47601083040637737,0.005158543308184771,0.5135713762298567,0,70,255.0,255.0,255.0
1210,60.5,48.7783,-0.2354,-32.7469,0.29219542090116757,-0.0022135895207061125,-0.3356517375515771,-0.45797212682977095,0.005859432518934882,0.48774929119373,0,70,255.0,255.0,255.0
1211,60.550000000000004,48.79234180807643,-0.23550359286447498,-32.763079534111284,0.2695669459539837,-0.001934878640058641,-0.3116623038536077,-0.447166871057505,0.005289002706963025,0.4718280567249648,0,70,255.0,255.0,255.0
1212,60.6,48.80526569897521,-0.2355939632221825,-32.77807949808075,0.24747873379541635,-0.0016846892500097985,-0.28846893187907985,-0.43636161528524064,0.004718572894991248,0.4559068222562018,0,70,255.0,255.0,255.0
1213,60.650000000000006,48.81709868583578,-0.23567253714765257,-32.79193969499458,0.22593078442545914,-0.0014630213505595136,-0.26607162162798703,-0.4255563595129747,0.00414814308301939,0.4399855877874366,0,70,255.0,255.0,255.0
1214,60.7,48.82786778179757,-0.2357407407154151,-32.804699927938934,0.2049230978441182,-0.0012698749417078498,-0.24447037310033545,-0.4147511037407103,0.003577713271047613,0.42406435331867365,0,70,255.0,255.0,255.0
1215,60.75,48.8376,-0.2358,-32.8164,0.18445567405139046,-0.0011052500234547727,-0.22366518629612203,-0.40394584796844635,0.0030072834590758376,0.4081431188499116,0,70,255.0,255.0,255.0
1216,60.800000000000004,48.846321926506505,-0.23585164471766676,-32.82708138582336,0.16450288848632577,-0.0009633650995725237,-0.20375635478083715,-0.39416557463407265,0.002668113496213638,0.3882101417614166,0,70,255.0,255.0,255.0
1217,60.85,48.85405843907641,-0.235896619151593,-32.836792246292326,0.14503911658798258,-0.0008384386738334026,-0.1848441721199797,-0.38438530129970033,0.002328943533351487,0.3682771646729244,0,70,255.0,255.0,255.0
1218,60.900000000000006,48.860833988393075,-0.23593577122668585,-32.845582413849606,0.12606435835635527,-0.0007304707462373741,-0.16692863831354432,-0.3746050279653267,0.0019897735704892876,0.34834418758442937,0,70,255.0,255.0,255.0
1219,60.95,48.866673025139825,-0.23596994886785244,-32.85350172093792,0.10757861379144928,-0.0006394613167844687,-0.1500097533615361,-0.3648247546309544,0.0016506036076271364,0.32841121049593713,0,70,255.0,255.0,255.0
1220,61.0,48.8716,-0.236,-32.8606,0.0895818828932619,-0.0005654103854746699,-0.13408751726395243,-0.35504448129658284,0.0013114336447649852,0.30847823340744696,0,70,255.0,255.0,255.0
1221,61.050000000000004,48.87564008589758,-0.236026628264858,-32.86692612259526,0.07211750010068724,-0.0004996609616509375,-0.1191042770230158,-0.34353083040634425,0.0013185433081840886,0.29085137622996726,0,70,255.0,255.0,255.0
1222,61.1,48.87882134471914,-0.23604996017144558,-32.87252511674995,0.055228799852626895,-0.0004335560546562592,-0.10500237964095516,-0.3320171795161073,0.0013256529716031912,0.2732245190524901,0,70,255.0,255.0,255.0
1223,61.150000000000006,48.88117256059192,-0.2360699779456041,-32.87744104960701,0.03891578214907611,-0.0003670956644906164,-0.09178182511776653,-0.3205035286258687,0.0013327626350222949,0.2555976618750105,0,70,255.0,255.0,255.0
1224,61.2,48.88272251764313,-0.23608666381317508,-32.881717988309376,0.02317844699003948,-0.0003002797911540279,-0.07944261345345363,-0.3089898777356318,0.0013398722984413972,0.2379708046975333,0,70,255.0,255.0,255.0
1225,61.25,48.8835,-0.2361,-32.8854,0.008016794375514686,-0.00023310843464648432,-0.06798474464801453,-0.2974762268453949,0.001346981961860499,0.2203439475200566,0,70,255.0,255.0,255.0
1226,61.300000000000004,48.88353372990318,-0.23610984222290116,-32.88853172379559,-0.006572888889134738,-0.00015799105382378168,-0.05744253712705288,-0.2861111037405323,0.0016577132710473507,0.20134435331837355,0,70,255.0,255.0,255.0
1227,61.35,48.882852182047,-0.23611554016262476,-32.89116008670787,-0.020594315998539028,-6.73371075417491e-05,-0.04785030931617676,-0.2747459806356713,0.0019684445802341586,0.1823447591166932,0,70,255.0,255.0,255.0
1228,61.400000000000006,48.881483769239246,-0.2361163169908977,-32.89333258772237,-0.034047486952702176,3.88534041996392e-05,-0.039208061215383436,-0.26338085753080875,0.0022791758894210104,0.16334516491501017,0,70,255.0,255.0,255.0
1229,61.45,48.87945690428765,-0.2361113958794471,-32.89509672582458,-0.04693240175162035,0.00016058048140035297,-0.03151579282467537,-0.25201573442594777,0.0025899071986078184,0.14434557071332982,0,70,255.0,255.0,255.0
1230,61.5,48.8768,-0.2361,-32.8965,-0.05924906039529553,0.0002978441240604063,-0.024773504144051273,-0.24065061132108695,0.0029006385077946263,0.12534597651164942,0,70,255.0,255.0,255.0
1231,61.550000000000004,48.87354099448971,-0.23608200284353734,-32.89758938222241,-0.071025944544102,0.0004116251769459845,-0.018949574468856763,-0.23042475463113127,0.0016506036076281152,0.10761121049611114,0,70,255.0,255.0,255.0
1232,61.6,48.86970592709283,-0.23605987917805554,-32.89840973641857,-0.08229153585840907,0.000462904484823229,-0.014012383094439881,-0.22019889794117703,0.0004005687074617819,0.08987644448057536,0,70,255.0,255.0,255.0
1233,61.650000000000006,48.86532036245111,-0.2360367540908051,-32.89900539950353,-0.09304583433821993,0.0004516820476921544,-0.009961930020799224,-0.20997304125122135,-0.000849466192704729,0.07214167846503708,0,70,255.0,255.0,255.0
1234,61.7,48.86040986520626,-0.23601575266903643,-32.89942070839233,-0.10328883998353156,0.00037795786555276374,-0.006798215247935944,-0.1997471845612671,-0.0020995010928710625,0.05440691244950131,0,70,255.0,255.0,255.0
1235,61.75,48.855,-0.236,-32.8997,-0.11302055279434552,0.0002417319384050601,-0.004521238775849404,-0.18952132787131293,-0.003349535993037396,0.03667214643396553,0,70,255.0,255.0,255.0
1236,61.800000000000004,48.849117492138,-0.23599174640294956,-32.899887547314805,-0.1221713329345191,9.549034604013338e-05,-0.0031271649975558886,-0.176509877735599,-0.002500127701559175,0.019090804697770337,0,70,255.0,255.0,255.0
1237,61.85,48.842793709581656,-0.23598974312515306,-32.900027367617874,-0.13067154056790575,-8.28083175086692e-06,-0.0026121583060722186,-0.16349842759988695,-0.0016507194100810738,0.00150946296157764,0,70,255.0,255.0,255.0
1238,61.900000000000006,48.83606118095632,-0.23599186664588176,-32.90016341426353,-0.13852117569450792,-6.958159496797027e-05,-0.0029762187013982477,-0.15048697746417303,-0.0008013111186028527,-0.01607187877461755,0,70,255.0,255.0,255.0
1239,61.95,48.82895243488732,-0.23599599344440697,-32.90033964060613,-0.14572023831432335,-8.841194361115931e-05,-0.004219346183533872,-0.13747552732846094,4.809717287524839e-05,-0.03365322051081025,0,70,255.0,255.0,255.0
1240,62.0,48.8215,-0.236,-32.9006,-0.15226872842735323,-6.477187768044574e-05,-0.00634154075247908,-0.12446407719274832,0.0008975054643533487,-0.051234562247002895,0,70,255.0,255.0,255.0
1241,62.050000000000004,48.813732236958295,-0.2360022115446643,-32.90097642851836,-0.15841672371781854,-2.5586561106422195e-05,-0.008621765540827364,-0.12145573442584309,0.0006699071986074597,-0.0399744292869207,0,70,255.0,255.0,255.0
1242,62.1,48.80566083458052,-0.23600274832133208,-32.90145279310995,-0.16441430186993775,2.2188421803027956e-06,-0.010338983681171287,-0.11844739165893828,0.000442308932861603,-0.0287142963268401,0,70,255.0,255.0,255.0
1243,62.150000000000006,48.79729331372361,-0.23600217932566772,-32.902000943442346,-0.1702614628837125,1.86443321797371e-05,-0.011493195173511333,-0.11543904889203303,0.00021471066711571392,-0.017454163366757904,0,70,255.0,255.0,255.0
1244,62.2,48.78863719524446,-0.23600107355333555,-32.90259272918316,-0.17595820675914123,2.368990889187612e-05,-0.01208440001784718,-0.11243070612512823,-1.288759863014269e-05,-0.006194030406677306,0,70,255.0,255.0,255.0
1245,62.25,48.7797,-0.236,-32.9032,-0.18150453349622467,1.73555723167229e-05,-0.012112598214179031,-0.10942236335822275,-0.00024048586437599957,0.005066102553403284,0,70,255.0,255.0,255.0
1246,62.300000000000004,48.770488760028826,-0.23599940741839318,-32.90380033861173,-0.18692977219421433,6.855898385555401e-06,-0.011921772839108476,-0.10758718456134593,-0.00017950109287066454,0.0025669124494182662,0,70,255.0,255.0,255.0
1247,62.35,48.76100855209624,-0.2359992635895185,-32.90439425994233,-0.1922632519523594,-5.945369703442419e-07,-0.011855906969237183,-0.10575200576446936,-0.00011851632136533818,6.772234543360282e-05,0,70,255.0,255.0,255.0
1248,62.400000000000006,48.751263964149246,-0.23599941605144728,-32.90498801196706,-0.19750497277066142,-4.995733750978155e-06,-0.011915000604565134,-0.10391682696759254,-5.753154986000314e-05,-0.0024314677585514158,0,70,255.0,255.0,255.0
1249,62.45,48.74125958413484,-0.2359997123422507,-32.905587842661205,-0.20265493464911885,-6.347691956345072e-06,-0.01209905374509231,-0.10208164817071597,3.4532216453232116e-06,-0.004930657862536079,0,70,255.0,255.0,255.0
1250,62.5,48.731,-0.236,-32.9062,-0.2077131375877324,-4.65041158644585e-06,-0.012408066390818713,-0.10024646937383741,6.443799315064959e-05,-0.007429847966520686,0,70,255.0,255.0,255.0
1251,62.550000000000004,48.72048952292642,-0.236000158781763,-32.90682941703473,-0.21269618750528912,-1.8370324357994076e-06,-0.012763143102750145,-0.09907552732841383,4.809717287519852e-05,-0.006773220510735367,0,70,255.0,255.0,255.0
1252,62.6,48.709731357034514,-0.23600019732059377,-32.90747576712072,-0.21762069032057396,1.5930570107418668e-07,-0.013085388441892264,-0.09790458528299043,3.175635259974978e-05,-0.00611659305495014,0,70,255.0,255.0,255.0
1253,62.650000000000006,48.6987284296794,-0.23600015646854308,-32.90813740868937,-0.22248664603358828,1.3386028241754996e-06,-0.013374802408245163,-0.09673364323756686,1.541553232429871e-05,-0.005459965599164821,0,70,255.0,255.0,255.0
1254,62.7,48.68748366821619,-0.2360000770776616,-32.908812700172,-0.22729405464433078,1.7008589335041956e-06,-0.013631385001808757,-0.09556270119214345,-9.252879511500344e-07,-0.0048033381433795945,0,70,255.0,255.0,255.0
1255,62.75,48.676,-0.236,-32.9095,-0.23204291615280206,1.2460740290605016e-06,-0.013855136222583093,-0.09439175914671938,-1.726610822659877e-05,-0.004146710687594327,0,70,255.0,255.0,255.0
1256,62.800000000000004,48.664280348265514,-0.23599995745455482,-32.91019799324937,-0.23673347778460319,4.922313576422294e-07,-0.014065654749938325,-0.09323070612530934,-1.2887598630129542e-05,-0.004274030406614229,0,70,255.0,255.0,255.0
1257,62.85,48.65232761976573,-0.23599994712810624,-32.910906671574764,-0.24136598676533316,-4.268583395250215e-08,-0.014282539263244522,-0.09206965310389946,-8.509089033660936e-06,-0.004401350125634113,0,70,255.0,255.0,255.0
1258,62.900000000000006,48.64014471713317,-0.2359999580743802,-32.911626353275466,-0.24594044309499327,-3.5867754572384494e-07,-0.014505789762501742,-0.09090860008248942,-4.130579437191707e-06,-0.004528669844654016,0,70,255.0,255.0,255.0
1259,62.95,48.627734543000415,-0.2359999793471028,-32.91235735665077,-0.2504568467735822,-4.5574377767170964e-07,-0.014735406247709928,-0.08974754706107954,2.479301592768989e-07,-0.0046559895636739,0,70,255.0,255.0,255.0
1260,63.0,48.6151,-0.236,-32.9131,-0.25491519780110067,-3.3388452979615664e-07,-0.014971388718869107,-0.08858649403966856,4.6264397557455065e-06,-0.004783309282693757,0,70,255.0,255.0,255.0
1261,63.050000000000004,48.6022442840115,-0.23600001140001767,-32.913854609967785,-0.2592979013563581,-1.318929947695104e-07,-0.01521423789749987,-0.08672164817061419,3.453221645319654e-06,-0.004930657862535924,0,70,255.0,255.0,255.0
1262,63.1,48.589171763902584,-0.23600001416698124,-32.91462154658023,-0.26358736261816224,1.1437634735822003e-08,-0.015464454505122705,-0.08485680230156006,2.280003534893969e-06,-0.00507800644237807,0,70,255.0,255.0,255.0
1263,63.150000000000006,48.57588710178792,-0.23600001123393596,-32.91540117820879,-0.2677835815865142,9.610735871988142e-08,-0.015722038541737687,-0.08299195643250569,1.1067854244681164e-06,-0.005225355022220238,0,70,255.0,255.0,255.0
1264,63.2,48.562394959782154,-0.23600000553392708,-32.916193873224884,-0.27188655826141295,1.2211617718264353e-07,-0.015986990007344735,-0.08112711056345157,-6.643268595756883e-08,-0.005372703602062384,0,70,255.0,255.0,255.0
1265,63.25,48.5487,-0.236,-32.917,-0.27589629264285886,8.94640901241249e-08,-0.016259308901943895,-0.07926226469439523,-1.2396507963832544e-06,-0.0055200521819045445,0,70,255.0,255.0,255.0
1266,63.300000000000004,48.534806515688445,-0.23599999694537446,-32.91781956687948,-0.27983491679001854,3.534062143581206e-08,-0.01651739366007602,-0.07828270119197828,-9.252879511490746e-07,-0.0048033381433795486,0,70,255.0,255.0,255.0
1267,63.35,48.52071732462392,-0.23599999620396883,-32.9186511421043,-0.2837245627620568,-3.0647049907861046e-09,-0.016739642716281863,-0.07730313768956144,-6.109251059149394e-07,-0.004086624104854654,0,70,255.0,255.0,255.0
1268,63.400000000000006,48.50643487571515,-0.23599999698987592,-32.9194929338894,-0.28756523055897476,-2.5751889155680512e-08,-0.016926056070561486,-0.07632357418714449,-2.965622606807595e-07,-0.0033699100663296586,0,70,255.0,255.0,255.0
1269,63.45,48.49196161787093,-0.23599999851718867,-32.92034315044967,-0.29135692018077136,-3.2720931058864694e-08,-0.017076633722914836,-0.07534401068472765,1.7800584553375586e-08,-0.002653196027804764,0,70,255.0,255.0,255.0
1270,63.5,48.4773,-0.236,-32.9212,-0.29509963162744707,-2.397183070034302e-08,-0.017191375673341943,-0.0743644471823095,3.3216342978751096e-07,-0.0019364819892798424,0,70,255.0,255.0,255.0
1271,63.550000000000004,48.462452853234694,-0.23600000081848443,-32.92206232251431,-0.2987704314835348,-9.469490973737917e-09,-0.017308187462167616,-0.07246754706118753,2.4793015927664373e-07,-0.0027359895637466395,0,70,255.0,255.0,255.0
1272,63.6,48.44742453760175,-0.23600000101714347,-32.92293148500253,-0.302346386333566,8.211852273222991e-10,-0.017464974629716603,-0.07057064694006585,1.636968887657884e-07,-0.003535497138213323,0,70,255.0,255.0,255.0
1273,63.650000000000006,48.432219795351436,-0.23600000080656028,-32.92380948623359,-0.3058274961775415,6.900197902840562e-09,-0.01766173717598896,-0.06867374681894388,7.946361825492118e-08,-0.004335004712680121,0,70,255.0,255.0,255.0
1274,63.7,48.4168433687341,-0.23600000039731805,-32.92469832497644,-0.3092137610154604,8.767547052815125e-09,-0.017898475100984617,-0.06677684669782218,-4.769652255934146e-09,-0.005134512287146804,0,70,255.0,255.0,255.0
1275,63.75,48.4013,-0.236,-32.9256,-0.31250518084732326,6.42323267724717e-09,-0.01817518840470361,-0.06487994657670004,-8.900292276678941e-08,-0.005934019861613377,0,70,255.0,255.0,255.0
1276,63.800000000000004,48.38559407137275,-0.23599999978068775,-32.926515943063286,-0.31572335727583,2.5373424591395974e-09,-0.018457856491295527,-0.06384711056355927,-6.643268595750025e-08,-0.005372703602062303,0,70,255.0,255.0,255.0
1277,63.85,48.3697285249691,-0.2359999997274572,-32.927445317885585,-0.3188898919036793,-2.200359185031104e-10,-0.018712458764909852,-0.06281427455041866,-4.386244914821431e-08,-0.0048113873425113095,0,70,255.0,255.0,255.0
1278,63.900000000000006,48.35370594287906,-0.2359999997838828,-32.92838672117623,-0.32200478473087196,-1.848902455681735e-09,-0.01893899522554666,-0.06178143853727788,-2.129221233892515e-08,-0.004250071082960235,0,70,255.0,255.0,255.0
1279,63.95,48.337528907192684,-0.23599999989353895,-32.929338749644586,-0.32506803575740717,-2.3492571523958163e-09,-0.019137465873205885,-0.06074860252413726,1.278024470360798e-09,-0.0036887548234092416,0,70,255.0,255.0,255.0
1280,64.0,48.3212,-0.236,-32.9303,-0.3280796449832854,-1.7211000086456636e-09,-0.019307870707887566,-0.05971576651099619,2.3848261279646746e-08,-0.0031274385638581648,0,70,255.0,255.0,255.0
1281,64.05,48.30472206127429,-0.23600000005876454,-32.93126910523255,-0.3310241394131742,-6.798788628205984e-10,-0.01945238657267572,-0.05806401068456229,1.780058455335823e-08,-0.002653196027668352,0,70,255.0,255.0,255.0
1282,64.10000000000001,48.288098962521865,-0.2360000000730276,-32.93224484345516,-0.3338860460517421,5.895844669022506e-11,-0.019573190310654416,-0.05641225485812792,1.1752907827067993e-08,-0.002178953491478405,0,70,255.0,255.0,255.0
1283,64.15,48.2713348331323,-0.2360000000579084,-32.9332260290615,-0.3366653648989875,4.954119198863869e-10,-0.019670281921823584,-0.05476049903169401,5.705231100779475e-09,-0.0017047109552885925,0,70,255.0,255.0,255.0
1284,64.2,48.254433802495164,-0.23600000002852617,-32.93421147644523,-0.3393620959549112,6.294815567681409e-10,-0.019743661406183267,-0.05310874320526011,-3.4244562550903955e-10,-0.00123046841909878,0,70,255.0,255.0,255.0
1285,64.25,48.2374,-0.236,-32.9352,-0.3419762392195132,4.6116735733548405e-10,-0.019793328763733454,-0.05145698737882709,-6.390122351797563e-09,-0.0007562258829088842,0,70,255.0,255.0,255.0
1286,64.3,48.22023768353008,-0.2359999999842541,-32.936190836006546,-0.344500085071432,1.8217299214232482e-10,-0.019844597217985066,-0.049496846697930884,-4.769652255929441e-09,-0.0012945122871556329,0,70,255.0,255.0,255.0
1287,64.35000000000001,48.202951624943424,-0.23599999998043228,-32.9371849082938,-0.34692592388930665,-1.5797868257477695e-11,-0.019922779992449038,-0.04753670601703412,-3.149182160060858e-09,-0.001832798691402535,0,70,255.0,255.0,255.0
1288,64.4,48.18554672459172,-0.23599999998448348,-32.93818356257779,-0.3492537556731359,-1.3274522386381078e-10,-0.020027877087125324,-0.04557656533613792,-1.5287120641927352e-09,-0.002371085095649284,0,70,255.0,255.0,255.0
1289,64.45,48.16802788282668,-0.2359999999923564,-32.93918814457452,-0.3514835804229202,-1.6866907467674259e-10,-0.02015988850201395,-0.043616424655241716,9.175803167538672e-11,-0.0029093714998960326,0,70,255.0,255.0,255.0
1290,64.5,48.1504,-0.236,-32.9402,-0.3536153981386598,-1.235694206962727e-10,-0.020318814237114916,-0.04165628397434462,1.7122281275435086e-09,-0.003447657904142809,0,70,255.0,255.0,255.0
1291,64.55,48.13266720460537,-0.23600000000421908,-32.94122035074128,-0.3556955203011228,-4.881310574870082e-11,-0.020497224555307118,-0.041548602524181626,1.2780244703595371e-09,-0.0036887548235456785,0,70,255.0,255.0,255.0
1292,64.60000000000001,48.11483053770442,-0.23600000000524313,-32.94224992336963,-0.3577702583910783,4.2330263396857154e-12,-0.020687689719469517,-0.0414409210740186,8.438208131754421e-10,-0.0039298517429486165,0,70,255.0,255.0,255.0
1293,64.65,48.09689026850079,-0.23600000000415763,-32.94328932062733,-0.359839612408525,3.5568975568856743e-11,-0.020890209729602007,-0.04133323962385561,4.096171559914706e-10,-0.004170948662351487,0,70,255.0,255.0,255.0
1294,64.7,48.07884666619812,-0.2360000000020481,-32.94433914525669,-0.36190358235346365,4.519474193883047e-11,-0.021104784585704646,-0.04122555817369262,-2.4586501192500935e-11,-0.004412045581754356,0,70,255.0,255.0,255.0
1295,64.75,48.0607,-0.236,-32.9454,-0.3639621682258941,3.3110325449606826e-11,-0.021331414287777423,-0.04111787672352918,-4.5879015837647246e-10,-0.004653142501157309,0,70,255.0,255.0,255.0
1296,64.8,48.042451898048434,-0.23599999999886948,-32.94647176102831,-0.3659338337241078,1.3079430852478446e-11,-0.02152650456078541,-0.03774874320502343,-3.4244562550870837e-10,-0.003150468419162591,0,70,255.0,255.0,255.0
1297,64.85000000000001,48.024109424238844,-0.23599999999859506,-32.94755139822768,-0.3677370425463967,-1.1342371012652747e-12,-0.02164646112969369,-0.034379609686516724,-2.2610109264091118e-10,-0.0016477943371674456,0,70,255.0,255.0,255.0
1298,64.9,48.00568100140506,-0.23599999999888596,-32.94863515491288,-0.3693717946927598,-9.530678411616258e-12,-0.02169128399450219,-0.031010476168010975,-1.0975655977314708e-10,-0.00014512025517272702,0,70,255.0,255.0,255.0
1299,64.95,47.98717505238085,-0.2359999999994512,-32.949719274398724,-0.3708380901631977,-1.210989307857936e-11,-0.02166097315521096,-0.027641342649505227,6.587973094617015e-12,0.0013575538268219911,0,70,255.0,255.0,255.0
1300,65.0,47.9686,-0.236,-32.9508,-0.3721359289577102,-8.871881102154592e-12,-0.02155552861182,-0.024272209130999478,1.2293250596238111e-10,0.002860227908816654,0,70,255.0,255.0,255.0
1301,65.05,47.949962803200904,-0.2360000000003029,-32.95187500514546,-0.37335314480237064,-3.5046176612129626e-12,-0.021460757201593798,-0.024416424655422722,9.175803167529626e-11,0.0009306285002315493,0,70,255.0,255.0,255.0
1302,65.10000000000001,47.93126456534016,-0.2360000000003764,-32.95294768371967,-0.37457757142325265,3.039220653753745e-13,-0.02146246576179686,-0.024560640179846008,6.058355738820256e-11,-0.0009989709083541038,0,70,255.0,255.0,255.0
1303,65.15,47.91250492587897,-0.2360000000002985,-32.95402285972115,-0.37580920882035546,2.553738077608252e-12,-0.02156065429242919,-0.024704855704269252,2.940908310111771e-11,-0.0029285703169392085,0,70,255.0,255.0,255.0
1304,65.2,47.89368352427852,-0.23600000000014704,-32.95510535714842,-0.3770480569936795,3.2448303754869758e-12,-0.021755322793490767,-0.024849071228692496,-1.7653911859671518e-12,-0.004858169725524312,0,70,255.0,255.0,255.0
1305,65.25,47.8748,-0.236,-32.9562,-0.3782941159432246,2.3771989590115457e-12,-0.022046471264981594,-0.02499328675311485,-3.2939865473052e-11,-0.006787769134109306,0,70,255.0,255.0,255.0
1306,65.3,47.855855289147975,-0.23599999999991883,-32.95730981838986,-0.37946958706639583,9.3903979237341e-13,-0.022326466632874763,-0.02202555817373727,-2.4586501192476694e-11,-0.004412045581618048,0,70,255.0,255.0,255.0
1307,65.35000000000001,47.83685551440051,-0.23599999999989912,-32.95843066689366,-0.3804966717605985,-8.145116023621476e-14,-0.022487675823143403,-0.01905782959435885,-1.6233136911899012e-11,-0.002036322029126114,0,70,255.0,255.0,255.0
1308,65.4,47.81780809507906,-0.23599999999992,-32.95955660620255,-0.38137537002583194,-6.842738988167481e-13,-0.022530098835787424,-0.01609010101498127,-7.879772631323702e-12,0.0003394015233651442,0,70,255.0,255.0,255.0
1309,65.45,47.79872045050507,-0.23599999999996057,-32.96068169700761,-0.38210568186209654,-8.694284233685399e-13,-0.022453735670806888,-0.013122372435603689,4.735916492516051e-13,0.0027151250758564015,0,70,255.0,255.0,255.0
1310,65.5,47.7796,-0.236,-32.9618,-0.3826876072693922,-6.369147338915911e-13,-0.0222585863282018,-0.01015464385622522,8.826955929826906e-12,0.005090848628347772,0,70,255.0,255.0,255.0
1311,65.55,47.76045284020722,-0.23600000000002172,-32.96290732129513,-0.3832005069320348,-2.515415082806772e-13,-0.022049376266827795,-0.010361342649477289,6.587973094610526e-12,0.003277553826612898,0,70,255.0,255.0,255.0
1312,65.60000000000001,47.741279777057805,-0.23600000000002702,-32.964006448705675,-0.38372374153434,2.1882575569485883e-14,-0.02193083094554051,-0.010568041442729416,4.348990259393511e-12,0.0014642590248775083,0,70,255.0,255.0,255.0
1313,65.65,47.72208029380479,-0.23600000000002141,-32.96510191546868,-0.3842573110763078,1.833575176587427e-13,-0.021902950364340007,-0.010774740235981486,2.1100074241771313e-12,-0.0003490357768573659,0,70,255.0,255.0,255.0
1314,65.7,47.70285387370118,-0.23600000000001053,-32.966198254821116,-0.3848012155579381,2.328833179871869e-13,-0.02196573452322624,-0.010981439029233554,-1.2897541103924902e-13,-0.0021623305785922397,0,70,255.0,255.0,255.0
1315,65.75,47.6836,-0.236,-32.9673,-0.38535545497923107,1.7045997655481882e-13,-0.02211918342219922,-0.01118813782248651,-2.3679582462556278e-12,-0.003975625380327141,0,70,255.0,255.0,255.0
1316,65.8,47.66431975002317,-0.2359999999999942,-32.96841049642965,-0.3858243852055098,6.712624074929859e-14,-0.022292028299847312,-0.007569071228664931,-1.7653911859654159e-12,-0.002938169725596921,0,70,255.0,255.0,255.0
1317,65.85000000000001,47.645020577368264,-0.2359999999999928,-32.9695283382836,-0.3861123621020976,-6.079142041729241e-15,-0.022413000394758922,-0.003950004634842324,-1.1628241256750325e-12,-0.0019007140708664056,0,70,255.0,255.0,255.0
1318,65.9,47.62571152970178,-0.2359999999999943,-32.97065093192275,-0.38621938566899416,-4.915617181822312e-14,-0.022482099706933982,-0.0003309380410207452,-5.602570653848207e-13,-0.0008632584161361854,0,70,255.0,255.0,255.0
1319,65.95,47.60640165469021,-0.23599999999999718,-32.97177568370792,-0.3861454559061997,-6.210484858020817e-14,-0.022499326236372536,0.003288128552800834,4.2309994905391425e-14,0.00017419723859403522,0,70,255.0,255.0,255.0
1320,66.0,47.5871,-0.236,-32.9729,-0.38589057281371414,-4.4925172327684195e-14,-0.022464679983074578,0.006907195146621081,6.448770551956031e-13,0.0012116528933242832,0,70,255.0,255.0,255.0
1321,66.05,47.567813759700094,-0.23600000000000151,-32.9740218929863,-0.3855659522459364,-1.696345471651733e-14,-0.02241451053383643,0.006077627564488134,4.735916492511351e-13,0.0007951250762018706,0,70,255.0,255.0,255.0
1322,66.10000000000001,47.54854271346908,-0.23600000000000185,-32.975141798159896,-0.3852828100572653,2.433992597430913e-15,-0.02238516747545439,0.005248059982354949,3.0230624330661837e-13,0.0003785972590793396,0,70,255.0,255.0,255.0
1323,66.15,47.52928478738804,-0.2360000000000014,-32.97626075684036,-0.38504114624770086,1.3267169614149522e-14,-0.022376650807928486,0.004418492400222002,1.310208373621504e-13,-3.7930558043072944e-05,0,70,255.0,255.0,255.0
1324,66.2,47.510037907538,-0.23600000000000065,-32.97737981034721,-0.3848409608172431,1.55360763336452e-14,-0.022388960531258696,0.003588924818089054,-4.026456858231769e-14,-0.0004544583751654855,0,70,255.0,255.0,255.0
1325,66.25,47.4908,-0.236,-32.9785,-0.38468225376589205,9.240712755918e-15,-0.02242209664544503,0.0027593572359556617,-2.1154997452678554e-13,-0.0008709861922878981,0,70,255.0,255.0,255.0
1326,66.3,47.47157081117648,-0.23599999999999977,-32.97962193162517,-0.38445580581072675,7.275781167707129e-16,-0.02244992956472226,0.006298560970657773,-1.2897541103912533e-13,-0.00024233057880131657,0,70,255.0,255.0,255.0
1327,66.35000000000001,47.45235736875537,-0.23599999999999985,-32.98074446907679,-0.38405239766882615,-3.656828347994457e-15,-0.022446329703325156,0.00983776470536089,-4.6400847551441606e-14,0.0003863250346854436,0,70,255.0,255.0,255.0
1328,66.4,47.43316852074603,-0.23600000000000007,-32.98186604071582,-0.38347202934019065,-3.912506638375015e-15,-0.02241129706125372,0.013376968440063,3.617371593621861e-14,0.0010149806481720251,0,70,255.0,255.0,255.0
1329,66.45,47.41401311515779,-0.23600000000000015,-32.98298507490324,-0.38271470082481995,-3.945675437279863e-17,-0.022344831638507957,0.016916172174765112,1.1874827942387886e-13,0.0016436362616586066,0,70,255.0,255.0,255.0
1330,66.5,47.3949,-0.236,-32.9841,-0.38178041212271424,7.962321304012192e-15,-0.022246933435087872,0.020455375909466778,2.0132284291153908e-13,0.0022722918751451604,0,70,255.0,255.0,255.0
1331,66.55,47.37583659559402,-0.2359999999999994,-32.98520958051301,-0.3807548245111569,1.4053142249434476e-14,-0.022137771207249624,0.02056812855282794,4.2309994905366156e-14,0.0020941972383849085,0,70,255.0,255.0,255.0
1332,66.60000000000001,47.35682461150941,-0.2359999999999987,-32.98631392553292,-0.37972359926743127,1.2193320794546909e-14,-0.022037513711249367,0.020680881196189136,-1.1670285310085195e-13,0.0019161026016246059,0,70,255.0,255.0,255.0
1333,66.65,47.33786432962781,-0.2359999999999983,-32.98741348029633,-0.3786867363915378,2.382856939350545e-15,-0.021946160947087148,0.020793633839550296,-2.7571570110702484e-13,0.001738007964864354,0,70,255.0,255.0,255.0
1334,66.7,47.3189560318308,-0.23599999999999863,-32.98850869003982,-0.3776442358834764,-1.537824931615402e-14,-0.021863712914762943,0.02090638648291146,-4.3472854911319784e-13,0.001559913328104102,0,70,255.0,255.0,255.0
1335,66.75,47.3001,-0.236,-32.9896,-0.3765960977432468,-4.1089997971966766e-14,-0.021790169614276742,0.021019139126272623,-5.937413971193705e-13,0.0013818186913439334,0,70,255.0,255.0,255.0
1336,66.8,47.28129720644745,-0.23600000000000257,-32.99068774632279,-0.37550089614463894,-5.694014711450861e-14,-0.021718985606363872,0.0227889248180439,-4.02645685823392e-14,0.0014655416251711413,0,70,255.0,255.0,255.0
1337,66.85000000000001,47.26255138520694,-0.23600000000000523,-32.99177182879153,-0.37431720526144224,-4.511645483019317e-14,-0.021643615451759614,0.024558710509815677,5.132122599548495e-13,0.0015492645589983733,0,70,255.0,255.0,255.0
1338,66.9,47.24386696074271,-0.23600000000000662,-32.99285203809886,-0.3730450250936572,-5.618921119027162e-15,-0.021564059150464023,0.02632849620158695,1.0666890884918809e-12,0.0016329874928255811,0,70,255.0,255.0,255.0
1339,66.95,47.225248357518986,-0.23600000000000532,-32.99392816493746,-0.37168435564128366,6.155245401898883e-14,-0.021480316702477065,0.028098281893358223,1.620165917028912e-12,0.0017167104266527893,0,70,255.0,255.0,255.0
1340,67.0,47.2067,-0.236,-32.995,-0.37023519690432155,1.5639767058385486e-13,-0.021392388107798747,0.029868067585127722,2.1736427455659436e-12,0.001800433360480136,0,70,255.0,255.0,255.0
1341,67.05,47.188226578616174,-0.2359999999999903,-32.996067434195815,-0.3686815909103218,2.1370744620859994e-13,-0.021306286367248694,0.03227617217486425,1.187482794239908e-13,0.00164363626152215,0,70,255.0,255.0,255.0
1342,67.10000000000001,47.16983384766279,-0.23599999999998034,-32.997130759300966,-0.3670075796868348,1.6827249852622573e-13,-0.021228024481646523,0.03468427676460145,-1.936146186718546e-12,0.0014868391625641197,0,70,255.0,255.0,255.0
1343,67.15,47.15152782740132,-0.2359999999999752,-32.998190367308226,-0.36521316323386144,2.0092827536758146e-14,-0.02115760245099227,0.037092381354337976,-3.991040652860498e-12,0.0013300420636061338,0,70,255.0,255.0,255.0
1344,67.2,47.13331453809323,-0.23599999999998003,-32.999246650210324,-0.3632983415514012,-2.3083156675980146e-13,-0.021095020275285918,0.039500485944074494,-6.045935119002451e-12,0.001173244964648148,0,70,255.0,255.0,255.0
1345,67.25,47.1152,-0.236,-33.0003,-0.3612631146394542,-5.845006843634527e-13,-0.021040277954527457,0.04190859053381013,-8.100829585144402e-12,0.0010164478656902454,0,70,255.0,255.0,255.0
1346,67.3,47.09718927908784,-0.23600000000003615,-33.00135051689395,-0.3591647402140358,-7.978896377198912e-13,-0.020975868924682603,0.04202638648293044,-4.3472854911362395e-13,0.0015599133281041203,0,70,255.0,255.0,255.0
1347,67.35000000000001,47.07928362414189,-0.23600000000007337,-33.00239713400459,-0.3570604759911608,-6.279735392747098e-13,-0.020884286621717024,0.04214418243205078,7.231372486919335e-12,0.0021033787905181496,0,70,255.0,255.0,255.0
1348,67.4,47.06148332965202,-0.23600000000009255,-33.003438492668245,-0.3549503219708304,-7.475238902800497e-14,-0.020765531045630777,0.042261978381171086,1.4897473522950114e-11,0.002646844252932024,0,70,255.0,255.0,255.0
1349,67.45,47.043788690108094,-0.23600000000007448,-33.004473234221265,-0.35283427815304397,8.617738130202171e-13,-0.020619602196423836,0.04237977433029139,2.256357455898089e-11,0.003190309715345899,0,70,255.0,255.0,255.0
1350,67.5,47.0262,-0.236,-33.0055,-0.3507123445378015,2.1816050668699556e-12,-0.0204465000740962,0.04249757027941259,3.0229675595011663e-11,0.0037337751777599126,0,70,255.0,255.0,255.0
1351,67.55,47.008718705032464,-0.23599999999986504,-33.00651769822837,-0.34851544823348846,2.9778511046709642e-12,-0.0202622379339843,0.045378281893112875,1.6201659170305038e-12,0.0036367104267166217,0,70,255.0,255.0,255.0
1352,67.60000000000001,46.99135085576967,-0.23599999999972604,-33.007526304680695,-0.3461745163484898,2.3436216585726125e-12,-0.02008282903142451,0.04825899350681398,-2.6989343760958792e-11,0.003539645675673303,0,70,255.0,255.0,255.0
1353,67.65,46.974103653990625,-0.23599999999965451,-33.00852606201881,-0.3436895488828067,2.7891672857526153e-13,-0.019908273366416936,0.05113970512051426,-5.559885343893995e-11,0.003442580924630012,0,70,255.0,255.0,255.0
1354,67.7,46.9569843014744,-0.235999999999722,-33.009517212904626,-0.34106054583643863,-3.2162636853210657e-12,-0.019738570938961527,0.054020416734214545,-8.42083631169211e-11,0.003345516173586721,0,70,255.0,255.0,255.0
1355,67.75,46.94,-0.236,-33.0105,-0.33828750720938555,-8.14191958311637e-12,-0.01957372174905828,0.05690112834791661,-1.1281787279490227e-10,0.003248451422543458,0,70,255.0,255.0,255.0
1356,67.8,46.92315670078229,-0.2360000000005036,-33.01147469019253,-0.3354454668520818,-1.1113514780963969e-11,-0.019415179339383724,0.05678048594423891,-6.045935119008394e-12,0.0030932449644390713,0,70,255.0,255.0,255.0
1357,67.85000000000001,46.906455352779446,-0.23600000000102234,-33.01244164727266,-0.33260945861496116,-8.746513095015743e-12,-0.01926439725261435,0.056659843540561174,1.0072600255691583e-10,0.0029380385063346405,0,70,255.0,255.0,255.0
1358,67.9,46.88989565438546,-0.23600000000128932,-33.01340125925651,-0.3297794824980252,-1.0409145252730415e-12,-0.019121375488750234,0.056539201136883474,2.074979402328097e-10,0.002782832048230254,0,70,255.0,255.0,255.0
1359,67.95,46.87347730399431,-0.2360000000010375,-33.014353914160246,-0.3269555385012732,1.2003280928264052e-11,-0.01898611404779134,0.056418558733205774,3.142698779087036e-10,0.002627625590125867,0,70,255.0,255.0,255.0
1360,68.0,46.8572,-0.236,-33.0153,-0.3241376266247049,3.0386073265595525e-11,-0.018858612929737662,0.05629791632952852,4.210418155845973e-10,0.002472419132021536,0,70,255.0,255.0,255.0
1361,68.05,46.84106489183834,-0.2359999999981204,-33.0162395410015,-0.32123868435820546,4.147620801918491e-11,-0.01871704470854666,0.05965977433045547,2.2563574559003106e-11,0.0031903097156187644,0,70,255.0,255.0,255.0
1362,68.10000000000001,46.82507893311251,-0.23599999999618446,-33.01717110622871,-0.3181716491916588,3.264243072149036e-11,-0.018539581958175747,0.06302163233138337,-3.759146664667044e-10,0.0039082002992161975,0,70,255.0,255.0,255.0
1363,68.15,46.80925052846751,-0.23599999999518825,-33.01809290095516,-0.31493652112506665,3.884741372516918e-12,-0.018326224678625023,0.06638349033231034,-7.743929074922986e-10,0.004626090882813426,0,70,255.0,255.0,255.0
1364,68.2,46.79358808254834,-0.235999999996128,-33.019003130454415,-0.3115333001584282,-4.4796860027735094e-11,-0.018076972869894434,0.06974534833323728,-1.1728711485178928e-09,0.005343981466410654,0,70,255.0,255.0,255.0
1365,68.25,46.7781,-0.236,-33.0199,-0.3079619862917433,-1.1340237347926572e-10,-0.017791826531983985,0.07310720633416423,-1.571349389543487e-09,0.006061872050007938,0,70,255.0,255.0,255.0
1366,68.3,46.76279333186433,-0.23600000000701465,-33.02078234580148,-0.30430379571503857,-1.5479131729577564e-10,-0.01750864182639595,0.07322041673403383,-8.42083631170039e-11,0.005265516173514124,0,70,255.0,255.0,255.0
1367,68.35000000000001,46.747669714770495,-0.23600000001423982,-33.021651527812544,-0.3006399446183393,-1.2182320979094567e-10,-0.017265274914632537,0.07333362713390346,1.402932663309902e-09,0.004469160297020084,0,70,255.0,255.0,255.0
1368,68.4,46.7327294317445,-0.2360000000179577,-33.02250953692285,-0.29697043300164755,-1.4498050964794619e-11,-0.01706172579669389,0.07344683753377305,2.8900736897363852e-09,0.003672804420526269,0,70,255.0,255.0,255.0
1369,68.45,46.717972765812334,-0.23600000001445037,-33.0233583640221,-0.2932952608649624,1.6718415918267634e-10,-0.016897994472579933,0.07356004793364264,4.377214716162868e-09,0.002876448544032455,0,70,255.0,255.0,255.0
1370,68.5,46.7034,-0.236,-33.0242,-0.2896144282082837,4.2322342065146734e-10,-0.016774080942290662,0.07367325833351357,5.864355742589353e-09,0.0020800926675388076,0,70,255.0,255.0,255.0
1371,68.55,46.68901218070434,-0.2359999999738209,-33.02503587579256,-0.285882132781617,5.776890611639177e-10,-0.01665638798585246,0.07561855873316163,3.1426987790901384e-10,0.0026276255899894984,0,70,255.0,255.0,255.0
1372,68.60000000000001,46.6748134078055,-0.23599999994685616,-33.02586518252115,-0.2820525723349669,4.546504084422924e-10,-0.016511318383291684,0.07756385913281025,-5.235815986772904e-09,0.003175158512440345,0,70,255.0,255.0,255.0
1373,68.65,46.660808544554506,-0.23599999993298093,-33.02668655135346,-0.27812574686833536,5.4107462486661454e-11,-0.016338872134608405,0.07950915953245832,-1.0785901851453241e-08,0.0037226914348910357,0,70,255.0,255.0,255.0
1374,68.7,46.64700245420234,-0.23599999994607046,-33.02749861345717,-0.2741016563817215,-6.239397767029706e-10,-0.0161390492398026,0.08145445993210639,-1.633598771613358e-08,0.004270224357341727,0,70,255.0,255.0,255.0
1375,68.75,46.6334,-0.236,-33.0283,-0.2699803008751252,-1.5794913091266037e-09,-0.01591184969887426,0.08339976033175356,-2.1886073580813915e-08,0.004817757279792417,0,70,255.0,255.0,255.0
1376,68.8,46.620005945318326,-0.23600000009770164,-33.02908935102826,-0.26576767315849814,-2.155964927359895e-09,-0.015657806230215787,0.085105348333337,-1.1728711485190467e-09,0.005343981466546997,0,70,255.0,255.0,255.0
1377,68.85000000000001,46.60682465400749,-0.23600000019833547,-33.02986534210287,-0.2614697660417908,-1.6967784239782238e-09,-0.015377451552219507,0.08681093633492092,1.954033128378171e-08,0.005870205653301725,0,70,255.0,255.0,255.0
1378,68.9,46.593860390037484,-0.2360000002501185,-33.03062665766333,-0.25708657952500535,-2.019317989818512e-10,-0.015070785664885573,0.08851652433650437,4.0253533716076576e-08,0.006396429840056304,0,70,255.0,255.0,255.0
1379,68.95,46.58111741737832,-0.23600000020126766,-33.0313719821492,-0.25261811360814085,2.328574947629205e-09,-0.014737808568213913,0.0902221123380878,6.096673614837144e-08,0.006922654026810884,0,70,255.0,255.0,255.0
1380,69.0,46.5686,-0.236,-33.0321,-0.24806436829119707,5.894741815854947e-09,-0.014378520262204523,0.09192770033967279,8.167993858066633e-08,0.007448878213565449,0,70,255.0,255.0,255.0
1381,69.05,46.55631203802236,-0.23599999963537244,-33.032809920094365,-0.24344717458436554,8.046170648275663e-09,-0.014024387093264815,0.09276004793359931,4.377214716167186e-09,0.0067164485440236454,0,70,255.0,255.0,255.0
1382,69.10000000000001,46.54425597616456,-0.23599999925980183,-33.033503049067384,-0.23878836349783633,6.332463287470605e-09,-0.01370687540780211,0.09359239552752606,-7.292550914835392e-08,0.005984018874481634,0,70,255.0,255.0,255.0
1383,69.15,46.532433895295576,-0.23599999906654506,-33.03418121799321,-0.23408793503161215,7.536197334407458e-10,-0.01342598520581659,0.09442474312145258,-1.5022823301285307e-07,0.00525158920493983,0,70,255.0,255.0,255.0
1384,69.2,46.5208478762844,-0.2359999992488588,-33.03484625794602,-0.2293458891856916,-8.690360013813853e-09,-0.013181716487308159,0.09525709071537909,-2.275309568773522e-07,0.004519159535398026,0,70,255.0,255.0,255.0
1385,69.25,46.5095,-0.236,-33.0355,-0.22456222596007477,-2.1999475954293183e-08,-0.012974069252276812,0.09608943830930472,-3.048336807418514e-07,0.0037867298658562365,0,70,255.0,255.0,255.0
1386,69.3,46.498393102592225,-0.23600000136080854,-33.03614376859424,-0.21969162850404253,-3.002871766574275e-08,-0.012772645396700286,0.09873445993199662,-1.6335987716149735e-08,0.004270224357205244,0,70,255.0,255.0,255.0
1387,69.35000000000001,46.48753304133428,-0.236000002762457,-33.036776861627594,-0.21468877996687424,-2.3633074725904196e-08,-0.012547046816556245,0.10137948155468926,2.7216170530963397e-07,0.004753718848554389,0,70,255.0,255.0,255.0
1388,69.4,46.476926428780224,-0.23600000348370126,-33.03739807036382,-0.20955368034857275,-2.812547134781138e-09,-0.012297273511844812,0.10402450317738116,5.606593983353357e-07,0.0052372133399033955,0,70,255.0,255.0,255.0
1389,69.45,46.466579877484115,-0.23600000280329697,-33.0380061860667,-0.2042863296491367,3.24328651076262e-08,-0.012023325482565935,0.10666952480007305,8.491570913610374e-07,0.005720707831252402,0,70,255.0,255.0,255.0
1390,69.5,46.4565,-0.236,-33.0386,-0.19888672786856607,8.210316200131778e-08,-0.011725202728719606,0.10931454642276583,1.1376547843867387e-06,0.0062042023226014376,0,70,255.0,255.0,255.0
1391,69.55,46.446692351608725,-0.23599999492139342,-33.039178205528664,-0.1934183113995393,1.1206870001469533e-07,-0.011397031319980908,0.10942211233831708,6.096673614843126e-08,0.0069226540269472486,0,70,255.0,255.0,255.0
1392,69.60000000000001,46.43715825849831,-0.23599998969037,-33.039739104422246,-0.1879445166347334,8.819983561614613e-08,-0.011032937326024811,0.10952967825386836,-1.0157213120901824e-06,0.007641105731293263,0,70,255.0,255.0,255.0
1393,69.65,46.42789798958352,-0.23599998699864988,-33.040280900551515,-0.18246534357415153,1.049656880568375e-08,-0.010632920746851526,0.10963724416941961,-2.0924093603284897e-06,0.008359557435639074,0,70,255.0,255.0,255.0
1394,69.7,46.41891181377916,-0.23599998953795318,-33.040801797787175,-0.1769807922177921,-1.2104110041669097e-07,-0.010196981582460952,0.10974481008497086,-3.169097408566797e-06,0.009078009139984885,0,70,255.0,255.0,255.0
1395,69.75,46.4102,-0.236,-33.0413,-0.17149086256565507,-3.064131720509779e-07,-0.00972511983285309,0.10985237600052344,-4.245785456805104e-06,0.009796460844330696,0,70,255.0,255.0,255.0
1396,69.8,46.40176389097285,-0.2360000189536177,-33.04177460929113,-0.16593112589776055,-4.1824608239303854e-07,-0.009271229323360117,0.1125370907152704,-2.275309568775761e-07,0.008359159535389208,0,70,255.0,255.0,255.0
1397,69.85000000000001,46.39360912467249,-0.23600003847606282,-33.04222832068343,-0.160237153494127,-3.2916626773868037e-07,-0.008889203879314118,0.11522180543001813,3.7907235430510934e-06,0.0069218582264473135,0,70,255.0,255.0,255.0
1398,69.9,46.3857424128857,-0.23600004852169906,-33.04266472743016,-0.15440894535475777,-3.917372808795386e-08,-0.008579043500715306,0.1179065201447651,7.808978042978622e-06,0.005484556917505826,0,70,255.0,255.0,255.0
1399,69.95,46.37817046739928,-0.2360000390448902,-33.04308742278459,-0.1484465014796512,4.5173153655913756e-07,-0.008340748187563566,0.12059123485951206,1.1827232542906149e-05,0.004047255608564339,0,70,255.0,255.0,255.0
1400,70.0,46.3709,-0.236,-33.0435,-0.14234982186880724,1.1435495262025938e-06,-0.008174317939858896,0.12327594957426014,1.5845487042833677e-05,0.002609954299622866,0,70,255.0,255.0,255.0
1401,70.05,46.36393688449987,-0.2359999292641357,-33.043904957306815,-0.13616918500945197,1.5609156295574589e-06,-0.00801405138658862,0.12394952479996478,8.491570913618725e-07,0.0038007078311885867,0,70,255.0,255.0,255.0
1402,70.10000000000001,46.357283642811744,-0.23599985640537866,-33.04430041284405,-0.12995486938880968,1.2284652353385753e-06,-0.007794247156739988,0.1246231000256696,-1.4147172860114195e-05,0.004991461362754647,0,70,255.0,255.0,255.0
1403,70.15,46.350941958873676,-0.23599981891455377,-33.04468338972788,-0.12370687500688396,1.4619834354613127e-07,-0.007514905250313128,0.12529667525137425,-2.9143502811586003e-05,0.006182214894320367,0,70,255.0,255.0,255.0
1404,70.2,46.34491351662374,-0.23599985428248593,-33.045050911074476,-0.11742520186367297,-1.6858850458198594e-06,-0.007176025667307987,0.1259702504770789,-4.4139832763057804e-05,0.007372968425886087,0,70,255.0,255.0,255.0
1405,70.25,46.3392,-0.236,-33.0454,-0.11110984995917675,-4.267784932759397e-06,-0.006777608407724562,0.1266438257027842,-5.913616271452961e-05,0.008563721957451836,0,70,255.0,255.0,255.0
1406,70.3,46.333803771027654,-0.23600026398983948,-33.04572796148162,-0.10472013406447753,-5.825416435836797e-06,-0.00633656513028526,0.12894481008519926,-3.1690974085699217e-06,0.009078009140121248,0,70,255.0,255.0,255.0
1407,70.35000000000001,46.32872990408054,-0.23600053590242248,-33.04603322794038,-0.09821536895065569,-4.584694673615623e-06,-0.005869807493712352,0.131245794467615,5.2797967897405666e-05,0.009592296322790805,0,70,255.0,255.0,255.0
1408,70.4,46.323984151619584,-0.23600067582008574,-33.04631451365833,-0.09159555461771494,-5.456196460965734e-07,-0.005377335498006105,0.13354677885003005,0.00010876503320336536,0.010106583505460214,0,70,255.0,255.0,255.0
1409,70.45,46.31957226610575,-0.236000543825166,-33.04657053291753,-0.08486069106565344,6.291808646720299e-06,-0.004859149143166388,0.13584776323244513,0.00016473209850932503,0.010620870688129625,0,70,255.0,255.0,255.0
1410,70.5,46.3155,-0.236,-33.0468,-0.07801077829447121,1.5927590204834995e-05,-0.0043152484291932025,0.13814874761485962,0.00022069916381528478,0.01113515787079905,0,70,255.0,255.0,255.0
1411,70.55,46.31177283138948,-0.23599901477650634,-33.04700239676673,-0.07106227873261343,2.1740750113789732e-05,-0.0037916880922145954,0.13979123485946734,1.1827232542917817e-05,0.009807255608346442,0,70,255.0,255.0,255.0
1412,70.60000000000001,46.30839514086611,-0.23599799998493134,-33.04718027539443,-0.06403165480852326,1.711031345912391e-05,-0.0033345228683584935,0.14143372210407557,-0.0001970446987295085,0.008479353345893455,0,70,255.0,255.0,255.0
1413,70.65,46.305371034648,-0.23599747780510313,-33.04733695563878,-0.056918906522204694,2.0362802408401624e-06,-0.0029437527576251584,0.1430762093486833,-0.0004059166300018755,0.007151451083440845,0,70,255.0,255.0,255.0
1414,70.7,46.30270461895326,-0.23599797041685,-33.04747575725542,-0.04972403387365575,-2.3481349541061346e-05,-0.00261937776001445,0.14471869659329104,-0.0006147885612742425,0.005823548820988236,0,70,255.0,255.0,255.0
1415,70.75,46.3004,-0.236,-33.0476,-0.042447036862876424,-5.944257588658059e-05,-0.0023613978755263683,0.1463611838378987,-0.0008236604925466094,0.00449564655853563,0,70,255.0,255.0,255.0
1416,70.8,46.29845850341443,-0.2360036769041351,-33.04771205145147,-0.035254751005006676,-8.113758401932213e-05,-0.002112682500914025,0.14133025047690745,-4.413983276310121e-05,0.005452968425958664,0,70,255.0,255.0,255.0
1417,70.85000000000001,46.29687033245503,-0.23600746415785212,-33.04781047048187,-0.02831401181518454,-6.385655916288e-05,-0.0018161010329304417,0.13629931711591475,0.0007353808270206284,0.0064102902933819705,0,70,255.0,255.0,255.0
1418,70.9,46.295622909788435,-0.23600941295950154,-33.04789286378654,-0.02162481929341397,-7.599501317264075e-06,-0.001471653471575787,0.1312683837549235,0.0015149014868041369,0.0073676121608050055,0,70,255.0,255.0,255.0
1419,70.95,46.294703658081225,-0.23600757450743398,-33.047956838060806,-0.015187173439692942,8.763358951752501e-05,-0.0010793398168499832,0.12623745039393225,0.0022944221465876448,0.008324934028228039,0,70,255.0,255.0,255.0
1420,71.0,46.2941,-0.236,-33.048,-0.009001074254021461,0.00022184271334148734,-0.0006391600687530302,0.12120651703294098,0.0030739428063711527,0.009282255895651076,0,70,255.0,255.0,255.0
1421,71.05,46.29378835495283,-0.23598627760695323,-33.04802139742741,-0.0037267172473878004,0.00030280958596349877,-0.0002375819041548982,0.08976776323241746,0.00016473209850948736,0.006780870688275117,0,70,255.0,255.0,255.0
1422,71.10000000000001,46.29370112931377,-0.23597214338366018,-33.048025842678086,-2.4297930779396647e-05,0.00023831592319239613,3.892700007450379e-05,0.058329009431885,-0.0027444786093530045,0.004279485480898449,0,70,255.0,255.0,255.0
1423,71.15,46.29375972619826,-0.2359648703568905,-33.048019589215066,0.002106183695801644,2.836172502821625e-05,0.00019036664393501878,0.02689025563136148,-0.00565368931721467,0.0017781002735224915,0,70,255.0,255.0,255.0
1424,71.2,46.29388554872184,-0.23597173155341392,-33.04800889050137,0.0026647276323565963,-0.0003270530085290388,0.000216737027426743,-0.0045484981691620435,-0.008562900025076335,-0.0007232849338534662,0,70,255.0,255.0,255.0
1425,71.25,46.294,-0.236,-33.048,0.0016513338788854638,-0.0008279282774793687,0.00011803815054967601,-0.03598725196968559,-0.011472110732937999,-0.003224670141229425,0,70,255.0,255.0,255.0
1426,71.3,46.29404327677422,-0.23605121266805193,-33.04799755883892,0.00019361999448027603,-0.0011301007598346726,-8.989882459309712e-06,-0.022321303406525238,-0.0006147885612748476,-0.0018564511791302927,0,70,255.0,255.0,255.0
1427,71.35000000000001,46.29403075028991,-0.23610396230750708,-33.04799975880578,-0.0005807964617670562,-0.0008894071336067045,-6.760696736334961e-05,-0.00865535484336101,0.010242533610391392,-0.0004882322170307713,0,70,255.0,255.0,255.0
1428,71.4,46.29399658541851,-0.2361311056129362,-33.04800317935318,-0.0006719154898560922,-0.00010584739879560033,-5.78131041624104e-05,0.005010593719799339,0.021099855782054543,0.0008799867450683609,0,70,255.0,255.0,255.0
1429,71.45,46.2939749470314,-0.23610549927891025,-33.048004399933724,-7.973708978715067e-05,0.0012205784445986296,2.0391707143481495e-05,0.01867654228295968,0.03195717795371769,0.002248205707167494,0,70,255.0,255.0,255.0
1430,71.5,46.294,-0.236,-33.048,0.0011957387384397703,0.0030898703965759875,0.00016700746655432612,0.03234249084612003,0.04281450012538085,0.003616424669266625,0,70,255.0,255.0,255.0
1431,71.55,46.29408973795029,-0.23580887172083898,-33.04798836721694,0.0021842372694411785,0.004217593453375192,0.00027354143399213696,0.007197450393938543,0.002294422146589911,0.0006449340282460533,0,70,255.0,255.0,255.0
1432,71.60000000000001,46.294197469526566,-0.23561200738631144,-33.047975122098805,0.0019154837778333285,0.003319312611234422,0.00023150086937889476,-0.01794759005825009,-0.038225655832212546,-0.002326556612775362,0,70,255.0,255.0,255.0
1433,71.65,46.29426033212769,-0.23551070719136447,-33.0479676933722,0.0003894782636163739,0.00039502787015418747,4.088577271462324e-05,-0.04309263051043157,-0.0787457338110035,-0.005298047253795934,0,70,255.0,255.0,255.0
1434,71.7,46.29421546315255,-0.235606271330945,-33.04797350976373,-0.0023937792732095847,-0.004555260769865482,-0.00029830385600066866,-0.06823767096261307,-0.11926581178979442,-0.008269537894816504,0,70,255.0,255.0,255.0
1435,71.75,46.294,-0.236,-33.048,-0.006434288832644544,-0.01153155330882458,-0.0007860680167669804,-0.09338271141479451,-0.1597858897685854,-0.011241028535837076,0,70,255.0,255.0,255.0
1436,71.8,46.29353137142462,-0.2367933004485921,-33.04805857229334,-0.012914569072243778,-0.020540273053665552,-0.0016611758535078304,-0.16582849816918954,-0.20056290002507404,-0.023763284933798916,0,70,255.0,255.0,255.0
1437,71.85000000000001,46.29264817160381,-0.23808800814724726,-33.04817655279902,-0.023017138649565942,-0.031587843311334275,-0.003162396510147253,-0.23827428492360517,-0.24133991028157425,-0.036285541331764315,0,70,255.0,255.0,255.0
1438,71.9,46.29116928607069,-0.23998606562160604,-33.048385247158016,-0.03674199756460529,-0.044674264081824455,-0.005289729986684394,-0.3107200716780002,-0.28211692053806287,-0.04880779772972616,0,70,255.0,255.0,255.0
1439,71.95,46.288913600358384,-0.24258941539730988,-33.04871596101135,-0.054089145817364195,-0.05979953536513896,-0.008043176283119591,-0.38316585843239526,-0.32289393079455153,-0.061330054127688,0,70,255.0,255.0,255.0
1440,72.0,46.2857,-0.246,-33.0492,-0.07505858340784263,-0.07696365716127777,-0.011422735399452844,-0.45561164518679065,-0.3636709410510405,-0.07385231052564988,0,70,255.0,255.0,255.0
1441,72.05,46.28138477635124,-0.2502571264847921,-33.0498645436097,-0.09740596098043784,-0.09240850123871013,-0.015180838019915217,-0.43828345771706867,-0.25412282204628867,-0.07647179429285363,0,70,255.0,255.0,255.0
1442,72.10000000000001,46.27597384405818,-0.2551495600247013,-33.050720266705135,-0.11888692917955299,-0.10237593936590725,-0.019069914828738894,-0.4209552702473418,-0.14457470304150574,-0.07909127806005813,0,70,255.0,255.0,255.0
1443,72.15,46.2695105235895,-0.26040343032221297,-33.051773717995715,-0.13950148800517587,-0.10686597154286348,-0.02308996582592167,-0.40362708277761983,-0.03502658403675396,-0.08171076182726188,0,70,255.0,255.0,255.0
1444,72.2,46.26203813541388,-0.2657448670798164,-33.05303144619086,-0.1592496374573127,-0.10587859776958244,-0.02724099101146462,-0.38629889530789785,0.07452153496799785,-0.08433024559446563,0,70,255.0,255.0,255.0
1445,72.25,46.2536,-0.2709,-33.0545,-0.17813137753596348,-0.09941381804606413,-0.03152299038536775,-0.368970707838177,0.18406965397275,-0.08694972936166934,0,70,255.0,255.0,255.0
1446,72.3,46.24423032317044,-0.27561179361223803,-33.05618725326785,-0.1966935870059831,-0.0884817219914909,-0.03601547206678153,-0.3735176709626504,0.2532141882102036,-0.09274953789489193,0,70,255.0,255.0,255.0
1447,72.35000000000001,46.233926852163464,-0.2796905517539517,-33.05810638038046,-0.21548314463223178,-0.07409239922504063,-0.04079794417485782,-0.3780646340871252,0.3223587224476769,-0.09854934642811618,0,70,255.0,255.0,255.0
1448,72.4,46.22267821957127,-0.2829634130895451,-33.06027188085912,-0.2345000504146988,-0.05624584974672145,-0.04587040670959391,-0.38261159721159865,0.3915032566851305,-0.10434915496133879,0,70,255.0,255.0,255.0
1449,72.45,46.21047305798606,-0.2852575162834257,-33.06269825422519,-0.25374430435338946,-0.0349420735565298,-0.0512328596709911,-0.3871585603360721,0.4606477909225841,-0.11014896349456138,0,70,255.0,255.0,255.0
1450,72.5,46.1973,-0.2864,-33.0654,-0.2732159064483038,-0.010181070654465666,-0.056885303059049416,-0.39170552346054555,0.5297923251600378,-0.11594877202778398,0,70,255.0,255.0,255.0
1451,72.55,46.18314993096702,-0.28621249906625434,-33.06839124331886,-0.2927796909956257,0.01836738920466979,-0.06280527371293751,-0.3908458584323732,0.6121460692054453,-0.12085005412775295,0,70,255.0,255.0,255.0
1452,72.60000000000001,46.16802274728796,-0.28449463295949456,-33.07168461177304,-0.3123004922915444,0.05103353626608525,-0.06897030847182582,-0.38998619340420054,0.6944998132508762,-0.1257513362277233,0,70,255.0,255.0,255.0
1453,72.65,46.151920598125386,-0.28104051731960805,-33.075292358567786,-0.33177831033604904,0.08781737052976216,-0.07538040733571083,-0.3891265283760282,0.7768535572962837,-0.1306526183276923,0,70,255.0,255.0,255.0
1454,72.7,46.13484563264188,-0.275644267786481,-33.07922673690836,-0.3512131451291451,0.1287188919957092,-0.0820355703045943,-0.38826686334785576,0.8592073013416912,-0.13555390042766124,0,70,255.0,255.0,255.0
1455,72.75,46.1168,-0.2681,-33.0835,-0.37060499667083246,0.1737381006639264,-0.0889357973784762,-0.38740719831968384,0.9415610453870966,-0.14045518252763056,0,70,255.0,255.0,255.0
1456,72.8,46.09778515296148,-0.2582038101227451,-33.088123773456694,-0.3899956490115191,0.22275616517280072,-0.09604343308152644,-0.3882188953078266,1.0191615349679874,-0.14385024559439483,0,70,255.0,255.0,255.0
1457,72.85000000000001,46.07779975868469,-0.24575971640806657,-33.093107172527375,-0.40942688620161843,0.2756542541607349,-0.10332082193791697,-0.38903059229596954,1.0967620245489005,-0.1472453086611601,0,70,255.0,255.0,255.0
1458,72.9,46.05684178792716,-0.23057371763201925,-33.09845868486971,-0.42889870824111936,0.33243236762769895,-0.11076796394764364,-0.3898422892841123,1.1743625141297913,-0.15064037172792435,0,70,255.0,255.0,255.0
1459,72.95,46.03490921144642,-0.2124518125706478,-33.10418679814136,-0.44841111513002746,0.3930905055737074,-0.11838485911070853,-0.390653986272255,1.2519630037106821,-0.15403543479468865,0,70,255.0,255.0,255.0
1460,73.0,46.012,-0.1912,-33.1103,-0.4679641068683426,0.45762866799876006,-0.12617150742711164,-0.39146568326039644,1.329563493291571,-0.1574304978614527,0,70,255.0,255.0,255.0
1461,73.05,45.98811265718706,-0.16662346044276943,-33.11680806285436,-0.487525712958253,0.5260959501041098,-0.13420499396100838,-0.39099856033606256,1.409127790922576,-0.16390896349443523,0,70,255.0,255.0,255.0
1462,73.10000000000001,45.963247817973276,-0.13852410140822433,-33.12372589811747,-0.5070639629019522,0.5985414470910309,-0.14256240377655666,-0.3905314374117285,1.4886920885536035,-0.1703874291274196,0,70,255.0,255.0,255.0
1463,73.15,45.93740665016596,-0.10670301215230313,-33.131069701953386,-0.5265788566994292,0.6749651589594818,-0.1512437368737517,-0.39006431448739465,1.5682563861846086,-0.17686589476040215,0,70,255.0,255.0,255.0
1464,73.2,45.91059032157244,-0.07096128193092084,-33.138855670526205,-0.5460703943506895,0.7553670857094827,-0.16024899325259587,-0.3895971915630608,1.6478206838156135,-0.1833443603933847,0,70,255.0,255.0,255.0
1465,73.25,45.8828,-0.0311,-33.1471,-0.5655385758557331,0.8397472273410338,-0.1695781729130891,-0.38913006863872557,1.7273849814466153,-0.18982282602636658,0,70,255.0,255.0,255.0
1466,73.3,45.85403621829029,0.0130776518938136,-33.15581757512586,-0.5850214991554015,0.9279800344107362,-0.1791525910744393,-0.39018686334805586,1.8019273013416792,-0.1931539004276631,0,70,255.0,255.0,255.0
1467,73.35000000000001,45.8242969694222,0.061760122040995374,-33.16501803500278,-0.6045572621905421,1.0199399574752182,-0.1888935629558571,-0.3912436580573864,1.8764696212367644,-0.19648497482896055,0,70,255.0,255.0,255.0
1468,73.4,45.79357961140898,0.11513376624125535,-33.17470970731678,-0.6241458649611434,1.1156269965344274,-0.198801088557337,-0.3923004527667167,1.9510119411318285,-0.19981604923025703,0,70,255.0,255.0,255.0
1469,73.45,45.76188150226383,0.17338494029434434,-33.18490091975385,-0.6437873074672115,1.2150411515883899,-0.2088751678788817,-0.39335724747604695,2.0255542610268926,-0.20314712363155354,0,70,255.0,255.0,255.0
1470,73.5,45.7292,0.2367,-33.1956,-0.6634815897087459,1.3181824226371055,-0.2191158009204912,-0.39441404218537546,2.100096580921953,-0.20647819803285028,0,70,255.0,255.0,255.0
1471,73.55,45.69555846965179,0.3052176528674989,-33.206816036642216,-0.6816682904201823,1.4221919122529154,-0.22956864174118252,-0.33305398627211863,2.060283003710677,-0.21163543479482674,0,70,255.0,255.0,255.0
1472,73.60000000000001,45.661084304337905,0.37888601324429566,-33.21856116187142,-0.6967869883359598,1.5242107230081903,-0.24027934439997575,-0.27169393035884437,2.02046942649939,-0.2167926715568047,0,70,255.0,255.0,255.0
1473,73.65,45.62593090419812,0.45760554718732016,-33.23084826877952,-0.7088376834560699,1.6242388549028721,-0.2512479088968648,-0.21033387444558752,1.9806558492881141,-0.22194990831878117,0,70,255.0,255.0,255.0
1474,73.7,45.59025166937223,0.5412767207535643,-33.24369025045841,-0.7178203757805173,1.7222763079369905,-0.2624743352318526,-0.14897381853233066,1.9408422720768383,-0.22710714508075763,0,70,255.0,255.0,255.0
1475,73.75,45.5542,0.6298,-33.2571,-0.7237350653093021,1.818323082110545,-0.27395862340493926,-0.08761376261907206,1.901028694865559,-0.232264381842735,0,70,255.0,255.0,255.0
1476,73.8,45.51792750310254,0.7230893366361663,-33.27109027830529,-0.7266893391638541,1.9131883165775687,-0.2856928419608418,-0.030557191563013446,1.8935806838156073,-0.2371043603933951,0,70,255.0,255.0,255.0
1477,73.85000000000001,45.481578613226155,0.8211126249818996,-33.28567331751155,-0.726790784465603,2.0076811504921217,-0.2976690594442809,0.026499379493061387,1.8861326727656533,-0.24194433894405656,0,70,255.0,255.0,255.0
1478,73.9,45.44529597179852,0.9238512450095193,-33.30086121756516,-0.7240394012145485,2.1018015838541504,-0.3098872758552495,0.08355595054911999,1.8786846617157016,-0.24678431749471666,0,70,255.0,255.0,255.0
1479,73.95,45.40922222024726,1.0312865766914276,-33.31666607841253,-0.7184351894106913,2.195549616663681,-0.3223474911937511,0.14061252160517862,1.8712366506657498,-0.2516242960453767,0,70,255.0,255.0,255.0
1480,74.0,45.3735,1.1434,-33.3331,-0.7099781490540314,2.288925248920714,-0.3350497054597858,0.19766909266124078,1.8637886396157697,-0.2564642745960364,0,70,255.0,255.0,255.0
1481,74.05,45.33827151793807,1.260169800587803,-33.35017485013666,-0.6986943529244042,2.381742821436775,-0.34797999041547145,0.2536827525238762,1.8489142610268794,-0.2607471236314185,0,70,255.0,255.0,255.0
1482,74.10000000000001,45.30367724275744,1.3815618868282085,-33.36790156808242,-0.6846098738016408,2.473816675023418,-0.3611244178229299,0.30969641238652745,1.8340398824379849,-0.2650299726668018,0,70,255.0,255.0,255.0
1483,74.15,45.26985720860778,1.507539072774674,-33.38629086095983,-0.6677247116857495,2.5651468096805896,-0.3744829876821538,0.36571007224916285,1.8191655038490948,-0.2693128217021839,0,70,255.0,255.0,255.0
1484,74.2,45.23695144963875,1.638064172480762,-33.40535343589149,-0.6480388665767267,2.6557332254083166,-0.38805569999314676,0.42172373211179826,1.8042911252602045,-0.27359567073756597,0,70,255.0,255.0,255.0
1485,74.25,45.2051,1.7731,-33.4251,-0.625552338474572,2.7455759222066,-0.4018425547559089,0.4777373919744363,1.7894167466713178,-0.27787851977294853,0,70,255.0,255.0,255.0
1486,74.3,45.174443225145204,1.91260986101258,-33.44554152114806,-0.60024524913852,2.834704397675299,-0.41585919637725266,0.5345461814677073,1.7757222720768482,-0.2827871450808323,0,70,255.0,255.0,255.0
1487,74.35000000000001,45.14512281574406,2.056559027705393,-33.46669001015882,-0.5720977203277959,2.9231481494143,-0.43012126926399463,0.5913549709609943,1.7620277974823748,-0.28769577038871746,0,70,255.0,255.0,255.0
1488,74.4,45.11728079377033,2.2049132638918714,-33.488557738595546,-0.5411097520424162,3.010907177423552,-0.4446287734161268,0.6481637604542652,1.7483333228879052,-0.29260439569660124,0,70,255.0,255.0,255.0
1489,74.45,45.09105918119773,2.3576383333855695,-33.51115697802152,-0.507281344282373,3.0979814817030804,-0.4593817088336531,0.7049725499475361,1.7346388482934358,-0.297513021004485,0,70,255.0,255.0,255.0
1490,74.5,45.0666,2.5147,-33.5345,-0.47061249704766656,3.184371062252886,-0.4743800755165736,0.7617813394408084,1.7209443736989556,-0.3024216463123688,0,70,255.0,255.0,255.0
1491,74.55,45.044045981481155,2.676064355361828,-33.5585990652711,-0.43106065052152137,3.270095587861998,-0.4896232240755148,0.8202925216050898,1.7080366506657334,-0.3073042960453146,0,70,255.0,255.0,255.0
1492,74.60000000000001,45.02354269426632,2.8416988023503675,-33.58346639128233,-0.38858324488714974,3.3551747273194734,-0.5051105051211077,0.8788037037693879,1.6951289276325077,-0.31218694577826184,0,70,255.0,255.0,255.0
1493,74.65,45.00523641631091,3.011571071657942,-33.609114184658,-0.3431802801445759,3.439608480625264,-0.5208419186533435,0.9373148859336693,1.6822212045992855,-0.3170695955112077,0,70,255.0,255.0,255.0
1494,74.7,44.989273425570325,3.185648893977014,-33.63555465202245,-0.2948517562937881,3.523396847779393,-0.5368174646722267,0.9958260680979507,1.6693134815660635,-0.32195224524415356,0,70,255.0,255.0,255.0
1495,74.75,44.9758,3.3639,-33.6628,-0.2435976733347865,3.6065398287818606,-0.5530371431777571,1.0543372502622324,1.6564057585328413,-0.32683489497709584,0,70,255.0,255.0,255.0
1496,74.8,44.964960048930195,3.546290317540052,-33.6908622177675,-0.18956014877543623,3.688929250876682,-0.5694879073206262,1.1071637321119012,1.6391711252602004,-0.3311956707377031,0,70,255.0,255.0,255.0
1497,74.85000000000001,44.95688800719066,3.732778562893307,-33.719752424711864,-0.13288130012358618,3.770456941307894,-0.5861567102515303,1.1599902139615854,1.6219364919875545,-0.3355564464983117,0,70,255.0,255.0,255.0
1498,74.9,44.95171594098604,3.9233216494764784,-33.74948152277246,-0.07356112737926854,3.8511229000754517,-0.6030435519704601,1.2128166958112543,1.6047018587149133,-0.33991722225891896,0,70,255.0,255.0,255.0
1499,74.95,44.94957591652094,4.117876490706435,-33.780060413888705,-0.011599630542467623,3.9309271271793764,-0.6201484324774202,1.2656431776609232,1.5874672254422724,-0.34427799801952624,0,70,255.0,255.0,255.0
1500,75.0,44.9506,4.3164,-33.8115,0.05300319038681658,4.00986962261967,-0.6374713517724107,1.318469659510592,1.5702325921696456,-0.3486387737801291,0,70,255.0,255.0,255.0
1501,75.05,44.954928222798074,4.518855974477902,-33.84381206365885,0.12072524562326506,4.088363408631243,-0.6550651466420251,1.3904125499475009,1.5695188482934412,-0.355113021004486,0,70,255.0,255.0,255.0
1502,75.10000000000001,44.96273247697103,4.725235746076597,-33.877011909870234,0.19204444538157955,4.166821507449027,-0.6729826538728624,1.4623554403844303,1.5688051044172366,-0.3615872682288448,0,70,255.0,255.0,255.0
1503,75.15,44.97419261974494,4.935537530436275,-33.91111572425216,0.2669607896617195,4.245243919072979,-0.6912238734649125,1.5342983308213392,1.5680913605410325,-0.3680615154532017,0,70,255.0,255.0,255.0
1504,75.2,44.9894885083459,5.149759543197307,-33.94613969242274,0.3454742784637047,4.3236306435031215,-0.7097888054181805,1.606241221258248,1.567377616664828,-0.37453576267755867,0,70,255.0,255.0,255.0
1505,75.25,45.0088,5.3679,-33.9821,0.4275849117875352,4.401981680739453,-0.7286774497326661,1.6781841116951561,1.5666638727886095,-0.3810100099019129,0,70,255.0,255.0,255.0
1506,75.3,45.03230945987749,5.589935384548269,-34.019011127597075,0.5134431662823544,4.478993114598316,-0.7477875061113097,1.7561460680978078,1.5137934815660716,-0.38339224524387244,0,70,255.0,255.0,255.0
1507,75.35000000000001,45.06020928492524,5.8157552528005185,-34.056880735807255,0.603199518597332,4.553361028896073,-0.7670166742570567,1.8341080245004817,1.4609230903435184,-0.3857744805858327,0,70,255.0,255.0,255.0
1508,75.4,45.09269438003423,6.045227428778563,-34.0957147802189,0.6968539687324172,4.625085423632681,-0.7863649541698963,1.9120699809031332,1.4080526991209805,-0.3881567159277922,0,70,255.0,255.0,255.0
1509,75.45,45.129959650095486,6.278219736504409,-34.13551921642037,0.7944065166876345,4.694166298808163,-0.8058323458498337,1.9900319373057849,1.3551823078984424,-0.39053895126975174,0,70,255.0,255.0,255.0
1510,75.5,45.1722,6.5146,-34.1763,0.8958571624629843,4.7606036544225185,-0.8254188492968692,2.0679938937084295,1.3023119166759258,-0.39292118661170594,0,70,255.0,255.0,255.0
1511,75.55,45.21958753769192,6.754220087328943,-34.218061025952856,0.9998380892472185,4.82344013297547,-0.8450008289126528,2.0912431776611746,1.2111472254422988,-0.3903579980196877,0,70,255.0,255.0,255.0
1512,75.60000000000001,45.272203183328024,6.9968680427215615,-34.26079794690078,1.10498148022912,4.881718376966758,-0.8644546490988413,2.114492461613927,1.1199825342086456,-0.3877948094276687,0,70,255.0,255.0,255.0
1513,75.65,45.330105060118136,7.242315954449632,-34.30450435487226,1.2112873354086287,4.9354383863963465,-0.8837803098554231,2.137741745566672,1.0288178429750185,-0.38523162083565043,0,70,255.0,255.0,255.0
1514,75.7,45.393351291272175,7.490335910785139,-34.349173841895826,1.318755654785775,4.984600161264254,-0.902977811182404,2.1609910295194177,0.9376531517413914,-0.3826684322436322,0,70,255.0,255.0,255.0
1515,75.75,45.462,7.7407,-34.3948,1.4273864383605581,5.02920370157048,-0.922047153079784,2.184240313472161,0.8464884605077785,-0.38010524365161125,0,70,255.0,255.0,255.0
1516,75.8,45.536114789354784,7.993184266135876,-34.441376768591475,1.5375084767288103,5.0694863534997925,-0.9410091782380153,2.220641221258176,0.7648176166648231,-0.3783757626776848,0,70,255.0,255.0,255.0
1517,75.85000000000001,45.61578118176272,8.247580576313487,-34.48889947658966,1.6494505604863952,5.105685463236968,-0.9598847293475558,2.257042129044201,0.6831467728218444,-0.37664628170375786,0,70,255.0,255.0,255.0
1518,75.9,45.70109017949325,8.503684753423082,-34.53736380029209,1.7632126896332492,5.137801030781984,-0.9786738064083944,2.2934430368302157,0.6014759289788891,-0.37491680072983136,0,70,255.0,255.0,255.0
1519,75.95,45.79213278481586,8.761292620355121,-34.58676541599635,1.8787948641694037,5.165833056134852,-0.9973764094205367,2.32984394461623,0.5198050851359337,-0.3731873197559049,0,70,255.0,255.0,255.0
1520,76.0,45.889,9.0202,-34.6371,1.9961970840948589,5.189781539295575,-1.0159925383839827,2.3662448524022377,0.4381342412930138,-0.37145783878197314,0,70,255.0,255.0,255.0
1521,76.05,45.99178130488895,9.280202048127466,-34.688363099681204,2.115328003837547,5.20960645302536,-1.034514458135274,2.3989919373055706,0.3548623078984311,-0.369418951269729,0,70,255.0,255.0,255.0
1522,76.10000000000001,46.10056008962119,9.541091252024753,-34.740549746740605,2.236096277825437,5.22526777008542,-1.0529344335109587,2.431739022208913,0.2715903745038247,-0.3673800637574843,0,70,255.0,255.0,255.0
1523,76.15,46.215418221908934,9.802659431858224,-34.79365484395938,2.358501906058459,5.236765490475746,-1.0712524645110257,2.4644861071122453,0.188318441109242,-0.36534117624524015,0,70,255.0,255.0,255.0
1524,76.2,46.336437569464444,10.064698407794468,-34.84767329411878,2.4825448885366472,5.244099614196343,-1.0894685511354807,2.497233192015578,0.10504650771465929,-0.36330228873299597,0,70,255.0,255.0,255.0
1525,76.25,46.4637,10.327,-34.9026,2.6082252252600027,5.2472701412472125,-1.1075826933843234,2.529980276918927,0.021774574320112094,-0.36126340122075185,0,70,255.0,255.0,255.0
1526,76.3,46.597287991089395,10.589355541354172,-34.958430032683665,2.735579507920954,5.246247834398751,-1.1256049892209299,2.5641910295194346,-0.06266684825857798,-0.3596284322435491,0,70,255.0,255.0,255.0
1527,76.35000000000001,46.737286459752625,10.85155441558777,-35.015159136447956,2.8646443282119685,5.241003456421352,-1.1435455366086813,2.598401782119952,-0.14710827083729205,-0.357993463266346,0,70,255.0,255.0,255.0
1528,76.4,46.88378093287111,11.113385519144204,-35.072783223870395,2.9954196861329714,5.231537007315022,-1.1614043355475676,2.632612534720459,-0.23154969341598214,-0.3563584942891433,0,70,255.0,255.0,255.0
1529,76.45,47.036856937326405,11.374637748467094,-35.13129820752855,3.1279055816839993,5.217848487079755,-1.1791813860375937,2.6668232873209665,-0.31599111599467217,-0.3547235253119406,0,70,255.0,255.0,255.0
1530,76.5,47.1966,11.6351,-35.1907,3.262102014865053,5.199937895715556,-1.1968766880787598,2.7010340399214883,-0.40043253857334804,-0.3530885563347397,0,70,255.0,255.0,255.0
1531,76.55,47.36309473075343,11.894562986455758,-35.25098396958411,3.397953964478492,5.177914209379624,-1.2144575849810226,2.7330439446163775,-0.48051491486399384,-0.35014731975582,0,70,255.0,255.0,255.0
1532,76.60000000000001,47.536422071368456,12.15282468562443,-35.31214330746763,3.5354064093267143,5.151886404229152,-1.231891420054345,2.765053849311276,-0.5605972911546624,-0.34720608317689944,0,70,255.0,255.0,255.0
1533,76.65,47.71666204660671,12.409684891565144,-35.374170660559074,3.6744593494096427,5.121854480264154,-1.2491781932987158,2.797063754006165,-0.6406796674453082,-0.34426484659797973,0,70,255.0,255.0,255.0
1534,76.7,47.90389468122998,12.664943398337241,-35.43705867576701,3.8151127847273147,5.087818437484624,-1.2663179047141406,2.8290736587010548,-0.7207620437359541,-0.34132361001906003,0,70,255.0,255.0,255.0
1535,76.75,48.0982,12.9184,-35.5008,3.9573667152797323,5.049778275890563,-1.28331055430062,2.8610835633959546,-0.8008444200265998,-0.3383823734401421,0,70,255.0,255.0,255.0
1536,76.80000000000001,48.299661885896874,13.169847712822778,-35.565388488979885,4.101452634165056,5.007327328082755,-1.3002286708549555,2.9023531920156715,-0.8971934922853597,-0.3383422887331218,0,70,255.0,255.0,255.0
1537,76.85000000000001,48.50837965477372,13.41905244191477,-35.63082283368158,4.247602034481324,4.960058926662021,-1.3171447831739351,2.9436228206353765,-0.9935425645440923,-0.33830220402610145,0,70,255.0,255.0,255.0
1538,76.9,48.724456480702166,13.665773314595402,-35.69710293389335,4.395814916228576,4.9079730716283505,-1.3340588912575637,2.984892449255082,-1.0898916368028249,-0.3382621193190811,0,70,255.0,255.0,255.0
1539,76.95,48.947995537753734,13.909769458184028,-35.76422868940341,4.546091279406815,4.851069762981744,-1.3509709951058413,3.026162077874787,-1.1862407090615574,-0.3382220346120608,0,70,255.0,255.0,255.0
1540,77.0,49.1791,14.1508,-35.8322,4.698431124016039,4.789349000722202,-1.3678810947187678,3.06743170649451,-1.2825897813202545,-0.33818194990504047,0,70,255.0,255.0,255.0
1541,77.05000000000001,49.417828925659315,14.388615762253398,-35.90101327449642,4.850187498861455,4.7223124782893136,-1.384579731599196,3.002823287320789,-1.3988711159947125,-0.32976352531193015,0,70,255.0,255.0,255.0
1542,77.10000000000001,49.66406490953687,14.622934346716743,-35.97065095780611,4.998713452748143,4.649461889122721,-1.4008574472499637,2.938214868147087,-1.5151524506691372,-0.3213451007188222,0,70,255.0,255.0,255.0
1543,77.15,49.91764643058479,14.853465050053416,-36.041092003867575,5.144008985676148,4.570797233222407,-1.4167142416710763,2.873606448973385,-1.631433785343562,-0.31292667612571434,0,70,255.0,255.0,255.0
1544,77.2,50.178411967755146,15.07991716892673,-36.11231536661938,5.286074097645466,4.486318510588374,-1.4321501148625335,2.808998029799682,-1.747715120017987,-0.3045082515326064,0,70,255.0,255.0,255.0
1545,77.25,50.4462,15.302,-36.1843,5.4249087886561,4.39602572122062,-1.4471650668243354,2.74438961062598,-1.863996454692419,-0.29608982693950736,0,70,255.0,255.0,255.0
1546,77.30000000000001,50.72084161146618,15.519444438163946,-36.25702401303453,5.560069370389307,4.3012147587598895,-1.4617084027483012,2.6620336587010853,-1.9284420437359264,-0.2856436100189872,0,70,255.0,255.0,255.0
1547,77.35000000000001,51.002138307079036,15.73206777121849,-36.33046213509407,5.691112154526232,4.203181516847012,-1.4757294278262367,2.5796777067762138,-1.9928876327794154,-0.27519739309847,0,70,255.0,255.0,255.0
1548,77.4,51.28988419695884,15.939708885191088,-36.40458825063637,5.818037141066914,4.10192599548196,-1.4892281420581466,2.4973217548513422,-2.0573332218229043,-0.26475117617795285,0,70,255.0,255.0,255.0
1549,77.45,51.58387339122575,16.142206666109125,-36.479376244119116,5.940844330011353,3.997448194664733,-1.5022045454440305,2.414965802926471,-2.1217788108663935,-0.2543049592574357,0,70,255.0,255.0,255.0
1550,77.5,51.8839,16.3394,-36.5548,6.059533721359547,3.8897481143953323,-1.5146586379838884,2.3326098510016138,-2.1862243999099036,-0.24385874233691673,0,70,255.0,255.0,255.0
1551,77.55000000000001,52.18975982847633,16.531122485091114,-36.630834673365584,6.174207019581484,3.7785084866710195,-1.5266666574076162,2.254322077874807,-2.263360709061606,-0.23646203461209023,0,70,255.0,255.0,255.0
1552,77.60000000000001,52.50125546214726,16.717186568409513,-36.70746050181767,6.284965929147049,3.6634120434891537,-1.5383048414450995,2.176034304748023,-2.340497018213286,-0.2290653268872658,0,70,255.0,255.0,255.0
1553,77.65,52.818191181580055,16.897399409182377,-36.78465899358697,6.3918104500562745,3.544458784849704,-1.5495731900963416,2.0977465316212385,-2.417633327364966,-0.22166861916244138,0,70,255.0,255.0,255.0
1554,77.7,53.140371267341905,17.071568166636833,-36.8624116569042,6.49474058230916,3.4216487107526707,-1.5604717033613424,2.019458758494454,-2.4947696365166467,-0.21427191143761698,0,70,255.0,255.0,255.0
1555,77.75,53.4676,17.2395,-36.9407,6.593756325905708,3.2949818211980535,-1.571000381240102,1.9411709853676555,-2.571905945668334,-0.206875203712789,0,70,255.0,255.0,255.0
1556,77.80000000000001,53.79968147462891,17.40100322147187,-37.019504493503256,6.6888465512849145,3.164527294555865,-1.5810969676212387,1.862438029799751,-2.646275120018015,-0.19698825153258592,0,70,255.0,255.0,255.0
1557,77.85000000000001,54.136419044332236,17.555890755143658,-37.09880145763532,6.7800001288857,3.0303543091962304,-1.5906992063933625,1.783705074231869,-2.7206442943676747,-0.18710129935238565,0,70,255.0,255.0,255.0
1558,77.9,54.47761587672114,17.703976678079524,-37.17856617501576,6.867217058708092,2.8924628651191133,-1.5998070975564762,1.7049721186639868,-2.7950134687173347,-0.17721434717218537,0,70,255.0,255.0,255.0
1559,77.95,54.823075139406704,17.845075067343593,-37.25877392826415,6.950497340752089,2.7508529623245126,-1.6084206411105801,1.6262391630961046,-2.869382643066994,-0.1673273949919851,0,70,255.0,255.0,255.0
1560,78.0,55.1726,17.979,-37.3394,7.029840975017692,2.6055246008124304,-1.6165398370556738,1.5475062075281585,-2.9437518174166435,-0.15744044281178482,0,70,255.0,255.0,255.0
1561,78.05000000000001,55.525993473008455,18.105565429021606,-37.4204201526215,7.105238775279069,2.456470335105323,-1.624193472107407,1.4684058029262634,-3.0184188108663,-0.1487049592574747,0,70,255.0,255.0,255.0
1562,78.10000000000001,55.88305796052413,18.224584811016012,-37.501812067641126,7.176681555310331,2.303682719725776,-1.6314103329814227,1.389305398324391,-3.0930858043159355,-0.13996947570316706,0,70,255.0,255.0,255.0
1563,78.15,56.24359571153562,18.33587147849963,-37.58355390635,7.2441693151115,2.147161754673747,-1.638190419677723,1.3102049937225184,-3.1677527977655706,-0.13123399214885942,0,70,255.0,255.0,255.0
1564,78.2,56.60740897503141,18.439238763988836,-37.66562383003926,7.307702054682576,1.9869074399492364,-1.6445337321963078,1.2311045891206458,-3.242419791215206,-0.1224985085945518,0,70,255.0,255.0,255.0
1565,78.25,56.9743,18.5345,-37.748,7.367279774023559,1.8229197755522453,-1.6504402705371777,1.1520041845187947,-3.317086784664834,-0.11376302504024594,0,70,255.0,255.0,255.0
1566,78.30000000000001,57.34407023333773,18.621467062441866,-37.83066049601084,7.4228543475989035,1.6551113650226676,-1.6559051439491266,1.0709787584944792,-3.3952496365167484,-0.104831911437664,0,70,255.0,255.0,255.0
1567,78.35000000000001,57.71651791357159,18.69994600079241,-37.913583071800254,7.474377649873016,1.4833948119005425,-1.6609234616809452,0.9899533324701868,-3.4734124883686404,-0.09590079783508462,0,70,255.0,255.0,255.0
1568,78.4,58.091440477136636,18.769741407922034,-37.99674539958426,7.521849680845916,1.3077701161858233,-1.6654952237326346,0.9089279064458943,-3.5515753402205323,-0.08696968423250523,0,70,255.0,255.0,255.0
1569,78.45,58.46863536046779,18.830657876701107,-38.08012515157884,7.565270440517602,1.1282372778785095,-1.6696204301041953,0.8279024804216017,-3.6297381920724243,-0.07803857062992584,0,70,255.0,255.0,255.0
1570,78.5,58.8479,18.8825,-38.1637,7.604639928888073,0.9447962969786013,-1.6732990807956265,0.7468770543973449,-3.7079010439243207,-0.06910745702734111,0,70,255.0,255.0,255.0
1571,78.55000000000001,59.22901439364112,18.925115921211056,-38.247447463335234,7.638911834325416,0.7600602048037763,-1.6765219520961097,0.6239991630960735,-3.6815426430669977,-0.059807394991959854,0,70,255.0,255.0,255.0
1572,78.60000000000001,59.61168878518986,18.958527985814435,-38.33134444515793,7.667039845197688,0.5766420326718699,-1.6792798202948231,0.5011212717948371,-3.655184242209682,-0.05050733295658125,0,70,255.0,255.0,255.0
1573,78.65,59.995615979918085,18.98280208981229,-38.41536769531301,7.689023961504897,0.39454178058282896,-1.6815726853917676,0.37824338049360073,-3.628825841352366,-0.04120727092120263,0,70,255.0,255.0,255.0
1574,78.7,60.380488783097555,18.998004129206763,-38.4994939636454,7.704864183247045,0.2137594485366538,-1.6834005473869431,0.25536548919236435,-3.6024674404950505,-0.03190720888582402,0,70,255.0,255.0,255.0
1575,78.75,60.766,19.0042,-38.5837,7.714560510424133,0.03429503653334442,-1.6847634062803498,0.13248759789112086,-3.5761090396377355,-0.022607146850434745,0,70,255.0,255.0,255.0
1576,78.80000000000001,61.15185059209834,19.001461252713963,-38.66796165064832,7.718602315099425,-0.143512184238019,-1.6856070476664744,0.029184589120561766,-3.5361797912151847,-0.011138508594534947,0,70,255.0,255.0,255.0
1577,78.85000000000001,61.53777414566936,18.989882055949888,-38.75225114756811,7.717478969336191,-0.3193229425882047,-1.6858772571398037,-0.07411841964996796,-3.496250542792645,0.0003301296613615924,0,70,255.0,255.0,255.0
1578,78.9,61.92351240319127,18.969562232828828,-38.83653981916375,7.71119047313443,-0.4931372385172636,-1.685574034700338,-0.17742142842049768,-3.4563212943701056,0.011798767917258132,0,70,255.0,255.0,255.0
1579,78.95,62.30880710714212,18.940601606471848,-38.92079899383959,7.699736826494142,-0.6649550720251957,-1.6846973803480778,-0.2807244371910274,-3.416392045947566,0.02326740617315467,0,70,255.0,255.0,255.0
1580,79.0,62.6934,18.9031,-39.005,7.683118029415327,-0.8347764431120008,-1.6832472940830225,-0.3840274459616211,-3.376462797525024,0.03473604442906009,0,70,255.0,255.0,255.0
1581,79.05000000000001,63.07702963796606,18.857154267933087,-39.08911473407158,7.6611429052768285,-1.0027794678519746,-1.6812578572380406,-0.49497751957813385,-3.343658192072398,0.0448414293702024,0,70,255.0,255.0,255.0
1582,79.10000000000001,63.45942183213306,18.802849390386005,-39.173117364569706,7.633620277457511,-1.1691422623192698,-1.6787631511460022,-0.6059275931946151,-3.3108535866197815,0.05494681431134184,0,70,255.0,255.0,255.0
1583,79.15,63.84029920731709,18.740267378872375,-39.25698262803205,7.600550145957371,-1.3338648265139341,-1.6757631758069067,-0.7168776668110963,-3.2780489811671654,0.06505219925248129,0,70,255.0,255.0,255.0
1584,79.2,64.21938438833408,18.669490244905827,-39.34068526099627,7.561932510776406,-1.4969471604359674,-1.6722579312207544,-0.8278277404275776,-3.245244375714549,0.07515758419362073,0,70,255.0,255.0,255.0
1585,79.25,64.5964,18.5906,-39.4242,7.517767371914617,-1.6583892640853704,-1.6682474173875448,-0.9387778140440872,-3.212439770261936,0.0852629691347655,0,70,255.0,255.0,255.0
1586,79.30000000000001,64.97107165603794,18.503680075553618,-39.507501013065486,7.46823406379331,-1.8181059443543286,-1.6636975233813225,-1.0425545108077623,-3.176227440494948,0.09673279111408645,0,70,255.0,255.0,255.0
1587,79.35000000000001,65.34313692579875,18.408819582506027,-39.59056019415316,7.413511920833834,-1.9760120081348926,-1.6585741382761356,-1.1463312075714078,-3.1400151107279703,0.10820261309340413,0,70,255.0,255.0,255.0
1588,79.4,65.71233636754064,18.306109051681613,-39.6733488687081,7.3536009430361755,-2.132107455427108,-1.6528772620719827,-1.2501079043350534,-3.1038027809609927,0.11967243507272182,0,70,255.0,255.0,255.0
1589,79.45,66.0784105395217,18.195639013904795,-39.75583836217537,7.288501130400336,-2.2863922862309747,-1.6466068947688641,-1.353884601098699,-3.067590451194015,0.13114225705203952,0,70,255.0,255.0,255.0
1590,79.5,66.4411,18.0775,-39.838,7.2182124829263135,-2.4388665005464922,-1.6397630363667792,-1.457661297862316,-3.031378121427039,0.14261207903136608,0,70,255.0,255.0,255.0
1591,79.55000000000001,66.80013893788268,17.95178142985231,-39.919806013666594,7.142352839549954,-2.5895967547308936,-1.6324000492366666,-1.5767244371913833,-2.9978320459476473,0.151907406173067,0,70,255.0,255.0,255.0
1592,79.60000000000001,67.1552360646723,17.81856827958979,-40.00123225881773,7.060540039207163,-2.7386497051412833,-1.6245722957494713,-1.695787576520417,-2.964285970468265,0.16120273331476528,0,70,255.0,255.0,255.0
1593,79.65,67.50609372252059,17.6779444144011,-40.08225549713558,6.972774081897922,-2.886025351777703,-1.6162797759051912,-1.8148507158494502,-2.9307398949888825,0.17049806045646354,0,70,255.0,255.0,255.0
1594,79.7,67.85241425357927,17.529993699474936,-40.16285249030229,6.879054967622229,-3.0317236946401547,-1.607522489703826,-1.9339138551784838,-2.8971938195095,0.17979338759816182,0,70,255.0,255.0,255.0
1595,79.75,68.1939,17.3748,-40.243,6.779382696380085,-3.1757447337286373,-1.598300437145376,-2.052976994507482,-2.8636477440301285,0.1890887147398601,0,70,255.0,255.0,255.0
1596,79.80000000000001,68.53028539243182,17.21247260503696,-40.32267653226826,6.675682578006691,-3.3165630367222865,-1.5887182796720334,-2.095027740427363,-2.7690843757145505,0.19419758419375457,0,70,255.0,255.0,255.0
1597,79.85000000000001,68.86143321551245,17.043222499134675,-40.40186757057601,6.569879922337332,-3.452653171300117,-1.578880678725999,-2.1370784863472325,-2.6745210073989996,0.1993064536476476,0,70,255.0,255.0,255.0
1598,79.9,69.18723834237724,16.867286090713893,-40.48056034274964,6.461974729371979,-3.584015137462171,-1.5687876343072698,-2.1791292322671016,-2.5799576390834487,0.2044153231015406,0,70,255.0,255.0,255.0
1599,79.95,69.50759564616135,16.684899788195406,-40.55874207661551,6.351966999110634,-3.7106489352084475,-1.558439146415846,-2.221179978186971,-2.4853942707678978,0.2095241925554336,0,70,255.0,255.0,255.0
1600,80.0,69.8224,16.4963,-40.6364,6.239856731553295,-3.832554564538947,-1.5478352150517274,-2.2632307241068403,-2.390830902452322,0.2146330620093284,0,70,255.0,255.0,255.0
1601,80.05000000000001,70.13155709239051,16.301724949999635,-40.71352065726049,6.126292848423133,-3.9496230983801315,-1.5369348320751908,-2.279324601098582,-2.2919104511939823,0.22138225705203898,0,70,255.0,255.0,255.0
1602,80.10000000000001,70.4350158732782,16.10142012387134,-40.79008785887834,6.011924271443418,-4.061745609658367,-1.5256969893465218,-2.295418478090319,-2.192989999935671,0.22813145209474764,0,70,255.0,255.0,255.0
1603,80.15,70.73273610797067,15.895632822743202,-40.86608473186593,5.896751000614114,-4.168922098373686,-1.5141216868657175,-2.311512355082056,-2.0940695486773593,0.23488064713745627,0,70,255.0,255.0,255.0
1604,80.2,71.02467756177543,15.684610347743375,-40.941494403235694,5.780773035935225,-4.271152564526091,-1.5022089246327774,-2.327606232073793,-1.9951490974190478,0.24162984218016492,0,70,255.0,255.0,255.0
1605,80.25,71.3108,15.4686,-41.0163,5.663990377406749,-4.368437008115579,-1.4899587026477021,-2.3437001090655443,-1.896228646160715,0.24837903722287358,0,70,255.0,255.0,255.0
1606,80.30000000000001,71.59106143800652,15.24784839496424,-41.09048483868988,5.54629802830062,-4.4608165697573545,-1.4773823920271725,-2.363993855178558,-1.7989538195094887,0.2546733875981925,0,70,255.0,255.0,255.0
1607,80.35000000000001,71.86541289137502,15.02259940537977,-41.16403299391075,5.427590991888873,-4.548332390066545,-1.464491363887881,-2.384287601291566,-1.70167899285829,0.26096773797350964,0,70,255.0,255.0,255.0
1608,80.4,72.13380362574028,14.793096218313154,-41.23692872978668,5.307869268171476,-4.630984469043174,-1.451285618229823,-2.404581347404574,-1.6044041662070914,0.26726208834882675,0,70,255.0,255.0,255.0
1609,80.45,72.39618290673704,14.559582020831023,-41.30915631044175,5.18713285714843,-4.708772806687244,-1.4377651550529997,-2.424875093517582,-1.5071293395558927,0.2735564387241439,0,70,255.0,255.0,255.0
1610,80.5,72.6525,14.3223,-41.3807,5.065381758819732,-4.781697402998755,-1.42392997435741,-2.4451688396305897,-1.4098545129046798,0.2798507890994699,0,70,255.0,255.0,255.0
1611,80.55000000000001,72.90270435558378,14.0814942701431,-41.451543987980074,4.94262703837426,-4.849702622590583,-1.4097755998160386,-2.4650199781871525,-1.3103542707678473,0.2863241925552601,0,70,255.0,255.0,255.0
1612,80.60000000000001,73.14674616122201,13.837412654609349,-41.52167216547873,4.818879761000996,-4.912732830075552,-1.3952975551018818,-2.4848711167437094,-1.210854028631043,0.2927975960110484,0,70,255.0,255.0,255.0
1613,80.65,73.38457578906838,13.59030390400402,-41.59106834898737,4.694139926699903,-4.970788025453681,-1.3804958402149354,-2.5047222553002664,-1.1113537864942389,0.2992709994668367,0,70,255.0,255.0,255.0
1614,80.7,73.61614361127651,13.340416768932457,-41.65971635499734,4.568407535470984,-5.02386820872497,-1.3653704551551997,-2.5245733938568233,-1.0118535443574346,0.305744402922625,0,70,255.0,255.0,255.0
1615,80.75,73.8414,13.088,-41.7276,4.441682587314236,-5.071973379889418,-1.3499213999226747,-2.5444245324133945,-0.9123533022206161,0.31221780637841334,0,70,255.0,255.0,255.0
1616,80.80000000000001,74.06029473965872,12.833300124463028,-41.79470320938992,4.313929818202033,-5.115236939880418,-1.3341552087087043,-2.565686232073526,-0.8181890974189968,0.31842984218025805,0,70,255.0,255.0,255.0
1617,80.85000000000001,74.27277526373719,12.576554776182581,-41.86101034417438,4.185113964106861,-5.153792289631326,-1.3180784157046461,-2.586947931733652,-0.7240248926174042,0.324641877982101,0,70,255.0,255.0,255.0
1618,80.9,74.47878841798632,12.317999365670593,-41.92650587426388,4.055235025028684,-5.1876394291421555,-1.3016910209104962,-2.6082096313937777,-0.6298606878158117,0.3308539137839439,0,70,255.0,255.0,255.0
1619,80.95,74.67828104815698,12.057869303439062,-41.99117426956893,3.924293000967498,-5.2167783584129035,-1.2849930243262537,-2.6294713310539035,-0.5356964830142192,0.33706594958578684,0,70,255.0,255.0,255.0
1620,81.0,74.8712,11.7964,-42.055,3.792287891923307,-5.241209077443573,-1.267984425951919,-2.650733030714054,-0.44153227821260543,0.3432779853876351,0,70,255.0,255.0,255.0
1621,81.05000000000001,75.05749348578165,11.533832432004438,-42.11796717446032,3.659301688817488,-5.26059761788779,-1.2506435653491181,-2.668715093517499,-0.3340093395558722,0.3503564387242447,0,70,255.0,255.0,255.0
1622,81.10000000000001,75.23711518382946,11.270429840660057,-42.180058457823804,3.525416382571535,-5.274610011399165,-1.2329487820794918,-2.6866971563209385,-0.22648640089916952,0.35743489206085227,0,70,255.0,255.0,255.0
1623,81.15,75.41002013898644,11.006461033313432,-42.24125615395715,3.3906319731854095,-5.283246257977704,-1.2149000761430349,-2.7046792191243783,-0.11896346224246684,0.3645133453974599,0,70,255.0,255.0,255.0
1624,81.2,75.57616339609564,10.742194817311198,-42.301542566726994,3.2549484606591124,-5.28650635762341,-1.1964974475397478,-2.7226612819278175,-0.01144052358576414,0.37159179873406745,0,70,255.0,255.0,255.0
1625,81.25,75.7355,10.4779,-42.3609,3.1183658449926437,-5.284390310336281,-1.1777408962696303,-2.7406433447312537,0.09608241507093851,0.3786702520706715,0,70,255.0,255.0,255.0
1626,81.30000000000001,75.88802171721494,10.213830947518868,-42.41931369276889,2.9830874265278995,-5.277764588568443,-1.1588065298947978,-2.670493393857286,0.16894645564255434,0.37870440292245217,0,70,255.0,255.0,255.0
1627,81.35000000000001,76.03386720094521,9.95018426117692,-42.47678062453044,2.851316505606891,-5.267495664772026,-1.139870455977382,-2.6003434429833385,0.2418104962141495,0.37873855377423277,0,70,255.0,255.0,255.0
1628,81.4,76.17321182606801,9.687142101075507,-42.53330070990758,2.72305308222958,-5.253583538947029,-1.1209326745173767,-2.5301934921093907,0.31467453678574464,0.37877270462601337,0,70,255.0,255.0,255.0
1629,81.45,76.30623096746055,9.424886627316058,-42.58887386352314,2.5982971563959665,-5.236028211093453,-1.1019931855147829,-2.4600435412354433,0.38753857735733976,0.378806855477794,0,70,255.0,255.0,255.0
1630,81.5,76.4331,9.1636,-42.6435,2.4770487281060496,-5.214829681211297,-1.0830519889695995,-2.389893590361492,0.4604026179289207,0.3788410063295782,0,70,255.0,255.0,255.0
1631,81.55000000000001,76.55398844535875,8.903454177919729,-42.697178054464224,2.3589566050706448,-5.190600027838424,-1.0640503150717049,-2.333791331053633,0.5087835169857978,0.3812259495860305,0,70,255.0,255.0,255.0
1632,81.60000000000001,76.66904241238984,8.644580314631995,-42.74990304405447,2.2436695950006658,-5.163951329512713,-1.0449293940109932,-2.27768907174579,0.5571644160426612,0.3836108928424821,0,70,255.0,255.0,255.0
1633,81.65,76.77840215674156,8.387099362384367,-42.8016690064126,2.1311876978960784,-5.13488358623416,-1.0256892257874588,-2.221586812437947,0.6055453150995247,0.3859958360989338,0,70,255.0,255.0,255.0
1634,81.7,76.8822079340622,8.13113227342449,-42.85246997918049,2.0215109137568836,-5.103396798002764,-1.006329810401102,-2.1654845531301037,0.6539262141563881,0.3883807793553854,0,70,255.0,255.0,255.0
1635,81.75,76.9806,7.8768,-42.9023,1.914639242583081,-5.0694909648185265,-0.9868511478519224,-2.10938229382225,0.7023071132132586,0.39076572261184594,0,70,255.0,255.0,255.0
1636,81.80000000000001,77.07371890135018,7.624226740801867,-42.951154089374285,1.8105901531893098,-5.032971300077831,-0.9673122098182747,-2.052581281927655,0.7584794764142316,0.39079179873388625,0,70,255.0,255.0,255.0
1637,81.85000000000001,77.16170634949553,7.373549680294841,-42.999031199251725,1.709381114390297,-4.993643017177098,-0.9477719679785305,-1.9957802700330762,0.8146518396151887,0.39081787485592656,0,70,255.0,255.0,255.0
1638,81.9,77.24470434696579,7.124909249386853,-43.04593126444204,1.6110121261860133,-4.951506116116316,-0.9282304223326842,-1.9389792581384973,0.8708242028161457,0.39084395097796687,0,70,255.0,255.0,255.0
1639,81.95,77.32285489629068,6.8784458789859055,-43.09185421975489,1.5154831885764586,-4.906560596895488,-0.908687572880736,-1.8821782462439185,0.9269965660171028,0.3908700271000072,0,70,255.0,255.0,255.0
1640,82.0,77.3963,6.6343,-43.1368,1.4227943015616322,-4.8588064595146125,-0.8891434196226858,-1.825377234349336,0.9831689292180812,0.3908961032220484,0,70,255.0,255.0,255.0
1641,82.05000000000001,77.46518234924062,6.3926108588724615,-43.18076798803868,1.332986782171988,-4.808314771850214,-0.8695648456551878,-1.7669235412356181,1.0364985773573927,0.39224685547769533,0,70,255.0,255.0,255.0
1642,82.10000000000001,77.52964738962815,6.153512964188386,-43.22375535893864,1.2461019474380544,-4.755156601778865,-0.849918734074913,-1.7084698481219172,1.0898282254966893,0.39359760773334185,0,70,255.0,255.0,255.0
1643,82.15,77.58984125539536,5.917139640068052,-43.26575873581928,1.162139797359806,-4.699331949300552,-0.8302050848818558,-1.650016155008216,1.1431578736359858,0.3949483599889884,0,70,255.0,255.0,255.0
1644,82.2,77.64591008077504,5.683624210631807,-43.30677474179995,1.0811003319372425,-4.640840814415273,-0.8104238980760164,-1.5915624618945148,1.1964875217752822,0.39629911224463493,0,70,255.0,255.0,255.0
1645,82.25,77.698,5.4531,-43.3468,1.0029835511703635,-4.57968319712303,-0.7905751736573945,-1.5331087687808136,1.2498171699145786,0.3976498645002824,0,70,255.0,255.0,255.0
1646,82.30000000000001,77.7462573016874,5.225700223707958,-43.385830758471066,0.9277987181225745,-4.5158656125212415,-0.7706364075609919,-1.474284553130062,1.30288621415638,0.39990077935563606,0,70,255.0,255.0,255.0
1647,82.35000000000001,77.79082889199198,5.001557662951371,-43.42386176499373,0.8555550958573439,-4.449394575707381,-0.7505850957218274,-1.4154603374793266,1.3559552583981662,0.4021516942109891,0,70,255.0,255.0,255.0
1648,82.4,77.83186183145284,4.78080499034078,-43.46088739228087,0.7862526843746499,-4.380270086681433,-0.7304212381398955,-1.3566361218285916,1.4090243026399523,0.4044026090663421,0,70,255.0,255.0,255.0
1649,82.45,77.86950318060914,4.563574878486788,-43.496902013045336,0.7198914836744925,-4.308492145443394,-0.7101448348151956,-1.2978119061778566,1.4620933468817385,0.4066535239216952,0,70,255.0,255.0,255.0
1650,82.5,77.9039,4.35,-43.5319,0.6564714937568717,-4.234060751993268,-0.6897558857477282,-1.2389876905271224,1.5151623911235035,0.40890443877704463,0,70,255.0,255.0,255.0
1651,82.55000000000001,77.9351964440098,4.140214646295399,-43.565877778077116,0.595818345337586,-4.156878778064735,-0.6693775241007982,-1.1871382462437556,1.5721165660171097,0.40623002709996897,0,70,255.0,255.0,255.0
1652,82.60000000000001,77.96352504240399,3.9343595840059007,-43.598839981086485,0.5377576691324853,-4.076849095391544,-0.6491328830377278,-1.1352888019604037,1.6290707409106997,0.40355561542289414,0,70,255.0,255.0,255.0
1653,82.65,77.98901541879329,3.732577198568679,-43.63079329505729,0.4822894651415521,-3.993971703973674,-0.6290219625585111,-1.0834393576770516,1.68602491580429,0.40088120374581926,0,70,255.0,255.0,255.0
1654,82.7,78.01179719678836,3.5350098754209673,-43.66174440601873,0.4294137333647863,-3.9082466038111248,-0.6090447626631482,-1.0315899133936997,1.74297909069788,0.3982067920687444,0,70,255.0,255.0,255.0
1655,82.75,78.032,3.3418,-43.6917,0.3791304738021881,-3.8196737949038972,-0.589201283351639,-0.9797404691103493,1.7999332655914557,0.3955323803916704,0,70,255.0,255.0,255.0
1656,82.80000000000001,78.04976332227339,3.153084391110162,-43.720660529220496,0.33203190052705356,-3.728587275219708,-0.5691174960357307,-0.9042024618946032,1.843527521775293,0.40781911224447687,0,70,255.0,255.0,255.0
1657,82.85000000000001,78.06526613839205,2.9689776010248163,-43.74860151066036,0.28871022761271903,-3.6353210427263525,-0.548419372127188,-0.8286644546788786,1.887121777959118,0.4201058440972799,0,70,255.0,255.0,255.0
1658,82.9,78.078697293374,2.7895886153843676,-43.77549222748999,0.24916545505917045,-3.5398750974238067,-0.5271069116260052,-0.753126447463154,1.930716034142943,0.4323925759500829,0,70,255.0,255.0,255.0
1659,82.95,78.09024563223731,2.6150264198292756,-43.80130196287975,0.21339758286640786,-3.4422494393120693,-0.5051801145321821,-0.6775884402474295,1.974310290326768,0.44467930780288595,0,70,255.0,255.0,255.0
1660,83.0,78.1001,2.4454,-43.826,0.18140661103443131,-3.342444068391141,-0.4826389808457191,-0.6020504330317056,2.0179045465105787,0.4569660396556898,0,70,255.0,255.0,255.0
1661,83.05000000000001,78.10844386689662,2.280793389263699,-43.849555305040944,0.1528700525541879,-3.2419561210563113,-0.45946449175627774,-0.5394119061777711,2.001613346881708,0.4700135239217537,0,70,255.0,255.0,255.0
1662,83.10000000000001,78.11543920402781,2.1211908118946488,-43.87193557627208,0.1274654204166487,-3.1422827337029533,-0.43563762845353987,-0.47677337932385444,1.985322147252842,0.4830610081878139,0,70,255.0,255.0,255.0
1663,83.15,78.12124260771066,1.9665515398937305,-43.893108194982744,0.10519271462180517,-3.0434239063310384,-0.4111583909374991,-0.41413485246993775,1.9690309476239758,0.4961084924538741,0,70,255.0,255.0,255.0
1664,83.2,78.12601067426236,1.816834845261872,-43.91304054246228,0.0860519351696573,-2.9453796389405666,-0.3860267792081553,-0.35149632561602107,1.9527397479951096,0.5091559767199343,0,70,255.0,255.0,255.0
1665,83.25,78.1299,1.672,-43.9317,0.0700430820602051,-2.8481499315315384,-0.36024279326550857,-0.28885779876210393,1.9364485483662506,0.5222034609859953,0,70,255.0,255.0,255.0
1666,83.30000000000001,78.13304601014015,1.532023651834821,-43.94906945061576,0.05589588925629863,-2.750692240554913,-0.3347365369391334,-0.27702991339402594,1.9618590906978923,0.49804679206877916,0,70,255.0,255.0,255.0
1667,83.35000000000001,78.13549944549678,1.3969519513964268,-43.96519378425135,0.04234009072079998,-2.651964022461733,-0.31043811405862604,-0.2652020280259513,1.987269633029527,0.4738901231515699,0,70,255.0,255.0,255.0
1668,83.4,78.13728987578335,1.266848425040606,-43.980133392579056,0.029375686453705016,-2.551965277251971,-0.2873475246239791,-0.2533741426578766,2.0126801753611616,0.4497334542343606,0,70,255.0,255.0,255.0
1669,83.45,78.1384468707133,1.1417765991231872,-43.99394866727117,0.017002676455013754,-2.450696004925628,-0.2654647686351926,-0.24154625728980195,2.0380907176927963,0.4255767853171513,0,70,255.0,255.0,255.0
1670,83.5,78.139,1.0218,-44.0067,0.005221060724726196,-2.3481562054827037,-0.24478984609226634,-0.22971837192172728,2.0635012600244202,0.4014201163999429,0,70,255.0,255.0,255.0
1671,83.55000000000001,78.13898329254287,0.9069800033968292,-44.018443692496035,-0.005701609579503616,-2.2444749167239006,-0.2250773604871913,-0.20718844024736585,2.0837502903267486,0.38707930780288,0,70,255.0,255.0,255.0
1672,83.60000000000001,78.1384486139851,0.797369382519508,-44.029219686722556,-0.015497783300012478,-2.139781176450011,-0.20608191531197484,-0.18465850857301083,2.1039993206290717,0.37273849920582125,0,70,255.0,255.0,255.0
1673,83.65,78.13745228915592,0.6930187599437588,-44.03906383470106,-0.02416746043680365,-2.0340749846610056,-0.18780351056661126,-0.16212857689865579,2.1242483509313943,0.3583976906087625,0,70,255.0,255.0,255.0
1674,83.7,78.1360506428845,0.5939787582453375,-44.04801198845305,-0.03171064098987714,-1.927356341356884,-0.1702421462511006,-0.13959864522430077,2.1444973812337174,0.3440568820117037,0,70,255.0,255.0,255.0
1675,83.75,78.1343,0.5003,-44.0561,-0.03812732495923293,-1.8196252465376463,-0.15339782236544286,-0.11706871354994575,2.164746411536033,0.32971607341464537,0,70,255.0,255.0,255.0
1676,83.80000000000001,78.1322560196884,0.4120275345777095,-44.06336537940013,-0.04345745093836916,-1.711216092549343,-0.13737002111207183,-0.09613632561545508,2.171619747995118,0.31139597672004954,0,70,255.0,255.0,255.0
1677,83.85000000000001,78.12997169856277,0.3291841185254321,-44.069852268858455,-0.04774095752077956,-1.602463271738116,-0.122258224693435,-0.07520393768097036,2.178493084454201,0.2930758800254589,0,70,255.0,255.0,255.0
1678,83.9,78.12749936759293,0.25178693518428963,-44.07560646861672,-0.050977844706465776,-1.493366784103935,-0.10806243310952761,-0.05427154974648564,2.185366420913284,0.27475578333086836,0,70,255.0,255.0,255.0
1679,83.95,78.12489135774874,0.17985316789542966,-44.080673778916655,-0.05316811249542781,-1.3839266296468002,-0.0947826463603497,-0.03333916181200093,2.192239757372367,0.25643568663627775,0,70,255.0,255.0,255.0
1680,84.0,78.1222,0.1134,-44.0851,-0.054311760887665685,-1.274142808366711,-0.08241886444590131,-0.012406773877516375,2.199113093831447,0.23811558994168758,0,70,255.0,255.0,255.0
1681,84.05000000000001,78.11947822870353,0.05246665829221611,-44.08892918990346,-0.05437258666686491,-1.1626927130785794,-0.07086655506443135,0.009973742709548043,2.2588907176928053,0.22397678531700618,0,70,255.0,255.0,255.0
1682,84.10000000000001,78.11678139176382,-0.00281945662131832,-44.092198437843635,-0.05331438661671111,-1.048253736597412,-0.06002118591419858,0.0323542592966061,2.3186683415541465,0.2098379806923288,0,70,255.0,255.0,255.0
1683,84.15,78.11416544047235,-0.05230890068096803,-44.09494309083206,-0.05113716073720448,-0.9308258789231779,-0.04988275699519965,0.054734775883664155,2.3784459654154873,0.19569917606765141,0,70,255.0,255.0,255.0
1684,84.2,78.11168632612058,-0.09585222982707972,-44.097198495880335,-0.04784090902834501,-0.8104091400558768,-0.04045126830743455,0.07711529247072221,2.4382235892768285,0.18156037144297404,0,70,255.0,255.0,255.0
1685,84.25,78.1094,-0.1333,-44.099,-0.043425631490132705,-0.6870035199955088,-0.03172671985090328,0.09949580905777988,2.4980012131381706,0.16742156681829667,0,70,255.0,255.0,255.0
1686,84.30000000000001,78.10735746549753,-0.1645821677466527,-44.100386660986025,-0.038188202394292,-0.5653730551361849,-0.023931758630153614,0.11000135477580066,2.3672173812336808,0.14437688201161905,0,70,255.0,255.0,255.0
1687,84.35000000000001,78.10558993438201,-0.18994629204021207,-44.10141237976701,-0.03242549601255185,-0.4502817818721187,-0.017289031649739814,0.12050690049381844,2.2364335493292278,0.12133219720494796,0,70,255.0,255.0,255.0
1688,84.4,78.10412367051771,-0.209719332460449,-44.102134768055,-0.026137512344910845,-0.3417297002032748,-0.011798538909659508,0.13101244621183622,2.105649717424775,0.09828751239827689,0,70,255.0,255.0,255.0
1689,84.45,78.10298493776894,-0.22422824858712465,-44.102611437562,-0.019324251391368973,-0.23971681012965318,-0.007460280409912685,0.141517991929854,1.9748658855203223,0.0752428275916058,0,70,255.0,255.0,255.0
1690,84.5,78.1022,-0.2338,-44.1029,-0.011985713151926244,-0.14424311165125375,-0.004274256150499356,0.1520235376478718,1.8440820536158689,0.05219814278493468,0,70,255.0,255.0,255.0
1691,84.55000000000001,78.10177510930635,-0.23889718730564505,-44.103053766152435,-0.005322603756014645,-0.06344706637653211,-0.001982410414967864,0.11450083818853155,1.3877597573722622,0.03947568663630415,0,70,255.0,255.0,255.0
1692,84.60000000000001,78.10163647070819,-0.24052497521785776,-44.103108843088286,-0.0005356293330715809,-0.005467135914009227,-0.00032668748686842317,0.07697813872920196,0.9314374611287852,0.026753230487677235,0,70,255.0,255.0,255.0
1693,84.65,78.10169027745683,-0.23982416947724877,-44.103097036947915,0.0023752101169051115,0.02969667973634109,0.000692912633799708,0.03945543926987237,0.47511516488530825,0.014030774339050318,0,70,255.0,255.0,255.0
1694,84.7,78.10184272280365,-0.23793557582442668,-44.1030501538717,0.0034099145939154325,0.0420443805745189,0.0010763899470365278,0.0019327398105427884,0.018792868641831273,0.001308318190423402,0,70,255.0,255.0,255.0
1695,84.75,78.102,-0.236,-44.103,0.002568484097959374,0.031575966600524134,0.0008237444528420403,-0.03558995964878682,-0.4375294276016458,-0.011414137958203511,0,70,255.0,255.0,255.0
1696,84.80000000000001,78.10208769727707,-0.23492188303077635,-44.102971874404226,0.0010146174184964083,0.012473320642399921,0.00032540028996377575,-0.026564707529717672,-0.32657641072314897,-0.00851962855692254,0,70,255.0,255.0,255.0
1697,84.85000000000001,78.10210898278528,-0.23466020708836088,-44.102965047879835,-8.798665501274778e-05,-0.0010816744717951233,-2.8218402850327417e-05,-0.017539455410651085,-0.21562339384468363,-0.005625119155642391,0,70,255.0,255.0,255.0
1698,84.9,78.102086419655,-0.2349375896305571,-44.10297228415334,-0.0007393281225686003,-0.009089018742067221,-0.0002371116256004314,-0.008514203291584501,-0.10467037696621828,-0.002730609754362243,0,70,255.0,255.0,255.0
1699,84.95,78.10204257101647,-0.23547664811516889,-44.10298634695123,-0.0009394069841711498,-0.01154871216841636,-0.000301279378286536,0.0005110488274820829,0.0062826399122470344,0.00016389964691790673,0,70,255.0,255.0,255.0
1700,85.0,78.102,-0.236,-44.103,-0.0006882232398203951,-0.008460754750842545,-0.00022072166090864173,0.009536300946548676,0.11723565679071236,0.0030584090481980543,0,70,255.0,255.0,255.0
1701,85.05000000000001,78.10197650158544,-0.23628888057124978,-44.10300753623068,-0.0002718659179126631,-0.0033422161930655126,-8.719074491264685e-05,0.007117991929756817,0.0875058855203224,0.0022828275916405255,0,70,255.0,255.0,255.0
1702,85.10000000000001,78.1019707981507,-0.23635899642869862,-44.103009365392374,2.3575953155381625e-05,0.00028983380119086384,7.561098255441331e-06,0.004699682912965645,0.0577761142499409,0.0015072461350832175,0,70,255.0,255.0,255.0
1703,85.15,78.10197684392324,-0.23628467200052267,-44.10300742643873,0.00019810237338387473,0.00243539523192825,6.353386859566632e-05,0.0022813738961744738,0.028046342979559394,0.0007316646785259094,0,70,255.0,255.0,255.0
1704,85.2,78.10198859313051,-0.2361402317148978,-44.103003658323395,0.00025171334277281586,0.0030944680991466435,8.072756610802808e-05,-0.0001369351206166984,-0.001683428290822117,-4.3916778031399036e-05,0,70,255.0,255.0,255.0
1705,85.25,78.102,-0.236,-44.103,0.00018440886132220572,0.002267052402846045,5.914219079252666e-05,-0.002555244137407868,-0.03141319956120365,-0.0008194982345887074,0,70,255.0,255.0,255.0
1706,85.30000000000001,78.1020062963812,-0.23592259468422455,-44.10299798067308,7.284625315424399e-05,0.0008955441298621254,2.3362689686811748e-05,-0.0019072601893095871,-0.023447131358140666,-0.0006116818096395637,0,70,255.0,255.0,255.0
1707,85.35000000000001,78.10200782461195,-0.23590380719684453,-44.10299749055068,-6.3171576087784595e-06,-7.766073296833458e-05,-2.0259901714378794e-06,-0.0012592762412114906,-0.015481063155079945,-0.000403865384690479,0,70,255.0,255.0,255.0
1708,85.4,78.10200620465208,-0.23592372236735218,-44.102998010091746,-5.308137096689795e-05,-0.0006525621856457808,-1.7023848782233852e-05,-0.0006112922931133941,-0.007514994952019224,-0.0001960489597413943,0,70,255.0,255.0,255.0
1709,85.45,78.10200305646147,-0.2359624250252399,-44.1029990197552,-6.744638692011436e-05,-0.0008291602281702139,-2.1630886145576183e-05,3.669165498470248e-05,0.00045107325104149637,1.176746520769028e-05,0,70,255.0,255.0,255.0
1710,85.5,78.102,-0.236,-44.103,-4.941220546842792e-05,-0.0006074548605416339,-1.5847102261464896e-05,0.000684675603082799,0.008417141454102214,0.00021958389015677484,0,70,255.0,255.0,255.0
1711,85.55000000000001,78.10199831288975,-0.2360207406918519,-44.10300054107702,-1.9519094704312793e-05,-0.00023996032638298894,-6.2600138346001264e-06,0.0005110488274815342,0.006282639912240243,0.0001638996469177288,0,70,255.0,255.0,255.0
1712,85.60000000000001,78.10199790340155,-0.23602577478392317,-44.10300067240492,1.6926772797323211e-06,2.080913068247417e-05,5.428624303101689e-07,0.00033742205188031865,0.004148138370378878,0.00010821540367869855,0,70,255.0,255.0,255.0
1713,85.65,78.1019983374685,-0.23602043853006854,-44.10300053319431,1.4223110483717162e-05,0.0001748535106548751,4.561526533269114e-06,0.0001637952762791031,0.0020136368285175133,5.253116043966831e-05,0,70,255.0,255.0,255.0
1714,85.7,78.10199918102363,-0.2360100681841426,-44.103000262655804,1.807220490764169e-05,0.00022217281353421403,5.795978474276702e-06,-9.831499322112379e-06,-0.00012086471334385104,-3.153082799361946e-06,0,70,255.0,255.0,255.0
1715,85.75,78.102,-0.236,-44.103,1.3239960551505963e-05,0.00016276703932049109,4.2462182533329375e-06,-0.00018345827492332787,-0.0022553662552052146,-5.883732603839217e-05,0,70,255.0,255.0,255.0
1716,85.80000000000001,78.10200045205983,-0.2359944425483678,-44.10299985501885,5.230125663007215e-06,6.42971756698305e-05,1.6773656515887597e-06,-0.0001369351206165492,-0.001683428290820313,-4.3916778031351575e-05,0,70,255.0,255.0,255.0
1717,85.85000000000001,78.10200056178186,-0.23599309366746266,-44.10299981982964,-4.535515101507844e-07,-5.575789761562713e-06,-1.4545954980280622e-07,-9.041196630978376e-05,-0.0011114903264355742,-2.8996230024315216e-05,0,70,255.0,255.0,255.0
1718,85.9,78.10200044547398,-0.23599452351237366,-44.10299985713102,-3.8110709679706456e-06,-4.68518569737206e-05,-1.222257350842596e-06,-4.388881200301833e-05,-0.0005395523620508353,-1.4075682017278858e-05,0,70,255.0,255.0,255.0
1719,85.95,78.10200021944407,-0.23599730223818974,-44.102999929621596,-4.842432710452371e-06,-5.9531025966643125e-05,-1.5530277515306125e-06,2.634342303747117e-06,3.238560233390347e-05,8.448659897575045e-07,0,70,255.0,255.0,255.0
1720,86.0,78.102,-0.236,-44.103,-3.547636737595945e-06,-4.3613296740330384e-05,-1.137770751866853e-06,4.915749661051259e-05,0.0006043235667186426,1.576541399679385e-05,0,70,255.0,255.0,255.0
1721,86.05000000000001,78.10199987887094,-0.2360014891146768,-44.10300003884758,-1.401407947716074e-06,-1.7228376296333115e-05,-4.49448771754912e-07,3.669165498466274e-05,0.00045107325104100805,1.1767465207677525e-05,0,70,255.0,255.0,255.0
1722,86.10000000000001,78.10199984947101,-0.23600185054622605,-44.103000048276506,1.2152876087081843e-07,1.4940283637764422e-06,3.897576890105681e-08,2.4225813358816424e-05,0.00029782293536341703,7.769516418562337e-06,0,70,255.0,255.0,255.0
1723,86.15,78.10199988063562,-0.23600146742043682,-44.10300003828163,1.0211733881654307e-06,1.2553917240006889e-05,3.2750287010127726e-07,1.1759971732970112e-05,0.00014457261968582602,3.7715676294471485e-06,0,70,255.0,255.0,255.0
1724,86.2,78.10199994120015,-0.2360007228630984,-44.10300001885785,1.2975259341677635e-06,1.5951290332358222e-05,4.161325318457502e-07,-7.058698928761979e-07,-8.677695991764992e-06,-2.2638115966804135e-07,0,70,255.0,255.0,255.0
1725,86.25,78.102,-0.236,-44.103,9.505863988778163e-07,1.168614764083044e-05,3.0486475413447456e-07,-1.31717115187225e-05,-0.00016192801166935595,-4.224329948783231e-06,0,70,255.0,255.0,255.0
1726,86.30000000000001,78.10200003245644,-0.2359996009929249,-44.10299998959082,3.7550612785707906e-07,4.616329515501956e-06,1.2042943543088867e-07,-9.831499322101759e-06,-0.00012086471334371915,-3.1530827993585265e-06,0,70,255.0,255.0,255.0
1727,86.35000000000001,78.10200004033412,-0.23599950414763315,-44.10299998706435,-3.2563533332490845e-08,-4.003236935430884e-07,-1.0443525801420231e-08,-6.491287125481966e-06,-7.980141501809405e-05,-2.0818356499341267e-06,0,70,255.0,255.0,255.0
1728,86.4,78.10200003198361,-0.23599960680587898,-44.10299998974247,-2.736225846910804e-07,-3.363811986306995e-06,-8.775412956251217e-08,-3.1510749288621727e-06,-3.8738116692468914e-05,-1.0105885005097265e-06,0,70,255.0,255.0,255.0
1729,86.45,78.10200001575538,-0.23599980630941653,-44.10299999494706,-3.4767102621869015e-07,-4.274135362789764e-06,-1.115023758523871e-07,1.8913726775761866e-07,2.325181633156204e-06,6.065864891467364e-08,0,70,255.0,255.0,255.0
1730,86.5,78.102,-0.236,-44.103,-2.5470885791531997e-07,-3.1312938229913862e-06,-8.168826467104522e-08,3.529349464377411e-06,4.3388479958781335e-05,1.1319057983390726e-06,0,70,255.0,255.0,255.0
1731,86.55000000000001,78.10199999130333,-0.23600010691362353,-44.10300000278913,-1.0061656371224224e-07,-1.2369417656747051e-06,-3.226896996864264e-08,2.6343423037442965e-06,3.2385602333868684e-05,8.448659897565809e-07,0,70,255.0,255.0,255.0
1732,86.60000000000001,78.1019999891925,-0.23600013286324126,-44.1030000034661,8.725372459144843e-09,1.0726641039591435e-07,2.79833430462416e-09,1.7393351431114366e-06,2.138272470895916e-05,5.578261811741708e-07,0,70,255.0,255.0,255.0
1733,86.65,78.10199999143003,-0.23600010535604715,-44.103000002748495,7.33169505988915e-08,9.013307052210896e-07,2.3513648148771267e-08,8.443279824785768e-07,1.0379847084049636e-05,2.7078637259176075e-07,0,70,255.0,255.0,255.0
1734,86.7,78.10199999577837,-0.2360000518992354,-44.10300000135393,9.315817070699776e-08,1.1452511188008178e-06,2.987697156379868e-08,-5.067917815428309e-08,-6.230305408598842e-07,-1.6253435990649418e-08,0,70,255.0,255.0,255.0
1735,86.75,78.102,-0.236,-44.103,6.824903278346355e-08,8.390276511351049e-07,2.1888304549706378e-08,-9.456863387871425e-07,-1.1625908165769413e-05,-3.032932445730597e-07,0,70,255.0,255.0,255.0
1736,86.80000000000001,78.10200000233027,-0.2359999713525809,-44.10299999925266,2.696012699188991e-08,3.314375471968641e-07,8.646444443681949e-09,-7.058698928754275e-07,-8.677695991755599e-06,-2.2638115966779698e-07,0,70,255.0,255.0,255.0
1737,86.85000000000001,78.10200000289586,-0.23599996439940177,-44.102999999071265,-2.33795650408862e-09,-2.8741948040570764e-08,-7.498114170763409e-10,-4.6605344696378064e-07,-5.729483817742622e-06,-1.4946907476255613e-07,0,70,255.0,255.0,255.0
1738,86.9,78.10200000229632,-0.23599997176993223,-44.10299999926354,-1.9645217704485496e-08,-2.4151083457736535e-07,-6.300463032572813e-09,-2.2623700105213373e-07,-2.781271643729645e-06,-7.255698985731528e-08,0,70,255.0,255.0,255.0
1739,86.95,78.1020000011312,-0.23599998609364176,-44.10299999963722,-2.4961656609300715e-08,-3.068691124135193e-07,-8.00551040280746e-09,1.3579444859513278e-08,1.6694053028333284e-07,4.355095047925563e-09,0,70,255.0,255.0,255.0
1740,87.0,78.102,-0.236,-44.103,-1.8287273218534277e-08,-2.2481678154903312e-07,-5.8649535277802926e-09,2.5339589077115997e-07,3.1151527042963097e-06,8.126717995316633e-08,0,70,255.0,255.0,255.0
1741,87.05000000000001,78.10199999937561,-0.23600000767605278,-44.10300000020025,-7.223944255317413e-09,-8.880842311275187e-08,-2.3168078060851464e-09,1.891372677574139e-07,2.3251816331537034e-06,6.065864891460726e-08,0,70,255.0,255.0,255.0
1742,87.10000000000001,78.10199999922406,-0.23600000953915154,-44.103000000248855,6.264535572096383e-10,7.701381766368269e-09,2.0091136368124214e-10,1.248786447436861e-07,1.5352105620113216e-06,4.005011787605403e-08,0,70,255.0,255.0,255.0
1743,87.15,78.1019999993847,-0.23600000756422385,-44.10300000019733,5.263920219050483e-09,6.471263308837155e-08,1.6882039815200295e-09,6.06200217299583e-08,7.452394908689397e-07,1.9441586837500812e-08,0,70,255.0,255.0,255.0
1744,87.2,78.10199999969691,-0.23600000372619745,-44.10300000009721,6.6884557302051235e-09,8.222533085325797e-08,2.1450700474312125e-09,-3.6386012837694895e-09,-4.4731580273442106e-08,-1.1669442010524105e-09,0,70,255.0,255.0,255.0
1745,87.25,78.102,-0.236,-44.103,4.900060090673558e-09,6.023947506102755e-08,1.5715095614147936e-09,-6.78972242974973e-08,-8.34702651415824e-07,-2.1775475239605643e-08,0,70,255.0,255.0,255.0
1746,87.30000000000001,78.10200000016732,-0.23599999794320783,-44.10299999994634,1.9356500293797493e-09,2.379614525414332e-08,6.207867806586362e-10,-5.067917815422809e-08,-6.230305408592137e-07,-1.625343599063201e-08,0,70,255.0,255.0,255.0
1747,87.35000000000001,78.10200000020792,-0.23599999744399203,-44.10299999993332,-1.6785772474992777e-10,-2.0635790249021492e-09,-5.383403764862456e-11,-3.346113201096376e-08,-4.1135843030266363e-07,-1.0731396741659948e-08,0,70,255.0,255.0,255.0
1748,87.4,78.10200000016488,-0.2359999979731723,-44.10299999994712,-1.410463171716437e-09,-1.7339697776120693e-08,-4.5235289350729775e-10,-1.6243085867699445e-08,-1.9968631974611352e-07,-5.209357492687886e-09,0,70,255.0,255.0,255.0
1749,87.45,78.10200000008122,-0.2359999990015684,-44.10299999997396,-1.7921663115197793e-09,-2.2032210999512367e-08,-5.747697869173834e-10,9.74960275564879e-10,1.1985790810436642e-08,3.12681756284175e-10,0,70,255.0,255.0,255.0
1750,87.5,78.102,-0.236,-44.103,-1.3129671441599535e-09,-1.614111869507709e-08,-4.210847178788818e-10,1.81930064188292e-08,2.2365790136698702e-07,5.834721005256241e-09,0,70,255.0,255.0,255.0
1751,87.55000000000001,78.10199999995517,-0.23600000055111578,-44.10300000001438,-5.186558622015827e-10,-6.376157903821395e-09,-1.6633931654939804e-10,1.3579444859498408e-08,1.6694053028315195e-07,4.355095047920793e-09,0,70,255.0,255.0,255.0
1752,87.60000000000001,78.1019999999443,-0.23600000068488025,-44.103000000017865,4.4977341790068604e-11,5.529343332403329e-10,1.4424786913255603e-11,8.965883300168927e-09,1.1022315919933297e-07,2.875469090585765e-09,0,70,255.0,255.0,255.0
1753,87.65,78.10199999995582,-0.2360000005430868,-44.10300000001417,3.7793246781525904e-10,4.646158016111276e-09,1.2120759250916218e-10,4.352321740839447e-09,5.3505788115514014e-08,1.3958431332507376e-09,0,70,255.0,255.0,255.0
1754,87.7,78.10199999997825,-0.23600000026752893,-44.10300000000698,4.802095158739886e-10,5.9035131447914296e-09,1.5400910023832138e-10,-2.612398184900329e-10,-3.2115829683049655e-09,-8.378282408428952e-11,0,70,255.0,255.0,255.0
1755,87.75,78.102,-0.236,-44.103,3.51808485966257e-10,4.324999719280802e-09,1.128293101007335e-10,-4.874801377819516e-09,-5.992895405212384e-08,-1.5634087814193179e-09,0,70,255.0,255.0,255.0
1756,87.80000000000001,78.10200000001201,-0.23599999985232895,-44.10299999999615,1.389734194265817e-10,1.708486361142263e-09,4.457048553895609e-11,-3.638601283765559e-09,-4.473158027339393e-08,-1.1669442010511578e-09,0,70,255.0,255.0,255.0
1757,87.85000000000001,78.10200000001494,-0.23599999981648687,-44.10299999999521,-1.2051642410347556e-11,-1.4815830805918773e-10,-3.86511000439787e-12,-2.402401189711954e-09,-2.9534206494668337e-08,-7.704796206831103e-10,0,70,255.0,255.0,255.0
1758,87.9,78.10200000001184,-0.23599999985448028,-44.1029999999962,-1.0126669954459994e-10,-1.2449342883244026e-09,-3.2477476529350566e-11,-1.1662010956583485e-09,-1.4336832715942744e-08,-3.740150403150629e-10,0,70,255.0,255.0,255.0
1759,87.95,78.10200000000583,-0.23599999992831583,-44.10299999999813,-1.286717519761758e-10,-1.581841579653379e-09,-4.126661403590202e-11,6.999899839525685e-11,8.605410627828492e-10,2.2449540052984515e-11,0,70,255.0,255.0,255.0
1760,88.0,78.102,-0.236,-44.103,-9.426679970507455e-11,-1.1588801820461237e-09,-3.0232522524052255e-11,1.3061990924488638e-09,1.605791484150845e-08,4.1891412042103183e-10,0,70,255.0,255.0,255.0
1761,88.05000000000001,78.10199999999678,-0.23600000003956834,-44.10300000000103,-3.7237815504744276e-11,-4.5778754074765684e-10,-1.1942625606426316e-11,9.74960275563828e-10,1.1985790810423847e-08,3.126817562838394e-10,0,70,255.0,255.0,255.0
1762,88.10000000000001,78.10199999999601,-0.23600000004917218,-44.10300000000128,3.2292278513212885e-12,3.969889899642104e-11,1.0356531043358612e-12,6.437214586788865e-10,7.913666779340402e-09,2.0644939214667717e-10,0,70,255.0,255.0,255.0
1763,88.15,78.10199999999683,-0.23600000003899185,-44.10300000000102,2.713433036314071e-11,3.335791371863385e-10,8.702313608240225e-12,3.1248264179394497e-10,3.841542748256958e-09,1.0021702800951491e-10,0,70,255.0,255.0,255.0
1764,88.2,78.10199999999843,-0.2360000000192077,-44.103000000000506,3.447749203071401e-11,4.238531738220945e-10,1.105735590528679e-11,-1.875617509099676e-11,-2.3058128282648748e-10,-6.0153361276472985e-12,0,70,255.0,255.0,255.0
1765,88.25,78.102,-0.236,-44.103,2.5258712854041117e-11,3.1052100890369124e-10,8.10077999547553e-12,-3.499949919759384e-10,-4.302705313909928e-09,-1.1224770026480959e-10,0,70,255.0,255.0,255.0
1766,88.30000000000001,78.10200000000087,-0.2359999999893977,-44.102999999999724,9.977842592395371e-12,1.226638018483643e-10,3.2000168867491782e-12,-2.6123981848975255e-10,-3.2115829683014417e-09,-8.37828240841999e-11,0,70,255.0,255.0,255.0
1767,88.35000000000001,78.10200000000108,-0.23599999998682433,-44.10299999999966,-8.652689949376258e-13,-1.06372879264958e-11,-2.775024129455799e-13,-1.724846450035919e-10,-2.120460622693265e-09,-5.531794790359832e-11,0,70,255.0,255.0,255.0
1768,88.4,78.10200000000086,-0.23599999998955215,-44.10299999999973,-7.270621907962843e-12,-8.938226042095019e-11,-2.3317779036103376e-12,-8.372947151743129e-11,-1.0293382770850886e-09,-2.6853071722996722e-11,0,70,255.0,255.0,255.0
1769,88.45,78.10200000000042,-0.2359999999948533,-44.10299999999987,-9.238216146680277e-12,-1.1357111563499875e-10,-2.962809585245098e-12,5.0257019687293625e-12,6.178406852308835e-11,1.6118044576048605e-12,0,70,255.0,255.0,255.0
1770,88.5,78.102,-0.236,-44.103,-6.7680517110899355e-12,-8.320385356864154e-11,-2.1705974578498614e-12,9.378087545488995e-11,1.1529064141312655e-09,3.0076680638206436e-11,0,70,255.0,255.0,255.0
1771,88.55000000000001,78.10199999999976,-0.23600000000284088,-44.10300000000007,-2.6735548648371993e-12,-3.2867666645800476e-11,-8.574419405703974e-13,6.999899839518227e-11,8.605410627819191e-10,2.2449540052960177e-11,0,70,255.0,255.0,255.0
1772,88.60000000000001,78.1019999999997,-0.23600000000353039,-44.1030000000001,2.3184812842922566e-13,2.850252709561861e-12,7.435654744645571e-14,4.621712133548134e-11,5.681757114326558e-10,1.482239946771608e-11,0,70,255.0,255.0,255.0
1773,88.65,78.10199999999978,-0.23600000000279947,-44.10300000000007,1.9481572687106725e-12,2.3949904497461872e-11,6.247980062011258e-13,2.243524427578041e-11,2.758103600833926e-10,7.1952588824719895e-12,0,70,255.0,255.0,255.0
1774,88.7,78.10199999999989,-0.23600000000137902,-44.10300000000004,2.4753725560071407e-12,3.0431288717899545e-11,7.938824356936137e-13,-1.346632783920509e-12,-1.655499126587069e-11,-4.318817027721045e-13,0,70,255.0,255.0,255.0
1775,88.75,78.102,-0.236,-44.103,1.8134939903186265e-12,2.2294405370874888e-11,5.816098359239183e-13,-2.512850984362146e-11,-3.0892034261513416e-10,-8.059022288016199e-12,0,70,255.0,255.0,255.0
1776,88.80000000000001,78.10200000000006,-0.2359999999992388,-44.10299999999998,7.16376866953427e-13,8.806864734837583e-12,2.297508755324128e-13,-1.8756175090976543e-11,-2.3058128282623535e-10,-6.015336127640822e-12,0,70,255.0,255.0,255.0
1777,88.85000000000001,78.10200000000007,-0.23599999999905402,-44.10299999999998,-6.212351877927833e-14,-7.637229117517271e-13,-1.9923776840244232e-14,-1.2383840338333434e-11,-1.5224222303735877e-10,-3.971649967266026e-12,0,70,255.0,255.0,255.0
1778,88.9,78.10200000000006,-0.23599999999924987,-44.10299999999999,-5.220071668798459e-13,-6.417357568897429e-12,-1.674141211941673e-13,-6.011505585690325e-12,-7.390316324848218e-11,-1.9279638068912303e-12,0,70,255.0,255.0,255.0
1779,88.95,78.10200000000005,-0.23599999999963048,-44.102999999999994,-6.632740773482767e-13,-8.154039236599522e-12,-2.127201575293563e-13,3.608291669527804e-13,4.43589654039435e-12,1.157223534835657e-13,0,70,255.0,255.0,255.0
1780,89.0,78.102,-0.236,-44.103,-4.859242501845702e-13,-5.97376791485801e-12,-1.5584188584581167e-13,6.7331639195958875e-12,8.277495632927091e-11,2.1594085138583593e-12,0,70,255.0,255.0,255.0
1781,89.05000000000001,78.10199999999999,-0.23600000000020394,-44.10300000000001,-1.9195260297650853e-13,-2.3597922935498646e-12,-6.156156155925337e-14,5.0257019687239034e-12,6.178406852302204e-11,1.6118044576031152e-12,0,70,255.0,255.0,255.0
1782,89.10000000000001,78.10199999999999,-0.23600000000025348,-44.103,1.664594668788731e-14,2.0463893744501836e-13,5.338559914521399e-15,3.318240017852405e-12,4.0793180716779126e-11,1.064200401348027e-12,0,70,255.0,255.0,255.0
1783,89.15,78.10199999999999,-0.23600000000020097,-44.10300000000001,1.39871398808713e-13,1.7195257781278155e-12,4.485847857554328e-14,1.6107780669809063e-12,1.9802292910536214e-11,5.165963450929386e-13,0,70,255.0,255.0,255.0
1784,89.2,78.10199999999999,-0.236000000000099,-44.103,1.7772375338596874e-13,2.184868228498529e-12,5.69981944238123e-14,-9.668388389059232e-14,-1.188594895706685e-12,-3.100771116214984e-14,0,70,255.0,255.0,255.0
1785,89.25,78.102,-0.236,-44.103,1.302030104196544e-13,1.6006662885571556e-12,4.175770745932844e-14,-1.804145834762091e-12,-2.217948270194959e-11,-5.786117674172381e-13,0,70,255.0,255.0,255.0
1786,89.30000000000001,78.102,-0.23599999999994534,-44.103,5.1433544952607377e-14,6.323044393618731e-13,1.6495370704600785e-14,-1.3466327839190736e-12,-1.6554991265852905e-11,-4.318817027716384e-13,0,70,255.0,255.0,255.0
1787,89.35000000000001,78.102,-0.2359999999999321,-44.102999999999994,-4.46026797227093e-15,-5.483283802835586e-14,-1.4304628178411578e-15,-8.89119733076186e-13,-1.0930499829757813e-11,-2.851516381260804e-13,0,70,255.0,255.0,255.0
1788,89.4,78.102,-0.23599999999994611,-44.103,-3.747842835500615e-14,-4.607455436138463e-13,-1.201979310800563e-14,-4.3160668223329875e-13,-5.3060083936627256e-12,-1.3842157348052246e-13,0,70,255.0,255.0,255.0
1789,89.45,78.102,-0.23599999999997345,-44.103,-4.762093619559831e-14,-5.854336773945982e-13,-1.527262016589263e-14,2.590636860958888e-14,3.184830424323639e-13,8.308491165035575e-15,0,70,255.0,255.0,255.0
1790,89.5,78.102,-0.236,-44.103,-3.488779149404745e-14,-4.288972393706122e-13,-1.1188943991502125e-14,4.834194194524759e-13,5.942974478527447e-12,1.5503855581059356e-13,0,70,255.0,255.0,255.0
1791,89.55000000000001,78.102,-0.23600000000001464,-44.103,-1.3781576833920998e-14,-1.694254638976277e-13,-4.41992125914978e-15,3.6082916695239023e-13,4.435896540389574e-12,1.1572235348343869e-13,0,70,255.0,255.0,255.0
1792,89.60000000000001,78.102,-0.23600000000001817,-44.103,1.195125201196389e-15,1.469241466840449e-14,3.832913568432892e-16,2.382389144523394e-13,2.92881860225213e-12,7.6406151156295e-14,0,70,255.0,255.0,255.0
1793,89.65,78.102,-0.23600000000001442,-44.103,1.0042314611311587e-14,1.234563963275687e-13,3.2206938564792846e-15,1.1564866195228855e-13,1.421740664114686e-12,3.7089948829151307e-14,0,70,255.0,255.0,255.0
1794,89.7,78.10200000000002,-0.23600000000000712,-44.103,1.2759991396424582e-14,1.5686648107986515e-13,4.092286239758208e-15,-6.941590547762291e-15,-8.533727402275776e-14,-2.2262534979923833e-15,0,70,255.0,255.0,255.0
1795,89.75,78.102,-0.236,-44.103,9.348155556535407e-15,1.1492266892529348e-13,2.998068506680057e-15,-1.295318430478131e-13,-1.5924152121602023e-12,-4.1542455825136086e-14,0,70,255.0,255.0,255.0
1796,89.80000000000001,78.102,-0.23599999999999607,-44.103,3.6927623830766e-15,4.539741622863767e-14,1.1843143319983345e-15,-9.668388389048773e-14,-1.1885948957053977e-12,-3.100771116211631e-14,0,70,255.0,255.0,255.0
1797,89.85000000000001,78.102,-0.23599999999999513,-44.103,-3.202328325146566e-16,-3.936820645262155e-15,-1.0270260953198795e-16,-6.383592473317169e-14,-7.847745792507079e-13,-2.047296649909953e-14,0,70,255.0,255.0,255.0
1798,89.9,78.102,-0.2359999999999961,-44.103,-2.6908300902402046e-15,-3.308004169642863e-14,-8.629823179115022e-16,-3.0987965575855646e-14,-3.809542627960181e-13,-9.938221836082748e-15,0,70,255.0,255.0,255.0
1799,89.95,78.102,-0.23599999999999807,-44.103,-3.4190293901000457e-15,-4.20322469248618e-14,-1.0965247931402058e-15,1.859993581460411e-15,2.2866053658671573e-14,5.965228269340274e-16,0,70,255.0,255.0,255.0
1800,90.0,78.102,-0.236,-44.103,-2.5048307320941744e-15,-3.079343633056166e-14,-8.033300352181032e-16,3.4707952738776455e-14,4.2668637011336106e-13,1.1131267489950801e-14,0,70,255.0,255.0,255.0
1801,90.05000000000001,78.102,-0.23600000000000104,-44.103,-9.89472698385403e-16,-1.2164201016923004e-14,-3.173360688435583e-16,2.590636860956062e-14,3.184830424320158e-13,8.308491165026573e-15,0,70,255.0,255.0,255.0
1802,90.10000000000001,78.102,-0.2360000000000013,-44.103,8.580612886223343e-17,1.054867912644172e-15,2.751908128466513e-17,1.7104784480347283e-14,2.102797147507013e-13,5.485714840103148e-15,0,70,255.0,255.0,255.0
1803,90.15,78.102,-0.23600000000000101,-44.103,7.210057496492277e-16,8.86377045814593e-15,2.312354151667254e-16,8.303200351133946e-15,1.020763870693868e-13,2.662938515179723e-15,0,70,255.0,255.0,255.0
1804,90.2,78.102,-0.23600000000000051,-44.103,9.161261639755806e-16,1.1262506619582258e-14,2.9381293280262223e-16,-4.983837780793905e-16,-6.126940611927725e-15,-1.598378097437025e-16,0,70,255.0,255.0,255.0
1805,90.25,78.102,-0.236,-44.103,6.711673718412919e-16,8.251076396953192e-15,2.152516341923561e-16,-9.299967907292724e-15,-1.1433026829324222e-13,-2.9826141346671273e-15,0,70,255.0,255.0,255.0
1806,90.30000000000001,78.102,-0.2359999999999997,-44.103,2.651284104650126e-16,3.2593878390543608e-15,8.502994337589861e-17,-6.941590547754754e-15,-8.533727402266562e-14,-2.2262534979899883e-15,0,70,255.0,255.0,255.0
1807,90.35000000000001,78.102,-0.23599999999999965,-44.103,-2.2991682934276258e-17,-2.8265100531450877e-16,-7.373715606672462e-18,-4.5832131882174544e-15,-5.6344279752097244e-14,-1.4698928613130639e-15,0,70,255.0,255.0,255.0
1808,90.4,78.102,-0.23599999999999968,-44.103,-1.9319290835670665e-16,-2.375040136155044e-15,-6.195934275539941e-17,-2.2248358286801545e-15,-2.7351285481528882e-14,-7.135322246361399e-16,0,70,255.0,255.0,255.0
1809,90.45,78.102,-0.23599999999999985,-44.103,-2.454752658022789e-16,-3.0177795534672393e-15,-7.872693807028235e-17,1.335415308571462e-16,1.6417087890394796e-15,4.282841204078458e-17,0,70,255.0,255.0,255.0
1810,90.5,78.102,-0.236,-44.103,-1.7983875527099318e-16,-2.2108692572511054e-15,-5.767650155132125e-17,2.4919188903944437e-15,3.063470305960785e-14,7.991890487177085e-16,0,70,255.0,255.0,255.0
1811,90.55000000000001,78.102,-0.23600000000000007,-44.103,-7.104094347464732e-17,-8.733503392944381e-16,-2.2783704660036115e-17,1.8599935814584013e-15,2.286605365864668e-14,5.965228269333793e-16,0,70,255.0,255.0,255.0
1812,90.60000000000001,78.102,-0.23600000000000007,-44.103,6.160602874871781e-18,7.573610861386789e-17,1.9757811420246438e-18,1.2280682725225383e-15,1.509740425768772e-14,3.9385660514910765e-16,0,70,255.0,255.0,255.0
1813,90.65,78.102,-0.23600000000000007,-44.103,5.176588377759951e-17,6.363900864742476e-16,1.6601955854872398e-17,5.961429635866753e-16,7.32875485672876e-15,1.9119038336483599e-16,0,70,255.0,255.0,255.0
1814,90.7,78.102,-0.23600000000000002,-44.103,6.577489923353593e-17,8.086115942867022e-16,2.1094819478507163e-17,-3.5782345349187636e-17,-4.3989454423019966e-16,-1.1475838419435629e-17,0,70,255.0,255.0,255.0
1815,90.75,78.102,-0.236,-44.103,4.8187649242680926e-17,5.924006320512298e-16,1.5454372012928923e-17,-6.677076542850504e-16,-8.208543945189166e-15,-2.1414206020370717e-16,0,70,255.0,255.0,255.0
1816,90.80000000000001,78.102,-0.23599999999999996,-44.103,1.9035363433576785e-17,2.3401351812339175e-16,6.104875264245884e-18,-4.983837780788501e-16,-6.126940611921096e-15,-1.5983780974352934e-16,0,70,255.0,255.0,255.0
1817,90.85000000000001,78.102,-0.23599999999999996,-44.103,-1.6507285652107391e-18,-2.029342914096159e-17,-5.294089614261476e-19,-3.29059901872698e-16,-4.0453372786536165e-15,-1.0553355928336696e-16,0,70,255.0,255.0,255.0
1818,90.9,78.102,-0.23599999999999996,-44.103,-1.3870626753691148e-17,-1.7052020974194695e-16,-4.448480664090213e-18,-1.5973602566654579e-16,-1.963733945386138e-15,-5.122930882320459e-17,0,70,255.0,255.0,255.0
1819,90.95,78.102,-0.236,-44.103,-1.7624331131864406e-17,-2.166668236795642e-16,-5.652339843746312e-18,9.587850539606316e-18,1.1786938788134107e-16,3.0749416369578113e-18,0,70,255.0,255.0,255.0
1820,91.0,78.102,-0.236,-44.103,-1.2911841699730555e-17,-1.587332709538137e-16,-4.140986500394449e-18,1.7891172674575852e-16,2.1994727211488194e-15,5.73791920971202e-17,0,70,255.0,255.0,255.0
1821,91.05000000000001,78.102,-0.236,-44.103,-5.100510259659822e-18,-6.27037331991287e-17,-1.6357963969474214e-18,1.3354153085699977e-16,1.6417087890377067e-15,4.282841204073813e-17,0,70,255.0,255.0,255.0
1822,91.10000000000001,78.102,-0.23600000000000002,-44.103,4.423113859712055e-19,5.437607949978902e-18,1.4185470367993532e-19,8.817133496825391e-17,1.0839448569267527e-15,2.8277631984360196e-17,0,70,255.0,255.0,255.0
1823,91.15,78.102,-0.236,-44.103,3.716623237165066e-18,4.569075249354041e-17,1.1919668014884362e-18,4.2801139079508055e-17,5.261809248157984e-16,1.3726851927982256e-17,0,70,255.0,255.0,255.0
1824,91.2,78.102,-0.236,-44.103,4.722425293921765e-18,5.805570043155571e-17,1.514539896478082e-18,-2.5690568092378014e-18,-3.1583007295155565e-17,-8.239281283956782e-19,0,70,255.0,255.0,255.0
1825,91.25,78.102,-0.236,-44.103,3.459717556241297e-18,4.253245176402496e-17,1.1095739886488736e-18,-4.7939252697983695e-17,-5.8934693940611e-16,-1.5374708184773615e-17,0,70,255.0,255.0,255.0
1826,91.30000000000001,78.102,-0.236,-44.103,1.3666776050625053e-18,1.6801414673123113e-17,4.383103235438018e-19,-3.5782345349148945e-17,-4.398945442297298e-16,-1.1475838419423152e-17,0,70,255.0,255.0,255.0
1827,91.35000000000001,78.102,-0.236,-44.103,-1.1851697867407523e-19,-1.457002658953892e-18,-3.800985329359486e-20,-2.3625438000317643e-17,-2.904421490533921e-16,-7.576968654073798e-18,0,70,255.0,255.0,255.0
1828,91.4,78.102,-0.236,-44.103,-9.958661949691246e-19,-1.2242800232214443e-17,-3.19386541863535e-19,-1.1468530651486348e-17,-1.4098975387705442e-16,-3.6780988887244434e-18,0,70,255.0,255.0,255.0
1829,91.45,78.102,-0.236,-44.103,-1.2653700438226433e-18,-1.555597804665854e-17,-4.058197421660186e-19,6.883766973449508e-19,8.462641299283258e-18,2.2077087662491073e-19,0,70,255.0,255.0,255.0
1830,91.5,78.102,-0.236,-44.103,-9.270285252346328e-19,-1.1396536102286167e-17,-2.973094542010454e-19,1.2845284046176248e-17,1.57915036475621e-16,4.1196406419742626e-18,0,70,255.0,255.0,255.0
1831,91.55000000000001,78.102,-0.236,-44.103,-3.6620016059019916e-19,-4.501925493363752e-18,-1.1744489722778582e-19,9.587850539595996e-18,1.178693878812129e-16,3.0749416369544856e-18,0,70,255.0,255.0,255.0
1832,91.60000000000001,78.102,-0.236,-44.103,3.175652872509485e-20,3.9040268583669525e-19,1.0184709494444185e-20,6.330417033016669e-18,7.782373928681619e-17,2.030242631935005e-18,0,70,255.0,255.0,255.0
1833,91.65,78.102,-0.236,-44.103,2.6684154271143173e-19,3.280448435317424e-18,8.557936596570309e-20,3.072983526437342e-18,3.777809069241947e-17,9.855436269155249e-19,0,70,255.0,255.0,255.0
1834,91.7,78.102,-0.236,-44.103,3.3905488136881158e-19,4.168211755078428e-18,1.0873907218599097e-19,-1.8444998014198345e-19,-2.26755790197722e-18,-5.915537810395549e-20,0,70,255.0,255.0,255.0
1835,91.75,78.102,-0.236,-44.103,2.4839654469723453e-19,3.053692645119713e-18,7.966382815530797e-20,-3.4418834867213106e-18,-4.231320649637392e-17,-1.1038543831234355e-18,0,70,255.0,255.0,255.0
1836,91.80000000000001,78.102,-0.236,-44.103,9.812303729829132e-20,1.206287300331901e-18,3.1469265367341405e-20,-2.5690568092350515e-18,-3.158300729512175e-17,-8.239281283947888e-19,0,70,255.0,255.0,255.0
1837,91.85000000000001,78.102,-0.236,-44.103,-8.509136226304945e-21,-1.0460808439288348e-19,-2.728984684181901e-21,-1.6962301317490405e-18,-2.085280809387263e-17,-5.440018736662216e-19,0,70,255.0,255.0,255.0
1838,91.9,78.102,-0.236,-44.103,-7.149997587660305e-20,-8.789935090552428e-19,-2.2930921999277648e-20,-8.234034542630292e-19,-1.012260889262351e-17,-2.6407561893765446e-19,0,70,255.0,255.0,255.0
1839,91.95,78.102,-0.236,-44.103,-9.084948165260314e-20,-1.1168689736551776e-18,-2.913654657794582e-20,4.9423223222981427e-20,6.075903086256098e-19,1.5850635790912755e-20,0,70,255.0,255.0,255.0
1840,92.0,78.102,-0.236,-44.103,-6.655765355430525e-20,-8.182344781926861e-19,-2.1345858420186503e-20,9.222499007089916e-19,1.1337789509874728e-17,2.957768905194796e-19,0,70,255.0,255.0,255.0
1841,92.05000000000001,78.102,-0.236,-44.103,-2.629198860296609e-20,-3.2322370796385204e-19,-8.432164241579827e-21,6.883766973442086e-19,8.46264129927413e-18,2.2077087662467e-19,0,70,255.0,255.0,255.0
1842,92.10000000000001,78.102,-0.236,-44.103,2.2800161801248093e-21,2.802965173484e-20,7.312292422834418e-22,4.54503493979492e-19,5.5874930886743514e-18,1.457648627298817e-19,0,70,255.0,255.0,255.0
1843,92.15,78.102,-0.236,-44.103,1.9158360794980544e-20,2.355256009035512e-19,6.1443220314075104e-21,2.206302906147755e-19,2.7123448780745723e-18,7.075884883509341e-20,0,70,255.0,255.0,255.0
1844,92.2,78.102,-0.236,-44.103,2.4343045241601085e-20,2.992641395422818e-19,7.807114125792381e-21,-1.324291274994091e-20,-1.628033325252083e-19,-4.247165059694907e-21,0,70,255.0,255.0,255.0
1845,92.25,78.102,-0.236,-44.103,1.7834069519986536e-20,2.192452676510313e-19,5.719605525438055e-21,-2.4711611611465744e-19,-3.0379515431249874e-18,-7.925317895448317e-20,0,70,255.0,255.0,255.0
1846,92.30000000000001,78.102,-0.236,-44.103,7.044917113573044e-21,8.66075315235072e-20,2.259391598977905e-21,-1.8444998014178411e-19,-2.2675579019747702e-18,-5.915537810389136e-20,0,70,255.0,255.0,255.0
1847,92.35000000000001,78.102,-0.236,-44.103,-6.109284941943384e-22,-7.510522546476021e-21,-1.9593228495187098e-22,-1.2178384416892858e-19,-1.4971642608247716e-18,-3.9057577253305273e-20,0,70,255.0,255.0,255.0
1848,92.4,78.102,-0.236,-44.103,-5.133467303319118e-21,-6.31088945589615e-20,-1.6463661263523998e-21,-5.911770819607305e-20,-7.267706196747734e-19,-1.8959776402719182e-20,0,70,255.0,255.0,255.0
1849,92.45,78.102,-0.236,-44.103,-6.522699313801303e-21,-8.018758451394917e-20,-2.091909925223682e-21,3.5484277767825005e-21,4.362302147522498e-20,1.1380244478669218e-21,0,70,255.0,255.0,255.0
1850,92.5,78.102,-0.236,-44.103,-4.7786245256408926e-21,-5.874659241143919e-20,-1.532563681565714e-21,6.621456374963801e-20,8.140166626252234e-19,2.1235825298453013e-20,0,70,255.0,255.0,255.0
1851,92.55000000000001,78.102,-0.236,-44.103,-1.8876798513260937e-21,-2.3206418130176756e-20,-6.054021543317926e-22,4.9423223222927663e-20,6.075903086249505e-19,1.585063579089541e-20,0,70,255.0,255.0,255.0
1852,92.60000000000001,78.102,-0.236,-44.103,1.636977966525342e-22,2.012438451063981e-21,5.2499897524038566e-23,3.263188269622209e-20,4.011639546247363e-19,1.0465446283339333e-20,0,70,255.0,255.0,255.0
1853,92.65,78.102,-0.236,-44.103,1.375508418295931e-21,1.6909977332294602e-20,4.411424740020814e-22,1.5840542169516527e-20,1.947376006245221e-19,5.080256775783259e-21,0,70,255.0,255.0,255.0
1854,92.7,78.102,-0.236,-44.103,1.7477520136040956e-21,2.1486198513515074e-20,5.605255751023357e-22,-9.507983571890444e-22,-1.1688753375692109e-20,-3.0493273177281634e-22,0,70,255.0,255.0,255.0
1855,92.75,78.102,-0.236,-44.103,1.2804285825770338e-21,1.574110199472545e-20,4.1064920082480135e-22,-1.774213888389459e-20,-2.1811510737590622e-19,-5.69012223932889e-21,0,70,255.0,255.0,255.0
1856,92.80000000000001,78.102,-0.236,-44.103,5.058022917313284e-22,6.2181409971998276e-21,1.6221701834926575e-22,-1.3242912749926575e-20,-1.6280333252503206e-19,-4.247165059690274e-21,0,70,255.0,255.0,255.0
1857,92.85000000000001,78.102,-0.236,-44.103,-4.3862692415800704e-23,-5.392312577799302e-22,-1.4067305144282762e-23,-8.743686615959837e-21,-1.0749155767417361e-19,-2.8042078800520687e-21,0,70,255.0,255.0,255.0
1858,92.9,78.102,-0.236,-44.103,-3.6856636986460562e-22,-4.531014770216925e-21,-1.182037696559252e-22,-4.244460481993098e-21,-5.2179782823315186e-20,-1.361250700413863e-21,0,70,255.0,255.0,255.0
1859,92.95,78.102,-0.236,-44.103,-4.683087406150862e-22,-5.757209540111155e-21,-1.5019237518566124e-22,2.547656519736378e-22,3.131992027543261e-21,8.170647922434276e-23,0,70,255.0,255.0,255.0
1860,93.0,78.102,-0.236,-44.103,-3.4308980466724333e-22,-4.217815567462619e-21,-1.1003312173349144e-22,4.753991785940378e-21,5.84437668784017e-20,1.5246636588625475e-21,0,70,255.0,255.0,255.0
1861,93.05000000000001,78.102,-0.236,-44.103,-1.3552931559922058e-22,-1.6661458586225495e-21,-4.346591906527037e-23,3.548427776778645e-21,4.362302147517788e-20,1.1380244478656901e-21,0,70,255.0,255.0,255.0
1862,93.10000000000001,78.102,-0.236,-44.103,1.1752973010668567e-23,1.444865800557516e-22,3.7693230530927524e-24,2.3428637676172548e-21,2.880227607195828e-20,7.513852368689425e-22,0,70,255.0,255.0,255.0
1863,93.15,78.102,-0.236,-44.103,9.875706116249165e-23,1.2140817485731148e-21,3.16726046216196e-23,1.1372997584558647e-21,1.3981530668738678e-20,3.6474602587219494e-22,0,70,255.0,255.0,255.0
1864,93.2,78.102,-0.236,-44.103,1.2548294885624856e-22,1.5426396469295387e-21,4.0243925640310203e-23,-6.826425070552498e-23,-8.392147344809233e-22,-2.1893185124552648e-23,0,70,255.0,255.0,255.0
1865,93.25,78.102,-0.236,-44.103,9.193063609193947e-23,1.1301602751250264e-21,2.948328610916445e-23,-1.2738282598669147e-21,-1.565996013770053e-20,-4.085323961213004e-22,0,70,255.0,255.0,255.0
1866,93.30000000000001,78.102,-0.236,-44.103,3.6314970665553914e-23,4.464424372903718e-22,1.1646657911815735e-23,-9.507983571880018e-22,-1.1688753375679434e-20,-3.04932731772486e-22,0,70,255.0,255.0,255.0
1867,93.35000000000001,78.102,-0.236,-44.103,-3.1491996268734035e-24,-3.8715062443073203e-23,-1.0099870680882199e-24,-6.277684545091809e-22,-7.717546613659469e-21,-2.01333067423701e-22,0,70,255.0,255.0,255.0
1868,93.4,78.102,-0.236,-44.103,-2.6461874785360608e-23,-3.25312224075531e-22,-8.486648830553214e-24,-3.047385518303599e-22,-3.7463398516395e-21,-9.773340307491601e-23,0,70,255.0,255.0,255.0
1869,93.45,78.102,-0.236,-44.103,-3.362305480990764e-23,-4.133490476070018e-22,-1.078332737557926e-23,1.829135084846116e-23,2.2486691038046516e-22,5.866261273868956e-24,0,70,255.0,255.0,255.0
1870,93.5,78.102,-0.236,-44.103,-2.46327397005146e-23,-3.028255330374863e-22,-7.900022703166353e-24,3.4132125352728204e-22,4.196073672400431e-21,1.0946592562265397e-22,0,70,255.0,255.0,255.0
1871,93.55000000000001,78.102,-0.236,-44.103,-9.73056706299508e-24,-1.1962389053893725e-22,-3.120712581992573e-24,2.5476565197336323e-22,3.1319920275398648e-21,8.170647922425376e-23,0,70,255.0,255.0,255.0
1872,93.60000000000001,78.102,-0.236,-44.103,8.438254968251254e-25,1.037366971654201e-23,2.706252192601139e-25,1.6821005041946896e-22,2.0679103826796007e-21,5.394703282586144e-23,0,70,255.0,255.0,255.0
1873,93.65,78.102,-0.236,-44.103,7.090437978950863e-24,8.716714772901107e-23,2.2739907005932648e-24,8.165444886557474e-23,1.003828737819337e-21,2.6187586427469134e-23,0,70,255.0,255.0,255.0
1874,93.7,78.102,-0.236,-44.103,9.00927038338213e-24,1.1075654349847e-22,2.889383862006879e-24,-4.901152688319523e-24,-6.025290704092757e-23,-1.5718599709231765e-24,0,70,255.0,255.0,255.0
1875,93.75,78.102,-0.236,-44.103,6.600322710118943e-24,8.114185702491872e-23,2.116804703500959e-24,-9.145675424221372e-23,-1.1243345519011907e-21,-2.933130636931547e-23,0,70,255.0,255.0,255.0
1876,93.80000000000001,78.102,-0.236,-44.103,2.6072975864264132e-24,3.205312486537726e-23,8.361924161545536e-25,-6.826425070545114e-23,-8.392147344800213e-22,-2.1893185124529097e-23,0,70,255.0,255.0,255.0
1877,93.85000000000001,78.102,-0.236,-44.103,-2.261023604270832e-25,-2.779616423094626e-24,-7.25138089522435e-26,-4.5071747168695143e-23,-5.540949170589329e-22,-1.445506387974484e-23,0,70,255.0,255.0,255.0
1878,93.9,78.102,-0.236,-44.103,-1.8998771304428454e-24,-2.3356366840512892e-23,-6.093139718198487e-25,-2.187924363193915e-23,-2.689750996378446e-22,-7.016942634960583e-24,0,70,255.0,255.0,255.0
1879,93.95,78.102,-0.236,-44.103,-2.414026723620872e-24,-2.967712638687754e-23,-7.74208072448262e-25,1.3132599048168498e-24,1.6144717783243803e-23,4.211786098236734e-25,0,70,255.0,255.0,255.0
1880,94.0,78.102,-0.236,-44.103,-1.7685511399611697e-24,-2.1741895062188593e-23,-5.671961108374841e-25,2.450576344157282e-23,3.012645352043323e-22,7.859299854607926e-24,0,70,255.0,255.0,255.0
1881,94.05000000000001,78.102,-0.236,-44.103,-6.986232827105728e-25,-8.588608922571774e-24,-2.2405708262564185e-25,1.829135084844133e-23,2.248669103802208e-22,5.866261273862641e-24,0,70,255.0,255.0,255.0
1882,94.10000000000001,78.102,-0.236,-44.103,6.058394488320733e-26,7.447959758364917e-25,1.943001654885835e-26,1.2076938255311605e-23,1.4846928555613098e-22,3.8732226931179215e-24,0,70,255.0,255.0,255.0
1883,94.15,78.102,-0.236,-44.103,5.090705428205193e-25,6.258319633040481e-24,1.632651866861282e-25,5.862525662181882e-24,7.207166073204116e-23,1.880184112373203e-24,0,70,255.0,255.0,255.0
1884,94.2,78.102,-0.236,-44.103,6.468365111013621e-25,7.951962049040191e-24,2.074484277861681e-25,-3.5188693094784345e-25,-4.325964092048629e-24,-1.1285446837151555e-25,0,70,255.0,255.0,255.0
1885,94.25,78.102,-0.236,-44.103,4.738818497257369e-25,5.825723223835647e-24,1.5197973984897742e-25,-6.566299524077568e-24,-8.072358891613838e-23,-2.105893049116234e-24,0,70,255.0,255.0,255.0
1886,94.30000000000001,78.102,-0.236,-44.103,1.8719554441587785e-25,2.3013108249098415e-24,6.003591434801407e-26,-4.901152688314185e-24,-6.025290704086181e-23,-1.571859970921464e-24,0,70,255.0,255.0,255.0
1887,94.35000000000001,78.102,-0.236,-44.103,-1.6233419105747087e-26,-1.9956748025133745e-25,-5.206257243189953e-27,-3.2360058525512765e-24,-3.9782225165591057e-23,-1.0378268927268457e-24,0,70,255.0,255.0,255.0
1888,94.4,78.102,-0.236,-44.103,-1.3640504083923145e-25,-1.676911691649037e-24,-4.374677492466458e-26,-1.5708590167883678e-24,-1.93115432903203e-23,-5.037938145322272e-25,0,70,255.0,255.0,255.0
1889,94.45,78.102,-0.236,-44.103,-1.7331932078457484e-25,-2.130721809283258e-24,-5.558563869640981e-26,9.428781897454016e-26,1.1591385849504429e-24,3.023926366239104e-26,0,70,255.0,255.0,255.0
1890,94.5,78.102,-0.236,-44.103,-1.2697625894177782e-25,-1.5609978331539982e-24,-4.072284855842561e-26,1.7594346547374492e-24,2.16298204602212e-23,5.642723418570094e-25,0,70,255.0,255.0,255.0
1891,94.55000000000001,78.102,-0.236,-44.103,-5.0158894952938827e-26,-6.16634377067593e-25,-1.6086574766414423e-26,1.3132599048154116e-24,1.6144717783226423e-23,4.211786098232142e-25,0,70,255.0,255.0,255.0
1892,94.60000000000001,78.102,-0.236,-44.103,4.3497315397809e-27,5.347394516885989e-26,1.3950124239014294e-27,8.67085154893501e-25,1.0659615106233207e-23,2.780848777894596e-25,0,70,255.0,255.0,255.0
1893,94.65,78.102,-0.236,-44.103,3.6549620536406335e-26,4.493271335556674e-25,1.172191301252996e-26,4.209104049715903e-25,5.17451242923999e-24,1.3499114575570498e-25,0,70,255.0,255.0,255.0
1894,94.7,78.102,-0.236,-44.103,4.6440772036937555e-26,5.709251880928287e-25,1.4894126999471172e-26,-2.526434495032015e-26,-3.1059024775322473e-25,-8.102586278049534e-27,0,70,255.0,255.0,255.0
1895,94.75,78.102,-0.236,-44.103,3.402318604137449e-26,4.182681087803462e-25,1.0911654384725052e-26,-4.714390948722307e-25,-5.7956929247464456e-24,-1.5119631831180405e-25,0,70,255.0,255.0,255.0
1896,94.80000000000001,78.102,-0.236,-44.103,1.3440035395877474e-26,1.6522668336052993e-25,4.31038471764362e-27,-3.5188693094746265e-25,-4.3259640920439065e-24,-1.1285446837139316e-25,0,70,255.0,255.0,255.0
1897,94.85000000000001,78.102,-0.236,-44.103,-1.1655070533764768e-27,-1.4328300424102195e-26,-3.7379245241577066e-28,-2.3233476702272856e-25,-2.8562352593417843e-24,-7.451261843099315e-26,0,70,255.0,255.0,255.0
1898,94.9,78.102,-0.236,-44.103,-9.793441306394066e-27,-1.2039684257363228e-25,-3.1408771254552722e-27,-1.1278260309799452e-25,-1.3865064266396628e-24,-3.6170768490593145e-26,0,70,255.0,255.0,255.0
1899,94.95,78.102,-0.236,-44.103,-1.2443767363175283e-26,-1.5297894308806045e-25,-3.9908693014748825e-27,6.769560826739608e-27,8.322240606245898e-26,2.1710814498068397e-27,0,70,255.0,255.0,255.0
1900,95.0,78.102,-0.236,-44.103,-9.116485223720142e-27,-1.1207460196738677e-25,-2.9237689804745968e-27,1.2632172475147367e-25,1.5529512387645819e-24,4.051293139020687e-26,0,70,255.0,255.0,255.0
1901,95.05000000000001,78.102,-0.236,-44.103,-3.601246630571074e-27,-4.427235637452681e-26,-1.1549641041600607e-27,9.428781897443887e-26,1.1591385849491996e-24,3.0239263662358475e-26,0,70,255.0,255.0,255.0
1902,95.10000000000001,78.102,-0.236,-44.103,3.122966737250044e-28,3.839256527548685e-27,1.0015738576165486e-28,6.225391319741316e-26,7.653259311339293e-25,1.9965595934513007e-26,0,70,255.0,255.0,255.0
1903,95.15,78.102,-0.236,-44.103,2.6241446891698877e-27,3.226023673886177e-26,8.415954892911258e-28,3.022000742038746e-26,3.7151327731865907e-25,9.691928206667534e-27,0,70,255.0,255.0,255.0
1904,95.2,78.102,-0.236,-44.103,3.334297415763577e-27,4.099058425941245e-26,1.0693502064283526e-27,-1.8138983566382356e-27,-2.2299376496611373e-26,-5.817395211779342e-28,0,70,255.0,255.0,255.0
1905,95.25,78.102,-0.236,-44.103,2.4427548535060746e-27,3.0030299089200795e-26,7.8342153717333515e-28,-3.384780413366393e-26,-4.161120303118813e-25,-1.085540724902341e-26,0,70,255.0,255.0,255.0
1906,95.30000000000001,78.102,-0.236,-44.103,9.649511264068211e-28,1.1862742137577324e-26,3.094716989966234e-28,-2.5264344950292777e-26,-3.1059024775289233e-25,-8.102586278040746e-27,0,70,255.0,255.0,255.0
1907,95.35000000000001,78.102,-0.236,-44.103,-8.367964152354052e-29,-1.0287256860925864e-27,-2.6837090630847744e-29,-1.6680885766924065e-26,-2.0506846519393337e-25,-5.349765307058864e-27,0,70,255.0,255.0,255.0
1908,95.4,78.102,-0.236,-44.103,-7.031374502854912e-28,-8.644104381814846e-27,-2.2550483170923237e-28,-8.097426583555354e-27,-9.954668263497446e-26,-2.5969443360769825e-27,0,70,255.0,255.0,255.0
1909,95.45,78.102,-0.236,-44.103,-8.934222998790303e-28,-1.0983393949589465e-26,-2.8653152423853113e-28,4.860325998133575e-28,5.975099923984492e-27,1.5587663490489858e-28,0,70,255.0,255.0,255.0
1910,95.5,78.102,-0.236,-44.103,-6.5453419030415815e-28,-8.046594389416432e-27,-2.0991716821874394e-28,9.069491783182066e-27,1.1149688248294342e-25,2.9086976058867786e-27,0,70,255.0,255.0,255.0
1911,95.55000000000001,78.102,-0.236,-44.103,-2.5855787505620987e-28,-3.1786121757824944e-27,-8.292269182643274e-29,6.769560826732262e-27,8.322240606236982e-26,2.1710814498045147e-27,0,70,255.0,255.0,255.0
1912,95.60000000000001,78.102,-0.236,-44.103,2.2421892369158418e-29,2.7564621682166084e-28,7.190976761736532e-30,4.4696298702831116e-27,5.494792964180425e-26,1.4334652937224604e-27,0,70,255.0,255.0,255.0
1913,95.65,78.102,-0.236,-44.103,1.8840511197207572e-28,2.316180788397618e-27,6.042383754580519e-29,2.1696989138339607e-27,2.6673453221238665e-26,6.9584913764040605e-28,0,70,255.0,255.0,255.0
1914,95.7,78.102,-0.236,-44.103,2.3939178375254226e-28,2.9429915389453764e-27,7.677589052577318e-29,-1.3023204261518866e-28,-1.6010231993268944e-27,-4.1767018441648286e-29,0,70,255.0,255.0,255.0
1915,95.75,78.102,-0.236,-44.103,1.7538190771055797e-28,2.156078468464936e-27,5.624713570164057e-29,-2.430162999064338e-27,-2.987549961989248e-26,-7.793831745237022e-28,0,70,255.0,255.0,255.0
1916,95.80000000000001,78.102,-0.236,-44.103,6.928037381801856e-29,8.517065655526533e-28,2.221906830910751e-29,-1.8138983566362733e-27,-2.2299376496586962e-26,-5.817395211773106e-28,0,70,255.0,255.0,255.0
1917,95.85000000000001,78.102,-0.236,-44.103,-6.0079279530936105e-30,-7.385918119405799e-29,-1.9268164160982654e-30,-1.197633714208384e-27,-1.4723253373283597e-26,-3.840958678309753e-28,0,70,255.0,255.0,255.0
1918,95.9,78.102,-0.236,-44.103,-5.0482997602813e-29,-6.206187717756224e-28,-1.6190518473987827e-29,-5.813690717804947e-28,-7.147130249980228e-27,-1.8645221448463994e-28,0,70,255.0,255.0,255.0
1919,95.95,78.102,-0.236,-44.103,-6.414483513113979e-29,-7.8857220619204015e-28,-2.0572037864561195e-29,3.489557064739499e-29,4.2899287332313685e-28,1.1191438861695368e-29,0,70,255.0,255.0,255.0
1920,96.0,78.102,-0.236,-44.103,-4.6993440538073693e-29,-5.777194844433114e-28,-1.507137458781836e-29,6.511602130752845e-28,8.005115996626504e-27,2.0883509220803076e-28,0,70,255.0,255.0,255.0
1921,96.05000000000001,78.102,-0.236,-44.103,-1.8563620215864365e-29,-2.282140864281185e-28,-5.9535814099973086e-30,4.8603259981283e-28,5.975099923978035e-27,1.558766349047284e-28,0,70,255.0,255.0,255.0
1922,96.10000000000001,78.102,-0.236,-44.103,1.609819443215792e-30,1.9790507954571837e-29,5.16288902656562e-31,3.209049865504224e-28,3.9450838513301426e-27,1.0291817760144108e-28,0,70,255.0,255.0,255.0
1923,96.15,78.102,-0.236,-44.103,1.3526878439176052e-29,1.6629429870487328e-28,4.338236350146212e-30,1.5577737328801486e-28,1.915067778682251e-27,4.9959720298153766e-29,0,70,255.0,255.0,255.0
1924,96.2,78.102,-0.236,-44.103,1.71875567720164e-29,2.11297285822786e-28,5.512260932471652e-30,-9.35023997439265e-30,-1.1494829396564158e-28,-2.9987370051335448e-30,0,70,255.0,255.0,255.0
1925,96.25,78.102,-0.236,-44.103,1.2591854441736832e-29,1.5479946930830987e-28,4.0383626496328746e-30,-1.7447785323680025e-28,-2.1449643666135337e-27,-5.595719430842088e-29,0,70,255.0,255.0,255.0
1926,96.30000000000001,78.102,-0.236,-44.103,4.974107045438922e-30,6.114978015982081e-29,1.5952573308817243e-30,-1.3023204261504683e-28,-1.6010231993251771e-27,-4.176701844160292e-29,0,70,255.0,255.0,255.0
1927,96.35000000000001,78.102,-0.236,-44.103,-4.3134981976959e-31,-5.302850624229225e-30,-1.3833919452797516e-31,-8.5986231993306e-29,-1.0570820320369753e-27,-2.7576842574788993e-29,0,70,255.0,255.0,255.0
1928,96.4,78.102,-0.236,-44.103,-3.624516153891191e-30,-4.455842304387071e-29,-1.1624269265970186e-30,-4.174042137156515e-29,-5.131408647487736e-28,-1.3386666707975068e-29,0,70,255.0,255.0,255.0
1929,96.45,78.102,-0.236,-44.103,-4.605391956925869e-30,-5.661693709910365e-29,-1.4770058653254043e-30,2.5053892501756785e-30,3.080030253942838e-29,8.035091588388561e-31,0,70,255.0,255.0,255.0
1930,96.5,78.102,-0.236,-44.103,-3.373977228873634e-30,-4.147839278992805e-29,-1.082076010713139e-30,4.6751199871916517e-29,5.747414698276302e-28,1.4993685025652775e-29,0,70,255.0,255.0,255.0
1931,96.55000000000001,78.102,-0.236,-44.103,-1.3328079658913227e-30,-1.6385034211164745e-29,-4.27447913529588e-31,3.489557064735736e-29,4.2899287332267355e-28,1.1191438861683314e-29,0,70,255.0,255.0,255.0
1932,96.60000000000001,78.102,-0.236,-44.103,1.1557983586256819e-31,1.4208945423450336e-30,3.706787545534169e-32,2.3039941422801562e-29,2.8324427681775834e-28,7.389192697714933e-30,0,70,255.0,255.0,255.0
1933,96.65,78.102,-0.236,-44.103,9.711861763887025e-31,1.1939393470609475e-29,3.1147135624186315e-31,1.1184312198245772e-29,1.3749568031284313e-28,3.586946533746553e-30,0,70,255.0,255.0,255.0
1934,96.7,78.102,-0.236,-44.103,1.2340110556870802e-30,1.5170462573628565e-29,3.957625288299764e-31,-6.713170263100241e-31,-8.252916192072122e-30,-2.1529963022182915e-31,0,70,255.0,255.0,255.0
1935,96.75,78.102,-0.236,-44.103,9.040544737577031e-31,1.1114101851402316e-29,2.899413932196815e-31,-1.2526946250865819e-29,-1.540015126969873e-28,-4.0175457941902076e-30,0,70,255.0,255.0,255.0
1936,96.80000000000001,78.102,-0.236,-44.103,3.5712481812636876e-31,4.3903566848381755e-30,1.1453432323662836e-31,-9.35023997438258e-30,-1.1494829396551716e-28,-2.9987370051303225e-30,0,70,255.0,255.0,255.0
1937,96.85000000000001,78.102,-0.236,-44.103,-3.0969523680679656e-32,-3.807275451509363e-31,-9.93230729339082e-33,-6.173533697900244e-30,-7.589507523405811e-29,-1.979928216070727e-30,0,70,255.0,255.0,255.0
1938,96.9,78.102,-0.236,-44.103,-2.602285516636203e-31,-3.1991508385672036e-30,-8.34584983704331e-32,-2.9968274214179077e-30,-3.684185650259905e-29,-9.611194270111317e-31,0,70,255.0,255.0,255.0
1939,96.95,78.102,-0.236,-44.103,-3.3065226582245334e-31,-4.06491319541063e-30,-1.0604424999449851e-31,1.7987885506442756e-31,2.2113622288599945e-30,5.768936204846329e-32,0,70,255.0,255.0,255.0
1940,97.0,78.102,-0.236,-44.103,-2.4224066615717887e-31,-2.9780146156812182e-30,-7.768956216558709e-32,3.3565851315467614e-30,4.1264580960319023e-29,1.0764981511080583e-30,0,70,255.0,255.0,255.0
1941,97.05000000000001,78.102,-0.236,-44.103,-9.569130661415228e-32,-1.176392528187956e-30,-3.0689379416925466e-32,2.5053892501729694e-30,3.0800302539395074e-29,8.035091588379792e-31,0,70,255.0,255.0,255.0
1942,97.10000000000001,78.102,-0.236,-44.103,8.298258860151521e-33,1.0201563825870076e-31,2.661353718221576e-33,1.6541933687994195e-30,2.0336024118474104e-29,5.305201665679779e-31,0,70,255.0,255.0,255.0
1943,97.15,78.102,-0.236,-44.103,6.972803026578024e-32,8.57209883659339e-31,2.2362637239869318e-32,8.029974874258697e-31,9.871745697553133e-30,2.5753117429797642e-31,0,70,255.0,255.0,255.0
1944,97.2,78.102,-0.236,-44.103,8.859800760273395e-32,1.0891902080139573e-30,2.841447114801773e-32,-4.8198393947680574e-32,-5.925327233678397e-31,-1.5457817972024894e-32,0,70,255.0,255.0,255.0
1945,97.25,78.102,-0.236,-44.103,6.490819087101256e-32,7.979566113225585e-31,2.0816855442666892e-32,-8.993942753212301e-31,-1.1056811144288813e-29,-2.884468102420265e-31,0,70,255.0,255.0,255.0
1946,97.30000000000001,78.102,-0.236,-44.103,2.5640408330240365e-32,3.1521342791364917e-31,8.22319443107349e-33,-6.713170263093005e-31,-8.252916192063169e-30,-2.1529963022159504e-31,0,70,255.0,255.0,255.0
1947,97.35000000000001,78.102,-0.236,-44.103,-2.223511759926447e-33,-2.733500788386856e-32,-7.131075794954916e-34,-4.432397772974355e-31,-5.449021239838321e-30,-1.4215245020118439e-31,0,70,255.0,255.0,255.0
1948,97.4,78.102,-0.236,-44.103,-1.8683569399500665e-32,-2.296886960701519e-31,-5.99205058904414e-33,-2.151625282855707e-31,-2.6451262876134726e-30,-6.900527018077373e-32,0,70,255.0,255.0,255.0
1949,97.45,78.102,-0.236,-44.103,-2.37397645884823e-32,-2.91847636645201e-31,-7.613634597572465e-33,1.291472072629421e-32,1.5876866461137405e-31,4.141909839636942e-33,0,70,255.0,255.0,255.0
1950,97.5,78.102,-0.236,-44.103,-1.7392097326871335e-32,-2.138118296090153e-31,-5.577859605080469e-33,2.4099196973815904e-31,2.9626636168362235e-30,7.72890898600476e-32,0,70,255.0,255.0,255.0
1951,97.55000000000001,78.102,-0.236,-44.103,-6.870326706809164e-33,-8.44611834666405e-32,-2.203398307368491e-33,1.7987885506423212e-31,2.211362228857592e-30,5.768936204840082e-32,0,70,255.0,255.0,255.0
1952,97.60000000000001,78.102,-0.236,-44.103,5.957881795542785e-34,7.324393276773407e-33,1.9107659976038446e-34,1.1876574039032256e-31,1.460060840879174e-30,3.8089634236759636e-32,0,70,255.0,255.0,255.0
1953,97.65,78.102,-0.236,-44.103,5.0062473322224176e-33,6.154490062126859e-32,1.605565116307256e-33,5.765262571641301e-32,7.08759452900756e-31,1.8489906425118436e-32,0,70,255.0,255.0,255.0
1954,97.7,78.102,-0.236,-44.103,6.361050751195245e-33,7.820033856684502e-32,2.0400672422721247e-33,-3.460488957496574e-33,-4.254193507766212e-32,-1.1098213865227527e-33,0,70,255.0,255.0,255.0
1955,97.75,78.102,-0.236,-44.103,4.660198436472786e-33,5.729070711350269e-32,1.494582977654988e-33,-6.457360363140609e-32,-7.938433230560789e-31,-2.0709549198163947e-32,0,70,255.0,255.0,255.0
1956,97.80000000000001,78.102,-0.236,-44.103,1.8408984969962906e-33,2.2631305952912874e-32,5.903987984004754e-34,-4.819839394762808e-32,-5.925327233671986e-31,-1.5457817972008328e-32,0,70,255.0,255.0,255.0
1957,97.85000000000001,78.102,-0.236,-44.103,-1.596409582906655e-34,-1.9625652232250804e-33,-5.119881954605119e-35,-3.182318426385473e-32,-3.912221236783756e-31,-1.0206086745854203e-32,0,70,255.0,255.0,255.0
1958,97.9,78.102,-0.236,-44.103,-1.3414199293890009e-33,-1.6490906414922453e-32,-4.302098761848866e-34,-1.544797458008138e-32,-1.899115239895526e-31,-4.954355519700078e-33,0,70,255.0,255.0,255.0
1959,97.95,78.102,-0.236,-44.103,-1.7044384162987156e-33,-2.0953717622179272e-32,-5.466343715160307e-34,9.272351036919647e-34,1.1399075699270397e-32,2.9737570645405e-34,0,70,255.0,255.0,255.0
1960,98.0,78.102,-0.236,-44.103,-1.2486964190198113e-33,-1.5350998844995512e-32,-4.004723055394828e-34,1.7302444787465312e-32,2.127096753880933e-31,5.549106932608177e-33,0,70,255.0,255.0,255.0
1961,98.05000000000001,78.102,-0.236,-44.103,-4.932672811760012e-34,-6.0640403450109795e-33,-1.581968862334116e-34,1.2914720726280222e-32,1.587686646112035e-31,4.141909839632468e-33,0,70,255.0,255.0,255.0
1962,98.10000000000001,78.102,-0.236,-44.103,4.277565360838322e-35,5.258676161269581e-34,1.3718678423819296e-35,8.526996665096378e-33,1.0482765383432904e-31,2.7347127466571593e-33,0,70,255.0,255.0,255.0
1963,98.15,78.102,-0.236,-44.103,3.594323853335879e-34,4.4187250384213254e-33,1.152743884322887e-34,4.139272603912535e-33,5.088664305745459e-32,1.3275156536818502e-33,0,70,255.0,255.0,255.0
1964,98.2,78.102,-0.236,-44.103,4.567029139996134e-34,5.614531921872128e-33,1.4647024379199674e-34,-2.484514572713097e-34,-3.0543677194199057e-33,-7.968143929345813e-35,0,70,255.0,255.0,255.0
1965,98.25,78.102,-0.236,-44.103,3.3458723960645873e-34,4.113288266479361e-33,1.0730624450294352e-34,-4.63617551845515e-33,-5.699537849629432e-32,-1.4868785322687658e-33,0,70,255.0,255.0,255.0
1966,98.30000000000001,78.102,-0.236,-44.103,1.3217062770771409e-34,1.6248554271310526e-33,4.238874653317088e-35,-3.460488957492794e-33,-4.2541935077615373e-32,-1.1098213865215495e-33,0,70,255.0,255.0,255.0
1967,98.35000000000001,78.102,-0.236,-44.103,-1.1461656142866882e-35,-1.4090524128274466e-34,-3.675894149226244e-36,-2.2848023965307732e-33,-2.8088491658940534e-32,-7.327642407744402e-34,0,70,255.0,255.0,255.0
1968,98.4,78.102,-0.236,-44.103,-9.630961194535023e-35,-1.1839937387628407e-33,-3.088767754426898e-35,-1.1091158355687523e-33,-1.363504824026569e-32,-3.557070950273311e-34,0,70,255.0,255.0,255.0
1969,98.45,78.102,-0.236,-44.103,-1.2237323969973577e-34,-1.5044100653092353e-33,-3.9246603651957325e-35,6.65707253932693e-35,8.183951784091492e-34,2.135005071977809e-35,0,70,255.0,255.0,255.0
1970,98.5,78.102,-0.236,-44.103,-8.965253940602374e-35,-1.102154220921931e-33,-2.8752672472291304e-35,1.2422572863552902e-33,1.5271838597083994e-32,3.984071964668873e-34,0,70,255.0,255.0,255.0
1971,98.55000000000001,78.102,-0.236,-44.103,-3.5415229654855193e-35,-4.353813635132299e-34,-1.1358099899271912e-35,9.272351036909584e-34,1.1399075699257985e-32,2.9737570645373023e-34,0,70,255.0,255.0,255.0
1972,98.60000000000001,78.102,-0.236,-44.103,3.0709709630844944e-36,3.7753349004019834e-35,9.848981730856901e-37,6.12212921026716e-34,7.526312801433078e-33,1.9634421644060186e-34,0,70,255.0,255.0,255.0
1973,98.65,78.102,-0.236,-44.103,2.580606244781294e-35,3.1724991663003527e-34,8.276321744787162e-36,2.9719073836247367e-34,3.653549903608169e-33,9.53127264274735e-35,0,70,255.0,255.0,255.0
1974,98.7,78.102,-0.236,-44.103,3.279004479933016e-35,4.031083393648161e-34,1.0516170815832495e-35,-1.7831444301768526e-35,-2.1921299421673777e-34,-5.718763585654827e-36,0,70,255.0,255.0,255.0
1975,98.75,78.102,-0.236,-44.103,2.4022918017636192e-35,2.9532861720836266e-34,7.704445386221703e-36,-3.3285362696601076e-34,-4.0919758920416435e-33,-1.0675025359878317e-34,0,70,255.0,255.0,255.0
1976,98.80000000000001,78.102,-0.236,-44.103,9.490290911706648e-36,1.166700269218669e-34,3.0436530639167817e-36,-2.4845145727103884e-34,-3.0543677194165622e-33,-7.968143929337128e-35,0,70,255.0,255.0,255.0
1977,98.85000000000001,78.102,-0.236,-44.103,-8.222277094710071e-37,-1.0108154733334337e-35,-2.6369854311648973e-37,-1.6404928757609088e-34,-2.0167595467917758e-33,-5.261262498796709e-35,0,70,255.0,255.0,255.0
1978,98.9,78.102,-0.236,-44.103,-6.914637845901502e-36,-8.500592775729926e-35,-2.2176094348796283e-36,-7.964711788114292e-35,-9.791513741669897e-34,-2.5543810682562885e-35,0,70,255.0,255.0,255.0
1979,98.95,78.102,-0.236,-44.103,-8.786939497584853e-36,-1.0802329215002773e-34,-2.8180796113726315e-36,4.755051813805017e-36,5.845679845779706e-35,1.5250036228413043e-36,0,70,255.0,255.0,255.0
1980,99.0,78.102,-0.236,-44.103,-6.43913266452104e-36,-7.916024791151988e-35,-2.065109072595508e-36,8.915722150875287e-35,1.0960649710825831e-33,2.8593817928245494e-35,0,70,255.0,255.0,255.0
1981,99.05000000000001,78.102,-0.236,-44.103,-2.5459339919714084e-36,-3.129874417423779e-35,-8.16512356395212e-37,6.657072539319701e-35,8.183951784082655e-34,2.135005071975499e-35,0,70,255.0,255.0,255.0
1982,99.10000000000001,78.102,-0.236,-44.103,2.179398747995487e-37,2.6792699293176054e-36,6.989599938027595e-38,4.398422927764757e-35,5.407253857340271e-34,1.4106283511266542e-35,0,70,255.0,255.0,255.0
1983,99.15,78.102,-0.236,-44.103,1.8524889357930983e-36,2.277379439916185e-35,5.941159947313621e-37,2.1397733162098127e-35,2.6305559305978843e-34,6.862516302778094e-36,0,70,255.0,255.0,255.0
1984,99.2,78.102,-0.236,-44.103,2.35771319100924e-36,2.898482923529497e-35,7.561476296580465e-37,-1.1887629534513078e-36,-1.461419961445012e-35,-3.812509057103528e-37,0,70,255.0,255.0,255.0
1985,99.25,78.102,-0.236,-44.103,1.7336126404479722e-36,2.1312374437716892e-35,5.55990904160329e-37,-2.377525906900076e-35,-2.9228399228868885e-34,-7.625018114198797e-36,0,70,255.0,255.0,255.0
1986,99.30000000000001,78.102,-0.236,-44.103,6.934450561789863e-37,8.524949775084262e-36,2.2239636166406656e-37,-1.7831444301749218e-35,-2.192129942165e-34,-5.718763585648665e-36,0,70,255.0,255.0,255.0
1987,99.35000000000001,78.102,-0.236,-44.103,-4.953178972718605e-38,-6.08924983936019e-37,-1.5885454404613318e-38,-1.1887629534499367e-35,-1.4614199614433196e-34,-3.812509057099074e-36,0,70,255.0,255.0,255.0
1988,99.4,78.102,-0.236,-44.103,-4.953178972708827e-37,-6.089249839348099e-36,-1.5885454404581905e-37,-5.943814767249515e-36,-7.307099807216392e-35,-1.9062545285494828e-36,0,70,255.0,255.0,255.0
1989,99.45,78.102,-0.236,-44.103,-6.439132664521036e-37,-7.916024791151993e-36,-2.0651090725955076e-37,3.3676835347161665e-49,4.1481308300630876e-48,1.0824697075873392e-49,0,70,255.0,255.0,255.0
1990,99.5,78.102,-0.236,-44.103,-4.953178972708493e-37,-6.089249839347682e-36,-1.5885454404580828e-37,5.9438147672501924e-36,7.307099807217218e-35,1.9062545285496993e-36,0,70,255.0,255.0,255.0
1991,99.55000000000001,78.102,-0.236,-44.103,-2.2784623274453657e-37,-2.801054926099269e-36,-7.307309026105447e-38,4.7550518137998836e-36,5.845679845773442e-35,1.5250036228396726e-36,0,70,255.0,255.0,255.0
1992,99.60000000000001,78.102,-0.236,-44.103,-1.9812715890803544e-38,-2.4356999357353368e-37,-6.354181761822603e-39,3.566288860349913e-36,4.3842598843300817e-35,1.1437527171297543e-36,0,70,255.0,255.0,255.0
1993,99.65,78.102,-0.236,-44.103,1.2878265329043434e-37,1.5832049582305633e-36,4.130218145191443e-38,2.377525906899942e-36,2.922839922886721e-35,7.62501811419836e-37,0,70,255.0,255.0,255.0
1994,99.7,78.102,-0.236,-44.103,2.179398747991772e-37,2.6792699293130223e-36,6.989599938015668e-38,1.1887629534499707e-36,1.4614199614433602e-35,3.812509057099178e-37,0,70,255.0,255.0,255.0
1995,99.75,78.102,-0.236,-44.103,2.476589486354246e-37,3.044624919673841e-36,7.942727202290412e-38,-6.681911775230489e-52,0.0,0.0,0,70,255.0,255.0,255.0
1996,99.80000000000001,78.102,-0.236,-44.103,2.179398747991601e-37,2.6792699293128138e-36,6.989599938015129e-38,-1.1887629534503087e-36,-1.4614199614437758e-35,-3.812509057100264e-37,0,70,255.0,255.0,255.0
1997,99.85000000000001,78.102,-0.236,-44.103,1.287826532904005e-37,1.583204958230148e-36,4.130218145190364e-38,-2.377525906900279e-36,-2.9228399228871363e-35,-7.625018114199445e-37,0,70,255.0,255.0,255.0
1998,99.9,78.102,-0.236,-44.103,-1.9812715890854222e-38,-2.4356999357415677e-37,-6.354181761838827e-39,-3.566288860350249e-36,-4.384259884330497e-35,-1.1437527171298625e-36,0,70,255.0,255.0,255.0
1999,99.95,78.102,-0.236,-44.103,-2.278462327446041e-37,-2.8010549261000997e-36,-7.307309026107612e-38,-4.755051813800219e-36,-5.845679845773858e-35,-1.5250036228397805e-36,0,70,255.0,255.0,255.0
