idx,t,px,py,pz,vx,vy,vz,ax,ay,az,yaw,mode,ledr,ledg,ledb
0,0.0,13.5,0.0,0.0,-2.4850477691205155e-20,4.045587195968937e-93,0.019030436776039605,2.9820573229446184e-19,-4.8547046351627245e-92,-0.5155652413124753,0,70,255.0,255.0,255.0
1,0.05,13.5,1.4564113905488176e-94,0.0003090957239374257,-1.1431219737954371e-20,1.8609701101457112e-93,-0.006625999083021784,2.3856458583556945e-19,-3.8837637081301793e-92,-0.5106921930499801,0,70,255.0,255.0,255.0
2,0.1,13.5,1.94188185406509e-94,-0.0006585390347500995,-9.940191076482057e-22,1.618234878387575e-94,-0.03203878252895842,1.789234393766771e-19,-2.9128227810976345e-92,-0.5058191447874851,0,70,255.0,255.0,255.0
3,0.15000000000000002,13.5,1.6991466223069538e-94,-0.0028907216554063375,6.461124199713342e-21,-1.0518526709519238e-93,-0.0572079135617703,1.192822929177847e-19,-1.9418818540650893e-92,-0.50094609652499,0,70,255.0,255.0,255.0
4,0.2,13.5,9.709409270325447e-95,-0.006375269517375051,1.0934210184130268e-20,-1.7800583662263321e-93,-0.08213339218145743,5.964114645889234e-20,-9.709409270325445e-93,-0.49607304826249493,0,70,255.0,255.0,255.0
5,0.25,13.5,0.0,-0.0111,1.2425238845602578e-20,-2.0227935979844687e-93,-0.1068152183880198,0.0,0.0,-0.49119999999999986,0,70,255.0,255.0,255.0
6,0.30000000000000004,13.5,-9.709409270325458e-95,-0.017052730482624956,1.0934210184130266e-20,-1.7800583662263321e-93,-0.13125339218145746,-5.964114645889242e-20,9.709409270325457e-93,-0.48632695173750495,0,70,255.0,255.0,255.0
7,0.35000000000000003,13.5,-1.699146622306954e-94,-0.02422127834459367,6.461124199713337e-21,-1.0518526709519231e-93,-0.15544791356177032,-1.1928229291778477e-19,1.9418818540650904e-92,-0.4814539034750101,0,70,255.0,255.0,255.0
8,0.4,13.5,-1.9418818540650902e-94,-0.032593460965249905,-9.940191076482095e-22,1.6182348783875813e-94,-0.17939878252895844,-1.7892343937667714e-19,2.9128227810976352e-92,-0.4765808552125152,0,70,255.0,255.0,255.0
9,0.45,13.5,-1.456411390548817e-94,-0.04215709572393743,-1.1431219737954374e-20,1.8609701101457118e-93,-0.20310599908302182,-2.385645858355695e-19,3.88376370813018e-92,-0.47170780695002035,0,70,255.0,255.0,255.0
10,0.5,13.5,0.0,-0.0529,-2.4850477691205155e-20,4.045587195968937e-93,-0.22656956322396044,-2.982057322944619e-19,4.854704635162725e-92,-0.4668347586875261,0,70,255.0,255.0,255.0
11,0.55,13.5,2.4273523175813644e-94,-0.06480937379343764,-3.2305620998566704e-20,5.259263354759619e-93,-0.24975243219114862,2.407412430484045e-34,-4.0876414464078247e-107,-0.46048000000000017,0,70,255.0,255.0,255.0
12,0.6000000000000001,13.5,4.854704635162729e-94,-0.07786994758687528,-2.4850477691205137e-20,4.045587195968934e-93,-0.27261756322396047,2.9820573229446237e-19,-4.8547046351627334e-92,-0.4541252413124742,0,70,255.0,255.0,255.0
13,0.65,13.5,6.068380793953406e-94,-0.09206583448359407,-2.485047769120516e-21,4.045587195968921e-94,-0.29516495632239603,5.964114645889239e-19,-9.709409270325452e-92,-0.44777048262494834,0,70,255.0,255.0,255.0
14,0.7000000000000001,13.5,4.85470463516272e-94,-0.10738114758687527,3.47906687676873e-20,-5.663822074356524e-93,-0.3173946114864553,8.94617196883386e-19,-1.4564113905488182e-91,-0.4414157239374224,0,70,255.0,255.0,255.0
15,0.75,13.5,0.0,-0.1238,8.697667191921804e-20,-1.415955518589128e-92,-0.3393065287161383,1.1928229291778474e-18,-1.9418818540650904e-91,-0.4350609652498987,0,70,255.0,255.0,255.0
16,0.8,13.5,-8.738468343292914e-94,-0.14130657434362454,1.1828827381013654e-19,-1.9256995052812143e-92,-0.3609048790539482,5.964114645889114e-20,-9.709409270325329e-93,-0.42887304826249545,0,70,255.0,255.0,255.0
17,0.8500000000000001,13.5,-1.771967191834396e-93,-0.15988533130790536,9.294078656510717e-20,-1.5130496112923816e-92,-0.3821938335423879,-1.073540636260065e-18,1.7476936686585838e-91,-0.42268513127509216,0,70,255.0,255.0,255.0
18,0.9,13.5,-2.2331641321748542e-93,-0.17952080110037383,1.0934210184130199e-20,-1.7800583662263321e-93,-0.40317339218145737,-2.2067224189790186e-18,3.592481430020417e-91,-0.41649721428768893,0,70,255.0,255.0,255.0
19,0.9500000000000001,13.5,-1.796240715010206e-93,-0.20019751392856158,-1.2773145533279473e-19,2.0794318187280378e-92,-0.4238435549711568,-3.3399042016979744e-18,5.437269191382254e-91,-0.4103092973002857,0,70,255.0,255.0,255.0
20,1.0,13.5,0.0,-0.2219,-3.23056209985667e-19,5.259263354759619e-92,-0.444204321911486,-4.473085984416929e-18,7.282056952744087e-91,-0.4041213803128829,0,70,255.0,255.0,255.0
21,1.05,13.5,3.2526521055590287e-93,-0.24461232883206424,-4.408474742419795e-19,7.176871685648895e-92,-0.4642280515930586,-2.385645858355661e-19,3.88376370813011e-92,-0.3968278069500207,0,70,255.0,255.0,255.0
22,1.1,13.5,6.60239830382131e-93,-0.2683167271815035,-3.469126685692237e-19,5.647639725572632e-92,-0.48388710260648815,3.995956812745797e-18,-6.505304211118065e-91,-0.3895342335871585,0,70,255.0,255.0,255.0
23,1.1500000000000001,13.5,8.325818449304074e-93,-0.2929949611149107,-4.12517929673994e-20,6.715674745308246e-93,-0.5031814749517745,8.23047821132716e-18,-1.3398984793049141e-90,-0.38224066022429626,0,70,255.0,255.0,255.0
24,1.2000000000000002,13.5,6.6994923965245465e-93,-0.3186287966988786,4.761351525634931e-19,-7.751345067476518e-92,-0.5221111686289177,1.2464999609908522e-17,-2.0292665374980216e-90,-0.3749470868614341,0,70,255.0,255.0,255.0
25,1.25,13.5,0.0,-0.3452,1.20524816802345e-18,-1.9621097900449347e-91,-0.5406761836379178,1.6699521008489863e-17,-2.7186345956911264e-90,-0.36765351349857145,0,70,255.0,255.0,255.0
26,1.3,13.5,-1.2136761587906825e-92,-0.37269131032811864,1.6451016231577814e-18,-2.678178723731436e-91,-0.5589349145738176,8.946171968833724e-19,-1.4564113905487964e-91,-0.3626957239374226,0,70,255.0,255.0,255.0
27,1.35,13.5,-2.463762602345085e-92,-0.4010893599660808,1.2947098877117876e-18,-2.1077509290998142e-91,-0.5769457560316601,-1.4910286614723118e-17,2.427352317581367e-90,-0.35773793437627377,0,70,255.0,255.0,255.0
28,1.4000000000000001,13.5,-3.1070109665041444e-92,-0.4303817544399838,1.5407296168546793e-19,-2.5082640615006712e-92,-0.594708708011445,-3.071519042632961e-17,5.000345774217614e-90,-0.35278014481512493,0,70,255.0,255.0,255.0
29,1.4500000000000002,13.5,-2.5001728871087988e-92,-0.4605560992759245,-1.776809154921176e-18,2.8925948451178046e-91,-0.6122237705131727,-4.65200942379361e-17,7.573339230853861e-90,-0.3478223552539761,0,70,255.0,255.0,255.0
30,1.5,13.5,0.0,-0.4916,-4.497936462108133e-18,7.322512824703777e-91,-0.6294909435368427,-6.232499804954255e-17,1.0146332687490097e-89,-0.3428645656928291,0,70,255.0,255.0,255.0
31,1.55,13.5,4.5294394246068276e-92,-0.5235000298554613,-6.139559018389147e-18,9.995027726360856e-91,-0.6464482901116705,-3.3399042016979344e-18,5.437269191382178e-91,-0.3354292973002872,0,70,255.0,255.0,255.0
32,1.6,13.5,9.194810578998207e-92,-0.5562386329541733,-4.8319268822779285e-18,7.866239743841994e-91,-0.6630338732668715,5.564518964614668e-17,-9.058878849213661e-90,-0.3279940289077453,0,70,255.0,255.0,255.0
33,1.6500000000000001,13.5,1.1595462021086172e-91,-0.5897972211251546,-5.750400537744733e-19,9.361488771471857e-92,-0.6792476930024451,1.146302834939913e-16,-1.866148461756554e-89,-0.32055876051520343,0,70,255.0,255.0,255.0
34,1.7000000000000002,13.5,9.330742308782737e-92,-0.6241572061974241,6.631101467121211e-18,-1.0795244873723565e-90,-0.6950897493183917,1.7361537734183592e-16,-2.826409038591742e-89,-0.31312349212266155,0,70,255.0,255.0,255.0
35,1.75,13.5,0.0,-0.6593,1.6786497680409084e-17,-2.7327941508770174e-90,-0.7105600422147113,2.3260047118968023e-16,-3.786669615426925e-89,-0.3056882237301197,0,70,255.0,255.0,255.0
36,1.8,13.5,-1.6904081539636626e-91,-0.6952077702500362,2.2913134450398803e-17,-3.730193218171199e-90,-0.7257039249795001,1.2464999609908279e-17,-2.0292665374979845e-90,-0.300067086861433,0,70,255.0,255.0,255.0
37,1.85,13.5,-3.431547971364775e-91,-0.7318657082172262,1.8032997641399912e-17,-2.935720804626817e-90,-0.7405667509008546,-2.0767047196986367e-16,3.380816307927328e-89,-0.2944459499927463,0,70,255.0,255.0,255.0
38,1.9000000000000001,13.5,-4.327483711784053e-91,-0.769259761059398,2.14608725341242e-18,-3.4937691024386857e-91,-0.7551485199787747,-4.2780594354963563e-16,6.964559269604455e-89,-0.2888248131240596,0,70,255.0,255.0,255.0
39,1.9500000000000002,13.5,-3.482279634802214e-91,-0.8073758759343798,-2.4747596713563692e-17,4.028838464977643e-90,-0.7694492322132606,-6.479414151294076e-16,1.0548302231281581e-88,-0.2832036762553729,0,70,255.0,255.0,255.0
40,2.0,13.5,0.0,-0.8462,-6.26480542595282e-17,1.0198925321037691e-89,-0.783468887604312,-8.680768867091787e-16,1.4132045192958695e-88,-0.2775825393866844,0,70,255.0,255.0,255.0
41,2.0500000000000003,13.5,6.308688673393998e-91,-0.8857176891443937,-8.551297878320609e-17,1.3921270100048713e-89,-0.7971840099703286,-4.6520094237931767e-17,7.573339230853155e-90,-0.2710223552539771,0,70,255.0,255.0,255.0
42,2.1,13.5,1.2806710827559277e-90,-0.9259129341769222,-6.730006368332173e-17,1.0956259244123068e-89,-0.8105711231297098,7.750366982333079e-16,-1.2617377346787947e-88,-0.26446217112126985,0,70,255.0,255.0,255.0
43,2.15,13.5,1.6150388645027595e-90,-0.9667693346372539,-8.009308959875563e-18,1.3038927532608137e-90,-0.8236302270824555,1.5965934907045478e-15,-2.5992088616661204e-88,-0.25790198698856254,0,70,255.0,255.0,255.0
44,2.2,13.5,1.2996044308330584e-90,-1.0082704900650574,9.23592853871335e-17,-1.5035829372538223e-89,-0.836361321828566,2.4181502831757947e-15,-3.936679988653459e-88,-0.2513418028558552,0,70,255.0,255.0,255.0
45,2.25,13.5,0.0,-1.0504,2.3380571935770376e-16,-3.806290713327375e-89,-0.8487644073680409,3.2397070756470336e-15,-5.274151115640783e-88,-0.24478161872315063,0,70,255.0,255.0,255.0
46,2.3000000000000003,13.5,-2.354434653961232e-90,-1.0931414731723892,3.191387806824255e-16,-5.195488718202365e-89,-0.8608400351391863,1.7361537734181908e-16,-2.8264090385914622e-89,-0.2382434921226643,0,70,255.0,255.0,255.0
47,2.35,13.5,-4.779529533887234e-90,-1.1364785550750849,2.51167257091887e-16,-4.088931617186545e-89,-0.8725887565803074,-2.8924763209633687e-15,4.7088693079224464e-88,-0.23170536552217802,0,70,255.0,255.0,255.0
48,2.4000000000000004,13.5,-6.027407086832635e-90,-1.1803949003915863,2.9891148586087e-17,-4.866194102798912e-90,-0.8840105716914042,-5.958568019268584e-15,9.700379519704084e-88,-0.22516723892169171,0,70,255.0,255.0,255.0
49,2.45,13.5,-4.850189759852014e-90,-1.224874163805392,-3.4468954483497056e-16,5.611447902517525e-89,-0.8951054804724766,-9.024659717573771e-15,1.4691889731485676e-87,-0.21862911232120544,0,70,255.0,255.0,255.0
50,2.5,13.5,0.0,-1.2699,-8.725748231712867e-16,1.420527032120573e-88,-0.9058734829235247,-1.2090751415878957e-14,1.9683399943267264e-87,-0.2120909857207227,0,70,255.0,255.0,255.0
51,2.5500000000000003,13.5,8.786869748505528e-90,-1.3154564181660502,-1.191042143946496e-15,1.938982786280459e-88,-0.916335849472927,-6.479414151293461e-16,1.0548302231280544e-88,-0.2064036762553687,0,70,255.0,255.0,255.0
52,2.6,13.5,1.7837447052793008e-89,-1.3615288455227381,-9.373689646842263e-16,1.5260100544333866e-88,-0.9265138505490615,1.0794868585620163e-14,-1.757373949701099e-87,-0.20071636679001478,0,70,255.0,255.0,255.0
53,2.6500000000000004,13.5,2.2494589482827775e-89,-1.408103063796402,-1.115552853844733e-16,1.816088365793501e-89,-0.9364074861519285,2.2237678586369774e-14,-3.62023092171502e-87,-0.19502905732466078,0,70,255.0,255.0,255.0
54,2.7,13.5,1.8101154608574995e-89,-1.4551648547133769,1.2863988939527485e-15,-2.0942208672816291e-88,-0.9460167562815277,3.3680488587119285e-14,-5.483087893728925e-87,-0.18934174785930685,0,70,255.0,255.0,255.0
55,2.75,13.5,0.0,-1.5027,3.2564935733274432e-15,-5.301479057149555e-88,-0.9553416609378591,4.5123298587868796e-14,-7.345944865742829e-87,-0.1836544383939529,0,70,255.0,255.0,255.0
56,2.8000000000000003,13.5,-3.2793044340060885e-89,-1.5506936541634115,4.445029795103559e-15,-7.236382273301599e-88,-0.9643445669691044,2.418150283175565e-15,-3.936679988653083e-88,-0.1764618028558569,0,70,255.0,255.0,255.0
57,2.85,13.5,-6.657025867728478e-89,-1.5991284628339621,3.498308601645019e-15,-5.695147056014894e-88,-0.9729878412234448,-4.028699802151729e-14,6.55860886801215e-87,-0.16926916731776095,0,70,255.0,255.0,255.0
58,2.9000000000000004,13.5,-8.39509508444785e-89,-1.6479864444228076,4.163299929518065e-16,-6.777734052894113e-89,-0.9812714837008806,-8.299214632621051e-14,1.3510885734889671e-86,-0.16207653177966494,0,70,255.0,255.0,255.0
59,2.95,13.5,-6.755442867444799e-89,-1.6972496173411018,-4.800906030976021e-15,7.815738678874759e-88,-0.9891954944014113,-1.2569729463090337e-13,2.046316260176713e-86,-0.154883896241569,0,70,255.0,255.0,255.0
60,3.0,13.5,0.0,-1.7469,-1.2153399470138487e-14,1.9785389196477647e-87,-0.9967598733250373,-1.6840244293559627e-13,2.741543946864459e-86,-0.14769126070347305,0,70,255.0,255.0,255.0
61,3.0500000000000003,13.5,1.22385307611738e-88,-1.7969201651803055,-1.658907703646774e-14,2.700654630692594e-87,-1.0039978826506544,-9.024659717572917e-15,1.4691889731484285e-87,-0.14182911232121104,0,70,255.0,255.0,255.0
62,3.1,13.499999999999998,2.4844358765634622e-88,-1.8472949031414136,-1.305586544189585e-14,2.1254578169626187e-87,-1.0109427845571584,1.5035312350044903e-13,-2.4477061522347505e-86,-0.13596696393894908,0,70,255.0,255.0,255.0
63,3.1500000000000004,13.499999999999998,3.133092138950862e-88,-1.8980095585123695,-1.553764686422755e-15,2.5294847845782986e-88,-1.0175945790445493,3.097309067184724e-13,-5.042331201784367e-86,-0.13010481555668707,0,70,255.0,255.0,255.0
64,3.2,13.499999999999998,2.52116560089217e-88,-1.9490494759222168,1.791722522995134e-14,-2.9168733848217404e-87,-1.0239532661128272,4.691086899364943e-13,-7.63695625133396e-86,-0.12424266717442511,0,70,255.0,255.0,255.0
65,3.25,13.5,0.0,-2.0004,4.5357104307226505e-14,-7.384007772876103e-87,-1.0300188457619919,6.284864731545163e-13,-1.0231581300883555e-85,-0.1183805187921596,0,70,255.0,255.0,255.0
66,3.3000000000000003,13.500000000000002,-4.567481861068912e-88,-2.052046485115368,6.19112783507674e-14,-1.0078980295440218e-86,-1.0357919024282785,3.3680488587116155e-14,-5.483087893728417e-87,-0.11254174785930109,0,70,255.0,255.0,255.0
67,3.35,13.500000000000007,-9.272040919481001e-88,-2.103974324600384,4.8725153165938387e-14,-7.932316562248989e-87,-1.0412730205479221,-5.611254959802787e-13,9.134963722137786e-86,-0.10670297692644261,0,70,255.0,255.0,255.0
68,3.4000000000000004,13.500000000000007,-1.1692859047358666e-87,-2.1561689215277164,5.798728752739217e-15,-9.440165733023794e-88,-1.0464622001209227,-1.1559314805476788e-12,1.88182362336485e-85,-0.10086420599358409,0,70,255.0,255.0,255.0
69,3.45,13.500000000000005,-9.409118116824198e-88,-2.208615678970032,-6.686799488882936e-14,1.0885919671399486e-86,-1.0513594411472804,-1.7507374651150738e-12,2.8501508745159126e-85,-0.09502543506072561,0,70,255.0,255.0,255.0
70,3.5,13.5,0.0,-2.2613,-1.6927501775876753e-13,2.755749217185665e-86,-1.055964743626995,-2.345543449682469e-12,3.818478125666976e-85,-0.08918666412786536,0,70,255.0,255.0,255.0
71,3.5500000000000003,13.49999999999999,1.7046074368158267e-87,-2.314206694358224,-2.3105603636660187e-13,3.761526655106827e-86,-1.060242507636231,-1.2569729463089163e-13,2.046316260176523e-86,-0.08192389624156955,0,70,255.0,255.0,255.0
72,3.6,13.499999999999977,3.4603727801360536e-87,-2.3673181984570513,-1.818447472218577e-13,2.960380843203333e-86,-1.064157133251152,2.0941488604206655e-12,-3.4092148736316393e-85,-0.07466112835527382,0,70,255.0,255.0,255.0
73,3.6500000000000004,13.499999999999973,4.363834405048378e-87,-2.420616355376767,-2.164115032453415e-14,3.5231178147516842e-87,-1.0677086204717583,4.313995015472243e-12,-7.023061373280962e-85,-0.06739836046897801,0,70,255.0,255.0,255.0
74,3.7,13.499999999999979,3.511530686640463e-87,-2.4740830081976553,2.49554754325366e-13,-4.0626805300776204e-86,-1.0708969692980497,6.5338411705238e-12,-1.0636907872930255e-84,-0.06013559258268228,0,70,255.0,255.0,255.0
75,3.75,13.5,0.0,-2.5277,6.317429667278437e-13,-1.0284596091455049e-85,-1.0737221797300267,8.753687325575356e-12,-1.4250754372579547e-84,-0.052872824696391874,0,70,255.0,255.0,255.0
76,3.8000000000000003,13.500000000000039,-6.361681561156416e-87,-2.5814499374517377,8.623128671156401e-13,-1.4038208590883285e-85,-1.0762300670267972,4.691086899364482e-13,-7.636956251333225e-86,-0.047442667174429305,0,70,255.0,255.0,255.0
77,3.85,13.50000000000008,-1.2914287028596116e-86,-2.6353184815714115,6.786538357214921e-13,-1.1048291716588434e-85,-1.0784664464474698,-7.815469945702386e-12,1.2723363122312778e-84,-0.04201250965246678,0,70,255.0,255.0,255.0
78,3.9000000000000004,13.5000000000001,-1.628605171545765e-86,-2.6892920569652166,8.076587254539718e-14,-1.3148454685704325e-86,-1.0804313179920437,-1.6100048581341294e-11,2.6210421869759005e-84,-0.03658235213050421,0,70,255.0,255.0,255.0
79,3.95,13.500000000000082,-1.3105210934879428e-86,-2.7433570882393474,-9.313510224126346e-13,1.516213015317053e-85,-1.0821246816605201,-2.4384627216980127e-11,3.9697480617205103e-84,-0.031152194608541687,0,70,255.0,255.0,255.0
80,4.0,13.5,0.0,-2.7975,-2.357696849152607e-12,3.838263514863453e-85,-1.083546537452898,-3.266920585261895e-11,5.31845393646512e-84,-0.02572203708657561,0,70,255.0,255.0,255.0
81,4.05,13.499999999999854,2.37421188078096e-86,-2.8517063558348252,-3.2181954320959567e-12,5.23913077084263e-85,-1.0846452242565805,-1.7507374651151727e-12,2.850150874516084e-85,-0.018225435060721322,0,70,255.0,255.0,255.0
82,4.1000000000000005,13.499999999999703,4.8196775334248575e-86,-2.9059582752573037,-2.532770595664098e-12,4.123278602315018e-85,-1.0853690809589702,2.916773092238915e-11,-4.748423761561993e-84,-0.010728833034866901,0,70,255.0,255.0,255.0
83,4.15,13.499999999999627,6.078037245678221e-86,-2.9602370167623686,-3.0142233985705426e-13,4.9070700928065646e-86,-1.0857181075600673,6.008619930989292e-11,-9.781862610575504e-84,-0.003232231009012612,0,70,255.0,255.0,255.0
84,4.2,13.4999999999997,4.8909313052877254e-86,-3.0145238388449553,3.4758493353251733e-12,-5.658584008260448e-85,-1.0856923040598714,9.10046676973967e-11,-1.4815301459589013e-83,0.004264371016841677,0,70,255.0,255.0,255.0
85,4.25,13.5,0.0,-3.0688,8.799044429882584e-12,-1.4324594450308307e-84,-1.085291670458383,1.2192313608490045e-10,-1.9848740308602525e-83,0.011760973042699518,0,70,255.0,255.0,255.0
86,4.3,13.500000000000545,-8.860679367008205e-86,-3.1230478392089593,1.201046886126819e-11,-1.9552702224282188e-84,-1.0845810359468826,6.533841170524191e-12,-1.0636907872930865e-84,0.016664407417315258,0,70,255.0,255.0,255.0
87,4.3500000000000005,13.500000000001103,-1.7987281430839822e-85,-3.177254017399376,9.452428546934905e-12,-1.5388285237601233e-84,-1.0836252297166513,-1.0885545374385411e-10,1.772135873401669e-83,0.02156784179193108,0,70,255.0,255.0,255.0
88,4.4,13.500000000001393,-2.2683543811167117e-85,-3.231406275985313,1.1249234868828223e-12,-1.8313434902655797e-85,-1.0824242517676896,-2.242447486582304e-10,3.650640825532612e-83,0.02647127616654682,0,70,255.0,255.0,255.0
89,4.45,13.500000000001123,-1.825320412766295e-85,-3.285492356380833,-1.2972046318888052e-11,2.1118123017724765e-84,-1.080978102099997,-3.396340435726066e-10,5.5291457776635565e-83,0.03137471054116256,0,70,255.0,255.0,255.0
90,4.5,13.5,0.0,-3.3395,-3.2838480870377724e-11,5.3460114286369775e-84,-1.079286780713573,-4.5502333848698283e-10,7.407650729794496e-83,0.036278144915780075,0,70,255.0,255.0,255.0
91,4.55,13.49999999999797,3.306850558725186e-85,-3.3934158873293354,-4.482368001297679e-11,7.297167812628613e-84,-1.077286631955892,-2.438462721698156e-11,3.9697480617207376e-84,0.04372780539146317,0,70,255.0,255.0,255.0
92,4.6000000000000005,13.499999999995875,6.71294481899344e-85,-3.4472224551451935,-3.527694359207551e-11,5.742986234808992e-84,-1.0749140001744268,4.0625408405302737e-10,-6.613701117450475e-83,0.05117746586714639,0,70,255.0,255.0,255.0
93,4.65,13.499999999994799,8.465613799899024e-85,-3.500901079296382,-4.198271607674226e-12,6.83466695178169e-85,-1.0721688853691773,8.368927953230286e-10,-1.3624377041072896e-82,0.05862712634282948,0,70,255.0,255.0,255.0
94,4.7,13.499999999995817,6.812188520536405e-85,-3.5544331356317143,4.841233594022707e-11,-7.881390806263855e-84,-1.069051287540144,1.26753150659303e-09,-2.0635052964695317e-82,0.06607678681851258,0,70,255.0,255.0,255.0
95,4.75,13.5,0.0,-3.6078,1.225548790516283e-10,-1.9951586269517077e-83,-1.0655612066873263,1.6981702178630309e-09,-2.7645728888317735e-82,0.07352644729419744,0,70,255.0,255.0,255.0
96,4.800000000000001,13.500000000007581,-1.2341334298200163e-84,-3.660983811473698,1.6728425119063907e-10,-2.7233401028086246e-83,-1.0617444362295503,9.100466769737373e-11,-1.481530145958523e-83,0.07914437101684911,0,70,255.0,255.0,255.0
97,4.8500000000000005,13.500000000015389,-2.505305113288978e-84,-3.7139697620198535,1.3165534582136714e-10,-2.1433116415475843e-83,-1.0576467695856413,-1.5161608824682549e-09,2.468266859640022e-82,0.0847622947395007,0,70,255.0,255.0,255.0
98,4.9,13.500000000019408,-3.159410081847939e-84,-3.7667438068291594,1.5668162943814082e-11,-2.550732431686109e-84,-1.0532682067556,-3.123326432633884e-09,5.084686733875897e-82,0.09038021846215227,0,70,255.0,255.0,255.0
99,4.95,13.500000000015616,-2.5423433669379345e-84,-3.8192919010923108,-1.8067729744202012e-10,2.941375092328294e-83,-1.0486087477394261,-4.7304919827995125e-09,7.701106608111772e-82,0.09599814218480385,0,70,255.0,255.0,255.0
100,5.0,13.5,0.0,-3.8716,-4.573810353361355e-10,7.446033364943132e-83,-1.0436683925371197,-6.337657532965141e-09,1.0317526482347645e-81,0.10161606590745897,0,70,255.0,255.0,255.0
101,5.050000000000001,13.499999999971708,4.60584866340754e-84,-3.9236536667758752,-6.243133247495794e-10,1.0163643629971634e-82,-1.038423623125904,-3.396340435725205e-10,5.529145777662154e-83,0.10817471054116555,0,70,255.0,255.0,255.0
102,5.1000000000000005,13.499999999942567,9.349925971256567e-84,-3.9754368967753964,-4.91344439693393e-10,7.998947942709438e-83,-1.032850921483003,5.658389445819993e-09,-9.211697326815041e-82,0.114733355174872,0,70,255.0,255.0,255.0
103,5.15,13.499999999927573,1.179107894740185e-83,-4.02693329338698,-5.847438016758201e-11,9.51946303156628e-84,-1.026950287608417,1.1656412935212506e-08,-1.8976309231396297e-81,0.12129199980857845,0,70,255.0,255.0,255.0
104,5.2,13.499999999941716,9.488154615698094e-84,-4.078126459999043,6.742968538278534e-10,-1.097736128868679e-82,-1.0207217215021454,1.765443642460502e-08,-2.8740921135977553e-81,0.12785064444228492,0,70,255.0,255.0,255.0
105,5.25,13.5,0.0,-4.129,1.7069692622929136e-09,-2.778897483282082e-82,-1.0141652231641882,2.365245991399754e-08,-3.8505533040558805e-81,0.1344092890759967,0,70,255.0,255.0,255.0
106,5.300000000000001,13.500000000105587,-1.7189261223810146e-83,-4.179537521422805,2.3299690478076786e-09,-3.7931234417077914e-82,-1.0072810712668259,1.267531506592712e-09,-2.0635052964690056e-82,0.1409567868184916,0,70,255.0,255.0,255.0
107,5.3500000000000005,13.500000000214344,-3.4894398771737295e-83,-4.229722650878564,1.833722412952205e-09,-2.9852480129290163e-82,-1.0000695444823389,-2.1117396900811718e-08,3.437852244762015e-81,0.14750428456098638,0,70,255.0,255.0,255.0
108,5.4,13.500000000270305,-4.400490570775946e-83,-4.279539019622921,2.182293577265148e-10,-3.552711969457891e-83,-0.9925306428107273,-4.3502325308216154e-08,7.082055019170929e-81,0.15405178230348118,0,70,255.0,255.0,255.0
109,5.45,13.500000000217511,-3.5410275095854445e-83,-4.328970258911518,-2.516510117869394e-09,4.096807006241887e-82,-0.9846643662519909,-6.588725371562058e-08,1.0726257793579844e-80,0.16059928004597596,0,70,255.0,255.0,255.0
110,5.5,13.5,0.0,-4.378,-6.370496013835519e-09,1.0370986596634014e-81,-0.9764707148061298,-8.827218212302501e-08,1.437046056798876e-80,0.16714677778847076,0,70,255.0,255.0,255.0
111,5.550000000000001,13.499999999605944,6.415119623183303e-83,-4.426612247532907,-8.695562866481135e-09,1.4156129403834004e-81,-0.9679720918067976,-4.730491982798324e-09,7.701106608109844e-82,0.17279814218481285,0,70,255.0,255.0,255.0
112,5.6000000000000005,13.499999999200062,1.3022766911569261e-82,-4.47479249971035,-6.843545212115429e-09,1.1141097257445121e-81,-0.9591909005876484,7.881119815742688e-08,-1.283023924636655e-80,0.17844950658115485,0,70,255.0,255.0,255.0
113,5.65,13.499999998991207,1.6422854388363602e-82,-4.522526628121341,-8.144430507384734e-10,1.325890157467498e-82,-0.9501271411486822,1.6235288829765208e-07,-2.6430589153544084e-80,0.18410087097749686,0,70,255.0,255.0,255.0
114,5.7,13.499999999188237,1.3215294576771964e-82,-4.5698005043548875,9.391743617649725e-09,-1.528949189609887e-81,-0.9407808134898987,2.4589457843787725e-07,-4.003093906072162e-80,0.18975223537383884,0,70,255.0,255.0,255.0
115,5.75,13.5,0.0,-4.6166,2.3775014793049162e-08,-3.8705048903253975e-81,-0.9311519176112983,3.2943626857810235e-07,-5.363128896789915e-80,0.1954035997701773,0,70,255.0,255.0,255.0
116,5.800000000000001,13.500000001470637,-2.3941552370352198e-82,-4.662910288445573,3.245228241811686e-08,-5.283139417362822e-81,-0.9211985615059862,1.7654436424600517e-08,-2.874092113597034e-81,0.20273064444229985,0,70,255.0,255.0,255.0
117,5.8500000000000005,13.50000000298541,-4.8601627769103317e-82,-4.708713750280039,2.5540458435509503e-08,-4.1579141016851476e-81,-0.9108788531670682,-2.941273957288958e-07,4.788310474070418e-80,0.21005768911442224,0,70,255.0,255.0,255.0
118,5.9,13.500000003764864,-6.129092698267846e-82,-4.753992067891719,3.0395428452273897e-09,-4.9482894329242173e-82,-0.9001927925945441,-6.059092278823921e-07,9.864030159500538e-80,0.21738473378654466,0,70,255.0,255.0,255.0
119,5.95,13.500000003029548,-4.932015079750242e-82,-4.798726923668933,-3.505046435272948e-08,5.706116057815357e-81,-0.8891403797884139,-9.176910600358885e-07,1.493974984493066e-79,0.22471177845866708,0,70,255.0,255.0,255.0
120,6.0,13.5,0.0,-4.8429,-8.872956315836113e-08,1.4444920901638187e-80,-0.8777216147486774,-1.2294728921893843e-06,2.0015469530360778e-79,0.2320388231307957,0,70,255.0,255.0,255.0
121,6.050000000000001,13.499999994511509,8.935108985822548e-82,-4.886493798684806,-1.2111356680598628e-07,1.9716944729067884e-80,-0.8659856621692581,-6.588725371560383e-08,1.0726257793577127e-80,0.23739928004597022,0,70,255.0,255.0,255.0
122,6.1000000000000005,13.499999988858297,1.813837441648439e-81,-4.9294940991694975,-9.531828852992257e-08,1.551754668099607e-80,-0.8539816867440803,1.0976983847581558e-06,-1.7870217971645017e-79,0.24275973696114464,0,70,255.0,255.0,255.0
123,6.15,13.499999985949332,2.2874085354235015e-81,-4.971887500311785,-1.1343728330171079e-08,1.8467267574229273e-81,-0.8417096884731436,2.261284023231916e-06,-3.6813061722647743e-79,0.24812019387631906,0,70,255.0,255.0,255.0
124,6.2,13.49999998869358,1.8406530861323763e-81,-5.013660600969382,1.308101137932682e-07,-2.129551504165154e-80,-0.8291696673564485,3.424869661705676e-06,-5.575590547365047e-79,0.2534806507914935,0,70,255.0,255.0,255.0
125,6.25,13.5,0.0,-5.0548,3.311432378403953e-07,-5.390917871622735e-80,-0.8163616233939944,4.588455300179436e-06,-7.469874922465321e-79,0.25884110770667323,0,70,255.0,255.0,255.0
126,6.300000000000001,13.50000002048333,-3.334628070625497e-81,-5.095291316815206,4.5200198480582826e-07,-7.358463949890872e-80,-0.8032267898169811,2.458945784378153e-07,-4.003093906071152e-80,0.266552235373847,0,70,255.0,255.0,255.0
127,6.3500000000000005,13.500000041581396,-6.769333488902725e-81,-5.135116253041977,3.5573269568418086e-07,-5.791227262229917e-80,-0.7897063998566096,-4.096666143303729e-06,6.669256141250966e-79,0.2742633630410206,0,70,255.0,255.0,255.0
128,6.4,13.5000000524378,-8.536724871867225e-81,-5.174255530861144,4.233537047545715e-08,-6.892078086399295e-81,-0.7758004535128793,-8.439226865045272e-06,1.3738821673109047e-78,0.28197449070819425,0,70,255.0,255.0,255.0
129,6.45,13.500000042196135,-6.869410836554484e-81,-5.212689872453541,-4.881899908203435e-07,7.947594410879081e-80,-0.7615089507857903,-1.2781787586786816e-05,2.0808387204967125e-78,0.2896856183753679,0,70,255.0,255.0,255.0
130,6.5,13.5,0.0,-5.2504,-1.23584338820322e-06,2.011917939632712e-79,-0.7468318916753425,-1.7124348308528355e-05,2.7877952736825196e-78,0.29739674604254596,0,70,255.0,255.0,255.0
131,6.550000000000001,13.499999923555169,1.2445001383919732e-80,-5.287368934054374,-1.6868943724173268e-06,2.746216132665669e-79,-0.731907178562812,-9.176910600356574e-07,1.493974984492688e-79,0.2995917784586663,0,70,255.0,255.0,255.0
132,6.6000000000000005,13.499999844816111,2.526349651396245e-80,-5.323588888662601,-1.3276124942068008e-06,2.1613154380820053e-79,-0.7168727138294757,1.5288966188456756e-05,-2.489000276783936e-78,0.3017868108747866,0,70,255.0,255.0,255.0
133,6.65,13.499999804299467,3.1859490952045383e-80,-5.359054376243642,-1.5799775357165683e-07,2.572158558817423e-80,-0.7017284974753334,3.149562343694917e-05,-5.127398052017139e-78,0.3039818432909069,0,70,255.0,255.0,255.0
134,6.7,13.49999984252188,2.5636990260085535e-80,-5.393759909216454,1.8219498494881054e-06,-2.9660826139351164e-79,-0.6864745295003851,4.770228068544158e-05,-7.765795827250344e-78,0.30617687570702723,0,70,255.0,255.0,255.0
135,6.75,13.5,0.0,-5.4277,4.612230314972485e-06,-7.508579971368574e-79,-0.6711108099046307,6.3908937933934e-05,-1.0404193602483547e-77,0.3083719081231502,0,70,255.0,255.0,255.0
136,6.800000000000001,13.500000285295993,-4.644537746505343e-80,-5.4608609469672995,6.295575504863479e-06,-1.0249018135673589e-78,-0.6551444959317645,3.424869661704812e-06,-5.575590547363626e-79,0.3302806507914871,0,70,255.0,255.0,255.0
137,6.8500000000000005,13.50000057915416,-9.42846525669471e-80,-5.49319619230762,4.954717281143021e-06,-8.066139026105026e-79,-0.6380827448254818,-5.70591986105233e-05,9.289075493010645e-78,0.35218939345982364,0,70,255.0,255.0,255.0
138,6.9,13.50000073036433,-1.1890123893631433e-79,-5.524650964164291,5.896556438111685e-07,-9.59942642662975e-80,-0.6199255565857823,-0.00011754326688275142,1.9135710040757655e-77,0.3740981361281601,0,70,255.0,255.0,255.0
139,6.95,13.500000587716334,-9.567855020378772e-80,-5.55517049068064,-6.799609407132078e-06,1.1069571014652557e-78,-0.6006729312126659,-0.00017802733515497952,2.898234458850467e-77,0.39600687879649665,0,70,255.0,255.0,255.0
140,7.0,13.5,0.0,-5.5847,-1.721307787168672e-05,2.8022401945841584e-78,-0.5803248687061329,-0.0002385114034272076,3.8828979136251686e-77,0.4179156214648341,0,70,255.0,255.0,255.0
141,7.050000000000001,13.49999893526086,1.73336508476294e-79,-5.61318087807643,-2.3495407647036587e-05,3.8249856410028702e-78,-0.5586508377101274,-1.2781787586783617e-05,2.0808387204961916e-78,0.4490456183753747,0,70,255.0,255.0,255.0
142,7.1000000000000005,13.499997838567248,3.5187511375382604e-79,-5.64053914210692,-1.849125663036529e-05,3.0103240666338123e-78,-0.5354203068685952,0.00021294782825363636,-3.466730169525864e-77,0.48017561528591485,0,70,255.0,255.0,255.0
143,7.15,13.499997274243208,4.437454647932119e-79,-5.666696967099196,-2.200624821673031e-06,3.582554714770182e-79,-0.5106332761815361,0.0004386774440940564,-7.141544211101348e-77,0.511305612196455,0,70,255.0,255.0,255.0
144,7.2,13.49999780661278,3.570772105550655e-79,-5.691576528060982,2.537648777904019e-05,-4.1312201444675116e-78,-0.4842897456489499,0.0006644070599344763,-1.0816358252676833e-76,0.5424356091069951,0,70,255.0,255.0,255.0
145,7.25,13.5,0.0,-5.7151,6.424008117177439e-05,-1.0458102781199777e-77,-0.45638971527083666,0.0008901366757748964,-1.4491172294252318e-76,0.5735656060175365,0,70,255.0,255.0,255.0
146,7.300000000000001,13.500003973660572,-6.469006564401226e-79,-5.737215540726983,8.768605508328288e-05,-1.4275040750444121e-77,-0.42849215322772227,4.7702280685429596e-05,-7.765795827248398e-78,0.5423368757070237,0,70,255.0,255.0,255.0
147,7.3500000000000005,13.500008066576845,-1.313215802448357e-78,-5.757975239264698,6.901030924031813e-05,-1.1234682363924744e-77,-0.402156027700134,-0.0007947321144040222,1.2938013128802393e-76,0.5111081453965116,0,70,255.0,255.0,255.0
148,7.4,13.500010172662835,-1.6560806202365333e-78,-5.777457167438921,8.212843642880932e-06,-1.33702762164177e-78,-0.3773813386880713,-0.0016371665094934741,2.6652605840329627e-76,0.4798794150859994,0,70,255.0,255.0,255.0
149,7.45,13.500008185832547,-1.3326302920164745e-78,-5.79573939707543,-9.470634170902865e-05,1.541792347640479e-77,-0.35416808619153417,-0.002479600904582926,4.0367198551856864e-76,0.44865068477548725,0,70,255.0,255.0,255.0
150,7.5,13.5,0.0,-5.8129,-0.0002397472468154108,3.903017093021495e-77,-0.33251627021052266,-0.003322035299672378,5.4081791263384095e-76,0.4174219544649773,0,70,255.0,255.0,255.0
151,7.550000000000001,13.499984370096852,2.414266117284196e-78,-5.829010559015639,-0.0003752488126859844,5.327517736077361e-77,-0.3120365493789854,-0.0020980273351504874,2.898234458849731e-77,0.4017668787965002,0,70,255.0,255.0,255.0
152,7.6000000000000005,13.499963495125368,4.900988096039601e-78,-5.84411670083429,-0.0004495499803304617,4.192840538906516e-77,-0.2923395823308724,-0.0008740193706286183,-4.828532234568371e-76,0.3861118031280233,0,70,255.0,255.0,255.0
153,7.65,13.499940435105456,6.18057701615292e-78,-5.858257563145117,-0.00046265074974884585,4.989855015090069e-78,-0.27342536906618325,0.0003499885938932504,-9.946887915021718e-76,0.37045672745954644,0,70,255.0,255.0,255.0
154,7.7,13.49991825005703,4.973443957510831e-78,-5.8714722836372975,-0.00041455112094113675,-5.754047376115165e-77,-0.25529390958491793,0.00157399655841512,-1.5065243595475061e-75,0.3548016517910696,0,70,255.0,255.0,255.0
155,7.75,13.4999,0.0,-5.8838,-0.0003052510939073344,-1.4566258093966e-76,-0.23794520388707638,0.002798004522936989,-2.0183599275928405e-75,0.3391465761225929,0,70,255.0,255.0,255.0
156,7.800000000000001,13.499888145952015,-9.010163812696663e-78,-5.895281423210458,-0.00017069080433565782,-1.9882566869265032e-76,-0.22147364925633628,0.002584407059929998,-1.0816358252674094e-76,0.3197156091070024,0,70,255.0,255.0,255.0
157,7.8500000000000005,13.49988275292168,-1.8290736581710043e-77,-5.905963557398147,-4.681038791433307e-05,-1.5647893919233583e-76,-0.20597364297637594,0.0023708095969230104,1.8020327625393247e-75,0.3002846420914123,0,70,255.0,255.0,255.0
158,7.9,13.499883286915336,-2.3066227444375155e-77,-5.9158949799806075,6.639015535664237e-05,-1.862239243871843e-77,-0.19144518504719513,0.0021572121339160227,3.71222910760539e-75,0.2808536750758222,0,70,255.0,255.0,255.0
159,7.95,13.499889213939332,-1.856114553802685e-77,-5.92512426837538,0.00016891082547726844,2.147439715682019e-76,-0.17788827546879382,0.0019436146709090356,5.622425452671456e-75,0.26142270806023205,0,70,255.0,255.0,255.0
160,8.0,13.4999,0.0,-5.9337,0.0002607516224475452,5.436201528284251e-76,-0.16530291424117202,0.001730017207902048,7.532621797737522e-75,0.24199174104464238,0,70,255.0,255.0,255.0
161,8.05,13.499915046095087,3.3626389133502453e-77,-5.941670148142531,0.00033801203003030057,7.420274974098276e-76,-0.15365285359566871,0.0013603990954081224,4.036719855184675e-76,0.2240106847754833,0,70,255.0,255.0,255.0
162,8.1,13.499933493187909,6.826195823080006e-77,-5.949080269573125,0.00039679153198835757,5.839873513802844e-76,-0.14290184576362375,0.0009907809829142098,-6.725277826700333e-75,0.20602962850632486,0,70,255.0,255.0,255.0
163,8.15,13.499954417233191,8.608433276134766e-77,-5.955975316932452,0.00043709012832172055,6.949971473978391e-77,-0.13304989074503634,0.000621162870420284,-1.3854227638919385e-74,0.18804857223716578,0,70,255.0,255.0,255.0
164,8.200000000000001,13.499976894185647,6.927113819459586e-77,-5.962400242861186,0.00045890781903038685,-8.01435412511674e-76,-0.12409698853990689,0.0002515447579263582,-2.098317745113844e-74,0.1700675159680067,0,70,255.0,255.0,255.0
165,8.25,13.5,0.0,-5.9684,0.00046224460411435696,-2.0288180303740404e-75,-0.11604313914823568,-0.00011807335456755393,-2.8112127263357248e-74,0.15208645969884815,0,70,255.0,255.0,255.0
166,8.3,13.500022869667642,-1.2549539272131317e-76,-5.974020384219416,0.00045064268421065765,-2.76928432094666e-75,-0.10893893636098745,-0.0003460034415804129,-1.506524359547127e-75,0.13208165179107684,0,70,255.0,255.0,255.0
167,8.35,13.500044874326683,-2.5475709634149034e-76,-5.979310564309355,0.0004276442599563162,-2.1794704663288e-75,-0.10283497396912801,-0.0005739335285932638,2.5099078544262044e-74,0.11207684388330622,0,70,255.0,255.0,255.0
168,8.4,13.500065444151899,-3.212711036010156e-76,-5.984320552289586,0.000393249331351331,-2.593764665204176e-76,-0.0977312519726569,-0.0008018636156061228,5.170468144807217e-74,0.0920720359755349,0,70,255.0,255.0,255.0
169,8.450000000000001,13.500084009318078,-2.5852340724035672e-76,-5.989100360179878,0.0003474578983957028,2.99099767847849e-75,-0.09362777037157438,-0.0010297937026189819,7.83102843518823e-74,0.07206722806776357,0,70,255.0,255.0,255.0
170,8.5,13.5001,0.0,-5.9937,0.0002902699610894336,7.571651968667736e-75,-0.09052452916588054,-0.001257723789631834,1.0491588725569146e-73,0.05206242015999363,0,70,255.0,255.0,255.0
171,8.55,13.500113475234343,4.683551817517501e-76,-5.998168314979802,0.00025941723312147553,1.0335109786376812e-74,-0.0883514009603753,2.3614670913528653e-05,5.622425452670042e-75,0.03486270806021467,0,70,255.0,255.0,255.0
172,8.6,13.500127009505361,9.507664271351613e-76,-6.002549473189454,0.00029263142818078413,8.133894513934912e-75,-0.08703825835985905,0.0013049531314588457,-9.367103635034786e-74,0.017662995960436335,0,70,255.0,255.0,255.0
173,8.65,13.50014380615921,1.1990000816427148e-75,-6.006886473909204,0.00038991254626736193,9.680061513418884e-76,-0.0865851013643317,0.002586291592004209,-1.9296449815336924e-73,0.00046328386065738053,0,70,255.0,255.0,255.0
174,8.700000000000001,13.500167068542039,9.648224907668309e-76,-6.011222316419303,0.0005512605873812087,-1.1162555301402284e-74,-0.08699192997379332,0.0038676300525495714,-2.922579599563907e-73,-0.016736428239121567,0,70,255.0,255.0,255.0
175,8.75,13.5002,0.0,-6.0156,0.0007766755515223153,-2.8257789844296905e-74,-0.08825874418824382,0.005148968513094886,-3.915514217594086e-73,-0.03393614033889947,0,70,255.0,255.0,255.0
176,8.8,13.500244829394987,-1.7479253342856873e-75,-6.020063955861375,0.0010076883832984785,-3.857115482456059e-74,-0.09047145979751586,0.004091544757951508,-2.0983177451133045e-74,-0.054572484031981186,0,70,255.0,255.0,255.0
177,8.85,13.500299887651867,-3.5483086121991555e-75,-6.024664342932829,0.0011858300273174666,-3.035610758941087e-74,-0.0937159925914419,0.0030341210028081668,3.495850668571293e-73,-0.07520882772506218,0,70,255.0,255.0,255.0
178,8.9,13.500362531211255,-4.474729222969843e-75,-6.029452752073596,0.0013111004835792922,-3.6126481388471204e-75,-0.0979923425700221,0.0019766972476647883,7.201533111654049e-73,-0.09584517141814389,0,70,255.0,255.0,255.0
179,8.950000000000001,13.500430116513762,-3.6007665558269677e-75,-6.034480774142908,0.0013834997520839481,4.165922352713065e-74,-0.10330050973325641,0.0009192734925214099,1.0907215554736805e-72,-0.11648151511122562,0,70,255.0,255.0,255.0
180,9.0,13.5005,0.0,-6.0398,0.0014030278328314345,1.0545950740851988e-73,-0.10964049408114458,-0.0001381502626219295,1.461289799781943e-72,-0.1371178588043066,0,70,255.0,255.0,255.0
181,9.05,13.500570407185714,6.523346155390999e-75,-6.045459861574699,0.001421829233699448,1.4394950951186555e-73,-0.11688275984955837,0.0008902062973424583,7.831028435186239e-74,-0.15257277193224114,0,70,255.0,255.0,255.0
182,9.1,13.50064303988717,1.3242468021661459e-74,-6.051501155079229,0.0014920484625656782,1.1329053584370854e-73,-0.12489777127436862,0.0019185628573068097,-1.3046692310781694e-72,-0.16802768506017512,0,70,255.0,255.0,255.0
183,9.15,13.50072046899577,1.669991681023666e-74,-6.057962517796409,0.00161368551943013,1.348258640404664e-74,-0.13368552835557587,0.0029469194172711973,-2.6876487465082497e-72,-0.1834825981881097,0,70,255.0,255.0,255.0
184,9.200000000000001,13.500805265402914,1.3438243732541045e-74,-6.06488258700906,0.0017867404042928021,-1.5547433880712023e-73,-0.14324603109317985,0.003975275977235585,-4.070628261938331e-72,-0.19893751131604423,0,70,255.0,255.0,255.0
185,9.25,13.5009,0.0,-6.0723,0.0020112131171536856,-3.935802397897826e-73,-0.1535792794871802,0.005003632537199945,-5.453607777368362e-72,-0.21439242444397877,0,70,255.0,255.0,255.0
186,9.3,13.50100634186216,-2.4345459287278307e-74,-6.0802413978398295,0.0022329946818974255,-5.372268832229016e-73,-0.16396550080425779,0.003867630052549529,-2.922579599563152e-73,-0.20105642823911773,0,70,255.0,255.0,255.0
187,9.35,13.501122352799452,-4.942156347444667e-74,-6.0886854367502545,0.0023979761224086392,-4.228060357854232e-73,-0.17368492231109192,0.002731627567899153,4.869091857455549e-72,-0.1877204320342572,0,70,255.0,255.0,255.0
188,9.4,13.501245192805664,-6.232493801797679e-74,-6.097598776740767,0.002506157438687338,-5.0317697477339174e-74,-0.18273754400768338,0.0015956250832487363,1.0030441674867595e-71,-0.17438443582939617,0,70,255.0,255.0,255.0
189,9.450000000000001,13.501372021874582,-5.015220837433717e-74,-6.106948077820853,0.0025575386307335147,5.802381317013504e-73,-0.19112336589403178,0.00045962259859832,1.519179149227964e-71,-0.16104843962453513,0,70,255.0,255.0,255.0
190,9.5,13.5015,0.0,-6.1167,0.0025521196985471713,1.4688614517506104e-72,-0.19884238797013687,-0.0006763798860520524,2.0353141309691507e-71,-0.1477124434196746,0,70,255.0,255.0,255.0
191,9.55,13.501627425365644,9.085849099372223e-74,-6.126828147065986,0.0025581920387097593,2.0049580233797403e-72,-0.20631123693340916,0.0009192734925555625,1.0907215554734002e-72,-0.15104151511121278,0,70,255.0,255.0,255.0
192,9.600000000000001,13.501757148915019,1.8444378587612803e-73,-6.137333897919752,0.002644047047802729,1.5779336072979516e-72,-0.21394653948125836,0.0025149268711631774,-1.8171698198744707e-71,-0.15437058680275095,0,70,255.0,255.0,255.0
193,9.65,13.501893159781574,2.3259983526167047e-73,-6.148225575240521,0.002809684725826073,1.8778820350531018e-73,-0.2217482956136842,0.004110580249770735,-3.743411795296214e-71,-0.15769965849428902,0,70,255.0,255.0,255.0
194,9.700000000000001,13.502039447098753,1.871705897648077e-73,-6.159511501707529,0.0030551050727798037,-2.165478187998282e-72,-0.22971650533068722,0.00570623362837835,-5.6696537707180246e-71,-0.1610287301858272,0,70,255.0,255.0,255.0
195,9.75,13.5022,0.0,-6.1712,0.0033803080886639037,-5.481865567212659e-72,-0.23785116863226682,0.007301887006985905,-7.595895746139767e-71,-0.16435780187736637,0,70,255.0,255.0,255.0
196,9.8,13.502377556675263,-3.390885046876106e-73,-6.183297213896226,0.0037102371632684802,-7.482605210296061e-72,-0.24602155146210264,0.005895275977196962,-4.0706282619372864e-72,-0.16245751131606154,0,70,255.0,255.0,255.0
197,9.850000000000001,13.502569851540468,-6.883535800300647e-73,-6.195800571570743,0.0039698356863836085,-5.888928393406393e-72,-0.2540969197638732,0.004488664947408021,6.78177009375231e-71,-0.1605572207547567,0,70,255.0,255.0,255.0
198,9.9,13.502773368068043,-8.68074403028705e-73,-6.208705322297146,0.004159103658009282,-7.008351165439033e-73,-0.26207727353757826,0.0030820539176191286,1.3970603013698093e-70,-0.15865693019345195,0,70,255.0,255.0,255.0
199,9.950000000000001,13.502984589730412,-6.985301506848939e-73,-6.222006715349033,0.004278041078145518,8.081674620291777e-72,-0.26996261278321837,0.001675442887830187,2.1159435933644132e-70,-0.15675663963214712,0,70,255.0,255.0,255.0
200,10.0,13.5032,0.0,-6.2357,0.004326647946792304,2.0458600817100025e-71,-0.27775293750079294,0.0002688318580412741,2.834826885358992e-70,-0.15485634907084256,0,70,255.0,255.0,255.0
201,10.05,13.503416747933302,1.2654955277567203e-72,-6.249781397349109,0.004344859308209147,2.7925462817804504e-71,-0.28550655721817736,0.00045962259863244475,1.5191791492275737e-71,-0.15528843962453154,0,70,255.0,255.0,255.0
202,10.100000000000001,13.503634644923105,2.568970534244131e-72,-6.264251015797279,0.0043726102066555484,2.1977779966327625e-71,-0.29328178146324635,0.0006504133392236154,-2.5309910555134773e-70,-0.15572053017822052,0,70,255.0,255.0,255.0
203,10.15,13.503854167946253,3.2396977768531503e-72,-6.279109935570895,0.004409900642131508,2.615552262670304e-72,-0.3010786102359994,0.0008412040798147794,-5.213900025949616e-70,-0.1561526207319095,0,70,255.0,255.0,255.0
204,10.200000000000001,13.5040757939796,2.606950012974767e-72,-6.294359236896341,0.004456730614637027,-3.016122029316883e-71,-0.3088970435364372,0.00103199482040595,-7.896808996385851e-70,-0.15658471128559848,0,70,255.0,255.0,255.0
205,10.25,13.5043,0.0,-6.31,0.004513100124172102,-7.635253770118745e-71,-0.31673708136455925,0.0012227855609971,-1.057971796682199e-69,-0.15701680183928612,0,70,255.0,255.0,255.0
206,10.3,13.504527451591521,-4.72289360633927e-72,-6.326032396707337,0.0045903256039058595,-1.0421924606092196e-70,-0.3245442196651875,0.001866233628353168,-5.669653770716564e-71,-0.15526873018584,0,70,255.0,255.0,255.0
207,10.350000000000001,13.504759568767113,-9.587528556946458e-72,-6.342452965240141,0.004699723487007422,-8.202219147190409e-71,-0.33226395438314343,0.002509681695709236,9.445787212678677e-70,-0.15352065853239386,0,70,255.0,255.0,255.0
208,10.4,13.504997960146945,-1.2090716704383897e-71,-6.359257335419274,0.004841293773476782,-9.761373934137273e-72,-0.3398962855184269,0.0031531297630652813,1.9458539802428654e-69,-0.1517725868789478,0,70,255.0,255.0,255.0
209,10.450000000000001,13.505244234351185,-9.72926990121417e-72,-6.376441137065606,0.005015036463313949,1.1256320655238348e-70,-0.3474412130710382,0.003796577830421349,2.9471292392178987e-69,-0.15002451522550167,0,70,255.0,255.0,255.0
210,10.5,13.5055,0.0,-6.394,0.005220951556518914,2.8495154998764978e-70,-0.35489873704097696,0.004440025897777408,3.9484044981928976e-69,-0.14827644357205383,0,70,255.0,255.0,255.0
211,10.55,13.50576624570061,1.7626078897600365e-71,-6.4119306158215394,0.005421838276158995,3.8895152142588336e-70,-0.3623325641210817,0.0035954428878257304,2.115943593363871e-70,-0.14907663963213072,0,70,255.0,255.0,255.0
212,10.600000000000001,13.506041480008442,3.5781143693541714e-71,-6.4302339232421595,0.005580495845301492,3.061109859212888e-70,-0.3698064010041902,0.002750859877874052,-3.5252157795201233e-69,-0.1498768356922076,0,70,255.0,255.0,255.0
213,10.65,13.506323591465966,4.512316904068242e-71,-6.448911922752008,0.005696924263946401,3.64299434738789e-71,-0.37732024769030237,0.0019062768679224042,-7.262025918376501e-69,-0.1506770317522845,0,70,255.0,255.0,255.0
214,10.700000000000001,13.50661046861566,3.631012959188195e-71,-6.46796661484124,0.005771123532093731,-4.2009160591636535e-70,-0.38487410417941864,0.001061693857970726,-1.0998836057233014e-68,-0.1514772278123614,0,70,255.0,255.0,255.0
215,10.75,13.5069,0.0,-6.4874,0.005803093649743476,-1.0634536622494117e-69,-0.3924679704715384,0.00021711084801907116,-1.4735646196089391e-68,-0.15227742387243692,0,70,255.0,255.0,255.0
216,10.8,13.507190765606035,-6.578142198406219e-71,-6.507213140006506,0.005834321291454954,-1.4515868396426114e-69,-0.4000455238504893,0.0010319948204400484,-7.896808996383837e-70,-0.15082471128559466,0,70,255.0,255.0,255.0
217,10.850000000000001,13.507484111199123,-1.335370462172204e-70,-6.527403341791228,0.005906293131787482,-1.1424217522132512e-69,-0.40755044160009807,0.0018468787928610255,1.3156284396812624e-68,-0.14937199869875237,0,70,255.0,255.0,255.0
218,10.9,13.50778207398919,-1.6840195945834582e-70,-6.547966973572693,0.006019009170741054,-1.3595839996137861e-70,-0.41498272372036454,0.0026617627652819735,2.7102249693263135e-68,-0.14791928611191016,0,70,255.0,255.0,255.0
219,10.950000000000001,13.508086691186175,-1.3551124846631362e-70,-6.56890040356944,0.00617246940831568,1.5678032171130778e-69,-0.42234237021128906,0.0034766467377029507,4.104821498971415e-68,-0.14646657352506787,0,70,255.0,255.0,255.0
220,11.0,13.5084,0.0,-6.5902,0.006366673844511348,3.968863099009997e-69,-0.4296293810728712,0.004291530710123892,5.499418028616466e-68,-0.14501386093822521,0,70,255.0,255.0,255.0
221,11.05,13.508723491875248,2.454996090386484e-70,-6.611862424152437,0.006568876558024128,5.417395837144563e-69,-0.43686134047696434,0.0037965778303872223,2.9471292392171395e-69,-0.1442645152254977,0,70,255.0,255.0,255.0
222,11.100000000000001,13.50905647519507,4.9836704117533984e-70,-6.633885509592937,0.006746331627550076,4.263576022931716e-69,-0.44405583259542114,0.0033016249506505526,-4.9099921807730385e-68,-0.1435151695127702,0,70,255.0,255.0,255.0
223,11.15,13.509397712577266,6.284846687927009e-70,-6.656267382957218,0.006899039053089183,5.074036563716326e-70,-0.45121285742824135,0.0028066720709139007,-1.0114697285467607e-67,-0.14276582380004274,0,70,255.0,255.0,255.0
224,11.200000000000001,13.509745966639644,5.0573486427337224e-70,-6.679006170881,0.007026998834641464,-5.851121262535948e-69,-0.4583324149754254,0.002311719191177231,-1.531940239016236e-67,-0.14201647808731524,0,70,255.0,255.0,255.0
225,11.25,13.5101,0.0,-6.7021,0.007130210972206907,-1.4811998733790576e-68,-0.4654145052369728,0.001816766311440593,-2.0524107494856923e-67,-0.14126713237458688,0,70,255.0,255.0,255.0
226,11.3,13.510458466892976,-9.162170141705313e-70,-6.72554756338375,0.007202172476443044,-2.0217996508935635e-68,-0.4724931142416467,0.0010616938580048478,-1.0998836057230172e-68,-0.14187722781236564,0,70,255.0,255.0,255.0
227,11.350000000000001,13.510819588020599,-1.8599311184841387e-69,-6.74934981983703,0.0072363803580073926,-1.5911882339513606e-68,-0.47960222801820956,0.0003066214045691026,1.832434028341089e-67,-0.14248732325014438,0,70,255.0,255.0,255.0
228,11.4,13.511181475701733,-2.345536715712457e-69,-6.773508294598434,0.007232834616899955,-1.893656225525157e-69,-0.48674184656666114,-0.00044845104886661593,3.774856417254411e-67,-0.1430974186879231,0,70,255.0,255.0,255.0
229,11.450000000000001,13.511542242255246,-1.8874282086271759e-69,-6.79802451290656,0.00719153525312073,2.183668183303071e-68,-0.4939119698870018,-0.001203523502302361,5.7172788061678014e-67,-0.14370751412570187,0,70,255.0,255.0,255.0
230,11.5,13.5119,0.0,-6.8229,0.007112482266669722,5.5279131836152306e-68,-0.5011125979792312,-0.0019585959557381002,7.659701195081122e-67,-0.14431760956347972,0,70,255.0,255.0,255.0
231,11.55,13.512253840552845,3.4193684476434763e-69,-6.848135322312566,0.007054433536218214,7.545459019859799e-68,-0.5082862025564457,-0.00036335326232221437,4.1048214989703475e-68,-0.14262657352509328,0,70,255.0,255.0,255.0
232,11.600000000000001,13.512606772722535,6.941357432761215e-69,-6.873727211058946,0.0070761469404375,5.93839533351227e-68,-0.5153752553317408,0.0012318894310936715,-6.838736895287053e-67,-0.1409355374867068,0,70,255.0,255.0,255.0
233,11.65,13.5129627846158,8.753662194057128e-69,-6.899671438649042,0.0071776224793275775,7.067221245728968e-69,-0.5223797563051163,0.0028271321245095004,-1.4087955940470883e-66,-0.13924450144832043,0,70,255.0,255.0,255.0
234,11.700000000000001,13.513325864339377,7.043977970235324e-69,-6.9259637774927585,0.007358860152888451,-8.149560606958687e-68,-0.5292997054765728,0.004422374817925386,-2.133717498565497e-66,-0.13755346540993396,0,70,255.0,255.0,255.0
235,11.75,13.5137,0.0,-6.9526,0.007619859961120111,-2.0630452861081865e-67,-0.5361351028461097,0.006017617511341215,-2.8586394030838797e-66,-0.1358624293715458,0,70,255.0,255.0,255.0
236,11.8,13.514087770895644,-1.2761256776403376e-68,-6.979576747365985,0.007876093378682964,-2.816003642854563e-67,-0.5429380755325807,0.004231719191172751,-1.531940239015836e-67,-0.1362564780872937,0,70,255.0,255.0,255.0
237,11.850000000000001,13.514486121089268,-2.5905498612560724e-68,-7.006894135927189,0.008043031880237392,-2.2162393100097722e-67,-0.5497607506548393,0.0024458208710042874,2.5522513552807125e-66,-0.13665052680304157,0,70,255.0,255.0,255.0
238,11.9,13.514890585835067,-3.266911206051606e-68,-7.034553150805399,0.008120675465783395,-2.6375228757390766e-68,-0.5566031282128849,0.0006599225508358867,5.257696734462913e-66,-0.13704457551878946,0,70,255.0,255.0,255.0
239,11.950000000000001,13.515296700387246,-2.6288483672314138e-68,-7.062554777122408,0.008109024135320978,3.0414574244531696e-67,-0.5634652082067181,-0.0011259757693325772,7.96314211364521e-66,-0.13743862423453734,0,70,255.0,255.0,255.0
240,12.0,13.5157,0.0,-7.0909,0.008008077888850142,7.699389826071223e-67,-0.5703469906363385,-0.002911874089500971,1.066858749282741e-65,-0.13783267295028523,0,70,255.0,255.0,255.0
241,12.05,13.516097475864575,4.762565865797003e-68,-7.119588888223495,0.007905192949055059,1.0509468669432275e-66,-0.5771934953132378,-0.0012035235023023262,5.7172788061663446e-67,-0.13602751412568562,0,70,255.0,255.0,255.0
242,12.100000000000001,13.516491942920396,9.668063701748169e-68,-7.148617845232304,0.007887725538619907,8.271117706687865e-67,-0.5839497420489074,0.0005048270848963185,-9.525131731594141e-66,-0.13422235530108603,0,70,255.0,255.0,255.0
243,12.15,13.516887672043927,1.2192278604800712e-67,-7.177982358129365,0.007955675657544686,9.843369378383472e-68,-0.5906157308433465,0.0022131776720949025,-1.9621991343804556e-65,-0.1324171964764865,0,70,255.0,255.0,255.0
244,12.200000000000001,13.517288934111638,9.810995671902131e-68,-7.207677914017619,0.0081090433058294,-1.1350873637116797e-66,-0.5971914616965559,0.003921528259293547,-2.971885095601533e-65,-0.1306120376518869,0,70,255.0,255.0,255.0
245,12.25,13.5177,0.0,-7.2377,0.008347828483474037,-2.8734514018176707e-66,-0.603676934608535,0.0056298788464921035,-3.981571056822576e-65,-0.1288068788272847,0,70,255.0,255.0,255.0
246,12.3,13.518123925646053,-1.7774137785547672e-67,-7.268045299740037,0.008599134825084476,-3.9221871034874526e-66,-0.6101439432144655,0.004422374817925323,-2.133717498564949e-66,-0.12987346540993364,0,70,255.0,255.0,255.0
247,12.350000000000001,13.518558907229151,-3.6081704945736595e-67,-7.2987152831436,0.008790065965266575,-3.086823151674168e-66,-0.6166642811495285,0.0032148707893585415,3.554827557109586e-65,-0.13094005199258255,0,70,255.0,255.0,255.0
248,12.4,13.519001925989222,-4.5502203213151236e-67,-7.329712616677143,0.008920621904020331,-3.6735954637794707e-67,-0.6232379484137237,0.0020073667607918037,7.323026864075533e-65,-0.13200663857523143,0,70,255.0,255.0,255.0
249,12.450000000000001,13.519449963166196,-3.661513432037709e-67,-7.361039966807125,0.008990802641345753,4.236203712401404e-66,-0.6298649450070517,0.0007998627322250229,1.1091226171041614e-64,-0.13307322515788036,0,70,255.0,255.0,255.0
250,12.5,13.5199,0.0,-7.3927,0.009000608177242833,1.072386662466356e-65,-0.6365452709295117,-0.00040764129634181245,1.4859425478007558e-64,-0.13413981174052747,0,70,255.0,255.0,255.0
251,12.55,13.520350021551211,6.633398527639368e-67,-7.424693912816357,0.009010267750601717,1.4637801547006583e-65,-0.6431907318288893,0.0007940242306970911,7.963142113643134e-66,-0.1316786242345676,0,70,255.0,255.0,255.0
252,12.600000000000001,13.520802028162999,1.346587560811982e-66,-7.457017022193301,0.009080010600312544,1.1520180836027886e-65,-0.6497131333529687,0.0019956897577359948,-1.326679705527893e-64,-0.12921743672860775,0,70,255.0,255.0,255.0
253,12.65,13.52125902399918,1.6981653424780425e-66,-7.489663175162066,0.009209836726375311,1.371004491727956e-66,-0.65611247550175,0.0031973552847748554,-2.7329908321921674e-64,-0.12675624922264797,0,70,255.0,255.0,255.0
254,12.700000000000001,13.521724013223574,1.3664954160960622e-66,-7.522626218753888,0.009399746128790031,-1.5809727485893936e-65,-0.6623887582752335,0.0043990208118137595,-4.139301958856492e-64,-0.12429506171668811,0,70,255.0,255.0,255.0
255,12.75,13.5222,0.0,-7.5559,0.009649738807556683,-4.002201509683657e-65,-0.6685419816734188,0.005600686338852551,-5.545613085520768e-64,-0.12183387421072922,0,70,255.0,255.0,255.0
256,12.8,13.522688788149102,-2.4756180332002713e-66,-7.589479848994536,0.009887794172509484,-5.46290190845389e-65,-0.6746611294699839,0.00392152825925937,-2.971885095600773e-65,-0.12293203765186933,0,70,255.0,255.0,255.0
257,12.850000000000001,13.52318738011885,-5.025533193790562e-66,-7.6233670280832015,0.010041891633482625,-4.299390019243739e-65,-0.6808351854386059,0.0022423701796661887,4.951236066400613e-64,-0.12403020109300943,0,70,255.0,255.0,255.0
258,12.9,13.52369157801405,-6.337639337780658e-66,-7.657564282674597,0.010112031190476104,-5.116658420533862e-66,-0.6870641495792849,0.0005632121000730675,1.0199660642361117e-63,-0.1251283645341495,0,70,255.0,255.0,255.0
259,12.950000000000001,13.5241971839395,-5.099830321180478e-66,-7.69207435817733,0.01009821284348993,5.900270623117432e-65,-0.6933480218920208,-0.0011159459795201136,1.5448085218321806e-63,-0.1262265279752896,0,70,255.0,255.0,255.0
260,13.0,13.5247,0.0,-7.7269,0.010000436592524095,1.4936419376268273e-64,-0.6996868023768138,-0.002795104059113304,2.0696509794282313e-63,-0.12732469141642877,0,70,255.0,255.0,255.0
261,13.05,13.52519722585238,9.239132280037148e-66,-7.762042691205504,0.009902555559352851,2.03878274791149e-64,-0.7060047502911716,-0.0011201372677363997,1.1091226171038797e-64,-0.12539322515787937,0,70,255.0,255.0,255.0
262,13.100000000000001,13.525691651361594,1.875554521435027e-65,-7.797498865473902,0.009888422865750455,1.6045541993372163e-64,-0.712226124892602,0.0005548295236405048,-1.8478264560074554e-63,-0.12346175889932999,0,70,255.0,255.0,255.0
263,13.15,13.526187463944614,2.3652392008644596e-65,-7.833263694139549,0.009958038511716899,1.9095629190407517e-65,-0.7183509261811045,0.00222979631501735,-3.806565173725229e-63,-0.12153029264078066,0,70,255.0,255.0,255.0
264,13.200000000000001,13.526688851018426,1.903282586862586e-65,-7.869332348536796,0.010111402497252191,-2.2020109743880334e-64,-0.72437915415668,0.003904763106394254,-5.765303891443073e-63,-0.11959882638223128,0,70,255.0,255.0,255.0
265,13.25,13.5272,0.0,-7.9057,0.01034851482235632,-5.5743475995389434e-64,-0.7303108088193275,0.005579729897771071,-7.724042609160847e-63,-0.11766736012368106,0,70,255.0,255.0,255.0
266,13.3,13.527723908441372,-3.4480911086948316e-65,-7.942362986183452,0.01059798359009509,-7.608840800800569e-64,-0.7362158693653372,0.004399020811779578,-4.139301958855424e-64,-0.11853506171670283,0,70,255.0,255.0,255.0
267,13.350000000000001,13.528258814434771,-6.999664766361052e-65,-7.979322310021195,0.010788416903534284,-5.988277795424489e-64,-0.742164314990998,0.0032183117257880835,6.896182217389762e-63,-0.11940276330972462,0,70,255.0,255.0,255.0
268,13.4,13.528801766207486,-8.827192869679771e-65,-8.016580140767212,0.0109198147626739,-7.126585834109602e-65,-0.7481561456963096,0.002037602639796632,1.4206294630664805e-62,-0.12027046490274636,0,70,255.0,255.0,255.0
269,13.450000000000001,13.529349811986801,-7.1031473153322924e-65,-8.054138647675488,0.010992177167513944,8.218016835240394e-64,-0.7541913614812725,0.0008568935538051381,2.151640704394011e-62,-0.12113816649576814,0,70,255.0,255.0,255.0
270,13.5,13.5299,0.0,-8.092,0.011005504118054414,2.0803748460528946e-63,-0.7602699623458865,-0.00032381553218625847,2.8826519457215156e-62,-0.122005868088789,0,70,255.0,255.0,255.0
271,13.55,13.530450340382135,1.2868451206775612e-64,-8.13016536406069,0.011017510080261646,2.8396580455290784e-63,-0.7663317722474876,0.0008040540204754553,1.54480852183178e-63,-0.12046652797525129,0,70,255.0,255.0,255.0
272,13.600000000000001,13.531002690899319,2.6123104544009177e-64,-8.168631894441324,0.011085909520101961,2.234855698236075e-63,-0.7723166151434118,0.0019319235731371691,-2.5736902413551596e-62,-0.11892718786171357,0,70,255.0,255.0,255.0
273,13.65,13.53155987122544,3.294353227785462e-64,-8.207395742791604,0.011210702437575357,2.659678041739765e-64,-0.778224491033659,0.0030597931257988426,-5.3018613348934e-62,-0.11738784774817591,0,70,255.0,255.0,255.0
274,13.700000000000001,13.532124701034371,2.6509306674466576e-64,-8.24645306076126,0.011391888832681846,-3.067005636657354e-63,-0.7840553999182294,0.004187662678460557,-8.030032428431739e-62,-0.11584850763463819,0,70,255.0,255.0,255.0
275,13.75,13.5327,0.0,-8.2858,0.011629468705421413,-7.764064624257684e-63,-0.7898093417971227,0.005315532231122244,-1.0758203521969979e-61,-0.11430916752109876,0,70,255.0,255.0,255.0
276,13.8,13.533287530030092,-4.802571371840762e-64,-8.325433157573785,0.01185997608886018,-1.0597748102036258e-62,-0.7955130416447068,0.0039047631064282797,-5.765303891441582e-63,-0.11383882638226037,0,70,255.0,255.0,255.0
277,13.850000000000001,13.53388482196795,-9.749275340967567e-64,-8.365350912213522,0.012019945016064246,-8.34059501340185e-63,-0.8011932244353489,0.002493993981734315,9.605142743681663e-62,-0.11336848524342197,0,70,255.0,255.0,255.0
278,13.9,13.534488348890761,-1.2294693624173872e-63,-8.405552088066369,0.012109375487033613,-9.926053583548154e-64,-0.806849890169049,0.0010832248570404003,1.978681587650712e-61,-0.11289814410458358,0,70,255.0,255.0,255.0
279,13.950000000000001,13.535094583875713,-9.89340793825341e-64,-8.44603550927948,0.012128267501768283,1.1446220863105375e-62,-0.8124830388458072,-0.00032754426765356417,2.9968489009332938e-61,-0.11242780296574519,0,70,255.0,255.0,255.0
280,14.0,13.5357,0.0,-8.4868,0.012076621060268257,2.897588365097784e-62,-0.8180926704656234,-0.001738313392347493,4.015016214215839e-61,-0.11195746182690502,0,70,255.0,255.0,255.0
281,14.05,13.5363019394975,1.7923440366685482e-63,-8.527844405644178,0.012006585564303958,3.955133436261595e-62,-0.8236800611736904,-0.0010631064462244366,2.151640704393448e-62,-0.11153816649577325,0,70,255.0,255.0,255.0
282,14.100000000000001,13.536901221228886,3.638479090946934e-63,-8.569167656704595,0.01197031041564581,3.112752435537132e-62,-0.8292464871152009,-0.00038789950010137994,-3.584688073337149e-61,-0.11111887116464149,0,70,255.0,255.0,255.0
283,14.15,13.53749953321152,4.5884421268910013e-63,-8.610768704942922,0.011967795614293819,3.7044536292452687e-63,-0.8347919482901546,0.00028730744602165287,-7.384540217113508e-61,-0.11069957583350973,0,70,255.0,255.0,255.0
284,14.200000000000001,13.538098563462771,3.692270108556693e-63,-8.652646502120835,0.011999041160247978,-4.2717877815764165e-62,-0.8403164446985517,0.0009625143921447093,-1.1184392360890002e-60,-0.11028028050237797,0,70,255.0,255.0,255.0
285,14.25,13.5387,0.0,-8.6948,0.012064047053508288,-1.0813946997965367e-61,-0.8458199763403922,0.001637721338267742,-1.4984244504666356e-60,-0.10986098517124354,0,70,255.0,255.0,255.0
286,14.3,13.539305511979906,-6.689119009490117e-63,-8.73722841984951,0.012161681653926608,-1.4760758934842755e-61,-0.8513187136605388,0.002267662678465033,-8.030032428429635e-62,-0.11008850763461667,0,70,255.0,255.0,255.0
287,14.350000000000001,13.53991669311651,-1.3578988829690982e-62,-8.77993206096811,0.012290813321354795,-1.1616950240808344e-61,-0.856828827103854,0.002897604018662324,1.337823801898043e-60,-0.11031603009798979,0,70,255.0,255.0,255.0
288,14.4,13.54053511826316,-1.712429914514662e-62,-8.82291149216195,0.01245144205579284,-1.3825209158626285e-62,-0.8623503166703378,0.003527545358859592,2.7559479280803316e-60,-0.1105435525613629,0,70,255.0,255.0,255.0
289,14.450000000000001,13.541162362273207,-1.377973964040144e-62,-8.866167282237194,0.012643567857240752,1.594252903999512e-61,-0.8678831823599902,0.004157486699056884,4.1740720542626706e-60,-0.11077107502473603,0,70,255.0,255.0,255.0
290,14.5,13.5418,0.0,-8.9097,0.012867190725698526,4.035819962676368e-61,-0.8734274241728113,0.004787428039254166,5.59219618044496e-60,-0.11099859748810381,0,70,255.0,255.0,255.0
291,14.55,13.542448812582874,2.496413200129192e-62,-8.953509114957784,0.01307468781998832,5.508790230310942e-61,-0.8789170841841569,0.0035124557323374813,2.9968489009325217e-61,-0.1085878029657177,0,70,255.0,255.0,255.0
292,14.600000000000001,13.543106406305078,5.067747622781699e-62,-8.997589699422983,0.01321843629893228,4.335504852769624e-61,-0.8842862044693832,0.002237483425420797,-4.992826400258456e-60,-0.10617700844333157,0,70,255.0,255.0,255.0
293,14.65,13.543769593735844,6.390875445369547e-62,-9.041935726409287,0.013298436162530401,5.159638300525984e-62,-0.88953478502849,0.000962511118504158,-1.0285337690609976e-59,-0.10376621392094554,0,70,255.0,255.0,255.0
294,14.700000000000001,13.544435187444407,5.1426688453049085e-62,-9.086541168930395,0.013314687410782693,-5.949832837840406e-61,-0.8946628258614777,-0.0003124611884125269,-1.5577848980961687e-59,-0.10135541939855942,0,70,255.0,255.0,255.0
295,14.75,13.5451,0.0,-9.1314,0.013267190043689153,-1.5061885150908937e-60,-0.8996703269683458,-0.001587433495329152,-2.0870360271313205e-59,-0.09894462487617428,0,70,255.0,255.0,255.0
296,14.8,13.545761637688601,-9.316740899567756e-62,-9.176507920319358,0.013203567066110505,-2.0559085027759496e-60,-0.9046609496028112,-0.0009574856078167209,-1.1184392360887126e-60,-0.10068028050243483,0,70,255.0,255.0,255.0
297,14.850000000000001,13.546420881663185,-1.89130916081577e-61,-9.22186754133997,0.013171441482907479,-1.6180324386997665e-60,-0.9097383550185895,-0.0003275377203042899,1.863348179913578e-59,-0.10241593612869537,0,70,255.0,255.0,255.0
298,14.9,13.547079306793465,-2.3851071866963533e-61,-9.267483202200903,0.013170813294080074,-1.92560322862413e-61,-0.9149025432156807,0.0003024101672081186,3.838540283435957e-59,-0.10415159175495586,0,70,255.0,255.0,255.0
299,14.950000000000001,13.547738487949164,-1.919270141717948e-61,-9.313359242041228,0.013201682499628293,2.220507844736211e-60,-0.920153514194085,0.0009323580547205496,5.8137323869584065e-59,-0.10588724738121641,0,70,255.0,255.0,255.0
300,15.0,13.5484,0.0,-9.3595,0.013264049099552129,5.621172064095938e-60,-0.9254912679538023,0.0015623059422330138,7.788924490480786e-59,-0.10762290300747601,0,70,255.0,255.0,255.0
301,15.05,13.549065436662723,3.477055039814183e-61,-9.405908003764791,0.013359043915583638,7.672754988072704e-60,-0.9308071174046071,0.0022374866990272813,4.174072054261594e-60,-0.1050110750247121,0,70,255.0,255.0,255.0
302,15.100000000000001,13.54973646704219,7.05846188098491e-61,-9.452578535217144,0.013487797769454858,6.038579269522102e-60,-0.9359923754562737,0.0029126674558215488,-6.9541100796284675e-59,-0.1023992470419482,0,70,255.0,255.0,255.0
303,15.15,13.550414779090298,8.901341202248457e-61,-9.4995050647871,0.01365031066116579,7.186449084443906e-61,-0.9410470421088019,0.003587848212615793,-1.4325627364682832e-58,-0.09978741905918438,0,70,255.0,255.0,255.0
304,15.200000000000001,13.551102060758936,7.162813682341302e-61,-9.546681062904705,0.013846582590716439,-8.287048095160811e-60,-0.9459711173621921,0.00426302896941006,-2.169714464973746e-58,-0.09717559107642047,0,70,255.0,255.0,255.0
305,15.25,13.5518,0.0,-9.5941,0.014076613558106795,-2.097849974129286e-59,-0.9507646012164439,0.004938209726204262,-2.906866193479183e-58,-0.09456376309365133,0,70,255.0,255.0,255.0
306,15.3,13.552509415660515,-1.2976546069299958e-60,-9.641756864621483,0.014288257271551369,-2.8635111449514868e-59,-0.9555185807787487,0.0035275388115785086,-1.5577848980957667e-59,-0.09559541939853668,0,70,255.0,255.0,255.0
307,15.350000000000001,13.553227650168061,-2.634253836312387e-60,-9.689652717791464,0.014429367439264651,-2.2536284639388644e-59,-0.9603241431562977,0.0021168678969527553,2.5953092138600296e-58,-0.09662707570342202,0,70,255.0,255.0,255.0
308,15.4,13.553951176845347,-3.322025762229748e-60,-9.7377901386507,0.014499944061246646,-2.682019310915166e-60,-0.9651812883490908,0.0007061969823270522,5.3463969175295375e-58,-0.09765873200830734,0,70,255.0,255.0,255.0
309,15.450000000000001,13.554676469015089,-2.673198458764726e-60,-9.786171706339958,0.014499987137497353,3.092768453590701e-59,-0.9700900163571284,-0.0007044739322987015,8.097484621199143e-58,-0.09869038831319268,0,70,255.0,255.0,255.0
310,15.5,13.5554,0.0,-9.8348,0.014429496668016776,7.82928269010755e-59,-0.97505032718041,-0.0021151448469244466,1.0848572324868652e-57,-0.09972204461807177,0,70,255.0,255.0,255.0
311,15.55,13.556119300695219,4.842912923738565e-60,-9.88367653774928,0.014351926998211788,1.0686769080998676e-58,-0.9799985594803935,-0.0009876419452749508,5.813732386956912e-59,-0.09820724738126765,0,70,255.0,255.0,255.0
312,15.600000000000001,13.556836132285573,9.831169157151055e-60,-9.932798593617008,0.01433073247348928,8.410655928803248e-59,-0.9848710519185369,0.000139860956374545,-9.685825847477269e-58,-0.09669245014446352,0,70,255.0,255.0,255.0
313,15.65,13.557553313528318,1.2397968928694145e-59,-9.9821623806101,0.014365913093849242,1.0009432335216219e-59,-0.9896678044948398,0.0012673638580240005,-1.9953024933649865e-57,-0.09517765290765946,0,70,255.0,255.0,255.0
314,15.700000000000001,13.55827366318071,9.976512466824775e-60,-10.031764111735463,0.01445746885929168,-1.1542369004846729e-58,-0.9943888172093028,0.0023948667596734967,-3.022022401982283e-57,-0.09366285567085533,0,70,255.0,255.0,255.0
315,15.75,13.559,0.0,-10.0816,0.01460539976981659,-2.9219280786300915e-58,-0.9990340900619252,0.003522369661322966,-4.0487423105995423e-57,-0.09214805843404683,0,70,255.0,255.0,255.0
316,15.8,13.559734181558612,-1.8073997088024265e-59,-10.131666584381408,0.01475203473558503,-3.988356517904322e-58,-1.0036231812996856,0.0023430289694145014,-2.169714464973188e-58,-0.0914155910763636,0,70,255.0,255.0,255.0
317,15.850000000000001,13.560474220689649,-3.6690422792291847e-59,-10.181961707740506,0.014839702666758044,-3.1388995251274128e-58,-1.0081756491695617,0.0011636882775060363,3.6147994176049047e-57,-0.09068312371868037,0,70,255.0,255.0,255.0
318,15.9,13.56121716904138,-4.6269849952546835e-59,-10.232483538908898,0.014868403563335636,-3.7355710029949797e-59,-1.0126914936715534,-1.565241440238665e-05,7.446570281706991e-57,-0.08995065636099717,0,70,255.0,255.0,255.0
319,15.950000000000001,13.561960078262072,-3.723285140853437e-59,-10.283230246718194,0.014838137425317805,4.307670756579621e-58,-1.0171707148056615,-0.0011949931063108517,1.1278341145809215e-56,-0.08921818900331394,0,70,255.0,255.0,255.0
320,16.0,13.5627,0.0,-10.3342,0.01474890425270455,1.090478404550961e-57,-1.0216133125718851,-0.0023743337982192886,1.5110112009911304e-56,-0.08848572164563251,0,70,255.0,255.0,255.0
321,16.05,13.563435173070332,6.745307542835849e-59,-10.385391524725096,0.014671934059442452,1.488474916351742e-57,-1.0260527153208563,-0.0007044739322645667,8.097484621197053e-58,-0.08909038831321255,0,70,255.0,255.0,255.0
322,16.1,13.564168584955832,1.369305220120163e-58,-10.436805775420975,0.014678456859478092,1.1714532507629328e-57,-1.0305223514032067,0.0009653859336901552,-1.3490615085671893e-56,-0.0896950549807926,0,70,255.0,255.0,255.0
323,16.150000000000002,13.564904410306166,1.726814308814934e-58,-10.488444263754307,0.01476847265281147,1.3941340778453352e-58,-1.0350222208189357,0.002635245799644877,-2.779097863346349e-56,-0.09029972164837263,0,70,255.0,255.0,255.0
324,16.2,13.565646823771003,1.389548931673155e-58,-10.540308501391758,0.01494198143944257,-1.6076446125833065e-57,-1.0395523235680437,0.00430510566559948,-4.209134218125407e-56,-0.09090438831595264,0,70,255.0,255.0,255.0
325,16.25,13.5664,0.0,-10.5924,0.015198983219371414,-4.069720810340835e-57,-1.044112659650531,0.005974965531554258,-5.639170572904568e-56,-0.09150905498353445,0,70,255.0,255.0,255.0
326,16.3,13.567166726160062,-2.517383046254097e-58,-10.64471931671821,0.015456229026651147,-5.555064013616535e-57,-1.048645957416891,0.004314866759634907,-3.0220224019815e-57,-0.08982285567086128,0,70,255.0,255.0,255.0
327,16.35,13.567944239487021,-5.1103166525577335e-58,-10.697263190575597,0.01563046989533491,-4.3719230505389886e-57,-1.0530949452176173,0.002654767987715556,5.034766092508268e-56,-0.0881366563581881,0,70,255.0,255.0,255.0
328,16.400000000000002,13.56872838973395,-6.444558735734268e-58,-10.75002740607388,0.01572170582542271,-5.202979211081963e-58,-1.05745962305271,0.0009946692157962057,1.0371734425214684e-55,-0.08645045704551492,0,70,255.0,255.0,255.0
329,16.45,13.56951502665392,-5.185867212607269e-58,-10.803007747714771,0.015729936816914536,5.999811374675284e-57,-1.0617399909221685,-0.0006654295561230273,1.5708702757920722e-55,-0.08476425773284187,0,70,255.0,255.0,255.0
330,16.5,13.5703,0.0,-10.8562,0.015655162869810398,1.518840483681238e-56,-1.065936048825994,-0.002325528328042392,2.1045671090627137e-55,-0.08307805842016869,0,70,255.0,255.0,255.0
331,16.55,13.571080322289422,9.395001430732803e-58,-10.909600808402068,0.015567149833951566,2.07317811381144e-56,-1.0700994550115805,-0.0011949931063108326,1.1278341145806288e-56,-0.0834581890032947,0,70,255.0,255.0,255.0
332,16.6,13.571857657096078,1.9071961390110774e-57,-10.963210262276645,0.015535663559179312,1.6316238951393024e-56,-1.0742818677263235,-6.445788457927308e-05,-1.879000286146588e-55,-0.08383831958642071,0,70,255.0,255.0,255.0
333,16.650000000000002,13.572634830758025,2.4051420634122137e-57,-11.017029311950187,0.015560704045493638,1.9417782766482556e-57,-1.0784832869702228,0.0010660773371522865,-3.870783983751239e-55,-0.08421845016954671,0,70,255.0,255.0,255.0
334,16.7,13.573414669613314,1.9353919918755918e-57,-11.071058907749151,0.015642271292894534,-2.2391600886117836e-56,-1.082703712743278,0.0021966125588837654,-5.862567681355748e-55,-0.0845985807526727,0,70,255.0,255.0,255.0
335,16.75,13.5742,0.0,-11.1253,0.01578036530138201,-5.6683898536908685e-56,-1.0869431450454898,0.0033271477806152416,-7.854351378960399e-55,-0.08497871133579515,0,70,255.0,255.0,255.0
336,16.8,13.574992784682246,-3.5062622676677116e-57,-11.17975264967352,0.015923171637538345,-7.737206053884106e-56,-1.0911482225367841,0.0023851056656380796,-4.209134218124366e-56,-0.08322438831597087,0,70,255.0,255.0,255.0
337,16.85,13.575791532128658,-7.117752890788536e-57,-11.234413360317829,0.01601887586794582,-6.0893032755033105e-56,-1.095265583877087,0.0014430635506609178,7.012524535335526e-55,-0.08147006529614659,0,70,255.0,255.0,255.0
338,16.900000000000002,13.576593887233946,-8.97611238007543e-57,-11.289277746125379,0.01606747799260444,-7.246815185484822e-57,-1.0992952290663989,0.0005010214356837559,1.4445962492483488e-54,-0.07971574227632232,0,70,255.0,255.0,255.0
339,16.95,13.577397494892821,-7.222981246241643e-57,-11.344341421288616,0.0160689780115142,8.3566592169796e-56,-1.1032371581047191,-0.0004410206792933389,2.1879400449630923e-54,-0.07796141925649816,0,70,255.0,255.0,255.0
340,17.0,13.5782,0.0,-11.3996,0.016023375924675107,2.1154718931082236e-55,-1.1070913709920482,-0.0013830627942704177,2.9312838406778876e-54,-0.0762070962366721,0,70,255.0,255.0,255.0
341,17.05,13.578999738981588,1.3085548927597565e-56,-11.455050192903855,0.015972163615914418,2.8875646101724985e-55,-1.1109236548412864,-0.0006654295561571276,1.5708702757916868e-55,-0.07708425773286082,0,70,255.0,255.0,255.0
342,17.1,13.579797814389291,2.656381542414306e-56,-11.510693096452043,0.015956832969059392,2.272558920687394e-55,-1.1147997967653345,5.220368195616256e-05,-2.61710978551955e-54,-0.07796141922904953,0,70,255.0,255.0,255.0
343,17.150000000000002,13.580596020306194,3.34993074568895e-56,-11.566530903548305,0.015977383984110034,2.7045482465291013e-56,-1.1187197967641915,0.0007698369200694528,-5.39130659861827e-54,-0.07883858072523825,0,70,255.0,255.0,255.0
344,17.2,13.5813961508154,2.6956532993090966e-56,-11.622565807096374,0.016033816661066333,-3.118747677930662e-55,-1.1226836548378583,0.001487470158182692,-8.165503411716791e-54,-0.07971574222142691,0,70,255.0,255.0,255.0
345,17.25,13.5822,0.0,-11.6788,0.016126130999928302,-7.895048587063807e-55,-1.1266913709863342,0.0022051033962959266,-1.093970022481551e-53,-0.08059290371761563,0,70,255.0,255.0,255.0
346,17.3,13.583009059391394,-4.883593344272254e-56,-11.735234578711063,0.01623617389880694,-1.0776537835301581e-54,-1.13067715809809,0.0021966125588495865,-5.862567681354273e-55,-0.07883858075261682,0,70,255.0,255.0,255.0
347,17.35,13.583823610314184,-9.91375088057837e-56,-11.791866253874009,0.016345792255813264,-8.48130535519924e-55,-1.134575229061596,0.0021881217214032465,9.767186688544655e-54,-0.07708425778761802,0,70,255.0,255.0,255.0
348,17.400000000000002,13.584643631541276,-1.2502111744748256e-55,-11.84869063968142,0.01645498607094727,-1.0093511467567869e-55,-1.138385583876852,0.0021796308839569065,2.0120630145224734e-53,-0.07532993482261922,0,70,255.0,255.0,255.0
349,17.45,13.58546910184558,-1.0060315072612222e-55,-11.905703350325885,0.01656375534420895,1.1639324790024697e-54,-1.142108222543858,0.002171140046510567,3.047407360190408e-53,-0.07357561185762054,0,70,255.0,255.0,255.0
350,17.5,13.5863,0.0,-11.9629,0.01667210007559832,2.9464722455147003e-54,-1.145743145062614,0.0021626492090641714,4.0827517058584163e-53,-0.07182128889261996,0,70,255.0,255.0,255.0
351,17.55,13.587136023452837,1.8225818484329264e-55,-12.020277092251899,0.016763140788844187,4.0218586731033833e-54,-1.1493437127663424,0.0014789793207704142,2.187940044962554e-54,-0.07220141925650801,0,70,255.0,255.0,255.0
352,17.6,13.587975744353978,3.699862197989918e-55,-12.07783468805194,0.016819998007675366,3.165266250010959e-54,-1.1529632869882651,0.0007953094324766568,-3.6451636968659055e-53,-0.07258154962039606,0,70,255.0,255.0,255.0
353,17.650000000000002,13.588817453528698,4.665851623330408e-55,-12.13557373772603,0.016842671732091856,3.7669497623742526e-55,-1.156601867728382,0.00011163954418289945,-7.509121398228066e-53,-0.0729616799842841,0,70,255.0,255.0,255.0
354,17.7,13.58965944180228,3.754560699113979e-55,-12.193495191600078,0.016831161962093655,-4.3438551482168124e-54,-1.1602594549866931,-0.0005720303441108091,-1.1373079099589953e-52,-0.07334181034817212,0,70,255.0,255.0,255.0
355,17.75,13.5905,0.0,-12.2516,0.016785468697680772,-1.099638412335242e-53,-1.1639360487631993,-0.0012557002324046218,-1.5237036800952112e-52,-0.07372194071206195,0,70,255.0,255.0,255.0
356,17.8,13.591338046797258,-6.80196805930448e-55,-12.309888252281345,0.016743262945824483,-1.5009780908883374e-53,-1.1675799908365379,-0.00043252984184695084,-8.165503411714778e-54,-0.0720357422214789,0,70,255.0,255.0,255.0
357,17.85,13.592175012269907,-1.3808073703901835e-54,-12.368356593918246,0.016742215713496076,-1.1812934464523912e-53,-1.1711396229853475,0.00039064054871072013,1.3603936118609157e-52,-0.07034954373089586,0,70,255.0,255.0,255.0
358,17.900000000000002,13.593012954343932,-1.7413195318846802e-54,-12.427000809414475,0.016782327000695554,-1.405844790274028e-54,-1.1746149452096277,0.001213810939268391,2.802442257838979e-52,-0.06866334524031281,0,70,255.0,255.0,255.0
359,17.95,13.593853930945304,-1.401221128919471e-54,-12.485816683273798,0.01686359680742291,1.6211488113864771e-53,-1.1780059575093784,0.0020369813298260035,4.24449090381694e-52,-0.06697714674972988,0,70,255.0,255.0,255.0
360,18.0,13.5947,0.0,-12.5448,0.01698602513367815,4.103906424789498e-53,-1.1813126598846004,0.0028601517203835913,5.686539549795002e-52,-0.06529094825915038,0,70,255.0,255.0,255.0
361,18.05,13.595552589358137,2.538529038878499e-54,-12.603947498622723,0.017111807427850505,5.601726496243011e-53,-1.1845923238875185,0.002171140046510529,3.0474073601896543e-53,-0.06589561185757163,0,70,255.0,255.0,255.0
362,18.1,13.59641060656639,5.153243261761741e-54,-12.663259736275087,0.017203139138329205,4.408647160808468e-53,-1.1879022210703576,0.0014821283726374672,-5.077058077757071e-52,-0.06650027545599288,0,70,255.0,255.0,255.0
363,18.150000000000002,13.597272329095576,6.498692965205679e-54,-12.72273822461609,0.017260020265114254,5.246684184858671e-54,-1.1912423514331179,0.0007931166987644052,-1.0458856891533108e-51,-0.06710493905441413,0,70,255.0,255.0,255.0
364,18.2,13.598136034416505,5.229428445766482e-54,-12.782384475304726,0.017282450808205646,-6.0502097307242235e-53,-1.194612714975799,0.00010410502489139207,-1.584065570530876e-51,-0.06770960265283534,0,70,255.0,255.0,255.0
365,18.25,13.599,0.0,-12.8422,0.017270430767603387,-1.531598728682275e-52,-1.1980133116984013,-0.0005849066489816979,-2.1222454519084795e-51,-0.06831426625125658,0,70,255.0,255.0,255.0
366,18.3,13.599862795770195,-9.473919349583548e-54,-12.902185753227775,0.017241507342776925,-2.0905927894083706e-52,-1.2014107136133876,-0.0005720303440767125,-1.137307909958712e-52,-0.06758181034818661,0,70,255.0,255.0,255.0
367,18.35,13.600724161464532,-1.9232165676656784e-53,-12.962340460981423,0.017213227733195717,-1.6453295196781473e-52,-1.20477149273322,-0.0005591540391717272,1.894783869916737e-51,-0.06684935444511664,0,70,255.0,255.0,255.0
368,18.400000000000002,13.60158412927377,-2.4253452328938034e-53,-13.02266229212118,0.017185591938859754,-1.9580891949160633e-53,-1.2080956490578991,-0.0005462777342667419,3.9032985308293463e-51,-0.06611689854204666,0,70,255.0,255.0,255.0
369,18.45,13.602442731388672,-1.9516492654146458e-53,-13.08314941550729,0.017158599959769042,2.2579690111510435e-52,-1.2113831825874246,-0.0005334014293617575,5.911813191741811e-51,-0.06538444263897675,0,70,255.0,255.0,255.0
370,18.5,13.6033,0.0,-13.1438,0.017132251795923575,5.71600427225015e-52,-1.2146340933217967,-0.0005205251244568554,7.920327852654421e-51,-0.06465198673590322,0,70,255.0,255.0,255.0
371,18.55,13.60415622756108,3.5357148359455694e-53,-13.204611888466184,0.01712216320105621,7.802198508009182e-52,-1.217828821658938,0.00011698132976222593,4.2444909038158955e-52,-0.06313714674973878,0,70,255.0,255.0,255.0
372,18.6,13.605012747575485,7.177541944486539e-53,-13.26558161979924,0.017143949928899796,6.1404533626317445e-52,-1.2209478079967706,0.0007544877839813073,-7.071429671891242e-51,-0.061622306763574344,0,70,255.0,255.0,255.0
373,18.650000000000002,13.60587115380935,9.05151163505465e-53,-13.326705406899208,0.01719761197945434,7.307688361178373e-53,-1.2239910523352953,0.0013919942382003886,-1.4567308434164074e-50,-0.060107466777409906,0,70,255.0,255.0,255.0
374,18.7,13.606733040028809,7.283654217081934e-53,-13.387979462666111,0.01728314935271983,-8.426855071531749e-52,-1.2269585546745116,0.002029500692419425,-2.206318719643637e-50,-0.05859262679124557,0,70,255.0,255.0,255.0
375,18.75,13.6076,0.0,-13.4494,0.01740056204869628,-2.1332418360318324e-51,-1.22985031501442,0.0026670071466384504,-2.95590659587092e-50,-0.05707778680508646,0,70,255.0,255.0,255.0
376,18.8,13.608473093985484,-1.3195467408823923e-52,-13.510964292907499,0.01751783985298527,-2.911820124262835e-51,-1.232729999750867,0.002024105024920971,-1.584065570530486e-51,-0.058109602652791296,0,70,255.0,255.0,255.0
377,18.85,13.60935124823353,-2.678695121028048e-52,-13.572673859821629,0.017602972551188378,-2.2916483930848828e-51,-1.2356612752796992,0.0013812029032034918,2.6390934817648226e-50,-0.05914141850049613,0,70,255.0,255.0,255.0
378,18.900000000000002,13.610232855488835,-3.378070130732478e-52,-13.63453128028201,0.01765596014330562,-2.7272664249797555e-52,-1.2386441416009168,0.0007383007814860125,5.436593520582694e-50,-0.06017323434820097,0,70,255.0,255.0,255.0
379,18.95,13.611116308496092,-2.71829676029131e-52,-13.696539133828256,0.017676802629336984,3.144945127497596e-51,-1.2416785987145191,9.539865976857876e-05,8.2340935594003655e-50,-0.061205050195905726,0,70,255.0,255.0,255.0
380,19.0,13.612,0.0,-13.7587,0.017665500009282475,7.961366916902314e-51,-1.244764646620507,-0.0005475034619489005,1.1031593598218233e-49,-0.062236866043608785,0,70,255.0,255.0,255.0
381,19.05,13.612882596496982,4.9246154799350114e-52,-13.821014939903828,0.01763847738700056,1.0867060646250422e-50,-1.2478111793375726,-0.0005334014293276899,5.911813191740334e-51,-0.0596244426390221,0,70,255.0,255.0,255.0
382,19.1,13.613763859490394,9.997026289663535e-52,-13.883478940914255,0.017612159866349706,8.552548236076354e-51,-1.2507270908844093,-0.0005192993967064793,-9.849230959870166e-50,-0.05701201923443541,0,70,255.0,255.0,255.0
383,19.150000000000002,13.61464382423531,1.2607129359424448e-51,-13.946085471972767,0.01758654744732991,1.0178296863801173e-51,-1.2535123812610163,-0.0005051973640852685,-2.0289643238914364e-49,-0.054399595829848726,0,70,255.0,255.0,255.0
384,19.200000000000003,13.61552252598682,1.0144821619456618e-51,-14.008828002020854,0.017561640129941176,-1.17370950028383e-50,-1.2561670504673943,-0.0004910953314640579,-3.0730055517958565e-49,-0.05178717242526204,0,70,255.0,255.0,255.0
385,19.25,13.6164,0.0,-14.0717,0.017537437914183506,-2.971222583157742e-50,-1.2586910985035427,-0.00047699329884279273,-4.117046779700203e-49,-0.049174749020680864,0,70,255.0,255.0,255.0
386,19.3,13.617276520026582,-1.8378915178857653e-51,-14.134696747477191,0.01752825059902133,-4.055642246073886e-50,-1.2611932828988415,0.00010950069235570457,-2.206318719643102e-50,-0.050912626791268095,0,70,255.0,255.0,255.0
387,19.35,13.618153313804894,-3.73094100376261e-51,-14.197820776521361,0.017548387983419074,-3.1918544551220557e-50,-1.2637823611826695,0.0006959946835542019,3.675783035771583e-49,-0.05265050456185532,0,70,255.0,255.0,255.0
388,19.400000000000002,13.619031847569918,-4.7050447306965323e-51,-14.261076431826936,0.017597850067376748,-3.798592103022504e-51,-1.266458333355027,0.0012824886747526993,7.572197943507477e-49,-0.05438838233244255,0,70,255.0,255.0,255.0
389,19.450000000000003,13.619913587556626,-3.7860989717535304e-51,-14.32446805808834,0.01767663685089435,4.38034348838553e-50,-1.269221199415914,0.0018689826659511965,1.146861285124337e-48,-0.056126260103029776,0,70,255.0,255.0,255.0
390,19.5,13.6208,0.0,-14.388,0.017784748333971864,1.1088753640940738e-49,-1.27207095936533,0.0024554766571495412,1.5365027758978987e-48,-0.05786413787361511,0,70,255.0,255.0,255.0
391,19.55,13.621692123396686,6.85910452354956e-51,-14.45167487018741,0.01789652021689556,1.5135862919670501e-49,-1.2749036890670675,0.002015398659798139,8.234093559398334e-50,-0.055445050195880405,0,70,255.0,255.0,255.0
392,19.6,13.622589285290024,1.3924061386084087e-50,-14.515488353000311,0.01798628819995168,1.1912162996880583e-49,-1.2776154643849182,0.001575320662446737,-1.371820904709932e-48,-0.0530259625181457,0,70,255.0,255.0,255.0
393,19.650000000000002,13.623490385485018,1.7559465986843683e-50,-14.579434400719506,0.018054052283140234,1.4176538725709852e-50,-1.2802062853188823,0.0011352426650953352,-2.825982745013847e-48,-0.05060687484041101,0,70,255.0,255.0,255.0
394,19.700000000000003,13.624394323786673,1.4129913725068465e-50,-14.643506965625802,0.018099812466461217,-1.6347664453258291e-49,-1.2826761518689593,0.0006951646677439331,-4.2801445853177626e-48,-0.048187787162676306,0,70,255.0,255.0,255.0
395,19.75,13.6253,0.0,-14.7077,0.018123568749914627,-4.138379198060521e-49,-1.2850250640351497,0.0002550866703925625,-5.734306425621574e-48,-0.04576869948494178,0,70,255.0,255.0,255.0
396,19.8,13.626206186386668,-2.5598526576312475e-50,-14.772008571773174,0.018117668533388694,-5.6487809432608114e-49,-1.2873199608329045,-0.0004910953314299189,-3.0730055517950182e-49,-0.04602717242524506,0,70,255.0,255.0,255.0
397,19.85,13.627111145035002,-5.196530454057373e-50,-14.83643221147741,0.018074459216771636,-4.445679753240027e-49,-1.2896277812776744,-0.0012372773332524002,5.1197053152625707e-48,-0.04628564536554834,0,70,255.0,255.0,255.0
398,19.900000000000002,13.628013010490008,-6.55328192166782e-50,-14.900971565295059,0.017993940800063453,-5.290756279981683e-50,-1.2919485253694594,-0.0019834593350748814,1.0546711185704641e-47,-0.046544118305851624,0,70,255.0,255.0,255.0
399,19.950000000000003,13.628909917296674,-5.273355592852031e-50,-14.965627279408475,0.01787611328326414,6.101031432464767e-49,-1.2942821931082595,-0.002729641336897363,1.5973717056146716e-47,-0.046802591246154907,0,70,255.0,255.0,255.0
400,20.0,13.6298,0.0,-15.0304,0.017720976666373723,1.544464142814801e-48,-1.2966287844940747,-0.003475823338719791,2.14007229265884e-47,-0.047061064186454615,0,70,255.0,255.0,255.0
401,20.05,13.630682331056647,9.553500178170037e-50,-15.095290042719904,0.017584805649553874,2.1081537481076197e-48,-1.2989684676013116,-0.001971017334074016,1.1468612851240261e-48,-0.04652626010301687,0,70,255.0,255.0,255.0
402,20.1,13.63155973456996,1.9393715677621086e-49,-15.160296401090063,0.017523874932966317,1.659150271327205e-48,-1.3012814105043764,-0.0004662113294282414,-1.910700035634035e-47,-0.04599145601957913,0,70,255.0,255.0,255.0
403,20.150000000000002,13.632435972554946,2.4457181087986908e-49,-15.225417738100273,0.01753818451661105,1.9745371247355754e-49,-1.3035676132032696,0.0010385946752175333,-3.936086199780472e-47,-0.04545665193614139,0,70,255.0,255.0,255.0
404,20.200000000000003,13.633314807026624,1.9680430998901285e-49,-15.290652716740322,0.017627734400488072,-2.2769359284533227e-48,-1.3058270756979906,0.0025434006798633084,-5.96147236392691e-47,-0.044921847852703645,0,70,255.0,255.0,255.0
405,20.25,13.6342,0.0,-15.356,0.017792524584597375,-5.764018651453152e-48,-1.3080597979885398,0.004048206684509004,-7.9868585280732e-47,-0.044387043769265944,0,70,255.0,255.0,255.0
406,20.3,13.635094089386746,-3.565414805504889e-49,-15.421458457347219,0.01795910886840359,-7.867736898104398e-48,-1.3102781687618394,0.0026151646677394576,-4.280144585316597e-48,-0.04434778716272021,0,70,255.0,255.0,255.0
407,20.35,13.63599471668516,-7.237833225642695e-49,-15.487027784162347,0.018054041051371324,-6.192033109984818e-48,-1.312494576704812,0.0011821226509699115,7.130829611009881e-47,-0.04430853055617447,0,70,255.0,255.0,255.0
408,20.400000000000002,13.6368982992902,-9.127544243027984e-49,-15.552707882303864,0.018077321133500582,-7.369072870944136e-49,-1.3147090218174569,-0.00025091936579963413,1.468967368055142e-46,-0.04426927394962874,0,70,255.0,255.0,255.0
409,20.450000000000003,13.637801254596829,-7.344836840275307e-49,-15.618498653630255,0.01802894911479136,8.497640570566813e-48,-1.3169215040997748,-0.0016839613825691806,2.224851775009296e-46,-0.044230017343083,0,70,255.0,255.0,255.0
410,20.5,13.6387,0.0,-15.6844,0.017908924995243672,2.1511610462997805e-47,-1.3191320235517654,-0.0031170033993386803,2.980736181963397e-46,-0.0441907607365426,0,70,255.0,255.0,255.0
411,20.55,13.639591711396372,1.330630920420255e-48,-15.750411327891223,0.01776275887683777,2.936279384430997e-47,-1.3213108573513324,-0.0027296413368973426,1.5973717056142435e-47,-0.04296259124612936,0,70,255.0,255.0,255.0
412,20.6,13.640476598689403,2.701196133480868e-48,-15.81653006226056,0.017635960861553935,2.3108982168612065e-47,-1.3234282826763784,-0.002342279274456005,-2.6612618408405485e-46,-0.04173442175571612,0,70,255.0,255.0,255.0
413,20.650000000000002,13.641355630284247,3.406445886331325e-48,-15.882753132684288,0.017528530949392166,2.7501754359041055e-48,-1.3254842995269038,-0.0019549172120146676,-5.482260852242522e-46,-0.04050625226530288,0,70,255.0,255.0,255.0
414,20.700000000000003,13.642229774586061,2.74113042612111e-48,-15.949077468738677,0.017440469140352462,-3.1713626353813937e-47,-1.3274789079029088,-0.0015675551495733298,-8.303259863644495e-46,-0.039278082774889644,0,70,255.0,255.0,255.0
415,20.75,13.6431,0.0,-16.0155,0.017371775434434834,-8.028242320053807e-47,-1.3294121078043926,-0.0011801930871320754,-1.1124258875046265e-45,-0.03804991328447471,0,70,255.0,255.0,255.0
416,20.8,13.643967065027766,-4.965982201130532e-48,-16.082017831087896,0.017309855624252482,-1.0958343847913548e-46,-1.3312944018328225,-0.0012965993201619192,-5.96147236392529e-47,-0.037241847852720854,0,70,255.0,255.0,255.0
417,20.85,13.644830888557232,-1.0081001211359201e-47,-16.148628766795422,0.01724211550241864,-8.624389556446343e-47,-1.3331362925896646,-0.001413005553191763,9.931964402261207e-46,-0.036433782420966995,0,70,255.0,255.0,255.0
418,20.900000000000002,13.645691179572813,-1.2713029121022496e-47,-16.215330786959004,0.017168555068933306,-1.0263794456521974e-47,-1.3349377800749191,-0.0015294117862216065,2.0460076040914947e-45,-0.03562571698921314,0,70,255.0,255.0,255.0
419,20.950000000000003,13.646547647058929,-1.0230038020456911e-47,-16.282121871415058,0.017089174323796478,1.1835686484468896e-46,-1.336698864288586,-0.0016458180192514503,3.098818767956868e-45,-0.034817651557459285,0,70,255.0,255.0,255.0
420,21.0,13.6474,0.0,-16.349,0.017003973267008164,2.9961808233915447e-46,-1.3384195452306649,-0.0017622242522813414,4.151629931822167e-45,-0.03400958612570726,0,70,255.0,255.0,255.0
421,21.05,13.648248028492564,1.8533297884101872e-47,-16.4159637477572,0.016917818626137754,4.0897096007223194e-46,-1.3401355353173845,-0.0016839613825350252,2.224851775008698e-46,-0.03463001734307661,0,70,255.0,255.0,255.0
422,21.1,13.649091847081671,3.7622808711955934e-47,-16.483014070557754,0.016835577128754657,3.218666000892417e-46,-1.3418825469649724,-0.001605698512788709,-3.7066595768204273e-45,-0.035250448560445964,0,70,255.0,255.0,255.0
423,21.150000000000002,13.649931651424497,4.744567059775865e-47,-16.550152519479713,0.01675724877485888,3.830500239018386e-47,-1.3436605801734292,-0.001527435643042393,-7.635804331141724e-45,-0.035870879777815314,0,70,255.0,255.0,255.0
424,21.200000000000003,13.650767637178214,3.817902165570653e-47,-16.617380645601113,0.016682833564450418,-4.417138330249417e-46,-1.345469634942754,-0.0014491727732960768,-1.156494908546302e-44,-0.03649131099518467,0,70,255.0,255.0,255.0
425,21.25,13.6516,0.0,-16.6847,0.016612331497529276,-1.1181899061560798e-45,-1.3473097112729477,-0.0013709099035498218,-1.5494093839784039e-44,-0.0371117422125522,0,70,255.0,255.0,255.0
426,21.3,13.652428821001978,-6.9167209335276955e-47,-16.752111177883314,0.016538869871201196,-1.5263004018097922e-45,-1.349123456897634,-0.001567555149573388,-8.30325986364222e-46,-0.03543808277489473,0,70,255.0,255.0,255.0
427,21.35,13.65325372311608,-1.4041023363646452e-46,-16.81961095097357,0.016455575982571934,-1.2012225047925031e-45,-1.3508535195504372,-0.0017642003955969543,1.3833441867055595e-44,-0.033764423337237254,0,70,255.0,255.0,255.0
428,21.400000000000002,13.654074214729198,-1.7706965327001213e-46,-16.887195135122163,0.016362449831641496,-1.4295621510421327e-46,-1.3524998992313577,-0.0019608456416205207,2.849720972047541e-44,-0.03209076389957978,0,70,255.0,255.0,255.0
429,21.450000000000003,13.654889804228208,-1.4248604860236914e-46,-16.954859546180504,0.016259491418409877,1.648498467255078e-45,-1.3540625959403951,-0.002157490887644087,4.316097757389523e-44,-0.030417104461922313,0,70,255.0,255.0,255.0
430,21.5,13.6557,0.0,-17.0226,0.016146700742877093,4.173141542285165e-45,-1.3555416096775499,-0.002354136133667639,5.7824745427314e-44,-0.028743445024264958,0,70,255.0,255.0,255.0
431,21.55,13.656504687499526,2.5813553945700595e-46,-17.090413140709547,0.016046701889054115,5.696230647166937e-45,-1.3569866370920933,-0.001645818019251445,3.098818767956042e-45,-0.029057651557472756,0,70,255.0,255.0,255.0
432,21.6,13.657305260454,5.240181258339023e-46,-17.15829892554799,0.015982118940951945,4.483023419080773e-45,-1.3584473748332972,-0.0009374999048352504,-5.162710789140192e-44,-0.029371858090680558,0,70,255.0,255.0,255.0
433,21.650000000000002,13.658103489658716,6.6083294248229006e-46,-17.226258140031657,0.01595295189857059,5.335198580266705e-46,-1.3599238229011614,-0.0002291817904190559,-1.0635303455075989e-43,-0.029686064623888356,0,70,255.0,255.0,255.0
434,21.700000000000003,13.658901145908953,5.3176517275377046e-46,-17.294291569676886,0.015959200761910042,-6.152280035995366e-45,-1.361415981295686,0.0004791363239971384,-1.6107896121011784e-43,-0.030000271157096154,0,70,255.0,255.0,255.0
435,21.75,13.6597,0.0,-17.3624,0.016000865530970295,-1.5574376262984578e-44,-1.362923850016871,0.001187454438413199,-2.1580488786947196e-43,-0.030314477690307484,0,70,255.0,255.0,255.0
436,21.8,13.660501228999927,-9.633749484927468e-46,-17.430583459278502,0.01604232257259811,-2.1258622186857957e-44,-1.3644019947340071,0.000470827226699395,-1.156494908545991e-44,-0.028811310995136074,0,70,255.0,255.0,255.0
437,21.85,13.661303635067917,-1.9556622696991443e-45,-17.49883894683449,0.016047948253640233,-1.6730871171530585e-44,-1.3658049811163846,-0.0002457999850144091,1.9267498969855214e-43,-0.027308144299964667,0,70,255.0,255.0,255.0
438,21.900000000000002,13.662105426635947,-2.4662621166591483e-45,-17.56716270475123,0.016017742574096668,-1.9911232170024736e-45,-1.3671328091640036,-0.0009624271967282132,3.969149284825642e-43,-0.025804977604793257,0,70,255.0,255.0,255.0
439,21.950000000000003,13.662904812135984,-1.9845746424127118e-45,-17.635550975111983,0.015951705533967412,2.29606216767264e-44,-1.368385478876864,-0.0016790544084420173,6.0115486726657625e-43,-0.02430181090962185,0,70,255.0,255.0,255.0
440,22.0,13.6637,0.0,-17.704,0.015849837133252477,5.812436350965315e-44,-1.3695629902549658,-0.002395681620155743,8.053948060505738e-43,-0.022798644214443442,0,70,255.0,255.0,255.0
441,22.05,13.664489596500776,3.5953642545139815e-45,-17.772506622176454,0.01573600782055663,7.933825810026489e-44,-1.3707013839718754,-0.0021574908876781673,4.3160977573883543e-44,-0.02273710446193675,0,70,255.0,255.0,255.0
442,22.1,13.665273799274335,7.298630952962675e-45,-17.841070087114062,0.015634088044484656,6.244046126704158e-44,-1.3718367007011594,-0.0019193001552005916,-7.190728509028067e-43,-0.022675564709430062,0,70,255.0,255.0,255.0
443,22.150000000000002,13.666053203797503,9.204215524154303e-45,-17.909690240963446,0.015544077805036565,7.430973009983199e-45,-1.3729689404428183,-0.001681109422723016,-1.4813066793794967e-42,-0.02261402495692337,0,70,255.0,255.0,255.0
444,22.200000000000003,13.666828405547113,7.406533396897077e-45,-17.97836692987522,0.015465977102212352,-8.56902066709102e-44,-1.3740981031968518,-0.0014429186902454403,-2.2435405078561872e-42,-0.02255248520441668,0,70,255.0,255.0,255.0
445,22.25,13.6676,0.0,-18.0471,0.015399785936012024,-2.16923077775628e-43,-1.3752241889632597,-0.001204727957767937,-3.005774336332823e-42,-0.022490945451904665,0,70,255.0,255.0,255.0
446,22.3,13.66836838499697,-1.3418082069563177e-44,-18.115889252015688,0.015333646145168715,-2.960944102142016e-43,-1.3763444693784852,-0.0014408636759644022,-1.6107896121007442e-43,-0.02232027115711581,0,70,255.0,255.0,255.0
447,22.35,13.669133167834751,-2.7238861542151553e-44,-18.18473430470927,0.015255699568415581,-2.3303097389663566e-43,-1.3774562160789714,-0.0016769993941608673,2.6836164139126742e-42,-0.022149596862326953,0,70,255.0,255.0,255.0
448,22.400000000000002,13.669893758174046,-3.4350599979958053e-44,-18.25363473139501,0.015165946205752626,-2.773276882293031e-44,-1.3785594290647178,-0.0019131351123573327,5.5283117890354224e-42,-0.021978922567538098,0,70,255.0,255.0,255.0
449,22.450000000000003,13.670649565675562,-2.764155894517559e-44,-18.322590105387167,0.015064386057179847,3.198002050069146e-43,-1.3796541083357252,-0.0021492708305537976,8.373007164158171e-42,-0.021808248272749242,0,70,255.0,255.0,255.0
450,22.5,13.6714,0.0,-18.3916,0.014951019122697253,8.095679475928589e-43,-1.380740253891993,-0.00238540654875026,1.1217702539280716e-41,-0.02163757397795507,0,70,255.0,255.0,255.0
451,22.55,13.67214486351134,5.007696402373873e-44,-18.460663569760793,0.014849407598767447,1.1050393827565413e-42,-1.3817927385141826,-0.0016790544084419419,6.011548672664132e-43,-0.020461810909625892,0,70,255.0,255.0,255.0
452,22.6,13.67288552938666,1.016568152156435e-43,-18.529778294048864,0.014783113681853055,8.69683434319501e-43,-1.3827864349829557,-0.0009727022681336234,-1.001539280474789e-41,-0.019286047841296717,0,70,255.0,255.0,255.0
453,22.650000000000002,13.67362376350631,1.2819818439567793e-43,-18.598941233456536,0.014752137371954082,1.0350010228173791e-43,-1.3837213432983122,-0.00026635012782530486,-2.0631940476762192e-41,-0.018110284772967538,0,70,255.0,255.0,255.0
454,22.700000000000003,13.67436133175064,1.0315970238380526e-43,-18.668149448576138,0.014756478669070526,-1.1935106133567479e-42,-1.3845974634602525,0.0004400020124830134,-3.1248488148776496e-41,-0.016934521704638363,0,70,255.0,255.0,255.0
455,22.75,13.6751,0.0,-18.7374,0.014796137573202382,-3.0213487125958073e-42,-1.385414795468776,0.0011463541527912957,-4.1865035820790036e-41,-0.015758758636309267,0,70,255.0,255.0,255.0
456,22.8,13.675840960957666,-1.8688977402539172e-43,-18.80669006894114,0.014836723459765918,-4.124063120811963e-42,-1.386180576564793,0.0004770813097500397,-2.2435405078555774e-42,-0.014872485204364226,0,70,255.0,255.0,255.0
457,22.85,13.676583114618609,-3.793883993204225e-43,-18.87601731909529,0.014843845704177386,-3.2457027633813676e-42,-1.3869020439892126,-0.00019219153329121628,3.737795480507888e-41,-0.013986211772419186,0,70,255.0,255.0,255.0
458,22.900000000000002,13.677324787800714,-4.7844213760275364e-43,-18.945379534778873,0.014817504306436795,-3.862676403040209e-43,-1.3875791977420349,-0.0008614643763324723,7.699945011801333e-41,-0.013099938340474144,0,70,255.0,255.0,255.0
459,22.950000000000003,13.678064307321883,-3.849972505900454e-43,-19.014774500308302,0.014757699266544138,4.454242248420076e-42,-1.38821203782326,-0.0015307372193737283,1.166209454309478e-40,-0.012213664908529103,0,70,255.0,255.0,255.0
460,23.0,13.6788,0.0,-19.0842,0.014664430584499429,1.1275826902790369e-41,-1.388800564232888,-0.0022000100624149505,1.5624244074387945e-40,-0.011327391476578796,0,70,255.0,255.0,255.0
461,23.05,13.679530492657994,6.974821320778281e-43,-19.153654554474656,0.014555698562174356,1.539121310049131e-41,-1.3893889552266216,-0.0021492708305879036,8.373007164155903e-42,-0.012208248272767376,0,70,255.0,255.0,255.0
462,23.1,13.680255612138911,1.4158967820660464e-42,-19.223139629569992,0.014449503501440636,1.2113127619205968e-41,-1.3900213890601647,-0.0020985315987608567,-1.3949642641556764e-40,-0.013089105068955956,0,70,255.0,255.0,255.0
463,23.150000000000002,13.680975485290832,1.7855703660153366e-42,-19.292657427428008,0.014345845402298267,1.441570458934344e-42,-1.3906978657335172,-0.00204779236693381,-2.8736585999529123e-40,-0.013969961865144535,0,70,255.0,255.0,255.0
464,23.200000000000003,13.681690238961835,1.4368292999763767e-42,-19.362210150190677,0.014244724264747252,-1.662345838032356e-41,-1.3914183852466793,-0.0019970531351067634,-4.352352935750147e-40,-0.014850818661333115,0,70,255.0,255.0,255.0
465,23.25,13.6824,0.0,-19.4318,0.014146140088787597,-4.208195889856567e-41,-1.3921829475996506,-0.0019463139032797339,-5.831047271547277e-40,-0.01573167545751808,0,70,255.0,255.0,255.0
466,23.3,13.68310506841036,-2.6030387542859206e-42,-19.50142771316024,0.014060482291518642,-5.744078928115328e-41,-1.3929036025287065,-0.0014799979874784365,-3.124848814876806e-41,-0.013094521704715197,0,70,255.0,255.0,255.0
467,23.35,13.683806436825748,-5.284198728943764e-42,-19.571088162624743,0.013998140290039752,-4.520680771344252e-41,-1.393492399770122,-0.001013682071677139,5.206077508571916e-40,-0.010457367951912313,0,70,255.0,255.0,255.0
468,23.400000000000002,13.68450527103596,-6.663839326458591e-42,-19.640774755509128,0.013959114084350925,-5.3800141954333636e-42,-1.3939493393238978,-0.0005473661558758414,1.0724639898631515e-39,-0.007820214199109431,0,70,255.0,255.0,255.0
469,23.450000000000003,13.68520273683078,-5.362319949315462e-42,-19.710480898929006,0.013943403674452166,6.203959127287414e-41,-1.394274421190033,-8.105024007454406e-05,1.624320228869111e-39,-0.005183060446306547,0,70,255.0,255.0,255.0
470,23.5,13.6859,0.0,-19.7802,0.01395100906034347,1.570520086914723e-40,-1.3944676453685283,0.0003852656757267203,2.1761764678750315e-39,-0.002545906693503852,0,70,255.0,255.0,255.0
471,23.55,13.686598033700573,9.714672885065854e-42,-19.849927392884386,0.013970372271752185,2.143719440241218e-40,-1.394644634658578,0.0003892627806218408,1.1662094543091637e-40,-0.0045336649084785135,0,70,255.0,255.0,255.0
472,23.6,13.687297040558096,1.9720898133709008e-41,-19.91966611993104,0.013989935338405656,1.6871410323456412e-40,-1.394921011859376,0.0003932598855169612,-1.9429345770131987e-39,-0.006521423123453175,0,70,255.0,255.0,255.0
473,23.650000000000002,13.687997030565334,2.4869786939819025e-41,-19.989421150535502,0.01400969826030388,2.007848632279911e-41,-1.3952967769709232,0.0003972569904120817,-4.002490099457314e-39,-0.008509181338427835,0,70,255.0,255.0,255.0
474,23.700000000000003,13.688698013715047,2.0012450497285473e-41,-20.05919745409331,0.014029661037446864,-2.3153490671117304e-40,-1.395771929993219,0.00040125409530720216,-6.062045621901429e-39,-0.010496939553402498,0,70,255.0,255.0,255.0
475,23.75,13.6894,0.0,-20.129,0.0140498236698346,-5.8612607586732354e-40,-1.3963464709262634,0.00040525120020223904,-8.121601144345399e-39,-0.012484697768377018,0,70,255.0,255.0,255.0
476,23.8,13.690102796787352,-3.6255652785977496e-41,-20.19883151530223,0.014058028621461875,-8.00046986815334e-40,-1.3968858588370048,-7.705313511127817e-05,-4.352352935748972e-40,-0.009090818661276808,0,70,255.0,255.0,255.0
477,23.85,13.690805400941866,-7.359939380589228e-41,-20.268685757651113,0.014042118356323472,-6.2964960522481385e-40,-1.397255552792391,-0.0005593574704247954,7.251130557195605e-39,-0.005696939554176598,0,70,255.0,255.0,255.0
478,23.900000000000002,13.691506606702704,-9.281530843281753e-41,-20.33855424234888,0.014002092874419395,-7.493393109576296e-41,-1.3974555527924226,-0.0010416618057383126,1.4937496407966105e-38,-0.002303060447076387,0,70,255.0,255.0,255.0
479,23.950000000000003,13.692205208309028,-7.46874820398264e-41,-20.40842848469777,0.013937952175749639,8.64100035571818e-40,-1.3974858588370986,-0.0015239661410518298,2.2623862258736608e-38,0.0010908186600238224,0,70,255.0,255.0,255.0
480,24.0,13.6929,0.0,-20.4783,0.013849696260314216,2.187452294777822e-39,-1.39734647092642,-0.0020062704763653683,3.031022810950656e-38,0.004484697767123791,0,70,255.0,255.0,255.0
481,24.05,13.693589979150019,1.3530793825884415e-40,-20.548162545906706,0.013749513242404181,2.985816003237214e-39,-1.3971719299934002,-0.0020010502400359953,1.6243202288686695e-39,0.002496939553675375,0,70,255.0,255.0,255.0
482,24.1,13.694274955674437,2.7467667708986e-40,-20.61801884946452,0.013649591236310614,2.349884317664691e-39,-1.3970967769710525,-0.0019958300037066223,-2.706158765176922e-38,0.0005091813402269595,0,70,255.0,255.0,255.0
483,24.150000000000002,13.694954942623847,3.4639144679145107e-40,-20.687873880068988,0.013549930242033515,2.7965723806025427e-40,-1.3971210118593775,-0.001990609767377249,-5.57474955324071e-38,-0.0014785768732214558,0,70,255.0,255.0,255.0
484,24.200000000000003,13.695629953048838,2.787374776620202e-40,-20.75773260711564,0.013450530259572886,-3.224865235576099e-39,-1.3972446346583747,-0.001985389531047876,-8.4433403413045e-38,-0.003466335086669872,0,70,255.0,255.0,255.0
485,24.25,13.6963,0.0,-20.8276,0.013351391288928734,-8.163683103243964e-39,-1.3974676453680444,-0.0019801692947184896,-1.1311931129368082e-37,-0.005454093300114593,0,70,255.0,255.0,255.0
486,24.3,13.696965286612576,-5.049761002493991e-40,-20.89747910107097,0.013263918408941856,-1.1143217026133521e-38,-1.3976744211893828,-0.001518745904756554,-6.062045621899766e-39,-0.0028169395534188247,0,70,255.0,255.0,255.0
487,24.35,13.697626776360387,-1.025107314553548e-39,-20.967365244490818,0.013199516698453076,-8.76988766543395e-39,-1.3977493393233862,-0.0010573225147946183,1.0099522004988129e-37,-0.00017978580672305643,0,70,255.0,255.0,255.0
488,24.400000000000002,13.698285622801912,-1.2927504787329866e-39,-21.037251837375187,0.013158186157462394,-1.0436950211452492e-39,-1.397692399770055,-0.0005958991248326826,2.080524857216623e-37,0.002457367939972711,0,70,255.0,255.0,255.0
489,24.450000000000003,13.698942979495623,-1.0402624286082541e-39,-21.107132286839704,0.013139926785969808,1.2035360906732585e-38,-1.397503602529389,-0.00013447573487074694,3.151097513934434e-37,0.00509452168666848,0,70,255.0,255.0,255.0
490,24.5,13.6996,0.0,-21.177,0.013144738583975317,3.046728011819803e-38,-1.397182947601388,0.00032694765509110046,4.221670170652167e-37,0.007731675433372942,0,70,255.0,255.0,255.0
491,24.55,13.700257674399685,1.884596462738752e-39,-21.246849849809436,0.013162813121826187,4.158705210129687e-38,-1.3968183852490534,0.00039603385894367666,2.2623862258730485e-38,0.0068508186600119685,0,70,255.0,255.0,255.0
492,24.6,13.700916338884019,3.825752581124332e-39,-21.316682572572216,0.013184341969869685,3.272966634407111e-38,-1.3964978657353868,0.0004651200627962529,-3.7691929254775576e-37,0.005969961886650996,0,70,255.0,255.0,255.0
493,24.650000000000002,13.70157616616851,4.8246104681404956e-39,-21.386500370430284,0.013209325128105813,3.895122846520744e-39,-1.3962213890603883,0.0005342062666488292,-7.764624473542421e-37,0.005089105113290022,0,70,255.0,255.0,255.0
494,24.700000000000003,13.702237328968666,3.882312236770997e-39,-21.45630544552557,0.01323776259653457,-4.4916578391354203e-38,-1.3959889552240576,0.0006032924705014054,-1.1760056021607282e-36,0.00420824833992905,0,70,255.0,255.0,255.0
495,24.75,13.7029,0.0,-21.5261,0.013269654375155954,-1.1370543736954815e-37,-1.395800564226395,0.0006723786743539351,-1.575548756967186e-36,0.0033273915665734677,0,70,255.0,255.0,255.0
496,24.8,13.703564015788682,-7.033409750705608e-39,-21.595885499691303,0.013284829103740198,-1.5520499137905393e-37,-1.395612037814398,-6.538953098414956e-05,-8.443340341302196e-38,0.004213664913313066,0,70,255.0,255.0,255.0
497,24.85,13.704227868103535,-1.4277903009943778e-38,-21.665660465220316,0.013263115422057539,-1.2214877771085045e-37,-1.3953791977350638,-0.0008031577363222342,1.4066819501411419e-36,0.005099938260052664,0,70,255.0,255.0,255.0
498,24.900000000000002,13.70488971252405,-1.8005691393828989e-38,-21.73542268090369,0.013204513330107973,-1.4536796364937726e-38,-1.3951020439883928,-0.0015409259416603186,2.897797303695306e-36,0.005986211606792262,0,70,255.0,255.0,255.0
499,24.950000000000003,13.705547704629709,-1.4488986518475733e-38,-21.80516993105804,0.013109022827891505,1.6763095265868433e-37,-1.3947805765743846,-0.0022786941469984034,4.3889126572494697e-36,0.006872484953531861,0,70,255.0,255.0,255.0
500,25.0,13.7062,0.0,-21.8749,0.012976643915408141,4.243544693599945e-37,-1.3944147954930393,-0.003016462352336491,5.880028010803528e-36,0.007758758300276725,0,70,255.0,255.0,255.0
501,25.05,13.706845462445587,2.624904254008368e-38,-21.944610551425367,0.012849870463227216,5.792329134149189e-37,-1.393997463493364,-0.002054475734900427,3.1510975139335845e-37,0.008934521686732227,0,70,255.0,255.0,255.0
502,25.1,13.707485788701836,5.328585945865078e-38,-22.014298766546517,0.012771196341918097,4.558654444993308e-37,-1.393521343324366,-0.001092489117464363,-5.2498085080168114e-36,0.01011028507318773,0,70,255.0,255.0,255.0
503,25.150000000000002,13.708123383735296,6.719815510717546e-38,-22.08396170595498,0.012740621551480778,5.425206261323027e-38,-1.3929864349860452,-0.00013050250002829894,-1.081472676742698e-35,0.011286048459643233,0,70,255.0,255.0,255.0
504,25.200000000000003,13.7087606525125,5.40736338371319e-38,-22.153596430242303,0.012758146091915265,-6.256072322433827e-37,-1.3923927384784016,0.0008314841174077649,-1.637964502683715e-35,0.012461811846098736,0,70,255.0,255.0,255.0
505,25.25,13.7094,0.0,-22.2232,0.012823769963221548,-1.58371244007043e-36,-1.3917402538014354,0.001793470734843719,-2.1944563286246925e-35,0.013637575232561261,0,70,255.0,255.0,255.0
506,25.3,13.71004293442897,-9.79627604096291e-38,-22.292769894607233,0.012883689043354324,-2.1617266622806215e-36,-1.3910541082121235,0.0006032924704672728,-1.1760056021604129e-36,0.013808248339911702,0,70,255.0,255.0,255.0
507,25.35,13.710687377089116,-1.9886553482465932e-37,-22.362305268593623,0.012884099210268276,-1.7013130002864734e-36,-1.3903594289674441,-0.0005868857939091733,1.95925520819261e-35,0.013978921447262142,0,70,255.0,255.0,255.0
508,25.400000000000002,13.711330352534777,-2.5078692903487286e-37,-22.431805695276395,0.012825000463963405,-2.0247145408798338e-37,-1.3896562160673973,-0.001777064058285619,4.0361109766012616e-35,0.014149594554612585,0,70,255.0,255.0,255.0
509,25.450000000000003,13.71196888532029,-2.0180554883005203e-37,-22.50127074797277,0.012706392804439713,2.3347979763148455e-36,-1.388944469511983,-0.0029672423226620656,6.112966745009912e-35,0.014320267661963025,0,70,255.0,255.0,255.0
510,25.5,13.7126,0.0,-22.5707,0.012528276231697208,5.9104952909217256e-36,-1.388224189301201,-0.004157420587038496,8.189822513418418e-35,0.014490940769309901,0,70,255.0,255.0,255.0
511,25.55,13.713221999838535,3.6560199909843273e-37,-22.640093070145692,0.012367373363347138,8.067673735707567e-36,-1.387498103658132,-0.002278694146964262,4.3889126572482816e-36,0.014552484953446056,0,70,255.0,255.0,255.0
512,25.6,13.713838302941701,7.421762798399865e-37,-22.709449759078993,0.012300406817000778,6.34938655664656e-36,-1.3867689408058566,-0.0003999677068900276,-7.312039981968761e-35,0.014614029137582208,0,70,255.0,255.0,255.0
513,25.650000000000002,13.714453606125602,9.359495610323161e-37,-22.778769912939456,0.012327376592658134,7.55633753738702e-37,-1.386036700744374,0.001478758733184207,-1.5062971229662348e-34,0.014675573321718363,0,70,255.0,255.0,255.0
514,25.700000000000003,13.715072606206334,7.531485614830763e-37,-22.848053377866613,0.012448282690319203,-8.713584673016005e-36,-1.3853013834736845,0.003357485173258441,-2.281390247735594e-34,0.014737117505854517,0,70,255.0,255.0,255.0
515,25.75,13.7157,0.0,-22.9173,0.012663125109983962,-2.2058268723616472e-35,-1.3845629889937885,0.0052362116133325,-3.0564833725048973e-34,0.014798661689987114,0,70,255.0,255.0,255.0
516,25.8,13.716338666216894,-1.3644452359841018e-36,-22.98650902481001,0.012862817503252357,-3.010896828054965e-35,-1.3837854771553832,0.0027514841174031807,-1.6379645026832762e-35,0.0163018118462283,0,70,255.0,255.0,255.0
517,25.85,13.716984211144078,-2.7698395845352865e-36,-23.055677295090412,0.012938273521724284,-2.3696233226299768e-35,-1.3829328078091656,0.000266756621473861,2.728890471968242e-34,0.01780496200246948,0,70,255.0,255.0,255.0
518,25.900000000000002,13.717630422962818,-3.4930113150943906e-36,-23.1248010529658,0.012889493165399744,-2.8200635608668336e-36,-1.3820049809551362,-0.0022179708744554582,5.621577394204811e-34,0.019308112158710665,0,70,255.0,255.0,255.0
519,25.950000000000003,13.718271089854372,-2.810788697102252e-36,-23.193876540560797,0.012716476434278735,3.251954071574917e-35,-1.3810019965932945,-0.004702698370384778,8.514264316441382e-34,0.020811262314951846,0,70,255.0,255.0,255.0
520,26.0,13.7189,0.0,-23.2629,0.012419223328361284,8.232257960354415e-35,-1.379923854723641,-0.007187425866313948,1.1406951238677748e-33,0.022314412471192924,0,70,255.0,255.0,255.0
521,26.05,13.719512935293894,5.092178944837974e-36,-23.331868430614264,0.012117356623636994,1.1236819938649103e-34,-1.3788159877203126,-0.004887242322657529,6.112966745008272e-35,0.022000267661944403,0,70,255.0,255.0,255.0
522,26.1,13.720113652481984,1.0337182058301158e-35,-23.400781860559373,0.011930499096095525,8.84355463485525e-35,-1.3777238279574464,-0.00258705877900111,-1.0184357889676094e-33,0.021686122852695878,0,70,255.0,255.0,255.0
523,26.150000000000002,13.720707902023124,1.3036095699345248e-35,-23.469641075197348,0.011858650745736879,1.0524620489728622e-35,-1.3766473754350428,-0.0002868752353446906,-2.0980012453853018e-33,0.021371978043447357,0,70,255.0,255.0,255.0
524,26.200000000000003,13.721301434376176,1.0490006226925927e-35,-23.538446859890218,0.011901811572561054,-1.2136457818998066e-34,-1.375586630153102,0.0020133083083117287,-3.1775667018029935e-33,0.021057833234198835,0,70,255.0,255.0,255.0
525,26.25,13.7219,0.0,-23.6072,0.012059981576568039,-3.0723204969056016e-34,-1.374541592111623,0.004313491851968013,-4.2571321582206086e-33,0.020743688424953888,0,70,255.0,255.0,255.0
526,26.3,13.722507992607527,-1.9004270543367795e-35,-23.675900452732936,0.0122517560021987,-4.193638292654145e-34,-1.3734625719633549,0.0033574851732583125,-2.281390247734975e-34,0.022417117505768427,0,70,255.0,255.0,255.0
527,26.35,13.723124378927988,-3.8578888648669353e-35,-23.7445448626721,0.012395730093893874,-3.300459521679102e-34,-1.3722998803610462,0.0024014784945486124,3.800854108673614e-33,0.024090546586582964,0,70,255.0,255.0,255.0
528,26.400000000000002,13.723746768944684,-4.865137148228661e-35,-23.813129046244807,0.012491903851653566,-3.9278418398047546e-35,-1.3710535173046967,0.0014454718158389123,7.829847242120725e-33,0.025763975667397503,0,70,255.0,255.0,255.0
529,26.450000000000003,13.72437277264092,-3.9149236210601485e-35,-23.881648819878343,0.012540277275477768,4.5293877204417356e-34,-1.3697234827943063,0.0004894651371292118,1.1858840375567836e-32,0.02743740474821204,0,70,255.0,255.0,255.0
530,26.5,13.725,0.0,-23.9501,0.01254085036536649,1.1466056191586964e-33,-1.3683097768298753,-0.0004665415415803509,1.5887833509014658e-32,0.029110833829035343,0,70,255.0,255.0,255.0
531,26.55,13.725626294275996,7.092490322863319e-35,-24.018479358454005,0.01250761936756714,1.5650871176751666e-33,-1.3668697244262744,-0.0008626983703935887,8.514264316439083e-34,0.028491262315003842,0,70,255.0,255.0,255.0
532,26.6,13.726250431806065,1.4397837253637623e-34,-24.086787488752226,0.01245458052832713,1.2317482623230884e-33,-1.3654606505983748,-0.0012588551992068265,-1.4184980645726842e-32,0.02787169080097234,0,70,255.0,255.0,255.0
533,26.650000000000002,13.726871422198137,1.8156939022980113e-34,-24.155025939823442,0.012381733847646455,1.465890531024614e-34,-1.364082555346177,-0.0016550120280200643,-2.92213877230976e-32,0.02725211928694084,0,70,255.0,255.0,255.0
534,26.700000000000003,13.72748827506014,1.4610693861547992e-34,-24.223196260596442,0.012289079325525122,-1.690390509986713e-33,-1.3627354386696808,-0.002051168856833302,-4.425779480046834e-32,0.02663254777290934,0,70,255.0,255.0,255.0
535,26.75,13.7281,0.0,-24.2913,0.012176616961963134,-4.2791904269442254e-33,-1.3614193005688862,-0.0024473256856464704,-5.929420187783803e-32,0.026012976258877885,0,70,255.0,255.0,255.0
536,26.8,13.728706030288487,-2.64695342371165e-34,-24.359338113451052,0.012069766527529984,-5.840984641435252e-33,-1.3600985303315596,-0.001826691691679438,-3.177566701802129e-33,0.026817833234185084,0,70,255.0,255.0,255.0
537,26.85,13.729307493847747,-5.373346014968356e-34,-24.42730918231901,0.011993947792795187,-4.596947097124443e-33,-1.3587375172454677,-0.0012060576977124056,5.293906847423377e-32,0.027622690209492286,0,70,255.0,255.0,255.0
538,26.900000000000002,13.729905942262763,-6.776261894369179e-34,-24.49521119446145,0.011949160757758743,-5.470777940117999e-34,-1.3573362613106104,-0.0005854237037453732,1.0905570365026965e-31,0.028427547184799486,0,70,255.0,255.0,255.0
539,26.950000000000003,13.730502927118518,-5.452785182513184e-34,-24.563042137735927,0.01193540542242065,6.308623267902678e-33,-1.3558947625269877,3.5210290221659134e-05,1.6517233882630557e-31,0.029232404160106685,0,70,255.0,255.0,255.0
540,27.0,13.7311,0.0,-24.6308,0.011952681786780906,1.5970156088618206e-32,-1.3544130208946,0.0006558442841885642,2.2128897400233744e-31,0.030037261135412052,0,70,255.0,255.0,255.0
541,27.05,13.73169838457005,9.87856466256027e-34,-24.698482587741807,0.011981314522313852,2.1798851448065842e-32,-1.3528801542475075,0.0004894651371292584,1.1858840375564615e-32,0.0312774047482762,0,70,255.0,255.0,255.0
542,27.1,13.732297992802941,2.005360033450966e-33,-24.766086981971743,0.012001628300493833,1.7156040126174682e-32,-1.3512852804197724,0.0003230859900699526,-1.975712932512082e-31,0.03251754836114035,0,70,255.0,255.0,255.0
543,27.150000000000002,13.73289840875081,2.5289353675178702e-33,-24.83361008233077,0.012013623121320849,2.0417221229447287e-33,-1.3496283994113936,0.0001567068430106468,-4.070014268779811e-31,0.033757691974004495,0,70,255.0,255.0,255.0
544,27.200000000000003,13.733499216465786,2.0350071343897935e-33,-24.90104878845987,0.012017298984794898,-2.3544102561624007e-32,-1.3479095112223718,-9.672304048659037e-06,-6.164315605047539e-31,0.03499783558686864,0,70,255.0,255.0,255.0
545,27.25,13.7341,0.0,-24.9684,0.01201265589091598,-5.96014339275286e-32,-1.3461286158527068,-0.0001760514511079947,-8.258616941315119e-31,0.03623797919973981,0,70,255.0,255.0,255.0
546,27.3,13.734700431431314,-3.6867305226529425e-33,-25.03566113558173,0.012004975383217337,-8.13544211508281e-32,-1.3443168526783909,-0.00013116885683772054,-4.425779480045642e-32,0.0362325477728902,0,70,255.0,255.0,255.0
547,27.35,13.735300534940484,-7.484105532307028e-33,-25.10283168979403,0.011999539005232207,-6.40272134075743e-32,-1.3425053610754178,-8.628626256744638e-05,7.3734610453059905e-31,0.03622711634604059,0,70,255.0,255.0,255.0
548,27.400000000000002,13.735900422733998,-9.438115280634564e-33,-25.169911676215463,0.011996346756960593,-7.619810697767142e-33,-1.340694141043787,-4.140366829717221e-05,1.5189500038616547e-30,0.03622168491919098,0,70,255.0,255.0,255.0
549,27.450000000000003,13.73650020701834,-7.594750019307857e-33,-25.2369011084246,0.011995398638402491,8.786778697859329e-32,-1.3388831925834985,3.478925973101943e-06,2.30055390319271e-30,0.036216253492341366,0,70,255.0,255.0,255.0
550,27.5,13.7371,0.0,-25.3038,0.011996694649557903,2.224355796214962e-31,-1.337072515694553,4.836152024334517e-05,3.0821578025237096e-30,0.036210822065497084,0,70,255.0,255.0,255.0
551,27.55,13.737699889704698,1.3759065624355743e-32,-25.370608069931272,0.011998783944819527,3.036188331552466e-31,-1.335244435038915,3.521029022158765e-05,1.6517233882626097e-31,0.03691240416002054,0,70,255.0,255.0,255.0
552,27.6,13.738299867435124,2.7931062095777144e-32,-25.437323858852146,0.012000215678580062,2.389528135041225e-31,-1.333381275278551,2.205906019983013e-05,-2.7518131248711876e-30,0.03761398625454399,0,70,255.0,255.0,255.0
553,27.650000000000002,13.738899900313198,3.522352575502038e-32,-25.50394561280738,0.012000989850839508,2.8437520668123894e-32,-1.3314830364134607,8.907830178072609e-06,-5.668798588568636e-30,0.03831556834906745,0,70,255.0,255.0,255.0
554,27.700000000000003,13.739499955460849,2.8343992942841625e-32,-25.57047157784175,0.012001106461597869,-3.2792704535274923e-31,-1.3295497184436442,-4.243399843684909e-06,-8.585784052266085e-30,0.03901715044359091,0,70,255.0,255.0,255.0
555,27.75,13.7401,0.0,-25.6369,0.01200056551085514,-8.30140884558456e-31,-1.3275813213691017,-1.739462986544149e-05,-1.1502769515963326e-29,0.039718732538121415,0,70,255.0,255.0,255.0
556,27.8,13.74070000974989,-5.134953197477002e-32,-25.703228984693183,0.011999888837507288,-1.1331209114701582e-30,-1.3255694071659754,-9.672304048668924e-06,-6.164315605045869e-31,0.040757835586928,0,70,255.0,255.0,255.0
557,27.85,13.741299995319023,-1.0424014285080156e-31,-25.769456074797393,0.011999598280450274,-8.917840406089156e-31,-1.323505537810409,-1.949978231896357e-06,1.0269906394954152e-29,0.041796938635734575,0,70,255.0,255.0,255.0
558,27.900000000000002,13.741899976013208,-1.3145598773944696e-31,-25.835578672555013,0.011999693839684099,-1.0613027197472798e-31,-1.321389713302402,5.77234758487621e-06,2.1156244350412893e-29,0.04283604168454116,0,70,255.0,255.0,255.0
559,27.950000000000003,13.742499971138264,-1.057812217520586e-31,-25.901594180208427,0.012000175515208763,1.2238403944324033e-30,-1.3192219336419546,1.3494673401648777e-05,3.204258230587163e-29,0.04387514473334774,0,70,255.0,255.0,255.0
560,28.0,13.7431,0.0,-25.9675,0.012001043307024265,3.098127958612328e-30,-1.3170021988290674,2.1216999218406918e-05,4.29289202613296e-29,0.04491424778215247,0,70,255.0,255.0,255.0
561,28.05,13.743700071295738,1.9163906227472435e-31,-26.033294391296014,0.012001660705154052,4.228864812725386e-30,-1.3147819362972037,3.478925973074167e-06,2.3005539031920895e-30,0.043896253492391665,0,70,255.0,255.0,255.0
562,28.1,13.744300151288789,3.89029509307429e-31,-26.098979041958298,0.012001391199621571,3.328183348931541e-30,-1.3126125734798282,-1.4259147272258584e-05,-3.832781245494542e-29,0.04287825920263086,0,70,255.0,255.0,255.0
563,28.150000000000002,13.74490019563397,4.906004252027675e-31,-26.164556496972576,0.012000234790426827,3.960835672307893e-31,-1.3104941103769405,-3.199722051759133e-05,-7.895617881308291e-29,0.04186026491287005,0,70,255.0,255.0,255.0
564,28.200000000000003,13.7455001599861,3.947808940653929e-31,-26.23002930132457,0.011998191477569814,-4.567434532376864e-30,-1.3084265469885412,-4.9735293762924086e-05,-1.1958454517122043e-28,0.040842270623109245,0,70,255.0,255.0,255.0
565,28.25,13.7461,0.0,-26.2954,0.011995261261050532,-1.1562370949890855e-29,-1.30640988331463,-6.747336700826945e-05,-1.6021291152935507e-28,0.03982427633334318,0,70,255.0,255.0,255.0
566,28.3,13.746699705067163,-7.152067171241273e-31,-26.36066945012277,0.011993468341879233,-1.5782338339431386e-29,-1.3043428476452068,-4.243399843677705e-06,-8.585784052263767e-30,0.04285715044358409,0,70,255.0,255.0,255.0
567,28.35,13.747299399525827,-1.4518778943789146e-30,-26.425831757369433,0.011994836921066164,-1.2420949355117248e-29,-1.3021241682702716,5.8986567320914036e-05,1.4304134342482753e-28,0.045890024553825,0,70,255.0,255.0,255.0
568,28.400000000000002,13.747899241450911,-1.8309457130716227e-30,-26.49087933955471,0.011999366998611325,-1.4782039969484255e-30,-1.2997538451898243,0.00012221653448550576,2.9466847090191888e-28,0.04892289866406591,0,70,255.0,255.0,255.0
569,28.450000000000003,13.74849938891733,-1.4733423545095131e-30,-26.555804614493322,0.012007058574514715,1.7045897735075052e-29,-1.297231878403865,0.00018544650165009752,4.4629559837901015e-28,0.051955772774306824,0,70,255.0,255.0,255.0
570,28.5,13.7491,0.0,-26.6206,0.012017911648776336,4.315135584095109e-29,-1.294558267912394,0.0002486764688146986,5.979227258560905e-28,0.0549886468845493,0,70,255.0,255.0,255.0
571,28.55,13.74970110843561,2.6691878062217844e-30,-26.685259808212912,0.012024465927331744,5.890048854500015e-29,-1.2918466731219471,1.3494673401647774e-05,3.2042582305862883e-29,0.05347514473332635,0,70,255.0,255.0,255.0
572,28.6,13.750302250607904,5.418482068208229e-30,-26.749785928563988,0.0120192611161165,4.635561407153742e-29,-1.289210753439061,-0.00022168712201140308,-5.338375612443647e-28,0.05196164258210341,0,70,255.0,255.0,255.0
573,28.650000000000002,13.750902838562393,6.833182427083724e-30,-26.814182144808612,0.012002297215130603,5.516732420562908e-30,-1.2866505088637366,-0.00045686891742445393,-1.0997177047945922e-27,0.050448140430880466,0,70,255.0,255.0,255.0
574,28.700000000000003,13.751502284344587,5.498588523972657e-30,-26.878452240702156,0.011973574224374053,-6.361615640792336e-29,-1.284165939395973,-0.0006920507128375048,-1.66559784834482e-27,0.04893463827965752,0,70,255.0,255.0,255.0
575,28.75,13.7521,0.0,-26.9426,0.011933092143846856,-1.610430524139135e-28,-1.281757045035771,-0.0009272325082505944,-2.2314779918950078e-27,0.04742113612844179,0,70,255.0,255.0,255.0
576,28.8,13.752695861190396,-9.961544507763012e-30,-27.00662811702559,0.011908667948796517,-2.198196158405692e-28,-1.2793584598669843,-4.973529376294948e-05,-1.195845451711884e-28,0.048522270623022494,0,70,255.0,255.0,255.0
577,28.85,13.753291598042559,-2.0222050378454004e-29,-27.07053492837462,0.01192811861447056,-1.7300150693103248e-28,-1.2769048179734686,0.0008277619207246955,1.992308901552631e-27,0.0496234051176032,0,70,255.0,255.0,255.0
578,28.900000000000002,13.753889404299523,-2.550178399526328e-29,-27.134317681210856,0.011991444140868989,-2.0588725685303225e-29,-1.2743961193552238,0.0017052591352123407,4.1042023482764504e-27,0.05072453961218391,0,70,255.0,255.0,255.0
579,28.950000000000003,13.754491473704324,-2.052101174138113e-29,-27.19797362269807,0.012098644527991797,2.374187278966185e-28,-1.2718323640122502,0.0025827563496999854,6.2160957950002695e-27,0.05182567410676461,0,70,255.0,255.0,255.0
580,29.0,13.7551,0.0,-27.2615,0.012249719775838976,6.010208538147029e-28,-1.2692135519445475,0.0034602535641874987,8.327989241723938e-27,0.052926808601348796,0,70,255.0,255.0,255.0
581,29.05,13.755716246802805,3.717699022483026e-29,-27.32489412368474,0.012388862277484805,8.203779748172767e-28,-1.2665434874101547,0.0021054465016456057,4.462955983788897e-28,0.05387577277437005,0,70,255.0,255.0,255.0
582,29.1,13.756337757221862,7.546971944560776e-29,-27.388153557937542,0.01246026442600354,6.456504136525925e-28,-1.2638259746671103,0.0007506394391037122,-7.435398044966158e-27,0.0548247369473913,0,70,255.0,255.0,255.0
583,29.150000000000002,13.75696114423952,9.517395355396937e-29,-27.451275930347975,0.012463926221395177,7.683817032064992e-29,-1.2610610137154155,-0.0006041676234381814,-1.531709168831121e-26,0.05577370112041255,0,70,255.0,255.0,255.0
584,29.200000000000003,13.75758302083812,7.65854584415518e-29,-27.514258868505607,0.01239984766365972,-8.860587551785501e-28,-1.2582486045550692,-0.0019589746859800744,-2.3198785331656253e-26,0.056722665293433804,0,70,255.0,255.0,255.0
585,29.25,13.7582,0.0,-27.5771,0.01226802875279718,-2.2430403628448983e-27,-1.2553887471860723,-0.003313781748521913,-3.108047897500075e-26,0.05767162946644966,0,70,255.0,255.0,255.0
586,29.3,13.758809551598386,-1.3874641639155804e-28,-27.639796988235467,0.012119882941263305,-3.061692283428538e-27,-1.2524835904924168,-0.0026120507128330403,-1.665597848344371e-27,0.05853463827977273,0,70,255.0,255.0,255.0
587,29.35,13.75941257306999,-2.816568274039771e-28,-27.70234763987523,0.012006823681513873,-2.4096001476793378e-27,-1.2495352833580948,-0.0019103196771441673,2.774928327831201e-26,0.05939764709309581,0,70,255.0,255.0,255.0
588,29.400000000000002,13.760010818742401,-3.5519403022061424e-28,-27.76474979739727,0.011928850973548885,-2.8676395559729745e-28,-1.2465438257831072,-0.0012085886414552943,5.716416440496838e-26,0.06026065590641888,0,70,255.0,255.0,255.0
589,29.450000000000003,13.760606042943207,-2.8582082202482635e-28,-27.827001303279534,0.011885964817368342,3.306816292817582e-27,-1.243509217767453,-0.0005068576057664217,8.657904553162477e-26,0.06112366471974196,0,70,255.0,255.0,255.0
590,29.5,13.7612,0.0,-27.8891,0.011878165212972242,8.37114059756489e-27,-1.2404314593111332,0.00019487342992240142,1.1599392665827905e-25,0.0619866735330632,0,70,255.0,255.0,255.0
591,29.55,13.761794346803653,5.178086753414019e-28,-27.951044323373406,0.011899605957462912,1.1426391158896873e-26,-1.2373461506201398,0.0006627563497043892,6.2160957949985935e-27,0.0614256741066768,0,70,255.0,255.0,255.0
592,29.6,13.762390350498178,1.0511575901703006e-27,-28.012835082561537,0.011944440847942682,8.992750177064756e-27,-1.2342888919004655,0.001130639269486377,-1.0356173506828186e-25,0.0608646746802904,0,70,255.0,255.0,255.0
593,29.650000000000002,13.76298918079088,1.3256021673284875e-27,-28.074473680062972,0.012012669884411551,1.070217652068537e-27,-1.2312596831521103,0.0015985221892683649,-2.1333956593156234e-25,0.06030367525390401,0,70,255.0,255.0,255.0
594,29.700000000000003,13.763592007389056,1.0666978296577528e-27,-28.13596151837627,0.01210429306686952,-1.2341206416091783e-26,-1.228258524375075,0.0020664051090503524,-3.231173967948428e-25,0.05974267582751761,0,70,255.0,255.0,255.0
595,29.75,13.7642,0.0,-28.1973,0.012219310395316582,-3.124152202741466e-26,-1.2252854155693587,0.002534288028832349,-4.328952276581154e-25,0.05918167640112948,0,70,255.0,255.0,255.0
596,29.8,13.764813861187005,-1.9324882849740495e-27,-28.25848971827093,0.012329693228887668,-4.264387235215895e-26,-1.2222918070269966,0.001881025314011044,-2.319878533164995e-26,0.06056266529335199,0,70,255.0,255.0,255.0
597,29.85,13.765432424937293,-3.922973533277225e-27,-28.319528029878622,0.01240741292671769,-3.356140056057969e-26,-1.2192291490400233,0.0012277625991897394,3.8649765699481546e-25,0.0619436541855745,0,70,255.0,255.0,255.0
598,29.900000000000002,13.766054058094083,-4.947214639093336e-27,-28.380411482350855,0.012452469488806645,-3.994106652676855e-27,-1.216097441608439,0.0005744998843684344,7.961940993212808e-25,0.063324643077797,0,70,255.0,255.0,255.0
599,29.950000000000003,13.76667712750058,-3.9809704966061856e-27,-28.441136623215392,0.012464862915154532,4.6058009371549533e-26,-1.2128966847322438,-7.876283045287012e-05,1.2058905416477463e-24,0.06470563197001952,0,70,255.0,255.0,255.0
600,30.0,13.7673,0.0,-28.5017,0.01244459320576136,1.1659494751209374e-25,-1.2096268784114375,-0.0007320255452741287,1.6155869839741822e-24,0.0660866208622366,0,70,255.0,255.0,255.0
601,30.05,13.767921408448332,7.212144464554794e-27,-28.562098403542887,0.012413621126985344,1.5914909824973893e-25,-1.2063026212718868,-0.0005068576057664666,8.657904553160133e-26,0.06688366471979422,0,70,255.0,255.0,255.0
602,30.1,13.76854154975265,1.4640736542938602e-26,-28.62232959792398,0.012393907445184713,1.2525285206525398e-25,-1.202938511939458,-0.0002816896662588045,-1.4424288929109796e-24,0.06768070857735184,0,70,255.0,255.0,255.0
603,30.150000000000002,13.769160986832802,1.846325638904485e-26,-28.68239159053362,0.012385452160359463,1.4906208958638923e-26,-1.1995345504141515,-5.652172675114236e-05,-2.9714368313535604e-24,0.06847775243490947,0,70,255.0,255.0,255.0
604,30.200000000000003,13.769780282608634,1.4857184156766987e-26,-28.742282388762177,0.012388255272509597,-1.7189083107010632e-25,-1.1960907366959668,0.0001686462127565197,-4.500444769796141e-24,0.06927479629246709,0,70,255.0,255.0,255.0
605,30.25,13.7704,0.0,-28.802,0.012402316781635114,-4.351382680209603e-25,-1.1926070707849048,0.0003938141522641381,-6.0294527082386135e-24,0.07007184015002821,0,70,255.0,255.0,255.0
606,30.3,13.77102050501967,-2.691608957324513e-26,-28.861543067557523,0.012415822263168088,-5.939525206467967e-25,-1.1891217078854648,0.00014640510905481114,-3.231173967947549e-25,0.06934267582756631,0,70,255.0,255.0,255.0
607,30.35,13.771641376052115,-5.463997263847717e-26,-28.920912778425482,0.012416957292540595,-4.674500077004361e-25,-1.185672803202148,-0.0001010039341545158,5.383217914649104e-24,0.06861351150510442,0,70,255.0,255.0,255.0
608,30.400000000000002,13.772261994574723,-6.890581091708606e-26,-28.980110955514675,0.012405721869752636,-5.563072918187861e-26,-1.1822603567349546,-0.00034841297736384284,1.1089553226092962e-23,0.06788434718264252,0,70,255.0,255.0,255.0
609,30.450000000000003,13.772881742064888,-5.544776613046176e-26,-29.039139421735918,0.012382115994804212,6.415053149088758e-25,-1.178884368483884,-0.0005958220205731697,1.679588853753682e-23,0.06715518286018063,0,70,255.0,255.0,255.0
610,30.5,13.7735,0.0,-29.098,0.01234613966769532,1.6239581245717472e-24,-1.1755448384489366,-0.0008432310637825208,2.2502223848980272e-23,0.06642601853771701,0,70,255.0,255.0,255.0
611,30.55,13.774116571472986,1.0045221382842572e-25,-29.156693326227014,0.012323089820339436,2.216660984337448e-24,-1.1721705471862451,-7.876283045282512e-05,1.2058905416474182e-24,0.06854563196993875,0,70,255.0,255.0,255.0
612,30.6,13.774732946038895,2.0391915401097003e-25,-29.2152152883741,0.012338263384650038,1.744547178736491e-24,-1.1686902752519428,0.0006857054028768705,-2.0090442765685435e-23,0.0706652454021605,0,70,255.0,255.0,255.0
613,30.650000000000002,13.775351034868311,2.5715998727929934e-25,-29.27356058740768,0.012391660360627124,2.0761670776887477e-25,-1.165104022646029,0.0014501736362065665,-4.138677607301828e-23,0.07278485883438224,0,70,255.0,255.0,255.0
614,30.700000000000003,13.775972749131817,2.0693388036508013e-25,-29.331723924294174,0.012483280748270697,-2.3941304285653968e-24,-1.1614117893685045,0.002214641869536262,-6.268310938035115e-23,0.07490447226660399,0,70,255.0,255.0,255.0
615,30.75,13.7766,0.0,-29.3897,0.012613124547580741,-6.060694230266029e-24,-1.1576135754193688,0.002979110102865834,-8.397944268768248e-23,0.07702408569882557,0,70,255.0,255.0,255.0
616,30.8,13.777234009088387,-3.748927657404577e-25,-29.447484427534437,0.012739818455471189,-8.272691416702996e-24,-1.1537641033695853,0.0020886462127519974,-4.5004447697949276e-24,0.07695479629251914,0,70,255.0,255.0,255.0
617,30.85,13.777873239792305,-7.61036643405403e-25,-29.505076468078133,0.012821989168855944,-6.5107387072455286e-24,-1.1499180957901167,0.0011981823226381607,7.497855314809262e-23,0.07688550688621269,0,70,255.0,255.0,255.0
618,30.900000000000002,13.778515465952033,-9.597341382001115e-25,-29.56247629485462,0.012859636687735007,-7.748361018936245e-25,-1.1460755526809638,0.0003077184325243239,1.5445755106598018e-22,0.07681621747990626,0,70,255.0,255.0,255.0
619,30.950000000000003,13.779158461407839,-7.722877553298585e-25,-29.619684081087403,0.012852761012108376,8.935016399352712e-24,-1.142236474042126,-0.0005827454575895127,2.3393654898386774e-22,0.07674692807359981,0,70,255.0,255.0,255.0
620,31.0,13.7798,0.0,-29.6767,0.012801362141976058,2.2618818796492366e-23,-1.138400859873604,-0.0014732093477033553,3.1341554690174957e-22,0.07667763866729338,0,70,255.0,255.0,255.0
621,31.05,13.780438592173468,1.3991188491334053e-24,-29.733524163635266,0.012749636357769144,3.087410468247453e-23,-1.1345650393354159,-0.0005958220205731738,1.6795888537532234e-23,0.07675518286022473,0,70,255.0,255.0,255.0
622,31.1,13.781075694791882,2.8402274196106424e-24,-29.79015643931338,0.01274177993991874,2.4298407650245607e-23,-1.1307253415875813,0.00028156530655700776,-2.798237698266851e-22,0.0768327270531561,0,70,255.0,255.0,255.0
623,31.150000000000002,13.781713501323564,3.581776565521146e-24,-29.846596633173867,0.012777792888424844,2.891727699805616e-24,-1.1268817666301,0.0011589526336871895,-5.764434281909025e-22,0.07691027124608744,0,70,255.0,255.0,255.0
624,31.200000000000003,13.782354205236832,2.8822171409543534e-24,-29.902844551356235,0.01285767520328746,-3.334593516884546e-23,-1.1230343144629726,0.002036339960817371,-8.730630865551199e-22,0.07698781543901881,0,70,255.0,255.0,255.0
625,31.25,13.783,0.0,-29.9589,0.012981426884506575,-8.441458095570343e-23,-1.1191829850861985,0.0029137272879474346,-1.169682744919316e-21,0.07706535963195016,0,70,255.0,255.0,255.0
626,31.3,13.783652422217743,-5.221582630793162e-24,-30.014762117924505,0.01310963611344452,-1.1522372731319513e-22,-1.1152877392887366,0.0022146418695702702,-6.268310938033436e-23,0.07874447226652673,0,70,255.0,255.0,255.0
627,31.35,13.784310381040163,-1.0599873035037167e-23,-30.070427374668345,0.013202891071463605,-9.068289189373695e-23,-1.1113085378595458,0.0015155564511931058,1.0443165261586474e-21,0.08042358490110328,0,70,255.0,255.0,255.0
628,31.400000000000002,13.784972128753708,-1.3367372123884477e-23,-30.125891572449934,0.013261191758563832,-1.0792074697328875e-23,-1.1072453807986262,0.0008164710328159414,2.1513161616976295e-21,0.08210269753567985,0,70,255.0,255.0,255.0
629,31.450000000000003,13.785635917644838,-1.0756580808487558e-23,-30.181150513487683,0.0132845381747452,1.2444872427602904e-22,-1.1030982681059776,0.000117385614438777,3.2583157972366108e-21,0.08378181017025642,0,70,255.0,255.0,255.0
630,31.5,13.7863,0.0,-30.2362,0.01327293032000771,3.1503950502632135e-22,-1.0988671997816009,-0.0005816998039383514,4.365315432775515e-21,0.08546092280482398,0,70,255.0,255.0,255.0
631,31.55,13.786962918955558,1.9487211674039245e-23,-30.291036964666716,0.013243819188468661,4.30020804570306e-22,-1.0946200035096392,-0.0005827454576235902,2.3393654898380506e-22,0.08442692807364763,0,70,255.0,255.0,255.0
632,31.6,13.787624381047468,3.955926472053802e-23,-30.34566286201324,0.01321465577424535,3.384331599247021e-22,-1.090424506974236,-0.000583791111308829,-3.8974423348079045e-21,0.08339293334247128,0,70,255.0,255.0,255.0
633,31.650000000000002,13.788284383661605,4.9887711930016753e-23,-30.40008027702641,0.013185440077337778,4.027657108950995e-23,-1.086280710175392,-0.0005848367649940678,-8.028821218599615e-21,0.08235893861129492,0,70,255.0,255.0,255.0
634,31.700000000000003,13.788942924183825,4.0144106092995876e-23,-30.45429179469306,0.013156172097745942,-4.644489619352708e-22,-1.0821886131131064,-0.0005858824186793066,-1.2160200102391324e-20,0.08132494388011859,0,70,255.0,255.0,255.0
635,31.75,13.7896,0.0,-30.5083,0.013126851835469848,-1.175743439149582e-21,-1.0781482157873803,-0.0005869280723646009,-1.629157898618274e-20,0.08029094914893697,0,70,255.0,255.0,255.0
636,31.8,13.790255901960029,-7.272726406536381e-23,-30.562106023408646,0.013115087132680425,-1.6048594909680284e-21,-1.0740722466726833,0.00011633996078765812,-8.730630865548833e-22,0.08274781543893792,0,70,255.0,255.0,255.0
637,31.85,13.790912094769963,-1.4763718584711492e-22,-30.61570517727869,0.013138485831548615,-1.2630497478050712e-21,-1.0698734342434864,0.0008196079939399171,1.4545452813072974e-20,0.08520468172893884,0,70,255.0,255.0,255.0
638,31.900000000000002,13.791570336599879,-1.8618347559618253e-22,-30.66909131944442,0.013197047932074418,-1.503142096607106e-22,-1.0655517784997894,0.001522876027092176,2.996396871270083e-20,0.08766154801893979,0,70,255.0,255.0,255.0
639,31.950000000000003,13.792232385619863,-1.4981984356349592e-22,-30.7222583077401,0.013290773434257833,1.733347123465054e-21,-1.0611072794415923,0.002226144060244435,4.538248461232869e-20,0.09011841430894073,0,70,255.0,255.0,255.0
640,32.0,13.7929,0.0,-30.7752,0.013419662338098855,4.3879342515720065e-21,-1.0565399370688953,0.0029294120933966022,6.080100051195543e-20,0.09257528059895037,0,70,255.0,255.0,255.0
641,32.050000000000004,13.793574273204321,2.7142184458743724e-22,-30.827911741698717,0.013543832280796341,5.98941715930182e-21,-1.0519390097996635,0.0020373856145024507,3.2583157972316286e-21,0.09146181017030547,0,70,255.0,255.0,255.0
642,32.1,13.79425363987268,5.509894786679216e-22,-30.880394828871992,0.01362340089954911,4.713765831295583e-21,-1.0473937560518645,0.0011453591356084254,-5.428436891748399e-20,0.09034833974166073,0,70,255.0,255.0,255.0
643,32.15,13.794935869938877,6.948461904547111e-22,-30.932652045195915,0.013658368194357177,5.609802675537297e-22,-1.042904175825498,0.0002533326567144005,-1.1182705363219962e-19,0.089234869313016,0,70,255.0,255.0,255.0
644,32.2,13.795618733336719,5.591352681609878e-22,-30.98468617434657,0.013648734165220543,-6.468939531924946e-21,-1.0384702691205627,-0.0006386938221797514,-1.693697383469234e-19,0.0881213988843711,0,70,255.0,255.0,255.0
645,32.25,13.7963,0.0,-31.0365,0.013594498812139208,-1.6375993567138443e-20,-1.0340920359370604,-0.0015307203010738596,-2.26912423061639e-19,0.08700792845573169,0,70,255.0,255.0,255.0
646,32.300000000000004,13.79697820522268,-1.0129601142843796e-21,-31.088095009796525,0.013541583744144523,-2.2352809146239248e-20,-1.0296917141286628,-0.0005858824187133792,-1.2160200102372741e-20,0.08900494388016521,0,70,255.0,255.0,255.0
647,32.35,13.797654945739318,-2.0563207288245714e-21,-31.139467507233345,0.013535910570267864,-1.759201357737726e-20,-1.0251915415490438,0.00035895546364696673,2.02592022856863e-19,0.09100195930459845,0,70,255.0,255.0,255.0
648,32.4,13.79833258364461,-2.593201286222663e-21,-31.190612499771905,0.013577479290509217,-2.093606860554109e-21,-1.0205915181982035,0.0013037933460073128,4.1734424581609877e-19,0.09299897472903171,0,70,255.0,255.0,255.0
649,32.45,13.799013481033269,-2.0867212290804546e-21,-31.24152499487365,0.013666289904868602,2.414241100423474e-20,-1.0158916440761403,0.002248631228367793,6.32096468775365e-19,0.09499599015346523,0,70,255.0,255.0,255.0
650,32.5,13.7997,0.0,-31.2922,0.013802342413345993,6.111604001698177e-20,-1.011091919182857,0.003193469110728056,8.468486917346007e-19,0.0969930055778967,0,70,255.0,255.0,255.0
651,32.550000000000004,13.800393705904952,3.780418612550081e-21,-31.342633819115203,0.013937832742620313,8.342181942565517e-20,-1.0062701336856874,0.002226144060244287,4.5382484612259374e-20,0.09587841430886276,0,70,255.0,255.0,255.0
652,32.6,13.801092977170054,7.674293436630363e-21,-31.39282794219463,0.014024956819370432,6.565428847821347e-20,-1.0015040777519704,0.0012588190097606563,-7.56083722509968e-19,0.09476382303982898,0,70,255.0,255.0,255.0
653,32.65,13.80179539548268,9.677958954435944e-21,-31.442785155716454,0.014063714643596372,7.813447174662659e-21,-0.9967937513817051,0.0002914939592770253,-1.5575499296321954e-18,0.09364923177079522,0,70,255.0,255.0,255.0
654,32.7,13.802498542530206,7.78774964816083e-21,-31.492508246158856,0.014054106215298129,-9.010070448501399e-20,-0.9921391545748909,-0.0006758310912067435,-2.3590161367545367e-18,0.09253464050176129,0,70,255.0,255.0,255.0
655,32.75,13.8032,0.0,-31.542,0.013996131534475703,-2.2808816650078863e-19,-0.987540287331529,-0.0016431561416904022,-3.1604823438767643e-18,0.0914200492327284,0,70,255.0,255.0,255.0
656,32.800000000000004,13.803898171157513,-1.4108714335915947e-20,-31.591261713742686,0.013939085285378948,-3.1133446855638145e-19,-0.9829077511285996,-0.0006386938221796428,-1.693697383466653e-19,0.0938813988844306,0,70,255.0,255.0,255.0
657,32.85,13.804594745580472,-2.8640853017696886e-20,-31.640288723988153,0.013932262152257732,-2.4502514033547666e-19,-0.9781521474430858,0.00036576849733097397,2.8217428671830084e-18,0.09634274853613245,0,70,255.0,255.0,255.0
658,32.9,13.805292234424673,-3.6118634531521114e-20,-31.689074877362277,0.013975662135112043,-2.916018183809673e-20,-0.973273476274987,0.001370230816841591,5.812855472712682e-18,0.09880409818783431,0,70,255.0,255.0,255.0
659,32.95,13.805993148845914,-2.9064277363562867e-20,-31.737614020490945,0.014069285233941898,3.3626040693582107e-19,-0.9682717376243022,0.00237469313635235,8.803968078242781e-18,0.1012654478395365,0,70,255.0,255.0,255.0
660,33.0,13.8067,0.0,-31.7859,0.014213131448747274,8.512366259861728e-19,-0.963146931491033,0.0033791554558629117,1.1795080683772456e-17,0.10372679749124103,0,70,255.0,255.0,255.0
661,33.050000000000004,13.807414409464995,5.26544387311137e-20,-31.833928125914085,0.01435382611585305,1.1619160547998708e-18,-0.9579868617999137,0.002248631228367593,6.32096468774401e-19,0.10267599015351392,0,70,255.0,255.0,255.0
662,33.1,13.808134440508061,1.0688911863415719e-19,-31.881699561852773,0.014437994571584045,9.144462728636928e-19,-0.9528793324756815,0.0011181070008724355,-1.0530887746222067e-17,0.10162518281578696,0,70,255.0,255.0,255.0
663,33.15,13.80885726681863,1.347965791716485e-19,-31.92921693483443,0.014465636815940286,1.0882728017772442e-19,-0.9478243435183356,-1.2417226622722568e-05,-2.169387196121854e-17,0.10057437547805999,0,70,255.0,255.0,255.0
664,33.2,13.809580062086134,1.0846935980609067e-19,-31.97648287187739,0.014436752848921765,-1.2549409232582709e-18,-0.9428218949278754,-0.0011429414541180407,-3.285685617621659e-17,0.09952356814033288,0,70,255.0,255.0,255.0
665,33.25,13.8103,0.0,-32.0235,0.014351342670528486,-3.1768583374439024e-18,-0.9378719867043022,-0.0022734656816132404,-4.401984039121305e-17,0.09847276080260414,0,70,255.0,255.0,255.0
666,33.300000000000004,13.811015390982504,-1.9650904058853886e-19,-32.07026978260101,0.014277610251208838,-4.3363297506431014e-18,-0.9329048016716965,-0.0006758310911724544,-2.3590161367509325e-18,0.10021464050160575,0,70,255.0,255.0,255.0
667,33.35,13.81172909238728,-3.9891562151893173e-19,-32.116789028600756,0.01428375956141123,-3.412759951119295e-18,-0.9278505226541415,0.0009218034992681044,3.9301808117705255e-17,0.10195652020060711,0,70,255.0,255.0,255.0
668,33.4,13.812445098300804,-5.030676821550729e-19,-32.1630533833,0.014369790601135643,-4.06148938872799e-19,-0.9227091496516364,0.002519438089708663,8.096263237216146e-17,0.10369839989960847,0,70,255.0,255.0,255.0
669,33.45,13.813167402809551,-4.048131618607997e-19,-32.20905849199951,0.01453570337038211,4.683503286097263e-18,-0.9174806826641805,0.004117072680149449,1.2262345662662357e-16,0.10544027959861008,0,70,255.0,255.0,255.0
670,33.5,13.8139,0.0,-32.2548,0.014781497869150582,1.1856196723789437e-17,-0.9121651216917753,0.00571470727058998,1.6428428088107973e-16,0.10718215929761943,0,70,255.0,255.0,255.0
671,33.550000000000004,13.81464562660499,7.333817236230417e-19,-32.30027434368191,0.015031732879323191,1.6183402947772533e-17,-0.9068099315133444,0.004294693136313567,8.80396807822934e-18,0.10702544783959683,0,70,255.0,255.0,255.0
672,33.6,13.815401989942822,1.48877336744157e-18,-32.34548112374422,0.015210967182781955,1.273659353161349e-17,-0.9014625769078155,0.0028746790020373544,-1.4667634472459896e-16,0.10686873638157425,0,70,255.0,255.0,255.0
673,33.65,13.816165539978156,1.8774741494486425e-18,-32.39042073196557,0.01531920077952691,1.5157684753134762e-18,-0.8961230578751876,0.001454664867761142,-3.021566575274273e-16,0.10671202492355168,0,70,255.0,255.0,255.0
674,33.7,13.816932726675661,1.5107832876371082e-18,-32.43509356012462,0.015356433669558061,-1.747907222113077e-17,-0.8907913744154602,3.465073348472847e-05,-4.576369703302777e-16,0.10655531346552909,0,70,255.0,255.0,255.0
675,33.75,13.8177,0.0,-32.4795,0.015322665852875396,-4.424792855771384e-17,-0.8854675265286345,-0.0013853634007914978,-6.131172831331058e-16,0.10639860200750917,0,70,255.0,255.0,255.0
676,33.800000000000004,13.818464502597537,-2.7370178539036277e-18,-32.523640042671374,0.015259458231502654,-6.039728204044702e-17,-0.8801274722749334,-0.0011429414541179893,-3.2856856176166445e-17,0.10720356814051797,0,70,255.0,255.0,255.0
677,33.85,13.819226147841439,-5.556177848247348e-18,-32.56751207642239,0.015208371707463593,-4.7533614175334653e-17,-0.8747471697145826,-0.0009005195074445152,5.474035707806905e-16,0.10800853427352666,0,70,255.0,255.0,255.0
678,33.9,13.819985541786572,-7.0068289156395e-18,-32.611114088837724,0.015169406280758208,-5.656924962381086e-18,-0.8693266188475812,-0.0006580975607710412,1.1276639977375476e-15,0.10881350040653534,0,70,255.0,255.0,255.0
679,33.95,13.820743290487803,-5.638319988687631e-18,-32.654444067502034,0.015142561951386491,6.523278559842581e-17,-0.8638658196739288,-0.0004156756140975327,1.7079244246944867e-15,0.10961846653954414,0,70,255.0,255.0,255.0
680,34.0,13.8215,0.0,-32.6975,0.01512783871934845,1.6513551750706593e-16,-0.8583647721936267,-0.00017325366742412807,2.2881848516513446e-15,0.11042343267255106,0,70,255.0,255.0,255.0
681,34.050000000000004,13.822256363004861,1.0214689691991471e-17,-32.74027988563263,0.015130434194666805,2.2540572521401563e-16,-0.8528241793868527,0.0002770726801583185,1.226234566264369e-16,0.1112002795983934,0,70,255.0,255.0,255.0
682,34.1,13.823013418691422,2.0735938025547822e-17,-32.782781770566245,0.01515554598736428,1.7739786316972513e-16,-0.8472447442337873,0.0007273990277407011,-2.042937938398163e-15,0.11197712652423564,0,70,255.0,255.0,255.0
683,34.15,13.823772292875553,2.6149841513109352e-17,-32.82500371268356,0.015203174097440871,2.1111931374210892e-17,-0.8416264667344298,0.0011777253753230837,-4.208499333422763e-15,0.11275397345007787,0,70,255.0,255.0,255.0
684,34.2,13.824534111373124,2.1042496667113432e-17,-32.866943769867255,0.015273318524896592,-2.4345207017257256e-16,-0.8359693468887792,0.0016280517229055303,-6.374060728447671e-15,0.11353082037592022,0,70,255.0,255.0,255.0
685,34.25,13.8253,0.0,-32.9086,0.015365979269731425,-6.162941414705499e-16,-0.8302733846968376,0.002078378070487899,-8.539622123472268e-15,0.11430766730176334,0,70,255.0,255.0,255.0
686,34.300000000000004,13.826070845383017,-3.8121740914062244e-17,-32.94997081479815,0.01546680498983064,-8.412256188156152e-16,-0.8245598101776552,0.0019546507334803264,-4.57636970329578e-16,0.11423531346551402,0,70,255.0,255.0,255.0
687,34.35,13.82684657739287,-7.738757425394394e-17,-32.99105604131263,0.015561444343079461,-6.620578385035657e-16,-0.818849853350286,0.0018309233964727716,7.624348182811964e-15,0.11416295962926472,0,70,255.0,255.0,255.0
688,34.4,13.827626886711212,-9.759253713679786e-17,-33.03185586042803,0.015649897329477906,-7.879080053446204e-17,-0.8131435142147294,0.0017071960594652164,1.5706333335953504e-14,0.11409060579301543,0,70,255.0,255.0,255.0
689,34.45,13.828411464019704,-7.853166667976606e-17,-33.07237045302897,0.015732163949025983,9.085754950918647e-16,-0.8074407927709844,0.001583468722457644,2.3788318489096196e-14,0.11401825195676611,0,70,255.0,255.0,255.0
690,34.5,13.8292,0.0,-33.1126,0.01580824420172367,2.3000410483751335e-15,-0.8017416890190526,0.0014597413854500751,3.1870303642237736e-14,0.11394589812052214,0,70,255.0,255.0,255.0
691,34.550000000000004,13.829992255463068,1.422722739642575e-16,-33.15254405517479,0.01588234584600738,3.1394967500484456e-15,-0.7960085799025457,0.001504324385897952,1.7079244246918839e-15,0.11537846653973668,0,70,255.0,255.0,255.0
692,34.6,13.8307882717371,2.888143589902279e-16,-33.19219966418324,0.015958676640313467,2.4708334908445376e-15,-0.7902038423650789,0.0015489073863458227,-2.845445479284969e-14,0.11681103495895102,0,70,255.0,255.0,255.0
693,34.65,13.831588160279601,3.6422030703408226e-16,-33.231563245604285,0.016037236584641953,2.9405127076363854e-16,-0.7843274764066511,0.0015934903867936931,-5.861683401039125e-14,0.11824360337816535,0,70,255.0,255.0,255.0
694,34.7,13.832392032548066,2.930841700519509e-16,-33.270631218016895,0.01611802567899284,-3.3908499101948868e-15,-0.778379482027262,0.00163807338724157,-8.877921322793712e-14,0.1196761717973799,0,70,255.0,255.0,255.0
695,34.75,13.8332,0.0,-33.3094,0.016201043923366108,-8.583870052029984e-15,-0.7723598592269131,0.0016826563876893574,-1.1894159244547868e-13,0.12110874021659779,0,70,255.0,255.0,255.0
696,34.800000000000004,13.834012132764709,-5.309673549429678e-16,-33.347866564502674,0.016283811626131836,-1.1716761381378167e-14,-0.7663018702121034,0.001628051722939595,-6.37406072843795e-15,0.12121082037576604,0,70,255.0,255.0,255.0
697,34.85,13.834828335658726,-1.0778698617069677e-15,-33.386030101954404,0.01636384909566007,-9.221276124874586e-15,-0.7602387771893363,0.0015734470581898403,1.0619347098858677e-13,0.12131290053493426,0,70,255.0,255.0,255.0
698,34.9,13.835648472170387,-1.359288690999531e-15,-33.4238903571548,0.016441156331950812,-1.0974142825200933e-15,-0.7541705801586108,0.0015188423934400857,2.187610027056115e-13,0.1214149806941025,0,70,255.0,255.0,255.0
699,34.95,13.836472405788033,-1.0938050135280376e-15,-33.46144707490347,0.01651573333500408,1.2654824145687675e-14,-0.7480972791199259,0.001464237728690323,3.313285344226522e-13,0.12151706085327074,0,70,255.0,255.0,255.0
700,35.0,13.8373,0.0,-33.4987,0.016587580104819852,3.20354391597448e-14,-0.7420188740732835,0.0014096330639405963,4.43896066139677e-13,0.12161914101244076,0,70,255.0,255.0,255.0
701,35.050000000000004,13.838131213478096,1.981597145807614e-15,-33.535648886814506,0.01666240764947896,4.372754877546422e-14,-0.7359359392490532,0.001583468722423557,2.378831848905989e-14,0.12169825195675035,0,70,255.0,255.0,255.0
702,35.1,13.838966385627996,4.0226650878376436e-15,-33.572293527999115,0.016745926977062207,3.4414271008653813e-14,-0.7298490488776083,0.001757304380906493,-3.9631942916149744e-13,0.12177736290105994,0,70,255.0,255.0,255.0
703,35.15,13.83980595103885,5.072934456964041e-15,-33.60863372577647,0.016838138087569603,4.095605859316728e-15,-0.7237582029589479,0.001931140039389429,-8.164271768120548e-13,0.12185647384536953,0,70,255.0,255.0,255.0
704,35.2,13.840650344299803,4.0821358840602e-15,-33.644669282369236,0.016939040981001158,-4.722844667255583e-14,-0.7176634014930712,0.00210497569787239,-1.2365349244626719e-12,0.12193558478967913,0,70,255.0,255.0,255.0
705,35.25,13.8415,0.0,-33.6804,0.017048635657356842,-1.1955788658694923e-13,-0.7115646444799798,0.002278811356355326,-1.6566426721132292e-12,0.12201469573398871,0,70,255.0,255.0,255.0
706,35.300000000000004,13.84235501332291,-7.395421228287488e-15,-33.715825088239306,0.01714655777594677,-1.6319343372047872e-13,-0.7054263727916918,0.0016380733872414575,-8.877921322780171e-14,0.12351617179750848,0,70,255.0,255.0,255.0
707,35.35,13.843214121829288,-1.5012790489643604e-14,-33.75094138604912,0.017212442996080997,-1.2843580790974068e-13,-0.6992130273002287,0.00099733541812768,1.4790842456574032e-12,0.12501764786102804,0,70,255.0,255.0,255.0
708,35.4,13.84407572367421,-1.893244913685664e-14,-33.78574513973927,0.01724629131775953,-1.528500915474683e-14,-0.6929246080055897,0.00035659744901390283,3.0469477045426077e-12,0.12651912392454762,0,70,255.0,255.0,255.0
709,35.45,13.844938217012755,-1.5234738522712754e-14,-33.82023259561962,0.01724810274098238,1.7625896254453558e-13,-0.6865611149077738,-0.0002841405200999657,4.614811163428036e-12,0.1280205999880674,0,70,255.0,255.0,255.0
710,35.5,13.8458,0.0,-33.8544,0.017217877265749536,4.461961071880521e-13,-0.6801225480067827,-0.0009248784892138262,6.182674622313238e-12,0.12952207605159138,0,70,255.0,255.0,255.0
711,35.550000000000004,13.846659933230267,2.7600087767342333e-14,-33.88824436022827,0.017183361246736556,6.090461861064506e-13,-0.6736545695841645,-0.00045576227130514785,3.313285344221469e-13,0.12919706085311836,0,70,255.0,255.0,255.0
712,35.6,13.847518727054856,5.6028496870736774e-14,-33.92176572780441,0.01717230103861902,4.793289606303088e-13,-0.6672028419214707,1.3353946603463819e-05,-5.520017553468114e-12,0.12887204565464536,0,70,255.0,255.0,255.0
713,35.65,13.84837755426431,7.06568620904625e-14,-33.954964915266416,0.017184696641396904,5.704443075967078e-14,-0.6607673650187007,0.00048247016451207544,-1.1371363641358374e-11,0.12854703045617236,0,70,255.0,255.0,255.0
714,35.7,13.84923758764918,5.685681820679081e-14,-33.987842735152284,0.017220548055070232,-6.578074035055863e-13,-0.6543481388758533,0.0009515863824207538,-1.7222709729249465e-11,0.12822201525769933,0,70,255.0,255.0,255.0
715,35.75,13.8501,0.0,-34.0204,0.01727985527963898,-1.665226542165259e-12,-0.6479451634929304,0.0014207026003293655,-2.3074055817139725e-11,0.127897000059229,0,70,255.0,255.0,255.0
716,35.800000000000004,13.850966053756022,-1.0300492984108184e-13,-34.052636670847605,0.01736799723709403,-2.2729913107053238e-12,-0.6415073488717041,0.002104975697872455,-1.2365349244607843e-12,0.12961558478979743,0,70,255.0,255.0,255.0
717,35.85,13.851837369951289,-2.0910119699330346e-13,-34.08454930273323,0.01749035284942622,-1.7888800346114942e-12,-0.6349836050139506,0.0027892487954154473,2.0600985968215054e-11,0.13133416952036564,0,70,255.0,255.0,255.0
718,35.9,13.852715659268545,-2.6369499922499333e-13,-34.11613359919505,0.01764692211663556,-2.1289271388393523e-13,-0.6283739319196684,0.003473521892958439,4.2438506860890886e-11,0.13305275425093382,0,70,255.0,255.0,255.0
719,35.95,13.853602632390535,-2.1219253430445052e-13,-34.14738526377126,0.017837705038722076,2.4549706514778102e-12,-0.6216783295888569,0.004157794990501529,6.427602775356983e-11,0.1347713389815023,0,70,255.0,255.0,255.0
720,36.0,13.8545,0.0,-34.1783,0.018062701615685715,6.214710061472984e-12,-0.6148967980215179,0.0048420680880444655,8.611354864624568e-11,0.13648992371207136,0,70,255.0,255.0,255.0
721,36.050000000000004,13.855408651745641,3.844196315969851e-13,-34.208874556381325,0.01827264980488497,8.482919056714845e-12,-0.6080920349290143,0.0035558594799250456,4.614811163420997e-12,0.13570059998805092,0,70,255.0,255.0,255.0
722,36.1,13.856326193139981,7.803762911024772e-13,-34.23910986126267,0.018418287563678234,6.676191177815669e-12,-0.6013267380227126,0.0022696508718058083,-7.68839263193921e-11,0.1349112762640306,0,70,255.0,255.0,255.0
723,36.15,13.857249408661502,9.841231348095107e-13,-34.26900788795336,0.018499614892065537,7.945264247760726e-13,-0.594600907302612,0.0009834422636865714,-1.583826638022052e-10,0.1341219525400103,0,70,255.0,255.0,255.0
724,36.2,13.858175082788684,7.919133190110115e-13,-34.298570609762706,0.01851663179004688,-9.162075202405654e-12,-0.5879145427687114,-0.0003027663444328489,-2.3988140128502987e-10,0.13333262881598987,0,70,255.0,255.0,255.0
725,36.25,13.8591,0.0,-34.3278,0.018469338257622262,-2.3193613703726676e-11,-0.5812676444210129,-0.0015889749525520858,-3.2138013876784296e-10,0.13254330509196866,0,70,255.0,255.0,255.0
726,36.300000000000004,13.860021739261414,-1.4346735965468584e-12,-34.35669710362713,0.018405403543368233,-3.165868491615405e-11,-0.5746045114122692,-0.0009684136176088402,-1.7222709729223196e-11,0.13398201525775585,0,70,255.0,255.0,255.0
727,36.35,13.860941057488782,-2.9124039674166055e-12,-34.38525925221609,0.018372496895861373,-2.491588467665118e-11,-0.567869442895237,-0.0003478522826656828,2.8693471930935335e-10,0.13542072542354283,0,70,255.0,255.0,255.0
728,36.4,13.861859506085445,-3.672797540013051e-12,-34.41348284899151,0.018370618315101665,-2.96521298522035e-12,-0.5610624388699157,0.00027270905227747455,5.910921483479298e-10,0.13685943558932984,0,70,255.0,255.0,255.0
729,36.45,13.862778636454737,-2.955460741739594e-12,-34.44136429717795,0.018399767801089123,3.419333015814482e-11,-0.554183499336304,0.0008932703872207202,8.952495773865497e-10,0.13829814575511704,0,70,255.0,255.0,255.0
730,36.5,13.8637,0.0,-34.4689,0.018459945353823733,8.655974475343372e-11,-0.5472326242944038,0.0015138317221637942,1.1994070064251262e-09,0.13973685592090757,0,70,255.0,255.0,255.0
731,36.550000000000004,13.864625191208706,5.354274754590449e-12,-34.496086629110216,0.018553736021640486,1.1815182060790138e-10,-0.5402259194218448,0.0022377949905059875,6.427602775347197e-11,0.1405313389814231,0,70,255.0,255.0,255.0
732,36.6,13.865555976904888,1.0869239578563943e-11,-34.522921929872965,0.01868372485287433,9.298734752878904e-11,-0.5331794903962612,0.0029617582588480776,-1.070854950918021e-09,0.1413258220419385,0,70,255.0,255.0,255.0
733,36.65,13.866494166996716,1.3707067025242688e-11,-34.549403916080614,0.018849911847525276,1.1066325516105344e-11,-0.526093337217652,0.003685721527190168,-2.205985929589514e-09,0.14212030510245394,0,70,255.0,255.0,255.0
734,36.7,13.867441571392364,1.1029929647947367e-11,-34.575530601525514,0.019052297005593355,-1.2761124543017357e-10,-0.5189674598860157,0.004409684795532361,-3.341116908261168e-09,0.14291478816296946,0,70,255.0,255.0,255.0
735,36.75,13.8684,0.0,-34.6013,0.019290880327078513,-3.230453653100082e-10,-0.5118018584013547,0.005133648063874396,-4.47624788693266e-09,0.14370927122348665,0,70,255.0,255.0,255.0
736,36.800000000000004,13.869370295903762,-1.9982425421814933e-11,-34.62671077993204,0.0195076523700652,-4.409485975154513e-10,-0.5046358109003695,0.0035372336555922392,-2.3988140128466385e-10,0.14293262881589835,0,70,255.0,255.0,255.0
737,36.85,13.870349434891667,-4.0564554346839156e-11,-34.651764228292045,0.019644603692637753,-3.4703350543850503e-10,-0.4975085955197647,0.0019408192473103093,3.99648508436273e-09,0.1421559864083102,0,70,255.0,255.0,255.0
738,36.9,13.871333425927686,-5.1155470560957705e-11,-34.676462286686025,0.01970173429479622,-4.130008907920099e-11,-0.4904202122595393,0.0003444048390283793,8.232851570010126e-09,0.14137934400072202,0,70,255.0,255.0,255.0
739,36.95,13.872318277975806,-4.116425785004984e-11,-34.70080689672001,0.01967904417654058,4.762516515625493e-10,-0.4833706611196923,-0.001252009569253778,1.246921805565812e-08,0.14060270159313376,0,70,255.0,255.0,255.0
740,37.0,13.8733,0.0,-34.7248,0.019576533337870853,1.205621716486599e-09,-0.4763599421002257,-0.002848423977535791,1.6705584541305514e-08,0.13982605918554736,0,70,255.0,255.0,255.0
741,37.050000000000004,13.87427602517624,7.457542693266929e-11,-34.74844225116163,0.019479654498112228,1.6456425694539036e-09,-0.46931083697670184,-0.00102672961280888,8.952495773851824e-10,0.1421381457553828,0,70,255.0,255.0,255.0
742,37.1,13.875249483528451,1.5138897780879268e-10,-34.77172915695887,0.01947386037658995,1.2951466742252304e-09,-0.46214612752468726,0.0007949647519177724,-1.4915085386532906e-08,0.14445023232521795,0,70,255.0,255.0,255.0
743,37.15,13.876224929292537,1.909148152185881e-10,-34.79465493717529,0.019559150973304,1.5413403080069814e-10,-0.4548658137441809,0.0026166591166444245,-3.072542035045099e-08,0.14676231889505306,0,70,255.0,255.0,255.0
744,37.2,13.877206916704417,1.5362710175225208e-10,-34.81721381159447,0.01973552628825441,-1.7773953608200248e-09,-0.4474698956351817,0.004438353481371336,-4.653575531437133e-08,0.14907440546488854,0,70,255.0,255.0,255.0
745,37.25,13.8782,0.0,-34.8394,0.020002986321441128,-4.499441500636388e-09,-0.4399583731976918,0.0062600478460979325,-6.23460902782894e-08,0.1513864920347272,0,70,255.0,255.0,255.0
746,37.300000000000004,13.879207203391275,-2.7831928230886217e-10,-34.86120901542145,0.020269729637481904,-6.141621680300163e-09,-0.4324088411927526,0.004409684795532135,-3.3411169082560723e-09,0.1505947881628168,0,70,255.0,255.0,255.0
747,37.35,13.880225430994539,-5.649913568883316e-10,-34.8826415438725,0.02044395480099436,-4.833553191462418e-09,-0.42489889438140993,0.0025593217449666004,5.5663856461768874e-08,0.1498030842909065,0,70,255.0,255.0,255.0
748,37.4,13.881250056902164,-7.125037903133947e-10,-34.90369956461282,0.020525661811978547,-5.752360341235951e-10,-0.4174285327636628,0.0007089586944010653,1.1466882983179381e-07,0.1490113804189962,0,70,255.0,255.0,255.0
749,37.45,13.88227645520653,-5.733441491589584e-10,-34.92438505690209,0.020514850670434456,6.633329791717546e-09,-0.4099977563395101,-0.0011414043561647318,1.7367380320182714e-07,0.1482196765470858,0,70,255.0,255.0,255.0
750,37.5,13.8833,0.0,-34.9447,0.020411521376362086,1.679214428605895e-08,-0.40260656510895393,-0.002991767406730267,2.3267877657185206e-07,0.14742797267517682,0,70,255.0,255.0,255.0
751,37.550000000000004,13.884317561258658,1.0387017023027795e-09,-34.96464568715255,0.020305426951963336,2.292084415174675e-08,-0.3952137982522494,-0.0012520095692194382,1.2469218055639107e-08,0.14828270159297982,0,70,255.0,255.0,255.0
752,37.6,13.885331992493395,2.108576449744534e-09,-34.98422066755113,0.02028632041944013,1.8039066091624442e-08,-0.38777829494965577,0.0004877482682911433,-2.0774034046054256e-07,0.14913743051078268,0,70,255.0,255.0,255.0
753,37.65,13.886347643098802,2.6591003460349905e-09,-35.003422804373415,0.020354201778792446,2.146810105693676e-09,-0.38030005520117194,0.0022275061058017248,-4.279498989767242e-07,0.14999215942858554,0,70,255.0,255.0,255.0
754,37.7,13.887368862469472,2.139749494883582e-09,-35.02224996079715,0.020509071030020316,-2.4755923806050157e-08,-0.37277907900679697,0.0039672639433125535,-6.481594574929372e-07,0.15084688834638854,0,70,255.0,255.0,255.0
755,37.75,13.8884,0.0,-35.0407,0.020750928173123694,-6.266913564359941e-08,-0.3652153663665329,0.005707021780823135,-8.683690160091188e-07,0.1517016172641923,0,70,255.0,255.0,255.0
756,37.800000000000004,13.889444151574091,-3.876487526902255e-09,-35.05877063596833,0.021004562554677718,-8.554175492668685e-08,-0.357599965798302,0.004438353481336995,-4.653575531430036e-08,0.15291440546501747,0,70,255.0,255.0,255.0
757,37.85,13.890499399031885,-7.869314442089802e-09,-35.076458985923,0.02119476352125741,-6.732271117503533e-08,-0.34992392582003096,0.003169685181851037,7.752975053804014e-07,0.1541271936658425,0,70,255.0,255.0,255.0
758,37.9,13.891562570702634,-9.923897593826565e-09,-35.09376201789349,0.021321531072862804,-8.012004388651136e-09,-0.3421872464317186,0.0019010168823650779,1.5971307660751032e-06,0.15533998186666753,0,70,255.0,255.0,255.0
759,37.95,13.89263049491559,-7.98565383037537e-09,-35.11067669990934,0.021384865209493908,9.239036543248311e-08,-0.33438992763336395,0.0006323485828789391,2.4189640267699214e-06,0.1565527700674927,0,70,255.0,255.0,255.0
760,38.0,13.8937,0.0,-35.1272,0.02138476593115071,2.3388439828833866e-07,-0.3265319694249691,-0.0006363197166069645,3.2407972874646234e-06,0.15776555826831817,0,70,255.0,255.0,255.0
761,38.050000000000004,13.894769032444978,1.4467248405306242e-08,-35.143329368974136,0.02138832282933131,3.192461755550006e-07,-0.31864233855457874,0.0007785956438310412,1.7367380320156258e-07,0.15781967654726864,0,70,255.0,255.0,255.0
762,38.1,13.895840011379068,2.9368681318614673e-08,-35.15906418875689,0.021462625495533804,2.5125177860851696e-07,-0.31075000177024203,0.0021935110042688457,-2.893449681061063e-06,0.15787379482621908,0,70,255.0,255.0,255.0
763,38.15,13.896916474090666,3.703649002927127e-08,-35.17440432405259,0.021607673929758184,2.9901207448910793e-08,-0.3028549590719577,0.00360842636470665,-5.960573165323689e-06,0.15792791310516954,0,70,255.0,255.0,255.0
764,38.2,13.898001957868177,2.98028658266179e-08,-35.18934963956553,0.021823468132004482,-3.4480553792388217e-07,-0.29495721045972484,0.005023341725144656,-9.027696649586749e-06,0.15798203138412,0,70,255.0,255.0,255.0
765,38.25,13.8991,0.0,-35.2039,0.022110008102272646,-8.728684575097552e-07,-0.28705675593354557,0.006438257085582461,-1.2094820133849374e-05,0.15803614966307,0,70,255.0,255.0,255.0
766,38.300000000000004,13.900212518645995,-5.39925060943227e-08,-35.218055088135145,0.022370146127995035,-1.1914429472933154e-06,-0.27914267998331227,0.0039672639433122325,-6.481594574919489e-07,0.15852688834623457,0,70,255.0,255.0,255.0
767,38.35,13.901334955451848,-1.096054108323689e-07,-35.231813859049424,0.02250673449660389,-9.376844032590322e-07,-0.2712040670989219,0.0014962708010423558,1.079850121886385e-05,0.15901762702939903,0,70,255.0,255.0,255.0
768,38.400000000000006,13.902461132934704,-1.382220625232593e-07,-35.24517508589614,0.022519773208099256,-1.1159282540683378e-07,-0.26324091728037213,-0.0009747223412278714,2.2245161895221277e-05,0.1595083657125636,0,70,255.0,255.0,255.0
769,38.45,13.903584873611706,-1.1122580947609616e-07,-35.25813754182855,0.022409262262481123,1.286831786263046e-06,-0.2552532305276653,-0.003445715483497749,3.3691822571577076e-05,0.1599991043957281,0,70,255.0,255.0,255.0
770,38.5,13.9047,0.0,-35.2707,0.0221752016597495,3.257589431750682e-06,-0.24724100684080028,-0.00591670862576768,4.513848324793287e-05,0.16048984307889325,0,70,255.0,255.0,255.0
771,38.550000000000004,13.905803292971042,2.0150277597198455e-07,-35.28286067848528,0.02199509265867739,4.4465256136182605e-06,-0.23917094151214194,-0.0012876514171161193,2.4189640267662343e-06,0.1623127700674121,0,70,255.0,255.0,255.0
772,38.6,13.906903366813541,4.0905296201086084e-07,-35.29461557504539,0.022046436518037855,3.4994858344276112e-06,-0.23100972983405885,0.0033414057915347826,-4.030055519439433e-05,0.16413569705593067,0,70,255.0,255.0,255.0
773,38.650000000000006,13.908011794170521,5.158517600637658e-07,-35.30596013236287,0.022329233237830905,4.164700941784676e-07,-0.22275737180654862,0.007970463000186345,-8.302007441556095e-05,0.16595862404444953,0,70,255.0,255.0,255.0
774,38.7,13.909140147685,4.1510037207776687e-07,-35.31688979312022,0.022843482818056468,-4.802521607128301e-06,-0.21441386742961369,0.012599520208837246,-0.00012573959363672152,0.16778155103296813,0,70,255.0,255.0,255.0
775,38.75,13.9103,0.0,-35.3274,0.023589185258714555,-1.2157489269492971e-05,-0.20597921670325278,0.01722857741748801,-0.00016845911285788206,0.16960447802148582,0,70,255.0,255.0,255.0
776,38.800000000000004,13.911495909469835,-7.520185977936154e-07,-35.33748939792373,0.024145483237281242,-1.6594659507179724e-05,-0.1976455539681106,0.005023341725177613,-9.027696649572956e-06,0.16374203138417334,0,70,255.0,255.0,255.0
777,38.85,13.912704377293982,-1.5266064372110743e-06,-35.347169440769,0.024091519431232413,-1.3060258934451412e-05,-0.1896050135648352,-0.0071818939671310505,0.0001504037195587135,0.1578795847468617,0,70,255.0,255.0,255.0
778,38.900000000000006,13.913894890383215,-1.9251849777318033e-06,-35.35645478465241,0.023427293840568044,-1.5542875513070307e-06,-0.18185759549342423,-0.01938712965944145,0.0003098351357670226,0.15201713810954925,0,70,255.0,255.0,255.0
779,38.95,13.915036935648297,-1.5491756788349708e-06,-35.36536008569055,0.022152806465288322,1.7923254642250155e-05,-0.17440329975388,-0.03159236535175011,0.0004692665519753091,0.1461546914722376,0,70,255.0,255.0,255.0
780,39.0,13.9161,0.0,-35.3739,0.02026805730539321,4.5372367646221204e-05,-0.16724212634620134,-0.04379760104405889,0.0006286979681835955,0.1402922448349253,0,70,255.0,255.0,255.0
781,39.050000000000004,13.917076269149614,2.8065716152024773e-06,-35.38207612981979,0.019134974392204178,6.193211241510064e-05,-0.1595908426154329,-0.001525715483498516,3.3691822571525623e-05,0.1657591043957852,0,70,255.0,255.0,255.0
782,39.1,13.91804872401052,5.697372786833437e-06,-35.389837861878576,0.020115485757043056,4.874154990337804e-05,-0.15066621590662277,0.040746170077055846,-0.0005613143230404597,0.1912259639566415,0,70,255.0,255.0,255.0
783,39.150000000000006,13.91912304429662,7.1848881508634485e-06,-35.39712152902747,0.02320959139991012,5.80068011104965e-06,-0.1404682462197683,0.08301805563761622,-0.0011563204686525293,0.21669282351750135,0,70,255.0,255.0,255.0
784,39.2,13.920404909721812,5.781602343262116e-06,-35.403863464117585,0.028417291320804495,-6.689049696187232e-05,-0.12899693355487252,0.12528994119817058,-0.0017513266142645148,0.24215968307835767,0,70,255.0,255.0,255.0
785,39.25,13.922,0.0,-35.41,0.035738585519726467,-0.00016933198131539184,-0.11625227791193393,0.16756182675872472,-0.002346332759876499,0.26762654263921404,0,70,255.0,255.0,255.0
786,39.300000000000004,13.924050213931705,-1.1274267863016497e-05,-35.415449282797134,0.047346619193915564,-0.000279133790153231,-0.10114307557013097,0.2967595202087995,-0.002045739593636693,0.3367415510328528,0,70,255.0,255.0,255.0
787,39.35,13.926842326663934,-2.7662884710122945e-05,-35.42005671171668,0.06541453754060592,-0.0003739059406790662,-0.08257812280864867,0.42595721365885597,-0.0017451464273969303,0.40585655942648174,0,70,255.0,255.0,255.0
788,39.400000000000006,13.930699332430308,-4.841436762572444e-05,-35.42364949923767,0.08994234055980269,-0.0004536484328929243,-0.060557419627481734,0.5551549071089308,-0.0014445532611571245,0.4749715678201205,0,70,255.0,255.0,255.0
789,39.45,13.935944225464455,-7.27772336942157e-05,-35.426054857839105,0.12093002825149887,-0.0005183612667947828,-0.03508096602663643,0.6843526005589873,-0.0011439600949173614,0.5440865762137495,0,70,255.0,255.0,255.0
790,39.5,13.9429,-0.0001,-35.4271,0.1583776006156975,-0.0005680444423846539,-0.006148762006109885,0.8135502940090431,-0.0008433669286775974,0.6132015846073785,0,70,255.0,255.0,255.0
791,39.550000000000004,13.951822075123564,-0.00012970950016314366,-35.426649938991694,0.1982305488321336,-0.0006253969518022176,0.02397114489588437,0.7805676346482647,-0.0014507334480247515,0.5915946914722889,0,70,255.0,255.0,255.0
792,39.6,13.962695569333745,-0.00016304583394634474,-35.42472089125469,0.23643436408052532,-0.0007131177871871269,0.05301070714112001,0.747584975287491,-0.0020580999673718192,0.5699877983372025,0,70,255.0,255.0,255.0
793,39.650000000000006,13.975438025982148,-0.0002015274176479807,-35.42136687402186,0.27298904636088356,-0.0008312069485394067,0.08096992472960528,0.7146023159267126,-0.0026654664867189733,0.548380905202113,0,70,255.0,255.0,255.0
794,39.7,13.989966988420367,-0.00024667266756640827,-35.41664190452602,0.3078945956731978,-0.0009796644358590237,0.10784879766133225,0.681619656565939,-0.003272833006066041,0.5267740120670266,0,70,255.0,255.0,255.0
795,39.75,14.0062,-0.0003,-35.4106,0.34115101201747355,-0.0011584902491459923,0.13364732593630496,0.6486369972051644,-0.0038801995254131045,0.50516711893194,0,70,255.0,255.0,255.0
796,39.800000000000004,14.024071085574045,-0.00036268773148442646,-35.403286161236124,0.3737471854775603,-0.0013472784026379474,0.15890649598656795,0.6552099411981953,-0.0036713266142644613,0.5051996830784934,0,70,255.0,255.0,255.0
797,39.85,14.043580196001082,-0.0004345537795045048,-35.39470932326456,0.406672006137294,-0.0015256229105724453,0.18416729424415504,0.6617828851912252,-0.0034624537031158475,0.5052322472250468,0,70,255.0,255.0,255.0
798,39.900000000000006,14.064743763641104,-0.0005150759617823838,-35.38486940467492,0.43992547399668386,-0.001693523772949536,0.20942972070907337,0.6683558291842561,-0.0032535807919672043,0.5052648113716003,0,70,255.0,255.0,255.0
799,39.95,14.08757822085408,-0.000603732096040169,-35.37376632405686,0.4735075890557205,-0.0018509809897691717,0.23469377538131578,0.6749287731772861,-0.0030447078808185906,0.5052973755181537,0,70,255.0,255.0,255.0
800,40.0,14.1121,-0.0007,-35.3614,0.5074183513144086,-0.0019979945610313775,0.25995945826088585,0.6815017171703133,-0.0028358349696699717,0.5053299396647066,0,70,255.0,255.0,255.0
801,40.050000000000004,14.138321582580263,-0.0008035395738991853,-35.347772616063814,0.5414207092576433,-0.002145489437646074,0.2850908711578467,0.6785926005589578,-0.0030639600949173952,0.4999265762136432,0,70,255.0,255.0,255.0
802,40.1,14.166239646661921,-0.0009147390480356488,-35.33289541568709,0.5752776113703054,-0.00230439057052312,0.3099521158822509,0.6756834839476027,-0.003292085220164786,0.4945232127625806,0,70,255.0,255.0,255.0
803,40.150000000000006,14.195846919453452,-0.0010341687352225413,-35.31678190727846,0.6089890576524045,-0.002474697959662559,0.3345431924341054,0.6727743673362472,-0.0035202103454122094,0.4891198493115172,0,70,255.0,255.0,255.0
804,40.2,14.227136128163322,-0.0011623989482729467,-35.29944559924656,0.642555048103931,-0.002656411605064344,0.35886410081340336,0.6698652507248921,-0.0037483354706596005,0.48371648586045457,0,70,255.0,255.0,255.0
805,40.25,14.2601,-0.0013,-35.2809,0.6759755827248899,-0.0028495315067284975,0.38291484102014817,0.6669561341135353,-0.0039764605959069985,0.47831312240939106,0,70,255.0,255.0,255.0
806,40.300000000000004,14.294732184104912,-0.0014471539729188879,-35.261157774508625,0.7093059774918796,-0.0030307638467778368,0.40674601938206195,0.666259656565942,-0.00327283300606595,0.47493401206707986,0,70,255.0,255.0,255.0
807,40.35,14.331030017351232,-0.0016024900283529192,-35.24022821398708,0.742601548381485,-0.003176814807335102,0.43040824222685686,0.6655631790183488,-0.002569205416225002,0.47155490172476916,0,70,255.0,255.0,255.0
808,40.400000000000006,14.368991758545105,-0.001764249097327536,-35.218119766211224,0.7758622953937154,-0.0032876843884003357,0.4539015095545395,0.6648667014707554,-0.0018655778263839537,0.46817579138245796,0,70,255.0,255.0,255.0
809,40.45,14.408615666492649,-0.0019306721108680893,-35.19484087895691,0.8090882185285616,-0.003363372589973505,0.47722582136510333,0.6641702239231623,-0.0011619502365430054,0.4647966810401472,0,70,255.0,255.0,255.0
810,40.5,14.4499,-0.0021,-35.1704,0.8422793177860279,-0.003403879412054629,0.5003811776585516,0.6634737463755709,-0.00045832264670206055,0.46141757069783473,0,70,255.0,255.0,255.0
811,40.550000000000004,14.492842481000109,-0.002271044534425339,-35.14480588590168,0.8754033807748529,-0.0034434551752426505,0.523349051313951,0.6614887731773168,-0.0011247078808186656,0.4572973755180598,0,70,255.0,255.0,255.0
812,40.6,14.537438683933155,-0.0024449008385527,-35.11806852836459,0.9084281951037606,-0.0035163502001364926,0.5461109152103584,0.6595037999790629,-0.001791093114935176,0.4531771803382855,0,70,255.0,255.0,255.0
813,40.650000000000006,14.583683646366154,-0.0026232348754674237,-35.09019822787664,0.9413537607727601,-0.0036225644867361757,0.56866676934778,0.6575188267808089,-0.002457478349051781,0.4490569851585106,0,70,255.0,255.0,255.0
814,40.7,14.631572405866098,-0.002807712608254752,-35.06120528492579,0.9741800777818423,-0.0037620980350416694,0.59101661372621,0.6555338535825551,-0.0031238635831682916,0.44493678997873626,0,70,255.0,255.0,255.0
815,40.75,14.6811,-0.003,-35.0311,1.006907146131012,-0.003934950845052987,0.6131604483456511,0.6535488803842977,-0.0037902488172847776,0.44081659479896285,0,70,255.0,255.0,255.0
816,40.800000000000004,14.732261891894678,-0.0032014678893798458,-34.99989308188461,1.0395604994087437,-0.004123415452251612,0.6350737753621395,0.6525852507248617,-0.0037483354706595745,0.435716485860499,0,70,255.0,255.0,255.0
817,40.85,14.785055246916162,-0.0034123066174363116,-34.96759687255457,1.072165671203499,-0.004309784392118951,0.6567320969317016,0.651621621065426,-0.003706422124034377,0.43061637692203586,0,70,255.0,255.0,255.0
818,40.900000000000006,14.839477655990313,-0.0036324114008028942,-34.93422412228222,1.1047226615152872,-0.004494057664655055,0.6781354130543437,0.6506579914059901,-0.0036645087774091734,0.425516267983572,0,70,255.0,255.0,255.0
819,40.95,14.895526710042972,-0.0038616774561129677,-34.899787581339915,1.137231470344099,-0.004676235269859873,0.6992837237300594,0.6496943617465543,-0.0036225954307839764,0.4204161590451089,0,70,255.0,255.0,255.0
820,41.0,14.9532,-0.0041,-34.8643,1.169692097689939,-0.004856317207733432,0.7201770289588523,0.648730732087115,-0.003580682084158765,0.41531605010664663,0,70,255.0,255.0,255.0
821,41.050000000000004,15.012495551421209,-0.004347083908055385,-34.82777378655987,1.2021306215901977,-0.00502288301575099,0.7408358472375236,0.6488102239231299,-0.00308195023654299,0.41103668104013485,0,70,255.0,255.0,255.0
822,41.1,15.073413128402219,-0.004601872691702092,-34.79021998141714,1.234573120082253,-0.005164512231387738,0.7612806970628664,0.6488897157591449,-0.0025832183889272853,0.4067573119736237,0,70,255.0,255.0,255.0
823,41.150000000000006,15.135952929672635,-0.004863119521321154,-34.751649282994464,1.2670195931661135,-0.005281204854643718,0.7815115784348865,0.6489692075951599,-0.0020844865413115104,0.4024779429071119,0,70,255.0,255.0,255.0
824,41.2,15.20011515396203,-0.005129577567293458,-34.712072389714535,1.2994700408417696,-0.005372960885518896,0.8015284913535782,0.6490486994311748,-0.001585754693695806,0.39819857384060076,0,70,255.0,255.0,255.0
825,41.25,15.2659,-0.0054,-34.6715,1.331924463109227,-0.00543978032401329,0.8213314358189443,0.6491281912671827,-0.001087022846080088,0.39391920477408604,0,70,255.0,255.0,255.0
826,41.300000000000004,15.333304702420515,-0.0056733964783987414,-34.629941371875915,1.364205014230474,-0.005497052484744503,0.8410068356877678,0.6420938535825823,-0.0012038635831682397,0.3930967899787873,0,70,255.0,255.0,255.0
827,41.35,15.40231463947498,-0.005949802615755365,-34.587400001776885,1.3961338484674863,-0.005560166682330115,0.8606411148168236,0.635059515897983,-0.001320704320256375,0.3922743751834886,0,70,255.0,255.0,255.0
828,41.400000000000006,15.472912225319195,-0.006229510513912668,-34.543877945739894,1.4277109658202731,-0.005629122916770144,0.8802342732061172,0.6280251782133827,-0.0014375450573445268,0.39145196038818986,0,70,255.0,255.0,255.0
829,41.45,15.545079874108938,-0.0065128122747132935,-34.49937725980193,1.4589363662888255,-0.005703921188064569,0.8997863108556431,0.6209908405287834,-0.0015543857944326622,0.3906295455928912,0,70,255.0,255.0,255.0
830,41.5,15.6188,-0.0068,-34.4539,1.4898100498731481,-0.005784561496213402,0.919297227765404,0.6139565028441822,-0.0016712265315208183,0.38980713079758633,0,70,255.0,255.0,255.0
831,41.550000000000004,15.694047238896763,-0.007091330178349789,-34.40744632593646,1.5198653214879192,-0.00586890704527103,0.9388808100114712,0.5882543617465571,-0.001702595430784011,0.39353615904503536,0,70,255.0,255.0,255.0
832,41.6,15.770765113697879,-0.007386916845276497,-34.36000881147531,1.5486354860478049,-0.005954821039291805,0.958650843669908,0.5625522206489357,-0.0017339643300471992,0.39726518729248383,0,70,255.0,255.0,255.0
833,41.650000000000006,15.848889369050628,-0.007686838423028364,-34.311578134045924,1.5761205435528132,-0.006042303478275753,0.9786073287407202,0.5368500795513106,-0.0017653332293103919,0.40099421553993286,0,70,255.0,255.0,255.0
834,41.7,15.928355749602249,-0.007991173333853465,-34.262144971077696,1.6023204940029367,-0.006131354362222846,0.998750265223902,0.5111479384536892,-0.00179670212857358,0.40472324378738134,0,70,255.0,255.0,255.0
835,41.75,16.0091,-0.0083,-34.2117,1.6272353373981794,-0.006221973691133099,1.0190796531194561,0.48544579735606064,-0.0018280710278367612,0.40845227203482715,0,70,255.0,255.0,255.0
836,41.800000000000004,16.091066341992473,-0.008613282808202253,-34.16023812437823,1.6513736998178628,-0.006307319334171421,1.0393419242663433,0.48008869943118765,-0.0015857546936958221,0.4020385738405897,0,70,255.0,255.0,255.0
837,41.85,16.17423290573352,-0.008930530003138702,-34.10777115232186,1.675244207341299,-0.006380549160502685,1.0592835105035159,0.47473160150631544,-0.0013434383595549175,0.39562487564635324,0,70,255.0,255.0,255.0
838,41.900000000000006,16.25858629847834,-0.00925113579397408,-34.054315118076374,1.698846859968495,-0.006441663170126914,1.078904411830979,0.46937450358144245,-0.0011011220254139782,0.3892111774521158,0,70,255.0,255.0,255.0
839,41.95,16.3441131274821,-0.00957449438987295,-33.99988605588725,1.7221816576994438,-0.006490661363044087,1.0982046282487279,0.4640174056565702,-0.0008588056912730736,0.38279747925787927,0,70,255.0,255.0,255.0
840,42.0,16.4308,-0.0099,-33.9445,1.7452486005341492,-0.0065275437392542145,1.117184159756765,0.4586603077317015,-0.000616489357132162,0.376383781063641,0,70,255.0,255.0,255.0
841,42.050000000000004,16.51863139313338,-0.010227538588841362,-33.8881723765506,1.7679198792406623,-0.00658181561804334,1.135879492923181,0.4481908405287454,-0.0015543857944326843,0.3714295455929313,0,70,255.0,255.0,255.0
842,42.1,16.607583263368067,-0.01055896314216876,-33.830916179237235,1.7900676845870245,-0.006682982318697479,1.154327114316059,0.43772137332579075,-0.002492282231733073,0.3664753101222223,0,70,255.0,255.0,255.0
843,42.150000000000006,16.69762943703608,-0.010896618401075538,-33.77274379364855,1.811692016573242,-0.006831043841216658,1.1725270239354035,0.42725190612283465,-0.0034301786690335953,0.3615210746515126,0,70,255.0,255.0,255.0
844,42.2,16.788743740469393,-0.01124284910665485,-33.71366760537325,1.8327928751993088,-0.007026000185600836,1.1904792217812106,0.41678243891988,-0.004368075106333984,0.3565668391808036,0,70,255.0,255.0,255.0
845,42.25,16.8809,-0.0116,-33.6537,1.8533702604652278,-0.007267851351850031,1.208183707853482,0.4063129717169165,-0.005305971543634373,0.35161260371009817,0,70,255.0,255.0,255.0
846,42.300000000000004,16.974072885474058,-0.011969362836432467,-33.59285316941932,1.8734747832194942,-0.007493418193655247,1.2256521040409205,0.3978679384536729,-0.0037167021285734753,0.3471232437873798,0,70,255.0,255.0,255.0
847,42.35,17.06824044079423,-0.012348017428186316,-33.53113853072917,1.8931570543105958,-0.007639521564707395,1.2428960322322204,0.38942290519043055,-0.0021274327135128034,0.34263388386466204,0,70,255.0,255.0,255.0
848,42.400000000000006,17.163381553377402,-0.012731990601724,-33.46856730732936,1.9124170737385378,-0.007706161465006519,1.2599154924273872,0.38097787192718696,-0.0005381632984519059,0.33814452394194366,0,70,255.0,255.0,255.0
849,42.45,17.25947511064037,-0.01311730918350776,-33.4051507226197,1.931254841503315,-0.007693337894552598,1.2767104846264155,0.37253283866394454,0.0010511061166087665,0.33365516401922596,0,70,255.0,255.0,255.0
850,42.5,17.3565,-0.0135,-33.3409,1.9496703576049303,-0.0076010508533456474,1.293281008829308,0.36408780540069685,0.0026403755316694866,0.3291658040965171,0,70,255.0,255.0,255.0
851,42.550000000000004,17.454434664970446,-0.013877410065428952,-33.27582694577209,1.9676369878813649,-0.007508511607335734,1.3095920909131713,0.3545774056566201,0.0010611943087267552,0.3232774792579518,0,70,255.0,255.0,255.0
852,42.6,17.553255773455017,-0.014252167145086037,-33.209945697846045,1.9851280981705928,-0.007494931422472959,1.3256087567551038,0.34506700591254474,-0.0005179869142157515,0.31738915441938736,0,70,255.0,255.0,255.0
853,42.650000000000006,17.652939549454388,-0.014628219192028714,-33.14327097703394,2.00214368847262,-0.007560310298757321,1.3413310063551103,0.335556606168468,-0.0020971681371584833,0.31150082958082204,0,70,255.0,255.0,255.0
854,42.7,17.75346221696916,-0.01500951415931423,-33.0758175041479,2.01868375878744,-0.007704648236188799,1.3567588397131864,0.32604620642439264,-0.0036763493601009896,0.3056125047422576,0,70,255.0,255.0,255.0
855,42.75,17.8548,-0.0154,-33.0076,2.034748309115057,-0.007927945234767399,1.3718922568293344,0.3165358066803101,-0.005255530583043511,0.29972417990368605,0,70,255.0,255.0,255.0
856,42.800000000000004,17.956929254644216,-0.015802596901851918,-32.93863264749228,2.050345265255063,-0.008168535377001854,1.3867635323064411,0.30734243891985774,-0.0043680751063338375,0.29512683918053423,0,70,255.0,255.0,255.0
857,42.85,18.05982686538571,-0.0162161139914696,-32.868927477886615,2.065482553007043,-0.008364752745400796,1.4014049407473883,0.2981490711594067,-0.00348061962962429,0.2905294984573831,0,70,255.0,255.0,255.0
858,42.900000000000006,18.163469848805118,-0.016638332630161415,-32.7984959845348,2.080160172371004,-0.00851659733996428,1.41581648215218,0.2889557033989544,-0.0025931641529146165,0.28593215773423125,0,70,255.0,255.0,255.0
859,42.95,18.267835221483015,-0.01706703417923545,-32.72734966078867,2.094378123346939,-0.008624069160692267,1.4299981565208117,0.27976233563850333,-0.0017057086762050696,0.28133481701108004,0,70,255.0,255.0,255.0
860,43.0,18.3729,-0.0175,-32.6555,2.108136405934853,-0.008687168207584776,1.4439499638532862,0.27056896787804163,-0.0008182531994955361,0.27673747628792533,0,70,255.0,255.0,255.0
861,43.050000000000004,18.47864111645276,-0.0179354023271636,-32.58295846425875,2.121429951098403,-0.008729346884656949,1.4576737798609734,0.2611728386639249,-0.0008688938833912378,0.27221516401951,0,70,255.0,255.0,255.0
862,43.1,18.585035165002168,-0.018372976889035622,-32.50973639060746,2.1342536898012456,-0.0087740575959239,1.4711714802552376,0.25177670944980945,-0.0009195345672869323,0.26769285175109536,0,70,255.0,255.0,255.0
863,43.150000000000006,18.69205865532521,-0.01881285028732592,-32.43584508482678,2.1466076220433843,-0.008821300341385644,1.4844430650360831,0.24238058023569273,-0.0009701752511826341,0.2631705394826801,0,70,255.0,255.0,255.0
864,43.2,18.799688097098826,-0.01925514912374411,-32.36129585269741,2.1584917478248156,-0.008871075121042165,1.497488534203506,0.23298445102157733,-0.0010208159350783286,0.25864822721426545,0,70,255.0,255.0,255.0
865,43.25,18.9079,-0.0197,-32.2861,2.1699060671455404,-0.008923381934893473,1.5103078877575082,0.22358832180745125,-0.001071456618974037,0.25412591494584724,0,70,255.0,255.0,255.0
866,43.300000000000004,19.016671079544807,-0.020147793789493898,-32.21026949547269,2.180862930351337,-0.008994077084370354,1.5228613482497118,0.21468620642437622,-0.0017563493601010034,0.24801250474225167,0,70,255.0,255.0,255.0
867,43.35,19.125978874605654,-0.020599978452387986,-32.13381895968352,2.1913746877879783,-0.00909901687090357,1.535109138231734,0.20578409104130246,-0.002441242101227872,0.241899094538657,0,70,255.0,255.0,255.0
868,43.400000000000006,19.23580112989412,-0.021058266220535207,-32.05676367615801,2.2014413394554673,-0.00923820129449315,1.5470512577035778,0.19688197565822746,-0.0031261348423548387,0.23578568433506142,0,70,255.0,255.0,255.0
869,43.45,19.346115590121716,-0.021524369325788252,-31.97911892842167,2.2110628853538015,-0.009411630355139054,1.5586877066652403,0.1879798602751537,-0.0038110275834817076,0.22967227413146674,0,70,255.0,255.0,255.0
870,43.5,19.4569,-0.022,-31.9009,2.220239325482982,-0.009619304052841301,1.570018485116723,0.1790777448920764,-0.004495920324608563,0.22355886392786317,0,70,255.0,255.0,255.0
871,43.550000000000004,19.568132165368084,-0.02248622251486103,-31.822121153850464,2.2289743274962466,-0.00982234477786166,1.5811048271401924,0.17032233563848176,-0.003625708676205148,0.21989481701087893,0,70,255.0,255.0,255.0
872,43.6,19.67979013657525,-0.022981509301412507,-31.742792570658406,2.237271559046831,-0.009981874920461827,1.592007966817811,0.16156692638488837,-0.0027554970278018567,0.2162307700938952,0,70,255.0,255.0,255.0
873,43.650000000000006,19.791852025098393,-0.02348368483053356,-31.662923410541108,2.245131020134736,-0.010097894480641844,1.602727904149582,0.15281151713129376,-0.001885285379398442,0.212566723176911,0,70,255.0,255.0,255.0
874,43.7,19.90429594241435,-0.02399057357310304,-31.58252283361588,2.2525527107599603,-0.01017040345840168,1.6132646391355026,0.14405610787770037,-0.0010150737309951507,0.20890267625992728,0,70,255.0,255.0,255.0
875,43.75,20.0171,-0.0245,-31.5016,2.259536630922505,-0.010199401853741352,1.6236181717755738,0.13530069862409988,-0.00014486208259179012,0.20523862934293646,0,70,255.0,255.0,255.0
876,43.800000000000004,20.130241858982913,-0.02501051615106222,-31.420165089125422,2.2660557596636486,-0.010228543804183107,1.633727343189508,0.12546445102161444,-0.0010208159350782644,0.1991282272144014,0,70,255.0,255.0,255.0
877,43.85,20.24369737909337,-0.025523584341962065,-31.338232357682823,2.272083076024667,-0.010301483447249175,1.6435309944970142,0.1156282034191304,-0.0018967697875646144,0.19301782508586723,0,70,255.0,255.0,255.0
878,43.900000000000006,20.357441969712383,-0.02604139445733089,-31.255817081677492,2.2776185800055617,-0.010418220782939577,1.653029125698095,0.10579195581664494,-0.002772723640051089,0.18690742295733218,0,70,255.0,255.0,255.0
879,43.95,20.471451040220924,-0.026566136381799776,-31.17293453711478,2.2826622716063314,-0.010578755811254281,1.6622217367927479,0.09595570821416091,-0.0036486774925374387,0.180797020828798,0,70,255.0,255.0,255.0
880,44.0,20.5857,-0.0271,-31.0896,2.2872141508269768,-0.010783088532193301,1.6711088277809736,0.0861194606116662,-0.00452463134502383,0.17468661870025137,0,70,255.0,255.0,255.0
881,44.050000000000004,20.700164398700316,-0.027644512880890346,-31.005828089647807,2.291282633849149,-0.010991480005405957,1.6797298001017673,0.0766198602752083,-0.0038110275834816326,0.1701522741314619,0,70,255.0,255.0,255.0
882,44.1,20.814820347051306,-0.028198553330739323,-30.921630798610295,2.294876136854498,-0.011164191290541477,1.6881240551941201,0.06712025993875174,-0.003097423821939537,0.16561792956267304,0,70,255.0,255.0,255.0
883,44.150000000000006,20.929644096052158,-0.028760337340143226,-30.837019462748867,2.2979946598430243,-0.011301222387599908,1.6962915930580347,0.057620659602293844,-0.0023838200603973395,0.16108358499388356,0,70,255.0,255.0,255.0
884,44.2,21.044611896701994,-0.029328080899698048,-30.752005417924963,2.300638202814727,-0.011402573296581217,1.7042324136935088,0.04812105926583729,-0.001670216298855244,0.15654924042509474,0,70,255.0,255.0,255.0
885,44.25,21.1597,-0.0299,-30.6666,2.3028067657696076,-0.011468244017485424,1.7119465171005432,0.03862145892937363,-0.0009566125373131201,0.15201489585630945,0,70,255.0,255.0,255.0
886,44.300000000000004,21.274885346215882,-0.030474632325376665,-30.580814552283307,2.3045417049397825,-0.011517536174193137,1.7194334564034484,0.030776107877619592,-0.0010150737309952828,0.14746267625986673,0,70,255.0,255.0,255.0
887,44.35,21.39014763270144,-0.03105180233508073,-30.494660447875983,2.30588437655737,-0.011569751390584953,1.72669278472653,0.02293075682586667,-0.0010735349246774372,0.14291045666342464,0,70,255.0,255.0,255.0
888,44.400000000000006,21.50546724607908,-0.031631656182096575,-30.408149067326985,2.3068347806223692,-0.011624889666660882,1.733724502069791,0.015085405774112635,-0.0011319961183596,0.13835823706698192,0,70,255.0,255.0,255.0
889,44.45,21.620824572971138,-0.03221434001940823,-30.32129179118533,2.3073929171347807,-0.011682951002420915,1.7405286084332285,0.0072400547223597095,-0.0011904573120417544,0.13380601747053983,0,70,255.0,255.0,255.0
890,44.5,21.7362,-0.0328,-30.2341,2.3075587860946056,-0.011743935397865052,1.7471051038168441,-0.0006052963293896596,-0.0012489185057239366,0.1292537978741084,0,70,255.0,255.0,255.0
891,44.550000000000004,21.85157261643622,-0.0333889578176033,-30.14658570121891,2.3072545463917242,-0.011818375297821588,1.753416374284417,-0.011564291785867422,-0.0017286774925372832,0.12319702082879315,0,70,255.0,255.0,255.0
892,44.6,21.966916322142964,-0.033982237328937855,-30.058763409885763,2.3064023569160192,-0.011916803147118779,1.7594248058997235,-0.022523287242343627,-0.0022084364793505617,0.11714024378347876,0,70,255.0,255.0,255.0
893,44.650000000000006,22.082203719631615,-0.034581037931470875,-29.97064826794314,2.3050022176674894,-0.012039218945756651,1.7651303986627653,-0.03348228269882139,-0.002688195466163908,0.11108346673816352,0,70,255.0,255.0,255.0
894,44.7,22.197407411413504,-0.03518655902266921,-29.88225541733369,2.303054128646137,-0.012185622693735172,1.7705331525735402,-0.044441278155297595,-0.0031679544529771867,0.10502668969284913,0,70,255.0,255.0,255.0
895,44.75,22.3125,-0.0358,-29.7936,2.3005580898519598,-0.01235601439105435,1.7756330676320498,-0.055400273611770245,-0.003647713439790451,0.09896991264753652,0,70,255.0,255.0,255.0
896,44.800000000000004,22.42745538803929,-0.036422336404210456,-29.70469624284101,2.2975921094933125,-0.012536962634520511,1.780485046458868,-0.06323894073410793,-0.0035902162988553205,0.09510924042516858,0,70,255.0,255.0,255.0
897,44.85,22.542252678726733,-0.037053648349167946,-29.615554712580963,2.294234195778549,-0.012715036020939888,1.7851439916745668,-0.07107760785644453,-0.0035327191579201983,0.09124856820280118,0,70,255.0,255.0,255.0
898,44.900000000000006,22.656872275394548,-0.037693792092020346,-29.526185060900403,2.290484348707668,-0.012890234550312536,1.789609903279148,-0.07891627497878223,-0.003475222016985068,0.08738789598043324,0,70,255.0,255.0,255.0
899,44.95,22.7712945813749,-0.03834262388991511,-29.436596939479898,2.2863425682806704,-0.0130625582226384,1.7938827812726101,-0.08675494210111881,-0.0034177248760499457,0.08352722375806586,0,70,255.0,255.0,255.0
900,45.0,22.8855,-0.039,-29.3468,2.281808854497557,-0.01323200703791751,1.7979626256549541,-0.09459360922345184,-0.003360227735114879,0.07966655153569135,0,70,255.0,255.0,255.0
901,45.050000000000004,22.99946823140667,-0.039665696565555214,-29.25680532741702,2.276841015635029,-0.013393774164096444,1.8017634398801103,-0.10411994527765184,-0.0031104573120418876,0.0723660174705473,0,70,255.0,255.0,255.0
902,45.1,23.11317616295013,-0.040339169274390435,-29.166629739790373,2.2713968599697916,-0.013543052769121705,1.805199227402009,-0.1136462813318505,-0.0028606868889689313,0.06506548340540427,0,70,255.0,255.0,255.0
903,45.150000000000006,23.226599978790272,-0.04101979370044817,-29.076291488455205,2.2654763875018435,-0.013679842852993339,1.808269988220651,-0.1231726173860505,-0.00261091646589594,0.05776494934026021,0,70,255.0,255.0,255.0
904,45.2,23.33971586308694,-0.04170694541767055,-28.985808824746695,2.2590795982311866,-0.013804144415711305,1.810975722336035,-0.13269895344024915,-0.0023611460428229836,0.05046441527511719,0,70,255.0,255.0,255.0
905,45.25,23.4525,-0.0424,-28.8952,2.25220649215782,-0.013915957457275623,1.813316429748162,-0.14222528949445135,-0.0021113756197500277,0.04316388120996173,0,70,255.0,255.0,255.0
906,45.300000000000004,23.56493008633409,-0.04309807733356904,-28.804485647490868,2.2449478279665747,-0.013999940709093807,1.8151491940207316,-0.14812127815533366,-0.0012479544529770056,0.03014668969281753,0,70,255.0,255.0,255.0
907,45.35,23.676989869472777,-0.043799274553270415,-28.71369592825752,2.2373943643422867,-0.014040752902573332,1.816331098717444,-0.15401726681621514,-0.00038453328620410604,0.01712949817567518,0,70,255.0,255.0,255.0
908,45.400000000000006,23.78866460944444,-0.04450143310618742,-28.62286338527872,2.229546101284953,-0.014038394037714211,1.816862143838299,-0.15991325547709745,0.0004788878805689163,0.004112306658530983,0,70,255.0,255.0,255.0
909,45.45,23.899939566277393,-0.04520239443940289,-28.532020561533287,2.2214030387945765,-0.013992864114516446,1.8167423293832972,-0.16580924413797893,0.0013423090473418157,-0.008904884858611371,0,70,255.0,255.0,255.0
910,45.5,24.0108,-0.0459,-28.4412,2.2129651768711565,-0.013904163132980037,1.8159716553524383,-0.17170523279886396,0.002205730214114715,-0.02192207637574839,0,70,255.0,255.0,255.0
911,45.550000000000004,24.121233023257027,-0.04659239410016899,-28.350432082619452,2.204343672498656,-0.013790462999528406,1.8146797840369941,-0.17315494210112103,0.0023422751239502056,-0.029752776242010937,0,70,255.0,255.0,255.0
912,45.6,24.231233159158784,-0.047278932512528,-28.25973854717952,2.195649682661044,-0.013669935620585013,1.8129963777282372,-0.17460465140337791,0.002478820033785676,-0.037583476108272375,0,70,255.0,255.0,255.0
913,45.650000000000006,24.340796783432047,-0.047959273874802644,-28.169138970429845,2.186883207358318,-0.013542580996149833,1.8109214364261668,-0.17605436070563502,0.0026153649436211667,-0.045414175974534926,0,70,255.0,255.0,255.0
914,45.7,24.449920271803535,-0.048633076824718145,-28.07865292912012,2.1780442465904803,-0.013408399126222895,1.8084549601307838,-0.1775040700078919,0.0027519098534566377,-0.05324487584079636,0,70,255.0,255.0,255.0
915,45.75,24.5586,-0.0493,-27.9883,2.16913280035753,-0.013267390010804186,1.8055969488420875,-0.17895377931014167,0.002888454763292067,-0.06107557570706135,0,70,255.0,255.0,255.0
916,45.800000000000004,24.666831420637855,-0.04996034626575536,-27.898100422031277,2.1600934820387705,-0.013158207292792457,1.8023076698312888,-0.18261895344019652,0.001478853957176717,-0.07049558472488267,0,70,255.0,255.0,255.0
917,45.85,24.774606293892102,-0.05061699539661769,-27.808077083024383,2.15087090501351,-0.013119504615086501,1.7985473903695994,-0.18628412757025084,6.925315106156736e-05,-0.07991559374270266,0,70,255.0,255.0,255.0
918,45.900000000000006,24.881915456827436,-0.051273471394602456,-27.718253533001832,2.1414650692817454,-0.013151281977686311,1.7943161104570182,-0.1899493017003057,-0.0013403476550537825,-0.08933560276052398,0,70,255.0,255.0,255.0
919,45.95,24.988749746508507,-0.05193329826172477,-27.628653321986192,2.1318759748434792,-0.013253539380591872,1.7896138300935467,-0.19361447583036004,-0.0027499484611689324,-0.09875561177834397,0,70,255.0,255.0,255.0
920,46.0,25.0951,-0.0526,-27.5393,2.122103621698711,-0.013426276823803188,1.7844405492791846,-0.1972796499604108,-0.0041595492672840545,-0.1081756207961515,0,70,255.0,255.0,255.0
921,46.050000000000004,25.200957294191586,-0.053275820836809894,-27.450216629255387,2.1121623993462504,-0.013592707829301758,1.7788255366378165,-0.20036924413796794,-0.0024976909526581827,-0.11642488485855756,0,70,255.0,255.0,255.0
922,46.1,25.306313665272814,-0.05395788590100134,-27.361424320722932,2.1020666972849136,-0.01367604591906902,1.7727980607933287,-0.20345883831552464,-0.0008358326380325464,-0.12467414892096246,0,70,255.0,255.0,255.0
923,46.150000000000006,25.411161389258265,-0.054642040546787965,-27.272943697562773,2.0918165155146977,-0.013676291093105003,1.7663581217457198,-0.20654843249308177,0.0008260256765933258,-0.13292341298336852,0,70,255.0,255.0,255.0
924,46.2,25.51549274216247,-0.055324130128383005,-27.18479538293508,2.0814118540356055,-0.0135934433514097,1.759505719494992,-0.2096380266706385,0.0024878839912189617,-0.1411726770457734,0,70,255.0,255.0,255.0
925,46.25,25.6193,-0.056,-27.097,2.070852712847635,-0.013427502693983122,1.7522408540411436,-0.2127276208482094,0.004149742305844528,-0.14942194110818008,0,70,255.0,255.0,255.0
926,46.300000000000004,25.722575402595847,-0.0566667703870054,-27.009578660947128,2.0601369205762303,-0.013254961390000576,1.7445341836174193,-0.21590407000794257,0.0027519098534567275,-0.15884487584076093,0,70,255.0,255.0,255.0
927,46.35,25.825311045016658,-0.05732666099937707,-26.922554434083864,2.0492623058468404,-0.013152311708637437,1.7363563664570671,-0.2190805191676753,0.001354077401069125,-0.16826781057334045,0,70,255.0,255.0,255.0
928,46.400000000000006,25.927498986139565,-0.057983166418246156,-26.83595087674703,2.0382288686594627,-0.013119553649893671,1.7277074025600851,-0.22225696832740846,-4.375505131867623e-05,-0.1776907453059213,0,70,255.0,255.0,255.0
929,46.45,26.029131284841643,-0.05863978122474344,-26.749791546273467,2.0270366090140994,-0.013156687213769292,1.718587291926475,-0.22543341748714116,-0.0014415875037062783,-0.1871136800385008,0,70,255.0,255.0,255.0
930,46.5,26.1302,-0.0593,-26.6641,2.0156855269107496,-0.013263712400264293,1.708996034556236,-0.22860986664687744,-0.0028394199560938665,-0.19653661477109452,0,70,255.0,255.0,255.0
931,46.550000000000004,26.230697095425075,-0.05996669761516884,-26.578899126956067,2.0041699183488184,-0.013403446610695877,1.6989737288924984,-0.23201447583033386,-0.0027499484611690724,-0.2043556117783701,0,70,255.0,255.0,255.0
932,46.6,26.330614154660566,-0.0606402701014905,-26.494209142941585,1.9924840793277159,-0.013538707246381204,1.6885604733783988,-0.2354190850137898,-0.002660476966244291,-0.2121746087856446,0,70,255.0,255.0,255.0
933,46.650000000000006,26.429942666183532,-0.06132049378022787,-26.410049595449063,1.9806280098474391,-0.01366949430732031,1.6777562680139337,-0.23882369419724622,-0.002571005471319497,-0.2199936057929202,0,70,255.0,255.0,255.0
934,46.7,26.52867411847099,-0.06200714497264344,-26.326440031971035,1.968601709907991,-0.013795807793513158,1.6665611127991065,-0.24222830338070214,-0.0024815339763947153,-0.2278126028001947,0,70,255.0,255.0,255.0
935,46.75,26.6268,-0.0627,-26.2434,1.9564051795093702,-0.01391764770495977,1.6549750077339156,-0.24563291256416164,-0.00239206248146992,-0.23563159980747272,0,70,255.0,255.0,255.0
936,46.800000000000004,26.724312215703897,-0.0633984391523196,-26.160949631228572,1.9440634060284996,-0.014011252167216045,1.6429629008125843,-0.24803802667062363,-0.0013521160087807795,-0.24485267704573496,0,70,255.0,255.0,255.0
937,46.85,26.821204336341093,-0.06410025859466105,-26.079111394149773,1.9316013768423075,-0.014052859305837856,1.6304897400293419,-0.2504431407770853,-0.000312169536091787,-0.25407375428399587,0,70,255.0,255.0,255.0
938,46.900000000000006,26.917470349126372,-0.06480285846084283,-25.997908341456668,1.9190190919507906,-0.014042469120825216,1.6175555253841845,-0.2528482548835473,0.0007277769365973534,-0.2632948315222581,0,70,255.0,255.0,255.0
939,46.95,27.013104241274426,-0.06550363888468302,-25.917363525842383,1.9063165513539524,-0.013980081612178128,1.6041602568771156,-0.2552533689900089,0.0017677234092863458,-0.272515908760519,0,70,255.0,255.0,255.0
940,47.0,27.1081,-0.0662,-25.8375,1.893493755051791,-0.013865696779896592,1.5903039345081338,-0.25765848309646877,0.002807669881975311,-0.28173698599878527,0,70,255.0,255.0,255.0
941,47.050000000000004,27.202450841759397,-0.06689074577555311,-25.7583407481296,1.8805044575371983,-0.013783544720439866,1.5759906678571978,-0.2619134174871917,0.0004784124962935077,-0.2907936800386065,0,70,255.0,255.0,255.0
942,47.1,27.296146899975064,-0.06758029551986541,-25.67990848045931,1.8673024133030716,-0.013817855530267223,1.5612245665042728,-0.266168351877914,-0.0018508448893879642,-0.29985037407842646,0,70,255.0,255.0,255.0
943,47.150000000000006,27.389177537311046,-0.06827447237640126,-25.602225838724202,1.8538876223494065,-0.01396862920937868,1.5460056304493546,-0.27042328626863693,-0.004180102275069768,-0.3089070681182477,0,70,255.0,255.0,255.0
944,47.2,27.48153211643135,-0.06897909948862468,-25.525315464659403,1.8402600846762074,-0.014235865757774191,1.5303338596924476,-0.2746782206593592,-0.0065093596607512395,-0.3179637621580676,0,70,255.0,255.0,255.0
945,47.25,27.5732,-0.0697,-25.4492,1.8264198002834724,-0.014619565175453767,1.5142092542335497,-0.27893315505007976,-0.008838617046432712,-0.3270204561978911,0,70,255.0,255.0,255.0
946,47.300000000000004,27.664171617258564,-0.07044097774546827,-25.373901776252982,1.8124307638227022,-0.014998568951024485,1.4976504277585971,-0.28062830338068295,-0.006321533976394746,-0.33533260280015076,0,70,255.0,255.0,255.0
947,47.35,27.754441663758662,-0.07119775932587744,-25.299441884012975,1.7983569699454038,-0.01525171857309327,1.4806759939535343,-0.2823234517112859,-0.003804450906357138,-0.34364474940240924,0,70,255.0,255.0,255.0
948,47.400000000000006,27.844005901629497,-0.07196405203355259,-25.22584110364646,1.7841984186515731,-0.015379014041660186,1.4632859528183557,-0.2840186000418891,-0.001287367836319172,-0.35195689600466895,0,70,255.0,255.0,255.0
949,47.45,27.932860093000215,-0.07273356316081844,-25.15312021551997,1.7699551099412143,-0.015380455356725206,1.4454803043530668,-0.285713748372492,0.0012297152337184362,-0.36026904260692744,0,70,255.0,255.0,255.0
950,47.5,28.021,-0.0735,-25.0813,1.7556270438143258,-0.01525604251828835,1.4272590485576648,-0.2874088967030968,0.0037467983037560992,-0.3685811892091877,0,70,255.0,255.0,255.0
951,47.550000000000004,28.108420289206396,-0.07425894324257414,-25.010401746858435,1.7411484871719973,-0.015118179475462276,1.4085916211084215,-0.2917333689899948,0.0017677234092863957,-0.37811590876047996,0,70,255.0,255.0,255.0
952,47.6,28.195111244990297,-0.07501346717662498,-24.94044878348878,1.7264537069153258,-0.015079270177359695,1.3894474576816163,-0.2960578412768922,-0.00021135148518302595,-0.3876506283117709,0,70,255.0,255.0,255.0
953,47.650000000000006,28.28106205617102,-0.07576851948938887,-24.871464946689894,1.7115427030443076,-0.015139314623980594,1.369826558277244,-0.3003823135637903,-0.00219042637965273,-0.39718534786306314,0,70,255.0,255.0,255.0
954,47.7,28.366261911567822,-0.07652904786810177,-24.80347407326068,1.6964154755589465,-0.015298312815324957,1.3497289228953095,-0.3047067858506877,-0.004169501274122151,-0.40672006741435407,0,70,255.0,255.0,255.0
955,47.75,28.4507,-0.0773,-24.7365,1.6810720244592403,-0.015556264751392785,1.3291545515358107,-0.3090312581375869,-0.006148576168591463,-0.416254786965645,0,70,255.0,255.0,255.0
956,47.800000000000004,28.534369625915915,-0.07808484928423551,-24.67056643631324,1.6657592874893137,-0.015824713147126374,1.3081110878077138,-0.3034782206594253,-0.004589359660751153,-0.4254837621581594,0,70,255.0,255.0,255.0
957,47.85,28.617280556280168,-0.07888117196762279,-24.605696582031886,1.6507242023932973,-0.016015200717467915,1.2866061753199942,-0.29792518318126454,-0.0030301431529110635,-0.43471273735067256,0,70,255.0,255.0,255.0
958,47.900000000000006,28.69944667368648,-0.07968507000889245,-24.541913509593897,1.6359667691711868,-0.01612772746241747,1.264639814072646,-0.29237214570310294,-0.001470926645070753,-0.443941712543187,0,70,255.0,255.0,255.0
959,47.95,28.780881860728517,-0.08049264536677468,-24.47924029143728,1.6214869878229867,-0.01616229338197501,1.242212004065675,-0.28681910822494217,8.828986276933608e-05,-0.45317068773570013,0,70,255.0,255.0,255.0
960,48.0,28.8616,-0.0813,-24.4177,1.6072848583486943,-0.01611889847614054,1.2193227452990782,-0.2812660707467778,0.0016475063706094806,-0.46239966292821855,0,70,255.0,255.0,255.0
961,48.050000000000004,28.941614807129994,-0.0821040596204842,-24.357313307888568,1.5933503628707126,-0.016046967936032337,1.1961160276606986,-0.2761137483724435,0.0012297152337182793,-0.4658690426068886,0,70,255.0,255.0,255.0
962,48.1,29.020939329889053,-0.082905044952884,-24.29809128838366,1.5796734835114494,-0.01599592695276871,1.1727358410383888,-0.27096142599811,0.0008119240968271371,-0.4693384222855582,0,70,255.0,255.0,255.0
963,48.150000000000006,29.099586449083123,-0.08370400047504184,-24.24004261493446,1.566254220270901,-0.01596577552634963,1.149182185432142,-0.2658091036237758,0.0003941329599359358,-0.4728078019642283,0,70,255.0,255.0,255.0
964,48.2,29.177569045518123,-0.08450197066479971,-24.183175960990177,1.5530925731490715,-0.01595651365677511,1.1254550608419653,-0.26065678124944225,-2.3658176955206316e-05,-0.4762771816428979,0,70,255.0,255.0,255.0
965,48.25,29.2549,-0.0853,-24.1275,1.5401885421459585,-0.015968141344045148,1.1015544672678552,-0.25550445887511586,-0.0004414493138462927,-0.4797465613215621,0,70,255.0,255.0,255.0
966,48.300000000000004,29.331591145564136,-0.08609891223382808,-24.073024332132462,1.527479261027814,-0.01598741510874435,1.0774248015494565,-0.25286678585060873,-0.00032950127412186437,-0.48544006741430484,0,70,255.0,255.0,255.0
967,48.35,29.407650124163634,-0.08689864822084134,-24.019762264433467,1.514901863560897,-0.016001091471457334,1.053010460526424,-0.250229112826102,-0.00021755323439745194,-0.4911335735070468,0,70,255.0,255.0,255.0
968,48.400000000000006,29.48308352998108,-0.08769892809094072,-23.967728030668226,1.5024563497452037,-0.0160091704321841,1.028311444198751,-0.24759143980159493,-0.00010560519467302357,-0.4968270795997895,0,70,255.0,255.0,255.0
969,48.45,29.557897957199014,-0.08849947197402669,-23.916935864601996,1.4901427195807373,-0.01601165199092464,1.0033277525664444,-0.2449537667770882,6.342845051388838e-06,-0.5025205856925314,0,70,255.0,255.0,255.0
970,48.5,29.6321,-0.0893,-23.8674,1.4779609730674963,-0.01600853614767896,0.9780593856295008,-0.24231609375258145,0.00011829088477585681,-0.5082140917852769,0,70,255.0,255.0,255.0
971,48.550000000000004,29.705697410613492,-0.09010029144420388,-23.819134163581566,1.4659805930180543,-0.016003371628990324,0.9525367661414741,-0.2368991082250555,8.828986276954464e-05,-0.5126906877357034,0,70,255.0,255.0,255.0
972,48.6,29.778702573456417,-0.09090036216375073,-23.772150053882473,1.4542710622449904,-0.015999707161402005,0.9267903168559297,-0.2314821226975303,5.828884076323674e-05,-0.5171672836861292,0,70,255.0,255.0,255.0
973,48.650000000000006,29.851129030992603,-0.09170028716119577,-23.726458862392597,1.442832380748301,-0.015997542744914,0.9008200377728605,-0.22606513717000434,2.8287818756924572e-05,-0.5216438796365557,0,70,255.0,255.0,255.0
974,48.7,29.922990325685852,-0.09250014143909382,-23.682071780601817,1.4316645485279895,-0.015996878379526312,0.8746259288922735,-0.22064815164247914,-1.7132032493833224e-06,-0.5261204755869815,0,70,255.0,255.0,255.0
975,48.75,29.9943,-0.0933,-23.639,1.4207675655840544,-0.01599771406523894,0.8482079902141654,-0.21523116611495396,-3.171422525569123e-05,-0.5305970715374064,0,70,255.0,255.0,255.0
976,48.800000000000004,30.065071211981923,-0.0940999219893568,-23.597255013541254,1.410118366899944,-0.015999098375294216,0.821548133884654,-0.21073678124942494,-2.365817695543713e-05,-0.5357971816429603,0,70,255.0,255.0,255.0
977,48.85,30.135315582010715,-0.09489990312415586,-23.55684952003662,1.3996938874591114,-0.016000079882934483,0.7946282720498686,-0.20624239638389655,-1.560212865518417e-05,-0.5409972917485134,0,70,255.0,255.0,255.0
978,48.900000000000006,30.20504434604856,-0.09569992326427668,-23.517796519761355,1.3894941272615542,-0.016000658588159734,0.7674484047098018,-0.20174801151836752,-7.546080354930069e-06,-0.5461974018540673,0,70,255.0,255.0,255.0
979,48.95,30.274268740057597,-0.09649996226959827,-23.480109012990727,1.3795190863072744,-0.01600083449096998,0.7400085318644611,-0.19725362665283913,5.099679453228909e-07,-0.5513975119596205,0,70,255.0,255.0,255.0
980,49.0,30.343,-0.0973,-23.4438,1.3697687645962713,-0.016000607591365207,0.7123086535138429,-0.19275924178731074,8.566016245548091e-06,-0.5565976220651736,0,70,255.0,255.0,255.0
981,49.050000000000004,30.41124894145884,-0.09810002059836935,-23.408882582253398,1.3602179393821625,-0.016000234869832788,0.6843426983198979,-0.18927376677701316,6.342845051143608e-06,-0.5620405856925309,0,70,255.0,255.0,255.0
982,49.1,30.47902469850073,-0.09890002533962595,-23.375370265971032,1.3508413879185697,-0.01599997330686009,0.6561045949445891,-0.18578829176671607,4.11967385673944e-06,-0.5674835493198873,0,70,255.0,255.0,255.0
983,49.150000000000006,30.546335984813204,-0.09970001978169804,-23.34327665856196,1.3416391102054905,-0.015999822902447117,0.6275943433879082,-0.18230281675641852,1.8965026623349559e-06,-0.5729265129472446,0,70,255.0,255.0,255.0
984,49.2,30.613191514083788,-0.10050000948251336,-23.312615367435264,1.3326111062429276,-0.01599978365659386,0.5988119436498638,-0.17881734174612143,-3.2666853206921145e-07,-0.578369476574601,0,70,255.0,255.0,255.0
985,49.25,30.6796,-0.1013,-23.2834,1.3237573760308794,-0.015999855569300326,0.5697573957304516,-0.1753318667358208,-2.549839726390113e-06,-0.5838124402019549,0,70,255.0,255.0,255.0
986,49.300000000000004,30.74557062218275,-0.1020999956171662,-23.255643457445142,1.3151058755714182,-0.015999962145374712,0.5404730728357259,-0.170728151642594,-1.7132032490595869e-06,-0.5875604755869733,0,70,255.0,255.0,255.0
987,49.35,30.81111442398639,-0.10289999551734043,-23.229355816079245,1.3066845608666195,-0.01600002688962523,0.5110013481717535,-0.16612443654936784,-8.765667717291798e-07,-0.5913085109719913,0,70,255.0,255.0,255.0
988,49.400000000000006,30.87624291469866,-0.10369999760893168,-23.204546445990783,1.2984934319164814,-0.016000049802051886,0.4813422217385259,-0.16152072145614105,-3.993029439865375e-08,-0.5950565463570098,0,70,255.0,255.0,255.0
989,49.45,30.940967603607284,-0.10449999980034858,-23.181224717268215,1.2905324887210055,-0.016000030882654673,0.4514956935360517,-0.1569170063629149,7.967061829317533e-07,-0.5988045817420278,0,70,255.0,255.0,255.0
990,49.5,31.0053,-0.1053,-23.1594,1.2828017312801907,-0.015999970131433592,0.4214617635643266,-0.15231329126969584,1.6333426602621604e-06,-0.6025526171270452,0,70,255.0,255.0,255.0
991,49.550000000000004,31.069251769810187,-0.10609999693296623,-23.13908278796604,1.2753105583321287,-0.015999916548668447,0.39117301033715896,-0.14733362665275423,5.099679455443803e-07,-0.6089975119595553,0,70,255.0,255.0,255.0
992,49.6,31.13283520555373,-0.10689999259101246,-23.12028806971198,1.268068368614915,-0.015999919134639037,0.3605620123683702,-0.1423539620358133,-6.134067691732401e-07,-0.6154424067920645,0,70,255.0,255.0,255.0
993,49.650000000000006,31.196062756392188,-0.10769998978257575,-23.103031957474894,1.2610751621285474,-0.015999977889345363,0.32962876965795157,-0.1373742974188717,-1.7367814838910201e-06,-0.6218873016245746,0,70,255.0,255.0,255.0
994,49.7,31.258946871487097,-0.10849999131609261,-23.087330563491875,1.2543309388730277,-0.016000092812787428,0.2983732822059119,-0.13239463280193078,-2.8601561986086405e-06,-0.6283321964570837,0,70,255.0,255.0,255.0
995,49.75,31.3215,-0.1093,-23.0732,1.2478356988483548,-0.01600026390496523,0.2667955500122468,-0.1274149681849952,-3.9835309133540164e-06,-0.6347770912895938,0,70,255.0,255.0,255.0
996,49.800000000000004,31.383733498576543,-0.11010001665096932,-23.0606549906907,1.2415238911000765,-0.016000371659951367,0.2349788858156393,-0.12505734174610852,-3.266685323130227e-07,-0.6378894765745976,0,70,255.0,255.0,255.0
997,49.85,31.44565435379871,-0.11090003411860984,-23.04970470507284,1.2353299646737437,-0.01600029657181846,0.20300660235478618,-0.12269971530722217,3.330193848727452e-06,-0.641001861859601,0,70,255.0,255.0,255.0
998,49.900000000000006,31.507268459732618,-0.11170004326076587,-23.040356924109627,1.2292539195693544,-0.016000038640566497,0.1708786996296783,-0.12034208886833549,6.987056229768445e-06,-0.6441142471446046,0,70,255.0,255.0,255.0
999,49.95,31.568581710444345,-0.11250003493528118,-23.032619428764274,1.22329575578691,-0.015999597866195484,0.1385951776403248,-0.11798446242944913,1.064391861080892e-05,-0.647226632429608,0,70,255.0,255.0,255.0
1000,50.0,31.6296,-0.1133,-23.0265,1.2174554733264098,-0.015998974248705417,0.10615603638672118,-0.11562683599056456,1.4300780991849393e-05,-0.6503390177146116,0,70,255.0,255.0,255.0
1001,50.050000000000004,31.690332635883685,-0.11409993646315694,-23.02200924927115,1.211937877267571,-0.015998596811526055,0.07339144640029915,-0.10507700636296827,7.967061826696517e-07,-0.6602445817421575,0,70,255.0,255.0,255.0
1002,50.1,31.75080257925145,-0.11489987093454829,-23.019169109996657,1.2069477726901128,-0.01599889457808715,0.04013157821250456,-0.09452717673537349,-1.2707368626508169e-05,-0.6701501457697021,0,70,255.0,255.0,255.0
1003,50.150000000000006,31.811036204677386,-0.11569983717436134,-23.01800434608659,1.2024851595940336,-0.015999867548388703,0.006376431823327922,-0.0839773471077772,-2.6211443435687912e-05,-0.6800557097972482,0,70,255.0,255.0,255.0
1004,50.2,31.871059886735544,-0.11649986894278287,-23.018539721451013,1.1985500379793348,-0.016001515722430717,-0.02787399276722115,-0.07342751748018242,-3.971551824486573e-05,-0.6899612738247927,0,70,255.0,255.0,255.0
1005,50.25,31.9309,-0.1173,-23.0208,1.195142407846016,-0.01600383910021319,-0.06261969555914743,-0.0628776878525894,-5.321959305404356e-05,-0.6998668378523374,0,70,255.0,255.0,255.0
1006,50.300000000000004,31.990586357888763,-0.11810023749640336,-23.02480881222469,1.1924685998296545,-0.016005241093944498,-0.09779267141688479,-0.044074632801867075,-2.8601561983655852e-06,-0.7070521964570373,0,70,255.0,255.0,255.0
1007,50.35,32.05016252919551,-0.11890048214319711,-23.030585254940526,1.1907349445658293,-0.016004125115833028,-0.1333249152048521,-0.02527157775114741,4.749928065730523e-05,-0.7142375550617363,0,70,255.0,255.0,255.0
1008,50.400000000000006,32.10967552155789,-0.11970060804178931,-23.038147291544018,1.1899414420545396,-0.016000491165878768,-0.16921642692305947,-0.006468522700425076,9.78587175129832e-05,-0.7214229136664362,0,70,255.0,255.0,255.0
1009,50.45,32.169172342613514,-0.12050048929358761,-23.04751288543167,1.1900880922957864,-0.01599433924408173,-0.2054672065714967,0.01233453235029458,0.00014821815436865402,-0.728608272271135,0,70,255.0,255.0,255.0
1010,50.5,32.2287,-0.1213,-23.0587,1.1911748952895689,-0.01598566935044191,-0.2420772541501688,0.031137587401012468,0.00019857759122429708,-0.7357936308758333,0,70,255.0,255.0,255.0
1011,50.550000000000004,32.288297132561304,-0.12209911355123006,-23.071719501830085,1.1926997234138546,-0.015980438812696025,-0.278620760732805,0.02985553757040964,1.0643918611064697e-05,-0.7259466324294916,0,70,255.0,255.0,255.0
1012,50.6,32.34796890396653,-0.12289820049266348,-23.086553870241243,1.19416044904661,-0.0159846049585808,-0.31467191739311906,0.028573487739807,-0.000177289754002141,-0.7160996339831514,0,70,255.0,255.0,255.0
1013,50.650000000000006,32.407712109091115,-0.123697730658482,-23.103178487737363,1.1955570721878352,-0.01599816778809624,-0.3502307241311211,0.027291437909204172,-0.00036522342661537337,-0.7062526355368097,0,70,255.0,255.0,255.0
1014,50.7,32.467523542810454,-0.12449817388286696,-23.12156873682232,1.1968895928375305,-0.01602112730124234,-0.38529718094680115,0.02600938807860153,-0.0005531570992285791,-0.6964056370904694,0,70,255.0,255.0,255.0
1015,50.75,32.5274,-0.1253,-23.1417,1.1981580109956953,-0.016053483498019095,-0.41987128784016414,0.024727338247998887,-0.0007410907718417847,-0.6865586386441267,0,70,255.0,255.0,255.0
1016,50.800000000000004,32.58734031186604,-0.1261033082986768,-23.163549180454975,1.1994845065148918,-0.016073003655271267,-0.45404428565189225,0.028332482519853694,-3.9715518245066065e-05,-0.6803612738248812,0,70,255.0,255.0,255.0
1017,50.85,32.64735145493839,-0.12690671588614916,-23.187099264094506,1.2009912592476806,-0.016057455049843607,-0.4879074152226533,0.03193762679170799,0.0006616597353515529,-0.6741639090056367,0,70,255.0,255.0,255.0
1018,50.900000000000006,32.707442442077706,-0.1277084693242832,-23.212334757506557,1.2026782691940625,-0.016006837681736105,-0.5214606765524568,0.035542771063562795,0.0013630349889482717,-0.6679665441863912,0,70,255.0,255.0,255.0
1019,50.95,32.767622286144686,-0.12850681517494478,-23.23924016727907,1.2045455363540372,-0.015921151550948785,-0.5547040696412934,0.03914791533541709,0.0020644102425448905,-0.6617691793671467,0,70,255.0,255.0,255.0
1020,51.0,32.8279,-0.1293,-23.2678,1.2065930607276043,-0.01580039665748163,-0.5876375944891676,0.04275305960727671,0.002765785496141454,-0.6555718145478995,0,70,255.0,255.0,255.0
1021,51.050000000000004,32.888284019974535,-0.13008685325406305,-23.297998976350033,1.208786250526547,-0.015679546566218883,-0.6202740966596457,0.04497453235042156,0.0020682181543680636,-0.6498882722711126,0,70,255.0,255.0,255.0
1022,51.1,32.948780476279936,-0.13086853596274006,-23.329822673380736,1.2110905139626464,-0.015593574842044816,-0.6526264217162798,0.04719600509356609,0.0013706508125947727,-0.6442047299943264,0,70,255.0,255.0,255.0
1023,51.150000000000006,33.00939492259809,-0.1316467920443857,-23.363256882236435,1.2135058510359036,-0.015542481484959406,-0.6846945696590793,0.04941747783671094,0.0006730834708213824,-0.6385211877175394,0,70,255.0,255.0,255.0
1024,51.2,33.07013291261082,-0.13242336541735414,-23.398287394061413,1.2160322617463177,-0.01552626649496267,-0.7164785404880347,0.05163895057985547,-2.448387095190874e-05,-0.6328376454407533,0,70,255.0,255.0,255.0
1025,51.25,33.131,-0.1332,-23.4349,1.2186697460938887,-0.015544929872054601,-0.747978334203151,0.053860423322991124,-0.0007220512127253109,-0.6271541031639689,0,70,255.0,255.0,255.0
1026,51.300000000000004,33.19200200823583,-0.13397807868507144,-23.47307971414492,1.2214344913789268,-0.015576810079853431,-0.7791473277095157,0.0567293880785267,-0.0005531570992277713,-0.6196056370905123,0,70,255.0,255.0,255.0
1027,51.35,33.25314583994186,-0.1347575402628908,-23.512808442382557,1.2243426849017414,-0.01560024558197738,-0.8099388979122032,0.05959835283406187,-0.00038426298573025563,-0.6120571710170567,0,70,255.0,255.0,255.0
1028,51.400000000000006,33.31443866752998,-0.13553796249817462,-23.55406731354774,1.227394326662333,-0.015615236378426458,-0.8403530448112221,0.06246731758959744,-0.00021536887223271592,-0.6045087049436001,0,70,255.0,255.0,255.0
1029,51.45,33.37588766341206,-0.1363189231556389,-23.59683745647529,1.2305894166607012,-0.015621782469200655,-0.870389768406564,0.06533628234513261,-4.6474758735200335e-05,-0.5969602388701446,0,70,255.0,255.0,255.0
1030,51.5,33.4375,-0.1371,-23.6411,1.2339279548968458,-0.015619883854299976,-0.9000490686982333,0.06820524710066245,0.0001224193547622321,-0.5894117727966881,0,70,255.0,255.0,255.0
1031,51.550000000000004,33.49928234708215,-0.1378808320056517,-23.686836567070316,1.2373797839577463,-0.015613213114367294,-0.929360592502331,0.06986791533534933,0.00014441024254503075,-0.5830491793671225,0,70,255.0,255.0,255.0
1032,51.6,33.56123936395264,-0.1386613029856969,-23.734030757089048,1.240914746430381,-0.015605442830045472,-0.9583539866349464,0.07153058357003599,0.0001664011303278263,-0.5766865859375578,0,70,255.0,255.0,255.0
1033,51.650000000000006,33.62337520728205,-0.13944135796291646,-23.782666663572623,1.2445328423147501,-0.01559657300133451,-0.9870292510960876,0.07319325180472289,0.00018839201811062493,-0.5703239925079922,0,70,255.0,255.0,255.0
1034,51.7,33.68569403374097,-0.1402209419600906,-23.832728380037462,1.248234071610853,-0.01558660362823441,-1.0153863858857466,0.07485592003940954,0.0002103829058934205,-0.5639613990784275,0,70,255.0,255.0,255.0
1035,51.75,33.7482,-0.141,-23.8842,1.2520184343186904,-0.01557553471074517,-1.043425391003927,0.0765185882740873,0.00023237379367621602,-0.5575988056488583,0,70,255.0,255.0,255.0
1036,51.800000000000004,33.81089820343558,-0.14177859329232215,-23.93706601757384,1.2559423727900425,-0.01557033746267709,-1.0711703022811676,0.08043895057998715,-2.4483870953001237e-05,-0.5521976454406679,0,70,255.0,255.0,255.0
1037,51.85,33.8737975042476,-0.14255724779432158,-23.99131252926128,1.2600623293766893,-0.015577983097840468,-1.0986451555479948,0.08435931288588645,-0.00028134153558218196,-0.5467964852324781,0,70,255.0,255.0,255.0
1038,51.900000000000006,33.93690770334183,-0.14333660565016007,-24.046926032161803,1.2643783040786314,-0.015598471616235308,-1.1258499508044162,0.0882796751917863,-0.0005381992002113993,-0.5413953250242878,0,70,255.0,255.0,255.0
1039,51.95,34.00023860162405,-0.144117309003999,-24.10389302337488,1.268890296895868,-0.015631803017861608,-1.1527846880504244,0.0922000374976856,-0.0007950568648405799,-0.5359941648160981,0,70,255.0,255.0,255.0
1040,52.0,34.0638,-0.1449,-24.1622,1.2735983078283994,-0.015677977302719363,-1.179449367286023,0.09612039980358489,-0.0010519145294697885,-0.5305930046079013,0,70,255.0,255.0,255.0
1041,52.050000000000004,34.12760083917557,-0.14568479482506005,-24.221832162634342,1.2784507248821175,-0.015705437034924476,-1.2057661983729788,0.09797628234512333,-4.6474758734635574e-05,-0.5220802388702488,0,70,255.0,255.0,255.0
1042,52.1,34.191646619056996,-0.14646970583701688,-24.282769525865852,1.283395936062912,-0.015682624778592832,-1.2316573911730486,0.0998321648866615,0.0009589650120003742,-0.5135674731325975,0,70,255.0,255.0,255.0
1043,52.150000000000006,34.25594197935065,-0.14725221943644376,-24.3449908077802,1.288433941370784,-0.015609540533724429,-1.2571229456862394,0.10168804742819994,0.001964404782735527,-0.505054707394945,0,70,255.0,255.0,255.0
1044,52.2,34.32049155976286,-0.1480298220239137,-24.408474726463027,1.293564740805732,-0.015486184300319283,-1.2821628619125438,0.1035439299697381,0.002969844553470537,-0.4965419416572937,0,70,255.0,255.0,255.0
1045,52.25,34.3853,-0.1488,-24.4732,1.2987883343677573,-0.015312556078377393,-1.3067771398519656,0.1053998125112745,0.003975284324205519,-0.4880291759196371,0,70,255.0,255.0,255.0
1046,52.300000000000004,34.45037203986217,-0.14956142740743794,-24.53914693188882,1.3041107276815211,-0.015159914397624916,-1.3310609042269206,0.10749592003925894,0.0021303829058930447,-0.483321399078477,0,70,255.0,255.0,255.0
1047,52.35,34.51571281952443,-0.1503175288576111,-24.606302167275324,1.3095379263716833,-0.015099517787788072,-1.355109279759814,0.10959202756724308,0.00028548148758083267,-0.4786136222373175,0,70,255.0,255.0,255.0
1048,52.400000000000006,34.581327579255614,-0.15107291660406535,-24.674653936717437,1.3150699304382456,-0.015131366248866846,-1.378922266450653,0.11168813509522751,-0.0015594199307316413,-0.47390584539615743,0,70,255.0,255.0,255.0
1049,52.45,34.64722155932453,-0.1518322029003464,-24.744190470773024,1.3207067398812062,-0.015255459780861227,-1.4024998642994306,0.11378424262321166,-0.003404321349043854,-0.46919806855499796,0,70,255.0,255.0,255.0
1050,52.5,34.7134,-0.1526,-24.8149,1.326448354700566,-0.015471798383771211,-1.42584207330615,0.11588035015118514,-0.005249222767356093,-0.46449029171383494,0,70,255.0,255.0,255.0
1051,52.550000000000004,34.77986860137579,-0.15337909554518847,-24.886769709810416,1.33232236439179,-0.015670905374576133,-1.4488861847193981,0.11908003749775552,-0.0027150568648401543,-0.4572741648160052,0,70,255.0,255.0,255.0
1052,52.6,34.8466349028453,-0.1541649787325389,-24.95978260503286,1.338356358450342,-0.01574330407025525,-1.4715694897877514,0.12227972484432544,-0.00018089096232457632,-0.45005803791817645,0,70,255.0,255.0,255.0
1053,52.650000000000006,34.913706903626945,-0.15495131414729524,-25.033920645350115,1.3445503368762228,-0.015688994470808574,-1.4938919885112163,0.1254794121908958,0.002353274940191363,-0.44284191102034665,0,70,255.0,255.0,255.0
1054,52.7,34.98109260293905,-0.155731766374701,-25.109165790444905,1.3509042996694314,-0.015507976576236128,-1.5158536808897867,0.12867909953746573,0.0048874408427069405,-0.4356257841225179,0,70,255.0,255.0,255.0
1055,52.75,35.0488,-0.1565,-25.1855,1.3574182468299685,-0.015200250386537908,-1.5374545669234654,0.13187878688403387,0.007421606745222548,-0.4284096572246874,0,70,255.0,255.0,255.0
1056,52.800000000000004,35.11683675463473,-0.15725179041180865,-25.26290542886956,1.3640718147513151,-0.014892464104070554,-1.5587063568955142,0.13426392996980588,0.004889844553470591,-0.4216619416571932,0,70,255.0,255.0,255.0
1057,52.85,35.18520916909438,-0.15799135621223354,-25.34136501259325,1.3708446398269494,-0.014711265931190824,-1.5796207610891853,0.13664907305557755,0.0023580823617189942,-0.4149142260896999,0,70,255.0,255.0,255.0
1058,52.900000000000006,35.253923206236664,-0.15872502680675424,-25.420861881882175,1.377736722056873,-0.014656655867898669,-1.6001977795044848,0.13903421614134956,-0.00017367983003296287,-0.4081665105222057,0,70,255.0,255.0,255.0
1059,52.95,35.322984828919296,-0.15945913160084987,-25.501379167447393,1.3847480614410843,-0.014728633914194104,-1.6204374121414065,0.1414193592271212,-0.002705442021784559,-0.4014187949547125,0,70,255.0,255.0,255.0
1060,53.0,35.3924,-0.1602,-25.5829,1.3918786579795845,-0.01492720007007711,-1.640339658999954,0.1438045023128911,-0.005237204213536198,-0.3946710793872281,0,70,255.0,255.0,255.0
1061,53.050000000000004,35.462174780085334,-0.1609521428075773,-25.665407774711394,1.399134376602984,-0.015143238209141638,-1.6599203876985142,0.1464242426230618,-0.00340432134904415,-0.3885580685551188,0,70,255.0,255.0,255.0
1062,53.1,35.532315620777226,-0.16171279641852712,-25.748886944594155,1.406521082241891,-0.015267632204981544,-1.6791954658554664,0.14904398293323212,-0.0015714384845523627,-0.3824450577230104,0,70,255.0,255.0,255.0
1063,53.150000000000006,35.602829071426456,-0.1624773786256884,-25.833322227121247,1.4140387748963075,-0.015300382057596863,-1.6981648934708158,0.15166372324340283,0.0002614443799396852,-0.37633204689090116,0,70,255.0,255.0,255.0
1064,53.2,35.67372168138379,-0.16324130722189975,-25.91869833976555,1.4216874545662315,-0.015241487766987586,-1.716828670544557,0.15428346355357314,0.0020943272444314725,-0.37021903605879275,0,70,255.0,255.0,255.0
1065,53.25,35.745,-0.164,-26.005,1.4294671212516639,-0.015090949333153726,-1.735186797076693,0.15690320386373635,0.003927210108923218,-0.36410602522668434,0,70,255.0,255.0,255.0
1066,53.300000000000004,35.816670525023945,-0.16475003835788252,-26.092211472284916,1.4373746788366961,-0.014918583059362944,-1.7532120923104255,0.15939909953752632,0.002967440842707454,-0.3569057841225612,0,70,255.0,255.0,255.0
1067,53.35,35.888739547796725,-0.16549265811365815,-26.180315209030123,1.4454070312054168,-0.01479420524888297,-1.7708773754889497,0.16189499521131595,0.0020076715764918264,-0.34970554301843904,0,70,255.0,255.0,255.0
1068,53.400000000000006,35.96121330805755,-0.16623025869049268,-26.269293209632895,1.453564178357828,-0.014717815901713767,-1.78818264661227,0.16439089088510592,0.001047902310276063,-0.3425053019143159,0,70,255.0,255.0,255.0
1069,53.45,36.03409804554558,-0.16696523951155143,-26.35912747349043,1.4618461202939275,-0.014689415017855355,-1.8051279056803817,0.16688678655889555,8.813304406043521e-05,-0.3353050608101938,0,70,255.0,255.0,255.0
1070,53.5,36.1074,-0.1677,-26.4498,1.4702528570137166,-0.014709002597307721,-1.8217131526932873,0.1693826822326816,-0.000871636222155206,-0.32810481970606276,0,70,255.0,255.0,255.0
1071,53.550000000000004,36.1811255198189,-0.16843650376089297,-26.54129353614899,1.4787909080502173,-0.014750429553406235,-1.837983243059806,0.17213935922732293,-0.000785442021785183,-0.32269879495462517,0,70,255.0,255.0,255.0
1072,53.6,36.255281388035854,-0.16917497112684032,-26.63359381928536,1.4874667929364491,-0.014787546799486241,-1.8539830321887503,0.17489603622196384,-0.0006992478214151724,-0.3172927702031883,0,70,255.0,255.0,255.0
1073,53.650000000000006,36.32987449634338,-0.1699151866123413,-26.726687334347243,1.496280511672414,-0.014820354335547752,-1.8697125200801252,0.17765271321660517,-0.0006130536210451495,-0.3118867454517507,0,70,255.0,255.0,255.0
1074,53.7,36.404911736433924,-0.1706569347318948,-26.820560566272743,1.5052320642581098,-0.014848852161590757,-1.885171706733926,0.18040939021124608,-0.0005268594206751388,-0.30648072070031385,0,70,255.0,255.0,255.0
1075,53.75,36.4804,-0.1714,-26.9152,1.5143214506935376,-0.014873040277615261,-1.9003605921501545,0.18316606720588702,-0.0004406652203050587,-0.3010746959488646,0,70,255.0,255.0,255.0
1076,53.800000000000004,36.5563457957005,-0.1721439465985459,-27.010591183119164,1.5235256889625197,-0.014879698727012109,-1.915222935450348,0.185003463553363,0.0001743272444311131,-0.29341903605883285,0,70,255.0,255.0,255.0
1077,53.85,36.63275410005988,-0.1728874573789806,-27.10671591382846,1.532821797048874,-0.014855607553172154,-1.9297024957560382,0.1868408599008387,0.0007893197091671975,-0.2857633761688022,0,70,255.0,255.0,255.0
1078,53.900000000000006,36.709629506569016,-0.17362899486014252,-27.203555052978196,1.5422097749526038,-0.014800766756095386,-1.9437992730672289,0.1886782562483147,0.0014043121739033691,-0.2781077162787705,0,70,255.0,255.0,255.0
1079,53.95,36.786976608718774,-0.17436702156086958,-27.301089461418613,1.551689622673706,-0.014715176335781819,-1.9575132673839157,0.1905156525957904,0.002019304638639454,-0.27045205638873987,0,70,255.0,255.0,255.0
1080,54.0,36.8648,-0.1751,-27.3993,1.5612613402121815,-0.01459883629223145,-1.9708444787061012,0.19235304894326433,0.0026342971033755797,-0.2627963964987057,0,70,255.0,255.0,255.0
1081,54.050000000000004,36.943104897379136,-0.17582690984492383,-27.498168131374403,1.570962336099733,-0.014482775538545519,-1.9838290151388243,0.1956867865587593,0.002008133044061288,-0.2565850608101689,0,70,255.0,255.0,255.0
1082,54.1,37.021899011724656,-0.17654879935723733,-27.59767772540081,1.5808300188680577,-0.014398022987825313,-1.9965029847871185,0.19902052417425375,0.0013819689847470857,-0.25037372512163303,0,70,255.0,255.0,255.0
1083,54.150000000000006,37.10119067738063,-0.17726723394708913,-27.69781325374004,1.5908643885171587,-0.014344578640070813,-2.008866387650988,0.20235426178974872,0.0007558049254327941,-0.2441623894330963,0,70,255.0,255.0,255.0
1084,54.2,37.18098822869106,-0.17798377902462723,-27.798559188052838,1.6010654450470327,-0.01432244249528203,-2.0209192237304285,0.20568799940524318,0.00012964086611859165,-0.23795105374456044,0,70,255.0,255.0,255.0
1085,54.25,37.2613,-0.1787,-27.8999,1.611433188457682,-0.014331614553458955,-2.0326614930254427,0.20902173702073945,-0.0004965231931956804,-0.23173971805602633,0,70,255.0,255.0,255.0
1086,54.300000000000004,37.342133814783,-0.17941721402175928,-28.001820291383286,1.6219369666384875,-0.014357199118805727,-2.044101003994352,0.21112939021144736,-0.0005268594206751379,-0.2258407207002913,0,70,255.0,255.0,255.0
1087,54.35,37.42349545304151,-0.18013574519207015,-28.104305184568307,1.632546127478827,-0.014384300495526468,-2.0552455650954724,0.213237043402155,-0.0005571956481545912,-0.21994172334455708,0,70,255.0,255.0,255.0
1088,54.400000000000006,37.50539018390854,-0.18085566935150152,-28.207339932061707,1.6432606709787034,-0.01441291868362119,-2.066095176328808,0.2153446965928629,-0.0005875318756340487,-0.21404272598882207,0,70,255.0,255.0,255.0
1089,54.45,37.587823276517035,-0.18157706234062185,-28.310909786370058,1.6540805971381136,-0.014443053683089875,-2.076649837694355,0.21745234978357053,-0.000617868103113502,-0.20814372863308786,0,70,255.0,255.0,255.0
1090,54.5,37.6708,-0.1823,-28.415,1.6650059059570592,-0.014474705493932535,-2.0869095491921157,0.21956000297427813,-0.0006482043305928997,-0.2022447312773643,0,70,255.0,255.0,255.0
1091,54.550000000000004,37.75432624348892,-0.1830242340680394,-28.519595503092507,1.6760737973463116,-0.014488427986231392,-2.09685496888377,0.2231556525957806,9.930463863868906e-05,-0.19557205638877817,0,70,255.0,255.0,255.0
1092,54.6,37.838410376109316,-0.18374821987448214,-28.624679936325972,1.6873214712166376,-0.014464775030068672,-2.106466754830994,0.22675130221728257,0.0008468136078701718,-0.188899381500193,0,70,255.0,255.0,255.0
1093,54.650000000000006,37.92306138698527,-0.18447008864690528,-28.7302366180132,1.69874892756804,-0.014403746625444367,-2.1157449070337893,0.23034695183878504,0.0015943225771017605,-0.18222670661160686,0,70,255.0,255.0,255.0
1094,54.7,38.00828826524081,-0.18518797161288555,-28.836248866466946,1.7103561664005165,-0.014305342772358497,-2.124689425492155,0.23394260146028698,0.0023418315463332433,-0.1755540317230217,0,70,255.0,255.0,255.0
1095,54.75,38.0941,-0.1859,-28.9427,1.7221431877140674,-0.014169563470811058,-2.1333003102060912,0.2375382510817765,0.003089340515564795,-0.16888135683442584,0,70,255.0,255.0,255.0
1096,54.800000000000004,38.180503611261365,-0.18660504970608344,-29.049571296246732,1.733991843976242,-0.014041088936268957,-2.141455120470566,0.23640799940516918,0.0020496408661188487,-0.15731105374453636,0,70,255.0,255.0,255.0
1097,54.85,38.26749824252123,-0.18730497531000148,-29.156835870127814,1.7457839876545846,-0.013964599384199163,-2.1490314155805454,0.23527774772856203,0.00100994121667305,-0.14574075065464848,0,70,255.0,255.0,255.0
1098,54.900000000000006,38.35508106815043,-0.1880023760608779,-29.26446479588555,1.7575196187490985,-0.013940094814601657,-2.156029195536031,0.2341474960519547,-2.9758432772896033e-05,-0.134170447564759,0,70,255.0,255.0,255.0
1099,54.95,38.44324926251974,-0.1886998512078362,-29.372429147762183,1.7691987372597806,-0.013967575227476445,-2.1624484603370213,0.23301724437534752,-0.001069458082218695,-0.12260014447487114,0,70,255.0,255.0,255.0
1100,55.0,38.532,-0.1894,-29.4807,1.780821343186632,-0.01404704062282352,-2.1682892099835174,0.2318869926987368,-0.0021091577316643823,-0.11102984138496907,0,70,255.0,255.0,255.0
1101,55.050000000000004,38.621324111465654,-0.1901043671076273,-29.5892409119206,1.7920068267486957,-0.014115216268692943,-2.1731005492339697,0.21553234978377916,-0.0006178681031122546,-0.08142372863311098,0,70,255.0,255.0,255.0
1102,55.1,38.711187053805766,-0.19081027888551222,-29.697985383162774,1.8023745781650102,-0.014108827433134758,-2.176431582846829,0.19917770686882388,0.0008734215254396611,-0.051817615881257106,0,70,255.0,255.0,255.0
1103,55.150000000000006,38.80154794041307,-0.19151400710958363,-29.80685939844466,1.8119245974355784,-0.014027874116148965,-2.1782823108220954,0.18282306395386627,0.002364711153991789,-0.022211503129399027,0,70,255.0,255.0,255.0
1104,55.2,38.89236588468024,-0.19221182355576996,-29.915788942484355,1.8206568845603972,-0.013872356317735587,-2.178652733159769,0.16646842103891096,0.0038560007825437044,0.007394609622454862,0,70,255.0,255.0,255.0
1105,55.25,38.9836,-0.1929,-30.0247,1.8285714395394685,-0.013642274037894616,-2.1775428498598495,0.15011377812395565,0.005347290411095565,0.037000722374305184,0,70,255.0,255.0,255.0
1106,55.300000000000004,39.075213542876035,-0.19357588186340788,-30.133530656070903,1.8359168490290685,-0.013402045988958911,-2.175678682593568,0.14370260146001373,0.004261831546331806,0.03756596827695451,0,70,255.0,255.0,255.0
1107,55.35,39.16718634225568,-0.19424110914794987,-30.24226739722111,1.8429416996854702,-0.01321609088326142,-2.173786253032154,0.13729142479607273,0.003176372681568201,0.03813121417960376,0,70,255.0,255.0,255.0
1108,55.400000000000006,39.25950237019736,-0.19489839550078802,-30.350908810335874,1.8496459915086758,-0.013084408720802094,-2.1718655611756077,0.13088024813213078,0.002090913816804442,0.03869646008225309,0,70,255.0,255.0,255.0
1109,55.45,39.35214559875934,-0.1955504545690841,-30.459453482300418,1.8560297244986836,-0.013006999501580966,-2.1699166070239286,0.12446907146818978,0.001005454952040837,0.03926170598490234,0,70,255.0,255.0,255.0
1110,55.5,39.4451,-0.1962,-30.5679,1.862092898655494,-0.012983863225598016,-2.167939390577118,0.11805789480424167,-8.000391272273977e-05,0.03982695188754093,0,70,255.0,255.0,255.0
1111,55.550000000000004,39.53834891703027,-0.19684890543874148,-30.676244463795825,1.8677977771349845,-0.012964599775471538,-2.1657847203917986,0.11013724437535619,0.0008505419177818318,0.04635985552521674,0,70,255.0,255.0,255.0
1112,55.6,39.63187317717147,-0.19749568452268842,-30.78447302795282,1.87310662309303,-0.012898809033819838,-2.163303405024596,0.10221659394647181,0.0017810877482862713,0.05289275916289161,0,70,255.0,255.0,255.0
1113,55.650000000000006,39.725652978797555,-0.19813801088726474,-30.892569360211922,1.8780194365296317,-0.0127864910006429,-2.1604954444755093,0.09429594351758633,0.0027116335787908427,0.05942566280056741,0,70,255.0,255.0,255.0
1114,55.7,39.81966852028241,-0.198773558167894,-31.00051712831401,1.8825362174447888,-0.012627645675940756,-2.1573608387445398,0.08637529308870197,0.0036421794092952823,0.06595856643824229,0,70,255.0,255.0,255.0
1115,55.75,39.9139,-0.1994,-31.1083,1.8866569658385015,-0.012422273059713392,-2.1538995878316856,0.0784546426598105,0.004572725239799791,0.07249147007592427,0,70,255.0,255.0,255.0
1116,55.800000000000004,40.00832758900292,-0.2000156963816265,-31.215901088745852,1.8903800424309753,-0.012211554909154777,-2.1500784358392266,0.07046842103913352,0.0038560007825440834,0.08035460962242591,0,70,255.0,255.0,255.0
1117,55.85,40.102931349058416,-0.20062175276129654,-31.323301290967635,1.8937038079424149,-0.012036672981458971,-2.145864126869443,0.06248219941845767,0.0031392763252884774,0.08821774916892644,0,70,255.0,255.0,255.0
1118,55.900000000000006,40.19769131461248,-0.20121996095015343,-31.430480948816513,1.8966282623728212,-0.01189762727662593,-2.1412566609223336,0.05449597779778068,0.0024225518680327704,0.09608088871542808,0,70,255.0,255.0,255.0
1119,55.95,40.29258752011102,-0.2018121127593402,-31.537420404443584,1.8991534057221933,-0.011794417794655686,-2.1362560379979,0.04650975617710484,0.0017058274107771645,0.10394402826192861,0,70,255.0,255.0,255.0
1120,56.0,40.3876,-0.2024,-31.6441,1.9012792379905314,-0.011727044535548223,-2.130862258096141,0.038523534556418326,0.000989102953521559,0.11180716780842559,0,70,255.0,255.0,255.0
1121,56.050000000000004,40.48270872695811,-0.20298510903475286,-31.750501581220817,1.9030020531411436,-0.011677180587909184,-2.125165536251307,0.030389071468061975,0.0010054549520398318,0.11606170598491695,0,70,255.0,255.0,255.0
1122,56.1,40.57789342659487,-0.2035677044321255,-31.856613008176655,1.9043181451373377,-0.011626499040344239,-2.119256087497649,0.02225460837970678,0.0010218069505581022,0.12031624416140771,0,70,255.0,255.0,255.0
1123,56.150000000000006,40.6731337627526,-0.20414774531212185,-31.962423644522104,1.9052275139791142,-0.011574999892853372,-2.113133911835166,0.014120145291350424,0.001038158949076375,0.12457078233789906,0,70,255.0,255.0,255.0
1124,56.2,40.76840939927355,-0.2047251907947454,-32.067922853911696,1.9057301596664729,-0.011522683145436599,-2.106799009263859,0.005985682202995231,0.0010545109475946456,0.12882532051438983,0,70,255.0,255.0,255.0
1125,56.25,40.8637,-0.2053,-32.1731,1.9058260821994137,-0.011469548798093915,-2.100251379783728,-0.002148780885370627,0.0010708629461128744,0.13307985869087702,0,70,255.0,255.0,255.0
1126,56.300000000000004,40.9589855031647,-0.20587186747936245,-32.27794298637093,1.9055317450044955,-0.011399722739208687,-2.093403419155502,-0.009624706911352303,0.001722179409296057,0.14083856643814055,0,70,255.0,255.0,255.0
1127,56.35,41.054246944562095,-0.20643942951020158,-32.38243387632576,1.9048636115082784,-0.011297330857164311,-2.0861675231399137,-0.017100632937332917,0.002373495872479147,0.14859727418540297,0,70,255.0,255.0,255.0
1128,56.400000000000006,41.14946563437718,-0.2070010578013596,-32.48655327309514,1.9038216817107623,-0.011162373151960763,-2.0785436917369617,-0.024576558963314593,0.0030248123356623295,0.15635598193266648,0,70,255.0,255.0,255.0
1129,56.45,41.24462288279482,-0.20755512406167834,-32.590281779909674,1.9024059556119473,-0.01099484962359808,-2.070531924946647,-0.03205248498929521,0.0036761287988454194,0.1641146896799289,0,70,255.0,255.0,255.0
1130,56.5,41.3397,-0.2081,-32.6936,1.900616433211833,-0.01079476027207624,-2.06213222276897,-0.03952841101528648,0.004327445262028523,0.17187339742718066,0,70,255.0,255.0,255.0
1131,56.550000000000004,41.43467806038316,-0.2086346210477977,-32.7964896732955,1.8984389668408785,-0.010595928455256073,-2.053412787126739,-0.047570243822887166,0.0036258274107774727,0.1769040282620307,0,70,255.0,255.0,255.0
1132,56.6,41.52953719515675,-0.20916017752706834,-32.89893708652032,1.8958594088295444,-0.010432177530998484,-2.044441819942767,-0.055612076630486715,0.0029242095595265216,0.18193465909688,0,70,255.0,255.0,255.0
1133,56.650000000000006,41.62425729973878,-0.20967842348244026,-33.000929663097416,1.8928777591778296,-0.010303507499303423,-2.0352193212170504,-0.06365390943808741,0.002222591708275471,0.18696528993173003,0,70,255.0,255.0,255.0
1134,56.7,41.7188182695472,-0.2101911129585414,-33.102454826449666,1.8894940178857353,-0.010209918360170928,-2.0257452909495934,-0.07169574224568695,0.00152097385702452,0.19199592076657937,0,70,255.0,255.0,255.0
1135,56.75,41.8132,-0.2107,-33.2035,1.8857081849532613,-0.01015141011360098,-2.016019729140394,-0.07973757505329715,0.0008193560057735555,0.19702655160143223,0,70,255.0,255.0,255.0
1136,56.800000000000004,41.90738225530271,-0.2112064483294471,-33.304051920447144,1.8815123876320037,-0.010104563439766784,-2.006001432337497,-0.0880943177969968,0.0010545109475941067,0.20370532051442028,0,70,255.0,255.0,255.0
1137,56.85,42.00134427481092,-0.21171026038152518,-33.40409457759299,1.8768987531735617,-0.010045959018841569,-1.9956491970889516,-0.09645106054069524,0.0012896658894146246,0.21038408942740736,0,70,255.0,255.0,255.0
1138,56.900000000000006,42.09506516666778,-0.21221084826887976,-33.50361127451528,1.871867281577934,-0.00997559685082532,-1.9849630233947555,-0.10480780328439489,0.0015248208312351758,0.21706285834039538,0,70,255.0,255.0,255.0
1139,56.95,42.18852403901643,-0.2127076241041562,-33.6025853142917,1.866417972845122,-0.009893476935718052,-1.9739429112549118,-0.11316454602809334,0.0017599757730556937,0.22374162725338248,0,70,255.0,255.0,255.0
1140,57.0,42.2817,-0.2132,-33.701,1.8605508269751252,-0.00979959927351976,-1.9625888606694186,-0.12152128877180246,0.0019951307148762115,0.230420396166366,0,70,255.0,255.0,255.0
1141,57.050000000000004,42.37457291840604,-0.21368758563441412,-33.798838644915975,1.8543114826310958,-0.00970581778567672,-1.9509014835232648,-0.12805248498935085,0.001756128798845057,0.23707468967975046,0,70,255.0,255.0,255.0
1142,57.1,42.4671257055996,-0.21417078094683106,-33.89608460310774,1.84774557847619,-0.00962398639363525,-1.9388813917014434,-0.13458368120689831,0.0015171268828139367,0.24372898319313396,0,70,255.0,255.0,255.0
1143,57.150000000000006,42.55934203359015,-0.214650183442041,-33.992721238841526,1.8408531145104057,-0.009554105097395325,-1.9265285852039509,-0.1411148774244467,0.0012781249667827821,0.25038327670651844,0,70,255.0,255.0,255.0
1144,57.2,42.65120557438713,-0.21512639062483394,-34.088731916383544,1.8336340907337452,-0.009496173896956967,-1.913843064030791,-0.14764607364199414,0.0010391230507516616,0.2570375702199019,0,70,255.0,255.0,255.0
1145,57.25,42.7427,-0.2156,-34.1841,1.8260885071462072,-0.009450192792320166,-1.9008248281819622,-0.15417726985953806,0.0008001211347205689,0.26369186373329256,0,70,255.0,255.0,255.0
1146,57.300000000000004,42.83380767107316,-0.21607120913289668,-34.27880949988901,1.8181376818435777,-0.009392165417526518,-1.8875126335694585,-0.16385574224560967,0.0015209738570251517,0.26879592076681474,0,70,255.0,255.0,255.0
1147,57.35,42.924505702790704,-0.21653861583115075,-34.372847009976084,1.8097029329216459,-0.009298095406617654,-1.8739452361052804,-0.1735342146316799,0.002241826579329632,0.27389997780033626,0,70,255.0,255.0,255.0
1148,57.400000000000006,43.01476989897168,-0.21700041796295658,-34.46619977011868,1.8007842603804096,-0.009167982759593546,-1.8601226357894243,-0.1832126870177515,0.0029626793016342147,0.27900403483385844,0,70,255.0,255.0,255.0
1149,57.45,43.10457606343509,-0.2174548133965082,-34.55885502017417,1.7913816642198708,-0.009001827476454232,-1.8460448326218941,-0.19289115940382173,0.0036835320239386954,0.28410809186737995,0,70,255.0,255.0,255.0
1150,57.5,43.1939,-0.2179,-34.6508,1.7814951444400284,-0.008799629557199698,-1.8317118266026882,-0.20256963178989196,0.004404384746243176,0.28921214890090674,0,70,255.0,255.0,255.0
1151,57.550000000000004,43.282718797301335,-0.2183347778339994,-34.742020955528034,1.7712017899945764,-0.008597520544217203,-1.817063982198834,-0.20916454602814752,0.0036799757730559346,0.29670162725321303,0,70,255.0,255.0,255.0
1152,57.6,43.3710146832376,-0.21876035572856609,-34.832500156987926,1.7605786898372133,-0.008431631979894093,-1.8020416638773666,-0.21575946026640214,0.002955566799868796,0.30419110560551826,0,70,255.0,255.0,255.0
1153,57.650000000000006,43.4587711705232,-0.21917854470613313,-34.922218880683815,1.749625843967936,-0.008301963864230323,-1.7866448716382817,-0.2223543745046577,0.002231157826681555,0.3116805839578246,0,70,255.0,255.0,255.0
1154,57.7,43.54597177187253,-0.21959115578913346,-35.01115840291979,1.7383432523867473,-0.00820851619722593,-1.7708736054815835,-0.22894928874291234,0.0015067488534944167,0.31917006231012984,0,70,255.0,255.0,255.0
1155,57.75,43.6326,-0.22,-35.0993,1.7267309150936458,-0.00815128897888089,-1.7547278654072704,-0.2355442029811794,0.0007823398803072507,0.3266595406624422,0,70,255.0,255.0,255.0
1156,57.800000000000004,43.71863873972152,-0.220406479531106,-35.18662587799889,1.7147511581780674,-0.008105752405604428,-1.7382634376352128,-0.24364607364190966,0.0010391230507511642,0.33191757021980034,0,70,255.0,255.0,255.0
1157,57.85,43.804068364258924,-0.22081036125458509,-35.273121962072224,1.7023663077294546,-0.008047376673805775,-1.72153610838529,-0.25174794430263875,0.0012959062211950413,0.3371755997771577,0,70,255.0,255.0,255.0
1158,57.900000000000006,43.88886861893558,-0.22121100321251122,-35.35877510714612,1.6895763637478034,-0.007976161783484918,-1.7045458776574967,-0.259849814963369,0.0015526893916389547,0.3424336293345159,0,70,255.0,255.0,255.0
1159,57.95,43.97301924907482,-0.2216077634469582,-35.44357216814668,1.6763813262331173,-0.00789210773464188,-1.6872927454518378,-0.2679516856240981,0.0018094725620828318,0.3476916588918733,0,70,255.0,255.0,255.0
1160,58.0,44.0565,-0.222,-35.5275,1.662781195185395,-0.007795214527276647,-1.6697767117683116,-0.27605355628483075,0.002066255732526716,0.3529496884492289,0,70,255.0,255.0,255.0
1161,58.050000000000004,44.13929024381262,-0.22238730404157678,-35.610545132476446,1.648753577293176,-0.007699469833365,-1.651978267260387,-0.28505115940387893,0.0017635320239388524,0.3589880918676831,0,70,255.0,255.0,255.0
1162,58.1,44.221367859726726,-0.22277019925309366,-35.69269279472319,1.6342760792450068,-0.007618861324882756,-1.6338779025815429,-0.29404876252292583,0.001460808315351032,0.3650264952861365,0,70,255.0,255.0,255.0
1163,58.150000000000006,44.302710353734525,-0.22314944244382223,-35.77392789073175,1.619348701040883,-0.007553389001829896,-1.615475617731773,-0.30304636564197407,0.0011580846067631686,0.3710648987045907,0,70,255.0,255.0,255.0
1164,58.2,44.38329523182821,-0.22352579042303383,-35.85423532449353,1.6039714426808092,-0.007503052864206436,-1.5967714127110832,-0.312043968761021,0.0008553608981753482,0.37710330212304405,0,70,255.0,255.0,255.0
1165,58.25,44.4631,-0.2239,-35.9336,1.588144304164783,-0.0074678529120123655,-1.5777652875194708,-0.3210415718800661,0.0005526371895875626,0.38314170554150095,0,70,255.0,255.0,255.0
1166,58.300000000000004,44.542103485028036,-0.22427230430258704,-36.0120063920954,1.5719465326492077,-0.007416368260935322,-1.5584314933231806,-0.32686928874289456,0.0015067488534940036,0.3902100623100373,0,70,255.0,255.0,255.0
1167,58.35,44.6202897968342,-0.22464084173304028,-36.089437259035016,1.5554573752904932,-0.00731717802666297,-1.5387442812884666,-0.3326970056057222,0.002460860517400309,0.3972784190785726,0,70,255.0,255.0,255.0
1168,58.400000000000006,44.69764436612636,-0.22500322701220005,-36.165874929926936,1.5386768320886348,-0.007170282209195281,-1.5187036514153227,-0.3385247224685507,0.00341497218130675,0.40434677584710893,0,70,255.0,255.0,255.0
1169,58.45,44.774152623612345,-0.22535707486090653,-36.24130173387924,1.5216049030436376,-0.006975680808532296,-1.498309603703755,-0.3443524393313783,0.004369083845213055,0.4114151326156442,0,70,255.0,255.0,255.0
1170,58.5,44.8498,-0.2257,-36.3157,1.504241588155499,-0.006733373824674,-1.4775621381537607,-0.3501801561942095,0.005323195509119361,0.418483489384176,0,70,255.0,255.0,255.0
1171,58.550000000000004,44.92457021607528,-0.22603067874807525,-36.389052499142,1.486484292110038,-0.006507057122893923,-1.4564877594468622,-0.36011168562415974,0.0037294725620829945,0.4244916588916906,0,70,255.0,255.0,255.0
1172,58.6,44.99844015293649,-0.22635203381474528,-36.46134376913676,1.4682304195930824,-0.006360426568465684,-1.435112972264591,-0.3700432150541086,0.0021357496150468547,0.43049982839920437,0,70,255.0,255.0,255.0
1173,58.650000000000006,45.07138498176006,-0.2266680495073777,-36.53255878956053,1.4494799706046266,-0.006293482161389245,-1.413437776606941,-0.3799747444840588,0.0005420266680104891,0.43650799790671896,0,70,255.0,255.0,255.0
1174,58.7,45.143379873722424,-0.22698271013334007,-36.60268253998954,1.4302329451446762,-0.006306223901664623,-1.3914621724739187,-0.3899062739140076,-0.001051696279025651,0.44251616741423266,0,70,255.0,255.0,255.0
1175,58.75,45.2144,-0.2273,-36.6717,1.4104893432132282,-0.006398651789291805,-1.3691861598655204,-0.39983780334395647,-0.0026454192260617973,0.4485243369217393,0,70,255.0,255.0,255.0
1176,58.800000000000004,45.2844220506709,-0.22762258070511207,-36.73959641133663,1.3903402989106024,-0.006491403247488951,-1.346625468889393,-0.4061239687610039,-0.001064639101823736,0.45390330212327373,0,70,255.0,255.0,255.0
1177,58.85,45.35342879141988,-0.2279478230079787,-36.80635806441794,1.3698769463371272,-0.006505115699474191,-1.3237958296531924,-0.4124101341780504,0.0005161410224141009,0.45928226732480737,0,70,255.0,255.0,255.0
1178,58.900000000000006,45.421404506833426,-0.22827177495828932,-36.87197151183095,1.3490992854927968,-0.006439789145247529,-1.3006972421569116,-0.4186962995950978,0.0020969211466521625,0.4646612325263418,0,70,255.0,255.0,255.0
1179,58.95,45.48833348149798,-0.22859048460573328,-36.93642330616264,1.328007316377617,-0.006295423584808983,-1.2773297064005575,-0.4249824650121443,0.003677701270889999,0.4700401977278755,0,70,255.0,255.0,255.0
1180,59.0,45.5542,-0.2289,-36.9997,1.3066010389915848,-0.00607201901815855,-1.2536932223841268,-0.4312686304291873,0.005258481395127836,0.47541916292941266,0,70,255.0,255.0,255.0
1181,59.050000000000004,45.61898718124118,-0.22919739843147652,-37.061787455511514,1.2848105122475708,-0.005831329887150036,-1.2297463649955007,-0.4403524393312914,0.004369083845211861,0.4824551326155485,0,70,255.0,255.0,255.0
1182,59.1,45.68267348138401,-0.22948387415333996,-37.12266877319148,1.262565795058455,-0.005635110633637351,-1.2054477091225713,-0.4494362482333943,0.0034796862952960125,0.48949110230168336,0,70,255.0,255.0,255.0
1183,59.150000000000006,45.74523619090627,-0.2297616506594652,-37.1823263631157,1.2398668874242307,-0.005483361257620437,-1.1807972547653316,-0.4585200571354985,0.0025902887453800373,0.4965270719878192,0,70,255.0,255.0,255.0
1184,59.2,45.80665260028568,-0.23003295144372693,-37.240742635359936,1.2167137893449045,-0.005376081759099337,-1.1557950019237888,-0.46760386603760135,0.001700891195464189,0.503563041673954,0,70,255.0,255.0,255.0
1185,59.25,45.8669,-0.2303,-37.2979,1.1931065008204735,-0.005313272138074028,-1.1304409505979391,-0.476687674939706,0.0008114936455483265,0.5105990113600853,0,70,255.0,255.0,255.0
1186,59.300000000000004,45.92595642436445,-0.23056462556898202,-37.35378096661735,1.1690896520991254,-0.005271277203910947,-1.1047410711285819,-0.48398627391413196,0.0008683037209747536,0.5173961674141216,0,70,255.0,255.0,255.0
1187,59.35,45.9838028830441,-0.2308270803786616,-37.40836844281615,1.1447078734290597,-0.005226441765976551,-1.0787013338565261,-0.49128487288855693,0.0009251137964011726,0.524193323468157,0,70,255.0,255.0,255.0
1188,59.400000000000006,46.04042112954154,-0.23108722240385018,-37.46164543570628,1.1199611648102692,-0.005178765824270829,-1.0523217387817652,-0.49858347186298296,0.0009819238718275997,0.5309904795221932,0,70,255.0,255.0,255.0
1189,59.45,46.09579291735932,-0.23134490961935916,-37.51359495239761,1.0948495262427607,-0.005128249378793791,-1.0256022859043064,-0.5058820708374079,0.0010387339472540187,0.5377876355762287,0,70,255.0,255.0,255.0
1190,59.5,46.1499,-0.2316,-37.5642,1.069372957726531,-0.005074892429545433,-0.9985429752241453,-0.5131806698118382,0.0010955440226804308,0.5445847916302728,0,70,255.0,255.0,255.0
1191,59.550000000000004,46.202724721301074,-0.2318520992925955,-37.61344547801914,1.0435668793559294,-0.005003561297206163,-0.9712573504901868,-0.5190624650121292,0.0017577012708901811,0.5468401977279739,0,70,255.0,255.0,255.0
1192,59.6,46.254251786439596,-0.2320998043320138,-37.661323855543934,1.0174667112253173,-0.004899122302456417,-0.9438589554513471,-0.5249442602124192,0.0024198585190998373,0.5490956038256745,0,70,255.0,255.0,255.0
1193,59.650000000000006,46.3044664909276,-0.23234145972513431,-37.70782949405918,0.9910724533346869,-0.00476157544529617,-0.9163477901076185,-0.5308260554127102,0.0030820157673095874,0.5513510099233755,0,70,255.0,255.0,255.0
1194,59.7,46.35335413027706,-0.23257541007883656,-37.752956755049624,0.9643841056840455,-0.004590920725725458,-0.8887238544590088,-0.5367078506130003,0.003744173015519244,0.5536064160210761,0,70,255.0,255.0,255.0
1195,59.75,46.4009,-0.2328,-37.7967,0.93740166827339,-0.004387158143744267,-0.8609871485055139,-0.542589645813286,0.0044063302637289276,0.5558618221187794,0,70,255.0,255.0,255.0
1196,59.800000000000004,46.44708309043131,-0.23301417726063603,-37.839046721306154,0.9097468304771142,-0.004186477607264427,-0.8327255269106923,-0.5636038660376491,0.003620891195463968,0.5746030416739917,0,70,255.0,255.0,255.0
1197,59.85,46.49185717119752,-0.23321930229328336,-37.87995693500811,0.8810412816696244,-0.00402506902419786,-0.803526844338114,-0.5846180862620092,0.0028354521271991198,0.5933442612292013,0,70,255.0,255.0,255.0
1198,59.900000000000006,46.535169706748086,-0.23341733869561268,-37.919383788057004,0.8512850218509124,-0.003902932394544517,-0.7733911007877711,-0.6056323064863723,0.0020500130589341603,0.6120854807844134,0,70,255.0,255.0,255.0
1199,59.95,46.576968161532434,-0.2336102500652947,-37.95728042740393,0.8204780510209866,-0.003820067718304435,-0.742318296259672,-0.6266465267107324,0.0012645739906693124,0.630826700339623,0,70,255.0,255.0,255.0
1200,60.0,46.6172,-0.2338,-37.9936,0.7886203691798427,-0.0037764749954775924,-0.7103084307538124,-0.6476607469350926,0.00047913492240448177,0.6495679198948379,0,70,255.0,255.0,255.0
1201,60.050000000000004,46.65580851697371,-0.23398799166486053,-38.02829883675629,0.7554617987355304,-0.0037385282737361124,-0.6775525418670332,-0.6786820708372844,0.0010387339472545886,0.6606676355762219,0,70,255.0,255.0,255.0
1202,60.1,46.69272032877029,-0.23417338649485292,-38.06134600442364,0.7207521620961136,-0.0036726016007521357,-0.6442416671961895,-0.7097033947394717,0.0015983329721046158,0.6717673512576043,0,70,255.0,255.0,255.0
1203,60.150000000000006,46.72785788208006,-0.23435478549241506,-38.092713753712836,0.6844914592615821,-0.0035786949765256445,-0.6103758067412717,-0.7407247186416634,0.0021579319969547224,0.6828670669389884,0,70,255.0,255.0,255.0
1204,60.2,46.761143623593206,-0.23453078965998478,-38.1223743353347,0.6466796902319463,-0.003456808401056665,-0.5759549605022897,-0.7717460425438508,0.00271753102180475,0.6939667826203707,0,70,255.0,255.0,255.0
1205,60.25,46.7925,-0.2347,-38.1503,0.6073168550072015,-0.003306941874345185,-0.5409791284792385,-0.8027673664460355,0.0032771300466547908,0.7050664983017594,0,70,255.0,255.0,255.0
1206,60.300000000000004,46.821872441673904,-0.23486105607992191,-38.176477131668705,0.5677819745807228,-0.0031314092977908323,-0.5062963056211636,-0.7786278506129769,0.003744173015518726,0.6822464160211178,0,70,255.0,255.0,255.0
1207,60.35,46.84929831372126,-0.23501275172730504,-38.20094864729735,0.5294540699459025,-0.0029325245727933108,-0.4727544868771255,-0.7544883347799217,0.004211215984382595,0.6594263337404794,0,70,255.0,255.0,255.0
1208,60.400000000000006,46.87483796493168,-0.2351539193347272,-38.223771597091655,0.4923331411027297,-0.0027102876993525637,-0.4403536722471149,-0.7303488189468632,0.0046782589532465306,0.6366062514598378,0,70,255.0,255.0,255.0
1209,60.45,46.89855174409473,-0.23528339129476622,-38.2450030312573,0.45641918805121495,-0.002464698677468654,-0.40909386173114065,-0.706209303113808,0.0051453019221104,0.6137861691791995,0,70,255.0,255.0,255.0
1210,60.5,46.9205,-0.2354,-38.2647,0.4217122107913529,-0.0021957575071415527,-0.3789750553291984,-0.6820697872807537,0.005612344890974282,0.5909660868985638,0,70,255.0,255.0,255.0
1211,60.550000000000004,46.94073771633071,-0.23550298401545183,-38.2829174365689,0.38789030294156374,-0.0019278345351004503,-0.3498702356482447,-0.6708065267106965,0.005104573990668902,0.5732267003394838,0,70,255.0,255.0,255.0
1212,60.6,46.95929841634463,-0.23559320659592695,-38.299701806386956,0.35463155812028224,-0.0016853001080746515,-0.3216523852952491,-0.6595432661406408,0.004596803090363595,0.5554873137804063,0,70,255.0,255.0,255.0
1213,60.650000000000006,46.9762102581932,-0.2356719371686762,-38.315097457920565,0.3219359763274988,-0.0014681542260640877,-0.2943215042702034,-0.6482800055705835,0.004089032190058216,0.5377479272213262,0,70,255.0,255.0,255.0
1214,60.7,46.99150140002786,-0.2357404451609503,-38.32914873963611,0.28980355756322285,-0.0012763968890688205,-0.26787759257311555,-0.6370167450005279,0.0035812612897529084,0.5200085406622487,0,70,255.0,255.0,255.0
1215,60.75,47.0052,-0.2358,-38.3419,0.25823430182744966,-0.0011100280970888173,-0.2423206502039815,-0.6257534844304735,0.003073490389447601,0.5022691541031719,0,70,255.0,255.0,255.0
1216,60.800000000000004,47.0173350930033,-0.23585180785827084,-38.35339472205569,0.22728081365308486,-0.000965252561807471,-0.21759875178588894,-0.6123860425440134,0.002717531021805756,0.4866067826204454,0,70,255.0,255.0,255.0
1217,60.85,47.027939220900215,-0.2358968218889871,-38.36367292715483,0.19699569757304736,-0.0008382749949082353,-0.19365997194193615,-0.5990186006575553,0.002361571654163962,0.4709444111377211,0,70,255.0,255.0,255.0
1218,60.900000000000006,47.037045802295495,-0.235935931990568,-38.37277377122612,0.16737895358732857,-0.000729095396391074,-0.1705043106721163,-0.5856511587710952,0.002005612286522117,0.4552820396549947,0,70,255.0,255.0,255.0
1219,60.95,47.04468825579385,-0.2359700280614326,-38.380736410198274,0.13843058169593692,-0.0006377137662560182,-0.14813176797643593,-0.5722837168846371,0.0016496529188803231,0.43961966817227044,0,70,255.0,255.0,255.0
1220,61.0,47.0509,-0.236,-38.3876,0.11015058189886812,-0.0005641301045030512,-0.12654234385489174,-0.5589162749981791,0.0012936935512385282,0.4239572966895462,0,70,255.0,255.0,255.0
1221,61.050000000000004,47.055714711656144,-0.23602658455146489,-38.393405275208345,0.08255444244606691,-0.000499155217669339,-0.10583075720816765,-0.544929303113775,0.0013053019221097367,0.40450616917934673,0,70,255.0,255.0,255.0
1222,61.1,47.0591671000545,-0.23604990584812452,-38.39819928499374,0.05565765158748975,-0.0004335999122920758,-0.08609172693695635,-0.5309423312293728,0.0013169102929809435,0.38505504166915006,0,70,255.0,255.0,255.0
1223,61.150000000000006,47.0612921326248,-0.2360699348690517,-38.40203065717496,0.029460209323128973,-0.0003674641883712427,-0.06732525304125224,-0.5169553593449687,0.001328518663852152,0.3656039141589506,0,70,255.0,255.0,255.0
1224,61.2,47.06212477679673,-0.2360866425933193,-38.404948019570796,0.0039621156529920445,-0.00030074804590685876,-0.04953133552106065,-0.5029683874605666,0.0013401270347233587,0.3461527866487539,0,70,255.0,255.0,255.0
1225,61.25,47.0617,-0.2361,-38.407,-0.020836629422924826,-0.00023345148489891448,-0.03270997437637883,-0.48898141557616426,0.001351735405594566,0.32670165913855737,0,70,255.0,255.0,255.0
1226,61.300000000000004,47.06005246037212,-0.23610985393586956,-38.40823377711092,-0.04495458343734335,-0.00015812656751522787,-0.016774219381363878,-0.47573674500049434,0.0016612612897526423,0.31072854066198624,0,70,255.0,255.0,255.0
1227,61.35,47.05721557888175,-0.23611555471851473,-38.4086907328702,-0.06841030392297502,-6.732535592365009e-05,-0.0016371203101796469,-0.46249207442482637,0.001970787173910675,0.2947554221854174,0,70,255.0,255.0,255.0
1228,61.400000000000006,47.05322246720531,-0.23611632853322512,-38.408410800074,-0.09120379087982655,3.895214987584461e-05,0.012701322837178166,-0.44924740384915646,0.002280313058068751,0.2787823037088463,0,70,255.0,255.0,255.0
1229,61.45,47.04810623701925,-0.23611140156529037,-38.407433911518545,-0.11333504430789142,0.00016070594988322603,0.026241110060705494,-0.4360027332734885,0.0025898389422267833,0.2628091852322775,0,70,255.0,255.0,255.0
1230,61.5,47.0419,-0.2361,-38.4058,-0.13480406420717292,0.0002979360440985082,0.03898224136040442,-0.42275806269781957,0.0028993648263848162,0.24683606675570863,0,70,255.0,255.0,255.0
1231,61.550000000000004,47.03463704685536,-0.2360819997050569,-38.40355001634795,-0.15560010869673707,0.0004116614877301709,0.05086363473360697,-0.4090837168846757,0.001649652918881302,0.22841966817235265,0,70,255.0,255.0,255.0
1232,61.6,47.026351384418504,-0.23605987527781655,-38.40072898352546,-0.17571243589564117,0.0004629013359866497,0.061824208177640144,-0.3954093710715338,0.0003999410113779654,0.21000326958899931,0,70,255.0,255.0,255.0
1233,61.650000000000006,47.01707719855397,-0.2360367509980478,-38.397382942529,-0.1951410458038909,0.00045165558886795903,0.07186396169250706,-0.38173502525838987,-0.0008497708961255489,0.19158687100564334,0,70,255.0,255.0,255.0
1234,61.7,47.00684867512629,-0.23601575114551934,-38.39355793435503,-0.2138859384214808,0.0003779242463741024,0.08098289527820487,-0.36806067944524795,-0.0020994828036288854,0.17317047242229,0,70,255.0,255.0,255.0
1235,61.75,46.9957,-0.236,-38.3893,-0.23194711374841362,0.00024170730850508245,0.08918100893473507,-0.3543863336321065,-0.0033491947111322223,0.15475407383893636,0,70,255.0,255.0,255.0
1236,61.800000000000004,46.98366575220644,-0.23599174724390284,-38.384654157497295,-0.24930098177572949,9.548061659483414e-05,0.09651968044692981,-0.3397683874604693,-0.002499872965277212,0.13879278664882758,0,70,255.0,255.0,255.0
1237,61.85,46.970782083444234,-0.23598974417021895,-38.37966133302797,-0.26592395249446116,-8.279988022648322e-06,0.10306028759961815,-0.3251504412888342,-0.0016505512194223226,0.12283149945872109,0,70,255.0,255.0,255.0
1238,61.900000000000006,46.9570855385788,-0.23599186747458356,-38.37436142980999,-0.28181602590461324,-6.957450534739447e-05,0.10880283039280197,-0.310532495117197,-0.0008012294735673122,0.10687021226861232,0,70,255.0,255.0,255.0
1239,61.95,46.94261266247558,-0.23599599385263215,-38.36879435106134,-0.2969772020061814,-8.84029353793867e-05,0.11374730882647964,-0.29591454894556185,4.809227228757705e-05,0.09090892507850581,0,70,255.0,255.0,255.0
1240,62.0,46.9274,-0.236,-38.363,-0.31140748079916775,-6.476527811863708e-05,0.11789372290065202,-0.28129660277392476,0.0008974140181424664,0.07494763788839898,0,70,255.0,255.0,255.0
1241,62.050000000000004,46.91148314431886,-0.23600221131933155,-38.35701015366288,-0.32516396420035537,-2.558395410941145e-05,0.12172964347866638,-0.2689627332735353,0.0006698389422264252,0.07848918523216254,0,70,255.0,255.0,255.0
1242,62.1,46.89489388180455,-0.23600274804130753,-38.35082408436268,-0.33830375412652175,2.2186161040079987e-06,0.12574264142386835,-0.2566288637731476,0.0004422638663104163,0.08203073257592561,0,70,255.0,255.0,255.0
1243,62.150000000000006,46.877663047130795,-0.23600217910361773,-38.34443293823104,-0.35082685057767043,1.8642432521629198e-05,0.12993271673625909,-0.2442949942727581,0.00021468879039437505,0.08557227991968917,0,70,255.0,255.0,255.0
1244,62.2,46.85982147497136,-0.23600107344395196,-38.3378278613996,-0.36273325355379804,2.368749514344742e-05,0.13429986941583735,-0.2319611247723704,-1.2886285521633827e-05,0.08911382726345222,0,70,255.0,255.0,255.0
1245,62.25,46.8414,-0.236,-38.331,-0.3740229630549061,1.7353803969465866e-05,0.13884409946260381,-0.21962725527198046,-0.00024046136143764273,0.09265537460721585,0,70,255.0,255.0,255.0
1246,62.300000000000004,46.82242407051809,-0.2359994074787709,-38.32394282785119,-0.3850191614228379,6.855199842811701e-06,0.14342574563834498,-0.22022067944525223,-0.00017948280362848804,0.09061047242241514,0,70,255.0,255.0,255.0
1247,62.35,46.80289758933757,-0.23599926366455087,-38.31665912952133,-0.39604503099943167,-5.944763933836257e-07,0.14790514670484547,-0.22081410361852394,-0.00011850424581934202,0.08856557023761472,0,70,255.0,255.0,255.0
1248,62.400000000000006,46.78281907289801,-0.2359994161109454,-38.30915401726586,-0.40710057178469056,-4.995224739122239e-06,0.15228230266210657,-0.2214075277917957,-5.7525688010187344e-05,0.08652066805281401,0,70,255.0,255.0,255.0
1249,62.45,46.76218703763896,-0.23599971237155992,-38.30143260334027,-0.41818578377861154,-6.347045194402872e-06,0.156557213510127,-0.22200095196506742,3.452869798958695e-06,0.08447576586801359,0,70,255.0,255.0,255.0
1250,62.5,46.741,-0.236,-38.2935,-0.4293006669811961,-4.64993775922639e-06,0.16072987924890747,-0.22259437613833866,6.443142760810468e-05,0.08243086368321295,0,70,255.0,255.0,255.0
1251,62.550000000000004,46.71925897360876,-0.2360001587655848,-38.28536093493238,-0.44029539010829405,-1.8368452618353546e-06,0.16482337396795305,-0.21719454894554013,4.8092272287527154e-05,0.08130892507859667,0,70,255.0,255.0,255.0
1252,62.6,46.69697496084516,-0.23600019730048893,-38.277018597552036,-0.4510201218757505,1.5928946952650882e-07,0.16886077175676725,-0.2117947217527424,3.1753116966951945e-05,0.08018698647398056,0,70,255.0,255.0,255.0
1253,62.650000000000006,46.67416146127719,-0.23600015645260064,-38.26847579270553,-0.46147486228356854,1.338466434859769e-06,0.17284207261535123,-0.20639489455994386,1.541396164637442e-05,0.07906504786936429,0,70,255.0,255.0,255.0
1254,62.7,46.6508319744728,-0.23600007706980822,-38.25973532523935,-0.47165961133174517,1.700685634164088e-06,0.1767672765437038,-0.20099506736714612,-9.251936742007906e-07,0.07794310926474816,0,70,255.0,255.0,255.0
1255,62.75,46.627,-0.236,-38.2508,-0.481574369020282,1.2459470674396956e-06,0.1806363835418256,-0.19559524017434748,-1.7264348994775996e-05,0.07682117066013117,0,70,255.0,255.0,255.0
1256,62.800000000000004,46.60267763504686,-0.23599995745888977,-38.24167263241933,-0.491303278143953,4.921812045297173e-07,0.18444875848991119,-0.193561124772459,-1.2886285521620564e-05,0.07567382726327859,0,70,255.0,255.0,255.0
1257,62.85,46.57787136728177,-0.23599994713349332,-38.232356080270506,-0.5009304814975282,-4.268148472241015e-08,0.18820376626815358,-0.1915270093705708,-8.508222048465756e-06,0.07452648386642619,0,70,255.0,255.0,255.0
1258,62.900000000000006,46.55258628199327,-0.235999958078652,-38.22285321191201,-0.5104559790810104,-3.5864100031683915e-07,0.19190140687655388,-0.1894928939686823,-4.130158575310324e-06,0.07337914046957361,0,70,255.0,255.0,255.0
1259,62.95,46.52682746446985,-0.2359999793492071,-38.21316689570235,-0.5198797708943967,-4.556973422534793e-07,0.19554168031511104,-0.1874587785667941,2.479048978444843e-07,0.0722317970727212,0,70,255.0,255.0,255.0
1260,63.0,46.5006,-0.236,-38.2033,-0.5292018569376887,-3.338505105323918e-07,0.1991245865838256,-0.18542466316490636,4.6259683709992936e-06,0.07108445367586835,0,70,255.0,255.0,255.0
1261,63.050000000000004,46.47390968620382,-0.23600001139885612,-38.1932557353903,-0.5383794973159395,-1.318795562835148e-07,0.2026295920724204,-0.18168095196509298,3.4528697989550978e-06,0.06911576586791296,0,70,255.0,255.0,255.0
1262,63.1,46.44676517002773,-0.23600001416553776,-38.18303868136593,-0.5473699521341984,1.1436469363131261e-08,0.206036163170617,-0.17793724076528014,2.2797712269110693e-06,0.06714707805995784,0,70,255.0,255.0,255.0
1263,63.150000000000006,46.419175810749735,-0.23600001123279132,-38.17265375964641,-0.5561732213924677,9.609756640758699e-08,0.2093442998784163,-0.17419352956546677,1.1066726548668735e-06,0.06517839025200245,0,70,255.0,255.0,255.0
1264,63.2,46.391150967647825,-0.23600000553336328,-38.16210589195126,-0.5647893050907453,1.2210373484982853e-07,0.21255400219581735,-0.17044981836565395,-6.642591717715504e-08,0.06320970244404733,0,70,255.0,255.0,255.0
1265,63.25,46.3627,-0.236,-38.1514,-0.5732182032290322,8.945497468987187e-08,0.2156652701228207,-0.1667061071658411,-1.2395244892211844e-06,0.061241014636091995,0,70,255.0,255.0,255.0
1266,63.300000000000004,46.333831620137836,-0.23599999694568569,-38.14054042601947,-0.5814987325923511,3.533702060434185e-08,0.21871287322034805,-0.16451506736688976,-9.25193674199832e-07,0.060663109264992604,0,70,255.0,255.0,255.0
1267,63.35,46.30455195260726,-0.23599999620435558,-38.12952919426578,-0.5896697099657214,-3.0643927301148647e-09,0.22173158104932003,-0.1623240275679387,-6.10862859178524e-07,0.060085203893893296,0,70,255.0,255.0,255.0
1268,63.400000000000006,46.27486647500776,-0.2359999969901826,-38.11836774950235,-0.5977311353491452,-2.574926531350919e-08,0.2247213936097375,-0.16013298776898735,-2.9653204415717165e-07,0.059507298522793906,0,70,255.0,255.0,255.0
1269,63.45,46.244780664938844,-0.23599999851733977,-38.10705753649261,-0.6056830087426203,-3.271759714583468e-08,0.22768231090159952,-0.15794194797003633,1.779877086413629e-08,0.0589293931516946,0,70,255.0,255.0,255.0
1270,63.5,46.2143,-0.236,-38.0956,-0.613525330146148,-2.3969388227095683e-08,0.23061433292490663,-0.1557509081710835,3.32129585885444e-07,0.0583514877805964,0,70,255.0,255.0,255.0
1271,63.550000000000004,46.183431033244815,-0.23600000081840103,-38.08399696053182,-0.6211935723145994,-9.468526133852605e-09,0.2334949150462373,-0.15097877856694678,2.479048978442297e-07,0.056871797072620696,0,70,255.0,255.0,255.0
1272,63.6,46.15218461954321,-0.23600000101703983,-38.072251741570966,-0.6286232080028429,8.211015573282425e-10,0.23630151263216878,-0.14620664896281074,1.636802098030274e-07,0.0553921063646452,0,70,255.0,255.0,255.0
1273,63.650000000000006,46.120572689219195,-0.23600000080647812,-38.060368042344194,-0.6358142372108806,6.899494846449768e-09,0.2390341256827019,-0.14143451935867402,7.945552176181312e-08,0.053912415656669495,0,70,255.0,255.0,255.0
1274,63.7,46.08860717259679,-0.2360000003972776,-38.048349562078286,-0.6427666599387105,8.766653733510263e-09,0.24169275419783584,-0.13666238975453798,-4.769166279389213e-09,0.052432724948694005,0,70,255.0,255.0,255.0
1275,63.75,46.0563,-0.236,-38.0362,-0.6494804761863336,6.42257821851087e-09,0.24427739817757096,-0.13189026015040195,-8.899385432059155e-08,0.05095303424071784,0,70,255.0,255.0,255.0
1276,63.800000000000004,46.0236618468829,-0.2359999997807101,-38.023922931853235,-0.6560309781492397,2.537083931068578e-09,0.24679546659468937,-0.13012981836581655,-6.642591717708687e-08,0.04976970244401014,0,70,255.0,255.0,255.0
1277,63.85,45.9906983692199,-0.23599999972748498,-38.011521439450355,-0.6624934580229155,-2.200134991980722e-10,0.24925436842197204,-0.1283693765812314,-4.3857980033585394e-08,0.04858637064730261,0,70,255.0,255.0,255.0
1278,63.900000000000006,45.95741396811543,-0.23599999978390482,-37.99899848112087,-0.6688679158073629,-1.8487140722898626e-09,0.2516541036594197,-0.12660893479664598,-2.1290042890080718e-08,0.047403038850594915,0,70,255.0,255.0,255.0
1279,63.95,45.92381304467398,-0.23599999989354978,-37.98635701519426,-0.6751543515025803,-2.3490177882063342e-09,0.2539946723070316,-0.12484849301206083,1.2778942534207625e-09,0.04621970705388738,0,70,255.0,255.0,255.0
1280,64.0,45.8899,-0.236,-37.9736,-0.6813527651085685,-1.720924646947795e-09,0.25627607436480815,-0.12308805122747657,2.384583139692223e-08,0.045036375257176964,0,70,255.0,255.0,255.0
1281,64.05,45.85567997922356,-0.2360000000587585,-37.96073051205523,-0.6874185150885013,-6.798095904218323e-10,0.2584912185750307,-0.1195419479698524,1.7798770864118653e-08,0.0435693931517302,0,70,255.0,255.0,255.0
1282,64.10000000000001,45.82116110357718,-0.23600000007302016,-37.947752100627575,-0.6933069599055547,5.895243946413575e-11,0.26063301367998154,-0.11599584471222724,1.1751710331313354e-08,0.042102411046283025,0,70,255.0,255.0,255.0
1283,64.15,45.786352238319054,-0.23600000005790253,-37.93466843317232,-0.6990180995597252,4.953614427096892e-10,0.2627014596796594,-0.11244974145460307,5.704649798509776e-09,0.04063542894083626,0,70,255.0,255.0,255.0
1284,64.2,45.75126224870727,-0.23600000002852325,-37.92148317714471,-0.7045519340510144,6.29417419315081e-10,0.2646965565740649,-0.1089036381969789,-3.424107342938007e-10,0.039168446835389496,0,70,255.0,255.0,255.0
1285,64.25,45.7159,-0.236,-37.9082,-0.7099084633794225,4.6112036928031156e-10,0.26661830436319806,-0.1053575349393574,-6.389471267097375e-09,0.0377014647299414,0,70,255.0,255.0,255.0
1286,64.3,45.68027423622285,-0.23599999998425567,-37.894822219925835,-0.7150949614967682,1.8215443061827964e-10,0.2684876591051613,-0.10210238975448292,-4.769166279384538e-09,0.03707272494859341,0,70,255.0,255.0,255.0
1287,64.35000000000001,45.64439321647131,-0.2359999999804343,-37.8813517580393,-0.7201187023548716,-1.5796258658159785e-11,0.2703255768580577,-0.09884724456960751,-3.14886129167124e-09,0.03644398516724524,0,70,255.0,255.0,255.0
1288,64.4,45.60826507860834,-0.23599999998448506,-37.86779018618985,-0.7249796859537299,-1.3273169854889426e-10,0.27213205762188614,-0.09559209938473304,-1.5285563039584025e-09,0.03581524538589724,0,70,255.0,255.0,255.0
1289,64.45,45.571897960496926,-0.2359999999923572,-37.85413907622693,-0.7296779122933443,-1.6865188905399125e-10,0.27390710139664726,-0.09233695419985856,9.174868375443521e-11,0.035186505604549244,0,70,255.0,255.0,255.0
1290,64.5,45.5353,-0.236,-37.8404,-0.7342133813737153,-1.2355683017345125e-10,0.2756507081823409,-0.08908180901498497,1.7120536714672725e-09,0.034557765823202136,0,70,255.0,255.0,255.0
1291,64.55,45.498479075885044,-0.23600000000421867,-37.826575008241434,-0.7386016389243933,-4.8808132051286185e-11,0.2773341450042739,-0.08644849301215075,1.2778942534194996e-09,0.03277970705412284,0,70,255.0,255.0,255.0
1292,64.60000000000001,45.461442030537555,-0.2360000000052426,-37.81266806721521,-0.7428582306749311,4.23259516850345e-12,0.2789286788877534,-0.08381517700931579,8.437348353716033e-10,0.031001648285043044,0,70,255.0,255.0,255.0
1293,64.65,45.42419544724755,-0.23600000000415722,-37.79868362206829,-0.7469831566253257,3.556535148588749e-11,0.28043430983277856,-0.08118186100648159,4.0957541732383044e-10,0.029223589515963752,0,70,255.0,255.0,255.0
1294,64.7,45.386745909305034,-0.23600000000204785,-37.784626117947575,-0.7509764167755788,4.519013690088414e-11,0.28185103783934967,-0.07854854500364737,-2.458400072394244e-11,0.02744553074688446,0,70,255.0,255.0,255.0
1295,64.75,45.3491,-0.236,-37.7705,-0.7548380111256899,3.3106951413493416e-11,0.2831788629074668,-0.07591522900081227,-4.587434187717153e-10,0.02566747197780428,0,70,255.0,255.0,255.0
1296,64.8,45.311264660236965,-0.23599999999886961,-37.756308947108465,-0.758546482805635,1.3078097586865143e-11,0.2844637608777922,-0.07242363819699771,-3.424107342934611e-10,0.02572844683521493,0,70,255.0,255.0,255.0
1297,64.85000000000001,45.273248261378434,-0.23599999999859525,-37.74205357309983,-0.7620803749453903,-1.134122015853965e-12,0.2857517075909885,-0.06893204739318215,-2.260780498151739e-10,0.025789421692625603,0,70,255.0,255.0,255.0
1298,64.9,45.23505953240142,-0.23599999999888607,-37.727733725536986,-0.7654396875449538,-9.529707394655832e-12,0.287042703047055,-0.06544045658936759,-1.097453653369197e-10,0.025850396550036254,0,70,255.0,255.0,255.0
1299,64.95,45.196707202282944,-0.23599999999945123,-37.71334925198275,-0.7686244206043267,-1.2108658549545303e-11,0.288336747245992,-0.06194886578555303,6.5873191413344415e-12,0.02591137140744691,0,70,255.0,255.0,255.0
1300,65.0,45.1582,-0.236,-37.6989,-0.7716345741235088,-8.87097548052242e-12,0.2896338401877996,-0.05845727498173847,1.229200036195886e-10,0.02597234626485978,0,70,255.0,255.0,255.0
1301,65.05,45.1195462831671,-0.23600000000030288,-37.68438680332472,-0.774492429853049,-3.504258296174389e-12,0.2908748114845355,-0.05585695419987677,9.174868375434484e-11,0.023666505604577413,0,70,255.0,255.0,255.0
1302,65.10000000000001,45.08075292394867,-0.2360000000003764,-37.66981444038543,-0.7772202695434969,3.038928949124025e-13,0.2920004907482575,-0.05325663341801432,6.057736388909221e-11,0.02136066494429439,0,70,255.0,255.0,255.0
1303,65.15,45.041826423146716,-0.23600000000029847,-37.65518867578378,-0.779818093194851,2.55347809273579e-12,0.29301087797896513,-0.05065631263615262,2.940604402384843e-11,0.01905482428401202,0,70,255.0,255.0,255.0
1304,65.2,45.00277328156318,-0.236000000000147,-37.64051527412142,-0.7822859008071118,3.2444972972970773e-12,0.29390597317665856,-0.04805599185429091,-1.765275841395353e-12,0.016748983623729653,0,70,255.0,255.0,255.0
1305,65.25,44.9636,-0.236,-37.6258,-0.7846236923802797,2.376950508596265e-12,0.2946857763413379,-0.04545567107242743,-3.293659570663912e-11,0.014443142963446842,0,70,255.0,255.0,255.0
1306,65.3,44.92431340709467,-0.23599999999991883,-37.61104783959265,-0.7868117977821819,9.38935597832414e-13,0.2953969931840986,-0.04206854500366292,-2.45840007239182e-11,0.014005530746983411,0,70,255.0,255.0,255.0
1307,65.35000000000001,44.88492164282684,-0.23599999999989912,-37.596260665358436,-0.7888305468806462,-8.144956379564542e-14,0.29608632941603635,-0.038681418934897446,-1.62314057411949e-11,0.013567918530519854,0,70,255.0,255.0,255.0
1308,65.4,44.845433175011664,-0.23599999999992,-37.58143957132789,-0.790679939675672,-6.842049762873332e-13,0.2967537850371507,-0.03529429286613294,-7.878810758473974e-12,0.013130306314056423,0,70,255.0,255.0,255.0
1309,65.45,44.805856471464324,-0.23599999999996057,-37.56658565153156,-0.7923599761672594,-8.693306396429982e-13,0.29739936004744194,-0.031907166797368436,4.73784224246951e-13,0.01269269409759299,0,70,255.0,255.0,255.0
1310,65.5,44.7662,-0.236,-37.5517,-0.7938706563554087,-6.368265538626405e-13,0.29802305444690996,-0.028520040728598595,8.826379206967873e-12,0.012255081881130447,0,70,255.0,255.0,255.0
1311,65.55,44.726472088454216,-0.23600000000002172,-37.53678423830467,-0.7952203790182594,-2.5148409515526676e-13,0.29859321577911846,-0.02546886578543201,6.587319141327952e-12,0.010551371407211548,0,70,255.0,255.0,255.0
1312,65.60000000000001,44.68668050474395,-0.236000000000027,-37.52184209818081,-0.7964175429339521,2.190536027017901e-14,0.29907819158763116,-0.02241769084226456,4.348259075687393e-12,0.008847660933292166,0,70,255.0,255.0,255.0
1313,65.65,44.6468328768066,-0.23600000000002141,-37.50687783890463,-0.7974621481024861,1.833418124135415e-13,0.29947798187244784,-0.019366515899097977,2.1091990100474723e-12,0.0071439504593732665,0,70,255.0,255.0,255.0
1314,65.7,44.606936832579485,-0.23600000000001053,-37.4918957197523,-0.7983541945238617,2.3282526127491423e-13,0.2997925866335685,-0.016315340955931394,-1.298610555924496e-13,0.005440239985454368,0,70,255.0,255.0,255.0
1315,65.75,44.567,-0.236,-37.4769,-0.7990936821980791,1.7035570685429695e-13,0.3000220058709932,-0.013264166012766587,-2.3689211212323723e-12,0.003736529511535469,0,70,255.0,255.0,255.0
1316,65.8,44.52703023908848,-0.2359999999999942,-37.46189440718869,-0.7996666861447578,6.700078278865332e-14,0.3001981436993773,-0.009655991854381823,-1.7652758413936086e-12,0.0033089836238287228,0,70,255.0,255.0,255.0
1317,65.85000000000001,44.48703633819731,-0.2359999999999928,-37.446880541918304,-0.8000592813835172,-6.171877285070372e-15,0.30035290423337613,-0.006047817695996034,-1.1616305615546732e-12,0.002881437736121855,0,70,255.0,255.0,255.0
1318,65.9,44.44702731776192,-0.23599999999999427,-37.431859473053585,-0.8002714679143574,-4.9162273366832517e-14,0.3004862874729895,-0.0024396435376112698,-5.579852817159095e-13,0.0024538918484151087,0,70,255.0,255.0,255.0
1319,65.95,44.407012198217686,-0.23599999999999718,-37.41683226945925,-0.8003032457372784,-6.197040545665813e-14,0.3005982934182176,0.0011685306207734943,4.5659998122854185e-14,0.0020263459607083624,0,70,255.0,255.0,255.0
1320,66.0,44.367,-0.236,-37.4018,-0.8001546148522802,-4.4596273554547364e-14,0.30068892206906034,0.00477670477915737,6.493052779616179e-13,0.0015988000729998397,0,70,255.0,255.0,255.0
1321,66.05,44.326998955191875,-0.2360000000000015,-37.38676453294062,-0.7998728764027343,-1.65190359993464e-14,0.3007102094233276,0.006492833202680872,4.737842242464845e-13,-0.000747305902307671,0,70,255.0,255.0,255.0
1322,66.10000000000001,44.28701414246674,-0.2360000000000018,-37.37173093414599,-0.7995053315320121,2.7821488701026354e-15,0.3006141914788295,0.008208961626204863,2.9826317053130123e-13,-0.003093411877615849,0,70,255.0,255.0,255.0
1323,66.15,44.24704985214568,-0.23600000000000135,-37.35670506888104,-0.7990519802401137,1.3307281053788758e-14,0.30040086823556605,0.009925090049728365,1.227421168161679e-13,-0.005439517852923359,0,70,255.0,255.0,255.0
1324,66.2,44.20711037454976,-0.2360000000000006,-37.34169280241074,-0.7985128225270393,1.5056360551718715e-14,0.30007023969353724,0.011641218473251867,-5.2778936898965534e-14,-0.0077856238282308695,0,70,255.0,255.0,255.0
1325,66.25,44.1672,-0.236,-37.3267,-0.7978878583927885,8.029387363892503e-15,0.299622305852743,0.013357346896778033,-2.2829999061409877e-13,-0.01013172980353838,0,70,255.0,255.0,255.0
1326,66.3,44.12732434014405,-0.23599999999999985,-37.31173146104888,-0.7970978082442661,-9.24638791267685e-16,0.29912101860729184,0.018244659044124034,-1.2986105559232913e-13,-0.009919760014509395,0,70,255.0,255.0,255.0
1327,66.35000000000001,44.08749429193569,-0.236,-37.29678772149778,-0.7960633924883759,-4.956718195340116e-15,0.298630329851292,0.023131971191471423,-3.142212057053147e-14,-0.009707790225480347,0,70,255.0,255.0,255.0
1328,66.4,44.04772207365532,-0.23600000000000027,-37.28186825142225,-0.7947846111251188,-4.066850848322502e-15,0.29815023958474374,0.028019283338817425,6.701681445123816e-14,-0.009495820436451361,0,70,255.0,255.0,255.0
1329,66.45,44.0080199035833,-0.23600000000000032,-37.266972520897816,-0.7932614641544943,1.7449632497833173e-15,0.2976807478076469,0.032906595486163426,1.6545574947300785e-13,-0.009283850647422374,0,70,255.0,255.0,255.0
1330,66.5,43.9684,-0.236,-37.2521,-0.7914939515765027,1.2478724098977345e-14,0.29722185452000155,0.03779390763351209,2.638946844947775e-13,-0.009071880858394277,0,70,255.0,255.0,255.0
1331,66.55,43.92887328423196,-0.23599999999999913,-37.2372512228639,-0.7895598906201513,2.0217591164417144e-14,0.2967097161475585,0.039568530620547444,4.565999812283215e-14,-0.011413654039329434,0,70,255.0,255.0,255.0
1332,66.60000000000001,43.88944548979047,-0.23599999999999813,-37.22243097986289,-0.7875370985144476,1.7044723911257847e-14,0.2960804891160685,0.04134315360758331,-1.725746882491752e-13,-0.013755427220265258,0,70,255.0,255.0,255.0
1333,66.65,43.850121053233,-0.2359999999999976,-37.20764512542994,-0.7854255752593927,2.9601223395012577e-15,0.2953341734255319,0.04311777659461866,-3.9080937462112055e-13,-0.01609720040120042,0,70,255.0,255.0,255.0
1334,66.7,43.81090441111702,-0.23599999999999804,-37.192899513997986,-0.783225320854986,-2.2036213550851984e-14,0.2944707690759485,0.044892399581654016,-6.090440609930659e-13,-0.018438973582135577,0,70,255.0,255.0,255.0
1335,66.75,43.7718,-0.236,-37.1782,-0.7809363353012274,-5.794428375980188e-14,0.2934902760673184,0.04666702256869204,-8.272787473650112e-13,-0.020780746763071622,0,70,255.0,255.0,255.0
1336,66.8,43.73281292292811,-0.23600000000000357,-37.16355164749553,-0.7785186292751743,-7.994572586640089e-14,0.29244011680253157,0.05004121847343653,-5.277893689899946e-14,-0.021225623828404202,0,70,255.0,255.0,255.0
1337,66.85000000000001,43.6939509489024,-0.23600000000000734,-37.14895635905063,-0.7759322134538833,-6.322217744969127e-14,0.29136771368447784,0.05341541437818198,7.217208735672324e-13,-0.02167050089373691,0,70,255.0,255.0,255.0
1338,66.9,43.65522251341264,-0.23600000000000926,-37.13441524685797,-0.7731770878373557,-7.773638509682516e-15,0.2902730667131577,0.056789610282926464,1.4962206840332443e-12,-0.02211537795906949,0,70,255.0,255.0,255.0
1339,66.95,43.61663605194859,-0.23600000000000748,-37.11992942311021,-0.770253252425591,8.639989095362466e-14,0.289156175888571,0.060163806187670955,2.270720494499256e-12,-0.02256025502440207,0,70,255.0,255.0,255.0
1340,67.0,43.5782,-0.236,-37.1055,-0.767160707218589,2.1929841094023014e-13,0.2880170412107177,0.06353800209241367,3.0452203049652667e-12,-0.023005132089734204,0,70,255.0,255.0,255.0
1341,67.05,43.539923024055604,-0.23599999999998642,-37.091128587153975,-0.7638855922791268,2.995653123011864e-13,0.28682581664228973,0.06746659548608167,1.6545574947316547e-13,-0.024643850647386764,0,70,255.0,255.0,255.0
1342,67.10000000000001,43.50181471459991,-0.23599999999997243,-37.07681878393457,-0.7604140476699802,2.358439858875072e-13,0.2855526561459788,0.07139518887975078,-2.714308806019754e-12,-0.026282569205039786,0,70,255.0,255.0,255.0
1343,67.15,43.46388489311643,-0.23599999999996524,-37.062574687138174,-0.7567460733911512,2.813443169922868e-14,0.28419755972178556,0.07532378227341878,-5.594073361511856e-12,-0.027921287762692346,0,70,255.0,255.0,255.0
1344,67.2,43.42614338108863,-0.23599999999997204,-37.04840039356119,-0.7528816694426387,-3.2356335026364645e-13,0.2827605273697097,0.07925237566708679,-8.473837917003956e-12,-0.029560006320344903,0,70,255.0,255.0,255.0
1345,67.25,43.3886,-0.236,-37.0343,-0.748820835824443,-8.192493600011187e-13,0.28124155908975124,0.0831809690607539,-1.1353602472496057e-11,-0.031198724877996575,0,70,255.0,255.0,255.0
1346,67.3,43.35126378084949,-0.23600000000005067,-37.020277203888575,-0.7446110016083837,-1.1183155233383447e-12,0.27966461662825054,0.08521239958163018,-6.09044060993664e-13,-0.03187897358203596,0,70,255.0,255.0,255.0
1347,67.35000000000001,43.31414059269792,-0.23600000000010288,-37.006334105211096,-0.7402995958662792,-8.801537661003373e-13,0.27805366173154733,0.08724383010250704,1.0135514350511783e-11,-0.03255922228607554,0,70,255.0,255.0,255.0
1348,67.4,43.277235514121614,-0.23600000000012972,-36.992472404589336,-0.7358866185981322,-1.0476408828723238e-13,0.2764086943996427,0.08927526062338333,2.088007276201418e-11,-0.033239470990114914,0,70,255.0,255.0,255.0
1349,67.45,43.240553623696876,-0.23600000000010438,-36.97869380264505,-0.7313720698039414,1.2078535101009621e-12,0.27472971463253604,0.0913066911442596,3.162463117351657e-11,-0.0339197196941543,0,70,255.0,255.0,255.0
1350,67.5,43.2041,-0.236,-36.965,-0.7267559494837069,3.0576990290642445e-12,0.27301672243022745,0.09333812166513322,4.236918958501896e-11,-0.03459996839819457,0,70,255.0,255.0,255.0
1351,67.55,43.167880252546446,-0.23599999999981086,-36.95139299729175,-0.7220064012873807,4.173696781052192e-12,0.27125171684466515,0.09664380618792555,2.2707204945014927e-12,-0.03600025502430252,0,70,255.0,255.0,255.0
1352,67.60000000000001,43.13190211460835,-0.23599999999961602,-36.937875995221056,-0.7170915688649135,3.2847710785138424e-12,0.2694166969277969,0.09994949071071882,-3.7827748596027374e-11,-0.03740054165041086,0,70,255.0,255.0,255.0
1353,67.65,43.09617385039705,-0.2359999999995158,-36.92445249450449,-0.712011452216308,3.9092192144970165e-13,0.26751166267962373,0.10325517523351116,-7.792621768654485e-11,-0.03880082827651881,0,70,255.0,255.0,255.0
1354,67.7,43.06070372412383,-0.23599999999961035,-36.91112599585862,-0.7067660513415629,-4.5078506901402e-12,0.26553661410014523,0.10656085975630349,-1.180246867770623e-10,-0.04020111490262676,0,70,255.0,255.0,255.0
1355,67.75,43.0255,-0.236,-36.8979,-0.7013553662406784,-1.1411546756255859e-11,0.26349155118936124,0.10986654427909492,-1.581231558675798e-10,-0.041601401528737814,0,70,255.0,255.0,255.0
1356,67.8,42.99057120896473,-0.23600000000070584,-36.88477800694444,-0.6957633932420296,-1.5576471600870425e-11,0.26137651599313333,0.11381237566686919,-8.473837917012307e-12,-0.04300000632038207,0,70,255.0,255.0,255.0
1357,67.85000000000001,42.95592694886862,-0.23600000000143292,-36.87176351390468,-0.6899741286739904,-1.2258930547955035e-11,0.2591915505573226,0.11775820705464457,1.4117548003359772e-10,-0.04439861111202671,0,70,255.0,255.0,255.0
1358,67.9,42.92157708429015,-0.23600000000180707,-36.8588600173927,-0.6839875725365643,-1.4589235975115754e-12,0.2569366548819303,0.12170403844241884,2.908247979841652e-10,-0.04579721590367097,0,70,255.0,255.0,255.0
1359,67.95,42.887531479807784,-0.23600000000145413,-36.84607101392048,-0.6778037248297493,1.6823549250459833e-11,0.25461182896695583,0.1256498698301931,4.4047411593473276e-10,-0.04719582069531522,0,70,255.0,255.0,255.0
1360,68.0,42.8538,-0.236,-36.8334,-0.6714225855535457,4.258848799595919e-11,0.252217072812399,0.12959570121796826,5.901234338853002e-10,-0.0485944254869608,0,70,255.0,255.0,255.0
1361,68.05,42.82039171159465,-0.2359999999973656,-36.82085017493049,-0.664892025744491,5.81321896224295e-11,0.24977021918286535,0.1316266911442331,3.16246311735478e-11,-0.04927971969439127,0,70,255.0,255.0,255.0
1362,68.10000000000001,42.78731248991715,-0.23599999999465218,-36.80842354916022,-0.6582599164391213,4.575095111330629e-11,0.24728910084295946,0.13365768107049847,-5.268741715383634e-10,-0.04996501390182194,0,70,255.0,255.0,255.0
1363,68.15,42.754567412442334,-0.23599999999325594,-36.796121835924694,-0.6515262576374401,5.4447724685966e-12,0.24477371779268275,0.1356886709967633,-1.085372974250116e-09,-0.050650308109252404,0,70,255.0,255.0,255.0
1364,68.2,42.72216155664501,-0.23599999999457313,-36.783946748459456,-0.6446910493394458,-6.278634631169915e-11,0.2422240700320345,0.13771966092302812,-1.6438717769618683e-09,-0.051335602316682875,0,70,255.0,255.0,255.0
1365,68.25,42.6901,-0.236,-36.7719,-0.637754291545138,-1.589424052275809e-10,0.23964015756101475,0.13975065084929383,-2.202370579673621e-09,-0.052020896524112015,0,70,255.0,255.0,255.0
1366,68.3,42.65838834465669,-0.2360000000098316,-36.75998369333359,-0.6306845037799954,-2.1695228688884755e-10,0.2369986072753489,0.14304085975642147,-1.1802468677717858e-10,-0.053641114902527764,0,70,255.0,255.0,255.0
1367,68.35000000000001,42.627034291462756,-0.23600000001995824,-36.748201489454445,-0.6234502055694945,-1.7074487390527012e-10,0.2342760460707615,0.14633106866355006,1.966321206119856e-09,-0.055261333280943965,0,70,255.0,255.0,255.0
1368,68.4,42.596046065940484,-0.23600000002516916,-36.7365574389085,-0.6160513969136393,-2.0320166276874767e-11,0.23147247394725406,0.14962127757067772,4.0506670990162986e-09,-0.056881551659359715,0,70,255.0,255.0,255.0
1369,68.45,42.56543189361215,-0.23600000002025331,-36.7250555922417,-0.6084880778124276,2.3432183599633665e-10,0.22858789090482587,0.15291148647780536,6.13501299191274e-09,-0.05850177003777546,0,70,255.0,255.0,255.0
1370,68.5,42.5352,-0.236,-36.7137,-0.6007602482658595,5.931811329143644e-10,0.22562229694347685,0.1562016953849339,8.219358884809181e-09,-0.060121988416190764,0,70,255.0,255.0,255.0
1371,68.55,42.50535890977863,-0.23599999996330795,-36.70249425173513,-0.5928499591354872,8.096769579329608e-10,0.22260335171569526,0.16020986982997515,4.404741159351662e-10,-0.060635820695080035,0,70,255.0,255.0,255.0
1372,68.60000000000001,42.47591834423182,-0.2359999999255147,-36.691440093021995,-0.5847392612828605,6.372285445077743e-10,0.21955871487396833,0.16421804427501754,-7.338410652941059e-09,-0.06114965297396946,0,70,255.0,255.0,255.0
1373,68.65,42.446888323795704,-0.2359999999060675,-36.6805388084413,-0.5764281547079841,7.583589263890252e-11,0.2164883864182978,0.16822621872005883,-1.5117295421815076e-08,-0.06166348525285873,0,70,255.0,255.0,255.0
1374,68.7,42.4182788689064,-0.2359999999244135,-36.66979168257373,-0.5679166394108557,-8.745009976736477e-10,0.2133923663486828,0.17223439316510009,-2.289618019068909e-08,-0.06217731753174801,0,70,255.0,255.0,255.0
1375,68.75,42.3901,-0.236,-36.6592,-0.5592047153914751,-2.2137821264298764e-09,0.21027065466512337,0.1762425676101449,-3.067506495956311e-08,-0.06269114981063661,0,70,255.0,255.0,255.0
1376,68.8,42.362360816228815,-0.2360000001369366,-36.648765699725885,-0.5503476596781435,-3.0217555448429954e-09,0.20708398586193624,0.17803966092314072,-1.6438717769634867e-09,-0.06477560231685546,0,70,255.0,255.0,255.0
1377,68.85000000000001,42.33506673160994,-0.23600000027798287,-36.63849333845756,-0.5414007492991595,-2.378169304125827e-09,0.20379309443343724,0.17983675423613701,2.7387321405644388e-08,-0.06686005482307489,0,70,255.0,255.0,255.0
1378,68.9,42.30822223887666,-0.23600000035056087,-36.628388127326296,-0.5323639842545282,-2.830234042787348e-10,0.20039798037962822,0.18163384754913284,5.641851458824401e-08,-0.06894450732929373,0,70,255.0,255.0,255.0
1379,68.95,42.28183183076225,-0.23600000028209256,-36.618455277463354,-0.5232373645442472,3.263682154698256e-09,0.19689864370050827,0.18343094086212863,8.544970777084364e-08,-0.07102895983551256,0,70,255.0,255.0,255.0
1380,69.0,42.2559,-0.236,-36.6087,-0.5140208901683163,8.261947372805142e-09,0.1932950843960774,0.18522803417512534,1.1448090095344325e-07,-0.0731134123417303,0,70,255.0,255.0,255.0
1381,69.05,42.23043222530609,-0.23599999948894562,-36.59912694936133,-0.5046554021519871,1.1277345221439022e-08,0.18962070483658747,0.18939148647806098,6.135012991918779e-09,-0.0738617700378756,0,70,255.0,255.0,255.0
1382,69.10000000000001,42.20543792932838,-0.23599999896255372,-36.58973855314775,-0.49508174152050854,8.875448671995532e-09,0.1859089073922892,0.19355493878099778,-1.0221087496963647e-07,-0.0746101277340211,0,70,255.0,255.0,255.0
1383,69.15,42.18092752069763,-0.23599999869168897,-36.580536682253516,-0.48529990827388586,1.0562577244760435e-09,0.18215969206318475,0.1977183910839334,-2.1055676293116096e-07,-0.0753584854301664,0,70,255.0,255.0,255.0
1384,69.2,42.15691140804458,-0.23599999894721616,-36.571523207572845,-0.4753099024121163,-1.218022762111937e-08,0.178373058849273,0.20188184338686904,-3.189026508926854e-07,-0.0761068431263117,0,70,255.0,255.0,255.0
1385,69.25,42.1334,-0.236,-36.5627,-0.46511172393520006,-3.083400736479069e-08,0.174549007750554,0.20604529568980468,-4.272485388542099e-07,-0.07685520082245634,0,70,255.0,255.0,255.0
1386,69.3,42.1104030825468,-0.2360000019072809,-36.554068902828796,-0.4547427317138353,-4.208762534091309e-08,0.17068919479170003,0.2087143931648113,-2.2896180190711625e-08,-0.07753731753171184,0,70,255.0,255.0,255.0
1387,69.35000000000001,42.08792795107651,-0.2360000038718022,-36.54563164895142,-0.4442402846187171,-3.3123625383856296e-08,0.16679527599738214,0.21138349063981865,3.8145617847290165e-07,-0.07821943424096751,0,70,255.0,255.0,255.0
1388,69.4,42.06598127833283,-0.2360000048826831,-36.53738994365965,-0.4336043826498516,-3.942007493625426e-09,0.1628672513676026,0.21405258811482528,7.858085371363999e-07,-0.07890155095022301,0,70,255.0,255.0,255.0
1389,69.45,42.04456973705942,-0.2360000039290427,-36.52934549224525,-0.4228350258072358,4.545722832977924e-08,0.1589051209023603,0.21672168558983188,1.1901608957998983e-06,-0.0795836676594785,0,70,255.0,255.0,255.0
1390,69.5,42.0237,-0.236,-36.5215,-0.41193221409086966,1.1507408208635761e-07,0.15490888460165525,0.2193907830648385,1.5945132544633958e-06,-0.08026578436873333,0,70,255.0,255.0,255.0
1391,69.55,42.0033786445067,-0.2359999928819308,-36.51385583932349,-0.40090167099269497,1.5707315614221331e-07,0.15083851599655343,0.22183094086217622,8.544970777092752e-08,-0.08254895983534848,0,70,255.0,255.0,255.0
1392,69.60000000000001,41.98361186636556,-0.23599998555023732,-36.50641805104657,-0.3897491200046501,1.2361905286342967e-07,0.14665398861811968,0.22427109865951464,-1.4236138389219693e-06,-0.08483213530196426,0,70,255.0,255.0,255.0
1393,69.65,41.964405765971065,-0.23599998177757844,-36.4991923431079,-0.3784745611267416,1.4711772250025676e-08,0.14235530246635633,0.22671125645685236,-2.9326773856144376e-06,-0.08711531076857941,0,70,255.0,255.0,255.0
1394,69.7,41.945766443717716,-0.23599998533661307,-36.492184423446155,-0.36707799435896615,-1.6964868569799743e-07,0.13794245754126222,0.22915141425419008,-4.441740932306906e-06,-0.08939848623519454,0,70,255.0,255.0,255.0
1395,69.75,41.9277,-0.236,-36.4854,-0.35555941970132393,-4.294623209806397e-07,0.13341545384283737,0.23159157205152825,-5.9508044789993746e-06,-0.09168166170181014,0,70,255.0,255.0,255.0
1396,69.8,41.91021353942639,-0.23600002656499586,-36.47884373987725,-0.34385858431536326,-5.862049992279402e-07,0.12883674122213207,0.23644184338692487,-3.189026508929994e-07,-0.0914668431264122,0,70,255.0,255.0,255.0
1397,69.85000000000001,41.89331818346124,-0.23600005392724838,-36.472516146862304,-0.33191523536262935,-4.613525860698624e-07,0.12426876953019537,0.24129211472232284,5.312999177214977e-06,-0.09125202455101424,0,70,255.0,255.0,255.0
1398,69.9,41.8770260577829,-0.23600006800700293,-36.46641668390875,-0.31972937284312897,-5.4905081506477213e-08,0.11971153876702986,0.24614238605771946,1.0944901005321351e-05,-0.0910372059756163,0,70,255.0,255.0,255.0
1399,69.95,41.86134928806971,-0.236000054724505,-36.460544813970124,-0.3073009967568588,6.331375144622111e-07,0.11516504893263425,0.25099265739311605,1.6576802833427727e-05,-0.09082238740021839,0,70,255.0,255.0,255.0
1400,70.0,41.8463,-0.236,-36.4549,-0.2946301071038189,1.6027752018362012e-06,0.11062930002700855,0.2558429287285131,2.2208704661534094e-05,-0.09060756882482046,0,70,255.0,255.0,255.0
1401,70.05,41.83188879778774,-0.23599990085808564,-36.449482801167534,-0.28180799174586163,2.187746840769547e-06,0.10603851911490042,0.2570416855898063,1.1901608958010672e-06,-0.09302366765951472,0,70,255.0,255.0,255.0
1402,70.10000000000001,41.81812019978946,-0.23599979874076904,-36.44429816150421,-0.26892593854483604,1.7217912914160194e-06,0.10132693326105625,0.2582404424510998,-1.9828382869937937e-05,-0.09543976649420968,0,70,255.0,255.0,255.0
1403,70.15,41.80499720289731,-0.23599974619440964,-36.43935212125712,-0.25598394750074943,2.0490855377588254e-07,0.09649454246547869,0.2594391993123929,-4.084692663567097e-05,-0.09785586532890395,0,70,255.0,255.0,255.0
1404,70.2,41.79252280400343,-0.2359997957653668,-36.43465072067335,-0.24298201861359822,-2.3629013721508457e-06,0.09154134672816641,0.26063795617368607,-6.186547040140399e-05,-0.10027196416359821,0,70,255.0,255.0,255.0
1405,70.25,41.7807,-0.236,-36.4302,-0.2299201518833823,-5.9816384863641646e-06,0.08646734604911943,0.2618367130349808,-8.288401416713703e-05,-0.1026880629982927,0,70,255.0,255.0,255.0
1406,70.3,41.76953286942264,-0.2360003700026615,-36.42600505545264,-0.2167334487011542,-8.164782363850247e-06,0.08132918231828502,0.26563141425417325,-4.44174093231128e-06,-0.10283848623509514,0,70,255.0,255.0,255.0
1407,70.35000000000001,41.7590298173809,-0.23600075110967536,-36.42206720712086,-0.20335701045796267,-6.425812579594215e-06,0.07618349742560904,0.26942611547336676,7.400053230253678e-05,-0.10298890947189764,0,70,255.0,255.0,255.0
1408,70.4,41.74920033062785,-0.23600094721535844,-36.418386831062776,-0.1897908371538153,-7.647291335970542e-07,0.07103029137109439,0.2732208166925592,0.00015244280553736254,-0.10313933270870007,0,70,255.0,255.0,255.0
1409,70.45,41.74005389591653,-0.23600076221402766,-36.414964303336454,-0.1760349287887083,8.818467974141175e-06,0.06586956415473962,0.2770155179117516,0.0002308850787721883,-0.10328975594550252,0,70,255.0,255.0,255.0
1410,70.5,41.7316,-0.236,-36.4118,-0.16208928536264172,2.2323778743620458e-05,0.06070131577654473,0.28081021913094384,0.0003093273520070139,-0.10344017918230491,0,70,255.0,255.0,255.0
1411,70.55,41.72384932452172,-0.2359986191312683,-36.4088953770219,-0.14788221344954147,3.047138261463144e-05,0.055460751611979435,0.28747265739309824,1.657680283344401e-05,-0.10618238740031884,0,70,255.0,255.0,255.0
1412,70.60000000000001,41.71681733068693,-0.23599719682052953,-36.406256210012316,-0.13334201962332937,2.3981459026960834e-05,0.05008307703651191,0.29413509565525453,-0.00027617374634020914,-0.10892459561833354,0,70,255.0,255.0,255.0
1413,70.65,41.71052067459128,-0.23599646494415655,-36.403889354491774,-0.11846870388401361,2.8540079806123293e-06,0.044568292050145196,0.30079753391740893,-0.0005689242955137791,-0.11166680383634744,0,70,255.0,255.0,255.0
1414,70.7,41.70497601233041,-0.23599715537852242,-36.40180166598082,-0.10326226623159018,-3.291097052441384e-05,0.03891639665287779,0.30745997217956333,-0.0008616748446873489,-0.11440901205436137,0,70,255.0,255.0,255.0
1415,70.75,41.7002,-0.236,-36.4,-0.08772270666605904,-8.331347648811766e-05,0.033127390844709705,0.3141224104417176,-0.0011544253938609189,-0.11715122027237562,0,70,255.0,255.0,255.0
1416,70.8,41.69620023249047,-0.23600515347226528,-36.39848783645973,-0.0723936975006736,-0.00011372074809467552,0.027403811233811345,0.29903795617373463,-6.186547040146488e-05,-0.11179196416357176,0,70,255.0,255.0,255.0
1417,70.85000000000001,41.69294805987138,-0.23601046160820657,-36.39725515282986,-0.05781891104868324,-8.950002352824915e-05,0.021948194428351653,0.2839535019057473,0.0010306944530582996,-0.10643270805476637,0,70,255.0,255.0,255.0
1418,70.9,41.69040577100705,-0.2360131930080152,-36.39628855097014,-0.043998347310096234,-1.0651302788852344e-05,0.016760540428333724,0.2688690476377643,0.0021232543765177534,-0.10107345194596251,0,70,255.0,255.0,255.0
1419,70.95,41.68853565476181,-0.23601061627188258,-36.39557463274027,-0.030932006284908338,0.00012282541412351414,0.011840849233755973,0.2537845933697813,0.0032158142999772076,-0.09571419583715865,0,70,255.0,255.0,255.0
1420,71.0,41.6873,-0.236,-36.3951,-0.018619887973119552,0.0003109301272088502,0.0071891208446184015,0.23870013910179833,0.004308374223436662,-0.09035493972835486,0,70,255.0,255.0,255.0
1421,71.05,41.68664254551639,-0.23598076697967055,-36.39484447713918,-0.008174996547784143,0.0004244116097640707,0.0032120034527701514,0.17909551791164177,0.0002308850787724158,-0.06872975594558418,0,70,255.0,255.0,255.0
1422,71.10000000000001,41.68643282982757,-0.23596095674664413,-36.394760778668235,-0.0007103361819546959,0.00033401863508603584,0.00031614525005970416,0.11949089672146829,-0.003846604065892989,-0.04710457216280737,0,70,255.0,255.0,255.0
1423,71.15,41.68652184138054,-0.23595076302378248,-36.39479484162769,0.003774093124364551,3.9751203174796844e-05,-0.0014984537635112935,0.05988627553131173,-0.007924093210557235,-0.025479388380036702,0,70,255.0,255.0,255.0
1424,71.2,41.68676056862234,-0.2359603795339472,-36.394892603058096,0.005278291371176143,-0.00045839068596964256,-0.0022317935879438214,0.0002816543411552075,-0.012001582355221481,-0.0038542045972660283,0,70,255.0,255.0,255.0
1425,71.25,41.687,-0.236,-36.395,0.0038022585584800714,-0.001160407032347283,-0.0018838742232378748,-0.059322966849001305,-0.016079071499885723,0.01777097918550465,0,70,255.0,255.0,255.0
1426,71.3,41.68712318544396,-0.23607177860905254,-36.39507265498354,0.0012696836917475366,-0.0015839256909616069,-0.001035825044956713,-0.041980027820305854,-0.0008616748446881924,0.01615098794574375,0,70,255.0,255.0,255.0
1427,71.35000000000001,41.687141420818364,-0.2361457114052168,-36.3951049324972,-0.000395744223550625,-0.0012465745168158935,-0.000268775428663385,-0.024637088791605463,0.014355721810513662,0.014530996705982391,0,70,255.0,255.0,255.0
1428,71.4,41.68709806347079,-0.2361837548968548,-36.395100882519095,-0.0011940251874134663,-0.00014835350991033438,0.00041727462564167316,-0.007294149762910006,0.029573118465711194,0.012911005466221493,0,70,255.0,255.0,255.0
1429,71.45,41.687036470748815,-0.23614786559232853,-36.39506455502733,-0.0011251591998415848,0.0017107373297550587,0.0010223251179586907,0.010048789265785452,0.044790515120908724,0.011291014226460595,0,70,255.0,255.0,255.0
1430,71.5,41.687,-0.236,-36.395,-0.00018914626083497993,0.004330698002180282,0.0015463760482876685,0.027391728294480888,0.06000791177610625,0.009671022986699702,0,70,255.0,255.0,255.0
1431,71.55,41.68701831270777,-0.23573211858411924,-36.3949161029267,0.000792261780772015,0.005911291154082358,0.001699296727027648,0.01186459336980114,0.003215814299980378,-0.003554195837100175,0,70,255.0,255.0,255.0
1432,71.60000000000001,41.68706628689897,-0.23545619763248848,-36.39484109134298,0.0009973130761450147,0.00465227943217754,0.0011909564645774327,-0.00366254155488302,-0.053576283176161636,-0.016779414660903814,0,70,255.0,255.0,255.0
1433,71.65,41.68710510473628,-0.23531421738879818,-36.39480802829593,0.00042600762528390273,0.0005536628364665435,2.13552609373115e-05,-0.019189676479562767,-0.11036838065228749,-0.03000463348470369,0,70,255.0,255.0,255.0
1434,71.7,41.6870959483824,-0.23544815809673858,-36.39484997683258,-0.0009216545718111532,-0.006384558633050583,-0.0018095068838927665,-0.034716811404242515,-0.16716047812841336,-0.04322985230850357,0,70,255.0,255.0,255.0
1435,71.75,41.687,-0.236,-36.395,-0.0030456735151401515,-0.016162384976373845,-0.0043016299699128,-0.05024394632892226,-0.2239525756045393,-0.05645507113230344,0,70,255.0,255.0,255.0
1436,71.8,41.68676996372494,-0.2371125470544704,-36.39530933330969,-0.006454730814834081,-0.028829238925367057,-0.008545361863150485,-0.08611834565884263,-0.28272158235521794,-0.1132942045972136,0,70,255.0,255.0,255.0
1437,71.85000000000001,41.68632463158574,-0.23893189806482942,-36.395901902130866,-0.011657508081025659,-0.04443454321189888,-0.01563105042963593,-0.12199274498877319,-0.3414905891059133,-0.1701333380621399,0,70,255.0,255.0,255.0
1438,71.9,41.68557431758406,-0.24160497554795266,-36.39691980429721,-0.018654005313711926,-0.06297829783596046,-0.025558695669365118,-0.15786714431869353,-0.400259595856592,-0.22697247152705005,0,70,255.0,255.0,255.0
1439,71.95,41.684429335721596,-0.2452787020207173,-36.39850513764237,-0.027444222512894113,-0.0844605027975558,-0.038328297582339646,-0.1937415436486139,-0.45902860260727063,-0.28381160499196023,0,70,255.0,255.0,255.0
1440,72.0,41.6828,-0.2501,-36.4008,-0.03802815967857222,-0.10888115809668492,-0.05393985616855953,-0.22961594297853438,-0.5177976093579493,-0.3406507384568703,0,70,255.0,255.0,255.0
1441,72.05,41.68061623239245,-0.2561288931979985,-36.403921763834546,-0.049229338521392385,-0.13102633545260992,-0.07090984927432233,-0.21843121073429764,-0.368009484879101,-0.33814898577367997,0,70,255.0,255.0,255.0
1442,72.10000000000001,41.67788638675806,-0.26307781010819664,-36.40788890013353,-0.05987128075200369,-0.14568210658459602,-0.08775475474593038,-0.20724647849005773,-0.21822136040021017,-0.335647233090489,0,70,255.0,255.0,255.0
1443,72.15,41.67463842492745,-0.2705722804193934,-36.412695154515234,-0.06995398637040008,-0.15284847149263492,-0.10447457258337411,-0.196061746245821,-0.06843323592136197,-0.3331454804072987,0,70,255.0,255.0,255.0
1444,72.2,41.67090030873122,-0.2782378338203935,-36.41833427259796,-0.07947745537658467,-0.15252543017673184,-0.12106930278665834,-0.18487701400158427,0.0813548885574863,-0.3306437277241084,0,70,255.0,255.0,255.0
1445,72.25,41.6667,-0.2857,-36.4248,-0.08844168777055746,-0.14471298263688676,-0.13753894535578307,-0.17369228175734708,0.23114301303633522,-0.328141975040918,0,70,255.0,255.0,255.0
1446,72.3,41.66206030670525,-0.29260708015353387,-36.432092411352116,-0.09715591509959703,-0.1307774192641895,-0.15426324103952244,-0.17487681140425576,0.32627952187158576,-0.3408298523086953,0,70,255.0,255.0,255.0
1447,72.35000000000001,41.656983421381995,-0.2986984615023905,-36.44023689733501,-0.10592936891098455,-0.11208503044972404,-0.1716219305866557,-0.1760613410511648,0.42141603070686334,-0.3535177295764762,0,70,255.0,255.0,255.0
1448,72.4,41.65146638270612,-0.3037363027744781,-36.449265177641834,-0.114762049204715,-0.08863581619350094,-0.18961501399717287,-0.1772458706980735,0.5165525395421139,-0.36620560684425346,0,70,255.0,255.0,255.0
1449,72.45,41.64550622935349,-0.30748276269771063,-36.45920897196578,-0.12365395598079089,-0.06042977649551559,-0.20824249127107897,-0.1784304003449822,0.6116890483773645,-0.3788934841120308,0,70,255.0,255.0,255.0
1450,72.5,41.6391,-0.3097,-36.4701,-0.1326050892392122,-0.027466911355767985,-0.22750436240837382,-0.17961492999189121,0.7068255572126152,-0.3915813613798089,0,70,255.0,255.0,255.0
1451,72.55,41.63224574078652,-0.31014278618786423,-36.48196779075698,-0.14155500108022173,0.010696012509363355,-0.24726918656766012,-0.17838154364851164,0.819691397392725,-0.3990116049916884,0,70,255.0,255.0,255.0
1452,72.60000000000001,41.624945527713926,-0.3085363438822462,-36.49483311052645,-0.15044324360406486,0.05450222838351311,-0.26740552290754616,-0.17714815730513173,0.932557237572867,-0.40644184860357,0,70,255.0,255.0,255.0
1453,72.65,41.61720244424807,-0.3045985084826964,-36.50871453491742,-0.15926981681073646,0.1039517362666564,-0.2879133714280205,-0.17591477096175215,1.045423077752977,-0.4138720922154495,0,70,255.0,255.0,255.0
1454,72.7,41.60901957385481,-0.29804711538876444,-36.52363063953892,-0.1680347207002391,0.15904453615880487,-0.3087927321290888,-0.1746813846183726,1.1582889179330866,-0.421302335827329,0,70,255.0,255.0,255.0
1455,72.75,41.6004,-0.2886,-36.5396,-0.17673795527257272,0.2197806280599585,-0.33004360501075103,-0.17344799827499213,1.271154758113197,-0.42873257943920695,0,70,255.0,255.0,255.0
1456,72.8,41.59134713014864,-0.27597937509500964,-36.55664282561995,-0.1853600805794891,0.2858973692267215,-0.3517640126898314,-0.17143701400168396,1.3735148885574728,-0.44008372772405646,0,70,255.0,255.0,255.0
1457,72.85000000000001,41.58186566776228,-0.2599249629686209,-36.57478586055923,-0.19388165667274254,0.3571321169157189,-0.3740519777831606,-0.16942602972837517,1.4758750190017778,-0.4514348760089092,0,70,255.0,255.0,255.0
1458,72.9,41.57196064030159,-0.24018086329473215,-36.59405748268851,-0.2023026835523281,0.4334848711269104,-0.39690750029072597,-0.167415045455067,1.5782351494460536,-0.4627860242937587,0,70,255.0,255.0,255.0
1459,72.95,41.56163707522727,-0.21649117574722873,-36.61448606987853,-0.2106231612182483,0.5149556318603153,-0.42033058021253383,-0.16540406118175882,1.6805952798903296,-0.4741371725786082,0,70,255.0,255.0,255.0
1460,73.0,41.5509,-0.1886,-36.6361,-0.21884308967050303,0.6015443991159338,-0.44432121754858406,-0.16339307690844906,1.7829554103346084,-0.4854883208634546,0,70,255.0,255.0,255.0
1461,73.05,41.53975293861891,-0.15624291343210253,-36.65892490676319,-0.2270526766018374,0.6937625105837276,-0.4687147626729735,-0.1649904003449449,1.905769048377354,-0.49025348411217917,0,70,255.0,255.0,255.0
1462,73.10000000000001,41.52819340123695,-0.11912140424325096,-36.68297544723667,-0.23534212970499896,0.7921213039536872,-0.4933465659598062,-0.16658772378144118,2.028582686420134,-0.4950186473609051,0,70,255.0,255.0,255.0
1463,73.15,41.51621739454554,-0.07692843833835951,-36.70826353432855,-0.24371144897998295,0.8966207792257567,-0.5182166274090682,-0.168185047217937,2.1513963244628798,-0.4997838106096297,0,70,255.0,255.0,255.0
1464,73.2,41.50382092523609,-0.029356981622311464,-36.73480108094695,-0.25216063442679165,1.007260936399963,-0.5433249470207664,-0.16978237065443286,2.2742099625056253,-0.5045489738583543,0,70,255.0,255.0,255.0
1465,73.25,41.491,0.0239,-36.7626,-0.26068968604542525,1.1240417754763061,-0.5686715247949007,-0.17137969409092912,2.397023600548369,-0.5093141371070748,0,70,255.0,255.0,255.0
1466,73.3,41.477769915375724,0.08309902882340753,-36.791662347327254,-0.26814121301315513,1.2439325884383354,-0.5936649366182588,-0.12668138461828257,2.3986089179330787,-0.4904223358273038,0,70,255.0,255.0,255.0
1467,73.35000000000001,41.464223127289905,0.14829457994166642,-36.8219507504941,-0.27335782450725393,1.3639026672696344,-0.617713758377635,-0.08198307514562331,2.400194235317789,-0.47153053454752736,0,70,255.0,255.0,255.0
1468,73.4,41.45047138151623,0.21949061664820152,-36.853417979997296,-0.27633952052771876,1.4839520119701348,-0.6408179900730158,-0.037284765672976755,2.4017795527024988,-0.45263873326775633,0,70,255.0,255.0,255.0
1469,73.45,41.436626423828365,0.29669110223649214,-36.88601680633366,-0.2770863010745514,1.6040806225398707,-0.662977631704408,0.007413543799669825,2.403364870087209,-0.4337469319879853,0,70,255.0,255.0,255.0
1470,73.5,41.4228,0.3799,-36.9197,-0.2755981661477519,1.7242884989788418,-0.6841926832718117,0.052111853272315045,2.404950187471904,-0.41485513070821156,0,70,255.0,255.0,255.0
1471,73.55,41.40911059987819,0.46910359813845104,-36.95442890392775,-0.27147047134549257,1.8435151356628907,-0.7049774908539809,0.11299593881806685,2.364115279890323,-0.41653717257860406,0,70,255.0,255.0,255.0
1472,73.60000000000001,41.3957036896034,0.5642174844766551,-36.990199150786964,-0.2642985722659434,1.9607000269678938,-0.7258464005296758,0.17388002436383596,2.32328037230873,-0.418219214448997,0,70,255.0,255.0,255.0
1473,73.65,41.38273147938954,0.6651395717456042,-37.02701494568229,-0.25408246890910835,2.075843172893784,-0.7467994122988841,0.23476410990958776,2.2824454647271493,-0.4199012563193895,0,70,255.0,255.0,255.0
1474,73.7,41.37034617945045,0.7717677726763703,-37.064880493718405,-0.24082216127498593,2.1889445734405957,-0.7678365261616122,0.29564819545533955,2.241610557145568,-0.42158329818978196,0,70,255.0,255.0,255.0
1475,73.75,41.3587,0.884,-37.1038,-0.2245176493635761,2.3000042286083286,-0.78895774211786,0.35653228100109224,2.200775649564001,-0.423265340060178,0,70,255.0,255.0,255.0
1476,73.8,41.34794288511154,1.001739378622757,-37.14377483696172,-0.20530490160490886,2.409334868910063,-0.809993099965822,0.41197762934564114,2.172449962505624,-0.4181489738583511,0,70,255.0,255.0,255.0
1477,73.85000000000001,41.33821571429646,1.124909882151813,-37.18479504635809,-0.18331988642900768,2.5172492248589093,-0.8307726395036985,0.4674229776902058,2.1441242754472394,-0.4130326076565227,0,70,255.0,255.0,255.0
1478,73.9,41.3296571009256,1.2534406963694524,-37.22684783727359,-0.15856260383588505,2.6237472964548054,-0.8512963607314779,0.5228683260347547,2.1157985883888624,-0.40791624145469585,0,70,255.0,255.0,255.0
1479,73.95,41.32240565836983,1.3872610070580635,-37.26992041879273,-0.13103305382553518,2.7288290836977835,-0.8715642636491657,0.5783136743793036,2.087472901330486,-0.4027998752528689,0,70,255.0,255.0,255.0
1480,74.0,41.3166,1.5263,-37.314,-0.10073123639795799,2.8324945865878424,-0.8915763482567625,0.6337590227238528,2.059147214272091,-0.39768350905103844,0,70,255.0,255.0,255.0
1481,74.05,41.31237865967562,1.6704844873704803,-37.35907494822537,-0.06766192223486904,2.9346013886968185,-0.9114021092827357,0.68901354379978,2.025124870087198,-0.3953469319879358,0,70,255.0,255.0,255.0
1482,74.10000000000001,41.30987985321074,1.8197317869162208,-37.40513826378073,-0.031829882017973335,3.0350070735965793,-0.9311110414555593,0.7442680648757228,1.9911025259022956,-0.39301035492483255,0,70,255.0,255.0,255.0
1483,74.15,41.30924171690806,1.9739568427766752,-37.45218410522339,0.006764884252708801,3.1337116412870656,-0.9507031447752223,0.79952258595165,1.9570801817174026,-0.3906737778617299,0,70,255.0,255.0,255.0
1484,74.2,41.31060238707025,2.1330745990914224,-37.5002066311107,0.04812237657718714,3.230715091768308,-0.9701784192417301,0.8547771070275773,1.9230578375325096,-0.3883372007986273,0,70,255.0,255.0,255.0
1485,74.25,41.3141,2.297,-37.5492,0.09224259495546167,3.326017425040306,-0.9895368648550829,0.9100316281035044,1.8890354933476026,-0.38600062373551935,0,70,255.0,255.0,255.0
1486,74.3,41.319874476185966,2.465649871895273,-37.599158170136775,0.13923259054442305,3.4197315763026297,-1.0087664629032165,0.9695681954550583,1.8595305571455707,-0.3831832981898715,0,70,255.0,255.0,255.0
1487,74.35000000000001,41.328072872860574,2.6389485701834583,-37.650074298519044,0.1891994145009766,3.511970480754878,-1.0278551946740733,1.0291047628066292,1.8300256209435304,-0.38036597264422295,0,70,255.0,255.0,255.0
1488,74.4,41.3388440314422,2.816822332523954,-37.7019413418329,0.24214306682509393,3.602734138396999,-1.046803060167642,1.0886413301581834,1.8005206847414983,-0.3775486470985751,0,70,255.0,255.0,255.0
1489,74.45,41.35233679334921,2.9991973965763026,-37.75475225676451,0.29806354751678876,3.692022549229018,-1.0656100593839286,1.1481778975097374,1.7710157485394664,-0.3747313215529273,0,70,255.0,255.0,255.0
1490,74.5,41.3687,3.186,-37.8085,0.35696085657606114,3.779835713250935,-1.084276192322933,1.20771446486129,1.7415108123374097,-0.3719139960072777,0,70,255.0,255.0,255.0
1491,74.55,41.38807863558051,3.3771544250483716,-37.863177171227505,0.41860356005707705,3.8660563060926276,-1.1027800391044342,1.2579936743794868,1.7073129013304826,-0.3682398752528114,0,70,255.0,255.0,255.0
1492,74.60000000000001,41.41060225534698,3.5725771323501245,-37.91877494214316,0.48276022401402124,3.9505670033839975,-1.1211001798482172,1.3082728838976976,1.673114990323546,-0.36456575449834405,0,70,255.0,255.0,255.0
1493,74.65,41.43639655732318,3.772182627127631,-37.975284127445036,0.5494308484468573,4.033367805124997,-1.1392366145542718,1.3585520934158943,1.638917079316619,-0.3608916337438777,0,70,255.0,255.0,255.0
1494,74.7,41.46558723953292,3.975885414603429,-38.03269554183128,0.6186154333556029,4.11445871131565,-1.1571893432226028,1.4088313029340909,1.6047191683096922,-0.35721751298941146,0,70,255.0,255.0,255.0
1495,74.75,41.4983,4.1836,-38.091,0.6903139787402582,4.193839721955957,-1.1749583658532106,1.4591105124522885,1.570521257302758,-0.35354339223493625,0,70,255.0,255.0,255.0
1496,74.8,41.534670981491985,4.395245227911176,-38.15018914495319,0.7651531692272519,4.271771199326834,-1.1925933806790454,1.534457107027624,1.5467378375324996,-0.35185720079850363,0,70,255.0,255.0,255.0
1497,74.85000000000001,41.57487810575155,4.610757300416246,-38.21025793290839,0.8437596894430348,4.34851350570922,-1.210144085933064,1.609803701602981,1.5229544177622347,-0.3501710093620706,0,70,255.0,255.0,255.0
1498,74.9,41.6191097392651,4.830076758965659,-38.27120214838697,0.9261335393875626,4.42406664110307,-1.2276104816152555,1.6851502961783165,1.4991709979919763,-0.34848481792563796,0,70,255.0,255.0,255.0
1499,74.95,41.66755424851911,5.0531441450100525,-38.333017575910375,1.0122747190608568,4.498430605508409,-1.2449925677256255,1.7604968907536518,1.475387578221718,-0.3467986264892054,0,70,255.0,255.0,255.0
1500,75.0,41.7204,5.2799,-38.3957,1.1021832284629178,4.571605398925234,-1.262290344264174,1.8358434853289918,1.4516041584514454,-0.34511243505276745,0,70,255.0,255.0,255.0
1501,75.05,41.77783423845154,5.510265463306849,-38.45924384895973,1.1957917630338772,4.6424268966000035,-1.2794224381793209,1.9084978975095954,1.381255748539469,-0.3401713215531458,0,70,255.0,255.0,255.0
1502,75.10000000000001,41.84003972164688,5.744084065985114,-38.52363812622336,1.2930330182138947,4.709730973779192,-1.2963074764194913,1.98115230969022,1.3109073386274723,-0.33523020805352266,0,70,255.0,255.0,255.0
1503,75.15,41.907198085616436,5.981179937009881,-38.5888704790071,1.393906994002915,4.773517630462762,-1.312945458984676,2.053806721870824,1.240558928715496,-0.330289094553901,0,70,255.0,255.0,255.0
1504,75.2,41.97949096639065,6.221377205356436,-38.65492855452723,1.4984136904009653,4.833786866650734,-1.3293363858748797,2.1264611340514272,1.1702105188035192,-0.3253479810542793,0,70,255.0,255.0,255.0
1505,75.25,42.0571,6.4645,-38.7218,1.6065531074080457,4.8905386823431085,-1.345480257090102,2.199115546232031,1.09986210889155,-0.3204068675546541,0,70,255.0,255.0,255.0
1506,75.3,42.140179264701814,6.710361718861347,-38.78947065920788,1.7166717786371954,4.943129214273137,-1.361268866603702,2.205631302934208,1.0037591683097002,-0.3111375129893782,0,70,255.0,255.0,255.0
1507,75.35000000000001,42.22877260766099,6.958732835643539,-38.85791916219824,1.8271162377014856,4.9909145991740855,-1.3765940083890424,2.2121470596363864,0.9076562277278235,-0.30186815842409964,0,70,255.0,255.0,255.0
1508,75.4,42.32289631826923,7.209373092994979,-38.927122335584656,1.9378864846008528,5.033894837045928,-1.3914556824461146,2.218662816338563,0.8115532871459739,-0.2925988038588237,0,70,255.0,255.0,255.0
1509,75.45,42.42256668591831,7.462042233564285,-38.997057005980714,2.048982519335329,5.072069927888679,-1.4058538887749232,2.22517857304074,0.7154503465641243,-0.28332944929354775,0,70,255.0,255.0,255.0
1510,75.5,42.5278,7.7165,-39.0677,2.1604043419049144,5.105439871702337,-1.4197886273754676,2.2316943297429255,0.619347405982289,-0.274060094728263,0,70,255.0,255.0,255.0
1511,75.55,42.63861830274117,7.9725084612476795,-39.13902871420875,2.272497122417321,5.134144246307435,-1.433294095405898,2.252016890753597,0.5288275782217122,-0.2661586264889796,0,70,255.0,255.0,255.0
1512,75.60000000000001,42.75506664770926,8.229838991440987,-39.211022824983736,2.3856060309802936,5.158322629524511,-1.4464044900243678,2.2723394517642745,0.4383077504611096,-0.258257158249694,0,70,255.0,255.0,255.0
1513,75.65,42.87719584130673,8.488265291010373,-39.28366257865433,2.4997310675937676,5.177975021353551,-1.4591198112308696,2.292662012774946,0.3477879227005328,-0.25035569001041064,0,70,255.0,255.0,255.0
1514,75.7,43.005056689936126,8.747561060386513,-39.35692822154996,2.6148722322577753,5.193101421794562,-1.4714400590254073,2.312984573785618,0.257268094939956,-0.24245422177112727,0,70,255.0,255.0,255.0
1515,75.75,43.1387,9.0075,-39.4308,2.7310295249723167,5.203701830847545,-1.483365233407981,2.333307134796293,0.1667482671794076,-0.2345527535318368,0,70,255.0,255.0,255.0
1516,75.8,43.27817632433346,9.267855636147846,-39.50525768395711,2.8481877316935034,5.209765800497118,-1.494866751772639,2.353021134051437,0.07581051880353674,-0.2255079810545103,0,70,255.0,255.0,255.0
1517,75.85000000000001,43.423535201502084,9.528400798592777,-39.58027913786688,2.966331638377481,5.2112828827278985,-1.5059160315134337,2.3727351333065876,-0.015127229572359957,-0.21646320857718127,0,70,255.0,255.0,255.0
1518,75.9,43.57482591650394,9.788908142963702,-39.655841749798064,3.0854612450241823,5.208253077539884,-1.5165130726303593,2.392449132561732,-0.10606497794823083,-0.20741843609985477,0,70,255.0,255.0,255.0
1519,75.95,43.732097754337204,10.049150324889757,-39.7319229078195,3.2055765516336403,5.200676384933075,-1.526657875123418,2.4121631318168766,-0.19700272632410165,-0.19837366362252828,0,70,255.0,255.0,255.0
1520,76.0,43.8954,10.3089,-39.8085,3.3266775582058554,5.188552804907475,-1.5363504389926108,2.4318771310720173,-0.287940474699937,-0.1893288911452018,0,70,255.0,255.0,255.0
1521,76.05,44.064781199924944,10.567928994160843,-39.88555094996279,3.4487199508086666,5.171832551704082,-1.5456228975035764,2.449818573040697,-0.3808696534358408,-0.18156944929344165,0,70,255.0,255.0,255.0
1522,76.10000000000001,44.24028694628254,10.826005814188171,-39.96305582354882,3.5716594155099464,5.1504658395638865,-1.5545073839219563,2.467760015009382,-0.473798832171771,-0.1738100074416793,0,70,255.0,255.0,255.0
1523,76.15,44.42196209267761,11.082898137134997,-40.040995222153455,3.6954959523096256,5.124452668486902,-1.5630038982477459,2.4857014569780618,-0.5667280109076749,-0.16605056558991915,0,70,255.0,255.0,255.0
1524,76.2,44.60985149271512,11.338373640054554,-40.11934974717206,3.820229561207738,5.093793038473122,-1.5711124404809473,2.503642898946741,-0.6596571896435787,-0.158291123738159,0,70,255.0,255.0,255.0
1525,76.25,44.804,11.5922,-40.1981,3.945860242204285,5.058486949522549,-1.5788330106215611,2.521584340915421,-0.7525863683794896,-0.1505316818863971,0,70,255.0,255.0,255.0
1526,76.3,45.004452475966715,11.844147587208688,-40.27722571619171,4.072388465071801,5.018695992686563,-1.5861136582129995,2.539544573785501,-0.8390519050600397,-0.14069422177115617,0,70,255.0,255.0,255.0
1527,76.35000000000001,45.21125381336794,12.0939975446548,-40.35670316793788,4.199814699582857,4.974581759016536,-1.5929024327986778,2.557504806655586,-0.9255174417406143,-0.13085676165591248,0,70,255.0,255.0,255.0
1528,76.4,45.42444891278576,12.341533708496485,-40.43650776158816,4.328138945737381,4.926144248512495,-1.5991993343785922,2.575465039525666,-1.0119829784211645,-0.12101930154067156,0,70,255.0,255.0,255.0
1529,76.45,45.64408267480238,12.58653991489212,-40.516614903492304,4.4573612035354095,4.873383461174425,-1.6050043629527442,2.593425272395746,-1.0984485151017145,-0.11118184142543067,0,70,255.0,255.0,255.0
1530,76.5,45.8702,12.8288,-40.597,4.5874814729769415,4.816299397002329,-1.6103175185211347,2.6113855052658437,-1.1849140517823002,-0.10134438131019152,0,70,255.0,255.0,255.0
1531,76.55,46.10284809620814,13.068089457004316,-40.67763978527032,4.718638188904006,4.754391477549672,-1.615218469644455,2.6348831318170385,-1.291402726324088,-0.09469366362263439,0,70,255.0,255.0,255.0
1532,76.60000000000001,46.3420834002459,13.304150407192889,-40.758516304699725,4.850969786158668,4.687159124369908,-1.6197868848833987,2.65838075836824,-1.3978914008659058,-0.08804294593507536,0,70,255.0,255.0,255.0
1533,76.65,46.58796465617951,13.53671662887923,-40.83961293149394,4.984476264740853,4.614602337463071,-1.6240227642379634,2.6818783849194343,-1.5043800754076933,-0.08139222824751821,0,70,255.0,255.0,255.0
1534,76.7,46.84055060807542,13.765521900377053,-40.920913038858764,5.1191576246505965,4.536721116829147,-1.6279261077081502,2.705376011470629,-1.610868749949481,-0.07474151055996107,0,70,255.0,255.0,255.0
1535,76.75,47.0999,13.9903,-41.0024,5.2550138658879,4.453515462468133,-1.6314969152939591,2.7288736380218097,-1.7173574244912828,-0.06809079287240394,0,70,255.0,255.0,255.0
1536,76.80000000000001,47.366025539200706,14.210788984774029,-41.084055942727,5.389282779312145,4.365242097114741,-1.6346604632092194,2.641882898946798,-1.8135771896435633,-0.05845112373798068,0,70,255.0,255.0,255.0
1537,76.85000000000001,47.6387557856487,14.426744026573886,-41.165858013263325,5.519202155782604,4.272157743503762,-1.637342027667758,2.554892159871812,-1.9097969547958167,-0.04881145460356015,0,70,255.0,255.0,255.0
1538,76.9,47.91787326249637,14.637924575986753,-41.247782112436155,5.644771995299313,4.17426240163517,-1.6395416086695753,2.4679014207968253,-2.00601671994807,-0.03917178546913963,0,70,255.0,255.0,255.0
1539,76.95,48.203160492896025,14.844090083599752,-41.329804141072664,5.7659922978622715,4.071556071508967,-1.6412592062146716,2.3809106817218386,-2.102236485100323,-0.02953211633471911,0,70,255.0,255.0,255.0
1540,77.0,48.4944,15.045,-41.4119,5.882863063471483,3.9640387531251497,-1.6424948203030472,2.2939199426468235,-2.198456250252601,-0.019892447200293262,0,70,255.0,255.0,255.0
1541,77.05000000000001,48.79137374698935,15.240434603899798,-41.494045243821766,5.995350693847571,3.852960133991265,-1.6432276775186911,2.2055852723956746,-2.2446885151017666,-0.009421841425459938,0,70,255.0,255.0,255.0
1542,77.10000000000001,49.0938614571596,15.430257486511787,-41.576214042247074,6.10342159071107,3.7395699016149546,-1.6434370044455935,2.1172506021445505,-2.2909207799509193,0.0010487643493704117,0,70,255.0,255.0,255.0
1543,77.15,49.40164229383521,15.6143530671739,-41.6583802187615,6.207075754062013,3.623868055996186,-1.6431228010837542,2.0289159318934264,-2.3371530448000715,0.011519370124200762,0,70,255.0,255.0,255.0
1544,77.2,49.714495420340555,15.792605765224009,-41.74051759685062,6.306313183900402,3.505854597134961,-1.6422850674331735,1.9405812616423028,-2.383385309649224,0.02198997589903111,0,70,255.0,255.0,255.0
1545,77.25,50.0322,15.9649,-41.8226,6.401133880226232,3.3855295250312776,-1.6409238034938511,1.8522465913911574,-2.4296175744983906,0.03246058167386856,0,70,255.0,255.0,255.0
1546,77.30000000000001,50.35453547284233,16.13111419962704,-41.90460068198605,6.491554445297793,3.2625333669200516,-1.639004826716003,1.7645760114704772,-2.490228749949526,0.04429848944003843,0,70,255.0,255.0,255.0
1547,77.35000000000001,50.68128238571324,16.29110282737916,-41.98649061774848,6.577591481373296,3.1365066500363046,-1.636493954549847,1.6769054315498217,-2.5508399254006444,0.05613639720620493,0,70,255.0,255.0,255.0
1548,77.4,51.01222156216301,16.444714355317778,-42.068240212517885,6.659244988452766,3.007449374380002,-1.633391186995383,1.5892348516291661,-2.611451100851763,0.06797430497237145,0,70,255.0,255.0,255.0
1549,77.45,51.34713382574188,16.591797255504265,-42.14981987152487,6.736514966536204,2.875361539951143,-1.6296965240526105,1.5015642717085107,-2.6720622763028814,0.07981221273853795,0,70,255.0,255.0,255.0
1550,77.5,51.6858,16.7322,-42.2312,6.809401415623608,2.740243146749729,-1.6254099657215293,1.413893691787834,-2.7326734517539997,0.09165012050469912,0,70,255.0,255.0,255.0
1551,77.55000000000001,52.0280003616418,16.86577339759226,-42.31235202823415,6.877871524961365,2.6022343983283407,-1.6205930156172794,1.3249106817218173,-2.7876764851002767,0.10102788366524748,0,70,255.0,255.0,255.0
1552,77.60000000000001,52.3735129999878,16.992377603971736,-42.39325148675911,6.941892483795802,2.461475498239678,-1.6153071773550038,1.235927671655826,-2.8426795184465377,0.1104056468257932,0,70,255.0,255.0,255.0
1553,77.65,52.72211545751295,17.111875111555097,-42.473874931167,7.00146429212694,2.317966446483703,-1.6095524509347008,1.1469446615898347,-2.897682551792799,0.11978340998633889,0,70,255.0,255.0,255.0
1554,77.7,53.07358527669207,17.224128412758972,-42.55419891704993,7.056586949954779,2.171707243060415,-1.6033288363563707,1.0579616515238435,-2.95268558513906,0.1291611731468846,0,70,255.0,255.0,255.0
1555,77.75,53.4277,17.329,-42.6342,7.1072604572793185,2.0226978879698136,-1.5966363336200131,0.9689786414578379,-3.0076886184853215,0.1385389363074374,0,70,255.0,255.0,255.0
1556,77.80000000000001,53.78423828059095,17.426351410004084,-42.713853605077475,7.153551454856834,1.8708810397664146,-1.5894071108148484,0.882661261642352,-3.0649853096492543,0.15062997589908125,0,70,255.0,255.0,255.0
1557,77.85000000000001,54.142983214335906,17.51604035673402,-42.79313063521517,7.195526583443562,1.7161993570048628,-1.5815733360301039,0.7963438818268906,-3.122282000813171,0.16272101549072168,0,70,255.0,255.0,255.0
1558,77.9,54.50371900778541,17.59792359846193,-42.87200086281415,7.233185843039518,1.5586528396851151,-1.5731350092657772,0.7100265020114294,-3.179578691977088,0.1748120550823621,0,70,255.0,255.0,255.0
1559,77.95,54.86622986748996,17.67185789345989,-42.95043406027541,7.266529233644702,1.398241487807172,-1.5640921305218687,0.6237091221959681,-3.236875383141004,0.1869030946740025,0,70,255.0,255.0,255.0
1560,78.0,55.2303,17.7377,-43.0284,7.295556755259111,1.2349653013710336,-1.5544446997983778,0.5373917423804571,-3.294172074304921,0.19899413426564472,0,70,255.0,255.0,255.0
1561,78.05000000000001,55.5957113159949,17.795305762391518,-43.10586955145607,7.320130655611339,1.0687694426057994,-1.5442585411232734,0.44556427170847474,-3.353662276302941,0.20845221273844142,0,70,255.0,255.0,255.0
1562,78.10000000000001,55.96223654266897,17.844527369092262,-43.18281797238028,7.340113182429963,0.8995990737407117,-1.533599478524532,0.3537368010365185,-3.413152478300944,0.2179102912112354,0,70,255.0,255.0,255.0
1563,78.15,56.32964611134563,17.885216094597254,-43.259221617576465,7.355504335714989,0.7274541947757242,-1.5224675120021511,0.2619093303645622,-3.4726426802989474,0.2273683696840294,0,70,255.0,255.0,255.0
1564,78.2,56.6977104533482,17.917223213401495,-43.33505684184843,7.366304115466418,0.5523348057108367,-1.5108626415561304,0.17008185969260597,-3.5321328822969504,0.2368264481568234,0,70,255.0,255.0,255.0
1565,78.25,57.0662,17.9404,-43.4103,7.37251252168425,0.3742409065460492,-1.49878486718647,0.07825438902062842,-3.5916230842949544,0.24628452662962452,0,70,255.0,255.0,255.0
1566,78.30000000000001,57.43487885542994,17.95464314042992,-43.48492978909834,7.3737499226978604,0.19589718981015888,-1.486374724692053,-0.028758348476243784,-3.5421255851390363,0.2501211731469494,0,70,255.0,255.0,255.0
1567,78.35000000000001,57.80348581498861,17.96003096689698,-43.55893427526379,7.3696366868366265,0.02002834803211463,-1.473772749871773,-0.13577108597308557,-3.492628085983133,0.2539578196642732,0,70,255.0,255.0,255.0
1568,78.4,58.171753346832325,17.956687223149093,-43.63230386688007,7.360172814100552,-0.1533656187881345,-1.460978942725627,-0.24278382346992738,-3.443130586827229,0.257794466181597,0,70,255.0,255.0,255.0
1569,78.45,58.539413919117365,17.944735652934135,-43.70502897233091,7.345358304489636,-0.32428471065058867,-1.447993303253615,-0.34979656096676914,-3.393633087671325,0.26163111269892086,0,70,255.0,255.0,255.0
1570,78.5,58.9062,17.9243,-43.7771,7.325193158003877,-0.4927289275552478,-1.4348158314557362,-0.45680929846362517,-3.344135588515421,0.26546775921625354,0,70,255.0,255.0,255.0
1571,78.55000000000001,59.271851662285805,17.89550567588882,-43.84850649215067,7.300133653597181,-0.6585982018466943,-1.421394560108478,-0.5455708778040079,-3.2906353831409305,0.27138309467394556,0,70,255.0,255.0,255.0
1572,78.60000000000001,59.63613939737699,17.858484763319805,-43.919234526564644,7.270636070223473,-0.8217924658693697,-1.4076775219883395,-0.6343324571443655,-3.237135177766455,0.2772984301316359,0,70,255.0,255.0,255.0
1573,78.65,59.99884130132533,17.813371012806368,-43.98926931490328,7.236700407882748,-0.9823117196233213,-1.393664717095316,-0.7230940364847229,-3.18363497239198,0.2832137655893262,0,70,255.0,255.0,255.0
1574,78.7,60.35973547018244,17.76029817486196,-44.05859606882795,7.198326666575005,-1.1401559631085496,-1.3793561454294085,-0.8118556158250805,-3.1301347670175046,0.28912910104701656,0,70,255.0,255.0,255.0
1575,78.75,60.7186,17.6994,-44.1272,7.155514846300244,-1.295325196325054,-1.3647518069906164,-0.9006171951654522,-3.076634561643022,0.2950444365047087,0,70,255.0,255.0,255.0
1576,78.80000000000001,61.07521129542732,17.630809356014737,-44.19506584229906,7.108163462913411,-1.4478723824235882,-1.3498230348740716,-0.9934381403074338,-3.0252528822969547,0.30210644815694804,0,70,255.0,255.0,255.0
1577,78.85000000000001,61.429338995503784,17.554655579823756,-44.262176418477715,7.056171032269494,-1.5978504845547759,-1.334541162174919,-1.086259085449389,-2.9738712029509022,0.3091684598091854,0,70,255.0,255.0,255.0
1578,78.9,61.780751047866616,17.47106712562539,-44.32851407350683,6.999537554368478,-1.7452595027186615,-1.3189061888931548,-1.1790800305913443,-2.9224895236048494,0.3162304714614227,0,70,255.0,255.0,255.0
1579,78.95,62.12921540015297,17.38017244761802,-44.3940611523573,6.938263029210367,-1.8900994369152444,-1.3029181150287785,-1.2719009757332993,-2.871107844258797,0.32329248311366005,0,70,255.0,255.0,255.0
1580,79.0,62.4745,17.2821,-44.4588,6.872347456795155,-2.032370287144525,-1.2865769405817904,-1.36472192087529,-2.8197261649127405,0.33035449476590273,0,70,255.0,255.0,255.0
1581,79.05000000000001,62.816373556005374,17.176978500052122,-44.52271413865317,6.801836494749087,-2.172056268459159,-1.2699533003951669,-1.4557165609668112,-2.7677130876713423,0.3345911126988933,0,70,255.0,255.0,255.0
1582,79.10000000000001,63.15460782060823,17.064937717385103,-44.585791799524586,6.726775800698462,-2.3091415959116834,-1.253117829311898,-1.5467112010583064,-2.7157000104299587,0.3388277306318827,0,70,255.0,255.0,255.0
1583,79.15,63.488975307208435,16.946107684692006,-44.64802239106941,6.647165374643265,-2.443626269502139,-1.2360705273319803,-1.6377058411498018,-2.6636869331885755,0.34306434856487206,0,70,255.0,255.0,255.0
1584,79.2,63.81924852920577,16.82061843466594,-44.709395321742825,6.563005216583491,-2.575510289230526,-1.218811394455413,-1.728700481241297,-2.611673855947192,0.34730096649786146,0,70,255.0,255.0,255.0
1585,79.25,64.1452,16.6886,-44.7699,6.474295326519145,-2.7047936550968434,-1.2013404306821962,-1.819695121332792,-2.559660778705794,0.3515375844308508,0,70,255.0,255.0,255.0
1586,79.30000000000001,64.46659848055167,16.550182243776618,-44.82952400308833,6.380810558090177,-2.831486543739954,-1.183547763545248,-1.9196956158250387,-2.5080547670174713,0.3601691010469194,0,70,255.0,255.0,255.0
1587,79.35000000000001,64.78319772206366,16.40549435063572,-44.88824758342402,6.282325764936626,-2.9555991317986123,-1.1653235205775012,-2.019696110317257,-2.456448755329163,0.36880061766298555,0,70,255.0,255.0,255.0
1588,79.4,65.09474772329988,16.254665335606514,-44.94604916221556,6.178840947058464,-3.077131419272856,-1.1466677017789513,-2.119696604809475,-2.404842743640855,0.37743213427905176,0,70,255.0,255.0,255.0
1589,79.45,65.40099848302408,16.097824213718198,-45.0029071606714,6.070356104455691,-3.1960834061626846,-1.1275803071495984,-2.219697099301693,-2.353236731952547,0.3860636508951179,0,70,255.0,255.0,255.0
1590,79.5,65.7017,15.9351,-45.0588,5.956871237128308,-3.3124550924680976,-1.1080613366894418,-2.3196975937939044,-2.3016307202642388,0.39469516751118405,0,70,255.0,255.0,255.0
1591,79.55000000000001,65.99663492178843,15.76663812484123,-45.113709848993594,5.840345272890096,-3.4252615565811997,-1.0883356454238153,-2.3413409757334867,-2.210627844258819,0.39433248311370184,0,70,255.0,255.0,255.0
1592,79.60000000000001,66.28571649113745,15.592649680071858,-45.16763386677938,5.72273713955494,-3.533517876894,-1.068628088378068,-2.362984357673063,-2.1196249682534254,0.39396979871621973,0,70,255.0,255.0,255.0
1593,79.65,66.56889059959228,15.413362172881852,-45.220572960068395,5.604046837122803,-3.63722405340653,-1.0489386655521955,-2.384627739612639,-2.0286220922480314,0.3936071143187376,0,70,255.0,255.0,255.0
1594,79.7,66.84610313869808,15.22900311046123,-45.2725280355716,5.484274365593689,-3.7363800861187912,-1.0292673769461966,-2.4062711215522157,-1.9376192162426376,0.3932444299212555,0,70,255.0,255.0,255.0
1595,79.75,67.1173,15.0398,-45.3235,5.363419724967597,-3.8309859750307833,-1.0096142225600722,-2.4279145034917704,-1.8466163402372473,0.39288174552376987,0,70,255.0,255.0,255.0
1596,79.80000000000001,67.38243783229501,14.84597965685824,-45.373490200937376,5.242128350349242,-3.921083229935413,-0.9900056547595244,-2.423740481241305,-1.7572738559471128,0.3914609664979612,0,70,255.0,255.0,255.0
1597,79.85000000000001,67.64151631338684,14.647766129076668,-45.42250174945848,5.121045676843446,-4.00671336062551,-0.9704681259102726,-2.419566458990841,-1.667931371657004,0.39004018747215286,0,70,255.0,255.0,255.0
1598,79.9,67.8945458783312,14.445382772865955,-45.47053819751092,5.000171704450171,-4.087876367101103,-0.9510016360123114,-2.415392436740377,-1.578588887366895,0.38861940844634457,0,70,255.0,255.0,255.0
1599,79.95,68.14153696218371,14.239052944436823,-45.51760309704224,4.879506433169421,-4.164572249362192,-0.9316061850656404,-2.411218414489913,-1.489246403076786,0.3871986294205363,0,70,255.0,255.0,255.0
1600,80.0,68.3825,14.029,-45.5637,4.759049863001193,-4.236801007408774,-0.9122817730702599,-2.4070443922394844,-1.399903918786677,0.385777850394728,0,70,255.0,255.0,255.0
1601,80.05000000000001,68.61744174903187,13.815447247725542,-45.60883254725698,4.63858132571264,-4.30456552367727,-0.893033735538011,-2.411697099301521,-1.310676731952537,0.38414365089505403,0,70,255.0,255.0,255.0
1602,80.10000000000001,68.84635425531542,13.598617803621266,-45.65300473538672,4.517880153071021,-4.36786868060404,-0.8738674079807512,-2.4163498063635567,-1.2214495451184224,0.38250945139538045,0,70,255.0,255.0,255.0
1603,80.15,69.06922588708306,13.378734735654193,-45.69622064988798,4.396946345076299,-4.426710478189105,-0.8547827903984752,-2.421002513425592,-1.1322223582843078,0.3808752518957069,0,70,255.0,255.0,255.0
1604,80.2,69.28604501256713,13.156021111791409,-45.738484376259485,4.275779901728475,-4.481090916432464,-0.8357798827911828,-2.4256552204876276,-1.042995171450193,0.3792410523960334,0,70,255.0,255.0,255.0
1605,80.25,69.4968,12.9307,-45.7798,4.154380823027549,-4.531009995334118,-0.8168586851588739,-2.430307927549684,-0.9537679846160501,0.37760685289635987,0,70,255.0,255.0,255.0
1606,80.30000000000001,69.70148157157782,12.702994552239295,-45.82017161003474,4.032890346799983,-4.576462675355596,-0.79801940308843,-2.429311121551872,-0.8643392162426262,0.3759644299212258,0,70,255.0,255.0,255.0
1607,80.35000000000001,69.90008986535169,12.473128256438047,-45.859603308994664,3.9114497108723407,-4.61744391695839,-0.7792622421667482,-2.4283143155540596,-0.7749104478692278,0.37432200694609225,0,70,255.0,255.0,255.0
1608,80.4,70.09262737333668,12.241324684517124,-45.898099202937225,3.7900589152445905,-4.653953720142514,-0.7605872023938229,-2.427317509556248,-0.6854816794958294,0.37267958397095863,0,70,255.0,255.0,255.0
1609,80.45,70.2790965875478,12.007807408397467,-45.93566339791985,3.6687179599167297,-4.685992084907969,-0.7419942837696545,-2.4263207035584355,-0.596052911122431,0.37103716099582507,0,70,255.0,255.0,255.0
1610,80.5,70.4595,11.7728,-45.9723,3.547426844888761,-4.713559011254753,-0.7234834862942426,-2.425323897560599,-0.5066241427490112,0.3693947380206888,0,70,255.0,255.0,255.0
1611,80.55000000000001,70.63383756465716,11.53652574331697,-46.00801301260411,3.4260332870874612,-4.736671774900403,-0.7050486521082068,-2.430418414490285,-0.4178864030767795,0.36799862942058026,0,70,255.0,255.0,255.0
1612,80.60000000000001,70.80209908327802,11.299206770626313,-46.04280602863466,3.304385003439712,-4.755347651562435,-0.6866836233521814,-2.43551293141997,-0.32914866340457305,0.3666025208204722,0,70,255.0,255.0,255.0
1613,80.65,70.96427181957031,11.061064926277147,-46.07668253836316,3.182481993945478,-4.769586641240858,-0.6683884000261615,-2.440607448349655,-0.2404109237323665,0.36520641222036404,0,70,255.0,255.0,255.0
1614,80.7,71.12034303724177,10.822322054618647,-46.10964603206111,3.06032425860476,-4.779388743935671,-0.6501629821301471,-2.44570196527934,-0.15167318406016,0.36381030362025596,0,70,255.0,255.0,255.0
1615,80.75,71.2703,10.5832,-46.1417,2.9379117974175584,-4.7847539596468724,-0.6320073696641381,-2.4507964822090074,-0.0629354443879322,0.3624141950201496,0,70,255.0,255.0,255.0
1616,80.80000000000001,71.41413376979388,10.343922474492508,-46.172848339548864,2.8154725048501037,-4.785570225042824,-0.6139459884787317,-2.4467752204880675,0.030284828549856854,0.36004105239594253,0,70,255.0,255.0,255.0
1617,80.85000000000001,71.55185060153646,10.104720661056458,-46.203096576466734,2.693234275368731,-4.781725476791888,-0.5960032644245407,-2.4427539587671285,0.1235051014876194,0.3576679097717361,0,70,255.0,255.0,255.0
1618,80.9,71.68346054838217,9.865827610374128,-46.23245064361017,2.5711971089734047,-4.773219714894063,-0.57817919750156,-2.4387326970461896,0.21672537442538192,0.3552947671475297,0,70,255.0,255.0,255.0
1619,80.95,71.80897366348523,9.627476373127859,-46.26091647383574,2.4493610056641257,-4.760052939349351,-0.5604737877097897,-2.4347114353252506,0.3099456473631445,0.3529216245233233,0,70,255.0,255.0,255.0
1620,81.0,71.9284,9.3899,-46.2885,2.327725965440894,-4.742225150157751,-0.5428870350492297,-2.430690173604294,0.40316592030090703,0.35054848189911514,0,70,255.0,255.0,255.0
1621,81.05000000000001,72.04177775616759,9.153313158712676,-46.31520802920047,2.207980693511814,-4.720839324928284,-0.5254713939768492,-2.3591207035578123,0.45226708887756195,0.3460771609959478,0,70,255.0,255.0,255.0
1622,81.10000000000001,72.14925771057624,8.917856985147612,-46.341050865498445,2.0918138950850915,-4.696998441269991,-0.5082793189496319,-2.2875512335113513,0.501368257454203,0.3416058400927818,0,70,255.0,255.0,255.0
1623,81.15,72.25101878690111,8.683654232226186,-46.36603968719618,1.979225570160692,-4.670702499182867,-0.491310809967573,-2.2159817634648897,0.5504694260308439,0.3371345191896158,0,70,255.0,255.0,255.0
1624,81.2,72.34723990881733,8.450827652869831,-46.39018567259595,1.8702157187386153,-4.641951498666909,-0.47456586703067233,-2.1444122934184286,0.599570594607485,0.33266319828644975,0,70,255.0,255.0,255.0
1625,81.25,72.4381,8.2195,-46.4135,1.764784340818861,-4.6107454397221215,-0.4580444901389299,-2.0728428233719693,0.6486717631841117,0.32819187738328015,0,70,255.0,255.0,255.0
1626,81.30000000000001,72.52376960553596,7.98978569065647,-46.43599554364929,1.6624287211025528,-4.577584475244016,-0.4418484356138404,-2.0213819652794243,0.6777668159398256,0.319650303620152,0,70,255.0,255.0,255.0
1627,81.35000000000001,72.60438575615869,7.761765798352855,-46.457691961539524,1.5626461442909008,-4.542968758128134,-0.42607945977691186,-1.9699211071868938,0.7068618686955311,0.31110872985702626,0,70,255.0,255.0,255.0
1628,81.4,72.68007710401345,7.535513060720978,-46.47861060760512,1.4654366103838747,-4.506898288374466,-0.41073756262813954,-1.9184602490943634,0.7359569214512367,0.30256715609390056,0,70,255.0,255.0,255.0
1629,81.45,72.75097230124548,7.311100215392731,-46.49877283578047,1.3708001193814752,-4.469373065983015,-0.3958227441675235,-1.866999391001833,0.7650519742069423,0.2940255823307748,0,70,255.0,255.0,255.0
1630,81.5,72.8172,7.0886,-46.5182,1.278736671283702,-4.430393090953777,-0.38133500439506374,-1.8155385329093026,0.7941470269626549,0.2854840085676491,0,70,255.0,255.0,255.0
1631,81.55000000000001,72.87889102168872,6.868088878661131,-46.5369113962024,1.1893764220778131,-4.389734774095622,-0.3671508635677838,-1.758871435325439,0.8321856473632026,0.28188162452341997,0,70,255.0,255.0,255.0
1632,81.60000000000001,72.93618486478911,6.649658221440733,-46.554918088343484,1.1028495277511423,-4.34717452621745,-0.3531468419427193,-1.7022043377415919,0.8702242677637394,0.2782792404791919,0,70,255.0,255.0,255.0
1633,81.65,72.98922319704515,6.433403124889745,-46.57222908238337,1.0191559883036638,-4.302712347319253,-0.3393229395198662,-1.6455372401577446,0.9082628881642762,0.2746768564349638,0,70,255.0,255.0,255.0
1634,81.7,73.03814768620079,6.219418685559166,-46.588853384282174,0.9382958037353771,-4.256348237401028,-0.32567915629922445,-1.5888701425738971,0.9463015085648131,0.2710744723907357,0,70,255.0,255.0,255.0
1635,81.75,73.0831,6.0078,-46.6048,0.8602689740462832,-4.208082196462777,-0.3122154922807942,-1.5322030449900481,0.9843401289653784,0.26747208834650804,0,70,255.0,255.0,255.0
1636,81.80000000000001,73.12422070770926,5.798639594698704,-46.620079671541134,0.7850095905860616,-4.158068428373444,-0.2990361101149699,-1.4781722934181336,1.0162105946074946,0.2597031982863444,0,70,255.0,255.0,255.0
1637,81.85000000000001,73.16164598468492,5.592019715883987,-46.63471008508655,0.7124517447044565,-4.106461137002019,-0.2862451724521574,-1.4241415418462346,1.0480810602496018,0.25193430822618307,0,70,255.0,255.0,255.0
1638,81.9,73.195510907806,5.388020039719894,-46.6487106628614,0.6425954364014462,-4.053260322348489,-0.273842679292353,-1.3701107902743355,1.0799515258917092,0.24416541816602164,0,70,255.0,255.0,255.0
1639,81.95,73.22595055395138,5.18672024237053,-46.662100827090825,0.5754406656770308,-3.9984659844128547,-0.26182863063555667,-1.3160800387024365,1.1118219915338163,0.23639652810586026,0,70,255.0,255.0,255.0
1640,82.0,73.2531,4.9882,-46.6749,0.5109874325312102,-3.9420781231951136,-0.2502030264817683,-1.2620492871305364,1.1436924571759413,0.2286276380457002,0,70,255.0,255.0,255.0
1641,82.05000000000001,73.27709574747438,4.792540742543766,-46.687126717633085,0.4493212155778775,-3.883991512410528,-0.23891269597235484,-1.2045993910022075,1.179771974206935,0.22298558233073515,0,70,255.0,255.0,255.0
1642,82.10000000000001,73.29807999647123,4.599830915023106,-46.69879597131033,0.39052749343097826,-3.8241009257744105,-0.2279044682486928,-1.147149494873895,1.2158514912379186,0.2173435266157717,0,70,255.0,255.0,255.0
1643,82.15,73.31619637173091,4.410160716230539,-46.709921866171044,0.33460626609049454,-3.7624063632867433,-0.2171783433107789,-1.0896995987455824,1.2519310082689024,0.21170147090080824,0,70,255.0,255.0,255.0
1644,82.2,73.33158849799372,4.223620344958646,-46.720518507354505,0.28155753355642626,-3.6989078249475273,-0.20673432115861318,-1.03224970261727,1.288010525299886,0.2060594151858448,0,70,255.0,255.0,255.0
1645,82.25,73.3444,4.0403,-46.7306,0.23138129582877345,-3.6336053107567623,-0.19657240179219557,-0.9747998064889576,1.3240900423308695,0.20041735947088157,0,70,255.0,255.0,255.0
1646,82.30000000000001,73.35477150239329,3.8602902351259663,-46.740180657926565,0.18389754710219716,-3.566477521984355,-0.18670510599564843,-0.9245501425736624,1.361021508564807,0.19427447239091308,0,70,255.0,255.0,255.0
1647,82.35000000000001,73.36283162943015,3.683683024023395,-46.749275629672134,0.1389262815713986,-3.4975031599002704,-0.17714495455310253,-0.8743004786583815,1.3979529747987343,0.18813158531094634,0,70,255.0,255.0,255.0
1648,82.4,73.36870600527035,3.5105706953578206,-46.75790027245443,0.09646749923636398,-3.4266822245044892,-0.1678919474645549,-0.8240508147431005,1.4348844410326613,0.18198869823097963,0,70,255.0,255.0,255.0
1649,82.45,73.3725202540737,3.3410455777948274,-46.76606994349116,0.05652120009709327,-3.3540147157970126,-0.1589460847300056,-0.7738011508278195,1.4718159072665884,0.1758458111510129,0,70,255.0,255.0,255.0
1650,82.5,73.3744,3.1752,-46.7738,0.01908738415358645,-3.279500633777839,-0.1503073663494546,-0.7235514869125385,1.5087473735005368,0.16970292407104526,0,70,255.0,255.0,255.0
1651,82.55000000000001,73.37448064295246,3.0131207169521277,-46.78110585066071,-0.015247403986788139,-3.203474399651962,-0.14197888004502923,-0.6498400387021328,1.5323019915338552,0.1634365281058933,0,70,255.0,255.0,255.0
1652,82.60000000000001,73.37293668580814,2.8548721888831365,-46.78800311000114,-0.04589661971663342,-3.1262704346244408,-0.13396371353886377,-0.5761285904917481,1.5558566095671669,0.1571701321407431,0,70,255.0,255.0,255.0
1653,82.65,73.36995240718763,2.700513302338062,-46.794507444011224,-0.07286026303595967,-3.0478887386952542,-0.12626186683095583,-0.5024171422813635,1.5794112276004788,0.15090373617559288,0,70,255.0,255.0,255.0
1654,82.7,73.36571208571141,2.5501029438619893,-46.80063451868087,-0.09613833394476688,-2.968329311864402,-0.11887333992130536,-0.42870569407097875,1.6029658456337905,0.1446373402104427,0,70,255.0,255.0,255.0
1655,82.75,73.3604,2.4037,-46.8064,-0.11573083244305511,-2.8875921541318843,-0.11179813280991241,-0.35499424586059447,1.6265204636671093,0.13837094424529184,0,70,255.0,255.0,255.0
1656,82.80000000000001,73.35419632579688,2.2613420970653046,-46.811819139430625,-0.13188393115501076,-2.806952879407691,-0.10501137382413846,-0.2911297026174854,1.5990505252998803,0.13309941518560495,0,70,255.0,255.0,255.0
1657,82.85000000000001,73.3472648273372,2.1229818204439,-46.8169055303233,-0.14484380270480704,-2.7276871016018824,-0.09848819129135071,-0.22726515937439445,1.571580586932659,0.12782788612591955,0,70,255.0,255.0,255.0
1658,82.9,73.3397651659791,1.9885504952898263,-46.821672351500645,-0.15461044709244895,-2.649794820714434,-0.09222858521154721,-0.16340061613130352,1.5441106485654377,0.12255635706623418,0,70,255.0,255.0,255.0
1659,82.95,73.33185700308066,1.8579794467571655,-46.82613278178533,-0.16118386431793646,-2.5732760367453476,-0.08623255558472799,-0.09953607288821259,1.5166407101982164,0.1172848280065488,0,70,255.0,255.0,255.0
1660,83.0,73.3237,1.7312,-46.8303,-0.16456405438126961,-2.4981307496946212,-0.08050010241089299,-0.03567152964512066,1.4891707718309952,0.11201329894686374,0,70,255.0,255.0,255.0
1661,83.05000000000001,73.31542685386005,1.6081612947864616,-46.83418639161678,-0.1663688713930956,-2.423290082717165,-0.07498362465844263,-0.03652115082790323,1.5044559072665804,0.10864581115110071,0,70,255.0,255.0,255.0
1662,83.10000000000001,73.30706240484304,1.4888837293411248,-46.837801168705674,-0.16821616946406023,-2.3476851589679506,-0.06963552129578193,-0.03737077201068556,1.5197410427021614,0.10527832335533864,0,70,255.0,255.0,255.0
1663,83.15,73.298604528896,1.373405516502543,-46.84115274998618,-0.17010594859416397,-2.271315978446957,-0.06445579232290936,-0.03822039319346789,1.5350261781377423,0.10191083555957658,0,70,255.0,255.0,255.0
1664,83.2,73.29005110196597,1.261764869109305,-46.84424955417779,-0.1720382087834068,-2.194182541154185,-0.059444437739824864,-0.03907001437625022,1.550311313573323,0.09854334776381451,0,70,255.0,255.0,255.0
1665,83.25,73.2814,1.154,-46.8471,-0.17401295003178874,-2.116284847089634,-0.05460145754652847,-0.03991963555903233,1.5655964490088934,0.09517585996805267,0,70,255.0,255.0,255.0
1666,83.30000000000001,73.27265625876291,1.0501439237886832,-46.84971289410226,-0.17560058327254424,-2.0379347897235482,-0.04995012754206191,-0.023585694071173453,1.5684058456338028,0.090877340210567,0,70,255.0,255.0,255.0
1667,83.35000000000001,73.26385355329064,0.9502088621914806,-46.852098594854,-0.1763715194389065,-1.9594442625262403,-0.04551372352547094,-0.0072517525833192195,1.5712152422587116,0.08657882045308254,0,70,255.0,255.0,255.0
1668,83.4,73.25503271843694,0.8542018386999244,-46.854267848554606,-0.17632575853087612,-1.8808132654976863,-0.04129224549675416,0.009082188904535021,1.57402463888362,0.08228030069559808,0,70,255.0,255.0,255.0
1669,83.45,73.24623458905548,0.7621298768055768,-46.85623140150348,-0.17546330054845305,-1.8020417986378872,-0.03728569345591159,0.025416130392389255,1.5768340355085289,0.07798178093811363,0,70,255.0,255.0,255.0
1670,83.5,73.2375,0.674,-46.858,-0.17378414549163732,-1.7231298619468427,-0.03349406740294323,0.041750071880244155,1.5796434321334356,0.07368326118062934,0,70,255.0,255.0,255.0
1671,83.55000000000001,73.22886811108827,0.5898222100586663,-46.85958443197416,-0.17138879551683128,-1.6438987583885332,-0.02991986517326871,0.05406392711197486,1.5896007101982212,0.06928482800631909,0,70,255.0,255.0,255.0
1672,83.60000000000001,73.22037138199434,0.5096184218928522,-46.8609956518783,-0.16837775278043954,-1.5641697909270071,-0.026565584602310666,0.06637778234370205,1.5995579882630038,0.06488639483201009,0,70,255.0,255.0,255.0
1673,83.65,73.21204059735626,0.43341352869769517,-46.86224465579537,-0.16475101728246147,-1.483942959562242,-0.02343122569006807,0.07869163757542925,1.6095152663277865,0.060487961657701074,0,70,255.0,255.0,255.0
1674,83.7,73.20390654181212,0.36123242366835717,-46.863342439808285,-0.16050858902289705,-1.4032182642942377,-0.0205167884365409,0.09100549280715645,1.6194725443925693,0.05608952848339206,0,70,255.0,255.0,255.0
1675,83.75,73.196,0.2931,-46.8643,-0.15565046800174637,-1.321995705122994,-0.017822272841729176,0.10331934803888343,1.6294298224573591,0.05169109530908303,0,70,255.0,255.0,255.0
1676,83.80000000000001,73.18835049688394,0.2290360359765396,-46.865127778001096,-0.15025223466017615,-1.2405821767222087,-0.015314411764903271,0.11260998562387606,1.6271113135733144,0.048623347763930375,0,70,255.0,255.0,255.0
1677,83.85000000000001,73.18098251873197,0.16903985023703072,-46.86583399763278,-0.14438946943935793,-1.1592845737656488,-0.01295993806533568,0.12190062320886604,1.6247928046892703,0.045555600218778594,0,70,255.0,255.0,255.0
1678,83.9,73.17391929213801,0.1131056465092446,-46.86642632826391,-0.13806217233929025,-1.0781028962532908,-0.01075885174302567,0.131191260793856,1.622474295805226,0.042487852673626814,0,70,255.0,255.0,255.0
1679,83.95,73.16718404369603,0.06122762852097108,-46.866912439263366,-0.1312703433599731,-0.9970371441851353,-0.008711152797973241,0.140481898378846,1.620155786921182,0.03942010512847503,0,70,255.0,255.0,255.0
1680,84.0,73.1608,0.0134,-46.8673,-0.12401398250140644,-0.9160873175611817,-0.00681684123017839,0.14977253596383555,1.6178372780371424,0.036352357583323266,0,70,255.0,255.0,255.0
1681,84.05000000000001,73.15479470137589,-0.03036715396490906,-46.86759725602146,-0.11603426584250218,-0.8343005347225211,-0.0051104877671394105,0.16941613039226208,1.653634035508537,0.03190178093822037,0,70,255.0,255.0,255.0
1682,84.10000000000001,73.14921294307776,-0.07000022284103424,-46.86781475759059,-0.10707236946217907,-0.7507239140103144,-0.003626663136356018,0.18905972482068306,1.6894307929799215,0.027451204293118727,0,70,255.0,255.0,255.0
1683,84.15,73.1441038340917,-0.1054097147347101,-46.867963631148974,-0.09712829336043495,-0.6653574554245386,-0.0023653673378276944,0.208703319249104,1.7252275504513057,0.023000627648017087,0,70,255.0,255.0,255.0
1684,84.2,73.13951648340375,-0.13650613775225814,-46.86805500313824,-0.08620203753726985,-0.5782011589651936,-0.00132660037155444,0.22834691367752497,1.7610243079226902,0.01855005100291545,0,70,255.0,255.0,255.0
1685,84.25,73.1355,-0.1632,-46.8681,-0.07429360199268374,-0.4892550246322796,-0.0005103622375362552,0.24799050810594636,1.7968210653940724,0.01409947435781381,0,70,255.0,255.0,255.0
1686,84.30000000000001,73.13209229761245,-0.1854578201169599,-46.86810959791304,-0.062074701969845124,-0.40187968438759414,9.236283348987546e-05,0.24076549280748719,1.6981925443925492,0.010009528483225932,0,70,255.0,255.0,255.0
1687,84.35000000000001,73.12928650895692,-0.20347015887293202,-46.86809417200488,-0.05021705271193287,-0.3194357701930088,0.0004905906107864817,0.23354047750903006,1.599564023391054,0.0059195826086392185,0,70,255.0,255.0,255.0
1688,84.4,73.12706457149517,-0.2174835875704269,-46.868063947140186,-0.03872065421894345,-0.24192328204849792,0.0006843210943537636,0.22631546221057292,1.5009355023895585,0.0018296367340525019,0,70,255.0,255.0,255.0
1689,84.45,73.12540842268895,-0.22774467751194832,-46.868029148183666,-0.02758550649087686,-0.16934221995406146,0.0006735542841917214,0.2190904469121158,1.4023069813880633,-0.0022603091405342113,0,70,255.0,255.0,255.0
1690,84.5,73.1243,-0.2345,-46.868,-0.016811609527733116,-0.10169258390969953,0.0004582901803003549,0.21186543161365864,1.3036784603865685,-0.006350255015120929,0,70,255.0,255.0,255.0
1691,84.55000000000001,73.12370250817429,-0.2380895655672795,-46.86798435232637,-0.007522926277930053,-0.044580727726994535,0.00018103643313502595,0.15968189837837934,0.9807957869211117,-0.004739894871489709,0,70,255.0,255.0,255.0
1692,84.60000000000001,73.12350422109452,-0.23922714166725506,-46.8679805543899,-0.0008434196898930791,-0.0036130052175754185,-1.5699306848679265e-05,0.10749836514311487,0.6579131134557465,-0.003129534727858947,0,70,255.0,255.0,255.0
1693,84.65,73.1235746799276,-0.23871993498359148,-46.86798458029026,0.0032269102363808207,0.021210583618576362,-0.0001319170396508509,0.05531483190785039,0.3350304399903814,-0.0015191745842281848,0,70,255.0,255.0,255.0
1694,84.7,73.12378342584046,-0.237375152199952,-46.86799240412708,0.004688063500891643,0.029890038781460793,-0.00016761676527148907,0.003131298672585908,0.012147766525016257,9.118555940257778e-05,0,70,255.0,255.0,255.0
1695,84.75,73.124,-0.236,-46.868,0.0035400401036393926,0.022425360271077954,-0.00012279848371059371,-0.04905223456267858,-0.31073490694034867,0.0017015457030333397,0,70,255.0,255.0,255.0
1696,84.80000000000001,73.1241208696904,-0.2352343176139285,-46.86800419278152,0.001398407081508499,0.008858595295633761,-4.850856605914113e-05,-0.03661308632253769,-0.2319356920772957,0.0012700510030240876,0,70,255.0,255.0,255.0
1697,84.85000000000001,73.12415020666502,-0.2350484744580505,-46.86800521043552,-0.0001212685286148651,-0.0007682089366547167,4.206616591832015e-06,-0.024173938082400332,-0.15313647721426515,0.0008385563030149581,0,70,255.0,255.0,255.0
1698,84.9,73.12411910879442,-0.2352454724952081,-46.86800413169878,-0.0010189867267313968,-0.006455052425791887,3.5347064242349896e-05,-0.011734789842262977,-0.07433726235123458,0.00040706160300582866,0,70,255.0,255.0,255.0
1699,84.95,73.1240586739492,-0.23562831368824377,-46.86800203530802,-0.0012947475128410957,-0.008201935171777752,4.491277689241258e-05,0.0007043583978743814,0.004461952511795986,-2.4433097003300928e-05,0,70,255.0,255.0,255.0
1700,85.0,73.124,-0.236,-46.868,-0.0009485508869439631,-0.0060088571746123205,3.290375454201996e-05,0.01314350663801173,0.0832611673748265,-0.00045592779701243035,0,70,255.0,255.0,255.0
1701,85.05000000000001,73.12396761306405,-0.23620516397700658,-46.867998876547574,-0.00037470204818016546,-0.002373653455539208,1.2997831101538635e-05,0.009810446912534958,0.06214698138806494,-0.0003403091406066417,0,70,255.0,255.0,255.0
1702,85.10000000000001,73.12395975224541,-0.23625496050054293,-46.86799860386801,3.249380430966355e-05,0.0002058409641950039,-1.1271595186487441e-06,0.0064773871870591315,0.04103279540130938,-0.00022469048420088584,0,70,255.0,255.0,255.0
1703,85.15,73.12396808489473,-0.23620217503557603,-46.867998892914656,0.00027303667052571074,0.0017296260845914959,-9.471217318548673e-06,0.003144327461583307,0.01991860941455381,-0.00010907182779513,0,70,255.0,255.0,255.0
1704,85.2,73.12398427836268,-0.23609959304707276,-46.86799945464086,0.00034692655046797654,0.0021977019056502716,-1.2034342298161123e-05,-0.00018873226389251943,-0.001195576572201748,6.546828610625821e-06,0,70,255.0,255.0,255.0
1705,85.25,73.124,-0.236,-46.868,0.00025416344413646004,0.001610068427371329,-8.816534457486133e-06,-0.0035217919893683427,-0.0223097625589573,0.00012216548501638153,0,70,255.0,255.0,255.0
1706,85.30000000000001,73.12400867805333,-0.2359450264780451,-46.868000301028175,0.00010040111121216295,0.0006360185265230746,-3.4827583470134065e-06,-0.0026287013276021422,-0.016652233474964015,9.118555940247901e-05,0,70,255.0,255.0,255.0
1707,85.35000000000001,73.12401078435333,-0.23593168353977764,-46.86800037409244,-8.706688623789292e-06,-5.515492012529472e-05,3.02021482762987e-07,-0.0017356106658361955,-0.010994704390972334,6.0205633788585304e-05,0,70,255.0,255.0,255.0
1708,85.4,73.12400855162667,-0.23594582736248765,-46.86800029664262,-7.315995537144669e-05,-0.0004634519125740961,2.537805031844783e-06,-0.0008425200040702487,-0.005337175306980652,2.9225708174691596e-05,0,70,255.0,255.0,255.0
1709,85.45,73.12400421260001,-0.2359733141234651,-46.868000146128544,-9.295868903080938e-05,-0.0005888724508233299,3.2245923002319795e-06,5.05706576956976e-05,0.00032035377701102735,-1.7542174392021117e-06,0,70,255.0,255.0,255.0
1710,85.5,73.124,-0.236,-46.868,-6.810288960187724e-05,-0.00043141653487299535,2.3623832879245763e-06,0.0009436613194616445,0.005977882861002707,-3.273414305309586e-05,0,70,255.0,255.0,255.0
1711,85.55000000000001,73.1239976747226,-0.23601473011081286,-46.867999919339745,-2.6902396668486402e-05,-0.0001704206505530904,9.332022865149942e-07,0.0007043583978736141,0.004461952511791116,-2.4433097003274426e-05,0,70,255.0,255.0,255.0
1712,85.60000000000001,73.12399711034122,-0.23601830534034632,-46.86799989976223,2.332950185493581e-06,1.4778716306175819e-05,-8.092641240319227e-08,0.0004650554762856518,0.002946022162579956,-1.613205095345535e-05,0,70,255.0,255.0,255.0
1713,85.65,73.12399770859854,-0.2360145155144733,-46.86799992051485,1.9603150960076134e-05,0.00012418156570488838,-6.800028088304485e-07,0.00022575255469768944,0.0014300918133687956,-7.831004903636274e-06,0,70,255.0,255.0,255.0
1714,85.7,73.12399887123723,-0.23600715045906684,-46.86799996084498,2.4908205655261225e-05,0.0001577878976430474,-8.640269027667754e-07,-1.3550366890272914e-05,-8.583853584236394e-05,4.700411461828021e-07,0,70,255.0,255.0,255.0
1715,85.75,73.124,-0.236,-46.868,1.8248114271048914e-05,0.00011559771212065237,-6.329986942121707e-07,-0.0002528532884782354,-0.0016017688850535243,8.77108719600188e-06,0,70,255.0,255.0,255.0
1716,85.80000000000001,73.12400062305619,-0.23599605307870325,-46.86800002161285,7.20847546178266e-06,4.566407568928714e-05,-2.5005079904656996e-07,-0.0001887322638923144,-0.0011955765722004488,6.546828610618665e-06,0,70,255.0,255.0,255.0
1717,85.85000000000001,73.12400077428173,-0.235995095098837,-46.86800002685863,-6.251121181850456e-07,-3.95994509940847e-06,2.1684166849783334e-08,-0.00012461123930641158,-0.0007893842593474887,4.322570025236083e-06,0,70,255.0,255.0,255.0
1718,85.9,73.12400061397918,-0.23599611057961914,-46.86800002129798,-5.252648468857789e-06,-3.327435024545724e-05,1.8220620347701378e-07,-6.0490214720508774e-05,-0.00038319194649452854,2.0983114398535004e-06,0,70,255.0,255.0,255.0
1719,85.95,73.12400030245108,-0.23599808404026754,-46.868000010491556,-6.674133590235578e-06,-4.2279139748859125e-05,2.3151531083512131e-07,3.6308098653940572e-06,2.3000366358431456e-05,-1.259471455290815e-07,0,70,255.0,255.0,255.0
1720,86.0,73.124,-0.236,-46.868,-4.8895674823184015e-06,-3.097431360961421e-05,1.6961148892410632e-07,6.775183445129687e-05,0.00042919267921139167,-2.3502057309116643e-06,0,70,255.0,255.0,255.0
1721,86.05000000000001,73.1239998330526,-0.23600105757437403,-46.86799999420886,-1.931505178644228e-06,-1.2235652204058152e-05,6.700090967128537e-08,5.057065769564317e-05,0.00032035377701068014,-1.7542174392002406e-06,0,70,255.0,255.0,255.0
1722,86.10000000000001,73.12399979253185,-0.23600131426430554,-46.867999992803256,1.674982872465909e-07,1.0610640914580832e-06,-5.810254995941159e-09,3.338948093999435e-05,0.00021151487480999955,-1.1582291474889861e-06,0,70,255.0,255.0,255.0
1723,86.15,73.12399983548477,-0.23600104216705006,-46.86799999429323,1.4074429153550163e-06,8.915835276940593e-06,-4.8822005077606645e-08,1.620830418434553e-05,0.00010267597260931897,-5.622408557777319e-07,0,70,255.0,255.0,255.0
1724,86.2,73.12399991895846,-0.23600051337986303,-46.8679999971888,1.7883287056810515e-06,1.1328661352389388e-05,-6.203434057371114e-08,-9.72872571303288e-07,-6.162929591361664e-06,3.374743593352264e-08,0,70,255.0,255.0,255.0
1725,86.25,73.124,-0.236,-46.868,1.3101556582246935e-06,8.29954231780446e-06,-4.54472614842546e-08,-1.8154049326952116e-05,-0.0001150018317920423,6.297357276447769e-07,0,70,255.0,255.0,255.0
1726,86.30000000000001,73.1240000447334,-0.2359997166238005,-46.86800000155174,5.175452527942523e-07,3.278533126945469e-06,-1.7952839638571515e-08,-1.3550366890258328e-05,-8.58385358422717e-05,4.7004114618229655e-07,0,70,255.0,255.0,255.0
1727,86.35000000000001,73.12400005559093,-0.23599964784394065,-46.868000001928365,-4.4881030801320266e-08,-2.8431126642385653e-07,1.5568531339813304e-09,-8.94668445356585e-06,-5.667523989250938e-05,3.103465647198616e-07,0,70,255.0,255.0,255.0
1728,86.4,73.12400004408171,-0.23599972075218054,-46.868000001529126,-3.771231925622819e-07,-2.388990862305149e-06,1.3081816833412874e-08,-4.343002016873372e-06,-2.7511943942747075e-05,1.5065198325742664e-07,0,70,255.0,255.0,255.0
1729,86.45,73.124000021715,-0.23599986244028026,-46.86800000075327,-4.791812324886329e-07,-3.0355056606984047e-06,1.6622051459723136e-08,2.606804198191047e-07,1.6513520070152399e-06,-9.042598205008424e-09,0,70,255.0,255.0,255.0
1730,86.5,73.124,-0.236,-46.868,-3.5105515058037263e-07,-2.223855661603633e-06,1.2177557012912089e-08,4.864362856511586e-06,3.081464795677754e-05,-1.6873717966744343e-07,0,70,255.0,255.0,255.0
1731,86.55000000000001,73.12399998801371,-0.2360000759304238,-46.86799999958422,-1.386758325327811e-07,-8.784803037237215e-07,4.810448883000686e-09,3.630809865390143e-06,2.3000366358406682e-05,-1.2594714552894566e-07,0,70,255.0,255.0,255.0
1732,86.60000000000001,73.12399998510446,-0.2360000943599317,-46.867999999483295,1.2025835958690169e-08,7.618097423734215e-08,-4.171575399841624e-10,2.3972568742690502e-06,1.5186084760038042e-05,-8.315711139046009e-08,0,70,255.0,255.0,255.0
1733,86.65,73.12399998818833,-0.23600007482422772,-46.867999999590275,1.0104985489411027e-07,6.401281722799958e-07,-3.5052622560448496e-09,1.1637038831479578e-06,7.371803161669402e-06,-4.036707725197448e-08,0,70,255.0,255.0,255.0
1734,86.7,73.12399999418147,-0.2360000368590158,-46.867999999798165,1.2839622427347928e-07,8.133612904042402e-07,-4.453865265181377e-09,-6.984910797313508e-08,-4.424784366992415e-07,2.4229568865111086e-09,0,70,255.0,255.0,255.0
1735,86.75,73.124,-0.236,-46.868,9.406494409679704e-08,5.958803286100736e-07,-3.262966567393749e-09,-1.303402099094229e-06,-8.256760035067887e-06,4.5212991024996726e-08,0,70,255.0,255.0,255.0
1736,86.80000000000001,73.12400000321172,-0.23599997965450425,-46.86800000011141,3.7158077336872324e-08,2.3538808794941862e-07,-1.2889558934312297e-09,-9.728725713022423e-07,-6.1629295913550315e-06,3.374743593348608e-08,0,70,255.0,255.0,255.0
1737,86.85000000000001,73.12400000399124,-0.2359999747163325,-46.86800000013845,-3.2223130334401638e-09,-2.0412630525511913e-08,1.1177702595530974e-10,-6.423430435103495e-07,-4.069099147642771e-06,2.228188084197869e-08,0,70,255.0,255.0,255.0
1738,86.9,73.12400000316492,-0.2359999799509086,-46.86800000010978,-2.7076227014158963e-08,-1.7152182681483532e-07,9.392321907665126e-10,-3.1181351571845666e-07,-1.9752687039305115e-06,1.08163257504713e-08,0,70,255.0,255.0,255.0
1739,86.95,73.12400000155907,-0.2359999901236565,-46.86800000005408,-3.440366460528407e-08,-2.1793950091855174e-07,1.1934096010023793e-09,1.871601207343626e-08,1.1856173978174813e-07,-6.492293410360828e-10,0,70,255.0,255.0,255.0
1740,87.0,73.124,-0.236,-46.868,-2.5204625806815468e-08,-1.5966565283666124e-07,8.743092566629075e-10,3.4924553986532875e-07,2.212392183494009e-06,-1.211478443254347e-08,0,70,255.0,255.0,255.0
1741,87.05000000000001,73.12399999913941,-0.23600000545155914,-46.86799999997015,-9.956476814708141e-09,-6.30720480739528e-08,3.4537469072423434e-10,2.606804198188256e-07,1.65135200701345e-06,-9.042598204998644e-09,0,70,255.0,255.0,255.0
1742,87.10000000000001,73.12399999893054,-0.23600000677473826,-46.867999999962905,8.634161750705758e-10,5.4695478647058065e-09,-2.9950563837077705e-11,1.7211529977234762e-07,1.0903118305330504e-06,-5.970411977454693e-09,0,70,255.0,255.0,255.0
1743,87.15,73.12399999915196,-0.23600000537213786,-46.867999999970586,7.255053162525639e-09,4.595913497934601e-08,-2.516665070212008e-10,8.355017972586964e-08,5.29271654052651e-07,-2.898225749910741e-09,0,70,255.0,255.0,255.0
1744,87.2,73.12399999958224,-0.23600000264635826,-46.86799999998551,9.218434147657063e-09,5.8396713269967884e-08,-3.1977313882813545e-10,-5.014940320608313e-09,-3.176852242774847e-08,1.7396047763320937e-10,0,70,255.0,255.0,255.0
1745,87.25,73.124,-0.236,-46.868,6.753559130464838e-09,4.278228273657137e-08,-2.3427045925788126e-10,-9.35800603670863e-08,-5.928086989081478e-07,3.24614670517716e-09,0,70,255.0,255.0,255.0
1746,87.30000000000001,73.1240000002306,-0.2359999985392591,-46.868000000008,2.6678299219602426e-09,1.6900104346392604e-08,-9.254286946570737e-11,-6.984910797306036e-08,-4.4247843669876747e-07,2.4229568865085067e-09,0,70,255.0,255.0,255.0
1747,87.35000000000001,73.12400000028654,-0.23599999818471432,-46.86800000000994,-2.313516668421303e-10,-1.4655609333112866e-09,8.02522939300177e-12,-4.611815557904114e-08,-2.9214817448942996e-07,1.5997670678400876e-09,0,70,255.0,255.0,255.0
1748,87.4,73.12400000022723,-0.23599999856054,-46.86800000000788,-1.9439856359436085e-09,-1.231471310254873e-08,6.743383731829233e-11,-2.238720318502193e-08,-1.4181791228009233e-07,7.765772491716685e-10,0,70,255.0,255.0,255.0
1749,87.45,73.12400000011193,-0.23599999929091045,-46.86800000000388,-2.4700719853441956e-09,-1.5647352161319715e-08,8.568295431016419e-11,1.3437492089972714e-09,8.512349929245236e-09,-4.6612569496750946e-11,0,70,255.0,255.0,255.0
1750,87.5,73.124,-0.236,-46.868,-1.8096107150438887e-09,-1.1463478109624261e-08,6.277258036861751e-11,2.5074701603016485e-08,1.588426121385828e-07,-8.698023881651697e-10,0,70,255.0,255.0,255.0
1751,87.55000000000001,73.12399999993822,-0.2360000003914043,-46.867999999997856,-7.148428731328324e-10,-4.528369311617604e-09,2.4796787138595088e-11,1.8716012073415814e-08,1.1856173978162042e-07,-6.492293410353818e-10,0,70,255.0,255.0,255.0
1752,87.60000000000001,73.1239999999232,-0.23600000048640432,-46.867999999997345,6.199049229794261e-11,3.926958685393646e-10,-2.150353734929331e-12,1.2357322543816948e-08,7.828086742466949e-08,-4.286562939056566e-10,0,70,255.0,255.0,255.0
1753,87.65,73.1239999999391,-0.23600000038570212,-46.86799999999789,5.208893812487921e-10,3.2997174308488993e-09,-1.806884225196812e-11,5.998633014218082e-09,3.799999506771857e-08,-2.080832467759314e-10,0,70,255.0,255.0,255.0
1754,87.7,73.12399999997001,-0.23600000018999995,-46.86799999999896,6.618537937197165e-10,4.192695375311003e-09,-2.2958678412521282e-11,-3.6005651538078265e-10,-2.2808772892323663e-09,1.2489800353793899e-11,0,70,255.0,255.0,255.0
1755,87.75,73.124,-0.236,-46.868,4.848837297107165e-10,3.0716297019256735e-09,-1.681986221658881e-11,-6.718746044979645e-09,-4.25617496461833e-08,2.330628474835192e-10,0,70,255.0,255.0,255.0
1756,87.80000000000001,73.12400000001655,-0.23599999989512352,-46.86800000000057,1.9154157057108592e-10,1.213372900077816e-09,-6.644279088673005e-12,-5.01494032060291e-09,-3.17685224277141e-08,1.7396047763302054e-10,0,70,255.0,255.0,255.0
1757,87.85000000000001,73.12400000002057,-0.23599999986966835,-46.86800000000072,-1.6610302349641478e-11,-1.0522254084616081e-10,5.761855467155643e-13,-3.3111345962266586e-09,-2.0975295209247964e-08,1.1485810778253869e-10,0,70,255.0,255.0,255.0
1758,87.9,73.12400000001631,-0.2359999998966514,-46.86800000000057,-1.3957188905156108e-10,-8.841566208468607e-10,4.841531689580211e-12,-1.6073288718504074e-09,-1.0182067990781833e-08,5.575573793205681e-11,0,70,255.0,255.0,255.0
1759,87.95,73.12400000000802,-0.23599999994908966,-46.86800000000028,-1.7734318953467303e-10,-1.1234293399242858e-09,6.151759339920932e-12,9.647685252584345e-11,6.111592276843015e-10,-3.346631918425013e-12,0,70,255.0,255.0,255.0
1760,88.0,73.124,-0.236,-46.868,-1.2992420379897727e-10,-8.230406980784344e-10,4.506868497737725e-12,1.800282576902096e-09,1.140438644615044e-08,-6.244900176890688e-11,0,70,255.0,255.0,255.0
1761,88.05000000000001,73.12399999999556,-0.23600000002810154,-46.867999999999846,-5.132340915151137e-11,-3.251222886936601e-10,1.7803292160969273e-12,1.3437492089958255e-09,8.512349929236003e-09,-4.661256949670023e-11,0,70,255.0,255.0,255.0
1762,88.10000000000001,73.12399999999448,-0.23600000003492225,-46.86799999999982,4.450717100623202e-12,2.8194294845279575e-11,-1.5438845193292038e-13,8.872158410896847e-10,5.62031341232239e-09,-3.077613722449809e-11,0,70,255.0,255.0,255.0
1763,88.15,73.12399999999563,-0.23600000002769217,-46.86799999999985,3.739817495745205e-11,2.3690905253854685e-10,-1.2972845063527064e-12,4.30682473183544e-10,2.7282768954087773e-09,-1.4939704952295938e-11,0,70,255.0,255.0,255.0
1764,88.2,73.12399999999784,-0.23600000001364138,-46.86799999999993,4.751896441897518e-11,3.0102198438614173e-10,-1.6483589471624295e-12,-2.5850894722596735e-11,-1.6375962150483657e-10,8.96727319906204e-13,0,70,255.0,255.0,255.0
1765,88.25,73.124,-0.236,-46.868,3.481308548519256e-11,2.2053309038806398e-10,-1.2076117743620904e-12,-4.823842626287371e-10,-3.0557961384184512e-09,1.673315959210835e-11,0,70,255.0,255.0,255.0
1766,88.30000000000001,73.12400000000119,-0.2359999999924702,-46.86800000000004,1.3752066034959557e-11,8.711625469682457e-11,-4.770377757147053e-13,-3.6005651538039134e-10,-2.280877289229911e-09,1.2489800353780409e-11,0,70,255.0,255.0,255.0
1767,88.35000000000001,73.12400000000147,-0.23599999999064258,-46.86800000000005,-1.192566052851383e-12,-7.554638534957598e-12,4.136826101611741e-14,-2.3772876813208035e-10,-1.5059584400415914e-09,8.246441115453675e-12,0,70,255.0,255.0,255.0
1768,88.4,73.12400000000116,-0.2359999999925799,-46.868000000000045,-1.0020810778247122e-11,-6.347958930732597e-11,3.476063358306153e-13,-1.1540102088376936e-10,-7.310395908532716e-10,4.003081877126942e-12,0,70,255.0,255.0,255.0
1769,88.45,73.12400000000058,-0.2359999999963448,-46.86800000000002,-1.2732668141227667e-11,-8.065859762028056e-11,4.4167644872878876e-13,6.9267263645416294e-12,4.387925833504845e-11,-2.4027736119979037e-13,0,70,255.0,255.0,255.0
1770,88.5,73.124,-0.236,-46.868,-9.328138141792985e-12,-5.909166347382152e-11,3.2357859971063726e-13,1.2925447361285267e-10,8.187981075233672e-10,-4.483636599526526e-12,0,70,255.0,255.0,255.0
1771,88.55000000000001,73.12399999999967,-0.2360000000020176,-46.867999999999995,-3.684854988326887e-12,-2.3342730093638137e-11,1.2782188676189434e-13,9.647685252573994e-11,6.111592276836431e-10,-3.34663191842141e-12,0,70,255.0,255.0,255.0
1772,88.60000000000001,73.12399999999958,-0.2360000000025073,-46.86799999999998,3.195471107822962e-13,2.024259294550944e-12,-1.1084592131548496e-14,6.369923143863652e-11,4.0352034784397785e-10,-2.2096272373166185e-12,0,70,255.0,255.0,255.0
1773,88.65,73.12399999999968,-0.2360000000019882,-46.86799999999999,2.6850681555364028e-12,1.7009304690757346e-11,-9.314083696975494e-14,3.092161035153309e-11,1.958814680043127e-10,-1.072622556211826e-12,0,70,255.0,255.0,255.0
1774,88.7,73.12399999999984,-0.2360000000009794,-46.868,3.4117081459354315e-12,2.16124060949811e-11,-1.1834684775272496e-13,-1.8560107355703253e-12,-1.175741183535249e-11,6.438212489296552e-14,0,70,255.0,255.0,255.0
1775,88.75,73.124,-0.236,-46.868,2.499467081979384e-12,1.583356350722215e-11,-8.670262448045876e-14,-3.463363182267374e-11,-2.1939629167501784e-10,1.2013868059977575e-12,0,70,255.0,255.0,255.0
1776,88.80000000000001,73.12400000000008,-0.2359999999994594,-46.86800000000001,9.873539183479832e-13,6.2546656777280065e-12,-3.4249771332872e-14,-2.5850894722568546e-11,-1.637596215046608e-10,8.967273199052357e-13,0,70,255.0,255.0,255.0
1777,88.85000000000001,73.12400000000011,-0.23599999999932816,-46.868,-8.562239027781574e-14,-5.423986432461162e-13,2.9701075100767973e-15,-1.7068157622465846e-11,-1.0812295133431959e-10,5.920678338128004e-13,0,70,255.0,255.0,255.0
1778,88.9,73.12400000000008,-0.23599999999946725,-46.868,-7.194618438985043e-13,-4.557629455703339e-12,2.495701204840468e-14,-8.285420522363145e-12,-5.2486281163978355e-11,2.874083477203651e-13,0,70,255.0,255.0,255.0
1779,88.95,73.12400000000002,-0.23599999999973756,-46.868,-9.141644425140829e-13,-5.791026759643656e-12,3.171094228211165e-14,4.973165777395553e-13,3.1503890063628495e-12,-1.7251138372070107e-14,0,70,255.0,255.0,255.0
1780,89.0,73.124,-0.236,-46.868,-6.697301861245506e-13,-4.242590555067069e-12,2.3231898211197813e-14,9.280053677842259e-12,5.878705917670407e-11,-3.21910624464505e-13,0,70,255.0,255.0,255.0
1781,89.05000000000001,73.12399999999998,-0.23600000000014484,-46.868,-2.645606850650468e-13,-1.6759326172738794e-12,9.177198569593668e-15,6.9267263645342114e-12,4.3879258335000167e-11,-2.4027736119953294e-13,0,70,255.0,255.0,255.0
1782,89.10000000000001,73.12399999999995,-0.23600000000018,-46.868,2.2942450328962926e-14,1.453352784335336e-13,-7.958379087586898e-16,4.5733990512268326e-12,2.897145749330051e-11,-1.5864409793458404e-13,0,70,255.0,255.0,255.0
1783,89.15,73.12399999999997,-0.2360000000001427,-46.86800000000001,1.9277922005761065e-13,1.2212131320560061e-12,-6.687211223863833e-15,2.2200717379194545e-12,1.406365665160085e-11,-7.701083466963515e-14,0,70,255.0,255.0,255.0
1784,89.2,73.124,-0.2360000000000703,-46.868,2.449496241208959e-13,1.551700943593538e-12,-8.496921375721765e-15,-1.3325557538792514e-13,-8.441441900988049e-13,4.6224285953136944e-15,0,70,255.0,255.0,255.0
1785,89.25,73.124,-0.236,-46.868,1.7945366251881884e-13,1.1367987130461299e-12,-6.224968364332498e-15,-2.486582888695303e-12,-1.575194503179848e-11,8.625569186026253e-14,0,70,255.0,255.0,255.0
1786,89.30000000000001,73.12400000000001,-0.23599999999996116,-46.868,7.088882191220386e-14,4.490647913675138e-13,-2.4590229455026773e-15,-1.8560107355683082e-12,-1.1757411835339907e-11,6.438212489289603e-14,0,70,255.0,255.0,255.0
1787,89.35000000000001,73.124,-0.23599999999995175,-46.868,-6.1474110380367745e-15,-3.894247048801789e-14,2.132441249579651e-16,-1.2254385824414925e-12,-7.762878638882471e-12,4.250855792553574e-14,0,70,255.0,255.0,255.0
1788,89.4,73.124,-0.23599999999996174,-46.868,-5.1655036331938395e-14,-3.2722307252068934e-13,1.7918328470506542e-15,-5.948664293146769e-13,-3.768345442425035e-12,2.0634990958175453e-14,0,70,255.0,255.0,255.0
1789,89.45,73.12400000000001,-0.23599999999998114,-46.868,-6.563405396950103e-14,-4.1577701473050016e-13,2.276743220775392e-15,3.570572381213917e-14,2.2618775403239904e-13,-1.2385760091848215e-15,0,70,255.0,255.0,255.0
1790,89.5,73.124,-0.236,-46.868,-4.8084463950724744e-14,-3.0460429711745004e-13,1.6679752461321795e-15,6.662778769389548e-13,4.220720950489837e-12,-2.3112142976545106e-14,0,70,255.0,255.0,255.0
1791,89.55000000000001,73.124,-0.2360000000000104,-46.868,-1.8994602583768702e-14,-1.2032654819617594e-13,6.588932124170431e-16,4.973165777390223e-13,3.1503890063594515e-12,-1.7251138372051172e-14,0,70,255.0,255.0,255.0
1792,89.60000000000001,73.124,-0.23600000000001292,-46.868,1.647193823184125e-15,1.0434603518537153e-14,-5.713859107316818e-17,3.283552785391377e-13,2.0800570622293704e-12,-1.1390133767558904e-14,0,70,255.0,255.0,255.0
1793,89.65,73.124,-0.23600000000001023,-46.868,1.38409252701432e-14,8.767915802674933e-14,-4.801201643387825e-16,1.5939397933925314e-13,1.0097251180992898e-12,-5.529129163066635e-15,0,70,255.0,255.0,255.0
1794,89.7,73.124,-0.23600000000000504,-46.868,1.758659175710854e-14,1.1140711532846032e-13,-6.100515073797999e-16,-9.567319860631332e-15,-6.060682603079131e-14,3.318754414256328e-16,0,70,255.0,255.0,255.0
1795,89.75,73.124,-0.236,-46.868,1.2884193284080128e-14,8.16184754236705e-14,-4.469326201962206e-16,-1.7852861906051593e-13,-1.1309387701608724e-12,6.1928800459179065e-15,0,70,255.0,255.0,255.0
1796,89.80000000000001,73.124,-0.2359999999999972,-46.868,5.0895884228709396e-15,3.224140141718991e-14,-1.7654990416549488e-16,-1.332555753877807e-13,-8.441441900979021e-13,4.622428595308665e-15,0,70,255.0,255.0,255.0
1797,89.85000000000001,73.124,-0.23599999999999655,-46.868,-4.4136425469972144e-16,-2.7959435861309887e-15,1.5310239334707576e-17,-8.798253171505832e-14,-5.573496100350134e-13,3.051977144699869e-15,0,70,255.0,255.0,255.0
1798,89.9,73.124,-0.23599999999999724,-46.868,-3.7086647486343916e-15,-2.3493559586308264e-14,1.286478103044747e-16,-4.270948804233595e-14,-2.7055502997212467e-13,1.4815256940910731e-15,0,70,255.0,255.0,255.0
1799,89.95,73.124,-0.23599999999999863,-46.868,-4.712313058933075e-15,-2.985144658334191e-14,1.6346280874380634e-16,2.563555630386437e-15,1.6239550090764172e-14,-8.892575651772226e-17,0,70,255.0,255.0,255.0
1800,90.0,73.124,-0.236,-46.868,-3.4523091855957644e-15,-2.1869604577231942e-14,1.1975523465270297e-16,4.783659930310877e-14,3.030341301536528e-13,-1.6593772071265164e-15,0,70,255.0,255.0,255.0
1801,90.05000000000001,73.124,-0.2360000000000007,-46.868,-1.3637511077150598e-15,-8.639057472583689e-15,4.7306404244936465e-17,3.570572381210042e-14,2.2618775403215696e-13,-1.238576009183485e-15,0,70,255.0,255.0,255.0
1802,90.10000000000001,73.124,-0.2360000000000009,-46.868,1.1826319561475446e-16,7.491708259867784e-16,-4.102366265662082e-18,2.3574848321095512e-14,1.4934137791068296e-13,-8.177748112405733e-16,0,70,255.0,255.0,255.0
1803,90.15,73.124,-0.2360000000000007,-46.868,9.937337243943585e-16,6.29508031848376e-15,-3.4471076879116226e-17,1.1443972830090605e-14,7.249500178920897e-14,-3.969736132976616e-16,0,70,255.0,255.0,255.0
1804,90.2,73.124,-0.23600000000000038,-46.868,1.26266047862375e-15,7.998671004907254e-15,-4.379972759542593e-17,-6.869026609143029e-16,-4.351374332265027e-15,2.3827584645250312e-17,0,70,255.0,255.0,255.0
1805,90.25,73.124,-0.236,-46.868,9.25043458302932e-16,5.859942885257284e-15,-3.208831841459137e-17,-1.2817778151919202e-14,-8.1197750453739e-14,4.44628782588162e-16,0,70,255.0,255.0,255.0
1806,90.30000000000001,73.124,-0.2359999999999998,-46.868,3.654160079892992e-16,2.314828473144856e-15,-1.2675712814250962e-17,-9.567319860621015e-15,-6.060682603072588e-14,3.318754414252777e-16,0,70,255.0,255.0,255.0
1807,90.35000000000001,73.124,-0.23599999999999977,-46.868,-3.1688527759297344e-17,-2.0073971781611336e-16,1.099225727940838e-18,-6.316861569323752e-15,-4.001590160771861e-14,2.191221002624255e-16,0,70,255.0,255.0,255.0
1808,90.4,73.124,-0.2359999999999998,-46.868,-2.6627014894303984e-16,-1.686761687626777e-15,9.23649721199034e-18,-3.0664032780264882e-15,-1.942497718471134e-14,1.0636875909957323e-16,0,70,255.0,255.0,255.0
1809,90.45,73.124,-0.2359999999999999,-46.868,-3.383288555619286e-16,-2.1432374362871348e-15,1.173610163789755e-17,1.8405501327077606e-16,1.1659472382959347e-15,-6.384582063278991e-18,0,70,255.0,255.0,255.0
1810,90.5,73.124,-0.236,-46.868,-2.4786464761596354e-16,-1.5701669637971922e-15,8.59803900566248e-18,3.4345133045680388e-15,2.175687166130319e-14,-1.1913792322613126e-16,0,70,255.0,255.0,255.0
1811,90.55000000000001,73.124,-0.23600000000000004,-46.868,-9.791292424213742e-17,-6.202564199957329e-16,3.3964470120673775e-18,2.5635556303836426e-15,1.6239550090746543e-14,-8.892575651762555e-17,0,70,255.0,255.0,255.0
1812,90.60000000000001,73.124,-0.23600000000000007,-46.868,8.490915422434927e-18,5.378804527767893e-17,-2.9453664610126143e-19,1.6925979561994937e-15,1.0722228520191465e-14,-5.871358980912841e-17,0,70,255.0,255.0,255.0
1813,90.65,73.124,-0.23600000000000002,-46.868,7.134687137780236e-17,4.519664320233527e-16,-2.4749119688451312e-18,8.216402820153448e-16,5.2049069496363866e-15,-2.8501423100631295e-17,0,70,255.0,255.0,255.0
1814,90.7,73.124,-0.236,-46.868,9.065494362396473e-17,5.742787402412879e-16,-3.1446789561642284e-18,-4.931739216880371e-17,-3.1241462091869305e-16,1.7107436078658242e-18,0,70,255.0,255.0,255.0
1815,90.75,73.124,-0.236,-46.868,6.641513216092223e-17,4.207249699314855e-16,-2.303837608058555e-18,-9.202750663529526e-16,-5.829736191473769e-15,3.192291031636297e-17,0,70,255.0,255.0,255.0
1816,90.80000000000001,73.124,-0.23599999999999996,-46.868,2.6235688979250413e-17,1.661972068380759e-16,-9.100752340185536e-19,-6.869026609135548e-16,-4.3513743322603014e-15,2.3827584645224412e-17,0,70,255.0,255.0,255.0
1817,90.85000000000001,73.124,-0.23599999999999996,-46.868,-2.2751339304424145e-18,-1.4412463294602774e-17,7.892085646420468e-20,-4.535302554742233e-16,-2.873012473047255e-15,1.5732258974088157e-17,0,70,255.0,255.0,255.0
1818,90.9,73.124,-0.23599999999999996,-46.868,-1.9117336568169323e-17,-1.2110404046663326e-16,6.63150663390173e-19,-2.2015785003489182e-16,-1.3946506138342085e-15,7.636933302951902e-18,0,70,255.0,255.0,255.0
1819,90.95,73.124,-0.236,-46.868,-2.4290918933930344e-17,-1.5387752467801567e-16,8.426141867593516e-19,1.3214555404439756e-17,8.371124537883833e-17,-4.583923681843553e-19,0,70,255.0,255.0,255.0
1820,91.0,73.124,-0.236,-46.868,-1.7795881027725402e-17,-1.1273291592874993e-16,6.173114265717391e-19,2.4658696084377157e-16,1.5620731045918854e-15,-8.553718039320611e-18,0,70,255.0,255.0,255.0
1821,91.05000000000001,73.124,-0.236,-46.868,-7.029831674864256e-18,-4.4532407356570694e-17,2.4385392400683645e-19,1.8405501327057635e-16,1.1659472382946638e-15,-6.384582063272099e-18,0,70,255.0,255.0,255.0
1822,91.10000000000001,73.124,-0.236,-46.868,6.096202993346915e-19,3.8618079007319944e-18,-2.1146779755556085e-20,1.215230656973989e-16,7.698213719975547e-16,-4.215446087224204e-18,0,70,255.0,255.0,255.0
1823,91.15,73.124,-0.236,-46.868,5.122474894874946e-18,3.244972984318036e-17,-1.7769068471555996e-19,5.899111812422144e-17,3.7369550570044553e-16,-2.0463101111763076e-18,0,70,255.0,255.0,255.0
1824,91.2,73.124,-0.236,-46.868,6.5087321117564974e-18,4.123135847077443e-17,-2.2577779087317503e-19,-3.5408294489560086e-18,-2.2430360596663412e-17,1.228258648715877e-19,0,70,255.0,255.0,255.0
1825,91.25,73.124,-0.236,-46.868,4.7683919499793585e-18,3.0206693783514194e-17,-1.654080982284018e-19,-6.607277702213345e-17,-4.1855622689377236e-16,2.291961840919484e-18,0,70,255.0,255.0,255.0
1826,91.30000000000001,73.124,-0.236,-46.868,1.883637720206604e-18,1.1932422588206906e-17,-6.534046200879218e-20,-4.9317392168750496e-17,-3.1241462091835295e-16,1.7107436078639903e-18,0,70,255.0,255.0,255.0
1827,91.35000000000001,73.124,-0.236,-46.868,-1.633472668963492e-19,-1.0347683083252728e-18,5.666262558020058e-21,-3.2562007315372296e-17,-2.062730149429637e-16,1.1295253748086615e-18,0,70,255.0,255.0,255.0
1828,91.4,73.124,-0.236,-46.868,-1.3725630113304403e-18,-8.694878906088295e-18,4.761207547206751e-20,-1.5806622461994095e-17,-1.0013140896757445e-16,5.483071417533327e-19,0,70,255.0,255.0,255.0
1829,91.45,73.124,-0.236,-46.868,-1.744009513095669e-18,-1.1047909205082143e-17,6.049697673335019e-20,9.487623913841052e-19,6.010197007814828e-18,-3.2911091301996246e-20,0,70,255.0,255.0,255.0
1830,91.5,73.124,-0.236,-46.868,-1.2776867721920355e-18,-8.093859205306844e-18,4.432096634186808e-20,1.77041472447623e-17,1.1215180298320408e-16,-6.14129324357325e-19,0,70,255.0,255.0,255.0
1831,91.55000000000001,73.124,-0.236,-46.868,-5.047192059621605e-19,-3.197282996256928e-18,1.7507924028332323e-20,1.3214555404425671e-17,8.371124537874801e-17,-4.583923681838614e-19,0,70,255.0,255.0,255.0
1832,91.60000000000001,73.124,-0.236,-46.868,4.376876825070818e-20,2.772653325690761e-19,-1.5182704765241763e-21,8.724963564090317e-18,5.5270687774300035e-17,-3.0265541201044196e-19,0,70,255.0,255.0,255.0
1833,91.65,73.124,-0.236,-46.868,3.677771504468217e-19,2.32978578117276e-18,-1.2757617172710149e-20,4.235371723754964e-18,2.6830130169852043e-17,-1.4691845583702255e-19,0,70,255.0,255.0,255.0
1834,91.7,73.124,-0.236,-46.868,4.673059406261802e-19,2.960278349554129e-18,-1.6210116060225595e-20,-2.5422011658039065e-19,-1.6104274345959244e-18,8.81850033639691e-21,0,70,255.0,255.0,255.0
1835,91.75,73.124,-0.236,-46.868,3.423551387887838e-19,2.168743037713177e-18,-1.1875767139070523e-20,-4.743811956915744e-18,-3.0050985039043904e-17,1.6455545650981628e-19,0,70,255.0,255.0,255.0
1836,91.80000000000001,73.124,-0.236,-46.868,1.352391036420384e-19,8.567093968208042e-19,-4.691234104537094e-21,-3.540829448952186e-18,-2.2430360596639074e-17,1.2282586487145552e-19,0,70,255.0,255.0,255.0
1837,91.85000000000001,73.124,-0.236,-46.868,-1.1727806106482085e-20,-7.429302195103028e-20,4.068193480766714e-22,-2.3378469409889705e-18,-1.4809736154236414e-17,8.109627323310665e-20,0,70,255.0,255.0,255.0
1838,91.9,73.124,-0.236,-46.868,-9.854559045684534e-20,-6.242642186027533e-19,3.418393218773108e-21,-1.1348644330257542e-18,-7.18911171183375e-18,3.936668159475778e-20,0,70,255.0,255.0,255.0
1839,91.95,73.124,-0.236,-46.868,-1.2521424940905102e-19,-7.932041931343642e-19,4.343487507552222e-21,6.811807493746125e-20,4.315127305689129e-19,-2.3629100435911075e-21,0,70,255.0,255.0,255.0
1840,92.0,73.124,-0.236,-46.868,-9.173378296309955e-20,-5.811129455458655e-19,3.1821022144140114e-21,1.2711005829006775e-18,8.052137172971564e-18,-4.409250168194001e-20,0,70,255.0,255.0,255.0
1841,92.05000000000001,73.124,-0.236,-46.868,-3.623720860599311e-20,-2.295545910262886e-19,1.2570123898160554e-21,9.487623913830756e-19,6.010197007808317e-18,-3.291109130196071e-20,0,70,255.0,255.0,255.0
1842,92.10000000000001,73.124,-0.236,-46.868,3.1424561752206643e-21,1.990675523504637e-20,-1.0900691578249974e-22,6.264241998655651e-19,3.9682568426456496e-18,-2.17296809219846e-20,0,70,255.0,255.0,255.0
1843,92.15,73.124,-0.236,-46.868,2.6405211380559828e-20,1.672710932382538e-19,-9.159557023822808e-22,3.0408600834805474e-19,1.9263166774829824e-18,-1.0548270542008486e-20,0,70,255.0,255.0,255.0
1844,92.2,73.124,-0.236,-46.868,3.3551057010024405e-20,2.125384229833336e-19,-1.1638339699832874e-21,-1.8252183169455684e-20,-1.1562348767968562e-19,6.331398379676336e-22,0,70,255.0,255.0,255.0
1845,92.25,73.124,-0.236,-46.868,2.4579993063614407e-20,1.5570874447028567e-19,-8.526417185855215e-22,-3.405903746869659e-19,-2.157563652842354e-18,1.1814550217943744e-20,0,70,255.0,255.0,255.0
1846,92.30000000000001,73.124,-0.236,-46.868,9.709730781933981e-21,6.15089672843507e-20,-3.368154547271276e-22,-2.542201165801159e-19,-1.6104274345941884e-18,8.81850033638732e-21,0,70,255.0,255.0,255.0
1847,92.35000000000001,73.124,-0.236,-46.868,-8.420185944005778e-22,-5.333998989154684e-21,2.9208315053328186e-23,-1.6784985847329044e-19,-1.0632912163461784e-18,5.822450454831746e-21,0,70,255.0,255.0,255.0
1848,92.4,73.124,-0.236,-46.868,-7.075255065394108e-21,-4.482015435026109e-20,2.45429590756014e-22,-8.147960036646497e-20,-5.161549980981683e-19,2.826400573276174e-21,0,70,255.0,255.0,255.0
1849,92.45,73.124,-0.236,-46.868,-8.989978631046608e-21,-5.694949879896858e-20,3.1184837238092948e-22,4.8906577403605264e-21,3.09812201498419e-20,-1.6964930827939985e-22,0,70,255.0,255.0,255.0
1850,92.5,73.124,-0.236,-46.868,-6.586189291358078e-21,-4.172203233527708e-20,2.2846465992807504e-22,9.1260915847186e-20,5.781174383978519e-19,-3.1656991898349703e-21,0,70,255.0,255.0,255.0
1851,92.55000000000001,73.124,-0.236,-46.868,-2.601714521742824e-21,-1.648127811111411e-20,9.02494290924552e-23,6.81180749373879e-20,4.315127305684374e-19,-2.3629100435885658e-21,0,70,255.0,255.0,255.0
1852,92.60000000000001,73.124,-0.236,-46.868,2.256182023816228e-22,1.4292407215724209e-21,-7.82634443081308e-24,4.4975234027596394e-20,2.8490802273906463e-19,-1.5601208973423894e-21,0,70,255.0,255.0,255.0
1853,92.65,73.124,-0.236,-46.868,1.8958088810165614e-21,1.2009524162790729e-20,-6.576266064177489e-23,2.1832393117804884e-20,1.3830331490969185e-19,-7.57331751096213e-22,0,70,255.0,255.0,255.0
1854,92.7,73.124,-0.236,-46.868,2.408857514161988e-21,1.5259572212540823e-20,-8.355951954043007e-23,-1.3104477919866386e-21,-8.30139291968092e-21,4.5457395149963546e-23,0,70,255.0,255.0,255.0
1855,92.75,73.124,-0.236,-46.868,1.7647641018179053e-21,1.1179384870822683e-20,-6.121692112677878e-23,-2.4453288701778137e-20,-1.5490610074905374e-19,8.482465413961397e-22,0,70,255.0,255.0,255.0
1856,92.80000000000001,73.124,-0.236,-46.868,6.971273050373144e-22,4.416145160105766e-21,-2.4182261642693236e-23,-1.825218316943579e-20,-1.1562348767956145e-19,6.331398379669452e-22,0,70,255.0,255.0,255.0
1857,92.85000000000001,73.124,-0.236,-46.868,-6.045421512591724e-23,-3.8296389713500546e-22,2.0970626699241897e-24,-1.2051077637095206e-20,-7.634087461008031e-20,4.1803313453781186e-22,0,70,255.0,255.0,255.0
1858,92.9,73.124,-0.236,-46.868,-5.079804586721378e-22,-3.2179423009018314e-21,1.7621051811085567e-23,-5.849972104754622e-21,-3.7058261540599176e-20,2.0292643110867848e-22,0,70,255.0,255.0,255.0
1859,92.95,73.124,-0.236,-46.868,-6.454514256013457e-22,-4.08879005119471e-21,2.2389705780790894e-23,3.511334275859649e-22,2.2243515288819712e-21,-1.2180272320454898e-23,0,70,255.0,255.0,255.0
1860,93.0,73.124,-0.236,-46.868,-4.728671159135434e-22,-2.995507148013649e-21,1.640302457904011e-23,6.55223895992655e-21,4.150696459836308e-20,-2.2728697574958856e-22,0,70,255.0,255.0,255.0
1861,93.05000000000001,73.124,-0.236,-46.868,-1.867946984064333e-22,-1.183302529308951e-21,6.479617478317769e-24,4.890657740355251e-21,3.098122014980835e-20,-1.6964930827921488e-22,0,70,255.0,255.0,255.0
1862,93.10000000000001,73.124,-0.236,-46.868,1.6198658122047008e-23,1.0261486696760021e-22,-5.619062488836409e-25,3.2290765207844235e-21,2.045547570125662e-20,-1.1201164080885756e-22,0,70,255.0,255.0,255.0
1863,93.15,73.124,-0.236,-46.868,1.3611295367199066e-22,8.622450408165946e-22,-4.721546602567349e-24,1.5674953012135966e-21,9.929731252704882e-21,-5.437397333850024e-23,0,70,255.0,255.0,255.0
1864,93.2,73.124,-0.236,-46.868,1.729481882433977e-22,1.0955879922380318e-21,-5.9993035827333544e-24,-9.408591835723071e-23,-5.960131958468508e-22,3.2636941318570782e-24,0,70,255.0,255.0,255.0
1865,93.25,73.124,-0.236,-46.868,1.2670436183626801e-22,8.026437212319129e-22,-4.395177189381653e-24,-1.755667137928058e-21,-1.1121757644398588e-20,6.090136160221441e-23,0,70,255.0,255.0,255.0
1866,93.30000000000001,73.124,-0.236,-46.868,5.005148858841893e-23,3.170649571300384e-22,-1.736208270577834e-24,-1.3104477919852085e-21,-8.301392919671976e-21,4.545739514991419e-23,0,70,255.0,255.0,255.0
1867,93.35000000000001,73.124,-0.236,-46.868,-4.340417362270329e-24,-2.749557073539558e-23,1.5056232561037262e-25,-8.652284460424853e-22,-5.481028194946165e-21,3.0013428697618357e-23,0,70,255.0,255.0,255.0
1868,93.4,73.124,-0.236,-46.868,-3.64713560158247e-23,-2.3103786236454687e-22,1.2651345991838309e-24,-4.2000910009976237e-22,-2.6606634702203537e-21,1.4569462245322527e-23,0,70,255.0,255.0,255.0
1869,93.45,73.124,-0.236,-46.868,-4.6341327372244194e-23,-2.935619177574159e-22,1.6075085501425412e-24,2.521024584296058e-23,1.5970125450545597e-22,-8.745042069732977e-25,0,70,255.0,255.0,255.0
1870,93.5,73.124,-0.236,-46.868,-3.395033143152878e-23,-2.1506773691400223e-22,1.1776841784865055e-24,4.704295917856837e-22,2.980065979231267e-21,-1.6318470659269134e-23,0,70,255.0,255.0,255.0
1871,93.55000000000001,73.124,-0.236,-46.868,-1.3411255947242404e-23,-8.495729921120232e-23,4.652156039935667e-25,3.511334275855845e-22,2.2243515288795457e-21,-1.2180272320441939e-23,0,70,255.0,255.0,255.0
1872,93.60000000000001,73.124,-0.236,-46.868,1.163011327034364e-24,7.367415973982029e-24,-4.034305355785098e-26,2.3183726338551927e-22,1.468637078528039e-21,-8.042073981615921e-24,0,70,255.0,255.0,255.0
1873,93.65,73.124,-0.236,-46.868,9.7724703913082e-24,6.190640864159321e-23,-3.389917941679796e-25,1.1254109918545394e-22,7.129226281765324e-22,-3.903875642789904e-24,0,70,255.0,255.0,255.0
1874,93.7,73.124,-0.236,-46.868,1.2417121245579124e-23,7.865967879163124e-23,-4.307306178368187e-25,-6.755065014611333e-24,-4.279182217497422e-23,2.3432269603611554e-25,0,70,255.0,255.0,255.0
1875,93.75,73.124,-0.236,-46.868,9.096963889847097e-24,5.762722642409605e-23,-3.1555952456436935e-25,-1.2605122921467666e-22,-7.985062725264809e-22,4.3725210348621355e-24,0,70,255.0,255.0,255.0
1876,93.80000000000001,73.124,-0.236,-46.868,3.593535200550692e-24,2.2764239714770915e-23,-1.2465414539643315e-25,-9.408591835712948e-23,-5.960131958462074e-22,3.2636941318535752e-24,0,70,255.0,255.0,255.0
1877,93.85000000000001,73.124,-0.236,-46.868,-3.116279458671055e-25,-1.9740931605326374e-24,1.0809888621031735e-26,-6.212060749959136e-23,-3.935201191659913e-22,2.1548672288453294e-24,0,70,255.0,255.0,255.0
1878,93.9,73.124,-0.236,-46.868,-2.618525549408091e-24,-1.6587772201825964e-23,9.083257748808756e-26,-3.0155296642053263e-23,-1.9102704248577534e-22,1.0460403258370843e-24,0,70,255.0,255.0,255.0
1879,93.95,73.124,-0.236,-46.868,-3.3271576100722586e-24,-2.1076797409109088e-23,1.1541392120473424e-25,1.8100142154848432e-24,1.146603419444072e-23,-6.278657717116151e-26,0,70,255.0,255.0,255.0
1880,94.0,73.124,-0.236,-46.868,-2.437524127859614e-24,-1.5441168782381987e-23,8.455391977097178e-26,3.3775325073022944e-23,2.139591108746565e-22,-1.1716134801794059e-24,0,70,255.0,255.0,255.0
1881,94.05000000000001,73.124,-0.236,-46.868,-9.628848549603708e-25,-6.0996596478813556e-24,3.340097759216603e-26,2.521024584293338e-23,1.5970125450528383e-22,-8.745042069723593e-25,0,70,255.0,255.0,255.0
1882,94.10000000000001,73.124,-0.236,-46.868,8.350045643405995e-26,5.289566681485258e-25,-2.896500926275824e-27,1.6645166612846247e-23,1.0544339813592656e-22,-5.773949337653972e-25,0,70,255.0,255.0,255.0
1883,94.15,73.124,-0.236,-46.868,7.016318063241592e-25,4.4446801657107e-24,-2.4338515784370408e-26,8.080087382759116e-24,5.1185541766569314e-23,-2.8028566055843503e-25,0,70,255.0,255.0,255.0
1884,94.2,73.124,-0.236,-46.868,8.915091947099263e-25,5.647510844805167e-24,-3.0925066982117757e-26,-4.849918473280169e-25,-3.0723146027879544e-24,1.682361264852702e-26,0,70,255.0,255.0,255.0
1885,94.25,73.124,-0.236,-46.868,6.531326215913603e-25,4.137448705431916e-24,-2.2656154519517828e-26,-9.050071077415147e-24,-5.733017097214525e-23,3.13932885855489e-25,0,70,255.0,255.0,255.0
1886,94.30000000000001,73.124,-0.236,-46.868,2.580042192907901e-25,1.6343988767545158e-24,-8.949764972230912e-27,-6.755065014604067e-24,-4.2791822174927986e-23,2.343226960358631e-25,0,70,255.0,255.0,255.0
1887,94.35000000000001,73.124,-0.236,-46.868,-2.2373879869136623e-26,-1.4173351206145452e-25,7.761150840716059e-28,-4.460058951793637e-24,-2.8253473377714864e-23,1.5471250621625975e-25,0,70,255.0,255.0,255.0
1888,94.4,73.124,-0.236,-46.868,-1.880016758885483e-25,-1.1909484610168097e-24,6.521485649394183e-27,-2.1650528889832085e-24,-1.3715124580501736e-23,7.510231639665647e-26,0,70,255.0,255.0,255.0
1889,94.45,73.124,-0.236,-46.868,-2.388791687674448e-25,-1.5132459701115495e-24,8.286346723736825e-27,1.2995317382722125e-25,8.232242167113918e-25,-4.507873422946841e-27,0,70,255.0,255.0,255.0
1890,94.5,73.124,-0.236,-46.868,-1.7500635850582705e-25,-1.108626039345676e-24,6.070698307099532e-27,2.4249592366376495e-24,1.536157301392451e-23,-8.411806324255008e-26,0,70,255.0,255.0,255.0
1891,94.55000000000001,73.124,-0.236,-46.868,-6.91320222027895e-26,-4.379358591367066e-25,2.398082296757622e-27,1.8100142154828897e-24,1.1466034194428162e-23,-6.278657717109293e-26,0,70,255.0,255.0,255.0
1892,94.60000000000001,73.124,-0.236,-46.868,5.995063042486104e-27,3.7977380097293406e-26,-2.079594100105994e-28,1.1950691943283047e-24,7.570495374932922e-24,-4.145509109964185e-26,0,70,255.0,255.0,255.0
1893,94.65,73.124,-0.236,-46.868,5.0374897230034195e-26,3.1911367835654244e-25,-1.747426813206328e-27,5.8012417317371975e-25,3.674956555437681e-24,-2.0123605028190763e-26,0,70,255.0,255.0,255.0
1894,94.7,73.124,-0.236,-46.868,6.40074803598548e-26,4.054730356410407e-25,-2.220319912829563e-27,-3.4820847980865226e-26,-2.205822640575601e-25,1.2078810432603216e-27,0,70,255.0,255.0,255.0
1895,94.75,73.124,-0.236,-46.868,4.6892812431947894e-26,2.970554519507879e-25,-1.6266387088803035e-27,-6.497658691354498e-25,-4.1161210835528e-24,2.2539367114711404e-26,0,70,255.0,255.0,255.0
1896,94.80000000000001,73.124,-0.236,-46.868,1.8523869520367888e-26,1.1734455979231042e-25,-6.425642147995766e-28,-4.849918473274923e-25,-3.0723146027846645e-24,1.6823612648508718e-26,0,70,255.0,255.0,255.0
1897,94.85000000000001,73.124,-0.236,-46.868,-1.6063723008078126e-27,-1.0176008327719609e-26,5.572255597079309e-29,-3.2021782551958167e-25,-2.028508122016826e-24,1.1107858182307657e-26,0,70,255.0,255.0,255.0
1898,94.9,73.124,-0.236,-46.868,-1.3497913031588452e-26,-8.550625240936064e-26,4.6822160343112615e-28,-1.5544380371167097e-25,-9.84701641248987e-25,5.392103716106596e-27,0,70,255.0,255.0,255.0
1899,94.95,73.124,-0.236,-46.868,-1.7150752671974033e-26,-1.0864617245261267e-25,5.949329275814215e-28,9.330218096239648e-27,5.910483951885147e-26,-3.236507500944654e-28,0,70,255.0,255.0,255.0
1900,95.0,73.124,-0.236,-46.868,-1.256489122196455e-26,-7.95957684574758e-26,4.358565284216814e-28,1.7410423990415036e-25,1.1029113202866907e-24,-6.039405216295525e-27,0,70,255.0,255.0,255.0
1901,95.05000000000001,73.124,-0.236,-46.868,-4.963455878682063e-27,-3.144238003253516e-26,1.72174562440685e-28,1.2995317382707994e-25,8.232242167104966e-25,-4.507873422941933e-27,0,70,255.0,255.0,255.0
1902,95.10000000000001,73.124,-0.236,-46.868,4.304261607451781e-28,2.7266532135848512e-27,-1.493081387257207e-29,8.580210775002207e-26,5.43537113134382e-25,-2.976341629588776e-27,0,70,255.0,255.0,255.0
1903,95.15,73.124,-0.236,-46.868,3.616754896319656e-27,2.2911331280899948e-26,-1.254596005181757e-28,4.165104167296419e-26,2.638500095582673e-25,-1.444809836235619e-27,0,70,255.0,255.0,255.0
1904,95.2,73.124,-0.236,-46.868,4.595530328041358e-27,2.911165416941009e-26,-1.5941179749612565e-28,-2.5000244040936665e-27,-1.583709401784744e-26,8.672195711753862e-29,0,70,255.0,255.0,255.0
1905,95.25,73.124,-0.236,-46.868,3.366752455910303e-27,2.132762187911527e-26,-1.167874048064222e-28,-4.665109048115153e-26,-2.955241975939621e-25,1.6182537504706955e-27,0,70,255.0,255.0,255.0
1906,95.30000000000001,73.124,-0.236,-46.868,1.3299539943603675e-27,8.424960337830256e-27,-4.6134034963163463e-29,-3.482084798082738e-26,-2.205822640573211e-25,1.2078810432590115e-27,0,70,255.0,255.0,255.0
1907,95.35000000000001,73.124,-0.236,-46.868,-1.1533234217289953e-28,-7.306045266197858e-28,4.000699519495089e-30,-2.2990605480506587e-26,-1.456403305207014e-25,7.97508336047444e-28,0,70,255.0,255.0,255.0
1908,95.4,73.124,-0.236,-46.868,-9.691065536901606e-28,-6.1390727142390576e-27,3.3616798641576426e-29,-1.1160362980185796e-26,-7.069839698408173e-26,3.8713562883587658e-28,0,70,255.0,255.0,255.0
1909,95.45,73.124,-0.236,-46.868,-1.2313686401914153e-27,-7.800444225027557e-27,4.271426240308054e-29,6.698795201349947e-28,4.2435365525379725e-27,-2.3237078375690873e-29,0,70,255.0,255.0,255.0
1910,95.5,73.124,-0.236,-46.868,-9.021186016766649e-28,-5.71471905898528e-27,3.1293090804007447e-29,1.250012202045579e-26,7.918547008915768e-26,-4.336097855872585e-28,0,70,255.0,255.0,255.0
1911,95.55000000000001,73.124,-0.236,-46.868,-3.5636009875940636e-28,-2.257461318785856e-27,1.2361577411968826e-29,9.330218096229587e-27,5.910483951878785e-26,-3.2365075009411416e-28,0,70,255.0,255.0,255.0
1912,95.60000000000001,73.124,-0.236,-46.868,3.0903207946418286e-29,1.9576489289429433e-28,-1.0719842054082916e-30,6.160314172004284e-27,3.902420894842374e-26,-2.1369171460100108e-28,0,70,255.0,255.0,255.0
1913,95.65,73.124,-0.236,-46.868,2.5967131844098685e-28,1.6449595760562954e-27,-9.00759404813007e-30,2.9904102477789813e-27,1.8943578378059624e-26,-1.0373267910788804e-28,0,70,255.0,255.0,255.0
1914,95.7,73.124,-0.236,-46.868,3.2994423272429947e-28,2.0901227307001487e-27,-1.1445252116196492e-29,-1.7949367644632072e-28,-1.137052192304495e-27,6.226356385225049e-30,0,70,255.0,255.0,255.0
1915,95.75,73.124,-0.236,-46.868,2.4172195079635597e-28,1.531254356825851e-27,-8.384958409607586e-30,-3.349397600671623e-27,-2.121768276266862e-26,1.1618539187833813e-28,0,70,255.0,255.0,255.0
1916,95.80000000000001,73.124,-0.236,-46.868,9.548640067725804e-29,6.048849373131673e-28,-3.312274684711855e-30,-2.500024404090965e-27,-1.583709401783031e-26,8.672195711744496e-29,0,70,255.0,255.0,255.0
1917,95.85000000000001,73.124,-0.236,-46.868,-8.2804896127739e-30,-5.245504495739157e-29,2.872373021380689e-31,-1.6506512075105485e-27,-1.045650527299353e-26,5.725852235656016e-29,0,70,255.0,255.0,255.0
1918,95.9,73.124,-0.236,-46.868,-6.957872007378739e-29,-4.407655899861263e-28,2.413577550943835e-30,-8.012780109301318e-28,-5.075916528156749e-27,2.7795087595675366e-29,0,70,255.0,255.0,255.0
1919,95.95,73.124,-0.236,-46.868,-8.840829070578247e-29,-5.600466977730369e-28,3.0667460617054467e-30,4.8095185650284635e-29,3.0467221668003015e-28,-1.6683471652094357e-30,0,70,255.0,255.0,255.0
1920,96.0,73.124,-0.236,-46.868,-6.476920150875915e-29,-4.102983683181249e-28,2.2467428344229042e-30,8.97468382230701e-28,5.685260961516808e-27,-3.113178192609424e-29,0,70,255.0,255.0,255.0
1921,96.05000000000001,73.124,-0.236,-46.868,-2.55855039496259e-29,-1.6207843046681343e-28,8.875213268785933e-31,6.698795201342725e-28,4.243536552533395e-27,-2.323707837566584e-29,0,70,255.0,255.0,255.0
1922,96.10000000000001,73.124,-0.236,-46.868,2.2187505046770502e-30,1.405528693527125e-29,-7.69650031439904e-32,4.422906580379088e-28,2.801812143550392e-27,-1.5342374825239687e-29,0,70,255.0,255.0,255.0
1923,96.15,73.124,-0.236,-46.868,1.8643561854162464e-29,1.1810278388820982e-28,-6.467161556452882e-31,2.1470179594154503e-28,1.3600877345673891e-27,-7.447671274813535e-30,0,70,255.0,255.0,255.0
1924,96.2,73.124,-0.236,-46.868,2.368893009883035e-29,1.5006406039200245e-28,-8.217321306253008e-31,-1.2887066154818717e-29,-8.163667441561348e-29,4.4703227561261535e-31,0,70,255.0,255.0,255.0
1925,96.25,73.124,-0.236,-46.868,1.7354855238680668e-29,1.0993911644664892e-28,-6.020129280840288e-31,-2.4047592825118247e-28,-1.5233610833986165e-27,8.341735826038771e-30,0,70,255.0,255.0,255.0
1926,96.30000000000001,73.124,-0.236,-46.868,6.855615121245561e-30,4.342878455408655e-29,-2.378106228025175e-31,-1.7949367644612633e-28,-1.1370521923032734e-27,6.226356385218366e-30,0,70,255.0,255.0,255.0
1927,96.35000000000001,73.124,-0.236,-46.868,-5.945124059343633e-31,-3.766102783693612e-30,2.0622710437890968e-32,-1.1851142464108755e-28,-7.507433012080403e-28,4.110976944398562e-30,0,70,255.0,255.0,255.0
1928,96.4,73.124,-0.236,-46.868,-4.9955273428625184e-30,-3.1645545566713225e-29,1.7328707163731537e-31,-5.752917283604875e-29,-3.6443441011280715e-28,1.995597503578758e-30,0,70,255.0,255.0,255.0
1929,96.45,73.124,-0.236,-46.868,-6.347429689538912e-30,-4.020954379497224e-29,2.201824607957555e-31,3.453078968990053e-30,2.1874480982425908e-29,-1.197819372410453e-31,0,70,255.0,255.0,255.0
1930,96.5,73.124,-0.236,-46.868,-4.65021944596353e-30,-2.9458097468470775e-29,1.6130887791321125e-31,6.443533077402886e-29,4.08183372077659e-28,-2.2351613780608497e-30,0,70,255.0,255.0,255.0
1931,96.55000000000001,73.124,-0.236,-46.868,-1.8369565353563496e-30,-1.1636707749532755e-29,6.372116433147719e-32,4.8095185650232765e-29,3.0467221667969976e-28,-1.668347165207625e-30,0,70,255.0,255.0,255.0
1932,96.60000000000001,73.124,-0.236,-46.868,1.5929911906038921e-31,1.0091241995032736e-30,-5.525838607573547e-33,3.175504052644132e-29,2.0116106128177e-28,-1.1015329523545614e-30,0,70,255.0,255.0,255.0
1933,96.65,73.124,-0.236,-46.868,1.3385475172876028e-30,8.479398378643099e-30,-4.6432130903972696e-32,1.5414895402649876e-29,9.764990588384022e-29,-5.347187395014978e-31,0,70,255.0,255.0,255.0
1934,96.7,73.124,-0.236,-46.868,1.700788659325288e-30,1.0774114787886734e-29,-5.899771255772027e-32,-9.252497211415626e-31,-5.8612495140895285e-30,3.2095473351565864e-32,0,70,255.0,255.0,255.0
1935,96.75,73.124,-0.236,-46.868,1.2460225451734523e-30,7.893273427234182e-30,-4.322258356881627e-32,-1.7265394844933e-29,-1.0937240491201928e-28,5.989096862046296e-31,0,70,255.0,255.0,255.0
1936,96.80000000000001,73.124,-0.236,-46.868,4.922110201798364e-31,3.1180464440444773e-30,-1.7074034523391202e-32,-1.2887066154804777e-29,-8.163667441552547e-29,4.470322756121354e-31,0,70,255.0,255.0,255.0
1937,96.85000000000001,73.124,-0.236,-46.868,-4.268407030719734e-32,-2.7039401431945575e-31,1.4806439924032398e-33,-8.508737464677797e-30,-5.390094391903954e-29,2.9515486501968434e-31,0,70,255.0,255.0,255.0
1938,96.9,73.124,-0.236,-46.868,-3.5866272628789475e-31,-2.2720479478591697e-30,1.2441451978575555e-32,-4.1304087745508164e-30,-2.6165213422553624e-29,1.4327745442723327e-31,0,70,255.0,255.0,255.0
1939,96.95,73.124,-0.236,-46.868,-4.557249477622557e-31,-2.886915356574669e-30,1.580838943512574e-32,2.479199155761637e-31,1.5705170739322954e-30,-8.599956165217713e-33,0,70,255.0,255.0,255.0
1940,97.0,73.124,-0.236,-46.868,-3.3387073473027963e-31,-2.114996240465952e-30,1.1581456362053842e-32,4.626248605703144e-30,2.9306247570418215e-29,-1.6047736675766867e-31,0,70,255.0,255.0,255.0
1941,97.05000000000001,73.124,-0.236,-46.868,-1.3188754536299679e-31,-8.354780266451515e-31,4.574973762087615e-33,3.4530789689863326e-30,2.1874480982402165e-29,-1.1978193724091665e-31,0,70,255.0,255.0,255.0
1942,97.10000000000001,73.124,-0.236,-46.868,1.1437162168399751e-32,7.24518577745565e-32,-3.967373620394224e-34,2.2799093322698552e-30,1.4442714394388227e-29,-7.90865077241762e-32,0,70,255.0,255.0,255.0
1943,97.15,73.124,-0.236,-46.868,9.610338786397573e-32,6.087934127935891e-31,-3.333677010329555e-33,1.1067396955533778e-30,7.01094780637429e-30,-3.839107820743576e-32,0,70,255.0,255.0,255.0
1944,97.2,73.124,-0.236,-46.868,1.2211113172373118e-31,7.735466384119461e-31,-4.235845182782781e-33,-6.64299411630999e-32,-4.208187816396475e-31,2.304351309304702e-33,0,70,255.0,255.0,255.0
1945,97.25,73.124,-0.236,-46.868,8.946039374766623e-32,5.66711534629627e-31,-3.1032418793990986e-33,-1.2395995778795771e-30,-7.852585369653586e-30,4.2999780826045156e-32,0,70,255.0,255.0,255.0
1946,97.30000000000001,73.124,-0.236,-46.868,3.533916127215056e-32,2.2386566253612963e-31,-1.2258605249592614e-33,-9.252497211405573e-31,-5.861249514083192e-30,3.209547335153126e-32,0,70,255.0,255.0,255.0
1947,97.35000000000001,73.124,-0.236,-46.868,-3.0645783664018503e-33,-1.941341677877042e-32,1.063054557544558e-34,-6.108998644016268e-31,-3.869913658513363e-30,2.119116587702046e-32,0,70,255.0,255.0,255.0
1948,97.4,73.124,-0.236,-46.868,-2.575082516800863e-32,-1.6312570331518474e-31,8.932560627426642e-34,-2.965500076626963e-31,-1.8785778029435345e-30,1.028685840250966e-32,0,70,255.0,255.0,255.0
1949,97.45,73.124,-0.236,-46.868,-3.271957913266979e-32,-2.072711970731131e-31,1.1349912960053626e-33,1.7799849076234149e-32,1.1275805262629448e-31,-6.174490720011395e-34,0,70,255.0,255.0,255.0
1950,97.5,73.124,-0.236,-46.868,-2.3970840260385325e-32,-1.5184989805255578e-31,8.315111555425531e-34,3.3214970581516467e-31,2.1040939081961235e-30,-1.1521756546511941e-32,0,70,255.0,255.0,255.0
1951,97.55000000000001,73.124,-0.236,-46.868,-9.469099725605504e-33,-5.998462349936692e-32,3.2846833774943105e-34,2.479199155758963e-31,1.5705170739305956e-30,-8.599956165208367e-33,0,70,255.0,255.0,255.0
1952,97.60000000000001,73.124,-0.236,-46.868,8.211512972076162e-34,5.201809340524743e-33,-2.848446097839842e-35,1.6369012533665184e-31,1.0369402396652196e-30,-5.678155783905623e-33,0,70,255.0,255.0,255.0
1953,97.65,73.124,-0.236,-46.868,6.89991280805875e-33,4.3709400467149134e-32,-2.3934724064109904e-34,7.946033509740741e-32,5.033634053998436e-31,-2.756355402602879e-33,0,70,255.0,255.0,255.0
1954,97.7,73.124,-0.236,-46.868,8.767184806947897e-33,5.55381498805062e-32,-3.041200012386709e-34,-4.7694551418370456e-33,-3.0213428865532565e-32,1.6544497869986428e-34,0,70,255.0,255.0,255.0
1955,97.75,73.124,-0.236,-46.868,6.422967293875069e-33,4.0688057580596105e-32,-2.228027427711136e-34,-8.899924538108147e-32,-5.637902631309086e-31,3.087245360002608e-33,0,70,255.0,255.0,255.0
1956,97.80000000000001,73.124,-0.236,-46.868,2.537237630271454e-33,1.6072831461337986e-32,-8.801282603846249e-35,-6.642994116302779e-32,-4.208187816391922e-31,2.30435130930221e-33,0,70,255.0,255.0,255.0
1957,97.85000000000001,73.124,-0.236,-46.868,-2.2002682242859745e-34,-1.3938205833287402e-33,7.632388159138196e-36,-4.3860636944980524e-32,-2.778473001475165e-31,1.5214572586020349e-33,0,70,255.0,255.0,255.0
1958,97.9,73.124,-0.236,-46.868,-1.8488260642263496e-33,-1.1711898553412083e-32,6.413289982173234e-35,-2.1291332726933262e-32,-1.348758186558408e-31,7.385632079018597e-34,0,70,255.0,255.0,255.0
1959,97.95,73.124,-0.236,-46.868,-2.349160095121801e-33,-1.4881402448912052e-32,8.148870894931994e-35,1.277971491114001e-33,8.0956628358349e-33,-4.433084279831552e-35,0,70,255.0,255.0,255.0
1960,98.0,73.124,-0.236,-46.868,-1.7210289151149545e-33,-1.0902332269828642e-32,5.969981554190118e-35,2.384727570916128e-32,1.5106714432751056e-31,-8.272248934984894e-34,0,70,255.0,255.0,255.0
1961,98.05000000000001,73.124,-0.236,-46.868,-6.798507954803127e-34,-4.306702345985053e-33,2.358296640441889e-35,1.779984907621492e-32,1.12758052626173e-31,-6.174490720004736e-34,0,70,255.0,255.0,255.0
1962,98.10000000000001,73.124,-0.236,-46.868,5.895599250677501e-35,3.734729927901618e-34,-2.0450916581544314e-36,1.1752422443270277e-32,7.444896092484632e-32,-4.0767325050251756e-34,0,70,255.0,255.0,255.0
1963,98.15,73.124,-0.236,-46.868,4.95391448846648e-34,3.138193746499155e-33,-1.7184358645830543e-35,5.7049958103256344e-33,3.6139869223519637e-32,-1.978974290045614e-34,0,70,255.0,255.0,255.0
1964,98.2,73.124,-0.236,-46.868,6.2945557353930614e-34,3.9874599151419205e-33,-2.183483455860947e-35,-3.4243082261900788e-34,-2.1692224778070378e-33,1.1878392493394727e-35,0,70,255.0,255.0,255.0
1965,98.25,73.124,-0.236,-46.868,4.6114836658474884e-34,2.921271498718464e-33,-1.5996519396491172e-35,-6.389857455563656e-33,-4.047831417913371e-32,2.2165421399135066e-34,0,70,255.0,255.0,255.0
1966,98.30000000000001,73.124,-0.236,-46.868,1.821655516497968e-34,1.1539779226022248e-33,-6.319039579213078e-36,-4.769455141831888e-33,-3.0213428865499777e-32,1.654449786996851e-34,0,70,255.0,255.0,255.0
1967,98.35000000000001,73.124,-0.236,-46.868,-1.5797147598503697e-35,-1.0007138783191718e-34,5.4797847347954805e-37,-3.149052828100582e-33,-1.9948543551868758e-32,1.0923574340803553e-34,0,70,255.0,255.0,255.0
1968,98.4,73.124,-0.236,-46.868,-1.3273973116024337e-34,-8.408764325845374e-34,4.604534761589853e-36,-1.5286505143692748e-33,-9.68365823823774e-33,5.302650811638594e-35,0,70,255.0,255.0,255.0
1969,98.45,73.124,-0.236,-46.868,-1.6866219903542233e-34,-1.068437211655635e-33,5.850629285117839e-36,9.175179936203182e-35,5.81227075393278e-34,-3.182727175263644e-36,0,70,255.0,255.0,255.0
1970,98.5,73.124,-0.236,-46.868,-1.2356455122404077e-34,-7.827537250452139e-34,4.2862620440635116e-36,1.7121541130933384e-33,1.084611238902429e-32,-5.939196246691319e-35,0,70,255.0,255.0,255.0
1971,98.55000000000001,73.124,-0.236,-46.868,-4.881141111887451e-35,-3.0920934442384603e-34,1.6931919124334244e-36,1.2779714911126323e-33,8.095662835826117e-33,-4.4330842798266706e-35,0,70,255.0,255.0,255.0
1972,98.60000000000001,73.124,-0.236,-46.868,4.232597887239539e-36,2.681255853750595e-35,-1.4682223576375081e-37,8.437888691320496e-34,5.345213282628726e-33,-2.9269723129624505e-35,0,70,255.0,255.0,255.0
1973,98.65,73.124,-0.236,-46.868,3.5567475794325645e-35,2.2531198383899602e-34,-1.2337804005288593e-36,4.09606247151467e-34,2.594763729431335e-33,-1.4208603460982304e-35,0,70,255.0,255.0,255.0
1974,98.7,73.124,-0.236,-46.868,4.5193222602383916e-35,2.862889314806246e-34,-1.5676825818619004e-36,-2.457637482911564e-35,-1.5568582376605515e-34,8.525162076598908e-37,0,70,255.0,255.0,255.0
1975,98.75,73.124,-0.236,-46.868,3.310983831141424e-35,2.0974340146239158e-34,-1.1485287797628746e-36,-4.587589968096983e-34,-2.9061353769634463e-33,1.5913635876302097e-35,0,70,255.0,255.0,255.0
1976,98.80000000000001,73.124,-0.236,-46.868,1.3080092825701197e-35,8.285945509315931e-35,-4.537280705206213e-37,-3.4243082261864118e-34,-2.1692224778046906e-33,1.1878392493381719e-35,0,70,255.0,255.0,255.0
1977,98.85000000000001,73.124,-0.236,-46.868,-1.1332439504544528e-36,-7.178846318106428e-36,3.931046957545603e-38,-2.2610264842761713e-34,-1.4323095786461443e-33,7.843149110462487e-36,0,70,255.0,255.0,255.0
1978,98.9,73.124,-0.236,-46.868,-9.530172017059225e-36,-6.037150277144696e-35,3.305868405255827e-37,-1.0977447423659313e-34,-6.953966794875979e-34,3.807905727543256e-36,0,70,255.0,255.0,255.0
1979,98.95,73.124,-0.236,-46.868,-1.2110691374113138e-35,-7.671851426686231e-35,4.201010423297594e-37,6.553699954430918e-36,4.151621967094838e-35,-2.273376553759757e-37,0,70,255.0,255.0,255.0
1980,99.0,73.124,-0.236,-46.868,-8.874802021616188e-36,-5.621988080435237e-35,3.07853074987987e-37,1.2288187414545492e-34,7.784291188294944e-34,-4.262581038295205e-36,0,70,255.0,255.0,255.0
1981,99.05000000000001,73.124,-0.236,-46.868,-3.5089601839302795e-36,-2.2228475948791173e-35,1.2172036964906023e-37,9.17517993619326e-35,5.812270753926443e-34,-3.1827271752601745e-36,0,70,255.0,255.0,255.0
1982,99.10000000000001,73.124,-0.236,-46.868,3.00377914578296e-37,1.9028267349198167e-36,-1.0419642538072898e-38,6.062172457841913e-35,3.840250319558503e-34,-2.1028733122254503e-36,0,70,255.0,255.0,255.0
1983,99.15,73.124,-0.236,-46.868,2.553212273911288e-36,1.6174027246791656e-35,-8.856696157347284e-38,2.9491649794905656e-35,1.868229885190562e-34,-1.023019449190726e-36,0,70,255.0,255.0,255.0
1984,99.2,73.124,-0.236,-46.868,3.2495428940686976e-36,2.058512558682438e-35,-1.1272158745713958e-37,-1.638424988607815e-36,-1.0379054917737865e-35,5.683441384399793e-38,0,70,255.0,255.0,255.0
1985,99.25,73.124,-0.236,-46.868,2.3893697750505116e-36,1.5136121755017947e-35,-8.288352018907341e-38,-3.27684997721213e-35,-2.0758109835453185e-34,1.1366882768787212e-36,0,70,255.0,255.0,255.0
1986,99.30000000000001,73.124,-0.236,-46.868,9.557479100199254e-37,6.054448702005408e-36,-3.315340807561967e-38,-2.457637482908911e-35,-1.5568582376588709e-34,8.525162076589763e-37,0,70,255.0,255.0,255.0
1987,99.35000000000001,73.124,-0.236,-46.868,-6.826770785872594e-38,-4.324606215728273e-37,2.3681005768355268e-39,-1.6384249886059256e-35,-1.0379054917725707e-34,5.6834413843931216e-37,0,70,255.0,255.0,255.0
1988,99.4,73.124,-0.236,-46.868,-6.826770785859067e-37,-4.324606215719707e-36,2.3681005768308317e-38,-8.192124943029394e-36,-5.189527458862706e-35,2.8417206921964806e-37,0,70,255.0,255.0,255.0
1989,99.45,73.124,-0.236,-46.868,-8.874802021616183e-37,-5.621988080435234e-36,3.0785307498798694e-38,4.6506105955604204e-49,2.950732239941784e-48,-1.6203636054933936e-50,0,70,255.0,255.0,255.0
1990,99.5,73.124,-0.236,-46.868,-6.826770785858605e-37,-4.3246062157194125e-36,2.368100576830669e-38,8.192124943030327e-36,5.189527458863295e-35,-2.8417206921968026e-37,0,70,255.0,255.0,255.0
1991,99.55000000000001,73.124,-0.236,-46.868,-3.140314561494213e-37,-1.9893188592304575e-36,1.0893262653418491e-38,6.553699954423888e-36,4.1516219670904003e-35,-2.2733765537573127e-37,0,70,255.0,255.0,255.0
1992,99.60000000000001,73.124,-0.236,-46.868,-2.730708314339249e-38,-1.7298424862851105e-37,9.472402307308132e-40,4.915274965817917e-36,3.1137164753178005e-35,-1.7050324153179846e-37,0,70,255.0,255.0,255.0
1993,99.65,73.124,-0.236,-46.868,1.7749604043234251e-37,1.1243976160871652e-36,-6.157061499760388e-39,3.276849977211944e-36,2.0758109835452002e-35,-1.1366882768786563e-37,0,70,255.0,255.0,255.0
1994,99.7,73.124,-0.236,-46.868,3.003779145777833e-37,1.9028267349165727e-36,-1.0419642538055102e-38,1.638424988605972e-36,1.0379054917725998e-35,-5.683441384393283e-38,0,70,255.0,255.0,255.0
1995,99.75,73.124,-0.236,-46.868,3.413385392929302e-37,2.1623031078597062e-36,-1.1840502884153344e-38,-6.681911775230489e-52,0.0,0.0,0,70,255.0,255.0,255.0
1996,99.80000000000001,73.124,-0.236,-46.868,3.0037791457775993e-37,1.9028267349164236e-36,-1.0419642538054296e-38,-1.6384249886064378e-36,-1.037905491772895e-35,5.683441384394898e-38,0,70,255.0,255.0,255.0
1997,99.85000000000001,73.124,-0.236,-46.868,1.7749604043229572e-37,1.1243976160868702e-36,-6.157061499758769e-39,-3.276849977212409e-36,-2.075810983545495e-35,1.136688276878818e-37,0,70,255.0,255.0,255.0
1998,99.9,73.124,-0.236,-46.868,-2.730708314346238e-38,-1.7298424862895373e-37,9.472402307332361e-40,-4.9152749658183806e-36,-3.113716475318095e-35,1.7050324153181462e-37,0,70,255.0,255.0,255.0
1999,99.95,73.124,-0.236,-46.868,-3.140314561495144e-37,-1.989318859231048e-36,1.0893262653421724e-38,-6.553699954424351e-36,-4.1516219670906954e-35,2.2733765537574743e-37,0,70,255.0,255.0,255.0
